t,az_cmd,el_cmd,az_act,el_act,rssi,freq_hz,doppler_hz,range_km,range_rate,packets
2026-04-09T14:50:35.377256+00:00,159.27,0.01,159.27,0.01,-95.7,437515521.27580047,10521.3,2537.1,-7209.5,1
2026-04-09T14:50:35.731487+00:00,159.27,0.03,159.27,0.03,-91.7,437515521.27580047,10521.3,2534.1,-7209.5,1
2026-04-09T14:50:36.084709+00:00,159.26,0.05,159.26,0.05,-91.7,437515521.27580047,10521.2,2531.5,-7209.5,1
2026-04-09T14:50:36.440193+00:00,159.26,0.06,159.26,0.06,-94.7,437515521.27580047,10521.2,2529.0,-7209.5,1
2026-04-09T14:50:36.792372+00:00,159.26,0.08,159.26,0.08,-98.7,437515521.27580047,10521.2,2526.5,-7209.4,1
2026-04-09T14:50:37.143028+00:00,159.25,0.10,159.25,0.1,-98.7,437515521.27580047,10521.1,2523.9,-7209.4,1
2026-04-09T14:50:37.515476+00:00,159.25,0.12,159.25,0.12,-94.7,437515521.27580047,10521.1,2521.4,-7209.4,1
2026-04-09T14:50:37.847621+00:00,159.25,0.14,159.25,0.14,-95.7,437515521.27580047,10521.1,2518.7,-7209.4,1
2026-04-09T14:50:38.204379+00:00,159.24,0.16,159.24,0.16,-91.7,437515521.27580047,10521.1,2516.3,-7209.4,1
2026-04-09T14:50:38.556131+00:00,159.24,0.18,159.24,0.18,-90.7,437515521.27580047,10521.0,2513.7,-7209.3,1
2026-04-09T14:50:38.887095+00:00,159.24,0.20,159.24,0.2,-90.7,437515521.27580047,10521.0,2511.2,-7209.3,1
2026-04-09T14:50:39.240593+00:00,159.23,0.21,159.23,0.21,-91.7,437515521.27580047,10520.9,2508.8,-7209.3,1
2026-04-09T14:50:39.592656+00:00,159.23,0.23,159.23,0.23,-91.7,437515521.27580047,10520.9,2506.2,-7209.3,1
2026-04-09T14:50:39.947454+00:00,159.23,0.25,159.23,0.25,-90.7,437515521.27580047,10520.9,2503.7,-7209.2,1
2026-04-09T14:50:40.320127+00:00,159.22,0.27,159.22,0.27,-89.7,437515521.27580047,10520.8,2501.1,-7209.2,1
2026-04-09T14:50:40.675304+00:00,159.22,0.29,159.22,0.29,-93.7,437515521.27580047,10520.8,2498.5,-7209.2,1
2026-04-09T14:50:41.028284+00:00,159.22,0.31,159.22,0.31,-92.7,437515521.27580047,10520.7,2495.9,-7209.1,1
2026-04-09T14:50:41.380181+00:00,159.21,0.33,159.21,0.33,-91.7,437515521.27580047,10520.7,2493.4,-7209.1,1
2026-04-09T14:50:41.760105+00:00,159.21,0.35,159.21,0.35,-97.7,437515521.27580047,10520.6,2490.8,-7209.1,1
2026-04-09T14:50:42.111104+00:00,159.21,0.37,159.21,0.37,-91.7,437515521.27580047,10520.6,2488.1,-7209.0,1
2026-04-09T14:50:42.464514+00:00,159.20,0.39,159.2,0.39,-96.7,437515521.27580047,10520.5,2485.5,-7209.0,1
2026-04-09T14:50:42.844129+00:00,159.20,0.41,159.2,0.41,-91.7,437515521.27580047,10520.4,2483.0,-7208.9,1
2026-04-09T14:50:43.196643+00:00,159.20,0.43,159.2,0.43,-91.7,437515521.27580047,10520.4,2480.3,-7208.9,1
2026-04-09T14:50:43.529385+00:00,159.19,0.45,159.19,0.45,-91.7,437515521.27580047,10520.3,2477.7,-7208.9,1
2026-04-09T14:50:43.879390+00:00,159.19,0.47,159.19,0.47,-87.7,437515521.27580047,10520.3,2475.3,-7208.8,1
2026-04-09T14:50:44.236308+00:00,159.19,0.49,159.19,0.49,-88.7,437515521.27580047,10520.2,2472.8,-7208.8,1
2026-04-09T14:50:44.588116+00:00,159.18,0.51,159.18,0.51,-90.7,437515521.27580047,10520.1,2470.2,-7208.7,1
2026-04-09T14:50:44.960742+00:00,159.18,0.53,159.18,0.53,-89.7,437515521.27580047,10520.1,2467.7,-7208.7,1
2026-04-09T14:50:45.320277+00:00,159.17,0.55,159.17,0.55,-92.7,437515521.27580047,10520.0,2465.0,-7208.6,1
2026-04-09T14:50:45.668142+00:00,159.17,0.57,159.17,0.57,-90.7,437515521.27580047,10519.9,2462.5,-7208.6,1
2026-04-09T14:50:46.044125+00:00,159.17,0.59,159.17,0.59,-89.7,437515521.27580047,10519.8,2459.9,-7208.5,1
2026-04-09T14:50:46.372572+00:00,159.16,0.61,159.16,0.61,-89.7,437515521.27580047,10519.8,2457.2,-7208.5,1
2026-04-09T14:50:46.728423+00:00,159.16,0.63,159.16,0.63,-91.7,437515521.27580047,10519.7,2454.8,-7208.4,1
2026-04-09T14:50:47.084381+00:00,159.16,0.65,159.16,0.65,-96.7,437515521.27580047,10519.6,2452.3,-7208.4,1
2026-04-09T14:50:47.436084+00:00,159.15,0.67,159.15,0.67,-96.7,437515521.27580047,10519.5,2449.7,-7208.3,1
2026-04-09T14:50:47.789237+00:00,159.15,0.69,159.15,0.69,-89.7,437515521.27580047,10519.4,2447.2,-7208.3,1
2026-04-09T14:50:48.142854+00:00,159.15,0.71,159.15,0.71,-94.7,437515521.27580047,10519.3,2444.6,-7208.2,1
2026-04-09T14:50:48.475707+00:00,159.14,0.73,159.14,0.73,-93.7,437515521.27580047,10519.3,2442.1,-7208.1,1
2026-04-09T14:50:48.829493+00:00,159.14,0.75,159.14,0.75,-92.7,437515521.27580047,10519.2,2439.7,-7208.1,1
2026-04-09T14:50:49.183331+00:00,159.14,0.77,159.14,0.77,-97.7,437515521.27580047,10519.1,2437.1,-7208.0,1
2026-04-09T14:50:49.536014+00:00,159.13,0.79,159.13,0.79,-91.7,437515521.27580047,10519.0,2434.6,-7207.9,1
2026-04-09T14:50:49.887755+00:00,159.13,0.81,159.13,0.81,-91.7,437515521.27580047,10518.9,2432.0,-7207.9,1
2026-04-09T14:50:50.244493+00:00,159.13,0.83,159.13,0.83,None,437515521.27580047,10518.8,2429.5,-7207.8,1
2026-04-09T14:50:50.596145+00:00,159.12,0.85,159.12,0.85,-95.7,437515521.27580047,10518.7,2426.9,-7207.7,1
2026-04-09T14:50:50.927311+00:00,159.12,0.87,159.12,0.87,-89.7,437515521.27580047,10518.6,2424.4,-7207.7,1
2026-04-09T14:50:51.303048+00:00,159.11,0.89,159.11,0.89,-95.7,437515521.27580047,10518.5,2422.0,-7207.6,1
2026-04-09T14:50:51.655238+00:00,159.11,0.91,159.11,0.91,-96.7,437515521.27580047,10518.4,2419.3,-7207.5,1
2026-04-09T14:50:52.012204+00:00,159.11,0.93,159.11,0.93,-95.7,437515521.27580047,10518.3,2416.7,-7207.5,1
2026-04-09T14:50:52.384429+00:00,159.10,0.96,159.1,0.96,-95.7,437515521.27580047,10518.2,2414.2,-7207.4,1
2026-04-09T14:50:52.736114+00:00,159.10,0.98,159.1,0.98,-97.7,437515521.27580047,10518.0,2411.5,-7207.3,1
2026-04-09T14:50:53.072345+00:00,159.10,1.00,159.1,1.0,-95.7,437515521.27580047,10517.9,2409.0,-7207.2,1
2026-04-09T14:50:53.444070+00:00,159.09,1.02,159.09,1.02,-97.7,437515521.27580047,10517.8,2406.6,-7207.1,1
2026-04-09T14:50:53.796847+00:00,159.09,1.04,159.09,1.04,-91.7,437515521.27580047,10517.7,2403.9,-7207.1,1
2026-04-09T14:50:54.127913+00:00,159.09,1.06,159.09,1.06,-99.7,437515521.27580047,10517.6,2401.3,-7207.0,1
2026-04-09T14:50:54.503127+00:00,159.08,1.08,159.08,1.08,-91.7,437515521.27580047,10517.5,2398.9,-7206.9,1
2026-04-09T14:50:54.856786+00:00,159.08,1.10,159.08,1.1,-90.7,437515521.27580047,10517.3,2396.2,-7206.8,1
2026-04-09T14:50:55.208548+00:00,159.07,1.13,159.07,1.13,-89.7,437515521.27580047,10517.2,2393.7,-7206.7,1
2026-04-09T14:50:55.584164+00:00,159.07,1.15,159.07,1.15,-93.7,437515521.27580047,10517.1,2391.1,-7206.6,1
2026-04-09T14:50:55.915188+00:00,159.07,1.17,159.07,1.17,-91.7,437515521.27580047,10516.9,2388.4,-7206.5,1
2026-04-09T14:50:56.268330+00:00,159.06,1.19,159.06,1.19,-89.7,437515521.27580047,10516.8,2386.1,-7206.4,1
2026-04-09T14:50:56.643980+00:00,159.06,1.21,159.06,1.21,-89.7,437515521.27580047,10516.7,2383.5,-7206.4,1
2026-04-09T14:50:56.976510+00:00,159.06,1.23,159.06,1.23,-94.7,437515521.27580047,10516.5,2380.8,-7206.3,1
2026-04-09T14:50:57.328168+00:00,159.05,1.25,159.05,1.25,-94.7,437515521.27580047,10516.4,2378.4,-7206.2,1
2026-04-09T14:50:57.684146+00:00,159.05,1.27,159.05,1.27,-93.7,437515521.27580047,10516.2,2375.9,-7206.1,1
2026-04-09T14:50:58.036723+00:00,159.04,1.30,159.04,1.3,-95.7,437515521.27580047,10516.1,2373.3,-7206.0,1
2026-04-09T14:50:58.391407+00:00,159.04,1.32,159.04,1.32,-89.7,437515521.27580047,10516.0,2370.8,-7205.9,1
2026-04-09T14:50:58.766989+00:00,159.04,1.34,159.04,1.34,-94.7,437515521.27580047,10515.8,2368.2,-7205.8,1
2026-04-09T14:50:59.124156+00:00,159.03,1.36,159.03,1.36,-89.7,437515521.27580047,10515.6,2365.5,-7205.7,1
2026-04-09T14:50:59.476607+00:00,159.03,1.39,159.03,1.39,-93.7,437515521.27580047,10515.5,2362.9,-7205.6,1
2026-04-09T14:50:59.832154+00:00,159.02,1.41,159.02,1.41,-95.7,437515521.27580047,10515.3,2360.4,-7205.4,1
2026-04-09T14:51:00.184219+00:00,159.02,1.43,159.02,1.43,-93.7,437515521.27580047,10515.2,2357.8,-7205.3,1
2026-04-09T14:51:00.536167+00:00,159.02,1.45,159.02,1.45,-91.7,437515521.27580047,10515.0,2355.3,-7205.2,1
2026-04-09T14:51:00.917021+00:00,159.01,1.47,159.01,1.47,-89.7,437515521.27580047,10514.9,2352.8,-7205.1,1
2026-04-09T14:51:01.264386+00:00,159.01,1.50,159.01,1.5,-90.7,437515521.27580047,10514.7,2350.1,-7205.0,1
2026-04-09T14:51:01.620349+00:00,159.00,1.52,159.0,1.52,-94.7,437515521.27580047,10514.5,2347.5,-7204.9,1
2026-04-09T14:51:01.972921+00:00,159.00,1.54,159.0,1.54,None,437515521.27580047,10514.4,2345.0,-7204.8,1
2026-04-09T14:51:02.303341+00:00,159.00,1.56,159.0,1.56,-97.7,437515521.27580047,10514.2,2342.4,-7204.7,1
2026-04-09T14:51:02.656437+00:00,158.99,1.58,158.99,1.58,-95.7,437515521.27580047,10514.0,2340.0,-7204.5,1
2026-04-09T14:51:03.034923+00:00,158.99,1.61,158.99,1.61,-89.7,437515521.27580047,10513.8,2337.5,-7204.4,1
2026-04-09T14:51:03.364833+00:00,158.99,1.63,158.99,1.63,-95.7,437515521.27580047,10513.7,2334.8,-7204.3,1
2026-04-09T14:51:03.696621+00:00,158.98,1.65,158.98,1.65,-89.7,437515521.27580047,10513.5,2332.4,-7204.2,1
2026-04-09T14:51:04.071566+00:00,158.98,1.67,158.98,1.67,-90.7,437515521.27580047,10513.3,2330.0,-7204.1,1
2026-04-09T14:51:04.423135+00:00,158.97,1.70,158.97,1.7,-90.7,437515521.27580047,10513.1,2327.3,-7203.9,1
2026-04-09T14:51:04.775638+00:00,158.97,1.72,158.97,1.72,-94.7,437515521.27580047,10512.9,2324.7,-7203.8,1
2026-04-09T14:51:05.152275+00:00,158.97,1.74,158.97,1.74,-89.7,437515521.27580047,10512.7,2322.2,-7203.7,1
2026-04-09T14:51:05.484429+00:00,158.96,1.76,158.96,1.76,-95.7,437515521.27580047,10512.5,2319.5,-7203.5,1
2026-04-09T14:51:05.836986+00:00,158.96,1.79,158.96,1.79,-93.7,437515521.27580047,10512.4,2317.1,-7203.4,1
2026-04-09T14:51:06.211736+00:00,158.95,1.81,158.95,1.81,-91.7,437515521.27580047,10512.2,2314.6,-7203.3,1
2026-04-09T14:51:06.568956+00:00,158.95,1.83,158.95,1.83,-93.7,437515521.27580047,10512.0,2311.9,-7203.1,1
2026-04-09T14:51:06.919547+00:00,158.94,1.85,158.94,1.85,-95.7,437515521.27580047,10511.8,2309.3,-7203.0,1
2026-04-09T14:51:07.292454+00:00,158.94,1.88,158.94,1.88,-95.7,437515521.27580047,10511.6,2306.8,-7202.9,1
2026-04-09T14:51:07.647274+00:00,158.94,1.90,158.94,1.9,-98.7,437515521.27580047,10511.3,2304.1,-7202.7,1
2026-04-09T14:51:08.000703+00:00,158.93,1.92,158.93,1.92,-92.7,437515521.27580047,10511.1,2301.5,-7202.6,1
2026-04-09T14:51:08.375624+00:00,158.93,1.95,158.93,1.95,-92.7,437515521.27580047,10510.9,2299.0,-7202.4,1
2026-04-09T14:51:08.727965+00:00,158.92,1.97,158.92,1.97,-94.7,437515521.27580047,10510.7,2296.3,-7202.3,1
2026-04-09T14:51:09.084087+00:00,158.92,1.99,158.92,1.99,-92.7,437515521.27580047,10510.5,2293.7,-7202.1,1
2026-04-09T14:51:09.456512+00:00,158.92,2.02,158.92,2.02,-90.7,437515521.27580047,10510.3,2291.2,-7202.0,1
2026-04-09T14:51:09.808425+00:00,158.91,2.04,158.91,2.04,-95.7,437515521.27580047,10510.0,2288.5,-7201.8,1
2026-04-09T14:51:10.141591+00:00,158.91,2.07,158.91,2.07,-92.7,437515521.27580047,10509.8,2286.0,-7201.7,1
2026-04-09T14:51:10.515732+00:00,158.90,2.09,158.9,2.09,-90.7,437515521.27580047,10509.6,2283.6,-7201.5,1
2026-04-09T14:51:10.872109+00:00,158.90,2.11,158.9,2.11,-96.7,437515521.27580047,10509.4,2280.9,-7201.3,1
2026-04-09T14:51:11.228041+00:00,158.89,2.14,158.89,2.14,-92.7,437515521.27580047,10509.1,2278.3,-7201.2,1
2026-04-09T14:51:11.597042+00:00,158.89,2.16,158.89,2.16,-95.7,437515521.27580047,10508.9,2275.8,-7201.0,1
2026-04-09T14:51:11.927493+00:00,158.89,2.18,158.89,2.18,-94.7,437515521.27580047,10508.6,2273.1,-7200.9,1
2026-04-09T14:51:12.284120+00:00,158.88,2.21,158.88,2.21,-94.7,437515521.27580047,10508.4,2270.7,-7200.7,1
2026-04-09T14:51:12.636093+00:00,158.88,2.23,158.88,2.23,-92.7,437515521.27580047,10508.2,2268.2,-7200.5,1
2026-04-09T14:51:12.992099+00:00,158.87,2.25,158.87,2.25,-92.7,437515521.27580047,10507.9,2265.6,-7200.4,1
2026-04-09T14:51:13.319603+00:00,158.87,2.28,158.87,2.28,-95.7,437515521.27580047,10507.7,2263.1,-7200.2,1
2026-04-09T14:51:13.695420+00:00,158.86,2.30,158.86,2.3,-98.7,437515521.27580047,10507.5,2260.7,-7200.0,1
2026-04-09T14:51:14.027247+00:00,158.86,2.32,158.86,2.32,-90.7,437515521.27580047,10507.2,2258.0,-7199.9,1
2026-04-09T14:51:14.380601+00:00,158.86,2.35,158.86,2.35,-89.7,437515521.27580047,10507.0,2255.6,-7199.7,1
2026-04-09T14:51:14.760184+00:00,158.85,2.37,158.85,2.37,-92.7,437515521.27580047,10506.7,2253.0,-7199.5,1
2026-04-09T14:51:15.112394+00:00,158.85,2.39,158.85,2.39,-90.7,437515521.27580047,10506.4,2250.3,-7199.3,1
2026-04-09T14:51:15.443022+00:00,158.84,2.42,158.84,2.42,-91.7,437515521.27580047,10506.2,2247.8,-7199.2,1
2026-04-09T14:51:15.820090+00:00,158.84,2.44,158.84,2.44,-90.7,437515521.27580047,10505.9,2245.4,-7199.0,1
2026-04-09T14:51:16.152321+00:00,158.83,2.47,158.83,2.47,-90.7,437515521.27580047,10505.6,2242.7,-7198.8,1
2026-04-09T14:51:16.487314+00:00,158.83,2.49,158.83,2.49,-96.7,437515521.27580047,10505.4,2240.3,-7198.6,1
2026-04-09T14:51:16.860446+00:00,158.83,2.51,158.83,2.51,-89.7,437515521.27580047,10505.1,2237.9,-7198.5,1
2026-04-09T14:51:17.192591+00:00,158.82,2.54,158.82,2.54,-94.7,437515521.27580047,10504.8,2235.2,-7198.3,1
2026-04-09T14:51:17.524529+00:00,158.82,2.56,158.82,2.56,-94.7,437515521.27580047,10504.6,2232.8,-7198.1,1
2026-04-09T14:51:17.900559+00:00,158.81,2.58,158.81,2.58,-90.7,437515521.27580047,10504.3,2230.4,-7197.9,1
2026-04-09T14:51:18.252240+00:00,158.81,2.61,158.81,2.61,-93.7,437515521.27580047,10504.0,2227.7,-7197.7,1
2026-04-09T14:51:18.608081+00:00,158.80,2.63,158.8,2.63,-91.7,437515521.27580047,10503.7,2225.2,-7197.5,1
2026-04-09T14:51:18.961858+00:00,158.80,2.66,158.8,2.66,-91.7,437515521.27580047,10503.5,2222.6,-7197.3,1
2026-04-09T14:51:19.316062+00:00,158.79,2.68,158.79,2.68,-93.7,437515521.27580047,10503.2,2220.1,-7197.1,1
2026-04-09T14:51:19.667756+00:00,158.79,2.71,158.79,2.71,-95.7,437515521.27580047,10502.9,2217.5,-7196.9,1
2026-04-09T14:51:20.024318+00:00,158.79,2.73,158.79,2.73,-96.7,437515521.27580047,10502.6,2215.0,-7196.7,1
2026-04-09T14:51:20.375277+00:00,158.78,2.75,158.78,2.75,-97.7,437515521.27580047,10502.3,2212.4,-7196.5,1
2026-04-09T14:51:20.707822+00:00,158.78,2.78,158.78,2.78,-94.7,437515521.27580047,10502.0,2209.9,-7196.3,1
2026-04-09T14:51:21.083899+00:00,158.77,2.80,158.77,2.8,-93.7,437515521.27580047,10501.7,2207.5,-7196.1,1
2026-04-09T14:51:21.439074+00:00,158.77,2.83,158.77,2.83,-91.7,437515521.27580047,10501.4,2204.8,-7195.9,1
2026-04-09T14:51:21.796496+00:00,158.76,2.85,158.76,2.85,-97.7,437515521.27580047,10501.1,2202.2,-7195.7,1
2026-04-09T14:51:22.146863+00:00,158.76,2.88,158.76,2.88,-93.7,437515521.27580047,10500.8,2199.7,-7195.5,1
2026-04-09T14:51:22.500535+00:00,158.75,2.90,158.75,2.9,-91.7,437515521.27580047,10500.4,2197.1,-7195.2,1
2026-04-09T14:51:22.856426+00:00,158.75,2.93,158.75,2.93,-93.7,437515521.27580047,10500.1,2194.6,-7195.0,1
2026-04-09T14:51:23.231167+00:00,158.74,2.95,158.74,2.95,-95.7,437515521.27580047,10499.8,2192.0,-7194.8,1
2026-04-09T14:51:23.584133+00:00,158.74,2.98,158.74,2.98,-91.7,437515521.27580047,10499.5,2189.3,-7194.6,1
2026-04-09T14:51:23.936456+00:00,158.74,3.00,158.74,3.0,-93.7,437515521.27580047,10499.1,2186.8,-7194.4,1
2026-04-09T14:51:24.311476+00:00,158.73,3.03,158.73,3.03,-92.7,437515521.27580047,10498.8,2184.3,-7194.1,1
2026-04-09T14:51:24.665570+00:00,158.73,3.05,158.73,3.05,-97.7,437515521.27580047,10498.5,2181.6,-7193.9,1
2026-04-09T14:51:25.016037+00:00,158.72,3.08,158.72,3.08,-101.7,437515521.27580047,10498.1,2179.0,-7193.7,1
2026-04-09T14:51:25.392090+00:00,158.72,3.10,158.72,3.1,-91.7,437515521.27580047,10497.8,2176.5,-7193.4,1
2026-04-09T14:51:25.744407+00:00,158.71,3.13,158.71,3.13,-91.7,437515521.27580047,10497.4,2173.8,-7193.2,1
2026-04-09T14:51:26.074921+00:00,158.71,3.16,158.71,3.16,-94.7,437515521.27580047,10497.1,2171.3,-7193.0,1
2026-04-09T14:51:26.452545+00:00,158.70,3.18,158.7,3.18,-94.7,437515521.27580047,10496.8,2168.9,-7192.7,1
2026-04-09T14:51:26.808449+00:00,158.70,3.21,158.7,3.21,-92.7,437515521.27580047,10496.4,2166.2,-7192.5,1
2026-04-09T14:51:27.160128+00:00,158.69,3.23,158.69,3.23,-89.7,437515521.27580047,10496.1,2163.6,-7192.2,1
2026-04-09T14:51:27.535174+00:00,158.69,3.26,158.69,3.26,-88.7,437515521.27580047,10495.7,2161.1,-7192.0,1
2026-04-09T14:51:27.888559+00:00,158.68,3.28,158.68,3.28,-89.7,437515521.27580047,10495.3,2158.4,-7191.7,1
2026-04-09T14:51:28.240408+00:00,158.68,3.31,158.68,3.31,-91.7,437515521.27580047,10495.0,2155.8,-7191.5,1
2026-04-09T14:51:28.616140+00:00,158.67,3.33,158.67,3.33,-91.7,437515521.27580047,10494.6,2153.3,-7191.2,1
2026-04-09T14:51:28.967415+00:00,158.67,3.36,158.67,3.36,-91.7,437515521.27580047,10494.2,2150.6,-7191.0,1
2026-04-09T14:51:29.319956+00:00,158.66,3.39,158.66,3.39,-93.7,437515521.27580047,10493.9,2148.1,-7190.7,1
2026-04-09T14:51:29.696400+00:00,158.66,3.41,158.66,3.41,-94.7,437515521.27580047,10493.5,2145.5,-7190.5,1
2026-04-09T14:51:30.051140+00:00,158.65,3.44,158.65,3.44,-91.7,437515521.27580047,10493.1,2142.8,-7190.2,1
2026-04-09T14:51:30.403286+00:00,158.65,3.47,158.65,3.47,-95.7,437515521.27580047,10492.7,2140.3,-7189.9,1
2026-04-09T14:51:30.780131+00:00,158.64,3.49,158.64,3.49,-95.7,437515521.27580047,10492.3,2137.7,-7189.7,1
2026-04-09T14:51:31.136132+00:00,158.64,3.52,158.64,3.52,-100.7,437515521.27580047,10491.9,2135.0,-7189.4,1
2026-04-09T14:51:31.464936+00:00,158.63,3.55,158.63,3.55,-92.7,437515521.27580047,10491.5,2132.5,-7189.1,1
2026-04-09T14:51:31.843433+00:00,158.63,3.57,158.63,3.57,-92.7,437515521.27580047,10491.2,2130.1,-7188.9,1
2026-04-09T14:51:32.172197+00:00,158.62,3.60,158.62,3.6,-95.7,437515521.27580047,10490.8,2127.4,-7188.6,1
2026-04-09T14:51:32.528283+00:00,158.62,3.62,158.62,3.62,-95.7,437515521.27580047,10490.4,2125.0,-7188.3,1
2026-04-09T14:51:32.900830+00:00,158.61,3.65,158.61,3.65,-93.7,437515521.27580047,10490.0,2122.5,-7188.1,1
2026-04-09T14:51:33.256215+00:00,158.61,3.67,158.61,3.67,-91.7,437515521.27580047,10489.6,2119.8,-7187.8,1
2026-04-09T14:51:33.607148+00:00,158.60,3.70,158.6,3.7,-95.7,437515521.27580047,10489.1,2117.3,-7187.5,1
2026-04-09T14:51:33.983849+00:00,158.60,3.73,158.6,3.73,-94.7,437515521.27580047,10488.7,2114.7,-7187.2,1
2026-04-09T14:51:34.335700+00:00,158.59,3.75,158.59,3.75,-94.7,437515521.27580047,10488.3,2112.0,-7186.9,1
2026-04-09T14:51:34.667912+00:00,158.59,3.78,158.59,3.78,-97.7,437515521.27580047,10487.9,2109.5,-7186.6,1
2026-04-09T14:51:35.044272+00:00,158.58,3.81,158.58,3.81,-101.7,437515521.27580047,10487.5,2107.1,-7186.4,1
2026-04-09T14:51:35.400089+00:00,158.58,3.83,158.58,3.83,-101.7,437515521.27580047,10487.0,2104.4,-7186.1,1
2026-04-09T14:51:35.751646+00:00,158.57,3.86,158.57,3.86,-92.7,437515521.27580047,10486.6,2101.9,-7185.8,1
2026-04-09T14:51:36.127870+00:00,158.57,3.89,158.57,3.89,-95.7,437515521.27580047,10486.2,2099.3,-7185.5,1
2026-04-09T14:51:36.484474+00:00,158.56,3.91,158.56,3.91,-99.7,437515521.27580047,10485.7,2096.6,-7185.2,1
2026-04-09T14:51:36.836908+00:00,158.56,3.94,158.56,3.94,-91.7,437515521.27580047,10485.3,2094.1,-7184.9,1
2026-04-09T14:51:37.187340+00:00,158.55,3.97,158.55,3.97,-99.7,437515521.27580047,10484.9,2091.5,-7184.6,1
2026-04-09T14:51:37.522647+00:00,158.55,3.99,158.55,3.99,-99.7,437515521.27580047,10484.4,2089.1,-7184.3,1
2026-04-09T14:51:37.858799+00:00,158.54,4.02,158.54,4.02,-98.7,437515521.27580047,10484.0,2086.6,-7184.0,1
2026-04-09T14:51:38.218190+00:00,158.54,4.04,158.54,4.04,-95.7,437515521.27580047,10483.6,2084.2,-7183.7,1
2026-04-09T14:51:38.559449+00:00,158.53,4.07,158.53,4.07,-102.7,437515521.27580047,10483.1,2081.6,-7183.4,1
2026-04-09T14:51:38.894144+00:00,158.53,4.10,158.53,4.1,-99.7,437515521.27580047,10482.7,2079.2,-7183.1,1
2026-04-09T14:51:39.255289+00:00,158.52,4.12,158.52,4.12,-103.7,437515521.27580047,10482.2,2076.7,-7182.8,1
2026-04-09T14:51:39.590137+00:00,158.52,4.15,158.52,4.15,-101.7,437515521.27580047,10481.8,2074.2,-7182.5,1
2026-04-09T14:51:39.926198+00:00,158.51,4.18,158.51,4.18,-99.7,437515521.27580047,10481.3,2071.8,-7182.1,1
2026-04-09T14:51:40.286172+00:00,158.51,4.20,158.51,4.2,-101.7,437515521.27580047,10480.9,2069.4,-7181.8,1
2026-04-09T14:51:40.622733+00:00,158.50,4.23,158.5,4.23,-99.7,437515521.27580047,10480.4,2066.7,-7181.5,1
2026-04-09T14:51:40.962644+00:00,158.49,4.26,158.49,4.26,-101.7,437515521.27580047,10480.0,2064.3,-7181.2,1
2026-04-09T14:51:41.322169+00:00,158.49,4.28,158.49,4.28,-97.7,437515521.27580047,10479.5,2061.9,-7180.9,1
2026-04-09T14:51:41.663325+00:00,158.48,4.31,158.48,4.31,-101.7,437515521.27580047,10479.0,2059.3,-7180.6,1
2026-04-09T14:51:41.998259+00:00,158.48,4.33,158.48,4.33,-103.7,437515521.27580047,10478.6,2056.9,-7180.2,1
2026-04-09T14:51:42.362303+00:00,158.47,4.36,158.47,4.36,-102.7,437515521.27580047,10478.1,2054.5,-7179.9,1
2026-04-09T14:51:42.698800+00:00,158.47,4.39,158.47,4.39,-105.7,437515521.27580047,10477.6,2051.9,-7179.6,1
2026-04-09T14:51:43.039347+00:00,158.46,4.42,158.46,4.42,-98.7,437515521.27580047,10477.1,2049.4,-7179.3,1
2026-04-09T14:51:43.395405+00:00,158.46,4.44,158.46,4.44,-102.7,437515521.27580047,10476.6,2047.0,-7178.9,1
2026-04-09T14:51:43.734179+00:00,158.45,4.47,158.45,4.47,-100.7,437515521.27580047,10476.1,2044.4,-7178.6,1
2026-04-09T14:51:44.075383+00:00,158.45,4.50,158.45,4.5,-101.7,437515521.27580047,10475.6,2042.0,-7178.2,1
2026-04-09T14:51:44.431124+00:00,158.44,4.52,158.44,4.52,-103.7,437515521.27580047,10475.2,2039.6,-7177.9,1
2026-04-09T14:51:44.770540+00:00,158.44,4.55,158.44,4.55,-97.7,437515521.27580047,10474.6,2037.0,-7177.6,1
2026-04-09T14:51:45.110367+00:00,158.43,4.58,158.43,4.58,-100.7,437515521.27580047,10474.1,2034.6,-7177.2,1
2026-04-09T14:51:45.470982+00:00,158.43,4.60,158.43,4.6,-97.7,437515521.27580047,10473.6,2032.1,-7176.9,1
2026-04-09T14:51:45.806530+00:00,158.42,4.63,158.42,4.63,-99.7,437515521.27580047,10473.1,2029.6,-7176.5,1
2026-04-09T14:51:46.145147+00:00,158.41,4.66,158.41,4.66,-100.7,437515521.27580047,10472.6,2027.1,-7176.2,1
2026-04-09T14:51:46.506200+00:00,158.41,4.68,158.41,4.68,-99.7,437515521.27580047,10472.1,2024.7,-7175.8,1
2026-04-09T14:51:46.847346+00:00,158.40,4.71,158.4,4.71,-99.7,437515521.27580047,10471.6,2022.1,-7175.4,1
2026-04-09T14:51:47.182184+00:00,158.40,4.74,158.4,4.74,-101.7,437515521.27580047,10471.1,2019.7,-7175.1,1
2026-04-09T14:51:47.566474+00:00,158.39,4.77,158.39,4.77,-103.7,437515470.7248097,10470.5,2017.1,-7174.7,1
2026-04-09T14:51:47.902163+00:00,158.39,4.80,158.39,4.8,-99.7,437515470.7248097,10469.9,2014.5,-7174.3,1
2026-04-09T14:51:48.243330+00:00,158.38,4.82,158.38,4.82,-102.7,437515470.7248097,10469.4,2012.1,-7174.0,1
2026-04-09T14:51:48.598200+00:00,158.38,4.85,158.38,4.85,-101.7,437515470.7248097,10468.9,2009.7,-7173.6,1
2026-04-09T14:51:48.938265+00:00,158.37,4.88,158.37,4.88,-103.7,437515470.7248097,10468.3,2007.1,-7173.2,1
2026-04-09T14:51:49.278222+00:00,158.36,4.91,158.36,4.91,-101.7,437515470.7248097,10467.8,2004.7,-7172.9,1
2026-04-09T14:51:49.638216+00:00,158.36,4.93,158.36,4.93,-100.7,437515470.7248097,10467.3,2002.2,-7172.5,1
2026-04-09T14:51:49.979352+00:00,158.35,4.96,158.35,4.96,-101.7,437515470.7248097,10466.7,1999.6,-7172.1,1
2026-04-09T14:51:50.315154+00:00,158.35,4.99,158.35,4.99,-99.7,437515470.7248097,10466.1,1997.2,-7171.7,1
2026-04-09T14:51:50.674967+00:00,158.34,5.02,158.34,5.02,-100.7,437515470.7248097,10465.6,1994.8,-7171.4,1
2026-04-09T14:51:51.013465+00:00,158.34,5.05,158.34,5.05,-99.7,437515470.7248097,10465.0,1992.2,-7170.9,1
2026-04-09T14:51:51.355487+00:00,158.33,5.07,158.33,5.07,-102.7,437515470.7248097,10464.4,1989.8,-7170.6,1
2026-04-09T14:51:51.711079+00:00,158.33,5.10,158.33,5.1,-99.7,437515470.7248097,10463.9,1987.4,-7170.2,1
2026-04-09T14:51:52.050217+00:00,158.32,5.13,158.32,5.13,-99.7,437515470.7248097,10463.3,1984.8,-7169.8,1
2026-04-09T14:51:52.391371+00:00,158.31,5.16,158.31,5.16,-101.7,437515470.7248097,10462.7,1982.3,-7169.4,1
2026-04-09T14:51:52.750398+00:00,158.31,5.18,158.31,5.18,-100.7,437515470.7248097,10462.1,1979.9,-7169.0,1
2026-04-09T14:51:53.090191+00:00,158.30,5.21,158.3,5.21,-100.7,437515470.7248097,10461.5,1977.3,-7168.6,1
2026-04-09T14:51:53.431377+00:00,158.30,5.24,158.3,5.24,-97.7,437515470.7248097,10460.9,1974.9,-7168.2,1
2026-04-09T14:51:53.790367+00:00,158.29,5.27,158.29,5.27,-100.7,437515470.7248097,10460.4,1972.5,-7167.8,1
2026-04-09T14:51:54.130900+00:00,158.28,5.30,158.28,5.3,-101.7,437515470.7248097,10459.7,1969.9,-7167.3,1
2026-04-09T14:51:54.467657+00:00,158.28,5.33,158.28,5.33,-101.7,437515470.7248097,10459.1,1967.4,-7166.9,1
2026-04-09T14:51:54.826234+00:00,158.27,5.35,158.27,5.35,-102.7,437515470.7248097,10458.6,1965.0,-7166.5,1
2026-04-09T14:51:55.167291+00:00,158.27,5.38,158.27,5.38,-101.7,437515470.7248097,10457.9,1962.5,-7166.1,1
2026-04-09T14:51:55.502477+00:00,158.26,5.41,158.26,5.41,-101.7,437515470.7248097,10457.3,1960.0,-7165.7,1
2026-04-09T14:51:55.862169+00:00,158.25,5.44,158.25,5.44,-98.7,437515470.7248097,10456.7,1957.6,-7165.3,1
2026-04-09T14:51:56.199061+00:00,158.25,5.47,158.25,5.47,-101.7,437515470.7248097,10456.1,1955.0,-7164.8,1
2026-04-09T14:51:56.538376+00:00,158.24,5.50,158.24,5.5,-101.7,437515470.7248097,10455.5,1952.6,-7164.4,1
2026-04-09T14:51:56.899246+00:00,158.24,5.52,158.24,5.52,-97.7,437515470.7248097,10454.8,1950.2,-7164.0,1
2026-04-09T14:51:57.236461+00:00,158.23,5.55,158.23,5.55,None,437515470.7248097,10454.2,1947.6,-7163.5,1
2026-04-09T14:51:57.568398+00:00,158.22,5.58,158.22,5.58,-95.7,437515470.7248097,10453.5,1945.2,-7163.1,1
2026-04-09T14:51:57.943242+00:00,158.22,5.61,158.22,5.61,-97.7,437515470.7248097,10452.9,1942.8,-7162.7,1
2026-04-09T14:51:58.295324+00:00,158.21,5.64,158.21,5.64,-97.7,437515470.7248097,10452.2,1940.1,-7162.2,1
2026-04-09T14:51:58.649253+00:00,158.21,5.67,158.21,5.67,-94.7,437515470.7248097,10451.6,1937.6,-7161.7,1
2026-04-09T14:51:59.004492+00:00,158.20,5.70,158.2,5.7,-94.7,437515470.7248097,10450.9,1935.0,-7161.3,1
2026-04-09T14:51:59.332396+00:00,158.19,5.73,158.19,5.73,-93.7,437515470.7248097,10450.2,1932.5,-7160.8,1
2026-04-09T14:51:59.663714+00:00,158.19,5.76,158.19,5.76,-92.7,437515470.7248097,10449.6,1930.1,-7160.4,1
2026-04-09T14:52:00.039568+00:00,158.18,5.79,158.18,5.79,-95.7,437515470.7248097,10449.0,1927.8,-7160.0,1
2026-04-09T14:52:00.392574+00:00,158.18,5.82,158.18,5.82,-97.7,437515470.7248097,10448.2,1925.1,-7159.5,1
2026-04-09T14:52:00.748112+00:00,158.17,5.85,158.17,5.85,-91.7,437515470.7248097,10447.5,1922.6,-7159.0,1
2026-04-09T14:52:01.124081+00:00,158.16,5.88,158.16,5.88,-97.7,437515470.7248097,10446.8,1920.0,-7158.5,1
2026-04-09T14:52:01.476339+00:00,158.16,5.91,158.16,5.91,-98.7,437515470.7248097,10446.1,1917.3,-7158.0,1
2026-04-09T14:52:01.827731+00:00,158.15,5.94,158.15,5.94,-100.7,437515470.7248097,10445.4,1914.8,-7157.5,1
2026-04-09T14:52:02.203036+00:00,158.14,5.97,158.14,5.97,-101.7,437515470.7248097,10444.7,1912.3,-7157.0,1
2026-04-09T14:52:02.560360+00:00,158.14,6.00,158.14,6.0,-91.7,437515470.7248097,10443.9,1909.6,-7156.5,1
2026-04-09T14:52:02.914919+00:00,158.13,6.03,158.13,6.03,-94.7,437515470.7248097,10443.2,1907.0,-7156.0,1
2026-04-09T14:52:03.288385+00:00,158.12,6.06,158.12,6.06,-93.7,437515470.7248097,10442.5,1904.5,-7155.5,1
2026-04-09T14:52:03.619347+00:00,158.12,6.09,158.12,6.09,-94.7,437515470.7248097,10441.7,1901.8,-7155.0,1
2026-04-09T14:52:03.971789+00:00,158.11,6.12,158.11,6.12,-93.7,437515470.7248097,10441.0,1899.5,-7154.5,1
2026-04-09T14:52:04.347720+00:00,158.10,6.15,158.1,6.15,-97.7,437515470.7248097,10440.3,1896.9,-7154.0,1
2026-04-09T14:52:04.704339+00:00,158.10,6.19,158.1,6.19,-95.7,437515470.7248097,10439.5,1894.2,-7153.5,1
2026-04-09T14:52:05.060099+00:00,158.09,6.22,158.09,6.22,-92.7,437515470.7248097,10438.7,1891.7,-7153.0,1
2026-04-09T14:52:05.435141+00:00,158.08,6.25,158.08,6.25,-90.7,437515470.7248097,10438.0,1889.2,-7152.4,1
2026-04-09T14:52:05.788131+00:00,158.08,6.28,158.08,6.28,-93.7,437515470.7248097,10437.2,1886.5,-7151.9,1
2026-04-09T14:52:06.139060+00:00,158.07,6.31,158.07,6.31,-101.7,437515470.7248097,10436.4,1883.9,-7151.4,1
2026-04-09T14:52:06.516112+00:00,158.06,6.34,158.06,6.34,-94.7,437515470.7248097,10435.7,1881.4,-7150.9,1
2026-04-09T14:52:06.844628+00:00,158.06,6.37,158.06,6.37,-94.7,437515470.7248097,10434.9,1878.8,-7150.3,1
2026-04-09T14:52:07.196531+00:00,158.05,6.40,158.05,6.4,-97.7,437515470.7248097,10434.1,1876.4,-7149.8,1
2026-04-09T14:52:07.551099+00:00,158.04,6.43,158.04,6.43,-98.7,437515470.7248097,10433.4,1873.9,-7149.3,1
2026-04-09T14:52:07.904536+00:00,158.04,6.46,158.04,6.46,-97.7,437515470.7248097,10432.6,1871.3,-7148.7,1
2026-04-09T14:52:08.256221+00:00,158.03,6.49,158.03,6.49,-95.7,437515470.7248097,10431.8,1868.8,-7148.2,1
2026-04-09T14:52:08.631119+00:00,158.02,6.53,158.02,6.53,-97.7,437515470.7248097,10431.0,1866.3,-7147.6,1
2026-04-09T14:52:08.983514+00:00,158.02,6.56,158.02,6.56,-95.7,437515470.7248097,10430.1,1863.6,-7147.1,1
2026-04-09T14:52:09.336167+00:00,158.01,6.59,158.01,6.59,-96.7,437515470.7248097,10429.3,1861.1,-7146.5,1
2026-04-09T14:52:09.692277+00:00,158.00,6.62,158.0,6.62,-98.7,437515470.7248097,10428.5,1858.6,-7146.0,1
2026-04-09T14:52:10.048029+00:00,158.00,6.65,158.0,6.65,-97.7,437515470.7248097,10427.7,1856.0,-7145.4,1
2026-04-09T14:52:10.399695+00:00,157.99,6.68,157.99,6.68,-95.7,437515470.7248097,10426.9,1853.5,-7144.8,1
2026-04-09T14:52:10.775019+00:00,157.98,6.72,157.98,6.72,-93.7,437515470.7248097,10426.1,1851.0,-7144.3,1
2026-04-09T14:52:11.126967+00:00,157.97,6.75,157.97,6.75,-95.7,437515470.7248097,10425.2,1848.3,-7143.7,1
2026-04-09T14:52:11.480712+00:00,157.97,6.78,157.97,6.78,-91.7,437515470.7248097,10424.4,1845.8,-7143.1,1
2026-04-09T14:52:11.837399+00:00,157.96,6.81,157.96,6.81,-93.7,437515470.7248097,10423.5,1843.3,-7142.5,1
2026-04-09T14:52:12.187288+00:00,157.95,6.84,157.95,6.84,-100.7,437515470.7248097,10422.7,1840.7,-7141.9,1
2026-04-09T14:52:12.519937+00:00,157.95,6.88,157.95,6.88,-94.7,437515470.7248097,10421.8,1838.2,-7141.4,1
2026-04-09T14:52:12.872345+00:00,157.94,6.91,157.94,6.91,-95.7,437515470.7248097,10421.0,1835.8,-7140.8,1
2026-04-09T14:52:13.224066+00:00,157.93,6.94,157.93,6.94,-94.7,437515420.4788023,10420.1,1833.2,-7140.2,1
2026-04-09T14:52:13.576682+00:00,157.93,6.97,157.93,6.97,-95.7,437515420.4788023,10419.3,1830.8,-7139.6,1
2026-04-09T14:52:13.928841+00:00,157.92,7.00,157.92,7.0,-93.7,437515420.4788023,10418.4,1828.3,-7139.0,1
2026-04-09T14:52:14.283488+00:00,157.91,7.03,157.91,7.03,-94.7,437515420.4788023,10417.6,1825.8,-7138.4,1
2026-04-09T14:52:14.616367+00:00,157.90,7.07,157.9,7.07,-95.7,437515420.4788023,10416.7,1823.2,-7137.8,1
2026-04-09T14:52:14.972492+00:00,157.90,7.10,157.9,7.1,-97.7,437515420.4788023,10415.8,1820.9,-7137.3,1
2026-04-09T14:52:15.324321+00:00,157.89,7.13,157.89,7.13,-101.7,437515420.4788023,10415.0,1818.4,-7136.7,1
2026-04-09T14:52:15.675495+00:00,157.88,7.16,157.88,7.16,-94.7,437515420.4788023,10414.1,1815.8,-7136.0,1
2026-04-09T14:52:16.051833+00:00,157.88,7.19,157.88,7.19,-97.7,437515420.4788023,10413.2,1813.3,-7135.4,1
2026-04-09T14:52:16.408368+00:00,157.87,7.23,157.87,7.23,-97.7,437515420.4788023,10412.2,1810.6,-7134.8,1
2026-04-09T14:52:16.760383+00:00,157.86,7.26,157.86,7.26,-96.7,437515420.4788023,10411.3,1808.1,-7134.1,1
2026-04-09T14:52:17.135899+00:00,157.85,7.29,157.85,7.29,-97.7,437515420.4788023,10410.4,1805.6,-7133.5,1
2026-04-09T14:52:17.487663+00:00,157.85,7.33,157.85,7.33,-92.7,437515420.4788023,10409.4,1802.9,-7132.8,1
2026-04-09T14:52:17.839017+00:00,157.84,7.36,157.84,7.36,-95.7,437515420.4788023,10408.4,1800.4,-7132.2,1
2026-04-09T14:52:18.216236+00:00,157.83,7.39,157.83,7.39,-99.7,437515420.4788023,10407.5,1797.9,-7131.6,1
2026-04-09T14:52:18.569097+00:00,157.82,7.43,157.82,7.43,-100.7,437515420.4788023,10406.5,1795.2,-7130.9,1
2026-04-09T14:52:18.900754+00:00,157.82,7.46,157.82,7.46,-101.7,437515420.4788023,10405.6,1792.7,-7130.2,1
2026-04-09T14:52:19.280082+00:00,157.81,7.49,157.81,7.49,-95.7,437515420.4788023,10404.7,1790.3,-7129.6,1
2026-04-09T14:52:19.632163+00:00,157.80,7.53,157.8,7.53,-97.7,437515420.4788023,10403.6,1787.6,-7128.9,1
2026-04-09T14:52:19.984510+00:00,157.79,7.56,157.79,7.56,-100.7,437515420.4788023,10402.7,1785.1,-7128.3,1
2026-04-09T14:52:20.360479+00:00,157.79,7.59,157.79,7.59,-98.7,437515420.4788023,10401.7,1782.6,-7127.6,1
2026-04-09T14:52:20.693980+00:00,157.78,7.63,157.78,7.63,-99.7,437515420.4788023,10400.7,1779.9,-7126.9,1
2026-04-09T14:52:21.048243+00:00,157.77,7.66,157.77,7.66,-98.7,437515420.4788023,10399.8,1777.5,-7126.3,1
2026-04-09T14:52:21.399380+00:00,157.76,7.69,157.76,7.69,-97.7,437515420.4788023,10398.8,1775.0,-7125.6,1
2026-04-09T14:52:21.751778+00:00,157.75,7.73,157.75,7.73,-99.7,437515420.4788023,10397.8,1772.5,-7124.9,1
2026-04-09T14:52:22.083635+00:00,157.75,7.76,157.75,7.76,-101.7,437515420.4788023,10396.8,1770.0,-7124.2,1
2026-04-09T14:52:22.435027+00:00,157.74,7.79,157.74,7.79,-94.7,437515420.4788023,10395.8,1767.6,-7123.6,1
2026-04-09T14:52:22.784939+00:00,157.73,7.82,157.73,7.82,-101.7,437515420.4788023,10394.8,1765.1,-7122.9,1
2026-04-09T14:52:23.136901+00:00,157.72,7.86,157.72,7.86,-101.7,437515420.4788023,10393.8,1762.6,-7122.2,1
2026-04-09T14:52:23.512778+00:00,157.72,7.89,157.72,7.89,-97.7,437515420.4788023,10392.8,1760.1,-7121.5,1
2026-04-09T14:52:23.867947+00:00,157.71,7.93,157.71,7.93,-98.7,437515420.4788023,10391.7,1757.4,-7120.7,1
2026-04-09T14:52:24.200164+00:00,157.70,7.96,157.7,7.96,-93.7,437515420.4788023,10390.7,1754.9,-7120.0,1
2026-04-09T14:52:24.551120+00:00,157.69,7.99,157.69,7.99,-97.7,437515420.4788023,10389.7,1752.6,-7119.4,1
2026-04-09T14:52:24.903390+00:00,157.69,8.03,157.69,8.03,-97.7,437515420.4788023,10388.7,1750.0,-7118.6,1
2026-04-09T14:52:25.236364+00:00,157.68,8.06,157.68,8.06,-100.7,437515420.4788023,10387.6,1747.5,-7117.9,1
2026-04-09T14:52:25.612472+00:00,157.67,8.09,157.67,8.09,-98.7,437515420.4788023,10386.6,1745.2,-7117.2,1
2026-04-09T14:52:25.968843+00:00,157.66,8.13,157.66,8.13,-100.7,437515420.4788023,10385.5,1742.5,-7116.5,1
2026-04-09T14:52:26.320334+00:00,157.65,8.16,157.65,8.16,-98.7,437515420.4788023,10384.4,1740.0,-7115.7,1
2026-04-09T14:52:26.695646+00:00,157.65,8.20,157.65,8.2,-101.7,437515420.4788023,10383.3,1737.5,-7115.0,1
2026-04-09T14:52:27.052192+00:00,157.64,8.23,157.64,8.23,-97.7,437515420.4788023,10382.2,1734.8,-7114.2,1
2026-04-09T14:52:27.400643+00:00,157.63,8.27,157.63,8.27,-103.7,437515420.4788023,10381.1,1732.3,-7113.5,1
2026-04-09T14:52:27.775827+00:00,157.62,8.30,157.62,8.3,-98.7,437515420.4788023,10380.0,1729.8,-7112.7,1
2026-04-09T14:52:28.107100+00:00,157.61,8.34,157.61,8.34,-99.7,437515420.4788023,10378.8,1727.1,-7111.9,1
2026-04-09T14:52:28.479282+00:00,157.60,8.37,157.6,8.37,-101.7,437515420.4788023,10377.8,1724.7,-7111.2,1
2026-04-09T14:52:28.836577+00:00,157.60,8.41,157.6,8.41,-98.7,437515420.4788023,10376.6,1722.2,-7110.4,1
2026-04-09T14:52:29.168834+00:00,157.59,8.44,157.59,8.44,-99.7,437515420.4788023,10375.5,1719.6,-7109.6,1
2026-04-09T14:52:29.524924+00:00,157.58,8.48,157.58,8.48,-93.7,437515420.4788023,10374.4,1717.2,-7108.9,1
2026-04-09T14:52:29.900343+00:00,157.57,8.51,157.57,8.51,-95.7,437515420.4788023,10373.3,1714.7,-7108.1,1
2026-04-09T14:52:30.231778+00:00,157.56,8.55,157.56,8.55,-95.7,437515420.4788023,10372.0,1712.0,-7107.3,1
2026-04-09T14:52:30.564097+00:00,157.55,8.58,157.55,8.58,-102.7,437515420.4788023,10371.0,1709.6,-7106.5,1
2026-04-09T14:52:30.964226+00:00,157.55,8.62,157.55,8.62,-97.7,437515370.30405277,10369.8,1707.1,-7105.7,1
2026-04-09T14:52:31.316371+00:00,157.54,8.65,157.54,8.65,-96.7,437515370.30405277,10368.6,1704.4,-7104.9,1
2026-04-09T14:52:31.648131+00:00,157.53,8.69,157.53,8.69,-96.7,437515370.30405277,10367.4,1702.0,-7104.1,1
2026-04-09T14:52:32.020075+00:00,157.52,8.72,157.52,8.72,-93.7,437515370.30405277,10366.3,1699.6,-7103.3,1
2026-04-09T14:52:32.352181+00:00,157.51,8.76,157.51,8.76,-96.7,437515370.30405277,10365.0,1696.9,-7102.5,1
2026-04-09T14:52:32.703356+00:00,157.50,8.79,157.5,8.79,-97.7,437515370.30405277,10363.9,1694.6,-7101.7,1
2026-04-09T14:52:33.080675+00:00,157.50,8.83,157.5,8.83,-95.7,437515370.30405277,10362.7,1692.1,-7100.9,1
2026-04-09T14:52:33.432276+00:00,157.49,8.87,157.49,8.87,-93.7,437515370.30405277,10361.4,1689.4,-7100.0,1
2026-04-09T14:52:33.788167+00:00,157.48,8.90,157.48,8.9,-97.7,437515370.30405277,10360.2,1686.9,-7099.2,1
2026-04-09T14:52:34.164076+00:00,157.47,8.94,157.47,8.94,-96.7,437515370.30405277,10359.0,1684.4,-7098.3,1
2026-04-09T14:52:34.496304+00:00,157.46,8.98,157.46,8.98,-95.7,437515370.30405277,10357.7,1681.7,-7097.4,1
2026-04-09T14:52:34.847046+00:00,157.45,9.01,157.45,9.01,-93.7,437515370.30405277,10356.5,1679.4,-7096.6,1
2026-04-09T14:52:35.224430+00:00,157.44,9.05,157.44,9.05,-97.7,437515370.30405277,10355.3,1676.9,-7095.8,1
2026-04-09T14:52:35.575065+00:00,157.43,9.09,157.43,9.09,-97.7,437515370.30405277,10354.0,1674.2,-7094.9,1
2026-04-09T14:52:35.928435+00:00,157.42,9.12,157.42,9.12,-95.7,437515370.30405277,10352.7,1671.7,-7094.0,1
2026-04-09T14:52:36.303544+00:00,157.42,9.16,157.42,9.16,-97.7,437515370.30405277,10351.5,1669.2,-7093.2,1
2026-04-09T14:52:36.656007+00:00,157.41,9.20,157.41,9.2,-95.7,437515370.30405277,10350.1,1666.5,-7092.2,1
2026-04-09T14:52:37.013575+00:00,157.40,9.23,157.4,9.23,-97.7,437515370.30405277,10348.9,1664.0,-7091.4,1
2026-04-09T14:52:37.374151+00:00,157.39,9.27,157.39,9.27,-96.7,437515370.30405277,10347.6,1661.5,-7090.5,1
2026-04-09T14:52:37.710192+00:00,157.38,9.31,157.38,9.31,-99.7,437515370.30405277,10346.3,1659.0,-7089.6,1
2026-04-09T14:52:38.051362+00:00,157.37,9.34,157.37,9.34,-101.7,437515370.30405277,10345.0,1656.6,-7088.7,1
2026-04-09T14:52:38.406854+00:00,157.36,9.38,157.36,9.38,-103.7,437515370.30405277,10343.8,1654.2,-7087.9,1
2026-04-09T14:52:38.747346+00:00,157.35,9.41,157.35,9.41,-100.7,437515370.30405277,10342.4,1651.7,-7087.0,1
2026-04-09T14:52:39.082233+00:00,157.34,9.45,157.34,9.45,-100.7,437515370.30405277,10341.2,1649.3,-7086.1,1
2026-04-09T14:52:39.442212+00:00,157.34,9.49,157.34,9.49,-98.7,437515370.30405277,10339.9,1646.9,-7085.2,1
2026-04-09T14:52:39.778168+00:00,157.33,9.52,157.33,9.52,-96.7,437515370.30405277,10338.5,1644.3,-7084.3,1
2026-04-09T14:52:40.119297+00:00,157.32,9.56,157.32,9.56,-104.7,437515370.30405277,10337.2,1641.9,-7083.4,1
2026-04-09T14:52:40.474562+00:00,157.31,9.59,157.31,9.59,-102.7,437515370.30405277,10336.0,1639.6,-7082.5,1
2026-04-09T14:52:40.815385+00:00,157.30,9.63,157.3,9.63,-103.7,437515370.30405277,10334.6,1637.0,-7081.6,1
2026-04-09T14:52:41.150115+00:00,157.29,9.67,157.29,9.67,-106.7,437515370.30405277,10333.3,1634.6,-7080.7,1
2026-04-09T14:52:41.511440+00:00,157.28,9.70,157.28,9.7,-102.7,437515370.30405277,10331.9,1632.2,-7079.8,1
2026-04-09T14:52:41.846285+00:00,157.27,9.74,157.27,9.74,-103.7,437515370.30405277,10330.5,1629.7,-7078.8,1
2026-04-09T14:52:42.188896+00:00,157.26,9.78,157.26,9.78,-101.7,437515370.30405277,10329.2,1627.3,-7077.9,1
2026-04-09T14:52:42.543282+00:00,157.25,9.81,157.25,9.81,-96.7,437515370.30405277,10327.8,1624.8,-7077.0,1
2026-04-09T14:52:42.895828+00:00,157.24,9.85,157.24,9.85,-95.7,437515370.30405277,10326.4,1622.3,-7076.0,1
2026-04-09T14:52:43.252087+00:00,157.23,9.89,157.23,9.89,-98.7,437515370.30405277,10325.0,1619.8,-7075.0,1
2026-04-09T14:52:43.603033+00:00,157.23,9.93,157.23,9.93,-95.7,437515370.30405277,10323.6,1617.3,-7074.1,1
2026-04-09T14:52:43.956974+00:00,157.22,9.97,157.22,9.97,-104.7,437515370.30405277,10322.2,1614.8,-7073.1,1
2026-04-09T14:52:44.312363+00:00,157.21,10.00,157.21,10.0,-100.7,437515370.30405277,10320.7,1612.3,-7072.1,1
2026-04-09T14:52:44.663006+00:00,157.20,10.04,157.2,10.04,-94.7,437515370.30405277,10319.3,1609.9,-7071.1,1
2026-04-09T14:52:45.040242+00:00,157.19,10.08,157.19,10.08,-97.7,437515318.3528464,10317.7,1607.2,-7070.0,1
2026-04-09T14:52:45.368244+00:00,157.18,10.12,157.18,10.12,-98.7,437515318.3528464,10316.3,1604.7,-7069.0,1
2026-04-09T14:52:45.745385+00:00,157.17,10.16,157.17,10.16,-92.7,437515318.3528464,10314.9,1602.4,-7068.1,1
2026-04-09T14:52:46.077008+00:00,157.16,10.20,157.16,10.2,-98.7,437515318.3528464,10313.3,1599.7,-7067.0,1
2026-04-09T14:52:46.431106+00:00,157.15,10.24,157.15,10.24,-91.7,437515318.3528464,10311.9,1597.4,-7066.0,1
2026-04-09T14:52:46.807032+00:00,157.14,10.27,157.14,10.27,-100.7,437515318.3528464,10310.4,1594.8,-7065.0,1
2026-04-09T14:52:47.141065+00:00,157.13,10.32,157.13,10.32,-95.7,437515318.3528464,10308.8,1592.2,-7063.9,1
2026-04-09T14:52:47.491709+00:00,157.12,10.35,157.12,10.35,-96.7,437515318.3528464,10307.4,1589.8,-7062.9,1
2026-04-09T14:52:47.867130+00:00,157.11,10.39,157.11,10.39,-97.7,437515318.3528464,10305.8,1587.4,-7061.9,1
2026-04-09T14:52:48.220749+00:00,157.10,10.43,157.1,10.43,-101.7,437515318.3528464,10304.2,1584.7,-7060.8,1
2026-04-09T14:52:48.552404+00:00,157.09,10.47,157.09,10.47,-96.7,437515318.3528464,10302.7,1582.2,-7059.7,1
2026-04-09T14:52:48.928964+00:00,157.08,10.51,157.08,10.51,-92.7,437515318.3528464,10301.2,1579.9,-7058.7,1
2026-04-09T14:52:49.283253+00:00,157.07,10.55,157.07,10.55,-97.7,437515318.3528464,10299.5,1577.2,-7057.6,1
2026-04-09T14:52:49.616131+00:00,157.06,10.59,157.06,10.59,-96.7,437515318.3528464,10298.0,1574.7,-7056.5,1
2026-04-09T14:52:49.992662+00:00,157.05,10.63,157.05,10.63,-96.7,437515318.3528464,10296.5,1572.4,-7055.5,1
2026-04-09T14:52:50.343616+00:00,157.04,10.67,157.04,10.67,-95.7,437515318.3528464,10294.8,1569.7,-7054.3,1
2026-04-09T14:52:50.700155+00:00,157.03,10.71,157.03,10.71,-103.7,437515318.3528464,10293.2,1567.2,-7053.2,1
2026-04-09T14:52:51.052819+00:00,157.02,10.75,157.02,10.75,-95.7,437515318.3528464,10291.6,1564.7,-7052.1,1
2026-04-09T14:52:51.384291+00:00,157.01,10.79,157.01,10.79,None,437515318.3528464,10290.0,1562.2,-7051.0,1
2026-04-09T14:52:51.736468+00:00,157.00,10.83,157.0,10.83,-97.7,437515318.3528464,10288.4,1559.9,-7050.0,1
2026-04-09T14:52:52.111619+00:00,156.99,10.87,156.99,10.87,-97.7,437515318.3528464,10286.8,1557.4,-7048.9,1
2026-04-09T14:52:52.451108+00:00,156.98,10.91,156.98,10.91,-98.7,437515318.3528464,10285.1,1554.8,-7047.7,1
2026-04-09T14:52:52.790199+00:00,156.97,10.95,156.97,10.95,-100.7,437515318.3528464,10283.5,1552.4,-7046.6,1
2026-04-09T14:52:53.150164+00:00,156.95,10.99,156.95,10.99,-105.7,437515318.3528464,10281.9,1550.0,-7045.5,1
2026-04-09T14:52:53.486147+00:00,156.94,11.03,156.94,11.03,-100.7,437515318.3528464,10280.2,1547.5,-7044.3,1
2026-04-09T14:52:53.831195+00:00,156.93,11.07,156.93,11.07,-101.7,437515318.3528464,10278.6,1545.1,-7043.2,1
2026-04-09T14:52:54.183015+00:00,156.92,11.10,156.92,11.1,-102.7,437515318.3528464,10277.0,1542.7,-7042.1,1
2026-04-09T14:52:54.523653+00:00,156.91,11.15,156.91,11.15,-95.7,437515318.3528464,10275.2,1540.2,-7040.9,1
2026-04-09T14:52:54.858169+00:00,156.90,11.19,156.9,11.19,-105.7,437515318.3528464,10273.6,1537.8,-7039.8,1
2026-04-09T14:52:55.218158+00:00,156.89,11.22,156.89,11.22,-97.7,437515318.3528464,10271.9,1535.4,-7038.7,1
2026-04-09T14:52:55.554983+00:00,156.88,11.27,156.88,11.27,-105.7,437515318.3528464,10270.2,1532.9,-7037.5,1
2026-04-09T14:52:55.895966+00:00,156.87,11.31,156.87,11.31,-101.7,437515318.3528464,10268.5,1530.5,-7036.3,1
2026-04-09T14:52:56.255371+00:00,156.86,11.35,156.86,11.35,-103.7,437515318.3528464,10266.8,1528.2,-7035.2,1
2026-04-09T14:52:56.610572+00:00,156.85,11.39,156.85,11.39,-95.7,437515265.67837346,10265.0,1525.5,-7033.9,1
2026-04-09T14:52:56.951420+00:00,156.84,11.43,156.84,11.43,-101.7,437515265.67837346,10263.3,1523.1,-7032.7,1
2026-04-09T14:52:57.315253+00:00,156.83,11.47,156.83,11.47,-99.7,437515265.67837346,10261.6,1520.7,-7031.5,1
2026-04-09T14:52:57.668561+00:00,156.82,11.51,156.82,11.51,-95.7,437515265.67837346,10259.7,1518.1,-7030.3,1
2026-04-09T14:52:58.000546+00:00,156.81,11.55,156.81,11.55,-95.7,437515265.67837346,10257.9,1515.7,-7029.0,1
2026-04-09T14:52:58.380125+00:00,156.79,11.59,156.79,11.59,-97.7,437515265.67837346,10256.2,1513.3,-7027.9,1
2026-04-09T14:52:58.729481+00:00,156.78,11.64,156.78,11.64,-98.7,437515265.67837346,10254.2,1510.7,-7026.5,1
2026-04-09T14:52:59.064509+00:00,156.77,11.68,156.77,11.68,-99.7,437515265.67837346,10252.4,1508.2,-7025.3,1
2026-04-09T14:52:59.415376+00:00,156.76,11.72,156.76,11.72,-97.7,437515265.67837346,10250.7,1505.9,-7024.1,1
2026-04-09T14:52:59.767129+00:00,156.75,11.76,156.75,11.76,-99.7,437515265.67837346,10248.8,1503.4,-7022.8,1
2026-04-09T14:53:00.120148+00:00,156.74,11.80,156.74,11.8,-104.7,437515265.67837346,10246.9,1500.9,-7021.5,1
2026-04-09T14:53:00.496455+00:00,156.73,11.85,156.73,11.85,-97.7,437515265.67837346,10245.1,1498.4,-7020.3,1
2026-04-09T14:53:00.827395+00:00,156.72,11.89,156.72,11.89,-98.7,437515265.67837346,10243.1,1495.8,-7018.9,1
2026-04-09T14:53:01.159795+00:00,156.70,11.93,156.7,11.93,-95.7,437515265.67837346,10241.3,1493.5,-7017.7,1
2026-04-09T14:53:01.535248+00:00,156.69,11.97,156.69,11.97,-98.7,437515265.67837346,10239.5,1491.1,-7016.4,1
2026-04-09T14:53:01.887428+00:00,156.68,12.02,156.68,12.02,-100.7,437515265.67837346,10237.4,1488.5,-7015.0,1
2026-04-09T14:53:02.240320+00:00,156.67,12.06,156.67,12.06,-100.7,437515265.67837346,10235.5,1486.0,-7013.7,1
2026-04-09T14:53:02.615090+00:00,156.66,12.10,156.66,12.1,-97.7,437515265.67837346,10233.6,1483.6,-7012.4,1
2026-04-09T14:53:02.967135+00:00,156.65,12.15,156.65,12.15,-98.7,437515265.67837346,10231.5,1480.9,-7011.0,1
2026-04-09T14:53:03.320965+00:00,156.63,12.19,156.63,12.19,-95.7,437515265.67837346,10229.5,1478.5,-7009.6,1
2026-04-09T14:53:03.697538+00:00,156.62,12.24,156.62,12.24,-97.7,437515265.67837346,10227.6,1476.0,-7008.3,1
2026-04-09T14:53:04.052742+00:00,156.61,12.28,156.61,12.28,-97.7,437515265.67837346,10225.4,1473.3,-7006.8,1
2026-04-09T14:53:04.408310+00:00,156.60,12.33,156.6,12.33,-99.7,437515265.67837346,10223.4,1470.9,-7005.4,1
2026-04-09T14:53:04.761988+00:00,156.59,12.37,156.59,12.37,-95.7,437515265.67837346,10221.4,1468.4,-7004.0,1
2026-04-09T14:53:05.092024+00:00,156.57,12.41,156.57,12.41,-101.7,437515265.67837346,10219.4,1465.9,-7002.6,1
2026-04-09T14:53:05.444608+00:00,156.56,12.46,156.56,12.46,-100.7,437515265.67837346,10217.5,1463.6,-7001.3,1
2026-04-09T14:53:05.800403+00:00,156.55,12.50,156.55,12.5,-95.7,437515265.67837346,10215.4,1461.1,-6999.9,1
2026-04-09T14:53:06.173148+00:00,156.54,12.55,156.54,12.55,-95.7,437515214.1076837,10213.2,1458.5,-6998.4,1
2026-04-09T14:53:06.508545+00:00,156.52,12.59,156.52,12.59,-100.7,437515214.1076837,10211.2,1456.0,-6997.0,1
2026-04-09T14:53:06.884209+00:00,156.51,12.63,156.51,12.63,-97.7,437515214.1076837,10209.2,1453.7,-6995.7,1
2026-04-09T14:53:07.231339+00:00,156.50,12.68,156.5,12.68,-97.7,437515214.1076837,10207.0,1451.0,-6994.1,1
2026-04-09T14:53:07.566224+00:00,156.49,12.72,156.49,12.72,-101.7,437515214.1076837,10204.9,1448.7,-6992.7,1
2026-04-09T14:53:07.927294+00:00,156.48,12.77,156.48,12.77,-107.7,437515214.1076837,10202.9,1446.3,-6991.4,1
2026-04-09T14:53:08.262269+00:00,156.46,12.81,156.46,12.81,-99.7,437515214.1076837,10200.7,1443.8,-6989.9,1
2026-04-09T14:53:08.598874+00:00,156.45,12.85,156.45,12.85,-105.7,437515214.1076837,10198.7,1441.4,-6988.4,1
2026-04-09T14:53:08.958197+00:00,156.44,12.90,156.44,12.9,-102.7,437515214.1076837,10196.6,1439.1,-6987.0,1
2026-04-09T14:53:09.299282+00:00,156.43,12.94,156.43,12.94,-109.7,437515214.1076837,10194.4,1436.6,-6985.5,1
2026-04-09T14:53:09.638156+00:00,156.41,12.99,156.41,12.99,-105.7,437515214.1076837,10192.3,1434.2,-6984.1,1
2026-04-09T14:53:09.995302+00:00,156.40,13.03,156.4,13.03,-103.7,437515214.1076837,10190.2,1431.8,-6982.7,1
2026-04-09T14:53:10.330508+00:00,156.39,13.08,156.39,13.08,-103.7,437515214.1076837,10187.9,1429.3,-6981.1,1
2026-04-09T14:53:10.670172+00:00,156.38,13.12,156.38,13.12,-105.7,437515214.1076837,10185.8,1427.0,-6979.7,1
2026-04-09T14:53:11.027061+00:00,156.37,13.16,156.37,13.16,-105.7,437515214.1076837,10183.7,1424.6,-6978.2,1
2026-04-09T14:53:11.366182+00:00,156.35,13.21,156.35,13.21,-105.7,437515214.1076837,10181.4,1422.1,-6976.6,1
2026-04-09T14:53:11.702125+00:00,156.34,13.25,156.34,13.25,-103.7,437515214.1076837,10179.3,1419.8,-6975.2,1
2026-04-09T14:53:12.063323+00:00,156.33,13.30,156.33,13.3,-102.7,437515214.1076837,10177.1,1417.4,-6973.7,1
2026-04-09T14:53:12.416170+00:00,156.31,13.35,156.31,13.35,-100.7,437515214.1076837,10174.7,1414.9,-6972.0,1
2026-04-09T14:53:12.772115+00:00,156.30,13.39,156.3,13.39,-101.7,437515214.1076837,10172.4,1412.4,-6970.5,1
2026-04-09T14:53:13.148112+00:00,156.29,13.44,156.29,13.44,-102.7,437515214.1076837,10170.1,1409.9,-6968.9,1
2026-04-09T14:53:13.482181+00:00,156.27,13.49,156.27,13.49,-98.7,437515214.1076837,10167.6,1407.3,-6967.2,1
2026-04-09T14:53:13.812106+00:00,156.26,13.53,156.26,13.53,-99.7,437515214.1076837,10165.4,1405.0,-6965.7,1
2026-04-09T14:53:14.188219+00:00,156.25,13.58,156.25,13.58,-100.7,437515164.0533598,10163.0,1402.5,-6964.0,1
2026-04-09T14:53:14.516109+00:00,156.23,13.63,156.23,13.63,-95.7,437515164.0533598,10160.7,1400.1,-6962.4,1
2026-04-09T14:53:14.874549+00:00,156.22,13.67,156.22,13.67,-102.7,437515164.0533598,10158.4,1397.8,-6960.9,1
2026-04-09T14:53:15.248313+00:00,156.21,13.72,156.21,13.72,-96.7,437515164.0533598,10156.0,1395.3,-6959.2,1
2026-04-09T14:53:15.600486+00:00,156.19,13.77,156.19,13.77,-101.7,437515164.0533598,10153.5,1392.7,-6957.5,1
2026-04-09T14:53:15.952810+00:00,156.18,13.82,156.18,13.82,-98.7,437515164.0533598,10151.0,1390.2,-6955.8,1
2026-04-09T14:53:16.327052+00:00,156.17,13.86,156.17,13.86,-102.7,437515164.0533598,10148.6,1387.8,-6954.2,1
2026-04-09T14:53:16.684107+00:00,156.15,13.91,156.15,13.91,-97.7,437515164.0533598,10146.0,1385.2,-6952.4,1
2026-04-09T14:53:17.016254+00:00,156.14,13.96,156.14,13.96,-101.7,437515164.0533598,10143.5,1382.7,-6950.7,1
2026-04-09T14:53:17.368201+00:00,156.12,14.01,156.12,14.01,-101.7,437515164.0533598,10141.2,1380.4,-6949.1,1
2026-04-09T14:53:17.696523+00:00,156.11,14.05,156.11,14.05,-96.7,437515164.0533598,10138.7,1378.0,-6947.4,1
2026-04-09T14:53:18.027763+00:00,156.10,14.10,156.1,14.1,-101.7,437515164.0533598,10136.3,1375.7,-6945.7,1
2026-04-09T14:53:18.384371+00:00,156.08,14.15,156.08,14.15,-99.7,437515164.0533598,10134.0,1373.4,-6944.1,1
2026-04-09T14:53:18.735307+00:00,156.07,14.19,156.07,14.19,-100.7,437515164.0533598,10131.4,1370.9,-6942.4,1
2026-04-09T14:53:19.087177+00:00,156.06,14.24,156.06,14.24,-104.7,437515164.0533598,10128.8,1368.4,-6940.6,1
2026-04-09T14:53:19.464278+00:00,156.04,14.29,156.04,14.29,-101.7,437515164.0533598,10126.3,1366.0,-6938.8,1
2026-04-09T14:53:19.815735+00:00,156.03,14.34,156.03,14.34,-103.7,437515164.0533598,10123.5,1363.4,-6937.0,1
2026-04-09T14:53:20.151998+00:00,156.01,14.39,156.01,14.39,-100.7,437515164.0533598,10120.9,1360.9,-6935.2,1
2026-04-09T14:53:20.521923+00:00,156.00,14.44,156.0,14.44,-103.7,437515164.0533598,10118.5,1358.7,-6933.5,1
2026-04-09T14:53:20.875671+00:00,155.98,14.49,155.98,14.49,-103.7,437515164.0533598,10115.7,1356.1,-6931.6,1
2026-04-09T14:53:21.251311+00:00,155.97,14.54,155.97,14.54,-105.7,437515113.9733831,10112.8,1353.4,-6929.6,1
2026-04-09T14:53:21.628150+00:00,155.95,14.59,155.95,14.59,-101.7,437515113.9733831,10110.2,1351.0,-6927.8,1
2026-04-09T14:53:21.979304+00:00,155.94,14.65,155.94,14.65,-106.7,437515113.9733831,10107.3,1348.4,-6925.8,1
2026-04-09T14:53:22.332173+00:00,155.92,14.70,155.92,14.7,-101.7,437515113.9733831,10104.6,1346.0,-6924.0,1
2026-04-09T14:53:22.688412+00:00,155.91,14.75,155.91,14.75,-99.7,437515113.9733831,10101.9,1343.5,-6922.1,1
2026-04-09T14:53:23.039980+00:00,155.89,14.80,155.89,14.8,-105.7,437515113.9733831,10099.1,1341.1,-6920.2,1
2026-04-09T14:53:23.392982+00:00,155.88,14.85,155.88,14.85,-106.7,437515113.9733831,10096.4,1338.6,-6918.4,1
2026-04-09T14:53:23.769165+00:00,155.86,14.90,155.86,14.9,-103.7,437515113.9733831,10093.6,1336.2,-6916.5,1
2026-04-09T14:53:24.099527+00:00,155.85,14.95,155.85,14.95,None,437515113.9733831,10090.6,1333.6,-6914.4,1
2026-04-09T14:53:24.451303+00:00,155.83,15.00,155.83,15.0,-101.7,437515113.9733831,10088.0,1331.3,-6912.6,1
2026-04-09T14:53:24.827016+00:00,155.82,15.05,155.82,15.05,-103.7,437515113.9733831,10085.2,1328.9,-6910.7,1
2026-04-09T14:53:25.183998+00:00,155.80,15.10,155.8,15.1,-103.7,437515113.9733831,10082.2,1326.3,-6908.6,1
2026-04-09T14:53:25.532136+00:00,155.79,15.15,155.79,15.15,-101.7,437515113.9733831,10079.3,1323.8,-6906.7,1
2026-04-09T14:53:25.888305+00:00,155.77,15.21,155.77,15.21,-100.7,437515113.9733831,10076.5,1321.4,-6904.7,1
2026-04-09T14:53:26.220050+00:00,155.76,15.26,155.76,15.26,-107.7,437515113.9733831,10073.6,1319.0,-6902.7,1
2026-04-09T14:53:26.572320+00:00,155.74,15.31,155.74,15.31,-98.7,437515113.9733831,10070.8,1316.6,-6900.8,1
2026-04-09T14:53:26.928306+00:00,155.73,15.36,155.73,15.36,-100.7,437515113.9733831,10067.9,1314.2,-6898.8,1
2026-04-09T14:53:27.279072+00:00,155.71,15.41,155.71,15.41,-103.7,437515113.9733831,10064.9,1311.8,-6896.8,1
2026-04-09T14:53:27.611666+00:00,155.69,15.46,155.69,15.46,-109.7,437515113.9733831,10062.0,1309.3,-6894.8,1
2026-04-09T14:53:28.012578+00:00,155.68,15.52,155.68,15.52,-108.7,437515060.2621093,10059.0,1306.9,-6892.7,1
2026-04-09T14:53:28.364483+00:00,155.66,15.57,155.66,15.57,-104.7,437515060.2621093,10055.8,1304.3,-6890.5,1
2026-04-09T14:53:28.720305+00:00,155.65,15.62,155.65,15.62,-104.7,437515060.2621093,10052.7,1301.9,-6888.5,1
2026-04-09T14:53:29.095048+00:00,155.63,15.68,155.63,15.68,-106.7,437515060.2621093,10049.7,1299.4,-6886.4,1
2026-04-09T14:53:29.428055+00:00,155.61,15.73,155.61,15.73,-105.7,437515060.2621093,10046.5,1296.8,-6884.2,1
2026-04-09T14:53:29.780537+00:00,155.60,15.78,155.6,15.78,-101.7,437515060.2621093,10043.6,1294.5,-6882.2,1
2026-04-09T14:53:30.136153+00:00,155.58,15.84,155.58,15.84,-106.7,437515060.2621093,10040.5,1292.1,-6880.0,1
2026-04-09T14:53:30.487645+00:00,155.57,15.89,155.57,15.89,-104.7,437515060.2621093,10037.3,1289.7,-6877.9,1
2026-04-09T14:53:30.840195+00:00,155.55,15.94,155.55,15.94,-105.7,437515060.2621093,10034.2,1287.2,-6875.8,1
2026-04-09T14:53:31.197043+00:00,155.53,16.00,155.53,16.0,-102.7,437515060.2621093,10031.1,1284.8,-6873.6,1
2026-04-09T14:53:31.547284+00:00,155.52,16.05,155.52,16.05,-103.7,437515060.2621093,10027.9,1282.4,-6871.4,1
2026-04-09T14:53:31.900432+00:00,155.50,16.10,155.5,16.1,-108.7,437515060.2621093,10024.7,1280.0,-6869.2,1
2026-04-09T14:53:32.275473+00:00,155.48,16.16,155.48,16.16,-105.7,437515060.2621093,10021.5,1277.5,-6867.0,1
2026-04-09T14:53:32.631320+00:00,155.46,16.22,155.46,16.22,-101.7,437515060.2621093,10018.0,1275.0,-6864.7,1
2026-04-09T14:53:32.984882+00:00,155.45,16.27,155.45,16.27,-105.7,437515060.2621093,10014.8,1272.5,-6862.4,1
2026-04-09T14:53:33.359238+00:00,155.43,16.33,155.43,16.33,-103.7,437515060.2621093,10011.5,1270.1,-6860.2,1
2026-04-09T14:53:33.711897+00:00,155.41,16.38,155.41,16.38,-103.7,437515007.99451834,10008.0,1267.5,-6857.8,1
2026-04-09T14:53:34.068256+00:00,155.40,16.44,155.4,16.44,-105.7,437515007.99451834,10004.7,1265.1,-6855.5,1
2026-04-09T14:53:34.444460+00:00,155.38,16.49,155.38,16.49,-104.7,437515007.99451834,10001.3,1262.7,-6853.2,1
2026-04-09T14:53:34.800300+00:00,155.36,16.55,155.36,16.55,-103.7,437515007.99451834,9997.8,1260.1,-6850.8,1
2026-04-09T14:53:35.128108+00:00,155.34,16.61,155.34,16.61,-102.7,437515007.99451834,9994.4,1257.7,-6848.5,1
2026-04-09T14:53:35.489114+00:00,155.33,16.66,155.33,16.66,-101.7,437515007.99451834,9991.2,1255.4,-6846.3,1
2026-04-09T14:53:35.836115+00:00,155.31,16.72,155.31,16.72,-106.7,437515007.99451834,9987.7,1253.0,-6843.9,1
2026-04-09T14:53:36.168525+00:00,155.29,16.77,155.29,16.77,-103.7,437515007.99451834,9984.3,1250.6,-6841.6,1
2026-04-09T14:53:36.543316+00:00,155.27,16.82,155.27,16.82,-103.7,437515007.99451834,9981.1,1248.3,-6839.3,1
2026-04-09T14:53:36.895423+00:00,155.26,16.88,155.26,16.88,-106.7,437515007.99451834,9977.4,1245.7,-6836.8,1
2026-04-09T14:53:37.242269+00:00,155.24,16.94,155.24,16.94,-104.7,437515007.99451834,9973.9,1243.3,-6834.4,1
2026-04-09T14:53:37.602138+00:00,155.22,17.00,155.22,17.0,-107.7,437515007.99451834,9970.5,1241.0,-6832.1,1
2026-04-09T14:53:37.943368+00:00,155.20,17.05,155.2,17.05,-109.7,437515007.99451834,9966.8,1238.5,-6829.6,1
2026-04-09T14:53:38.278189+00:00,155.19,17.11,155.19,17.11,-107.7,437515007.99451834,9963.4,1236.2,-6827.3,1
2026-04-09T14:53:38.638124+00:00,155.17,17.16,155.17,17.16,-109.7,437515007.99451834,9960.0,1233.9,-6824.9,1
2026-04-09T14:53:38.998201+00:00,155.15,17.22,155.15,17.22,-112.7,437514957.57250416,9956.1,1231.3,-6822.2,1
2026-04-09T14:53:39.334157+00:00,155.13,17.28,155.13,17.28,-107.7,437514957.57250416,9952.6,1229.0,-6819.8,1
2026-04-09T14:53:39.694212+00:00,155.11,17.34,155.11,17.34,-108.7,437514957.57250416,9949.1,1226.7,-6817.4,1
2026-04-09T14:53:40.031610+00:00,155.09,17.39,155.09,17.39,-108.7,437514957.57250416,9945.4,1224.3,-6814.9,1
2026-04-09T14:53:40.370165+00:00,155.08,17.45,155.08,17.45,-108.7,437514957.57250416,9941.8,1222.0,-6812.4,1
2026-04-09T14:53:40.731363+00:00,155.06,17.51,155.06,17.51,-103.7,437514957.57250416,9938.2,1219.6,-6810.0,1
2026-04-09T14:53:41.066645+00:00,155.04,17.57,155.04,17.57,-109.7,437514957.57250416,9934.4,1217.2,-6807.4,1
2026-04-09T14:53:41.406151+00:00,155.02,17.62,155.02,17.62,-104.7,437514957.57250416,9930.8,1214.9,-6804.9,1
2026-04-09T14:53:41.767321+00:00,155.00,17.68,155.0,17.68,-111.7,437514957.57250416,9927.2,1212.6,-6802.4,1
2026-04-09T14:53:42.102142+00:00,154.98,17.74,154.98,17.74,-111.7,437514957.57250416,9923.3,1210.2,-6799.7,1
2026-04-09T14:53:42.455424+00:00,154.97,17.79,154.97,17.79,-107.7,437514957.57250416,9919.5,1207.8,-6797.2,1
2026-04-09T14:53:42.832320+00:00,154.95,17.85,154.95,17.85,-103.7,437514957.57250416,9915.7,1205.4,-6794.5,1
2026-04-09T14:53:43.184156+00:00,154.93,17.92,154.93,17.92,-109.7,437514957.57250416,9911.5,1202.9,-6791.7,1
2026-04-09T14:53:43.535656+00:00,154.91,17.98,154.91,17.98,-107.7,437514957.57250416,9907.6,1200.5,-6789.0,1
2026-04-09T14:53:43.912228+00:00,154.89,18.04,154.89,18.04,-104.7,437514905.1118046,9903.4,1198.0,-6786.2,1
2026-04-09T14:53:44.263841+00:00,154.87,18.10,154.87,18.1,-103.7,437514905.1118046,9899.4,1195.5,-6783.4,1
2026-04-09T14:53:44.620232+00:00,154.85,18.16,154.85,18.16,-101.7,437514905.1118046,9895.4,1193.2,-6780.7,1
2026-04-09T14:53:44.995965+00:00,154.83,18.22,154.83,18.22,-107.7,437514905.1118046,9891.4,1190.7,-6777.9,1
2026-04-09T14:53:45.349627+00:00,154.80,18.29,154.8,18.29,-103.7,437514905.1118046,9887.1,1188.2,-6774.9,1
2026-04-09T14:53:45.708040+00:00,154.78,18.35,154.78,18.35,-105.7,437514905.1118046,9883.0,1185.8,-6772.1,1
2026-04-09T14:53:46.080147+00:00,154.76,18.41,154.76,18.41,-103.7,437514905.1118046,9878.9,1183.4,-6769.3,1
2026-04-09T14:53:46.431486+00:00,154.74,18.47,154.74,18.47,-107.7,437514905.1118046,9874.5,1180.9,-6766.3,1
2026-04-09T14:53:46.785426+00:00,154.72,18.54,154.72,18.54,-106.7,437514905.1118046,9870.3,1178.5,-6763.4,1
2026-04-09T14:53:47.140609+00:00,154.70,18.60,154.7,18.6,-101.7,437514905.1118046,9866.1,1176.1,-6760.6,1
2026-04-09T14:53:47.496475+00:00,154.68,18.66,154.68,18.66,-101.7,437514905.1118046,9861.9,1173.7,-6757.7,1
2026-04-09T14:53:47.852463+00:00,154.66,18.72,154.66,18.72,-107.7,437514905.1118046,9857.6,1171.3,-6754.7,1
2026-04-09T14:53:48.223433+00:00,154.64,18.78,154.64,18.78,-103.7,437514905.1118046,9853.3,1168.9,-6751.8,1
2026-04-09T14:53:48.599558+00:00,154.62,18.85,154.62,18.85,-105.7,437514850.355179,9848.5,1166.2,-6748.5,1
2026-04-09T14:53:48.955177+00:00,154.60,18.92,154.6,18.92,-103.7,437514850.355179,9844.2,1163.8,-6745.5,1
2026-04-09T14:53:49.328900+00:00,154.57,18.98,154.57,18.98,-102.7,437514850.355179,9839.8,1161.4,-6742.5,1
2026-04-09T14:53:49.683685+00:00,154.55,19.05,154.55,19.05,-108.7,437514850.355179,9835.1,1158.9,-6739.3,1
2026-04-09T14:53:50.040273+00:00,154.53,19.11,154.53,19.11,-105.7,437514850.355179,9830.7,1156.5,-6736.3,1
2026-04-09T14:53:50.412437+00:00,154.51,19.18,154.51,19.18,-104.7,437514850.355179,9826.2,1154.1,-6733.3,1
2026-04-09T14:53:50.748588+00:00,154.49,19.24,154.49,19.24,-107.7,437514850.355179,9821.5,1151.6,-6730.0,1
2026-04-09T14:53:51.076592+00:00,154.47,19.30,154.47,19.3,-106.7,437514850.355179,9817.2,1149.4,-6727.1,1
2026-04-09T14:53:51.432159+00:00,154.45,19.36,154.45,19.36,None,437514850.355179,9813.0,1147.1,-6724.2,1
2026-04-09T14:53:51.764123+00:00,154.42,19.43,154.42,19.43,-103.7,437514850.355179,9808.4,1144.8,-6721.1,1
2026-04-09T14:53:52.115121+00:00,154.40,19.49,154.4,19.49,-107.7,437514850.355179,9804.1,1142.5,-6718.1,1
2026-04-09T14:53:52.492273+00:00,154.38,19.55,154.38,19.55,-110.7,437514850.355179,9799.5,1140.2,-6714.9,1
2026-04-09T14:53:52.863766+00:00,154.36,19.63,154.36,19.63,-107.7,437514796.2263345,9794.3,1137.5,-6711.3,1
2026-04-09T14:53:53.219086+00:00,154.33,19.69,154.33,19.69,-107.7,437514796.2263345,9789.6,1135.1,-6708.1,1
2026-04-09T14:53:53.595044+00:00,154.31,19.76,154.31,19.76,-104.7,437514796.2263345,9784.8,1132.8,-6704.9,1
2026-04-09T14:53:53.951578+00:00,154.29,19.83,154.29,19.83,-106.7,437514796.2263345,9779.8,1130.2,-6701.4,1
2026-04-09T14:53:54.303070+00:00,154.26,19.90,154.26,19.9,-108.7,437514796.2263345,9775.0,1127.8,-6698.1,1
2026-04-09T14:53:54.679661+00:00,154.24,19.96,154.24,19.96,-107.7,437514796.2263345,9770.2,1125.5,-6694.8,1
2026-04-09T14:53:55.035454+00:00,154.22,20.03,154.22,20.03,-109.7,437514796.2263345,9765.0,1123.0,-6691.3,1
2026-04-09T14:53:55.387410+00:00,154.19,20.10,154.19,20.1,-107.7,437514796.2263345,9760.1,1120.6,-6687.9,1
2026-04-09T14:53:55.767841+00:00,154.17,20.17,154.17,20.17,-110.7,437514796.2263345,9755.2,1118.2,-6684.6,1
2026-04-09T14:53:56.115287+00:00,154.15,20.24,154.15,20.24,-105.7,437514796.2263345,9749.9,1115.7,-6681.0,1
2026-04-09T14:53:56.472572+00:00,154.12,20.31,154.12,20.31,-108.7,437514796.2263345,9744.9,1113.4,-6677.5,1
2026-04-09T14:53:56.868090+00:00,154.10,20.38,154.1,20.38,-105.7,437514741.7290872,9739.6,1110.9,-6673.9,1
2026-04-09T14:53:57.196563+00:00,154.07,20.45,154.07,20.45,-106.7,437514741.7290872,9734.3,1108.4,-6670.2,1
2026-04-09T14:53:57.552197+00:00,154.05,20.51,154.05,20.51,-109.7,437514741.7290872,9729.5,1106.2,-6667.0,1
2026-04-09T14:53:57.925186+00:00,154.03,20.58,154.03,20.58,-107.7,437514741.7290872,9724.4,1103.8,-6663.5,1
2026-04-09T14:53:58.280359+00:00,154.00,20.65,154.0,20.65,-110.7,437514741.7290872,9718.9,1101.3,-6659.7,1
2026-04-09T14:53:58.632205+00:00,153.98,20.72,153.98,20.72,-107.7,437514741.7290872,9713.7,1098.9,-6656.1,1
2026-04-09T14:53:59.007605+00:00,153.95,20.79,153.95,20.79,-110.7,437514741.7290872,9708.5,1096.6,-6652.6,1
2026-04-09T14:53:59.359032+00:00,153.93,20.87,153.93,20.87,-112.7,437514741.7290872,9702.9,1094.1,-6648.7,1
2026-04-09T14:53:59.696065+00:00,153.90,20.94,153.9,20.94,-106.7,437514741.7290872,9697.6,1091.8,-6645.1,1
2026-04-09T14:54:00.072244+00:00,153.88,21.00,153.88,21.0,-111.7,437514741.7290872,9692.5,1089.5,-6641.6,1
2026-04-09T14:54:00.448098+00:00,153.85,21.08,153.85,21.08,-107.7,437514686.82424533,9686.8,1087.0,-6637.7,1
2026-04-09T14:54:00.803850+00:00,153.83,21.15,153.83,21.15,-111.7,437514686.82424533,9681.1,1084.6,-6633.8,1
2026-04-09T14:54:01.175988+00:00,153.80,21.22,153.8,21.22,-104.7,437514686.82424533,9675.7,1082.2,-6630.1,1
2026-04-09T14:54:01.526863+00:00,153.77,21.30,153.77,21.3,-110.7,437514686.82424533,9669.9,1079.7,-6626.1,1
2026-04-09T14:54:01.880412+00:00,153.75,21.37,153.75,21.37,-110.7,437514686.82424533,9664.3,1077.4,-6622.3,1
2026-04-09T14:54:02.256281+00:00,153.72,21.44,153.72,21.44,-109.7,437514686.82424533,9658.7,1075.0,-6618.5,1
2026-04-09T14:54:02.587679+00:00,153.69,21.52,153.69,21.52,-108.7,437514686.82424533,9652.8,1072.6,-6614.4,1
2026-04-09T14:54:02.939733+00:00,153.67,21.59,153.67,21.59,-107.7,437514686.82424533,9647.5,1070.4,-6610.8,1
2026-04-09T14:54:03.316426+00:00,153.64,21.66,153.64,21.66,-110.7,437514686.82424533,9641.9,1068.0,-6606.9,1
2026-04-09T14:54:03.668243+00:00,153.62,21.73,153.62,21.73,-109.7,437514635.8043783,9635.8,1065.6,-6602.8,1
2026-04-09T14:54:04.024611+00:00,153.59,21.81,153.59,21.81,-107.7,437514635.8043783,9630.0,1063.2,-6598.8,1
2026-04-09T14:54:04.400458+00:00,153.56,21.88,153.56,21.88,-109.7,437514635.8043783,9624.2,1060.9,-6594.8,1
2026-04-09T14:54:04.751278+00:00,153.54,21.96,153.54,21.96,-112.7,437514635.8043783,9618.0,1058.4,-6590.6,1
2026-04-09T14:54:05.103157+00:00,153.51,22.03,153.51,22.03,-107.7,437514635.8043783,9612.1,1056.1,-6586.6,1
2026-04-09T14:54:05.480493+00:00,153.48,22.11,153.48,22.11,-111.7,437514635.8043783,9606.3,1053.8,-6582.5,1
2026-04-09T14:54:05.836015+00:00,153.45,22.19,153.45,22.19,-110.7,437514635.8043783,9599.9,1051.3,-6578.2,1
2026-04-09T14:54:06.188343+00:00,153.43,22.26,153.43,22.26,-110.7,437514635.8043783,9593.9,1049.0,-6574.1,1
2026-04-09T14:54:06.540004+00:00,153.40,22.33,153.4,22.33,-107.7,437514635.8043783,9587.9,1046.7,-6569.9,1
2026-04-09T14:54:06.897447+00:00,153.37,22.41,153.37,22.41,-109.7,437514635.8043783,9581.8,1044.3,-6565.7,1
2026-04-09T14:54:07.242199+00:00,153.34,22.49,153.34,22.49,-108.7,437514577.8333136,9575.3,1041.9,-6561.3,1
2026-04-09T14:54:07.602162+00:00,153.32,22.56,153.32,22.56,-110.7,437514577.8333136,9569.6,1039.7,-6557.4,1
2026-04-09T14:54:07.938293+00:00,153.29,22.64,153.29,22.64,-110.7,437514577.8333136,9563.3,1037.4,-6553.1,1
2026-04-09T14:54:08.279340+00:00,153.26,22.71,153.26,22.71,-107.7,437514577.8333136,9557.3,1035.2,-6549.0,1
2026-04-09T14:54:08.639296+00:00,153.23,22.78,153.23,22.78,-109.7,437514577.8333136,9551.3,1033.0,-6544.8,1
2026-04-09T14:54:08.974216+00:00,153.20,22.86,153.2,22.86,-113.7,437514577.8333136,9544.9,1030.6,-6540.5,1
2026-04-09T14:54:09.310521+00:00,153.18,22.93,153.18,22.93,-112.7,437514577.8333136,9538.8,1028.4,-6536.3,1
2026-04-09T14:54:09.670179+00:00,153.15,23.01,153.15,23.01,-115.7,437514577.8333136,9532.7,1026.2,-6532.1,1
2026-04-09T14:54:10.011434+00:00,153.12,23.09,153.12,23.09,-111.7,437514577.8333136,9526.0,1023.9,-6527.5,1
2026-04-09T14:54:10.346179+00:00,153.09,23.16,153.09,23.16,-109.7,437514577.8333136,9519.9,1021.7,-6523.3,1
2026-04-09T14:54:10.726474+00:00,153.06,23.24,153.06,23.24,-110.7,437514515.898178,9513.2,1019.3,-6518.7,1
2026-04-09T14:54:11.067371+00:00,153.03,23.32,153.03,23.32,-109.7,437514515.898178,9506.4,1017.0,-6514.1,1
2026-04-09T14:54:11.402193+00:00,153.00,23.39,153.0,23.39,-107.7,437514515.898178,9500.1,1014.8,-6509.8,1
2026-04-09T14:54:11.763355+00:00,152.98,23.47,152.98,23.47,-107.7,437514515.898178,9493.6,1012.6,-6505.3,1
2026-04-09T14:54:12.098187+00:00,152.94,23.55,152.94,23.55,-108.7,437514515.898178,9486.9,1010.3,-6500.7,1
2026-04-09T14:54:12.456678+00:00,152.92,23.63,152.92,23.63,-107.7,437514515.898178,9480.2,1008.0,-6496.2,1
2026-04-09T14:54:12.828934+00:00,152.88,23.71,152.88,23.71,-109.7,437514515.898178,9473.4,1005.7,-6491.4,1
2026-04-09T14:54:13.160352+00:00,152.85,23.79,152.85,23.79,-111.7,437514515.898178,9466.1,1003.3,-6486.5,1
2026-04-09T14:54:13.516563+00:00,152.82,23.87,152.82,23.87,-111.7,437514515.898178,9459.6,1001.1,-6482.0,1
2026-04-09T14:54:13.911051+00:00,152.79,23.96,152.79,23.96,-109.7,437514455.1031669,9452.1,998.7,-6476.9,1
2026-04-09T14:54:14.265062+00:00,152.76,24.04,152.76,24.04,-107.7,437514455.1031669,9444.6,996.3,-6471.8,1
2026-04-09T14:54:14.595776+00:00,152.73,24.12,152.73,24.12,-109.7,437514455.1031669,9437.6,994.0,-6466.9,1
2026-04-09T14:54:14.971572+00:00,152.70,24.20,152.7,24.2,-110.7,437514455.1031669,9430.9,991.8,-6462.3,1
2026-04-09T14:54:15.324551+00:00,152.66,24.29,152.66,24.29,-109.7,437514455.1031669,9423.2,989.4,-6457.1,1
2026-04-09T14:54:15.657546+00:00,152.63,24.37,152.63,24.37,-109.7,437514455.1031669,9416.0,987.1,-6452.2,1
2026-04-09T14:54:16.031423+00:00,152.60,24.45,152.6,24.45,-112.7,437514455.1031669,9409.2,985.0,-6447.5,1
2026-04-09T14:54:16.383998+00:00,152.57,24.54,152.57,24.54,-107.7,437514401.34415036,9401.3,982.6,-6442.1,1
2026-04-09T14:54:16.736428+00:00,152.53,24.62,152.53,24.62,-109.7,437514401.34415036,9394.0,980.3,-6437.0,1
2026-04-09T14:54:17.111039+00:00,152.50,24.70,152.5,24.7,-107.7,437514401.34415036,9386.5,978.0,-6432.0,1
2026-04-09T14:54:17.468445+00:00,152.47,24.79,152.47,24.79,-107.7,437514401.34415036,9378.6,975.6,-6426.5,1
2026-04-09T14:54:17.819045+00:00,152.43,24.88,152.43,24.88,-106.7,437514401.34415036,9370.9,973.3,-6421.3,1
2026-04-09T14:54:18.196122+00:00,152.40,24.96,152.4,24.96,-106.7,437514401.34415036,9363.3,971.1,-6416.1,1
2026-04-09T14:54:18.528547+00:00,152.36,25.05,152.36,25.05,-107.7,437514401.34415036,9355.2,968.7,-6410.5,1
2026-04-09T14:54:18.880088+00:00,152.33,25.13,152.33,25.13,-106.7,437514401.34415036,9347.9,966.5,-6405.5,1
2026-04-09T14:54:19.279532+00:00,152.30,25.22,152.3,25.22,-107.7,437514343.018222,9339.6,964.1,-6399.8,1
2026-04-09T14:54:19.632128+00:00,152.26,25.32,152.26,25.32,-103.7,437514343.018222,9331.3,961.7,-6394.1,1
2026-04-09T14:54:19.988217+00:00,152.23,25.40,152.23,25.4,-106.7,437514343.018222,9323.4,959.5,-6388.7,1
2026-04-09T14:54:20.360666+00:00,152.19,25.49,152.19,25.49,-107.7,437514343.018222,9315.4,957.2,-6383.2,1
2026-04-09T14:54:20.691302+00:00,152.15,25.58,152.15,25.58,-107.7,437514343.018222,9306.9,954.8,-6377.4,1
2026-04-09T14:54:21.045663+00:00,152.12,25.66,152.12,25.66,-107.7,437514343.018222,9299.3,952.7,-6372.2,1
2026-04-09T14:54:21.399090+00:00,152.09,25.75,152.09,25.75,-106.7,437514343.018222,9291.2,950.5,-6366.6,1
2026-04-09T14:54:21.751585+00:00,152.05,25.84,152.05,25.84,-107.7,437514343.018222,9283.0,948.2,-6361.0,1
2026-04-09T14:54:22.127079+00:00,152.01,25.93,152.01,25.93,-104.7,437514277.7867008,9274.2,945.8,-6355.0,1
2026-04-09T14:54:22.482375+00:00,151.98,26.02,151.98,26.02,-110.7,437514277.7867008,9266.1,943.6,-6349.4,1
2026-04-09T14:54:22.823316+00:00,151.94,26.11,151.94,26.11,-101.7,437514277.7867008,9257.5,941.3,-6343.6,1
2026-04-09T14:54:23.158174+00:00,151.90,26.20,151.9,26.2,-107.7,437514277.7867008,9249.5,939.2,-6338.1,1
2026-04-09T14:54:23.517208+00:00,151.87,26.28,151.87,26.28,-105.7,437514277.7867008,9241.4,937.1,-6332.5,1
2026-04-09T14:54:23.854151+00:00,151.83,26.38,151.83,26.38,-103.7,437514277.7867008,9232.7,934.8,-6326.5,1
2026-04-09T14:54:24.214176+00:00,151.79,26.47,151.79,26.47,-104.7,437514227.5178909,9223.9,932.5,-6320.5,1
2026-04-09T14:54:24.574867+00:00,151.76,26.56,151.76,26.56,-107.7,437514227.5178909,9215.5,930.4,-6314.8,1
2026-04-09T14:54:24.910549+00:00,151.72,26.65,151.72,26.65,-105.7,437514227.5178909,9206.7,928.1,-6308.7,1
2026-04-09T14:54:25.250149+00:00,151.68,26.74,151.68,26.74,-103.7,437514227.5178909,9198.2,926.0,-6302.9,1
2026-04-09T14:54:25.611305+00:00,151.65,26.82,151.65,26.82,-109.7,437514227.5178909,9189.8,923.9,-6297.2,1
2026-04-09T14:54:25.946174+00:00,151.61,26.92,151.61,26.92,-107.7,437514227.5178909,9180.7,921.6,-6290.9,1
2026-04-09T14:54:26.307337+00:00,151.57,27.01,151.57,27.01,-102.7,437514175.2695395,9171.5,919.4,-6284.6,1
2026-04-09T14:54:26.662993+00:00,151.53,27.10,151.53,27.1,-105.7,437514175.2695395,9162.9,917.2,-6278.7,1
2026-04-09T14:54:27.002255+00:00,151.49,27.20,151.49,27.2,-106.7,437514175.2695395,9153.6,915.0,-6272.3,1
2026-04-09T14:54:27.356439+00:00,151.45,27.29,151.45,27.29,-104.7,437514175.2695395,9144.6,912.8,-6266.2,1
2026-04-09T14:54:27.727071+00:00,151.41,27.38,151.41,27.38,-107.7,437514175.2695395,9135.3,910.6,-6259.8,1
2026-04-09T14:54:28.079743+00:00,151.37,27.48,151.37,27.48,-106.7,437514175.2695395,9125.5,908.3,-6253.1,1
2026-04-09T14:54:28.432340+00:00,151.33,27.58,151.33,27.58,-102.7,437514175.2695395,9116.1,906.1,-6246.6,1
2026-04-09T14:54:28.807417+00:00,151.29,27.68,151.29,27.68,-103.7,437514110.1235277,9106.1,903.8,-6239.8,1
2026-04-09T14:54:29.159073+00:00,151.25,27.78,151.25,27.78,-99.7,437514110.1235277,9096.5,901.5,-6233.2,1
2026-04-09T14:54:29.512127+00:00,151.21,27.87,151.21,27.87,-101.7,437514110.1235277,9086.8,899.4,-6226.6,1
2026-04-09T14:54:29.887068+00:00,151.17,27.97,151.17,27.97,-100.7,437514110.1235277,9077.2,897.2,-6220.0,1
2026-04-09T14:54:30.239060+00:00,151.12,28.07,151.12,28.07,-96.7,437514110.1235277,9066.8,894.8,-6212.8,1
2026-04-09T14:54:30.592091+00:00,151.08,28.17,151.08,28.17,-103.7,437514110.1235277,9056.9,892.6,-6206.1,1
2026-04-09T14:54:30.991373+00:00,151.03,28.28,151.03,28.28,-100.7,437514050.6923908,9046.4,890.3,-6198.9,1
2026-04-09T14:54:31.320748+00:00,150.99,28.38,150.99,28.38,-104.7,437514050.6923908,9035.8,888.0,-6191.6,1
2026-04-09T14:54:31.673086+00:00,150.95,28.47,150.95,28.47,-101.7,437514050.6923908,9026.3,885.9,-6185.1,1
2026-04-09T14:54:32.027729+00:00,150.91,28.57,150.91,28.57,-104.7,437514050.6923908,9016.1,883.8,-6178.1,1
2026-04-09T14:54:32.388841+00:00,150.86,28.67,150.86,28.67,-98.7,437514050.6923908,9005.9,881.6,-6171.1,1
2026-04-09T14:54:32.757451+00:00,150.82,28.78,150.82,28.78,-102.7,437513999.1238388,8994.9,879.3,-6163.6,1
2026-04-09T14:54:33.111571+00:00,150.77,28.88,150.77,28.88,-95.7,437513999.1238388,8984.5,877.1,-6156.5,1
2026-04-09T14:54:33.466797+00:00,150.73,28.98,150.73,28.98,-100.7,437513999.1238388,8974.0,874.9,-6149.3,1
2026-04-09T14:54:33.796206+00:00,150.68,29.08,150.68,29.08,-100.7,437513999.1238388,8963.4,872.7,-6142.0,1
2026-04-09T14:54:34.152224+00:00,150.64,29.18,150.64,29.18,-102.7,437513999.1238388,8953.4,870.7,-6135.2,1
2026-04-09T14:54:34.484285+00:00,150.59,29.28,150.59,29.28,-100.7,437513999.1238388,8942.7,868.5,-6127.8,1
2026-04-09T14:54:34.859067+00:00,150.55,29.39,150.55,29.39,-96.7,437513936.4312328,8931.8,866.3,-6120.3,1
2026-04-09T14:54:35.232158+00:00,150.50,29.49,150.5,29.49,-97.7,437513936.4312328,8920.9,864.2,-6112.9,1
2026-04-09T14:54:35.588249+00:00,150.45,29.60,150.45,29.6,-100.7,437513936.4312328,8909.3,861.9,-6105.0,1
2026-04-09T14:54:35.940071+00:00,150.41,29.70,150.41,29.7,-99.7,437513936.4312328,8898.2,859.7,-6097.3,1
2026-04-09T14:54:36.316409+00:00,150.36,29.81,150.36,29.81,-103.7,437513936.4312328,8887.0,857.6,-6089.7,1
2026-04-09T14:54:36.691061+00:00,150.31,29.93,150.31,29.93,-97.7,437513879.24899185,8874.4,855.2,-6081.0,1
2026-04-09T14:54:37.045593+00:00,150.26,30.03,150.26,30.03,-97.7,437513879.24899185,8863.1,853.0,-6073.3,1
2026-04-09T14:54:37.409918+00:00,150.21,30.14,150.21,30.14,-103.7,437513879.24899185,8851.7,850.9,-6065.5,1
2026-04-09T14:54:37.747326+00:00,150.16,30.25,150.16,30.25,-101.7,437513879.24899185,8840.0,848.7,-6057.5,1
2026-04-09T14:54:38.082201+00:00,150.11,30.35,150.11,30.35,-99.7,437513879.24899185,8829.0,846.7,-6049.9,1
2026-04-09T14:54:38.462281+00:00,150.06,30.46,150.06,30.46,-105.7,437513821.94917566,8817.1,844.5,-6041.8,1
2026-04-09T14:54:38.803258+00:00,150.01,30.57,150.01,30.57,-103.7,437513821.94917566,8805.1,842.3,-6033.6,1
2026-04-09T14:54:39.138212+00:00,149.97,30.67,149.97,30.67,-101.7,437513821.94917566,8793.7,840.3,-6025.7,1
2026-04-09T14:54:39.498539+00:00,149.92,30.78,149.92,30.78,-97.7,437513821.94917566,8782.3,838.2,-6017.9,1
2026-04-09T14:54:39.835135+00:00,149.87,30.89,149.87,30.89,-99.7,437513821.94917566,8770.0,836.1,-6009.5,1
2026-04-09T14:54:40.194165+00:00,149.81,31.00,149.81,31.0,-99.7,437513762.84439945,8757.8,833.9,-6001.1,1
2026-04-09T14:54:40.554193+00:00,149.76,31.11,149.76,31.11,-100.7,437513762.84439945,8746.0,831.9,-5993.1,1
2026-04-09T14:54:40.895325+00:00,149.71,31.22,149.71,31.22,-100.7,437513762.84439945,8733.5,829.7,-5984.5,1
2026-04-09T14:54:41.230130+00:00,149.66,31.33,149.66,31.33,-103.7,437513762.84439945,8721.7,827.7,-5976.4,1
2026-04-09T14:54:41.590200+00:00,149.61,31.43,149.61,31.43,-103.7,437513762.84439945,8709.6,825.7,-5968.1,1
2026-04-09T14:54:41.926844+00:00,149.56,31.55,149.56,31.55,-102.7,437513762.84439945,8696.8,823.6,-5959.3,1
2026-04-09T14:54:42.297048+00:00,149.50,31.66,149.5,31.66,-97.7,437513689.28212976,8684.0,821.4,-5950.6,1
2026-04-09T14:54:42.672869+00:00,149.45,31.77,149.45,31.77,-96.7,437513689.28212976,8671.2,819.3,-5941.8,1
2026-04-09T14:54:43.028425+00:00,149.39,31.90,149.39,31.9,-92.7,437513689.28212976,8657.4,817.1,-5932.4,1
2026-04-09T14:54:43.359382+00:00,149.34,32.01,149.34,32.01,-95.7,437513689.28212976,8644.5,815.0,-5923.5,1
2026-04-09T14:54:43.756447+00:00,149.28,32.13,149.28,32.13,-96.7,437513636.9105024,8631.2,812.9,-5914.4,1
2026-04-09T14:54:44.087812+00:00,149.22,32.25,149.22,32.25,-95.7,437513636.9105024,8617.2,810.7,-5904.8,1
2026-04-09T14:54:44.444180+00:00,149.17,32.36,149.17,32.36,-100.7,437513636.9105024,8604.7,808.7,-5896.2,1
2026-04-09T14:54:44.796475+00:00,149.11,32.47,149.11,32.47,-99.7,437513636.9105024,8591.3,806.7,-5887.0,1
2026-04-09T14:54:45.127625+00:00,149.06,32.59,149.06,32.59,-98.7,437513636.9105024,8577.7,804.6,-5877.7,1
2026-04-09T14:54:45.504500+00:00,149.00,32.71,149.0,32.71,-97.7,437513569.94171625,8564.1,802.5,-5868.4,1
2026-04-09T14:54:45.876015+00:00,148.94,32.83,148.94,32.83,None,437513569.94171625,8550.3,800.4,-5858.9,1
2026-04-09T14:54:46.232291+00:00,148.88,32.95,148.88,32.95,-100.7,437513569.94171625,8535.7,798.2,-5848.9,1
2026-04-09T14:54:46.584261+00:00,148.82,33.07,148.82,33.07,-95.7,437513569.94171625,8521.7,796.2,-5839.4,1
2026-04-09T14:54:46.936542+00:00,148.76,33.19,148.76,33.19,-100.7,437513569.94171625,8507.7,794.1,-5829.8,1
2026-04-09T14:54:47.308675+00:00,148.70,33.32,148.7,33.32,-97.7,437513498.65613294,8492.5,791.9,-5819.4,1
2026-04-09T14:54:47.644004+00:00,148.64,33.44,148.64,33.44,-97.7,437513498.65613294,8478.4,789.9,-5809.6,1
2026-04-09T14:54:48.020594+00:00,148.58,33.55,148.58,33.55,-96.7,437513498.65613294,8464.8,788.0,-5800.3,1
2026-04-09T14:54:48.371066+00:00,148.52,33.68,148.52,33.68,-93.7,437513498.65613294,8449.3,785.8,-5789.8,1
2026-04-09T14:54:48.723706+00:00,148.45,33.80,148.45,33.8,-94.7,437513498.65613294,8434.6,783.7,-5779.7,1
2026-04-09T14:54:49.123921+00:00,148.39,33.93,148.39,33.93,-95.7,437513425.3503913,8418.9,781.6,-5768.9,1
2026-04-09T14:54:49.476755+00:00,148.32,34.07,148.32,34.07,-95.7,437513425.3503913,8403.0,779.4,-5758.0,1
2026-04-09T14:54:49.828734+00:00,148.26,34.19,148.26,34.19,-94.7,437513425.3503913,8388.1,777.4,-5747.8,1
2026-04-09T14:54:50.184133+00:00,148.19,34.31,148.19,34.31,-94.7,437513425.3503913,8373.0,775.3,-5737.4,1
2026-04-09T14:54:50.540436+00:00,148.13,34.44,148.13,34.44,-94.7,437513425.3503913,8357.6,773.3,-5726.9,1
2026-04-09T14:54:50.916381+00:00,148.06,34.57,148.06,34.57,-97.7,437513347.7649066,8341.2,771.1,-5715.7,1
2026-04-09T14:54:51.293261+00:00,147.99,34.70,147.99,34.7,-97.7,437513347.7649066,8325.7,769.1,-5705.1,1
2026-04-09T14:54:51.624129+00:00,147.92,34.83,147.92,34.83,-95.7,437513347.7649066,8309.1,767.0,-5693.7,1
2026-04-09T14:54:51.952755+00:00,147.86,34.95,147.86,34.95,-99.7,437513347.7649066,8294.3,765.1,-5683.5,1
2026-04-09T14:54:52.315086+00:00,147.80,35.07,147.8,35.07,-100.7,437513347.7649066,8279.4,763.2,-5673.3,1
2026-04-09T14:54:52.678013+00:00,147.72,35.21,147.72,35.21,-99.7,437513268.86186534,8262.2,761.1,-5661.5,1
2026-04-09T14:54:53.015327+00:00,147.66,35.34,147.66,35.34,-97.7,437513268.86186534,8246.7,759.1,-5650.9,1
2026-04-09T14:54:53.370369+00:00,147.59,35.46,147.59,35.46,-103.7,437513268.86186534,8231.3,757.3,-5640.3,1
2026-04-09T14:54:53.711334+00:00,147.52,35.59,147.52,35.59,-96.7,437513268.86186534,8214.5,755.2,-5628.8,1
2026-04-09T14:54:54.066758+00:00,147.45,35.73,147.45,35.73,-95.7,437513204.5281923,8197.6,753.2,-5617.3,1
2026-04-09T14:54:54.426166+00:00,147.38,35.85,147.38,35.85,-99.7,437513204.5281923,8181.9,751.3,-5606.5,1
2026-04-09T14:54:54.762837+00:00,147.31,35.99,147.31,35.99,-93.7,437513204.5281923,8164.7,749.3,-5594.7,1
2026-04-09T14:54:55.102165+00:00,147.24,36.11,147.24,36.11,-95.7,437513204.5281923,8148.7,747.4,-5583.8,1
2026-04-09T14:54:55.482545+00:00,147.17,36.25,147.17,36.25,-99.7,437513138.39454746,8131.3,745.4,-5571.8,1
2026-04-09T14:54:55.819196+00:00,147.09,36.38,147.09,36.38,-96.7,437513138.39454746,8113.7,743.4,-5559.8,1
2026-04-09T14:54:56.158198+00:00,147.02,36.51,147.02,36.51,-101.7,437513138.39454746,8097.3,741.5,-5548.5,1
2026-04-09T14:54:56.538168+00:00,146.95,36.65,146.95,36.65,-95.7,437513086.7711269,8079.5,739.5,-5536.3,1
2026-04-09T14:54:56.879365+00:00,146.87,36.79,146.87,36.79,-101.7,437513086.7711269,8061.5,737.5,-5524.0,1
2026-04-09T14:54:57.223092+00:00,146.80,36.92,146.8,36.92,-99.7,437513086.7711269,8044.7,735.7,-5512.5,1
2026-04-09T14:54:57.619793+00:00,146.72,37.06,146.72,37.06,-92.7,437513033.44535786,8025.8,733.6,-5499.5,1
2026-04-09T14:54:57.971732+00:00,146.63,37.21,146.63,37.21,-94.7,437513033.44535786,8006.6,731.6,-5486.4,1
2026-04-09T14:54:58.328408+00:00,146.56,37.34,146.56,37.34,-91.7,437513033.44535786,7988.5,729.7,-5474.0,1
2026-04-09T14:54:58.703092+00:00,146.47,37.49,146.47,37.49,-96.7,437512976.72059196,7968.9,727.6,-5460.5,1
2026-04-09T14:54:59.057473+00:00,146.39,37.63,146.39,37.63,-98.7,437512976.72059196,7950.3,725.7,-5447.8,1
2026-04-09T14:54:59.412842+00:00,146.31,37.77,146.31,37.77,-94.7,437512976.72059196,7931.6,723.7,-5435.0,1
2026-04-09T14:54:59.807959+00:00,146.23,37.92,146.23,37.92,-95.7,437512919.6680402,7911.6,721.7,-5421.3,1
2026-04-09T14:55:00.160641+00:00,146.14,38.07,146.14,38.07,-95.7,437512919.6680402,7891.5,719.7,-5407.5,1
2026-04-09T14:55:00.492217+00:00,146.06,38.21,146.06,38.21,-101.7,437512919.6680402,7872.6,717.8,-5394.5,1
2026-04-09T14:55:00.888177+00:00,145.97,38.36,145.97,38.36,-99.7,437512861.4718009,7853.3,715.9,-5381.3,1
2026-04-09T14:55:01.216451+00:00,145.89,38.51,145.89,38.51,-95.7,437512861.4718009,7832.8,713.9,-5367.3,1
2026-04-09T14:55:01.571117+00:00,145.81,38.64,145.81,38.64,-97.7,437512861.4718009,7814.4,712.1,-5354.7,1
2026-04-09T14:55:01.943067+00:00,145.71,38.79,145.71,38.79,-95.7,437512801.8568189,7793.5,710.1,-5340.3,1
2026-04-09T14:55:02.295767+00:00,145.63,38.94,145.63,38.94,-92.7,437512801.8568189,7773.6,708.2,-5326.7,1
2026-04-09T14:55:02.652071+00:00,145.54,39.09,145.54,39.09,-95.7,437512801.8568189,7753.6,706.3,-5313.0,1
2026-04-09T14:55:03.052953+00:00,145.45,39.24,145.45,39.24,-95.7,437512740.64494985,7732.1,704.3,-5298.3,1
2026-04-09T14:55:03.380303+00:00,145.35,39.40,145.35,39.4,-94.7,437512740.64494985,7710.4,702.3,-5283.4,1
2026-04-09T14:55:03.732241+00:00,145.27,39.54,145.27,39.54,-99.7,437512740.64494985,7691.0,700.6,-5270.1,1
2026-04-09T14:55:04.131139+00:00,145.17,39.69,145.17,39.69,-96.7,437512677.95376897,7668.9,698.6,-5255.0,1
2026-04-09T14:55:04.485271+00:00,145.07,39.85,145.07,39.85,-97.7,437512677.95376897,7646.7,696.6,-5239.7,1
2026-04-09T14:55:04.840133+00:00,144.98,40.00,144.98,40.0,-93.7,437512677.95376897,7625.6,694.8,-5225.3,1
2026-04-09T14:55:05.236458+00:00,144.88,40.16,144.88,40.16,-99.7,437512612.0367478,7603.0,692.8,-5209.8,1
2026-04-09T14:55:05.588412+00:00,144.78,40.32,144.78,40.32,-96.7,437512612.0367478,7580.2,690.9,-5194.2,1
2026-04-09T14:55:05.944153+00:00,144.68,40.48,144.68,40.48,-96.7,437512612.0367478,7558.6,689.0,-5179.4,1
2026-04-09T14:55:06.339897+00:00,144.58,40.64,144.58,40.64,-93.7,437512544.6810318,7535.4,687.1,-5163.5,1
2026-04-09T14:55:06.696212+00:00,144.48,40.80,144.48,40.8,-96.7,437512544.6810318,7512.0,685.2,-5147.5,1
2026-04-09T14:55:07.048309+00:00,144.38,40.96,144.38,40.96,-93.7,437512544.6810318,7489.7,683.3,-5132.2,1
2026-04-09T14:55:07.426707+00:00,144.27,41.12,144.27,41.12,-98.7,437512475.61156595,7466.4,681.5,-5116.2,1
2026-04-09T14:55:07.766152+00:00,144.17,41.27,144.17,41.27,-95.7,437512475.61156595,7443.4,679.6,-5100.5,1
2026-04-09T14:55:08.107283+00:00,144.07,41.43,144.07,41.43,-95.7,437512475.61156595,7421.6,677.9,-5085.5,1
2026-04-09T14:55:08.487677+00:00,143.97,41.58,143.97,41.58,-100.7,437512407.7249794,7398.5,676.1,-5069.7,1
2026-04-09T14:55:08.822166+00:00,143.86,41.74,143.86,41.74,-100.7,437512407.7249794,7374.7,674.2,-5053.4,1
2026-04-09T14:55:09.164056+00:00,143.76,41.90,143.76,41.9,-101.7,437512407.7249794,7352.5,672.5,-5038.2,1
2026-04-09T14:55:09.543391+00:00,143.65,42.06,143.65,42.06,-104.7,437512338.3348535,7328.9,670.7,-5022.0,1
2026-04-09T14:55:09.878126+00:00,143.54,42.22,143.54,42.22,-101.7,437512338.3348535,7304.9,668.9,-5005.5,1
2026-04-09T14:55:10.215166+00:00,143.44,42.37,143.44,42.37,-103.7,437512338.3348535,7281.9,667.2,-4989.8,1
2026-04-09T14:55:10.599376+00:00,143.33,42.53,143.33,42.53,-103.7,437512267.6521111,7257.7,665.5,-4973.2,1
2026-04-09T14:55:10.934118+00:00,143.22,42.70,143.22,42.7,-99.7,437512267.6521111,7233.1,663.7,-4956.3,1
2026-04-09T14:55:11.270960+00:00,143.11,42.85,143.11,42.85,-103.7,437512267.6521111,7209.8,662.0,-4940.4,1
2026-04-09T14:55:11.650161+00:00,142.99,43.02,142.99,43.02,-101.7,437512194.95134807,7184.8,660.2,-4923.2,1
2026-04-09T14:55:11.987480+00:00,142.88,43.18,142.88,43.18,-98.7,437512194.95134807,7159.4,658.5,-4905.9,1
2026-04-09T14:55:12.340436+00:00,142.77,43.34,142.77,43.34,-92.7,437512194.95134807,7135.6,656.8,-4889.5,1
2026-04-09T14:55:12.736970+00:00,142.64,43.52,142.64,43.52,-94.7,437512119.51642364,7108.7,655.0,-4871.1,1
2026-04-09T14:55:13.092131+00:00,142.52,43.69,142.52,43.69,-92.7,437512119.51642364,7081.8,653.2,-4852.7,1
2026-04-09T14:55:13.451465+00:00,142.40,43.86,142.4,43.86,-97.7,437512119.51642364,7056.2,651.5,-4835.1,1
2026-04-09T14:55:13.840817+00:00,142.27,44.04,142.27,44.04,-96.7,437512039.2124541,7028.5,649.6,-4816.2,1
2026-04-09T14:55:14.195931+00:00,142.14,44.21,142.14,44.21,-91.7,437512039.2124541,7000.9,647.8,-4797.3,1
2026-04-09T14:55:14.527082+00:00,142.01,44.38,142.01,44.38,-95.7,437512039.2124541,6974.7,646.1,-4779.3,1
2026-04-09T14:55:14.904373+00:00,141.89,44.55,141.89,44.55,-91.7,437511959.55265504,6948.3,644.5,-4761.2,1
2026-04-09T14:55:15.256103+00:00,141.76,44.72,141.76,44.72,-93.7,437511959.55265504,6921.5,642.8,-4742.8,1
2026-04-09T14:55:15.587163+00:00,141.63,44.89,141.63,44.89,-94.7,437511959.55265504,6894.6,641.1,-4724.4,1
2026-04-09T14:55:15.963584+00:00,141.51,45.05,141.51,45.05,-91.7,437511879.15533787,6869.0,639.5,-4706.8,1
2026-04-09T14:55:16.316957+00:00,141.37,45.24,141.37,45.24,-91.7,437511879.15533787,6840.0,637.8,-4687.0,1
2026-04-09T14:55:16.671286+00:00,141.24,45.41,141.24,45.41,-91.7,437511879.15533787,6812.5,636.1,-4668.2,1
2026-04-09T14:55:17.048156+00:00,141.10,45.59,141.1,45.59,-101.7,437511794.9500042,6783.1,634.4,-4648.0,1
2026-04-09T14:55:17.400076+00:00,140.96,45.77,140.96,45.77,-94.7,437511794.9500042,6755.1,632.7,-4628.8,1
2026-04-09T14:55:17.751593+00:00,140.83,45.94,140.83,45.94,-91.7,437511794.9500042,6726.8,631.1,-4609.4,1
2026-04-09T14:55:18.153176+00:00,140.68,46.13,140.68,46.13,-92.7,437511709.0138188,6696.7,629.4,-4588.8,1
2026-04-09T14:55:18.507255+00:00,140.53,46.32,140.53,46.32,-93.7,437511709.0138188,6666.1,627.6,-4567.8,1
2026-04-09T14:55:18.856115+00:00,140.39,46.49,140.39,46.49,-89.7,437511709.0138188,6637.3,626.0,-4548.1,1
2026-04-09T14:55:19.256431+00:00,140.23,46.68,140.23,46.68,-91.7,437511619.0130888,6606.4,624.3,-4526.9,1
2026-04-09T14:55:19.587057+00:00,140.08,46.87,140.08,46.87,-91.7,437511619.0130888,6575.2,622.6,-4505.6,1
2026-04-09T14:55:19.939396+00:00,139.94,47.04,139.94,47.04,-93.7,437511619.0130888,6547.3,621.1,-4486.4,1
2026-04-09T14:55:20.335630+00:00,139.78,47.23,139.78,47.23,None,437511528.6069021,6515.6,619.5,-4464.7,1
2026-04-09T14:55:20.688964+00:00,139.62,47.42,139.62,47.42,-95.7,437511528.6069021,6483.9,617.8,-4443.0,1
2026-04-09T14:55:21.040829+00:00,139.47,47.60,139.47,47.6,-91.7,437511528.6069021,6453.7,616.2,-4422.3,1
2026-04-09T14:55:21.415457+00:00,139.31,47.79,139.31,47.79,-101.7,437511434.4739328,6421.3,614.6,-4400.1,1
2026-04-09T14:55:21.772176+00:00,139.15,47.97,139.15,47.97,-94.7,437511434.4739328,6390.5,613.0,-4379.0,1
2026-04-09T14:55:22.122660+00:00,138.99,48.16,138.99,48.16,-91.7,437511434.4739328,6359.4,611.5,-4357.7,1
2026-04-09T14:55:22.520156+00:00,138.82,48.35,138.82,48.35,-103.7,437511339.8271947,6326.4,609.9,-4335.0,1
2026-04-09T14:55:22.872912+00:00,138.65,48.54,138.65,48.54,-91.7,437511339.8271947,6292.9,608.2,-4312.1,1
2026-04-09T14:55:23.228563+00:00,138.48,48.73,138.48,48.73,-90.7,437511339.8271947,6261.2,606.7,-4290.4,1
2026-04-09T14:55:23.604123+00:00,138.30,48.93,138.3,48.93,-98.7,437511240.7674616,6227.2,605.1,-4267.1,1
2026-04-09T14:55:23.956313+00:00,138.13,49.11,138.13,49.11,-93.7,437511240.7674616,6194.7,603.6,-4244.8,1
2026-04-09T14:55:24.287615+00:00,137.96,49.30,137.96,49.3,-94.7,437511240.7674616,6162.4,602.1,-4222.6,1
2026-04-09T14:55:24.663246+00:00,137.79,49.48,137.79,49.48,-90.7,437511143.70009637,6129.7,600.6,-4200.3,1
2026-04-09T14:55:25.016656+00:00,137.61,49.67,137.61,49.67,-94.7,437511143.70009637,6096.5,599.1,-4177.5,1
2026-04-09T14:55:25.368474+00:00,137.43,49.86,137.43,49.86,-90.7,437511143.70009637,6063.4,597.7,-4154.9,1
2026-04-09T14:55:25.767474+00:00,137.24,50.06,137.24,50.06,-93.7,437511042.3743655,6027.9,596.1,-4130.5,1
2026-04-09T14:55:26.120309+00:00,137.05,50.26,137.05,50.26,-97.7,437510991.90888405,5991.9,594.6,-4105.8,1
2026-04-09T14:55:26.451864+00:00,136.86,50.45,136.86,50.45,-97.7,437510991.90888405,5958.0,593.1,-4082.6,1
2026-04-09T14:55:26.828871+00:00,136.69,50.63,136.69,50.63,-97.7,437510938.485848,5925.7,591.8,-4060.5,1
2026-04-09T14:55:27.182262+00:00,136.48,50.84,136.48,50.84,-104.7,437510938.485848,5889.1,590.2,-4035.4,1
2026-04-09T14:55:27.536208+00:00,136.29,51.03,136.29,51.03,-92.7,437510938.485848,5854.5,588.8,-4011.7,1
2026-04-09T14:55:27.908773+00:00,136.08,51.23,136.08,51.23,-95.7,437510832.1610267,5817.3,587.3,-3986.2,1
2026-04-09T14:55:28.263014+00:00,135.89,51.42,135.89,51.42,-97.7,437510782.0030227,5782.0,585.9,-3962.0,1
2026-04-09T14:55:28.619364+00:00,135.68,51.62,135.68,51.62,-96.7,437510782.0030227,5746.4,584.5,-3937.6,1
2026-04-09T14:55:29.016411+00:00,135.47,51.82,135.47,51.82,-93.7,437510723.5577374,5708.4,583.0,-3911.6,1
2026-04-09T14:55:29.367187+00:00,135.25,52.03,135.25,52.03,-92.7,437510669.91879016,5669.9,581.6,-3885.2,1
2026-04-09T14:55:29.719771+00:00,135.04,52.23,135.04,52.23,-95.7,437510669.91879016,5633.7,580.2,-3860.4,1
2026-04-09T14:55:30.100137+00:00,134.83,52.42,134.83,52.42,-94.7,437510610.774466,5597.1,578.9,-3835.3,1
2026-04-09T14:55:30.476109+00:00,134.60,52.63,134.6,52.63,-96.7,437510557.6557007,5557.7,577.4,-3808.3,1
2026-04-09T14:55:30.828071+00:00,134.36,52.84,134.36,52.84,-97.7,437510557.6557007,5518.1,576.0,-3781.2,1
2026-04-09T14:55:31.224056+00:00,134.13,53.05,134.13,53.05,-91.7,437510494.6463537,5478.7,574.6,-3754.2,1
2026-04-09T14:55:31.580115+00:00,133.89,53.26,133.89,53.26,-91.7,437510438.6477048,5438.6,573.2,-3726.7,1
2026-04-09T14:55:31.909599+00:00,133.66,53.46,133.66,53.46,-95.7,437510438.6477048,5400.7,571.9,-3700.7,1
2026-04-09T14:55:32.309525+00:00,133.43,53.65,133.43,53.65,-96.7,437510378.844246,5362.3,570.5,-3674.4,1
2026-04-09T14:55:32.663085+00:00,133.18,53.87,133.18,53.87,-95.7,437510321.16925746,5321.2,569.2,-3646.2,1
2026-04-09T14:55:33.020215+00:00,132.94,54.07,132.94,54.07,-94.7,437510321.16925746,5282.4,567.9,-3619.6,1
2026-04-09T14:55:33.416485+00:00,132.68,54.28,132.68,54.28,-95.7,437510257.37963766,5240.9,566.5,-3591.2,1
2026-04-09T14:55:33.767574+00:00,132.42,54.49,132.42,54.49,-96.7,437510198.9999095,5199.0,565.2,-3562.5,1
2026-04-09T14:55:34.124033+00:00,132.17,54.69,132.17,54.69,-96.7,437510198.9999095,5159.6,563.9,-3535.5,1
2026-04-09T14:55:34.521606+00:00,131.90,54.90,131.9,54.9,-96.7,437510134.0876233,5116.8,562.6,-3506.2,1
2026-04-09T14:55:34.876085+00:00,131.63,55.12,131.63,55.12,-96.7,437510074.3914075,5074.4,561.3,-3477.1,1
2026-04-09T14:55:35.228073+00:00,131.37,55.32,131.37,55.32,-99.7,437510074.3914075,5033.7,560.1,-3449.3,1
2026-04-09T14:55:35.623094+00:00,131.09,55.53,131.09,55.53,-91.7,437510008.1754598,4990.8,558.8,-3419.8,1
2026-04-09T14:55:35.976153+00:00,130.80,55.74,130.8,55.74,-95.7,437509947.3106162,4947.3,557.5,-3390.1,1
2026-04-09T14:55:36.329633+00:00,130.53,55.94,130.53,55.94,-95.7,437509947.3106162,4906.3,556.3,-3362.0,1
2026-04-09T14:55:36.723813+00:00,130.24,56.16,130.24,56.16,-98.7,437509879.96238226,4862.2,555.1,-3331.7,1
2026-04-09T14:55:37.080558+00:00,129.94,56.37,129.94,56.37,-94.7,437509818.04791135,4818.0,553.8,-3301.5,1
2026-04-09T14:55:37.414584+00:00,129.66,56.57,129.66,56.57,-104.7,437509818.04791135,4776.3,552.7,-3272.9,1
2026-04-09T14:55:37.795037+00:00,129.37,56.78,129.37,56.78,-102.7,437509751.16499084,4733.6,551.5,-3243.6,1
2026-04-09T14:55:38.154171+00:00,129.07,56.98,129.07,56.98,-105.7,437509690.3386264,4690.3,550.4,-3214.0,1
2026-04-09T14:55:38.495251+00:00,128.76,57.19,128.76,57.19,-101.7,437509690.3386264,4646.4,549.2,-3183.9,1
2026-04-09T14:55:38.875331+00:00,128.45,57.40,128.45,57.4,-101.7,437509620.39304596,4602.6,548.1,-3153.9,1
2026-04-09T14:55:39.230927+00:00,128.14,57.60,128.14,57.6,-102.7,437509558.8409209,4558.8,546.9,-3123.9,1
2026-04-09T14:55:39.570202+00:00,127.82,57.80,127.82,57.8,-103.7,437509558.8409209,4514.4,545.8,-3093.4,1
2026-04-09T14:55:39.950161+00:00,127.50,58.01,127.5,58.01,-101.7,437509487.8496323,4469.6,544.7,-3062.7,1
2026-04-09T14:55:40.310178+00:00,127.17,58.22,127.17,58.22,-100.7,437509424.3949242,4424.4,543.6,-3031.7,1
2026-04-09T14:55:40.646249+00:00,126.84,58.42,126.84,58.42,-102.7,437509424.3949242,4379.6,542.5,-3001.1,1
2026-04-09T14:55:41.027135+00:00,126.50,58.63,126.5,58.63,-102.7,437509352.73096204,4334.2,541.5,-2969.9,1
2026-04-09T14:55:41.386197+00:00,126.16,58.83,126.16,58.83,-101.7,437509288.3042977,4288.3,540.4,-2938.5,1
2026-04-09T14:55:41.727297+00:00,125.80,59.04,125.8,59.04,-103.7,437509288.3042977,4242.0,539.3,-2906.8,1
2026-04-09T14:55:42.105601+00:00,125.45,59.24,125.45,59.24,-99.7,437509214.53787434,4196.2,538.3,-2875.4,1
2026-04-09T14:55:42.484426+00:00,125.08,59.45,125.08,59.45,-97.7,437509148.28843564,4148.3,537.3,-2842.5,1
2026-04-09T14:55:42.816115+00:00,124.70,59.66,124.7,59.66,-99.7,437509148.28843564,4099.6,536.2,-2809.2,1
2026-04-09T14:55:43.192207+00:00,124.33,59.87,124.33,59.87,-95.7,437509072.88628966,4053.2,535.2,-2777.4,1
2026-04-09T14:55:43.543679+00:00,123.96,60.07,123.96,60.07,-100.7,437509006.4120326,4006.4,534.2,-2745.3,1
2026-04-09T14:55:43.899114+00:00,123.58,60.27,123.58,60.27,-97.7,437509006.4120326,3959.6,533.3,-2713.2,1
2026-04-09T14:55:44.273106+00:00,123.17,60.48,123.17,60.48,-95.7,437508929.58116794,3909.6,532.3,-2679.0,1
2026-04-09T14:55:44.623969+00:00,122.78,60.68,122.78,60.68,-96.7,437508862.1370923,3862.1,531.3,-2646.5,1
2026-04-09T14:55:44.956305+00:00,122.38,60.87,122.38,60.87,-95.7,437508862.1370923,3814.8,530.4,-2614.0,1
2026-04-09T14:55:45.357279+00:00,121.98,61.07,121.98,61.07,-101.7,437508787.4101139,3766.7,529.5,-2581.1,1
2026-04-09T14:55:45.707810+00:00,121.54,61.28,121.54,61.28,-99.7,437508715.3602908,3715.4,528.5,-2545.9,1
2026-04-09T14:55:46.059916+00:00,121.12,61.48,121.12,61.48,-98.7,437508715.3602908,3667.2,527.6,-2512.9,1
2026-04-09T14:55:46.460385+00:00,120.67,61.69,120.67,61.69,-96.7,437508636.61223525,3615.5,526.7,-2477.5,1
2026-04-09T14:55:46.816325+00:00,120.21,61.90,120.21,61.9,-97.7,437508563.4101736,3563.4,525.8,-2441.8,1
2026-04-09T14:55:47.148090+00:00,119.77,62.09,119.77,62.09,-95.7,437508563.4101736,3514.2,524.9,-2408.0,1
2026-04-09T14:55:47.543995+00:00,119.33,62.28,119.33,62.28,-96.7,437508485.58989453,3464.6,524.1,-2374.1,1
2026-04-09T14:55:47.896425+00:00,118.84,62.49,118.84,62.49,-100.7,437508411.80921966,3411.8,523.2,-2337.9,1
2026-04-09T14:55:48.228732+00:00,118.38,62.68,118.38,62.68,-97.7,437508411.80921966,3362.1,522.3,-2303.8,1
2026-04-09T14:55:48.628473+00:00,117.91,62.87,117.91,62.87,-97.7,437508333.3725606,3311.6,521.5,-2269.2,1
2026-04-09T14:55:48.984718+00:00,117.41,63.07,117.41,63.07,-100.7,437508258.0630498,3258.1,520.7,-2232.5,1
2026-04-09T14:55:49.336430+00:00,116.92,63.26,116.92,63.26,-99.7,437508258.0630498,3207.6,519.9,-2197.9,1
2026-04-09T14:55:49.731205+00:00,116.40,63.46,116.4,63.46,-97.7,437508175.08441913,3153.6,519.1,-2160.9,1
2026-04-09T14:55:50.084990+00:00,115.87,63.66,115.87,63.66,-97.7,437508099.233349,3099.2,518.3,-2123.7,1
2026-04-09T14:55:50.440393+00:00,115.36,63.84,115.36,63.84,-97.7,437508099.233349,3047.9,517.5,-2088.5,1
2026-04-09T14:55:50.836582+00:00,114.81,64.04,114.81,64.04,-97.7,437508015.1120996,2993.2,516.8,-2051.0,1
2026-04-09T14:55:51.189036+00:00,114.25,64.23,114.25,64.23,-91.7,437507938.2342048,2938.2,516.0,-2013.4,1
2026-04-09T14:55:51.520836+00:00,113.71,64.41,113.71,64.41,-101.7,437507938.2342048,2886.2,515.3,-1977.7,1
2026-04-09T14:55:51.920140+00:00,113.17,64.59,113.17,64.59,-99.7,437507856.4968848,2834.0,514.6,-1941.9,1
2026-04-09T14:55:52.292939+00:00,112.58,64.78,112.58,64.78,-99.7,437507778.1225763,2778.1,513.9,-1903.7,1
2026-04-09T14:55:52.624249+00:00,111.99,64.96,111.99,64.96,-98.7,437507778.1225763,2722.7,513.2,-1865.7,1
2026-04-09T14:55:53.021359+00:00,111.41,65.13,111.41,65.13,-96.7,437507692.4730254,2669.7,512.5,-1829.3,1
2026-04-09T14:55:53.375245+00:00,110.80,65.32,110.8,65.32,-95.7,437507613.53934324,2613.5,511.8,-1790.9,1
2026-04-09T14:55:53.728853+00:00,110.21,65.49,110.21,65.49,-95.7,437507613.53934324,2560.0,511.2,-1754.2,1
2026-04-09T14:55:54.108445+00:00,109.61,65.65,109.61,65.65,-95.7,437507526.29646796,2506.5,510.6,-1717.5,1
2026-04-09T14:55:54.460657+00:00,108.96,65.83,108.96,65.83,-100.7,437507449.4028965,2449.4,510.0,-1678.4,1
2026-04-09T14:55:54.811808+00:00,108.34,65.99,108.34,65.99,-97.7,437507449.4028965,2395.5,509.4,-1641.5,1
2026-04-09T14:55:55.208624+00:00,107.68,66.16,107.68,66.16,None,437507361.55112344,2338.1,508.8,-1602.2,1
2026-04-09T14:55:55.561325+00:00,107.00,66.33,107.0,66.33,-101.7,437507280.8614711,2280.9,508.2,-1562.9,1
2026-04-09T14:55:55.892581+00:00,106.36,66.49,106.36,66.49,-98.7,437507280.8614711,2226.6,507.6,-1525.7,1
2026-04-09T14:55:56.268300+00:00,105.74,66.63,105.74,66.63,-96.7,437507195.43798554,2175.1,507.1,-1490.5,1
2026-04-09T14:55:56.620817+00:00,105.03,66.79,105.03,66.79,-98.7,437507117.1614784,2117.2,506.6,-1450.7,1
2026-04-09T14:55:56.976050+00:00,104.36,66.94,104.36,66.94,-91.7,437507117.1614784,2062.2,506.1,-1413.1,1
2026-04-09T14:55:57.372922+00:00,103.62,67.10,103.62,67.1,-97.7,437507027.2916847,2003.3,505.5,-1372.7,1
2026-04-09T14:55:57.728109+00:00,102.89,67.25,102.89,67.25,-98.7,437506945.0078173,1945.0,505.0,-1332.8,1
2026-04-09T14:55:58.080267+00:00,102.19,67.39,102.19,67.39,-98.7,437506945.0078173,1889.7,504.6,-1294.9,1
2026-04-09T14:55:58.480437+00:00,101.42,67.53,101.42,67.53,-96.7,437506854.37699044,1830.4,504.1,-1254.2,1
2026-04-09T14:55:58.831690+00:00,100.65,67.67,100.65,67.67,-97.7,437506771.1567958,1771.2,503.6,-1213.7,1
2026-04-09T14:55:59.188157+00:00,99.92,67.80,99.92,67.8,-97.7,437506771.1567958,1715.3,503.2,-1175.4,1
2026-04-09T14:55:59.584103+00:00,99.12,67.94,99.12,67.94,-98.7,437506679.43625903,1655.7,502.8,-1134.5,1
2026-04-09T14:55:59.936412+00:00,98.32,68.07,98.32,68.07,-97.7,437506595.96042705,1596.0,502.4,-1093.6,1
2026-04-09T14:56:00.291090+00:00,97.56,68.19,97.56,68.19,-101.7,437506595.96042705,1539.8,502.0,-1055.1,1
2026-04-09T14:56:00.688986+00:00,96.73,68.31,96.73,68.31,-97.7,437506503.91976464,1479.4,501.6,-1013.7,1
2026-04-09T14:56:01.044151+00:00,95.90,68.43,95.9,68.43,-103.7,437506419.6171641,1419.6,501.2,-972.8,1
2026-04-09T14:56:01.395633+00:00,95.11,68.54,95.11,68.54,-98.7,437506419.6171641,1362.9,500.9,-933.9,1
2026-04-09T14:56:01.796164+00:00,94.25,68.66,94.25,68.66,-104.7,437506326.98942655,1302.4,500.5,-892.4,1
2026-04-09T14:56:02.147886+00:00,93.39,68.76,93.39,68.76,-97.7,437506241.7536162,1241.8,500.2,-850.9,1
2026-04-09T14:56:02.499989+00:00,92.57,68.86,92.57,68.86,-103.7,437506241.7536162,1184.8,499.9,-811.9,1
2026-04-09T14:56:02.901053+00:00,91.70,68.96,91.7,68.96,-95.7,437506149.00616556,1124.3,499.6,-770.4,1
2026-04-09T14:56:03.251665+00:00,90.81,69.05,90.81,69.05,-101.7,437506063.4190542,1063.4,499.3,-728.7,1
2026-04-09T14:56:03.608464+00:00,89.97,69.14,89.97,69.14,-98.7,437506063.4190542,1006.2,499.1,-689.5,1
2026-04-09T14:56:04.008181+00:00,89.05,69.23,89.05,69.23,-98.7,437505969.4222763,944.7,498.8,-647.3,1
2026-04-09T14:56:04.361387+00:00,88.14,69.31,88.14,69.31,-97.7,437505883.47869796,883.5,498.6,-605.4,1
2026-04-09T14:56:04.692367+00:00,87.28,69.38,87.28,69.38,-101.7,437505883.47869796,825.9,498.4,-566.0,1
2026-04-09T14:56:05.091341+00:00,86.40,69.45,86.4,69.45,-98.7,437505793.0581705,768.2,498.2,-526.4,1
2026-04-09T14:56:05.444573+00:00,85.47,69.51,85.47,69.51,-97.7,437505706.6750652,706.7,498.0,-484.2,1
2026-04-09T14:56:05.799078+00:00,84.58,69.57,84.58,69.57,-98.7,437505706.6750652,648.8,497.8,-444.6,1
2026-04-09T14:56:06.196987+00:00,83.63,69.63,83.63,69.63,-106.7,437505612.32431424,587.2,497.7,-402.4,1
2026-04-09T14:56:06.551864+00:00,82.69,69.68,82.69,69.68,-101.7,437505525.9715379,526.0,497.5,-360.4,1
2026-04-09T14:56:06.905454+00:00,81.79,69.72,81.79,69.72,-100.7,437505525.9715379,467.8,497.4,-320.6,1
2026-04-09T14:56:07.278904+00:00,80.88,69.76,80.88,69.76,-99.7,437505431.14015317,409.6,497.3,-280.7,1
2026-04-09T14:56:07.636104+00:00,79.92,69.80,79.92,69.8,-99.7,437505348.4344175,348.4,497.2,-238.8,1
2026-04-09T14:56:07.964478+00:00,79.02,69.83,79.02,69.83,-98.7,437505348.4344175,290.4,497.1,-199.0,1
2026-04-09T14:56:08.339090+00:00,78.11,69.85,78.11,69.85,-100.7,437505257.38038605,232.8,497.1,-159.5,1
2026-04-09T14:56:08.692352+00:00,77.20,69.87,77.2,69.87,-101.7,437505174.6947362,174.7,497.0,-119.7,1
2026-04-09T14:56:09.027120+00:00,76.28,69.89,76.28,69.89,-94.7,437505174.6947362,116.6,497.0,-79.9,1
2026-04-09T14:56:09.401410+00:00,75.36,69.90,75.36,69.9,-99.7,437505082.8113085,58.3,497.0,-39.9,1
2026-04-09T14:56:09.756197+00:00,74.43,69.91,74.43,69.91,-101.7,437504999.74282116,-0.3,497.0,0.2,1
2026-04-09T14:56:10.107004+00:00,73.52,69.91,73.52,69.91,-97.7,437504999.74282116,-58.3,497.0,39.9,1
2026-04-09T14:56:10.484740+00:00,72.55,69.90,72.55,69.9,-97.7,437504905.388902,-119.4,497.0,81.8,1
2026-04-09T14:56:10.857059+00:00,71.63,69.89,71.63,69.89,-100.7,437504822.07825446,-177.9,497.0,121.9,1
2026-04-09T14:56:11.189363+00:00,70.66,69.88,70.66,69.88,-103.7,437504822.07825446,-239.2,497.1,163.9,1
2026-04-09T14:56:11.587102+00:00,69.74,69.86,69.74,69.86,-100.7,437504727.61198795,-297.4,497.1,203.8,1
2026-04-09T14:56:11.940196+00:00,68.77,69.84,68.77,69.84,-100.7,437504640.8903635,-359.1,497.2,246.1,1
2026-04-09T14:56:12.295114+00:00,67.86,69.81,67.86,69.81,-97.7,437504640.8903635,-417.0,497.3,285.8,1
2026-04-09T14:56:12.672042+00:00,66.90,69.77,66.9,69.77,-100.7,437504546.2246754,-478.5,497.4,327.9,1
2026-04-09T14:56:13.028196+00:00,65.99,69.73,65.99,69.73,-96.7,437504463.2302343,-536.8,497.6,367.8,1
2026-04-09T14:56:13.356702+00:00,65.10,69.69,65.1,69.69,-97.7,437504463.2302343,-594.5,497.7,407.3,1
2026-04-09T14:56:13.755357+00:00,64.20,69.64,64.2,69.64,-97.7,437504372.43368846,-652.5,497.8,447.1,1
2026-04-09T14:56:14.109252+00:00,63.25,69.59,63.25,69.59,-103.7,437504285.98765355,-714.0,498.0,489.3,1
2026-04-09T14:56:14.468218+00:00,62.37,69.53,62.37,69.53,-98.7,437504285.98765355,-771.5,498.2,528.7,1
2026-04-09T14:56:14.835365+00:00,61.44,69.47,61.44,69.47,-97.7,437504190.8619741,-832.7,498.4,570.6,1
2026-04-09T14:56:15.188272+00:00,60.57,69.40,60.57,69.4,-98.7,437504190.8619741,-890.0,498.6,609.9,1
2026-04-09T14:56:15.544664+00:00,59.70,69.33,59.7,69.33,-101.7,437504073.7927246,-947.6,498.8,649.3,1
2026-04-09T14:56:15.919349+00:00,58.84,69.26,58.84,69.26,-98.7,437504073.7927246,-1005.0,499.1,688.7,1
2026-04-09T14:56:16.291770+00:00,57.88,69.17,57.88,69.17,-97.7,437503955.1176807,-1069.7,499.4,733.0,1
2026-04-09T14:56:16.648378+00:00,57.04,69.09,57.04,69.09,-95.7,437503873.6587115,-1126.3,499.6,771.8,1
2026-04-09T14:56:17.000659+00:00,56.21,69.00,56.21,69.0,-95.7,437503873.6587115,-1183.2,499.9,810.8,1
2026-04-09T14:56:17.371400+00:00,55.33,68.90,55.33,68.9,-97.7,437503780.32578903,-1243.6,500.2,852.2,1
2026-04-09T14:56:17.725192+00:00,54.51,68.81,54.51,68.81,-96.7,437503699.5813573,-1300.4,500.5,891.1,1
2026-04-09T14:56:18.103909+00:00,53.70,68.71,53.7,68.71,-98.7,437503699.5813573,-1357.0,500.8,929.8,1
2026-04-09T14:56:18.480189+00:00,52.79,68.59,52.79,68.59,-97.7,437503602.97164524,-1421.0,501.2,973.7,1
2026-04-09T14:56:18.832121+00:00,52.00,68.48,52.0,68.48,-101.7,437503522.3939568,-1477.6,501.6,1012.5,1
2026-04-09T14:56:19.208383+00:00,51.21,68.37,51.21,68.37,-92.7,437503522.3939568,-1534.2,501.9,1051.3,1
2026-04-09T14:56:19.585035+00:00,50.34,68.24,50.34,68.24,-94.7,437503426.52122843,-1597.3,502.4,1094.5,1
2026-04-09T14:56:19.957715+00:00,49.57,68.13,49.57,68.13,-94.7,437503346.3717102,-1653.6,502.8,1133.1,1
2026-04-09T14:56:20.332062+00:00,48.77,68.00,48.77,68.0,-95.7,437503346.3717102,-1712.8,503.2,1173.7,1
2026-04-09T14:56:20.703923+00:00,47.93,67.86,47.93,67.86,-91.7,437503248.3049544,-1775.3,503.7,1216.5,1
2026-04-09T14:56:21.056183+00:00,47.20,67.73,47.2,67.73,-94.7,437503169.1895649,-1830.8,504.1,1254.5,1
2026-04-09T14:56:21.412158+00:00,46.47,67.60,46.47,67.6,-95.7,437503169.1895649,-1886.2,504.5,1292.5,1
2026-04-09T14:56:21.789544+00:00,45.71,67.45,45.71,67.45,-97.7,437503078.33552295,-1945.0,505.0,1332.7,1
2026-04-09T14:56:22.140188+00:00,45.00,67.31,45.0,67.31,-95.7,437502999.26342255,-2000.7,505.5,1371.0,1
2026-04-09T14:56:22.492272+00:00,44.31,67.18,44.31,67.18,-95.7,437502999.26342255,-2055.1,506.0,1408.2,1
2026-04-09T14:56:22.844807+00:00,43.57,67.02,43.57,67.02,-97.7,437502909.810665,-2113.6,506.5,1448.3,1
2026-04-09T14:56:23.180360+00:00,42.93,66.88,42.93,66.88,-97.7,437502909.810665,-2165.0,507.0,1483.5,1
2026-04-09T14:56:23.575566+00:00,42.26,66.74,42.26,66.74,-95.7,437502803.2474863,-2219.8,507.6,1521.1,1
2026-04-09T14:56:23.927870+00:00,41.56,66.57,41.56,66.57,-95.7,437502722.3141324,-2277.7,508.1,1560.7,1
2026-04-09T14:56:24.284277+00:00,40.91,66.42,40.91,66.42,-97.7,437502722.3141324,-2331.7,508.7,1597.8,1
2026-04-09T14:56:24.679635+00:00,40.23,66.25,40.23,66.25,-95.7,437502633.6562556,-2389.2,509.3,1637.1,1
2026-04-09T14:56:25.032519+00:00,39.56,66.08,39.56,66.08,-94.7,437502553.55679595,-2446.4,509.9,1676.4,1
2026-04-09T14:56:25.385184+00:00,38.94,65.92,38.94,65.92,-95.7,437502553.55679595,-2499.9,510.5,1713.0,1
2026-04-09T14:56:25.784106+00:00,38.29,65.75,38.29,65.75,-95.7,437502466.29735327,-2556.8,511.2,1752.0,1
2026-04-09T14:56:26.136306+00:00,37.65,65.57,37.65,65.57,-95.7,437502386.5985406,-2613.4,511.8,1790.8,1
2026-04-09T14:56:26.489452+00:00,37.06,65.41,37.06,65.41,-94.7,437502386.5985406,-2666.2,512.5,1827.0,1
2026-04-09T14:56:26.868140+00:00,36.44,65.23,36.44,65.23,-94.7,437502300.33082825,-2722.2,513.2,1865.4,1
2026-04-09T14:56:27.219038+00:00,35.86,65.05,35.86,65.05,-92.7,437502224.7350393,-2775.3,513.8,1901.7,1
2026-04-09T14:56:27.571407+00:00,35.30,64.88,35.3,64.88,-94.7,437502224.7350393,-2827.6,514.5,1937.6,1
2026-04-09T14:56:27.947721+00:00,34.74,64.71,34.74,64.71,-94.7,437502139.62188137,-2879.9,515.2,1973.4,1
2026-04-09T14:56:28.300534+00:00,34.16,64.52,34.16,64.52,-94.7,437502065.0906838,-2934.9,516.0,2011.1,1
2026-04-09T14:56:28.632299+00:00,33.63,64.34,33.63,64.34,-90.7,437502065.0906838,-2986.7,516.7,2046.6,1
2026-04-09T14:56:29.031151+00:00,33.09,64.16,33.09,64.16,-93.7,437501983.96867484,-3038.4,517.4,2082.0,1
2026-04-09T14:56:29.383378+00:00,32.54,63.97,32.54,63.97,-94.7,437501907.01987857,-3093.0,518.2,2119.4,1
2026-04-09T14:56:29.739770+00:00,32.03,63.79,32.03,63.79,-97.7,437501907.01987857,-3143.9,518.9,2154.3,1
2026-04-09T14:56:30.132221+00:00,31.49,63.59,31.49,63.59,-97.7,437501823.57522184,-3198.0,519.8,2191.3,1
2026-04-09T14:56:30.488198+00:00,30.97,63.39,30.97,63.39,-97.7,437501748.76130897,-3251.2,520.6,2227.9,1
2026-04-09T14:56:30.840925+00:00,30.48,63.21,30.48,63.21,-95.7,437501748.76130897,-3302.0,521.4,2262.6,1
2026-04-09T14:56:31.240354+00:00,29.97,63.01,29.97,63.01,-100.7,437501666.3071356,-3355.1,522.2,2299.0,1
2026-04-09T14:56:31.592114+00:00,29.47,62.81,29.47,62.81,-95.7,437501592.0429766,-3408.0,523.1,2335.2,1
2026-04-09T14:56:31.944130+00:00,29.01,62.62,29.01,62.62,-96.7,437501592.0429766,-3457.9,523.9,2369.4,1
2026-04-09T14:56:32.340145+00:00,28.52,62.41,28.52,62.41,-93.7,437501511.03141725,-3510.3,524.8,2405.3,1
2026-04-09T14:56:32.692092+00:00,28.05,62.21,28.05,62.21,-95.7,437501437.8542959,-3562.1,525.7,2440.9,1
2026-04-09T14:56:33.027024+00:00,27.61,62.02,27.61,62.02,-95.7,437501437.8542959,-3611.1,526.6,2474.4,1
2026-04-09T14:56:33.424931+00:00,27.17,61.82,27.17,61.82,-98.7,437501360.87378985,-3660.3,527.5,2508.1,1
2026-04-09T14:56:33.779074+00:00,26.72,61.62,26.72,61.62,-99.7,437501288.4181536,-3711.6,528.4,2543.3,1
2026-04-09T14:56:34.131961+00:00,26.30,61.42,26.3,61.42,-95.7,437501288.4181536,-3759.9,529.4,2576.4,1
2026-04-09T14:56:34.509642+00:00,25.86,61.21,25.86,61.21,-96.7,437501210.012848,-3810.6,530.3,2611.2,1
2026-04-09T14:56:34.867460+00:00,25.45,61.02,25.45,61.02,-91.7,437501141.54657936,-3858.5,531.3,2643.9,1
2026-04-09T14:56:35.196062+00:00,25.05,60.82,25.05,60.82,-93.7,437501141.54657936,-3905.9,532.2,2676.4,1
2026-04-09T14:56:35.596092+00:00,24.65,60.62,24.65,60.62,-95.7,437501067.05225766,-3953.4,533.2,2709.0,1
2026-04-09T14:56:35.948252+00:00,24.24,60.41,24.24,60.41,-95.7,437500997.1526385,-4002.8,534.2,2742.9,1
2026-04-09T14:56:36.300348+00:00,23.87,60.21,23.87,60.21,-97.7,437500997.1526385,-4049.3,535.1,2774.7,1
2026-04-09T14:56:36.676087+00:00,23.47,60.00,23.47,60.0,-95.7,437500921.1155856,-4098.4,536.2,2808.4,1
2026-04-09T14:56:37.047343+00:00,23.10,59.80,23.1,59.8,-102.7,437500855.15687865,-4144.8,537.2,2840.2,1
2026-04-09T14:56:37.386185+00:00,22.72,59.59,22.72,59.59,-95.7,437500855.15687865,-4192.4,538.2,2872.8,1
2026-04-09T14:56:37.766221+00:00,22.36,59.39,22.36,59.39,-95.7,437500780.0675544,-4238.9,539.3,2904.6,1
2026-04-09T14:56:38.126246+00:00,22.00,59.19,22.0,59.19,-97.7,437500714.98709977,-4285.0,540.3,2936.2,1
2026-04-09T14:56:38.462299+00:00,21.65,58.98,21.65,58.98,-96.7,437500714.98709977,-4330.4,541.4,2967.3,1
2026-04-09T14:56:38.842287+00:00,21.30,58.78,21.3,58.78,-99.7,437500642.6921499,-4375.8,542.5,2998.4,1
2026-04-09T14:56:39.202174+00:00,20.96,58.58,20.96,58.58,-99.7,437500578.75431395,-4421.2,543.6,3029.6,1
2026-04-09T14:56:39.543501+00:00,20.63,58.37,20.63,58.37,-96.7,437500578.75431395,-4466.3,544.6,3060.4,1
2026-04-09T14:56:39.927060+00:00,20.30,58.17,20.3,58.17,-101.7,437500507.128831,-4510.5,545.7,3090.7,1
2026-04-09T14:56:40.278357+00:00,19.97,57.97,19.97,57.97,-100.7,437500445.1199435,-4554.9,546.9,3121.1,1
2026-04-09T14:56:40.618200+00:00,19.65,57.76,19.65,57.76,-100.7,437500445.1199435,-4599.2,548.0,3151.5,1
2026-04-09T14:56:40.999514+00:00,19.34,57.55,19.34,57.55,-95.7,437500374.8152238,-4643.1,549.1,3181.6,1
2026-04-09T14:56:41.359280+00:00,19.03,57.35,19.03,57.35,-99.7,437500313.3129792,-4686.7,550.3,3211.5,1
2026-04-09T14:56:41.694160+00:00,18.72,57.15,18.72,57.15,-102.7,437500313.3129792,-4729.7,551.4,3240.9,1
2026-04-09T14:56:42.079884+00:00,18.42,56.94,18.42,56.94,-100.7,437500244.8021744,-4772.7,552.6,3270.4,1
2026-04-09T14:56:42.436145+00:00,18.12,56.73,18.12,56.73,-91.7,437500183.13888717,-4816.9,553.8,3300.7,1
2026-04-09T14:56:42.787041+00:00,17.83,56.53,17.83,56.53,-93.7,437500183.13888717,-4858.6,555.0,3329.3,1
2026-04-09T14:56:43.185292+00:00,17.53,56.32,17.53,56.32,-91.7,437500115.25051916,-4902.8,556.2,3359.5,1
2026-04-09T14:56:43.537357+00:00,17.24,56.11,17.24,56.11,-90.7,437500053.73117274,-4946.3,557.5,3389.3,1
2026-04-09T14:56:43.888775+00:00,16.96,55.91,16.96,55.91,-89.7,437500053.73117274,-4987.1,558.7,3417.3,1
2026-04-09T14:56:44.288517+00:00,16.68,55.70,16.68,55.7,-88.7,437499987.2366072,-5030.2,560.0,3446.8,1
2026-04-09T14:56:44.641448+00:00,16.39,55.48,16.39,55.48,-93.7,437499926.6838727,-5073.3,561.3,3476.4,1
2026-04-09T14:56:44.976745+00:00,16.13,55.28,16.13,55.28,-90.7,437499926.6838727,-5113.4,562.5,3503.8,1
2026-04-09T14:56:45.368971+00:00,15.87,55.08,15.87,55.08,-97.7,437499863.3467399,-5153.3,563.8,3531.2,1
2026-04-09T14:56:45.724143+00:00,15.61,54.87,15.61,54.87,-88.7,437499804.7739032,-5195.2,565.1,3559.9,1
2026-04-09T14:56:46.055965+00:00,15.36,54.68,15.36,54.68,-92.7,437499804.7739032,-5234.3,566.4,3586.7,1
2026-04-09T14:56:46.452233+00:00,15.11,54.48,15.11,54.48,-92.7,437499742.94957334,-5273.5,567.6,3613.6,1
2026-04-09T14:56:46.807081+00:00,14.85,54.26,14.85,54.26,-92.7,437499685.0839702,-5314.9,569.0,3642.0,1
2026-04-09T14:56:47.160001+00:00,14.61,54.07,14.61,54.07,-93.7,437499685.0839702,-5353.6,570.3,3668.5,1
2026-04-09T14:56:47.559446+00:00,14.36,53.86,14.36,53.86,-97.7,437499622.31476206,-5394.3,571.7,3696.3,1
2026-04-09T14:56:47.911596+00:00,14.11,53.65,14.11,53.65,-94.7,437499565.68084985,-5434.3,573.1,3723.8,1
2026-04-09T14:56:48.264605+00:00,13.88,53.45,13.88,53.45,-93.7,437499565.68084985,-5472.2,574.4,3749.8,1
2026-04-09T14:56:48.639416+00:00,13.64,53.24,13.64,53.24,-92.7,437499504.18822503,-5511.9,575.8,3776.9,1
2026-04-09T14:56:48.997291+00:00,13.42,53.05,13.42,53.05,-95.7,437499450.95402217,-5549.0,577.1,3802.4,1
2026-04-09T14:56:49.347648+00:00,13.20,52.85,13.2,52.85,-93.7,437499450.95402217,-5586.1,578.5,3827.8,1
2026-04-09T14:56:49.743753+00:00,12.97,52.64,12.97,52.64,-93.7,437499390.83987933,-5625.0,579.9,3854.4,1
2026-04-09T14:56:50.099605+00:00,12.74,52.44,12.74,52.44,-100.7,437499336.51828253,-5663.5,581.4,3880.8,1
2026-04-09T14:56:50.432303+00:00,12.53,52.24,12.53,52.24,-97.7,437499336.51828253,-5699.7,582.8,3905.6,1
2026-04-09T14:56:50.809585+00:00,12.32,52.05,12.32,52.05,-93.7,437499279.7154894,-5735.7,584.2,3930.3,1
2026-04-09T14:56:51.159955+00:00,12.12,51.86,12.12,51.86,-95.7,437499228.6824396,-5771.3,585.6,3954.7,1
2026-04-09T14:56:51.492379+00:00,11.91,51.67,11.91,51.67,-92.7,437499228.6824396,-5806.4,587.0,3978.7,1
2026-04-09T14:56:51.887476+00:00,11.71,51.47,11.71,51.47,-89.7,437499173.513944,-5841.7,588.4,4002.9,1
2026-04-09T14:56:52.240240+00:00,11.51,51.27,11.51,51.27,-95.7,437499121.7045406,-5878.3,589.9,4028.0,1
2026-04-09T14:56:52.596358+00:00,11.31,51.08,11.31,51.08,-92.7,437499121.7045406,-5912.7,591.3,4051.6,1
2026-04-09T14:56:52.972390+00:00,11.11,50.88,11.11,50.88,-94.7,437499065.30150366,-5949.1,592.8,4076.5,1
2026-04-09T14:56:53.323485+00:00,10.92,50.69,10.92,50.69,-97.7,437499065.30150366,-5983.4,594.3,4100.0,1
2026-04-09T14:56:53.677008+00:00,10.73,50.50,10.73,50.5,-91.7,437499065.30150366,-6017.1,595.7,4123.1,1
2026-04-09T14:56:54.076258+00:00,10.54,50.30,10.54,50.3,-94.7,437498961.7386343,-6052.7,597.3,4147.5,1
2026-04-09T14:56:54.418808+00:00,10.34,50.10,10.34,50.1,-94.7,437498961.7386343,-6088.1,598.8,4171.8,1
2026-04-09T14:56:54.758236+00:00,10.17,49.92,10.17,49.92,-99.7,437498961.7386343,-6119.7,600.3,4193.4,1
2026-04-09T14:56:55.141894+00:00,9.99,49.73,9.99,49.73,-97.7,437498860.44710714,-6153.1,601.8,4216.3,1
2026-04-09T14:56:55.479459+00:00,9.81,49.54,9.81,49.54,-102.7,437498860.44710714,-6186.1,603.3,4238.9,1
2026-04-09T14:56:55.814335+00:00,9.65,49.36,9.65,49.36,-101.7,437498860.44710714,-6217.3,604.7,4260.3,1
2026-04-09T14:56:56.194209+00:00,9.48,49.18,9.48,49.18,-100.7,437498763.6932762,-6249.5,606.3,4282.4,1
2026-04-09T14:56:56.535391+00:00,9.31,48.99,9.31,48.99,-98.7,437498763.6932762,-6281.8,607.8,4304.5,1
2026-04-09T14:56:56.870724+00:00,9.15,48.81,9.15,48.81,-100.7,437498763.6932762,-6312.3,609.3,4325.4,1
2026-04-09T14:56:57.255389+00:00,8.98,48.63,8.98,48.63,-98.7,437498669.0885803,-6343.8,610.8,4347.0,1
2026-04-09T14:56:57.590659+00:00,8.81,48.44,8.81,48.44,-97.7,437498669.0885803,-6375.5,612.4,4368.7,1
2026-04-09T14:56:57.932106+00:00,8.66,48.27,8.66,48.27,-100.7,437498669.0885803,-6405.2,613.9,4389.1,1
2026-04-09T14:56:58.310183+00:00,8.50,48.08,8.5,48.08,-98.7,437498576.1563048,-6436.3,615.5,4410.4,1
2026-04-09T14:56:58.650259+00:00,8.34,47.90,8.34,47.9,-97.7,437498576.1563048,-6467.4,617.0,4431.6,1
2026-04-09T14:56:58.986223+00:00,8.19,47.73,8.19,47.73,-98.7,437498576.1563048,-6496.0,618.5,4451.2,1
2026-04-09T14:56:59.367082+00:00,8.04,47.55,8.04,47.55,-101.7,437498485.9482147,-6526.4,620.1,4472.1,1
2026-04-09T14:56:59.706305+00:00,7.88,47.36,7.88,47.36,-101.7,437498485.9482147,-6556.6,621.8,4492.8,1
2026-04-09T14:57:00.047354+00:00,7.74,47.19,7.74,47.19,-101.7,437498485.9482147,-6584.9,623.3,4512.2,1
2026-04-09T14:57:00.427370+00:00,7.59,47.01,7.59,47.01,-103.7,437498397.1987716,-6614.5,624.9,4532.5,1
2026-04-09T14:57:00.762189+00:00,7.44,46.83,7.44,46.83,-97.7,437498397.1987716,-6644.3,626.5,4552.9,1
2026-04-09T14:57:01.101229+00:00,7.31,46.66,7.31,46.66,-100.7,437498397.1987716,-6671.8,628.1,4571.7,1
2026-04-09T14:57:01.481166+00:00,7.16,46.49,7.16,46.49,-98.7,437498311.07232785,-6701.0,629.7,4591.7,1
2026-04-09T14:57:01.818213+00:00,7.02,46.31,7.02,46.31,-98.7,437498311.07232785,-6729.5,631.4,4611.2,1
2026-04-09T14:57:02.159335+00:00,6.89,46.14,6.89,46.14,-97.7,437498311.07232785,-6756.5,632.9,4629.8,1
2026-04-09T14:57:02.537314+00:00,6.75,45.97,6.75,45.97,-95.7,437498226.53635806,-6784.9,634.6,4649.2,1
2026-04-09T14:57:02.879352+00:00,6.61,45.79,6.61,45.79,-97.7,437498226.53635806,-6812.9,636.3,4668.4,1
2026-04-09T14:57:03.214739+00:00,6.48,45.62,6.48,45.62,-101.7,437498226.53635806,-6839.5,637.9,4686.6,1
2026-04-09T14:57:03.599312+00:00,6.35,45.45,6.35,45.45,-98.7,437498144.2549848,-6867.0,639.6,4705.5,1
2026-04-09T14:57:03.934621+00:00,6.21,45.28,6.21,45.28,-95.7,437498144.2549848,-6894.8,641.3,4724.6,1
2026-04-09T14:57:04.276102+00:00,6.09,45.11,6.09,45.11,-96.7,437498144.2549848,-6920.4,642.9,4742.1,1
2026-04-09T14:57:04.654166+00:00,5.96,44.94,5.96,44.94,-99.7,437498063.37097687,-6947.5,644.6,4760.6,1
2026-04-09T14:57:04.994630+00:00,5.83,44.77,5.83,44.77,-98.7,437498063.37097687,-6974.3,646.3,4779.0,1
2026-04-09T14:57:05.334223+00:00,5.71,44.61,5.71,44.61,-98.7,437498063.37097687,-6999.4,647.9,4796.2,1
2026-04-09T14:57:05.710677+00:00,5.58,44.44,5.58,44.44,-97.7,437497984.636104,-7026.1,649.6,4814.5,1
2026-04-09T14:57:06.049181+00:00,5.46,44.27,5.46,44.27,-99.7,437497984.636104,-7052.0,651.4,4832.3,1
2026-04-09T14:57:06.391347+00:00,5.34,44.11,5.34,44.11,-98.7,437497984.636104,-7076.6,653.0,4849.1,1
2026-04-09T14:57:06.770886+00:00,5.22,43.94,5.22,43.94,-96.7,437497907.8059519,-7102.7,654.8,4867.0,1
2026-04-09T14:57:07.111407+00:00,5.10,43.77,5.1,43.77,-96.7,437497907.8059519,-7128.3,656.5,4884.6,1
2026-04-09T14:57:07.445268+00:00,4.99,43.62,4.99,43.62,-95.7,437497907.8059519,-7152.0,658.2,4900.8,1
2026-04-09T14:57:07.827418+00:00,4.87,43.45,4.87,43.45,None,437497833.01163495,-7177.2,659.9,4918.1,1
2026-04-09T14:57:08.162675+00:00,4.75,43.29,4.75,43.29,-97.7,437497833.01163495,-7202.4,661.7,4935.3,1
2026-04-09T14:57:08.502298+00:00,4.64,43.13,4.64,43.13,-97.7,437497833.01163495,-7225.7,663.4,4951.2,1
2026-04-09T14:57:08.882169+00:00,4.53,42.97,4.53,42.97,-96.7,437497759.74508506,-7250.3,665.1,4968.1,1
2026-04-09T14:57:09.219096+00:00,4.41,42.81,4.41,42.81,-95.7,437497759.74508506,-7274.8,666.9,4984.9,1
2026-04-09T14:57:09.558278+00:00,4.31,42.65,4.31,42.65,-96.7,437497759.74508506,-7297.4,668.6,5000.4,1
2026-04-09T14:57:09.938138+00:00,4.20,42.49,4.2,42.49,-96.7,437497688.27993214,-7321.5,670.4,5016.9,1
2026-04-09T14:57:10.274999+00:00,4.09,42.33,4.09,42.33,-102.7,437497688.27993214,-7345.5,672.2,5033.3,1
2026-04-09T14:57:10.614184+00:00,3.99,42.18,3.99,42.18,-95.7,437497688.27993214,-7367.5,673.9,5048.5,1
2026-04-09T14:57:10.995550+00:00,3.88,42.02,3.88,42.02,-95.7,437497618.50715184,-7391.1,675.7,5064.6,1
2026-04-09T14:57:11.331029+00:00,3.77,41.86,3.77,41.86,-93.7,437497618.50715184,-7414.4,677.6,5080.6,1
2026-04-09T14:57:11.670189+00:00,3.68,41.71,3.68,41.71,-97.7,437497618.50715184,-7436.0,679.3,5095.4,1
2026-04-09T14:57:12.050258+00:00,3.57,41.55,3.57,41.55,-99.7,437497550.37472594,-7459.0,681.1,5111.2,1
2026-04-09T14:57:12.386757+00:00,3.47,41.40,3.47,41.4,-97.7,437497550.37472594,-7481.5,682.9,5126.6,1
2026-04-09T14:57:12.727335+00:00,3.37,41.25,3.37,41.25,-98.7,437497550.37472594,-7502.9,684.7,5141.2,1
2026-04-09T14:57:13.107603+00:00,3.27,41.10,3.27,41.1,-95.7,437497483.78146833,-7525.0,686.5,5156.4,1
2026-04-09T14:57:13.442201+00:00,3.17,40.94,3.17,40.94,-91.7,437497483.78146833,-7547.2,688.4,5171.6,1
2026-04-09T14:57:13.783329+00:00,3.08,40.79,3.08,40.79,-97.7,437497483.78146833,-7568.1,690.1,5185.9,1
2026-04-09T14:57:14.163311+00:00,2.98,40.64,2.98,40.64,-95.7,437497418.8413915,-7589.8,692.0,5200.8,1
2026-04-09T14:57:14.487910+00:00,2.88,40.49,2.88,40.49,-97.7,437497418.8413915,-7611.5,693.9,5215.7,1
2026-04-09T14:57:14.839627+00:00,2.79,40.35,2.79,40.35,-97.7,437497418.8413915,-7631.4,695.6,5229.3,1
2026-04-09T14:57:15.236481+00:00,2.70,40.19,2.7,40.19,-89.7,437497355.41554284,-7653.6,697.6,5244.5,1
2026-04-09T14:57:15.596431+00:00,2.60,40.03,2.6,40.03,-93.7,437497355.41554284,-7675.7,699.5,5259.6,1
2026-04-09T14:57:15.928068+00:00,2.51,39.88,2.51,39.88,-89.7,437497355.41554284,-7696.4,701.4,5273.8,1
2026-04-09T14:57:16.320891+00:00,2.41,39.74,2.41,39.74,-90.7,437497291.5984888,-7716.8,703.3,5287.8,1
2026-04-09T14:57:16.656468+00:00,2.32,39.58,2.32,39.58,-89.7,437497291.5984888,-7738.5,705.2,5302.6,1
2026-04-09T14:57:16.988197+00:00,2.23,39.44,2.23,39.44,-90.7,437497291.5984888,-7757.4,707.0,5315.6,1
2026-04-09T14:57:17.384254+00:00,2.15,39.30,2.15,39.3,-90.7,437497231.0229518,-7777.3,708.9,5329.3,1
2026-04-09T14:57:17.735784+00:00,2.05,39.14,2.05,39.14,-92.7,437497231.0229518,-7798.5,710.9,5343.8,1
2026-04-09T14:57:18.092323+00:00,1.97,39.00,1.97,39.0,-93.7,437497231.0229518,-7818.1,712.8,5357.2,1
2026-04-09T14:57:18.488388+00:00,1.88,38.85,1.88,38.85,-92.7,437497169.4277158,-7838.7,714.8,5371.4,1
2026-04-09T14:57:18.840933+00:00,1.79,38.70,1.79,38.7,-89.7,437497169.4277158,-7859.4,716.8,5385.5,1
2026-04-09T14:57:19.172426+00:00,1.70,38.55,1.7,38.55,-98.7,437497169.4277158,-7878.5,718.7,5398.6,1
2026-04-09T14:57:19.572154+00:00,1.62,38.41,1.62,38.41,-89.7,437497110.65001285,-7897.6,720.6,5411.7,1
2026-04-09T14:57:19.923633+00:00,1.53,38.26,1.53,38.26,None,437497110.65001285,-7917.6,722.7,5425.4,1
2026-04-09T14:57:20.275796+00:00,1.45,38.12,1.45,38.12,-97.7,437497110.65001285,-7936.3,724.6,5438.2,1
2026-04-09T14:57:20.672722+00:00,1.36,37.97,1.36,37.97,-92.7,437497052.0796702,-7955.9,726.6,5451.7,1
2026-04-09T14:57:21.027343+00:00,1.28,37.83,1.28,37.83,-91.7,437497052.0796702,-7975.4,728.7,5465.0,1
2026-04-09T14:57:21.380034+00:00,1.20,37.69,1.2,37.69,-91.7,437497052.0796702,-7993.7,730.6,5477.5,1
2026-04-09T14:57:21.760443+00:00,1.12,37.55,1.12,37.55,-89.7,437496994.9123934,-8011.8,732.6,5490.0,1
2026-04-09T14:57:22.092156+00:00,1.04,37.41,1.04,37.41,-89.7,437496994.9123934,-8030.8,734.6,5503.0,1
2026-04-09T14:57:22.439290+00:00,0.97,37.28,0.97,37.28,-89.7,437496994.9123934,-8047.5,736.4,5514.4,1
2026-04-09T14:57:22.817741+00:00,0.89,37.14,0.89,37.14,-88.7,437496941.40919226,-8065.2,738.4,5526.5,1
2026-04-09T14:57:23.148518+00:00,0.81,37.00,0.81,37.0,-87.7,437496941.40919226,-8083.8,740.5,5539.3,1
2026-04-09T14:57:23.504579+00:00,0.74,36.87,0.74,36.87,-89.7,437496941.40919226,-8100.1,742.3,5550.4,1
2026-04-09T14:57:23.880922+00:00,0.66,36.73,0.66,36.73,-92.7,437496888.8815104,-8118.5,744.4,5563.1,1
2026-04-09T14:57:24.232822+00:00,0.59,36.60,0.59,36.6,-91.7,437496888.8815104,-8135.6,746.4,5574.8,1
2026-04-09T14:57:24.589120+00:00,0.51,36.46,0.51,36.46,-93.7,437496888.8815104,-8152.5,748.4,5586.4,1
2026-04-09T14:57:24.984774+00:00,0.44,36.32,0.44,36.32,-91.7,437496836.68802756,-8170.4,750.5,5598.6,1
2026-04-09T14:57:25.316416+00:00,0.36,36.18,0.36,36.18,-91.7,437496836.68802756,-8188.1,752.6,5610.8,1
2026-04-09T14:57:25.668187+00:00,0.29,36.06,0.29,36.06,-91.7,437496836.68802756,-8203.6,754.4,5621.4,1
2026-04-09T14:57:26.068252+00:00,0.22,35.92,0.22,35.92,-91.7,437496786.020174,-8221.1,756.5,5633.4,1
2026-04-09T14:57:26.399426+00:00,0.14,35.78,0.14,35.78,-92.7,437496786.020174,-8238.3,758.7,5645.2,1
2026-04-09T14:57:26.751305+00:00,0.08,35.66,0.08,35.66,-95.7,437496786.020174,-8253.6,760.5,5655.6,1
2026-04-09T14:57:27.128391+00:00,0.01,35.53,0.01,35.53,-86.7,437496786.020174,-8269.5,762.5,5666.5,1
2026-04-09T14:57:27.480845+00:00,359.94,35.40,359.94,35.4,-94.7,437496713.5937535,-8286.4,764.7,5678.1,1
2026-04-09T14:57:27.836164+00:00,359.87,35.27,359.87,35.27,-91.7,437496713.5937535,-8302.1,766.7,5688.9,1
2026-04-09T14:57:28.188131+00:00,359.80,35.15,359.8,35.15,-91.7,437496713.5937535,-8317.7,768.7,5699.5,1
2026-04-09T14:57:28.541002+00:00,359.74,35.02,359.74,35.02,-93.7,437496713.5937535,-8333.2,770.7,5710.2,1
2026-04-09T14:57:28.915713+00:00,359.67,34.88,359.67,34.88,-89.7,437496656.9844253,-8349.6,772.8,5721.4,1
2026-04-09T14:57:29.291090+00:00,359.60,34.76,359.6,34.76,None,437496656.9844253,-8364.8,774.9,5731.9,1
2026-04-09T14:57:29.644926+00:00,359.53,34.63,359.53,34.63,-94.7,437496656.9844253,-8380.9,777.0,5742.9,1
2026-04-09T14:57:29.999595+00:00,359.47,34.50,359.47,34.5,-87.7,437496656.9844253,-8395.9,779.1,5753.2,1
2026-04-09T14:57:30.352091+00:00,359.41,34.38,359.41,34.38,-92.7,437496656.9844253,-8410.8,781.1,5763.3,1
2026-04-09T14:57:30.728564+00:00,359.34,34.25,359.34,34.25,-91.7,437496579.82506216,-8426.5,783.3,5774.1,1
2026-04-09T14:57:31.083994+00:00,359.28,34.13,359.28,34.13,-92.7,437496579.82506216,-8441.2,785.3,5784.2,1
2026-04-09T14:57:31.459464+00:00,359.21,34.01,359.21,34.01,-92.7,437496579.82506216,-8455.7,787.3,5794.1,1
2026-04-09T14:57:31.808506+00:00,359.15,33.88,359.15,33.88,-91.7,437496579.82506216,-8471.0,789.5,5804.6,1
2026-04-09T14:57:32.140729+00:00,359.09,33.76,359.09,33.76,-91.7,437496579.82506216,-8485.2,791.6,5814.4,1
2026-04-09T14:57:32.517221+00:00,359.03,33.64,359.03,33.64,-88.7,437496506.63333297,-8498.6,793.5,5823.5,1
2026-04-09T14:57:32.848264+00:00,358.97,33.52,358.97,33.52,-88.7,437496506.63333297,-8513.6,795.7,5833.8,1
2026-04-09T14:57:33.179421+00:00,358.91,33.41,358.91,33.41,-94.7,437496506.63333297,-8526.7,797.6,5842.7,1
2026-04-09T14:57:33.540298+00:00,358.86,33.29,358.86,33.29,-88.7,437496506.63333297,-8539.7,799.6,5851.7,1
2026-04-09T14:57:33.867580+00:00,358.80,33.18,358.8,33.18,-96.7,437496506.63333297,-8553.5,801.7,5861.2,1
2026-04-09T14:57:34.244181+00:00,358.74,33.06,358.74,33.06,-91.7,437496438.6897402,-8567.2,803.7,5870.5,1
2026-04-09T14:57:34.595736+00:00,358.68,32.94,358.68,32.94,-91.7,437496438.6897402,-8580.6,805.8,5879.7,1
2026-04-09T14:57:34.948302+00:00,358.63,32.82,358.63,32.82,-89.7,437496438.6897402,-8594.1,807.9,5889.0,1
2026-04-09T14:57:35.304204+00:00,358.57,32.71,358.57,32.71,-91.7,437496438.6897402,-8607.4,810.0,5898.1,1
2026-04-09T14:57:35.656422+00:00,358.51,32.59,358.51,32.59,-92.7,437496438.6897402,-8620.6,812.0,5907.1,1
2026-04-09T14:57:36.007363+00:00,358.45,32.47,358.45,32.47,-90.7,437496371.00766355,-8634.5,814.2,5916.6,1
2026-04-09T14:57:36.367578+00:00,358.40,32.36,358.4,32.36,-95.7,437496371.00766355,-8646.8,816.2,5925.0,1
2026-04-09T14:57:36.740408+00:00,358.35,32.25,358.35,32.25,-91.7,437496371.00766355,-8659.7,818.3,5933.9,1
2026-04-09T14:57:37.069222+00:00,358.29,32.13,358.29,32.13,-92.7,437496371.00766355,-8673.3,820.5,5943.2,1
2026-04-09T14:57:37.430293+00:00,358.24,32.02,358.24,32.02,-95.7,437496319.3749795,-8685.9,822.6,5951.9,1
2026-04-09T14:57:37.790163+00:00,358.18,31.91,358.18,31.91,-97.7,437496319.3749795,-8698.0,824.6,5960.1,1
2026-04-09T14:57:38.126838+00:00,358.13,31.80,358.13,31.8,-93.7,437496319.3749795,-8710.8,826.8,5968.9,1
2026-04-09T14:57:38.466152+00:00,358.08,31.69,358.08,31.69,-91.7,437496319.3749795,-8722.6,828.8,5977.0,1
2026-04-09T14:57:38.827272+00:00,358.03,31.58,358.03,31.58,-92.7,437496319.3749795,-8734.5,830.8,5985.1,1
2026-04-09T14:57:39.162134+00:00,357.98,31.47,357.98,31.47,-95.7,437496319.3749795,-8746.8,833.0,5993.6,1
2026-04-09T14:57:39.522945+00:00,357.92,31.36,357.92,31.36,-95.7,437496245.8853927,-8759.1,835.1,6002.0,1
2026-04-09T14:57:39.882165+00:00,357.87,31.25,357.87,31.25,-99.7,437496245.8853927,-8770.8,837.2,6010.0,1
2026-04-09T14:57:40.218680+00:00,357.82,31.14,357.82,31.14,-95.7,437496245.8853927,-8782.8,839.3,6018.3,1
2026-04-09T14:57:40.558188+00:00,357.77,31.04,357.77,31.04,-96.7,437496245.8853927,-8794.2,841.4,6026.1,1
2026-04-09T14:57:40.919276+00:00,357.73,30.94,357.73,30.94,-101.7,437496245.8853927,-8805.4,843.4,6033.7,1
2026-04-09T14:57:41.254127+00:00,357.68,30.83,357.68,30.83,-95.7,437496245.8853927,-8817.3,845.6,6041.9,1
2026-04-09T14:57:41.617993+00:00,357.63,30.72,357.63,30.72,-101.7,437496175.6800776,-8829.1,847.7,6050.0,1
2026-04-09T14:57:41.975293+00:00,357.58,30.62,357.58,30.62,-100.7,437496175.6800776,-8840.2,849.8,6057.6,1
2026-04-09T14:57:42.320962+00:00,357.53,30.51,357.53,30.51,-97.7,437496175.6800776,-8851.7,852.0,6065.5,1
2026-04-09T14:57:42.671785+00:00,357.48,30.40,357.48,30.4,-95.7,437496175.6800776,-8863.0,854.1,6073.2,1
2026-04-09T14:57:43.027358+00:00,357.43,30.30,357.43,30.3,-98.7,437496175.6800776,-8874.3,856.2,6080.9,1
2026-04-09T14:57:43.380500+00:00,357.39,30.19,357.39,30.19,-89.7,437496175.6800776,-8885.5,858.4,6088.6,1
2026-04-09T14:57:43.735074+00:00,357.34,30.08,357.34,30.08,-91.7,437496107.5241366,-8897.2,860.7,6096.7,1
2026-04-09T14:57:44.112141+00:00,357.29,29.98,357.29,29.98,-92.7,437496107.5241366,-8907.6,862.7,6103.8,1
2026-04-09T14:57:44.463307+00:00,357.24,29.87,357.24,29.87,-94.7,437496107.5241366,-8919.2,865.0,6111.7,1
2026-04-09T14:57:44.817633+00:00,357.20,29.77,357.2,29.77,-97.7,437496107.5241366,-8930.0,867.2,6119.1,1
2026-04-09T14:57:45.172379+00:00,357.15,29.67,357.15,29.67,-88.7,437496107.5241366,-8940.7,869.3,6126.4,1
2026-04-09T14:57:45.525359+00:00,357.10,29.56,357.1,29.56,-90.7,437496107.5241366,-8951.4,871.5,6133.8,1
2026-04-09T14:57:45.899696+00:00,357.06,29.46,357.06,29.46,-91.7,437496041.8843083,-8962.6,873.8,6141.5,1
2026-04-09T14:57:46.276158+00:00,357.01,29.35,357.01,29.35,-89.7,437496041.8843083,-8973.1,876.0,6148.7,1
2026-04-09T14:57:46.632617+00:00,356.96,29.25,356.96,29.25,-95.7,437496041.8843083,-8984.2,878.3,6156.3,1
2026-04-09T14:57:46.984417+00:00,356.92,29.15,356.92,29.15,-93.7,437496041.8843083,-8994.5,880.5,6163.3,1
2026-04-09T14:57:47.360111+00:00,356.88,29.05,356.88,29.05,-90.7,437496041.8843083,-9004.8,882.7,6170.4,1
2026-04-09T14:57:47.711070+00:00,356.83,28.94,356.83,28.94,-94.7,437495988.09678864,-9016.2,885.1,6178.2,1
2026-04-09T14:57:48.064796+00:00,356.79,28.84,356.79,28.84,-91.7,437495988.09678864,-9025.7,887.1,6184.7,1
2026-04-09T14:57:48.439350+00:00,356.74,28.74,356.74,28.74,-92.7,437495988.09678864,-9035.7,889.3,6191.6,1
2026-04-09T14:57:48.791408+00:00,356.70,28.64,356.7,28.64,-90.7,437495988.09678864,-9046.2,891.7,6198.8,1
2026-04-09T14:57:49.143170+00:00,356.66,28.54,356.66,28.54,-91.7,437495988.09678864,-9056.0,893.8,6205.5,1
2026-04-09T14:57:49.520743+00:00,356.61,28.44,356.61,28.44,-94.7,437495937.8087391,-9066.4,896.2,6212.6,1
2026-04-09T14:57:49.872249+00:00,356.57,28.34,356.57,28.34,-92.7,437495937.8087391,-9076.1,898.4,6219.2,1
2026-04-09T14:57:50.228529+00:00,356.53,28.24,356.53,28.24,-91.7,437495937.8087391,-9085.7,900.6,6225.8,1
2026-04-09T14:57:50.579231+00:00,356.49,28.15,356.49,28.15,-90.7,437495937.8087391,-9095.3,902.7,6232.4,1
2026-04-09T14:57:50.911887+00:00,356.45,28.05,356.45,28.05,-95.7,437495937.8087391,-9104.8,905.0,6238.9,1
2026-04-09T14:57:51.265682+00:00,356.41,27.96,356.41,27.96,-94.7,437495937.8087391,-9113.7,907.0,6245.0,1
2026-04-09T14:57:51.642879+00:00,356.37,27.87,356.37,27.87,-93.7,437495937.8087391,-9123.0,909.2,6251.4,1
2026-04-09T14:57:52.016503+00:00,356.32,27.76,356.32,27.76,-95.7,437495870.4394842,-9133.4,911.7,6258.5,1
2026-04-09T14:57:52.354163+00:00,356.28,27.67,356.28,27.67,-99.7,437495870.4394842,-9142.6,913.9,6264.8,1
2026-04-09T14:57:52.714158+00:00,356.24,27.58,356.24,27.58,-95.7,437495870.4394842,-9151.4,916.0,6270.8,1
2026-04-09T14:57:53.050205+00:00,356.21,27.48,356.21,27.48,-101.7,437495870.4394842,-9160.5,918.3,6277.1,1
2026-04-09T14:57:53.386875+00:00,356.17,27.39,356.17,27.39,-96.7,437495870.4394842,-9169.1,920.4,6283.0,1
2026-04-09T14:57:53.746162+00:00,356.13,27.31,356.13,27.31,-97.7,437495870.4394842,-9177.7,922.5,6288.8,1
2026-04-09T14:57:54.106230+00:00,356.09,27.21,356.09,27.21,-98.7,437495816.44745463,-9187.2,924.9,6295.4,1
2026-04-09T14:57:54.442228+00:00,356.05,27.12,356.05,27.12,-98.7,437495816.44745463,-9195.6,927.0,6301.1,1
2026-04-09T14:57:54.802205+00:00,356.02,27.03,356.02,27.03,-99.7,437495816.44745463,-9204.0,929.2,6306.9,1
2026-04-09T14:57:55.142215+00:00,355.98,26.94,355.98,26.94,-106.7,437495816.44745463,-9212.8,931.4,6312.9,1
2026-04-09T14:57:55.478906+00:00,355.94,26.85,355.94,26.85,-103.7,437495816.44745463,-9221.1,933.6,6318.6,1
2026-04-09T14:57:55.838663+00:00,355.91,26.76,355.91,26.76,-101.7,437495816.44745463,-9229.3,935.7,6324.2,1
2026-04-09T14:57:56.198152+00:00,355.87,26.67,355.87,26.67,-99.7,437495765.0385201,-9238.5,938.1,6330.5,1
2026-04-09T14:57:56.535030+00:00,355.83,26.58,355.83,26.58,-99.7,437495765.0385201,-9246.6,940.3,6336.1,1
2026-04-09T14:57:56.894219+00:00,355.80,26.50,355.8,26.5,-100.7,437495765.0385201,-9254.5,942.4,6341.5,1
2026-04-09T14:57:57.244218+00:00,355.76,26.40,355.76,26.4,-99.7,437495765.0385201,-9263.1,944.7,6347.3,1
2026-04-09T14:57:57.596241+00:00,355.72,26.32,355.72,26.32,-96.7,437495765.0385201,-9271.3,946.9,6353.0,1
2026-04-09T14:57:57.971809+00:00,355.69,26.23,355.69,26.23,-94.7,437495765.0385201,-9279.4,949.2,6358.6,1
2026-04-09T14:57:58.348239+00:00,355.65,26.13,355.65,26.13,-94.7,437495714.8808724,-9288.6,951.7,6364.9,1
2026-04-09T14:57:58.699691+00:00,355.61,26.04,355.61,26.04,-94.7,437495714.8808724,-9296.7,954.0,6370.4,1
2026-04-09T14:57:59.056245+00:00,355.58,25.95,355.58,25.95,-93.7,437495714.8808724,-9304.6,956.2,6375.8,1
2026-04-09T14:57:59.407227+00:00,355.54,25.87,355.54,25.87,-98.7,437495714.8808724,-9312.7,958.5,6381.4,1
2026-04-09T14:57:59.759346+00:00,355.51,25.78,355.51,25.78,-92.7,437495714.8808724,-9320.6,960.7,6386.7,1
2026-04-09T14:58:00.114039+00:00,355.47,25.69,355.47,25.69,-101.7,437495714.8808724,-9328.3,963.0,6392.1,1
2026-04-09T14:58:00.468376+00:00,355.44,25.61,355.44,25.61,-94.7,437495714.8808724,-9336.1,965.2,6397.4,1
2026-04-09T14:58:00.844448+00:00,355.40,25.52,355.4,25.52,-91.7,437495658.91785234,-9344.4,967.6,6403.1,1
2026-04-09T14:58:01.220096+00:00,355.37,25.43,355.37,25.43,-95.7,437495658.91785234,-9352.1,969.9,6408.3,1
2026-04-09T14:58:01.571452+00:00,355.33,25.34,355.33,25.34,-95.7,437495658.91785234,-9360.2,972.3,6413.9,1
2026-04-09T14:58:01.907983+00:00,355.30,25.26,355.3,25.26,-95.7,437495658.91785234,-9367.7,974.6,6419.0,1
2026-04-09T14:58:02.280481+00:00,355.27,25.18,355.27,25.18,-97.7,437495658.91785234,-9374.7,976.7,6423.9,1
2026-04-09T14:58:02.632327+00:00,355.23,25.09,355.23,25.09,-93.7,437495658.91785234,-9382.7,979.1,6429.3,1
2026-04-09T14:58:02.988493+00:00,355.20,25.01,355.2,25.01,-95.7,437495658.91785234,-9390.0,981.4,6434.4,1
2026-04-09T14:58:03.384173+00:00,355.17,24.92,355.17,24.92,-93.7,437495605.2550338,-9397.8,983.8,6439.7,1
2026-04-09T14:58:03.735983+00:00,355.13,24.83,355.13,24.83,-95.7,437495605.2550338,-9405.6,986.2,6445.0,1
2026-04-09T14:58:04.092216+00:00,355.10,24.75,355.1,24.75,-93.7,437495605.2550338,-9412.8,988.5,6449.9,1
2026-04-09T14:58:04.467093+00:00,355.07,24.66,355.07,24.66,-94.7,437495605.2550338,-9420.0,990.8,6454.9,1
2026-04-09T14:58:04.824140+00:00,355.03,24.58,355.03,24.58,-93.7,437495605.2550338,-9427.6,993.2,6460.1,1
2026-04-09T14:58:05.151550+00:00,355.00,24.49,355.0,24.49,-93.7,437495605.2550338,-9434.7,995.5,6464.9,1
2026-04-09T14:58:05.528291+00:00,354.97,24.42,354.97,24.42,-97.7,437495605.2550338,-9441.2,997.6,6469.4,1
2026-04-09T14:58:05.879757+00:00,354.94,24.33,354.94,24.33,-98.7,437495551.31359726,-9448.7,1000.1,6474.5,1
2026-04-09T14:58:06.231336+00:00,354.91,24.25,354.91,24.25,-94.7,437495551.31359726,-9455.6,1002.4,6479.3,1
2026-04-09T14:58:06.608028+00:00,354.88,24.17,354.88,24.17,-96.7,437495551.31359726,-9462.4,1004.6,6484.0,1
2026-04-09T14:58:06.940597+00:00,354.85,24.09,354.85,24.09,-93.7,437495551.31359726,-9469.6,1007.1,6488.9,1
2026-04-09T14:58:07.287317+00:00,354.82,24.01,354.82,24.01,-94.7,437495551.31359726,-9476.0,1009.2,6493.3,1
2026-04-09T14:58:07.664045+00:00,354.79,23.93,354.79,23.93,-95.7,437495551.31359726,-9482.7,1011.5,6497.8,1
2026-04-09T14:58:07.996947+00:00,354.76,23.85,354.76,23.85,-94.7,437495551.31359726,-9489.8,1013.9,6502.7,1
2026-04-09T14:58:08.352215+00:00,354.73,23.78,354.73,23.78,-95.7,437495551.31359726,-9496.0,1016.1,6507.0,1
2026-04-09T14:58:08.747041+00:00,354.70,23.69,354.7,23.69,-103.7,437495499.747183,-9503.0,1018.5,6511.8,1
2026-04-09T14:58:09.100048+00:00,354.67,23.61,354.67,23.61,-101.7,437495499.747183,-9510.0,1021.0,6516.6,1
2026-04-09T14:58:09.452483+00:00,354.64,23.53,354.64,23.53,-92.7,437495499.747183,-9516.4,1023.3,6521.0,1
2026-04-09T14:58:09.827983+00:00,354.61,23.45,354.61,23.45,-94.7,437495499.747183,-9522.9,1025.6,6525.4,1
2026-04-09T14:58:10.159517+00:00,354.58,23.37,354.58,23.37,-97.7,437495499.747183,-9529.7,1028.0,6530.1,1
2026-04-09T14:58:10.511664+00:00,354.55,23.30,354.55,23.3,-100.7,437495499.747183,-9535.7,1030.2,6534.1,1
2026-04-09T14:58:10.888356+00:00,354.52,23.22,354.52,23.22,-95.7,437495499.747183,-9542.0,1032.5,6538.5,1
2026-04-09T14:58:11.239966+00:00,354.49,23.14,354.49,23.14,-97.7,437495499.747183,-9548.6,1035.0,6543.0,1
2026-04-09T14:58:11.596124+00:00,354.46,23.07,354.46,23.07,-98.7,437495499.747183,-9554.8,1037.3,6547.3,1
2026-04-09T14:58:11.996933+00:00,354.43,22.99,354.43,22.99,-94.7,437495441.2089063,-9561.4,1039.7,6551.8,1
2026-04-09T14:58:12.325636+00:00,354.40,22.91,354.4,22.91,-94.7,437495441.2089063,-9567.9,1042.2,6556.2,1
2026-04-09T14:58:12.680123+00:00,354.38,22.83,354.38,22.83,-95.7,437495441.2089063,-9573.7,1044.4,6560.2,1
2026-04-09T14:58:13.055274+00:00,354.35,22.76,354.35,22.76,-96.7,437495441.2089063,-9579.7,1046.7,6564.3,1
2026-04-09T14:58:13.412580+00:00,354.32,22.68,354.32,22.68,-95.7,437495441.2089063,-9586.1,1049.2,6568.7,1
2026-04-09T14:58:13.740450+00:00,354.29,22.61,354.29,22.61,-96.7,437495441.2089063,-9592.1,1051.5,6572.8,1
2026-04-09T14:58:14.115269+00:00,354.27,22.54,354.27,22.54,-94.7,437495441.2089063,-9597.7,1053.7,6576.6,1
2026-04-09T14:58:14.467359+00:00,354.24,22.46,354.24,22.46,-94.7,437495441.2089063,-9603.9,1056.1,6580.9,1
2026-04-09T14:58:14.819374+00:00,354.21,22.38,354.21,22.38,-100.7,437495441.2089063,-9609.7,1058.5,6584.9,1
2026-04-09T14:58:15.220079+00:00,354.18,22.31,354.18,22.31,-97.7,437495386.6282874,-9615.9,1060.9,6589.1,1
2026-04-09T14:58:15.549634+00:00,354.16,22.23,354.16,22.23,-91.7,437495386.6282874,-9622.0,1063.4,6593.3,1
2026-04-09T14:58:15.903166+00:00,354.13,22.16,354.13,22.16,-95.7,437495386.6282874,-9627.4,1065.6,6597.0,1
2026-04-09T14:58:16.280053+00:00,354.11,22.09,354.11,22.09,-94.7,437495386.6282874,-9633.1,1067.9,6600.9,1
2026-04-09T14:58:16.631832+00:00,354.08,22.01,354.08,22.01,-98.7,437495386.6282874,-9639.1,1070.4,6605.0,1
2026-04-09T14:58:16.988755+00:00,354.05,21.94,354.05,21.94,-93.7,437495386.6282874,-9644.7,1072.7,6608.8,1
2026-04-09T14:58:17.360487+00:00,354.03,21.87,354.03,21.87,-93.7,437495386.6282874,-9650.2,1075.1,6612.7,1
2026-04-09T14:58:17.716372+00:00,354.00,21.79,354.0,21.79,-94.7,437495386.6282874,-9656.1,1077.6,6616.6,1
2026-04-09T14:58:18.068759+00:00,353.97,21.72,353.97,21.72,-95.7,437495386.6282874,-9661.6,1079.9,6620.4,1
2026-04-09T14:58:18.424153+00:00,353.95,21.65,353.95,21.65,-93.7,437495386.6282874,-9667.0,1082.2,6624.2,1
2026-04-09T14:58:18.796324+00:00,353.92,21.57,353.92,21.57,-101.7,437495329.50875336,-9672.8,1084.7,6628.1,1
2026-04-09T14:58:19.152348+00:00,353.90,21.50,353.9,21.5,-97.7,437495329.50875336,-9678.1,1087.1,6631.8,1
2026-04-09T14:58:19.528104+00:00,353.87,21.43,353.87,21.43,-92.7,437495329.50875336,-9683.5,1089.4,6635.4,1
2026-04-09T14:58:19.878881+00:00,353.84,21.36,353.84,21.36,-98.7,437495329.50875336,-9689.1,1091.9,6639.3,1
2026-04-09T14:58:20.227788+00:00,353.82,21.29,353.82,21.29,-100.7,437495329.50875336,-9694.3,1094.2,6642.9,1
2026-04-09T14:58:20.585536+00:00,353.80,21.22,353.8,21.22,-104.7,437495329.50875336,-9699.4,1096.5,6646.4,1
2026-04-09T14:58:20.927341+00:00,353.77,21.15,353.77,21.15,-97.7,437495329.50875336,-9704.7,1098.9,6650.0,1
2026-04-09T14:58:21.262206+00:00,353.75,21.09,353.75,21.09,-100.7,437495329.50875336,-9709.7,1101.2,6653.4,1
2026-04-09T14:58:21.623356+00:00,353.73,21.02,353.73,21.02,-98.7,437495329.50875336,-9714.5,1103.4,6656.7,1
2026-04-09T14:58:21.958215+00:00,353.70,20.95,353.7,20.95,-98.7,437495329.50875336,-9719.8,1105.8,6660.3,1
2026-04-09T14:58:22.299345+00:00,353.68,20.89,353.68,20.89,-98.7,437495329.50875336,-9724.6,1108.1,6663.6,1
2026-04-09T14:58:22.678257+00:00,353.65,20.82,353.65,20.82,-100.7,437495272.35857844,-9729.7,1110.5,6667.1,1
2026-04-09T14:58:23.014172+00:00,353.63,20.75,353.63,20.75,-104.7,437495272.35857844,-9734.7,1112.8,6670.6,1
2026-04-09T14:58:23.355398+00:00,353.61,20.68,353.61,20.68,-98.7,437495272.35857844,-9739.5,1115.1,6673.8,1
2026-04-09T14:58:23.711153+00:00,353.59,20.62,353.59,20.62,-102.7,437495272.35857844,-9744.2,1117.4,6677.0,1
2026-04-09T14:58:24.050354+00:00,353.56,20.55,353.56,20.55,-101.7,437495272.35857844,-9749.2,1119.8,6680.4,1
2026-04-09T14:58:24.386175+00:00,353.54,20.49,353.54,20.49,-95.7,437495272.35857844,-9753.8,1122.0,6683.6,1
2026-04-09T14:58:24.746223+00:00,353.52,20.42,353.52,20.42,-99.7,437495272.35857844,-9758.4,1124.3,6686.8,1
2026-04-09T14:58:25.085009+00:00,353.50,20.36,353.5,20.36,-97.7,437495272.35857844,-9763.3,1126.7,6690.1,1
2026-04-09T14:58:25.418908+00:00,353.47,20.29,353.47,20.29,-95.7,437495272.35857844,-9768.0,1129.0,6693.3,1
2026-04-09T14:58:25.775149+00:00,353.45,20.23,353.45,20.23,-97.7,437495272.35857844,-9772.4,1131.2,6696.4,1
2026-04-09T14:58:26.104104+00:00,353.43,20.16,353.43,20.16,-95.7,437495272.35857844,-9777.1,1133.6,6699.6,1
2026-04-09T14:58:26.480300+00:00,353.41,20.10,353.41,20.1,-97.7,437495220.19431126,-9781.8,1136.0,6702.8,1
2026-04-09T14:58:26.857170+00:00,353.38,20.03,353.38,20.03,-96.7,437495220.19431126,-9786.5,1138.3,6706.0,1
2026-04-09T14:58:27.208329+00:00,353.36,19.96,353.36,19.96,-102.7,437495220.19431126,-9791.4,1140.8,6709.4,1
2026-04-09T14:58:27.564222+00:00,353.34,19.90,353.34,19.9,-95.7,437495220.19431126,-9795.9,1143.2,6712.5,1
2026-04-09T14:58:27.920409+00:00,353.32,19.83,353.32,19.83,-95.7,437495220.19431126,-9800.5,1145.6,6715.6,1
2026-04-09T14:58:28.272481+00:00,353.30,19.77,353.3,19.77,-95.7,437495220.19431126,-9805.1,1148.0,6718.8,1
2026-04-09T14:58:28.623081+00:00,353.27,19.70,353.27,19.7,-97.7,437495220.19431126,-9809.6,1150.3,6721.8,1
2026-04-09T14:58:29.000183+00:00,353.25,19.64,353.25,19.64,-95.7,437495220.19431126,-9814.0,1152.7,6724.9,1
2026-04-09T14:58:29.349012+00:00,353.23,19.57,353.23,19.57,-101.7,437495220.19431126,-9818.7,1155.2,6728.1,1
2026-04-09T14:58:29.680779+00:00,353.21,19.51,353.21,19.51,-98.7,437495220.19431126,-9823.1,1157.6,6731.1,1
2026-04-09T14:58:30.056191+00:00,353.19,19.45,353.19,19.45,-96.7,437495220.19431126,-9827.2,1159.8,6733.9,1
2026-04-09T14:58:30.407611+00:00,353.17,19.38,353.17,19.38,-97.7,437495168.21602696,-9831.8,1162.4,6737.1,1
2026-04-09T14:58:30.759881+00:00,353.15,19.32,353.15,19.32,-101.7,437495168.21602696,-9836.1,1164.7,6740.0,1
2026-04-09T14:58:31.136327+00:00,353.12,19.26,353.12,19.26,-94.7,437495168.21602696,-9840.4,1167.1,6742.9,1
2026-04-09T14:58:31.479435+00:00,353.10,19.19,353.1,19.19,-99.7,437495168.21602696,-9844.9,1169.6,6746.0,1
2026-04-09T14:58:31.814213+00:00,353.08,19.13,353.08,19.13,-103.7,437495168.21602696,-9848.9,1171.9,6748.8,1
2026-04-09T14:58:32.174194+00:00,353.06,19.07,353.06,19.07,-101.7,437495168.21602696,-9852.9,1174.2,6751.5,1
2026-04-09T14:58:32.510333+00:00,353.04,19.01,353.04,19.01,-101.7,437495168.21602696,-9857.2,1176.6,6754.5,1
2026-04-09T14:58:32.851359+00:00,353.02,18.95,353.02,18.95,-100.7,437495168.21602696,-9861.2,1178.9,6757.2,1
2026-04-09T14:58:33.211317+00:00,353.00,18.89,353.0,18.89,-104.7,437495168.21602696,-9865.1,1181.2,6759.9,1
2026-04-09T14:58:33.546393+00:00,352.98,18.83,352.98,18.83,-102.7,437495168.21602696,-9869.3,1183.6,6762.7,1
2026-04-09T14:58:33.883201+00:00,352.96,18.77,352.96,18.77,-97.7,437495168.21602696,-9873.2,1185.9,6765.4,1
2026-04-09T14:58:34.242176+00:00,352.95,18.71,352.95,18.71,-101.7,437495168.21602696,-9877.0,1188.2,6768.1,1
2026-04-09T14:58:34.582151+00:00,352.92,18.65,352.92,18.65,-102.7,437495168.21602696,-9881.1,1190.6,6770.9,1
2026-04-09T14:58:34.943369+00:00,352.90,18.59,352.9,18.59,-103.7,437495116.4500908,-9885.2,1193.0,6773.7,1
2026-04-09T14:58:35.298958+00:00,352.89,18.53,352.89,18.53,-100.7,437495116.4500908,-9889.0,1195.3,6776.2,1
2026-04-09T14:58:35.638913+00:00,352.87,18.47,352.87,18.47,-104.7,437495116.4500908,-9893.0,1197.8,6779.0,1
2026-04-09T14:58:35.975434+00:00,352.85,18.42,352.85,18.42,-100.7,437495116.4500908,-9896.8,1200.1,6781.6,1
2026-04-09T14:58:36.348183+00:00,352.83,18.36,352.83,18.36,-103.7,437495116.4500908,-9900.5,1202.3,6784.1,1
2026-04-09T14:58:36.675847+00:00,352.81,18.30,352.81,18.3,-101.7,437495116.4500908,-9904.6,1204.9,6786.9,1
2026-04-09T14:58:37.028609+00:00,352.79,18.24,352.79,18.24,-97.7,437495116.4500908,-9908.2,1207.1,6789.4,1
2026-04-09T14:58:37.404201+00:00,352.77,18.18,352.77,18.18,-98.7,437495116.4500908,-9912.0,1209.5,6792.0,1
2026-04-09T14:58:37.755096+00:00,352.75,18.12,352.75,18.12,-97.7,437495116.4500908,-9916.0,1212.1,6794.8,1
2026-04-09T14:58:38.108449+00:00,352.73,18.06,352.73,18.06,-96.7,437495116.4500908,-9919.8,1214.5,6797.4,1
2026-04-09T14:58:38.484361+00:00,352.71,18.00,352.71,18.0,-96.7,437495116.4500908,-9923.5,1216.9,6799.9,1
2026-04-09T14:58:38.836623+00:00,352.69,17.94,352.69,17.94,-101.7,437495116.4500908,-9927.5,1219.4,6802.6,1
2026-04-09T14:58:39.167967+00:00,352.68,17.88,352.68,17.88,-97.7,437495116.4500908,-9931.2,1221.8,6805.2,1
2026-04-09T14:58:39.548523+00:00,352.66,17.83,352.66,17.83,-95.7,437495116.4500908,-9934.7,1224.1,6807.5,1
2026-04-09T14:58:39.899474+00:00,352.64,17.76,352.64,17.76,-98.7,437495061.4298114,-9938.6,1226.7,6810.2,1
2026-04-09T14:58:40.256144+00:00,352.62,17.71,352.62,17.71,-99.7,437495061.4298114,-9942.2,1229.1,6812.7,1
2026-04-09T14:58:40.607265+00:00,352.60,17.65,352.6,17.65,-97.7,437495061.4298114,-9945.8,1231.5,6815.2,1
2026-04-09T14:58:40.964337+00:00,352.58,17.59,352.58,17.59,-99.7,437495061.4298114,-9949.4,1233.9,6817.7,1
2026-04-09T14:58:41.316971+00:00,352.57,17.53,352.57,17.53,-98.7,437495061.4298114,-9953.0,1236.3,6820.1,1
2026-04-09T14:58:41.671327+00:00,352.55,17.48,352.55,17.48,-96.7,437495061.4298114,-9956.5,1238.7,6822.5,1
2026-04-09T14:58:42.023571+00:00,352.53,17.42,352.53,17.42,-97.7,437495061.4298114,-9960.1,1241.1,6825.0,1
2026-04-09T14:58:42.356410+00:00,352.51,17.36,352.51,17.36,-98.7,437495061.4298114,-9963.5,1243.5,6827.3,1
2026-04-09T14:58:42.708715+00:00,352.50,17.31,352.5,17.31,-95.7,437495061.4298114,-9966.8,1245.8,6829.6,1
2026-04-09T14:58:43.063946+00:00,352.48,17.26,352.48,17.26,-101.7,437495061.4298114,-9970.3,1248.2,6831.9,1
2026-04-09T14:58:43.391683+00:00,352.46,17.20,352.46,17.2,-96.7,437495061.4298114,-9973.7,1250.6,6834.3,1
2026-04-09T14:58:43.772096+00:00,352.44,17.15,352.44,17.15,-97.7,437495061.4298114,-9976.9,1252.9,6836.5,1
2026-04-09T14:58:44.104728+00:00,352.43,17.09,352.43,17.09,-97.7,437495061.4298114,-9980.5,1255.5,6839.0,1
2026-04-09T14:58:44.433793+00:00,352.41,17.04,352.41,17.04,-101.7,437495061.4298114,-9983.7,1257.7,6841.1,1
2026-04-09T14:58:44.807902+00:00,352.39,16.98,352.39,16.98,-97.7,437495061.4298114,-9986.8,1260.0,6843.3,1
2026-04-09T14:58:45.161114+00:00,352.37,16.92,352.37,16.92,-97.7,437495009.66387534,-9990.3,1262.6,6845.7,1
2026-04-09T14:58:45.516380+00:00,352.36,16.87,352.36,16.87,-99.7,437495009.66387534,-9993.6,1265.0,6848.0,1
2026-04-09T14:58:45.892203+00:00,352.34,16.81,352.34,16.81,-95.7,437495009.66387534,-9996.9,1267.4,6850.2,1
2026-04-09T14:58:46.244504+00:00,352.32,16.76,352.32,16.76,-97.7,437495009.66387534,-10000.4,1270.0,6852.6,1
2026-04-09T14:58:46.595245+00:00,352.31,16.70,352.31,16.7,-98.7,437495009.66387534,-10003.6,1272.4,6854.8,1
2026-04-09T14:58:46.971656+00:00,352.29,16.65,352.29,16.65,-100.7,437495009.66387534,-10006.9,1274.8,6857.0,1
2026-04-09T14:58:47.324101+00:00,352.27,16.59,352.27,16.59,-97.7,437495009.66387534,-10010.3,1277.4,6859.4,1
2026-04-09T14:58:47.675079+00:00,352.25,16.54,352.25,16.54,-97.7,437495009.66387534,-10013.4,1279.8,6861.5,1
2026-04-09T14:58:48.052409+00:00,352.24,16.48,352.24,16.48,-97.7,437495009.66387534,-10016.6,1282.2,6863.7,1
2026-04-09T14:58:48.380905+00:00,352.22,16.43,352.22,16.43,-94.7,437495009.66387534,-10019.9,1284.8,6866.0,1
2026-04-09T14:58:48.713046+00:00,352.21,16.38,352.21,16.38,-95.7,437495009.66387534,-10022.8,1287.1,6868.0,1
2026-04-09T14:58:49.087577+00:00,352.19,16.33,352.19,16.33,-97.7,437495009.66387534,-10025.7,1289.3,6870.0,1
2026-04-09T14:58:49.419978+00:00,352.17,16.27,352.17,16.27,-95.7,437495009.66387534,-10029.0,1291.9,6872.2,1
2026-04-09T14:58:49.773025+00:00,352.16,16.22,352.16,16.22,-101.7,437495009.66387534,-10031.9,1294.2,6874.2,1
2026-04-09T14:58:50.128206+00:00,352.14,16.17,352.14,16.17,-99.7,437495009.66387534,-10034.9,1296.6,6876.3,1
2026-04-09T14:58:50.460716+00:00,352.13,16.11,352.13,16.11,-95.7,437495009.66387534,-10038.0,1299.1,6878.4,1
2026-04-09T14:58:50.813312+00:00,352.11,16.06,352.11,16.06,-95.7,437495009.66387534,-10040.8,1301.4,6880.3,1
2026-04-09T14:58:51.172505+00:00,352.10,16.01,352.1,16.01,-97.7,437495009.66387534,-10043.8,1303.8,6882.3,1
2026-04-09T14:58:51.544629+00:00,352.08,15.95,352.08,15.95,-101.7,437494954.24882764,-10047.0,1306.4,6884.5,1
2026-04-09T14:58:51.896309+00:00,352.06,15.90,352.06,15.9,-97.7,437494954.24882764,-10049.9,1308.8,6886.5,1
2026-04-09T14:58:52.262183+00:00,352.05,15.85,352.05,15.85,-100.7,437494954.24882764,-10052.9,1311.3,6888.6,1
2026-04-09T14:58:52.603341+00:00,352.03,15.80,352.03,15.8,-100.7,437494954.24882764,-10055.9,1313.8,6890.6,1
2026-04-09T14:58:52.938250+00:00,352.02,15.75,352.02,15.75,-102.7,437494954.24882764,-10058.6,1316.1,6892.5,1
2026-04-09T14:58:53.298941+00:00,352.00,15.70,352.0,15.7,-101.7,437494954.24882764,-10061.4,1318.4,6894.4,1
2026-04-09T14:58:53.634663+00:00,351.99,15.65,351.99,15.65,-103.7,437494954.24882764,-10064.3,1320.9,6896.4,1
2026-04-09T14:58:53.974504+00:00,351.97,15.60,351.97,15.6,-101.7,437494954.24882764,-10067.0,1323.2,6898.3,1
2026-04-09T14:58:54.335319+00:00,351.96,15.55,351.96,15.55,-102.7,437494954.24882764,-10069.7,1325.5,6900.1,1
2026-04-09T14:58:54.670395+00:00,351.94,15.50,351.94,15.5,-102.7,437494954.24882764,-10072.6,1328.0,6902.1,1
2026-04-09T14:58:55.006990+00:00,351.93,15.45,351.93,15.45,-103.7,437494954.24882764,-10075.3,1330.4,6903.9,1
2026-04-09T14:58:55.366164+00:00,351.91,15.40,351.91,15.4,-102.7,437494954.24882764,-10077.9,1332.7,6905.7,1
2026-04-09T14:58:55.707338+00:00,351.90,15.35,351.9,15.35,-101.7,437494954.24882764,-10080.7,1335.2,6907.7,1
2026-04-09T14:58:56.042406+00:00,351.88,15.30,351.88,15.3,-95.7,437494954.24882764,-10083.4,1337.5,6909.5,1
2026-04-09T14:58:56.402152+00:00,351.87,15.25,351.87,15.25,-104.7,437494954.24882764,-10086.0,1339.8,6911.2,1
2026-04-09T14:58:56.743341+00:00,351.85,15.20,351.85,15.2,-102.7,437494954.24882764,-10088.8,1342.3,6913.2,1
2026-04-09T14:58:57.080513+00:00,351.84,15.15,351.84,15.15,-107.7,437494954.24882764,-10091.3,1344.6,6914.9,1
2026-04-09T14:58:57.456949+00:00,351.83,15.10,351.83,15.1,-100.7,437494954.24882764,-10094.0,1347.0,6916.7,1
2026-04-09T14:58:57.812179+00:00,351.81,15.05,351.81,15.05,-97.7,437494903.2054456,-10096.8,1349.6,6918.6,1
2026-04-09T14:58:58.140405+00:00,351.80,15.00,351.8,15.0,-96.7,437494903.2054456,-10099.4,1352.1,6920.5,1
2026-04-09T14:58:58.496192+00:00,351.78,14.95,351.78,14.95,-100.7,437494903.2054456,-10101.9,1354.4,6922.2,1
2026-04-09T14:58:58.847919+00:00,351.77,14.90,351.77,14.9,-101.7,437494903.2054456,-10104.6,1356.8,6924.0,1
2026-04-09T14:58:59.179620+00:00,351.75,14.86,351.75,14.86,-99.7,437494903.2054456,-10107.1,1359.3,6925.7,1
2026-04-09T14:58:59.560386+00:00,351.74,14.81,351.74,14.81,-98.7,437494903.2054456,-10109.6,1361.6,6927.4,1
2026-04-09T14:58:59.912856+00:00,351.73,14.76,351.73,14.76,-97.7,437494903.2054456,-10112.3,1364.2,6929.3,1
2026-04-09T14:59:00.264952+00:00,351.71,14.71,351.71,14.71,-98.7,437494903.2054456,-10114.9,1366.7,6931.1,1
2026-04-09T14:59:00.619187+00:00,351.70,14.66,351.7,14.66,-99.7,437494903.2054456,-10117.4,1369.1,6932.8,1
2026-04-09T14:59:00.972543+00:00,351.68,14.61,351.68,14.61,-98.7,437494903.2054456,-10120.0,1371.6,6934.5,1
2026-04-09T14:59:01.326366+00:00,351.67,14.56,351.67,14.56,-100.7,437494903.2054456,-10122.5,1374.0,6936.2,1
2026-04-09T14:59:01.700177+00:00,351.66,14.51,351.66,14.51,-97.7,437494903.2054456,-10125.0,1376.4,6937.9,1
2026-04-09T14:59:02.052768+00:00,351.64,14.46,351.64,14.46,-99.7,437494903.2054456,-10127.6,1379.0,6939.7,1
2026-04-09T14:59:02.404468+00:00,351.63,14.41,351.63,14.41,None,437494903.2054456,-10130.1,1381.5,6941.4,1
2026-04-09T14:59:02.780223+00:00,351.61,14.37,351.61,14.37,-98.7,437494903.2054456,-10132.5,1383.9,6943.1,1
2026-04-09T14:59:03.132132+00:00,351.60,14.32,351.6,14.32,-101.7,437494903.2054456,-10135.1,1386.5,6944.9,1
2026-04-09T14:59:03.484577+00:00,351.59,14.27,351.59,14.27,-98.7,437494903.2054456,-10137.5,1389.0,6946.5,1
2026-04-09T14:59:03.860928+00:00,351.57,14.22,351.57,14.22,-99.7,437494903.2054456,-10139.9,1391.4,6948.2,1
2026-04-09T14:59:04.196431+00:00,351.56,14.17,351.56,14.17,-97.7,437494903.2054456,-10142.4,1394.1,6949.9,1
2026-04-09T14:59:04.548461+00:00,351.55,14.13,351.55,14.13,-99.7,437494903.2054456,-10144.7,1396.4,6951.5,1
2026-04-09T14:59:04.923211+00:00,351.53,14.08,351.53,14.08,-97.7,437494903.2054456,-10147.1,1398.8,6953.1,1
2026-04-09T14:59:05.296449+00:00,351.52,14.03,351.52,14.03,-100.7,437494850.44973874,-10149.6,1401.4,6954.8,1
2026-04-09T14:59:05.627777+00:00,351.50,13.98,351.5,13.98,-101.7,437494850.44973874,-10152.0,1404.0,6956.5,1
2026-04-09T14:59:06.004707+00:00,351.49,13.94,351.49,13.94,-95.7,437494850.44973874,-10154.2,1406.3,6958.0,1
2026-04-09T14:59:06.340143+00:00,351.48,13.89,351.48,13.89,-98.7,437494850.44973874,-10156.6,1409.0,6959.7,1
2026-04-09T14:59:06.692297+00:00,351.47,13.84,351.47,13.84,-101.7,437494850.44973874,-10158.8,1411.3,6961.1,1
2026-04-09T14:59:07.068118+00:00,351.45,13.80,351.45,13.8,-97.7,437494850.44973874,-10161.1,1413.7,6962.7,1
2026-04-09T14:59:07.416920+00:00,351.44,13.75,351.44,13.75,-101.7,437494850.44973874,-10163.5,1416.3,6964.3,1
2026-04-09T14:59:07.768207+00:00,351.43,13.70,351.43,13.7,-99.7,437494850.44973874,-10165.7,1418.8,6965.9,1
2026-04-09T14:59:08.148109+00:00,351.41,13.66,351.41,13.66,-97.7,437494850.44973874,-10168.0,1421.3,6967.4,1
2026-04-09T14:59:08.499740+00:00,351.40,13.61,351.4,13.61,-100.7,437494850.44973874,-10170.3,1423.9,6969.0,1
2026-04-09T14:59:08.852774+00:00,351.39,13.56,351.39,13.56,-99.7,437494850.44973874,-10172.5,1426.3,6970.5,1
2026-04-09T14:59:09.208190+00:00,351.37,13.52,351.37,13.52,-100.7,437494850.44973874,-10174.7,1428.8,6972.1,1
2026-04-09T14:59:09.559718+00:00,351.36,13.47,351.36,13.47,-100.7,437494850.44973874,-10176.9,1431.3,6973.6,1
2026-04-09T14:59:09.911649+00:00,351.35,13.42,351.35,13.42,-98.7,437494850.44973874,-10179.1,1433.7,6975.0,1
2026-04-09T14:59:10.268443+00:00,351.34,13.38,351.34,13.38,-99.7,437494850.44973874,-10181.2,1436.2,6976.5,1
2026-04-09T14:59:10.620944+00:00,351.32,13.33,351.32,13.33,-101.7,437494850.44973874,-10183.4,1438.7,6978.0,1
2026-04-09T14:59:10.977484+00:00,351.31,13.29,351.31,13.29,-98.7,437494850.44973874,-10185.5,1441.1,6979.4,1
2026-04-09T14:59:11.355696+00:00,351.30,13.24,351.3,13.24,-104.7,437494850.44973874,-10187.7,1443.6,6980.9,1
2026-04-09T14:59:11.703108+00:00,351.29,13.20,351.29,13.2,-99.7,437494850.44973874,-10189.9,1446.2,6982.4,1
2026-04-09T14:59:12.060057+00:00,351.27,13.15,351.27,13.15,-102.7,437494850.44973874,-10192.0,1448.7,6983.9,1
2026-04-09T14:59:12.412089+00:00,351.26,13.11,351.26,13.11,-98.7,437494850.44973874,-10194.1,1451.2,6985.3,1
2026-04-09T14:59:12.764372+00:00,351.25,13.06,351.25,13.06,-98.7,437494850.44973874,-10196.1,1453.6,6986.7,1
2026-04-09T14:59:13.116308+00:00,351.24,13.02,351.24,13.02,-100.7,437494850.44973874,-10198.2,1456.1,6988.1,1
2026-04-09T14:59:13.497074+00:00,351.23,12.97,351.23,12.97,-95.7,437494850.44973874,-10200.2,1458.6,6989.5,1
2026-04-09T14:59:13.872155+00:00,351.21,12.92,351.21,12.92,-99.7,437494798.33107656,-10202.5,1461.4,6991.1,1
2026-04-09T14:59:14.224105+00:00,351.20,12.88,351.2,12.88,-100.7,437494798.33107656,-10204.5,1463.8,6992.5,1
2026-04-09T14:59:14.599813+00:00,351.19,12.84,351.19,12.84,-100.7,437494798.33107656,-10206.6,1466.3,6993.9,1
2026-04-09T14:59:14.955114+00:00,351.18,12.79,351.18,12.79,-95.7,437494798.33107656,-10208.7,1468.9,6995.3,1
2026-04-09T14:59:15.308212+00:00,351.16,12.75,351.16,12.75,-95.7,437494798.33107656,-10210.7,1471.4,6996.7,1
2026-04-09T14:59:15.660387+00:00,351.15,12.70,351.15,12.7,-98.7,437494798.33107656,-10212.6,1473.9,6998.0,1
2026-04-09T14:59:16.013889+00:00,351.14,12.66,351.14,12.66,-101.7,437494798.33107656,-10214.6,1476.4,6999.4,1
2026-04-09T14:59:16.344673+00:00,351.13,12.62,351.13,12.62,-96.7,437494798.33107656,-10216.5,1478.8,7000.7,1
2026-04-09T14:59:16.720178+00:00,351.12,12.57,351.12,12.57,-98.7,437494798.33107656,-10218.4,1481.2,7001.9,1
2026-04-09T14:59:17.051452+00:00,351.11,12.53,351.11,12.53,-97.7,437494798.33107656,-10220.4,1483.8,7003.3,1
2026-04-09T14:59:17.384428+00:00,351.10,12.49,351.1,12.49,-103.7,437494798.33107656,-10222.2,1486.1,7004.6,1
2026-04-09T14:59:17.760274+00:00,351.09,12.45,351.09,12.45,-99.7,437494798.33107656,-10224.0,1488.4,7005.8,1
2026-04-09T14:59:18.115936+00:00,351.07,12.40,351.07,12.4,-102.7,437494798.33107656,-10226.0,1491.1,7007.2,1
2026-04-09T14:59:18.467171+00:00,351.06,12.36,351.06,12.36,-100.7,437494798.33107656,-10227.9,1493.5,7008.5,1
2026-04-09T14:59:18.844412+00:00,351.05,12.32,351.05,12.32,-100.7,437494798.33107656,-10229.7,1496.0,7009.7,1
2026-04-09T14:59:19.196029+00:00,351.04,12.27,351.04,12.27,-100.7,437494798.33107656,-10231.7,1498.7,7011.1,1
2026-04-09T14:59:19.552151+00:00,351.03,12.23,351.03,12.23,-100.7,437494798.33107656,-10233.6,1501.1,7012.4,1
2026-04-09T14:59:19.929551+00:00,351.02,12.19,351.02,12.19,-101.7,437494798.33107656,-10235.4,1503.6,7013.6,1
2026-04-09T14:59:20.279101+00:00,351.00,12.14,351.0,12.14,-100.7,437494798.33107656,-10237.4,1506.3,7015.0,1
2026-04-09T14:59:20.631146+00:00,350.99,12.10,350.99,12.1,-102.7,437494798.33107656,-10239.2,1508.7,7016.2,1
2026-04-09T14:59:20.983579+00:00,350.98,12.06,350.98,12.06,-97.7,437494798.33107656,-10240.9,1511.2,7017.4,1
2026-04-09T14:59:21.316229+00:00,350.97,12.02,350.97,12.02,-97.7,437494798.33107656,-10242.7,1513.7,7018.7,1
2026-04-09T14:59:21.648242+00:00,350.96,11.98,350.96,11.98,-96.7,437494798.33107656,-10244.4,1516.0,7019.8,1
2026-04-09T14:59:22.023596+00:00,350.95,11.94,350.95,11.94,-103.7,437494798.33107656,-10246.1,1518.3,7020.9,1
2026-04-09T14:59:22.362165+00:00,350.94,11.89,350.94,11.89,-105.7,437494798.33107656,-10247.9,1520.9,7022.2,1
2026-04-09T14:59:22.707384+00:00,350.93,11.85,350.93,11.85,-101.7,437494798.33107656,-10249.6,1523.3,7023.4,1
2026-04-09T14:59:23.058800+00:00,350.92,11.82,350.92,11.82,-107.7,437494798.33107656,-10251.3,1525.7,7024.5,1
2026-04-09T14:59:23.398183+00:00,350.91,11.77,350.91,11.77,-100.7,437494798.33107656,-10253.0,1528.2,7025.7,1
2026-04-09T14:59:23.754926+00:00,350.90,11.73,350.9,11.73,-105.7,437494745.9166946,-10254.8,1530.8,7026.9,1
2026-04-09T14:59:24.114318+00:00,350.89,11.69,350.89,11.69,-97.7,437494745.9166946,-10256.4,1533.1,7028.0,1
2026-04-09T14:59:24.450983+00:00,350.88,11.65,350.88,11.65,-99.7,437494745.9166946,-10258.2,1535.6,7029.2,1
2026-04-09T14:59:24.790144+00:00,350.87,11.61,350.87,11.61,-102.7,437494745.9166946,-10259.8,1538.0,7030.3,1
2026-04-09T14:59:25.151348+00:00,350.86,11.57,350.86,11.57,-101.7,437494745.9166946,-10261.4,1540.4,7031.4,1
2026-04-09T14:59:25.486716+00:00,350.85,11.53,350.85,11.53,-102.7,437494745.9166946,-10263.1,1542.9,7032.6,1
2026-04-09T14:59:25.827414+00:00,350.84,11.49,350.84,11.49,-105.7,437494745.9166946,-10264.7,1545.3,7033.7,1
2026-04-09T14:59:26.182314+00:00,350.83,11.45,350.83,11.45,-103.7,437494745.9166946,-10266.2,1547.6,7034.8,1
2026-04-09T14:59:26.523338+00:00,350.82,11.41,350.82,11.41,-101.7,437494745.9166946,-10267.9,1550.2,7035.9,1
2026-04-09T14:59:26.858174+00:00,350.81,11.37,350.81,11.37,-103.7,437494745.9166946,-10269.5,1552.5,7037.0,1
2026-04-09T14:59:27.228078+00:00,350.80,11.34,350.8,11.34,-106.7,437494745.9166946,-10271.0,1554.9,7038.0,1
2026-04-09T14:59:27.579119+00:00,350.78,11.29,350.78,11.29,-96.7,437494745.9166946,-10272.7,1557.6,7039.2,1
2026-04-09T14:59:27.935457+00:00,350.77,11.25,350.77,11.25,-101.7,437494745.9166946,-10274.3,1560.0,7040.3,1
2026-04-09T14:59:28.307389+00:00,350.76,11.21,350.76,11.21,-99.7,437494745.9166946,-10275.9,1562.5,7041.4,1
2026-04-09T14:59:28.641335+00:00,350.75,11.17,350.75,11.17,-99.7,437494745.9166946,-10277.6,1565.2,7042.6,1
2026-04-09T14:59:28.996217+00:00,350.74,11.13,350.74,11.13,-95.7,437494745.9166946,-10279.1,1567.5,7043.6,1
2026-04-09T14:59:29.372344+00:00,350.73,11.09,350.73,11.09,-99.7,437494745.9166946,-10280.7,1570.0,7044.7,1
2026-04-09T14:59:29.724578+00:00,350.72,11.05,350.72,11.05,-97.7,437494745.9166946,-10282.3,1572.7,7045.8,1
2026-04-09T14:59:30.076473+00:00,350.71,11.01,350.71,11.01,-101.7,437494745.9166946,-10283.9,1575.1,7046.8,1
2026-04-09T14:59:30.431382+00:00,350.70,10.97,350.7,10.97,-102.7,437494745.9166946,-10285.4,1577.6,7047.9,1
2026-04-09T14:59:30.763060+00:00,350.69,10.93,350.69,10.93,-98.7,437494745.9166946,-10287.0,1580.1,7049.0,1
2026-04-09T14:59:31.115064+00:00,350.68,10.90,350.68,10.9,-99.7,437494745.9166946,-10288.4,1582.5,7049.9,1
2026-04-09T14:59:31.471571+00:00,350.68,10.86,350.68,10.86,-99.7,437494745.9166946,-10289.9,1585.0,7051.0,1
2026-04-09T14:59:31.823059+00:00,350.67,10.82,350.67,10.82,-101.7,437494745.9166946,-10291.4,1587.5,7052.0,1
2026-04-09T14:59:32.176404+00:00,350.66,10.78,350.66,10.78,-96.7,437494745.9166946,-10292.9,1590.0,7053.0,1
2026-04-09T14:59:32.531370+00:00,350.65,10.74,350.65,10.74,-99.7,437494745.9166946,-10294.4,1592.4,7054.0,1
2026-04-09T14:59:32.888170+00:00,350.64,10.70,350.64,10.7,-94.7,437494745.9166946,-10295.9,1594.9,7055.1,1
2026-04-09T14:59:33.240565+00:00,350.63,10.66,350.63,10.66,-99.7,437494745.9166946,-10297.4,1597.5,7056.1,1
2026-04-09T14:59:33.616151+00:00,350.62,10.62,350.62,10.62,-100.7,437494745.9166946,-10298.8,1599.9,7057.1,1
2026-04-09T14:59:33.968343+00:00,350.61,10.58,350.61,10.58,-98.7,437494745.9166946,-10300.4,1602.6,7058.1,1
2026-04-09T14:59:34.324209+00:00,350.60,10.55,350.6,10.55,-95.7,437494745.9166946,-10301.8,1605.1,7059.1,1
2026-04-09T14:59:34.696750+00:00,350.59,10.51,350.59,10.51,-100.7,437494745.9166946,-10303.3,1607.6,7060.1,1
2026-04-09T14:59:35.052708+00:00,350.58,10.47,350.58,10.47,-98.7,437494695.2424278,-10304.8,1610.2,7061.2,1
2026-04-09T14:59:35.404162+00:00,350.57,10.43,350.57,10.43,-97.7,437494695.2424278,-10306.2,1612.7,7062.1,1
2026-04-09T14:59:35.775492+00:00,350.56,10.39,350.56,10.39,-94.7,437494695.2424278,-10307.6,1615.2,7063.1,1
2026-04-09T14:59:36.128014+00:00,350.55,10.35,350.55,10.35,-98.7,437494695.2424278,-10309.1,1617.8,7064.1,1
2026-04-09T14:59:36.484613+00:00,350.54,10.31,350.54,10.31,-92.7,437494695.2424278,-10310.5,1620.3,7065.1,1
2026-04-09T14:59:36.836363+00:00,350.53,10.27,350.53,10.27,-97.7,437494695.2424278,-10311.8,1622.8,7066.0,1
2026-04-09T14:59:37.187057+00:00,350.52,10.24,350.52,10.24,-100.7,437494695.2424278,-10313.2,1625.3,7067.0,1
2026-04-09T14:59:37.517740+00:00,350.51,10.20,350.51,10.2,-95.7,437494695.2424278,-10314.6,1627.8,7067.9,1
2026-04-09T14:59:37.872360+00:00,350.50,10.16,350.5,10.16,-96.7,437494695.2424278,-10315.9,1630.2,7068.8,1
2026-04-09T14:59:38.223740+00:00,350.50,10.13,350.5,10.13,-102.7,437494695.2424278,-10317.2,1632.7,7069.7,1
2026-04-09T14:59:38.580326+00:00,350.49,10.09,350.49,10.09,-97.7,437494695.2424278,-10318.6,1635.1,7070.6,1
2026-04-09T14:59:38.953028+00:00,350.48,10.05,350.48,10.05,-98.7,437494695.2424278,-10319.9,1637.6,7071.5,1
2026-04-09T14:59:39.284814+00:00,350.47,10.01,350.47,10.01,-99.7,437494695.2424278,-10321.3,1640.3,7072.5,1
2026-04-09T14:59:39.639326+00:00,350.46,9.98,350.46,9.98,-95.7,437494695.2424278,-10322.5,1642.6,7073.3,1
2026-04-09T14:59:40.015404+00:00,350.45,9.94,350.45,9.94,-97.7,437494695.2424278,-10323.9,1645.2,7074.2,1
2026-04-09T14:59:40.348045+00:00,350.44,9.90,350.44,9.9,-94.7,437494695.2424278,-10325.2,1647.8,7075.2,1
2026-04-09T14:59:40.699305+00:00,350.43,9.87,350.43,9.87,-97.7,437494695.2424278,-10326.5,1650.2,7076.0,1
2026-04-09T14:59:41.076579+00:00,350.42,9.83,350.42,9.83,-98.7,437494695.2424278,-10327.8,1652.7,7076.9,1
2026-04-09T14:59:41.428176+00:00,350.41,9.79,350.41,9.79,-94.7,437494695.2424278,-10329.1,1655.3,7077.8,1
2026-04-09T14:59:41.760377+00:00,350.41,9.75,350.41,9.75,-95.7,437494695.2424278,-10330.4,1657.8,7078.7,1
2026-04-09T14:59:42.111104+00:00,350.40,9.72,350.4,9.72,-98.7,437494695.2424278,-10331.6,1660.1,7079.5,1
2026-04-09T14:59:42.464974+00:00,350.39,9.68,350.39,9.68,-94.7,437494695.2424278,-10332.8,1662.7,7080.4,1
2026-04-09T14:59:42.797420+00:00,350.38,9.65,350.38,9.65,-96.7,437494695.2424278,-10334.1,1665.2,7081.3,1
2026-04-09T14:59:43.172087+00:00,350.37,9.61,350.37,9.61,None,437494695.2424278,-10335.3,1667.5,7082.1,1
2026-04-09T14:59:43.525122+00:00,350.36,9.57,350.36,9.57,-95.7,437494695.2424278,-10336.6,1670.2,7083.0,1
2026-04-09T14:59:43.859877+00:00,350.35,9.54,350.35,9.54,-93.7,437494695.2424278,-10337.8,1672.7,7083.8,1
2026-04-09T14:59:44.232155+00:00,350.35,9.50,350.35,9.5,-101.7,437494695.2424278,-10339.0,1675.0,7084.6,1
2026-04-09T14:59:44.563283+00:00,350.34,9.46,350.34,9.46,-95.7,437494695.2424278,-10340.2,1677.7,7085.5,1
2026-04-09T14:59:44.913333+00:00,350.33,9.43,350.33,9.43,-93.7,437494695.2424278,-10341.4,1680.0,7086.2,1
2026-04-09T14:59:45.288969+00:00,350.32,9.40,350.32,9.4,-96.7,437494695.2424278,-10342.6,1682.5,7087.1,1
2026-04-09T14:59:45.643323+00:00,350.31,9.36,350.31,9.36,-95.7,437494695.2424278,-10343.9,1685.2,7087.9,1
2026-04-09T14:59:45.995829+00:00,350.30,9.32,350.3,9.32,-95.7,437494695.2424278,-10345.1,1687.7,7088.8,1
2026-04-09T14:59:46.372335+00:00,350.30,9.29,350.3,9.29,-95.7,437494695.2424278,-10346.2,1690.2,7089.6,1
2026-04-09T14:59:46.704090+00:00,350.29,9.25,350.29,9.25,-95.7,437494695.2424278,-10347.5,1692.8,7090.4,1
2026-04-09T14:59:47.056172+00:00,350.28,9.21,350.28,9.21,-92.7,437494695.2424278,-10348.6,1695.2,7091.2,1
2026-04-09T14:59:47.407485+00:00,350.27,9.18,350.27,9.18,-92.7,437494695.2424278,-10349.7,1697.7,7092.0,1
2026-04-09T14:59:47.761484+00:00,350.26,9.14,350.26,9.14,-94.7,437494695.2424278,-10350.9,1700.2,7092.8,1
2026-04-09T14:59:48.115994+00:00,350.25,9.11,350.25,9.11,-98.7,437494695.2424278,-10352.0,1702.7,7093.5,1
2026-04-09T14:59:48.492606+00:00,350.25,9.07,350.25,9.07,-96.7,437494695.2424278,-10353.2,1705.2,7094.3,1
2026-04-09T14:59:48.843319+00:00,350.24,9.04,350.24,9.04,-93.7,437494695.2424278,-10354.4,1707.9,7095.2,1
2026-04-09T14:59:49.196065+00:00,350.23,9.00,350.23,9.0,-96.7,437494695.2424278,-10355.5,1710.4,7095.9,1
2026-04-09T14:59:49.573066+00:00,350.22,8.97,350.22,8.97,-96.7,437494643.79287636,-10356.6,1712.9,7096.7,1
2026-04-09T14:59:49.927476+00:00,350.21,8.93,350.21,8.93,-95.7,437494643.79287636,-10357.8,1715.6,7097.5,1
2026-04-09T14:59:50.284402+00:00,350.20,8.89,350.2,8.89,-98.7,437494643.79287636,-10358.9,1718.1,7098.3,1
2026-04-09T14:59:50.636125+00:00,350.20,8.86,350.2,8.86,-93.7,437494643.79287636,-10360.0,1720.6,7099.0,1
2026-04-09T14:59:50.987910+00:00,350.19,8.82,350.19,8.82,-94.7,437494643.79287636,-10361.1,1723.1,7099.8,1
2026-04-09T14:59:51.341011+00:00,350.18,8.79,350.18,8.79,-100.7,437494643.79287636,-10362.2,1725.6,7100.5,1
2026-04-09T14:59:51.696215+00:00,350.17,8.75,350.17,8.75,-92.7,437494643.79287636,-10363.3,1728.1,7101.2,1
2026-04-09T14:59:52.028283+00:00,350.16,8.72,350.16,8.72,-100.7,437494643.79287636,-10364.3,1730.6,7102.0,1
2026-04-09T14:59:52.380157+00:00,350.16,8.69,350.16,8.69,-96.7,437494643.79287636,-10365.3,1733.0,7102.7,1
2026-04-09T14:59:52.752148+00:00,350.15,8.65,350.15,8.65,-97.7,437494643.79287636,-10366.4,1735.5,7103.4,1
2026-04-09T14:59:53.107873+00:00,350.14,8.62,350.14,8.62,-92.7,437494643.79287636,-10367.5,1738.1,7104.2,1
2026-04-09T14:59:53.435388+00:00,350.13,8.58,350.13,8.58,-97.7,437494643.79287636,-10368.6,1740.6,7104.9,1
2026-04-09T14:59:53.812030+00:00,350.13,8.55,350.13,8.55,-97.7,437494643.79287636,-10369.5,1743.0,7105.5,1
2026-04-09T14:59:54.143453+00:00,350.12,8.51,350.12,8.51,-97.7,437494643.79287636,-10370.6,1745.7,7106.3,1
2026-04-09T14:59:54.500716+00:00,350.11,8.48,350.11,8.48,-99.7,437494643.79287636,-10371.6,1748.0,7107.0,1
2026-04-09T14:59:54.873104+00:00,350.10,8.45,350.1,8.45,-97.7,437494643.79287636,-10372.6,1750.5,7107.7,1
2026-04-09T14:59:55.229702+00:00,350.10,8.41,350.1,8.41,-95.7,437494643.79287636,-10373.7,1753.2,7108.4,1
2026-04-09T14:59:55.579103+00:00,350.09,8.38,350.09,8.38,-96.7,437494643.79287636,-10374.7,1755.7,7109.1,1
2026-04-09T14:59:55.952590+00:00,350.08,8.34,350.08,8.34,-99.7,437494643.79287636,-10375.7,1758.2,7109.8,1
2026-04-09T14:59:56.307399+00:00,350.07,8.31,350.07,8.31,-97.7,437494643.79287636,-10376.8,1760.9,7110.5,1
2026-04-09T14:59:56.664457+00:00,350.06,8.27,350.06,8.27,-97.7,437494643.79287636,-10377.8,1763.4,7111.2,1
2026-04-09T14:59:57.041099+00:00,350.06,8.24,350.06,8.24,-96.7,437494643.79287636,-10378.8,1765.9,7111.9,1
2026-04-09T14:59:57.373517+00:00,350.05,8.21,350.05,8.21,-97.7,437494643.79287636,-10379.8,1768.6,7112.6,1
2026-04-09T14:59:57.727287+00:00,350.04,8.17,350.04,8.17,-97.7,437494643.79287636,-10380.7,1771.0,7113.2,1
2026-04-09T14:59:58.103151+00:00,350.03,8.14,350.03,8.14,-99.7,437494643.79287636,-10381.7,1773.5,7113.9,1
2026-04-09T14:59:58.457515+00:00,350.03,8.10,350.03,8.1,-97.7,437494643.79287636,-10382.7,1776.2,7114.6,1
2026-04-09T14:59:58.788609+00:00,350.02,8.07,350.02,8.07,-100.7,437494643.79287636,-10383.7,1778.7,7115.2,1
2026-04-09T14:59:59.147182+00:00,350.01,8.04,350.01,8.04,-96.7,437494643.79287636,-10384.6,1781.0,7115.9,1
2026-04-09T14:59:59.500220+00:00,350.01,8.01,350.01,8.01,-100.7,437494643.79287636,-10385.5,1783.6,7116.5,1
2026-04-09T14:59:59.852028+00:00,350.00,7.97,350.0,7.97,-95.7,437494643.79287636,-10386.5,1786.1,7117.2,1
2026-04-09T15:00:00.227342+00:00,349.99,7.94,349.99,7.94,-95.7,437494643.79287636,-10387.4,1788.6,7117.8,1
2026-04-09T15:00:00.559098+00:00,349.98,7.91,349.98,7.91,-95.7,437494643.79287636,-10388.4,1791.3,7118.5,1
2026-04-09T15:00:00.911254+00:00,349.98,7.87,349.98,7.87,-96.7,437494643.79287636,-10389.3,1793.6,7119.1,1
2026-04-09T15:00:01.288414+00:00,349.97,7.84,349.97,7.84,-97.7,437494643.79287636,-10390.2,1796.2,7119.7,1
2026-04-09T15:00:01.619256+00:00,349.96,7.81,349.96,7.81,-96.7,437494643.79287636,-10391.2,1798.8,7120.4,1
2026-04-09T15:00:01.951077+00:00,349.96,7.78,349.96,7.78,-102.7,437494643.79287636,-10392.0,1801.2,7120.9,1
2026-04-09T15:00:02.327135+00:00,349.95,7.75,349.95,7.75,-95.7,437494643.79287636,-10392.9,1803.6,7121.5,1
2026-04-09T15:00:02.679770+00:00,349.94,7.71,349.94,7.71,-97.7,437494643.79287636,-10393.8,1806.2,7122.2,1
2026-04-09T15:00:03.035293+00:00,349.93,7.68,349.93,7.68,-99.7,437494643.79287636,-10394.7,1808.7,7122.8,1
2026-04-09T15:00:03.412153+00:00,349.93,7.65,349.93,7.65,-97.7,437494643.79287636,-10395.6,1811.3,7123.4,1
2026-04-09T15:00:03.767466+00:00,349.92,7.61,349.92,7.61,-97.7,437494643.79287636,-10396.5,1814.0,7124.0,1
2026-04-09T15:00:04.121274+00:00,349.91,7.58,349.91,7.58,None,437494643.79287636,-10397.4,1816.5,7124.6,1
2026-04-09T15:00:04.496513+00:00,349.91,7.55,349.91,7.55,-95.7,437494643.79287636,-10398.3,1819.0,7125.2,1
2026-04-09T15:00:04.852332+00:00,349.90,7.51,349.9,7.51,-94.7,437494643.79287636,-10399.2,1821.7,7125.9,1
2026-04-09T15:00:05.184186+00:00,349.89,7.48,349.89,7.48,-99.7,437494643.79287636,-10400.0,1824.2,7126.4,1
2026-04-09T15:00:05.560566+00:00,349.88,7.45,349.88,7.45,-98.7,437494643.79287636,-10400.8,1826.6,7127.0,1
2026-04-09T15:00:05.887987+00:00,349.88,7.42,349.88,7.42,-92.7,437494643.79287636,-10401.7,1829.2,7127.6,1
2026-04-09T15:00:06.219748+00:00,349.87,7.39,349.87,7.39,-95.7,437494643.79287636,-10402.5,1831.6,7128.1,1
2026-04-09T15:00:06.595063+00:00,349.86,7.36,349.86,7.36,-98.7,437494643.79287636,-10403.3,1834.0,7128.7,1
2026-04-09T15:00:06.947420+00:00,349.86,7.32,349.86,7.32,-98.7,437494643.79287636,-10404.2,1836.7,7129.3,1
2026-04-09T15:00:07.300303+00:00,349.85,7.29,349.85,7.29,-91.7,437494643.79287636,-10405.0,1839.2,7129.8,1
2026-04-09T15:00:07.651143+00:00,349.84,7.26,349.84,7.26,-95.7,437494643.79287636,-10405.8,1841.6,7130.4,1
2026-04-09T15:00:08.004840+00:00,349.84,7.23,349.84,7.23,-93.7,437494643.79287636,-10406.6,1844.2,7131.0,1
2026-04-09T15:00:08.380169+00:00,349.83,7.19,349.83,7.19,-94.7,437494592.8471174,-10407.5,1846.9,7131.6,1
2026-04-09T15:00:08.755189+00:00,349.82,7.16,349.82,7.16,-98.7,437494592.8471174,-10408.3,1849.4,7132.1,1
2026-04-09T15:00:09.112325+00:00,349.82,7.13,349.82,7.13,-97.7,437494592.8471174,-10409.2,1852.1,7132.7,1
2026-04-09T15:00:09.443652+00:00,349.81,7.10,349.81,7.1,-94.7,437494592.8471174,-10409.9,1854.6,7133.2,1
2026-04-09T15:00:09.796109+00:00,349.80,7.07,349.8,7.07,-94.7,437494592.8471174,-10410.7,1856.9,7133.7,1
2026-04-09T15:00:10.145603+00:00,349.80,7.04,349.8,7.04,-95.7,437494592.8471174,-10411.5,1859.5,7134.3,1
2026-04-09T15:00:10.476141+00:00,349.79,7.01,349.79,7.01,-96.7,437494592.8471174,-10412.2,1862.0,7134.8,1
2026-04-09T15:00:10.852312+00:00,349.78,6.98,349.78,6.98,-95.7,437494592.8471174,-10413.0,1864.3,7135.3,1
2026-04-09T15:00:11.205296+00:00,349.78,6.94,349.78,6.94,-100.7,437494592.8471174,-10413.8,1867.0,7135.9,1
2026-04-09T15:00:11.540158+00:00,349.77,6.91,349.77,6.91,-95.7,437494592.8471174,-10414.6,1869.5,7136.4,1
2026-04-09T15:00:11.893617+00:00,349.77,6.88,349.77,6.88,-97.7,437494592.8471174,-10415.3,1871.9,7136.9,1
2026-04-09T15:00:12.244904+00:00,349.76,6.85,349.76,6.85,-95.7,437494592.8471174,-10416.0,1874.4,7137.4,1
2026-04-09T15:00:12.600385+00:00,349.75,6.82,349.75,6.82,-97.7,437494592.8471174,-10416.8,1876.9,7137.9,1
2026-04-09T15:00:12.977298+00:00,349.75,6.79,349.75,6.79,-93.7,437494592.8471174,-10417.5,1879.5,7138.4,1
2026-04-09T15:00:13.308162+00:00,349.74,6.76,349.74,6.76,-94.7,437494592.8471174,-10418.3,1882.2,7139.0,1
2026-04-09T15:00:13.660359+00:00,349.73,6.73,349.73,6.73,-95.7,437494592.8471174,-10419.0,1884.5,7139.4,1
2026-04-09T15:00:14.035344+00:00,349.73,6.70,349.73,6.7,-95.7,437494592.8471174,-10419.7,1887.1,7139.9,1
2026-04-09T15:00:14.388115+00:00,349.72,6.67,349.72,6.67,-101.7,437494592.8471174,-10420.5,1889.7,7140.5,1
2026-04-09T15:00:14.747780+00:00,349.71,6.64,349.71,6.64,-94.7,437494592.8471174,-10421.2,1892.3,7141.0,1
2026-04-09T15:00:15.095651+00:00,349.71,6.61,349.71,6.61,-97.7,437494592.8471174,-10422.0,1894.8,7141.5,1
2026-04-09T15:00:15.452424+00:00,349.70,6.57,349.7,6.57,-95.7,437494592.8471174,-10422.7,1897.3,7141.9,1
2026-04-09T15:00:15.804167+00:00,349.70,6.54,349.7,6.54,-96.7,437494592.8471174,-10423.4,1899.8,7142.4,1
2026-04-09T15:00:16.176612+00:00,349.69,6.51,349.69,6.51,-98.7,437494592.8471174,-10424.1,1902.4,7142.9,1
2026-04-09T15:00:16.532549+00:00,349.68,6.48,349.68,6.48,-97.7,437494592.8471174,-10424.8,1905.0,7143.4,1
2026-04-09T15:00:16.883737+00:00,349.68,6.45,349.68,6.45,-97.7,437494592.8471174,-10425.5,1907.6,7143.9,1
2026-04-09T15:00:17.259126+00:00,349.67,6.42,349.67,6.42,-101.7,437494592.8471174,-10426.2,1910.1,7144.4,1
2026-04-09T15:00:17.616356+00:00,349.66,6.39,349.66,6.39,-95.7,437494592.8471174,-10426.9,1912.8,7144.9,1
2026-04-09T15:00:17.944497+00:00,349.66,6.36,349.66,6.36,-99.7,437494592.8471174,-10427.6,1915.3,7145.3,1
2026-04-09T15:00:18.320101+00:00,349.65,6.33,349.65,6.33,-94.7,437494592.8471174,-10428.3,1917.7,7145.8,1
2026-04-09T15:00:18.651317+00:00,349.65,6.30,349.65,6.3,-97.7,437494592.8471174,-10429.0,1920.3,7146.3,1
2026-04-09T15:00:19.004626+00:00,349.64,6.27,349.64,6.27,-94.7,437494592.8471174,-10429.6,1922.7,7146.7,1
2026-04-09T15:00:19.379641+00:00,349.63,6.24,349.63,6.24,-95.7,437494592.8471174,-10430.3,1925.2,7147.1,1
2026-04-09T15:00:19.736370+00:00,349.63,6.21,349.63,6.21,-94.7,437494592.8471174,-10431.0,1927.9,7147.6,1
2026-04-09T15:00:20.064209+00:00,349.62,6.18,349.62,6.18,-98.7,437494592.8471174,-10431.6,1930.4,7148.1,1
2026-04-09T15:00:20.440162+00:00,349.62,6.15,349.62,6.15,-95.7,437494592.8471174,-10432.2,1932.8,7148.5,1
2026-04-09T15:00:20.791587+00:00,349.61,6.12,349.61,6.12,-95.7,437494592.8471174,-10432.9,1935.5,7149.0,1
2026-04-09T15:00:21.143455+00:00,349.60,6.09,349.6,6.09,-98.7,437494592.8471174,-10433.5,1938.0,7149.4,1
2026-04-09T15:00:21.519928+00:00,349.60,6.06,349.6,6.06,-93.7,437494592.8471174,-10434.2,1940.5,7149.8,1
2026-04-09T15:00:21.919210+00:00,349.59,6.03,349.59,6.03,-101.7,437494592.8471174,-10434.9,1943.2,7150.3,1
2026-04-09T15:00:22.271198+00:00,349.59,6.00,349.59,6.0,-95.7,437494592.8471174,-10435.6,1946.1,7150.8,1
2026-04-09T15:00:22.648082+00:00,349.58,5.97,349.58,5.97,-93.7,437494592.8471174,-10436.2,1948.6,7151.2,1
2026-04-09T15:00:23.000165+00:00,349.57,5.94,349.57,5.94,-95.7,437494592.8471174,-10436.8,1951.3,7151.7,1
2026-04-09T15:00:23.352166+00:00,349.57,5.91,349.57,5.91,-94.7,437494592.8471174,-10437.5,1953.8,7152.1,1
2026-04-09T15:00:23.727015+00:00,349.56,5.88,349.56,5.88,-94.7,437494592.8471174,-10438.1,1956.3,7152.5,1
2026-04-09T15:00:24.079948+00:00,349.56,5.85,349.56,5.85,-94.7,437494592.8471174,-10438.7,1959.0,7152.9,1
2026-04-09T15:00:24.432051+00:00,349.55,5.82,349.55,5.82,-95.7,437494592.8471174,-10439.3,1961.5,7153.4,1
2026-04-09T15:00:24.811612+00:00,349.54,5.79,349.54,5.79,-94.7,437494592.8471174,-10439.9,1964.0,7153.8,1
2026-04-09T15:00:25.139625+00:00,349.54,5.76,349.54,5.76,-96.7,437494592.8471174,-10440.5,1966.7,7154.2,1
2026-04-09T15:00:25.491789+00:00,349.53,5.73,349.53,5.73,-98.7,437494592.8471174,-10441.1,1969.1,7154.6,1
2026-04-09T15:00:25.868467+00:00,349.53,5.70,349.53,5.7,-92.7,437494592.8471174,-10441.7,1971.6,7155.0,1
2026-04-09T15:00:26.224302+00:00,349.52,5.67,349.52,5.67,-98.7,437494592.8471174,-10442.3,1974.3,7155.4,1
2026-04-09T15:00:26.556137+00:00,349.52,5.64,349.52,5.64,-101.7,437494592.8471174,-10442.9,1976.8,7155.8,1
2026-04-09T15:00:26.929683+00:00,349.51,5.62,349.51,5.62,-91.7,437494592.8471174,-10443.4,1979.2,7156.2,1
2026-04-09T15:00:27.284572+00:00,349.50,5.59,349.5,5.59,-97.7,437494592.8471174,-10444.0,1981.9,7156.6,1
2026-04-09T15:00:27.636129+00:00,349.50,5.56,349.5,5.56,-96.7,437494592.8471174,-10444.6,1984.4,7157.0,1
2026-04-09T15:00:28.012378+00:00,349.49,5.53,349.49,5.53,-93.7,437494592.8471174,-10445.2,1987.0,7157.4,1
2026-04-09T15:00:28.365366+00:00,349.49,5.50,349.49,5.5,-94.7,437494592.8471174,-10445.8,1989.7,7157.8,1
2026-04-09T15:00:28.716621+00:00,349.48,5.47,349.48,5.47,-91.7,437494592.8471174,-10446.3,1992.2,7158.1,1
2026-04-09T15:00:29.092382+00:00,349.48,5.44,349.48,5.44,-94.7,437494592.8471174,-10446.9,1994.7,7158.5,1
2026-04-09T15:00:29.444564+00:00,349.47,5.41,349.47,5.41,-95.7,437494592.8471174,-10447.4,1997.4,7158.9,1
2026-04-09T15:00:29.800393+00:00,349.47,5.38,349.47,5.38,-96.7,437494592.8471174,-10448.0,1999.9,7159.3,1
2026-04-09T15:00:30.171836+00:00,349.46,5.35,349.46,5.35,-99.7,437494592.8471174,-10448.5,2002.5,7159.7,1
2026-04-09T15:00:30.527250+00:00,349.45,5.32,349.45,5.32,-95.7,437494592.8471174,-10449.1,2005.1,7160.1,1
2026-04-09T15:00:30.880266+00:00,349.45,5.30,349.45,5.3,-91.7,437494592.8471174,-10449.6,2007.7,7160.4,1
2026-04-09T15:00:31.237107+00:00,349.44,5.27,349.44,5.27,-89.7,437494592.8471174,-10450.2,2010.2,7160.8,1
2026-04-09T15:00:31.572249+00:00,349.44,5.24,349.44,5.24,-90.7,437494592.8471174,-10450.7,2012.8,7161.1,1
2026-04-09T15:00:31.904407+00:00,349.43,5.21,349.43,5.21,-92.7,437494592.8471174,-10451.2,2015.1,7161.5,1
2026-04-09T15:00:32.280094+00:00,349.43,5.19,349.43,5.19,-95.7,437494592.8471174,-10451.7,2017.5,7161.8,1
2026-04-09T15:00:32.608407+00:00,349.42,5.16,349.42,5.16,-95.7,437494592.8471174,-10452.2,2020.2,7162.2,1
2026-04-09T15:00:32.964407+00:00,349.42,5.13,349.42,5.13,-96.7,437494592.8471174,-10452.7,2022.6,7162.5,1
2026-04-09T15:00:33.338967+00:00,349.41,5.10,349.41,5.1,-97.7,437494592.8471174,-10453.2,2025.1,7162.9,1
2026-04-09T15:00:33.692665+00:00,349.41,5.07,349.41,5.07,-97.7,437494592.8471174,-10453.7,2027.8,7163.2,1
2026-04-09T15:00:34.023571+00:00,349.40,5.05,349.4,5.05,-97.7,437494592.8471174,-10454.2,2030.3,7163.6,1
2026-04-09T15:00:34.400872+00:00,349.40,5.02,349.4,5.02,-95.7,437494592.8471174,-10454.7,2032.7,7163.9,1
2026-04-09T15:00:34.732265+00:00,349.39,4.99,349.39,4.99,-95.7,437494592.8471174,-10455.2,2035.4,7164.2,1
2026-04-09T15:00:35.072106+00:00,349.39,4.96,349.39,4.96,-96.7,437494592.8471174,-10455.7,2037.8,7164.6,1
2026-04-09T15:00:35.419290+00:00,349.38,4.94,349.38,4.94,-97.7,437494592.8471174,-10456.1,2040.2,7164.9,1
2026-04-09T15:00:35.771700+00:00,349.38,4.91,349.38,4.91,-100.7,437494592.8471174,-10456.6,2042.7,7165.2,1
2026-04-09T15:00:36.124598+00:00,349.37,4.88,349.37,4.88,-97.7,437494592.8471174,-10457.1,2045.2,7165.5,1
2026-04-09T15:00:36.480028+00:00,349.37,4.86,349.37,4.86,-93.7,437494592.8471174,-10457.6,2047.8,7165.9,1
2026-04-09T15:00:36.855079+00:00,349.36,4.83,349.36,4.83,-95.7,437494542.14719796,-10458.1,2050.5,7166.2,1
2026-04-09T15:00:37.207923+00:00,349.36,4.80,349.36,4.8,-100.7,437494542.14719796,-10458.5,2053.0,7166.5,1
2026-04-09T15:00:37.584356+00:00,349.35,4.77,349.35,4.77,-94.7,437494542.14719796,-10459.0,2055.5,7166.8,1
2026-04-09T15:00:37.936235+00:00,349.35,4.74,349.35,4.74,-95.7,437494542.14719796,-10459.5,2058.2,7167.2,1
2026-04-09T15:00:38.291772+00:00,349.34,4.72,349.34,4.72,-95.7,437494542.14719796,-10459.9,2060.7,7167.5,1
2026-04-09T15:00:38.647289+00:00,349.34,4.69,349.34,4.69,-91.7,437494542.14719796,-10460.4,2063.3,7167.8,1
2026-04-09T15:00:39.000456+00:00,349.33,4.66,349.33,4.66,-94.7,437494542.14719796,-10460.8,2065.8,7168.1,1
2026-04-09T15:00:39.356175+00:00,349.33,4.63,349.33,4.63,-95.7,437494542.14719796,-10461.3,2068.4,7168.4,1
2026-04-09T15:00:39.727410+00:00,349.32,4.61,349.32,4.61,-93.7,437494542.14719796,-10461.7,2070.9,7168.7,1
2026-04-09T15:00:40.088039+00:00,349.31,4.58,349.31,4.58,-96.7,437494542.14719796,-10462.2,2073.6,7169.0,1
2026-04-09T15:00:40.433096+00:00,349.31,4.55,349.31,4.55,-92.7,437494542.14719796,-10462.6,2076.1,7169.3,1
2026-04-09T15:00:40.792372+00:00,349.31,4.52,349.31,4.52,-93.7,437494542.14719796,-10463.1,2078.6,7169.6,1
2026-04-09T15:00:41.139702+00:00,349.30,4.50,349.3,4.5,-99.7,437494542.14719796,-10463.5,2081.2,7169.9,1
2026-04-09T15:00:41.471270+00:00,349.30,4.47,349.3,4.47,-94.7,437494542.14719796,-10463.9,2083.7,7170.2,1
2026-04-09T15:00:41.848118+00:00,349.29,4.45,349.29,4.45,-94.7,437494542.14719796,-10464.3,2086.1,7170.5,1
2026-04-09T15:00:42.176383+00:00,349.29,4.42,349.29,4.42,-91.7,437494542.14719796,-10464.7,2088.8,7170.8,1
2026-04-09T15:00:42.509484+00:00,349.28,4.39,349.28,4.39,-96.7,437494542.14719796,-10465.1,2091.1,7171.0,1
2026-04-09T15:00:42.863425+00:00,349.28,4.37,349.28,4.37,-92.7,437494542.14719796,-10465.5,2093.5,7171.3,1
2026-04-09T15:00:43.220502+00:00,349.27,4.34,349.27,4.34,-94.7,437494542.14719796,-10465.9,2096.1,7171.6,1
2026-04-09T15:00:43.548803+00:00,349.27,4.31,349.27,4.31,-93.7,437494542.14719796,-10466.3,2098.6,7171.9,1
2026-04-09T15:00:43.904116+00:00,349.26,4.29,349.26,4.29,-96.7,437494542.14719796,-10466.7,2101.0,7172.1,1
2026-04-09T15:00:44.256044+00:00,349.26,4.26,349.26,4.26,-94.7,437494542.14719796,-10467.1,2103.5,7172.4,1
2026-04-09T15:00:44.592220+00:00,349.25,4.24,349.25,4.24,-97.7,437494542.14719796,-10467.5,2106.1,7172.7,1
2026-04-09T15:00:44.944305+00:00,349.25,4.21,349.25,4.21,-94.7,437494542.14719796,-10467.9,2108.4,7172.9,1
2026-04-09T15:00:45.297629+00:00,349.24,4.19,349.24,4.19,-94.7,437494542.14719796,-10468.3,2111.0,7173.2,1
2026-04-09T15:00:45.627625+00:00,349.24,4.16,349.24,4.16,-92.7,437494542.14719796,-10468.7,2113.5,7173.5,1
2026-04-09T15:00:46.004546+00:00,349.23,4.13,349.23,4.13,-95.7,437494542.14719796,-10469.0,2115.9,7173.7,1
2026-04-09T15:00:46.356104+00:00,349.23,4.11,349.23,4.11,-98.7,437494542.14719796,-10469.4,2118.6,7174.0,1
2026-04-09T15:00:46.709412+00:00,349.23,4.08,349.23,4.08,-96.7,437494542.14719796,-10469.8,2121.1,7174.3,1
2026-04-09T15:00:47.065050+00:00,349.22,4.05,349.22,4.05,-93.7,437494542.14719796,-10470.2,2123.7,7174.5,1
2026-04-09T15:00:47.420088+00:00,349.22,4.03,349.22,4.03,-93.7,437494542.14719796,-10470.6,2126.2,7174.8,1
2026-04-09T15:00:47.771511+00:00,349.21,4.00,349.21,4.0,-92.7,437494542.14719796,-10470.9,2128.8,7175.0,1
2026-04-09T15:00:48.147069+00:00,349.21,3.98,349.21,3.98,-95.7,437494542.14719796,-10471.3,2131.3,7175.3,1
2026-04-09T15:00:48.500566+00:00,349.20,3.95,349.2,3.95,-92.7,437494542.14719796,-10471.7,2134.0,7175.5,1
2026-04-09T15:00:48.856114+00:00,349.20,3.92,349.2,3.92,-94.7,437494542.14719796,-10472.0,2136.5,7175.8,1
2026-04-09T15:00:49.229677+00:00,349.19,3.90,349.19,3.9,-91.7,437494542.14719796,-10472.4,2139.1,7176.0,1
2026-04-09T15:00:49.584210+00:00,349.19,3.87,349.19,3.87,-92.7,437494542.14719796,-10472.8,2141.8,7176.3,1
2026-04-09T15:00:49.936342+00:00,349.18,3.84,349.18,3.84,-91.7,437494542.14719796,-10473.1,2144.3,7176.5,1
2026-04-09T15:00:50.315569+00:00,349.18,3.82,349.18,3.82,-93.7,437494542.14719796,-10473.5,2146.8,7176.8,1
2026-04-09T15:00:50.663952+00:00,349.17,3.79,349.17,3.79,-89.7,437494542.14719796,-10473.8,2149.5,7177.0,1
2026-04-09T15:00:50.996539+00:00,349.17,3.77,349.17,3.77,-88.7,437494542.14719796,-10474.2,2152.0,7177.2,1
2026-04-09T15:00:51.352152+00:00,349.17,3.74,349.17,3.74,-95.7,437494542.14719796,-10474.5,2154.4,7177.5,1
2026-04-09T15:00:51.684517+00:00,349.16,3.72,349.16,3.72,-94.7,437494542.14719796,-10474.8,2157.0,7177.7,1
2026-04-09T15:00:52.036899+00:00,349.16,3.69,349.16,3.69,-89.7,437494542.14719796,-10475.1,2159.3,7177.9,1
2026-04-09T15:00:52.398213+00:00,349.15,3.67,349.15,3.67,-91.7,437494542.14719796,-10475.5,2161.9,7178.1,1
2026-04-09T15:00:52.734174+00:00,349.15,3.64,349.15,3.64,-98.7,437494542.14719796,-10475.8,2164.4,7178.4,1
2026-04-09T15:00:53.075331+00:00,349.14,3.62,349.14,3.62,-99.7,437494542.14719796,-10476.1,2166.9,7178.6,1
2026-04-09T15:00:53.430171+00:00,349.14,3.59,349.14,3.59,-96.7,437494542.14719796,-10476.4,2169.3,7178.8,1
2026-04-09T15:00:53.771349+00:00,349.14,3.57,349.14,3.57,-97.7,437494542.14719796,-10476.7,2171.9,7179.0,1
2026-04-09T15:00:54.106884+00:00,349.13,3.54,349.13,3.54,-103.7,437494542.14719796,-10477.0,2174.3,7179.2,1
2026-04-09T15:00:54.466249+00:00,349.13,3.52,349.13,3.52,-99.7,437494542.14719796,-10477.4,2176.7,7179.4,1
2026-04-09T15:00:54.803022+00:00,349.12,3.49,349.12,3.49,-101.7,437494542.14719796,-10477.7,2179.3,7179.6,1
2026-04-09T15:00:55.142120+00:00,349.12,3.47,349.12,3.47,-97.7,437494542.14719796,-10478.0,2181.7,7179.8,1
2026-04-09T15:00:55.502297+00:00,349.11,3.44,349.11,3.44,-97.7,437494542.14719796,-10478.3,2184.2,7180.0,1
2026-04-09T15:00:55.838521+00:00,349.11,3.42,349.11,3.42,-94.7,437494542.14719796,-10478.6,2186.7,7180.2,1
2026-04-09T15:00:56.178209+00:00,349.11,3.40,349.11,3.4,-96.7,437494542.14719796,-10478.8,2189.2,7180.4,1
2026-04-09T15:00:56.538286+00:00,349.10,3.37,349.1,3.37,-101.7,437494542.14719796,-10479.1,2191.6,7180.6,1
2026-04-09T15:00:56.874171+00:00,349.10,3.35,349.1,3.35,-99.7,437494542.14719796,-10479.4,2194.2,7180.8,1
2026-04-09T15:00:57.223087+00:00,349.09,3.32,349.09,3.32,-99.7,437494542.14719796,-10479.7,2196.6,7181.0,1
2026-04-09T15:00:57.599863+00:00,349.09,3.30,349.09,3.3,-90.7,437494542.14719796,-10480.0,2199.1,7181.2,1
2026-04-09T15:00:57.932031+00:00,349.08,3.27,349.08,3.27,-95.7,437494542.14719796,-10480.3,2201.8,7181.4,1
2026-04-09T15:00:58.288490+00:00,349.08,3.25,349.08,3.25,-91.7,437494542.14719796,-10480.6,2204.2,7181.6,1
2026-04-09T15:00:58.664115+00:00,349.08,3.22,349.08,3.22,-98.7,437494542.14719796,-10480.8,2206.8,7181.8,1
2026-04-09T15:00:59.016136+00:00,349.07,3.20,349.07,3.2,-88.7,437494542.14719796,-10481.1,2209.5,7182.0,1
2026-04-09T15:00:59.368102+00:00,349.07,3.17,349.07,3.17,None,437494542.14719796,-10481.4,2212.0,7182.2,1
2026-04-09T15:00:59.744149+00:00,349.06,3.15,349.06,3.15,-92.7,437494542.14719796,-10481.7,2214.5,7182.4,1
2026-04-09T15:01:00.076151+00:00,349.06,3.12,349.06,3.12,-91.7,437494542.14719796,-10482.0,2217.2,7182.6,1
2026-04-09T15:01:00.411547+00:00,349.06,3.10,349.06,3.1,-92.7,437494542.14719796,-10482.2,2219.6,7182.8,1
2026-04-09T15:01:00.784120+00:00,349.05,3.08,349.05,3.08,-95.7,437494542.14719796,-10482.5,2222.0,7182.9,1
2026-04-09T15:01:01.135548+00:00,349.05,3.05,349.05,3.05,-101.7,437494542.14719796,-10482.7,2224.7,7183.1,1
2026-04-09T15:01:01.491482+00:00,349.04,3.03,349.04,3.03,-91.7,437494542.14719796,-10483.0,2227.2,7183.3,1
2026-04-09T15:01:01.843847+00:00,349.04,3.00,349.04,3.0,-92.7,437494542.14719796,-10483.3,2229.8,7183.5,1
2026-04-09T15:01:02.200322+00:00,349.04,2.98,349.04,2.98,-95.7,437494542.14719796,-10483.5,2232.3,7183.6,1
2026-04-09T15:01:02.552067+00:00,349.03,2.95,349.03,2.95,-93.7,437494542.14719796,-10483.8,2234.9,7183.8,1
2026-04-09T15:01:02.929258+00:00,349.03,2.93,349.03,2.93,-94.7,437494542.14719796,-10484.0,2237.4,7184.0,1
2026-04-09T15:01:03.279068+00:00,349.02,2.90,349.02,2.9,-92.7,437494542.14719796,-10484.3,2240.1,7184.2,1
2026-04-09T15:01:03.631991+00:00,349.02,2.88,349.02,2.88,-93.7,437494542.14719796,-10484.5,2242.6,7184.3,1
2026-04-09T15:01:04.008389+00:00,349.01,2.85,349.01,2.85,-97.7,437494542.14719796,-10484.8,2245.2,7184.5,1
2026-04-09T15:01:04.357422+00:00,349.01,2.83,349.01,2.83,-95.7,437494542.14719796,-10485.0,2247.9,7184.7,1
2026-04-09T15:01:04.711267+00:00,349.01,2.81,349.01,2.81,-95.7,437494542.14719796,-10485.2,2250.4,7184.8,1
2026-04-09T15:01:05.084832+00:00,349.00,2.78,349.0,2.78,-95.7,437494542.14719796,-10485.5,2252.9,7185.0,1
2026-04-09T15:01:05.457701+00:00,349.00,2.76,349.0,2.76,-95.7,437494542.14719796,-10485.7,2255.6,7185.2,1
2026-04-09T15:01:05.812371+00:00,348.99,2.73,348.99,2.73,-93.7,437494542.14719796,-10486.0,2258.3,7185.3,1
2026-04-09T15:01:06.187256+00:00,348.99,2.71,348.99,2.71,-91.7,437494542.14719796,-10486.2,2260.8,7185.5,1
2026-04-09T15:01:06.539564+00:00,348.99,2.68,348.99,2.68,-91.7,437494542.14719796,-10486.4,2263.5,7185.6,1
2026-04-09T15:01:06.896458+00:00,348.98,2.66,348.98,2.66,-93.7,437494542.14719796,-10486.6,2266.1,7185.8,1
2026-04-09T15:01:07.246902+00:00,348.98,2.63,348.98,2.63,-92.7,437494542.14719796,-10486.9,2268.6,7185.9,1
2026-04-09T15:01:07.599064+00:00,348.97,2.61,348.97,2.61,-89.7,437494542.14719796,-10487.1,2271.1,7186.1,1
2026-04-09T15:01:07.951948+00:00,348.97,2.59,348.97,2.59,-89.7,437494542.14719796,-10487.3,2273.7,7186.2,1
2026-04-09T15:01:08.328422+00:00,348.97,2.56,348.97,2.56,-91.7,437494542.14719796,-10487.5,2276.2,7186.4,1
2026-04-09T15:01:08.680938+00:00,348.96,2.54,348.96,2.54,-95.7,437494542.14719796,-10487.7,2278.9,7186.5,1
2026-04-09T15:01:09.012929+00:00,348.96,2.52,348.96,2.52,-95.7,437494542.14719796,-10487.9,2281.4,7186.7,1
2026-04-09T15:01:09.392141+00:00,348.96,2.49,348.96,2.49,-97.7,437494542.14719796,-10488.1,2283.8,7186.8,1
2026-04-09T15:01:09.743406+00:00,348.95,2.47,348.95,2.47,-90.7,437494542.14719796,-10488.3,2286.5,7186.9,1
2026-04-09T15:01:10.100281+00:00,348.95,2.44,348.95,2.44,-93.7,437494542.14719796,-10488.5,2289.1,7187.1,1
2026-04-09T15:01:10.480163+00:00,348.94,2.42,348.94,2.42,-95.7,437494542.14719796,-10488.7,2291.6,7187.2,1
2026-04-09T15:01:10.828205+00:00,348.94,2.40,348.94,2.4,-92.7,437494542.14719796,-10488.9,2294.3,7187.3,1
2026-04-09T15:01:11.183040+00:00,348.94,2.37,348.94,2.37,-93.7,437494542.14719796,-10489.1,2296.9,7187.5,1
2026-04-09T15:01:11.560188+00:00,348.93,2.35,348.93,2.35,-93.7,437494542.14719796,-10489.3,2299.4,7187.6,1
2026-04-09T15:01:11.910911+00:00,348.93,2.33,348.93,2.33,-93.7,437494542.14719796,-10489.5,2302.1,7187.7,1
2026-04-09T15:01:12.246175+00:00,348.93,2.30,348.93,2.3,-96.7,437494542.14719796,-10489.7,2304.6,7187.9,1
2026-04-09T15:01:12.606178+00:00,348.92,2.28,348.92,2.28,-98.7,437494542.14719796,-10489.8,2307.0,7188.0,1
2026-04-09T15:01:12.942306+00:00,348.92,2.26,348.92,2.26,-97.7,437494542.14719796,-10490.0,2309.6,7188.1,1
2026-04-09T15:01:13.283318+00:00,348.91,2.24,348.91,2.24,-99.7,437494542.14719796,-10490.2,2312.0,7188.2,1
2026-04-09T15:01:13.638186+00:00,348.91,2.21,348.91,2.21,-97.7,437494542.14719796,-10490.4,2314.5,7188.3,1
2026-04-09T15:01:13.975400+00:00,348.91,2.19,348.91,2.19,-100.7,437494542.14719796,-10490.5,2317.1,7188.5,1
2026-04-09T15:01:14.315343+00:00,348.90,2.17,348.9,2.17,-99.7,437494542.14719796,-10490.7,2319.5,7188.6,1
2026-04-09T15:01:14.670925+00:00,348.90,2.15,348.9,2.15,-99.7,437494542.14719796,-10490.9,2321.9,7188.7,1
2026-04-09T15:01:15.011429+00:00,348.90,2.12,348.9,2.12,-98.7,437494542.14719796,-10491.0,2324.5,7188.8,1
2026-04-09T15:01:15.346265+00:00,348.89,2.10,348.89,2.1,-101.7,437494542.14719796,-10491.2,2326.9,7188.9,1
2026-04-09T15:01:15.706224+00:00,348.89,2.08,348.89,2.08,-99.7,437494542.14719796,-10491.3,2329.3,7189.0,1
2026-04-09T15:01:16.042261+00:00,348.89,2.06,348.89,2.06,-101.7,437494542.14719796,-10491.5,2331.9,7189.1,1
2026-04-09T15:01:16.383392+00:00,348.88,2.04,348.88,2.04,-97.7,437494542.14719796,-10491.6,2334.3,7189.2,1
2026-04-09T15:01:16.738620+00:00,348.88,2.01,348.88,2.01,-98.7,437494542.14719796,-10491.8,2336.7,7189.3,1
2026-04-09T15:01:17.088340+00:00,348.88,1.99,348.88,1.99,-88.7,437494542.14719796,-10491.9,2339.3,7189.4,1
2026-04-09T15:01:17.440810+00:00,348.87,1.97,348.87,1.97,-97.7,437494542.14719796,-10492.1,2341.9,7189.5,1
2026-04-09T15:01:17.816013+00:00,348.87,1.95,348.87,1.95,-89.7,437494542.14719796,-10492.2,2344.4,7189.6,1
2026-04-09T15:01:18.168375+00:00,348.86,1.92,348.86,1.92,-91.7,437494542.14719796,-10492.4,2347.1,7189.7,1
2026-04-09T15:01:18.519102+00:00,348.86,1.90,348.86,1.9,-94.7,437494542.14719796,-10492.5,2349.6,7189.8,1
2026-04-09T15:01:18.876030+00:00,348.86,1.88,348.86,1.88,-93.7,437494542.14719796,-10492.7,2352.2,7189.9,1
2026-04-09T15:01:19.208441+00:00,348.85,1.86,348.85,1.86,-89.7,437494542.14719796,-10492.8,2354.7,7190.0,1
2026-04-09T15:01:19.560609+00:00,348.85,1.83,348.85,1.83,-90.7,437494542.14719796,-10492.9,2357.1,7190.1,1
2026-04-09T15:01:19.915278+00:00,348.85,1.81,348.85,1.81,-91.7,437494542.14719796,-10493.1,2359.6,7190.2,1
2026-04-09T15:01:20.252514+00:00,348.84,1.79,348.84,1.79,-95.7,437494542.14719796,-10493.2,2362.2,7190.3,1
2026-04-09T15:01:20.584284+00:00,348.84,1.77,348.84,1.77,-95.7,437494542.14719796,-10493.3,2364.6,7190.4,1
2026-04-09T15:01:20.960458+00:00,348.84,1.75,348.84,1.75,-90.7,437494542.14719796,-10493.4,2367.0,7190.4,1
2026-04-09T15:01:21.291080+00:00,348.83,1.73,348.83,1.73,-93.7,437494542.14719796,-10493.6,2369.7,7190.5,1
2026-04-09T15:01:21.644422+00:00,348.83,1.70,348.83,1.7,-91.7,437494542.14719796,-10493.7,2372.1,7190.6,1
2026-04-09T15:01:22.019898+00:00,348.83,1.68,348.83,1.68,-94.7,437494542.14719796,-10493.8,2374.6,7190.7,1
2026-04-09T15:01:22.371110+00:00,348.82,1.66,348.82,1.66,-97.7,437494542.14719796,-10493.9,2377.3,7190.8,1
2026-04-09T15:01:22.725039+00:00,348.82,1.64,348.82,1.64,-93.7,437494542.14719796,-10494.1,2379.9,7190.9,1
2026-04-09T15:01:23.079107+00:00,348.82,1.62,348.82,1.62,-91.7,437494542.14719796,-10494.2,2382.4,7190.9,1
2026-04-09T15:01:23.432000+00:00,348.81,1.59,348.81,1.59,-91.7,437494542.14719796,-10494.3,2385.0,7191.0,1
2026-04-09T15:01:23.784185+00:00,348.81,1.57,348.81,1.57,-91.7,437494542.14719796,-10494.4,2387.5,7191.1,1
2026-04-09T15:01:24.160419+00:00,348.81,1.55,348.81,1.55,-98.7,437494542.14719796,-10494.5,2390.0,7191.2,1
2026-04-09T15:01:24.515257+00:00,348.80,1.53,348.8,1.53,-93.7,437494542.14719796,-10494.6,2392.7,7191.2,1
2026-04-09T15:01:24.867057+00:00,348.80,1.51,348.8,1.51,-92.7,437494542.14719796,-10494.7,2395.3,7191.3,1
2026-04-09T15:01:25.244268+00:00,348.80,1.48,348.8,1.48,-90.7,437494542.14719796,-10494.8,2397.8,7191.4,1
2026-04-09T15:01:25.595366+00:00,348.79,1.46,348.79,1.46,-96.7,437494542.14719796,-10494.9,2400.5,7191.5,1
2026-04-09T15:01:25.932370+00:00,348.79,1.44,348.79,1.44,-93.7,437494542.14719796,-10495.0,2403.0,7191.5,1
2026-04-09T15:01:26.305050+00:00,348.79,1.42,348.79,1.42,-93.7,437494542.14719796,-10495.1,2405.4,7191.6,1
2026-04-09T15:01:26.636612+00:00,348.78,1.40,348.78,1.4,-91.7,437494542.14719796,-10495.2,2408.1,7191.7,1
2026-04-09T15:01:26.992412+00:00,348.78,1.38,348.78,1.38,-91.7,437494542.14719796,-10495.3,2410.5,7191.7,1
2026-04-09T15:01:27.364133+00:00,348.78,1.36,348.78,1.36,-91.7,437494542.14719796,-10495.4,2413.1,7191.8,1
2026-04-09T15:01:27.716403+00:00,348.77,1.33,348.77,1.33,-91.7,437494542.14719796,-10495.5,2415.8,7191.8,1
2026-04-09T15:01:28.047458+00:00,348.77,1.31,348.77,1.31,-91.7,437494542.14719796,-10495.6,2418.3,7191.9,1
2026-04-09T15:01:28.424735+00:00,348.77,1.29,348.77,1.29,-92.7,437494542.14719796,-10495.6,2420.7,7192.0,1
2026-04-09T15:01:28.756595+00:00,348.76,1.27,348.76,1.27,-95.7,437494542.14719796,-10495.7,2423.4,7192.0,1
2026-04-09T15:01:29.111180+00:00,348.76,1.25,348.76,1.25,-92.7,437494542.14719796,-10495.8,2425.8,7192.1,1
2026-04-09T15:01:29.489533+00:00,348.76,1.23,348.76,1.23,-90.7,437494542.14719796,-10495.9,2428.3,7192.1,1
2026-04-09T15:01:29.839319+00:00,348.75,1.21,348.75,1.21,-94.7,437494542.14719796,-10496.0,2431.0,7192.2,1
2026-04-09T15:01:30.192773+00:00,348.75,1.19,348.75,1.19,-90.7,437494542.14719796,-10496.0,2433.6,7192.2,1
2026-04-09T15:01:30.572389+00:00,348.75,1.17,348.75,1.17,-89.7,437494542.14719796,-10496.1,2436.1,7192.3,1
2026-04-09T15:01:30.923492+00:00,348.75,1.14,348.75,1.14,-92.7,437494542.14719796,-10496.2,2438.8,7192.3,1
2026-04-09T15:01:31.275897+00:00,348.74,1.12,348.74,1.12,-91.7,437494542.14719796,-10496.3,2441.4,7192.4,1
2026-04-09T15:01:31.652352+00:00,348.74,1.10,348.74,1.1,-89.7,437494542.14719796,-10496.3,2443.9,7192.4,1
2026-04-09T15:01:32.007644+00:00,348.74,1.08,348.74,1.08,-92.7,437494542.14719796,-10496.4,2446.6,7192.5,1
2026-04-09T15:01:32.339155+00:00,348.73,1.06,348.73,1.06,-95.7,437494542.14719796,-10496.4,2449.2,7192.5,1
2026-04-09T15:01:32.715325+00:00,348.73,1.04,348.73,1.04,-92.7,437494542.14719796,-10496.5,2451.6,7192.5,1
2026-04-09T15:01:33.067671+00:00,348.73,1.02,348.73,1.02,-94.7,437494542.14719796,-10496.6,2454.3,7192.6,1
2026-04-09T15:01:33.421257+00:00,348.72,1.00,348.72,1.0,-88.7,437494542.14719796,-10496.6,2456.8,7192.6,1
2026-04-09T15:01:33.800193+00:00,348.72,0.98,348.72,0.98,-94.7,437494542.14719796,-10496.7,2459.3,7192.7,1
2026-04-09T15:01:34.152601+00:00,348.72,0.95,348.72,0.95,-90.7,437494542.14719796,-10496.7,2462.1,7192.7,1
2026-04-09T15:01:34.507352+00:00,348.71,0.93,348.71,0.93,-88.7,437494542.14719796,-10496.8,2464.6,7192.7,1
2026-04-09T15:01:34.883568+00:00,348.71,0.91,348.71,0.91,-92.7,437494542.14719796,-10496.8,2467.1,7192.8,1
2026-04-09T15:01:35.236305+00:00,348.71,0.89,348.71,0.89,-94.7,437494542.14719796,-10496.9,2469.9,7192.8,1
2026-04-09T15:01:35.568582+00:00,348.70,0.87,348.7,0.87,-93.7,437494542.14719796,-10496.9,2472.4,7192.8,1
2026-04-09T15:01:35.944462+00:00,348.70,0.85,348.7,0.85,-89.7,437494542.14719796,-10497.0,2474.8,7192.9,1
2026-04-09T15:01:36.298853+00:00,348.70,0.83,348.7,0.83,-93.7,437494542.14719796,-10497.0,2477.5,7192.9,1
2026-04-09T15:01:36.628170+00:00,348.70,0.81,348.7,0.81,-92.7,437494542.14719796,-10497.0,2480.0,7192.9,1
2026-04-09T15:01:37.004347+00:00,348.69,0.79,348.69,0.79,-92.7,437494542.14719796,-10497.1,2482.4,7192.9,1
2026-04-09T15:01:37.342166+00:00,348.69,0.77,348.69,0.77,-93.7,437494542.14719796,-10497.1,2485.1,7193.0,1
2026-04-09T15:01:37.678835+00:00,348.69,0.75,348.69,0.75,-97.7,437494542.14719796,-10497.1,2487.5,7193.0,1
2026-04-09T15:01:38.038272+00:00,348.68,0.73,348.68,0.73,-97.7,437494542.14719796,-10497.2,2489.9,7193.0,1
2026-04-09T15:01:38.375807+00:00,348.68,0.71,348.68,0.71,-93.7,437494542.14719796,-10497.2,2492.5,7193.0,1
2026-04-09T15:01:38.714935+00:00,348.68,0.69,348.68,0.69,-97.7,437494542.14719796,-10497.2,2494.9,7193.0,1
2026-04-09T15:01:39.075294+00:00,348.68,0.68,348.68,0.68,-95.7,437494542.14719796,-10497.3,2497.3,7193.1,1
2026-04-09T15:01:39.410264+00:00,348.67,0.66,348.67,0.66,-99.7,437494542.14719796,-10497.3,2499.9,7193.1,1
2026-04-09T15:01:39.751340+00:00,348.67,0.64,348.67,0.64,-95.7,437494542.14719796,-10497.3,2502.4,7193.1,1
2026-04-09T15:01:40.107197+00:00,348.67,0.62,348.67,0.62,-98.7,437494542.14719796,-10497.3,2504.8,7193.1,1
2026-04-09T15:01:40.446152+00:00,348.66,0.60,348.66,0.6,-95.7,437494542.14719796,-10497.3,2507.4,7193.1,1
2026-04-09T15:01:40.787318+00:00,348.66,0.58,348.66,0.58,-94.7,437494542.14719796,-10497.4,2509.8,7193.1,1
2026-04-09T15:01:41.142192+00:00,348.66,0.56,348.66,0.56,-97.7,437494542.14719796,-10497.4,2512.2,7193.1,1
2026-04-09T15:01:41.483754+00:00,348.66,0.54,348.66,0.54,-97.7,437494542.14719796,-10497.4,2514.8,7193.1,1
2026-04-09T15:01:41.818228+00:00,348.65,0.52,348.65,0.52,-98.7,437494542.14719796,-10497.4,2517.3,7193.2,1
2026-04-09T15:01:42.192117+00:00,348.65,0.50,348.65,0.5,-98.7,437494542.14719796,-10497.4,2519.7,7193.2,1
2026-04-09T15:01:42.545427+00:00,348.65,0.48,348.65,0.48,-91.7,437494542.14719796,-10497.4,2522.4,7193.2,1
2026-04-09T15:01:42.897510+00:00,348.64,0.46,348.64,0.46,None,437494542.14719796,-10497.4,2525.0,7193.2,1
2026-04-09T15:01:43.276430+00:00,348.64,0.44,348.64,0.44,-96.7,437494542.14719796,-10497.4,2527.5,7193.2,1
2026-04-09T15:01:43.603801+00:00,348.64,0.42,348.64,0.42,-90.7,437494542.14719796,-10497.4,2530.2,7193.2,1
2026-04-09T15:01:43.936145+00:00,348.64,0.41,348.64,0.41,-90.7,437494542.14719796,-10497.4,2532.6,7193.2,1
2026-04-09T15:01:44.311577+00:00,348.63,0.39,348.63,0.39,-97.7,437494542.14719796,-10497.4,2535.0,7193.2,1
2026-04-09T15:01:44.664563+00:00,348.63,0.37,348.63,0.37,-92.7,437494542.14719796,-10497.4,2537.7,7193.2,1
2026-04-09T15:01:45.020427+00:00,348.63,0.35,348.63,0.35,-93.7,437494542.14719796,-10497.4,2540.2,7193.2,1
2026-04-09T15:01:45.391830+00:00,348.62,0.33,348.62,0.33,-89.7,437494542.14719796,-10497.4,2542.7,7193.2,1
2026-04-09T15:01:45.723097+00:00,348.62,0.31,348.62,0.31,-94.7,437494542.14719796,-10497.4,2545.4,7193.2,1
2026-04-09T15:01:46.080253+00:00,348.62,0.29,348.62,0.29,-93.7,437494542.14719796,-10497.4,2547.8,7193.2,1
2026-04-09T15:01:46.456336+00:00,348.62,0.27,348.62,0.27,-89.7,437494542.14719796,-10497.4,2550.4,7193.1,1
2026-04-09T15:01:46.808407+00:00,348.61,0.25,348.61,0.25,-93.7,437494542.14719796,-10497.4,2553.1,7193.1,1
2026-04-09T15:01:47.137372+00:00,348.61,0.24,348.61,0.24,-95.7,437494542.14719796,-10497.4,2555.6,7193.1,1
2026-04-09T15:01:47.511136+00:00,348.61,0.22,348.61,0.22,-94.7,437494542.14719796,-10497.3,2558.0,7193.1,1
2026-04-09T15:01:47.864690+00:00,348.61,0.20,348.61,0.2,-93.7,437494542.14719796,-10497.3,2560.7,7193.1,1
2026-04-09T15:01:48.195971+00:00,348.60,0.18,348.6,0.18,-88.7,437494542.14719796,-10497.3,2563.2,7193.1,1
2026-04-09T15:01:48.576286+00:00,348.60,0.16,348.6,0.16,-92.7,437494542.14719796,-10497.3,2565.6,7193.1,1
2026-04-09T15:01:48.928494+00:00,348.60,0.14,348.6,0.14,-89.7,437494542.14719796,-10497.3,2568.3,7193.1,1
2026-04-09T15:01:49.279221+00:00,348.59,0.12,348.59,0.12,-91.7,437494542.14719796,-10497.2,2570.9,7193.0,1
2026-04-09T15:01:49.656153+00:00,348.59,0.11,348.59,0.11,-94.7,437494542.14719796,-10497.2,2573.4,7193.0,1
2026-04-09T15:01:49.988421+00:00,348.59,0.09,348.59,0.09,-94.7,437494542.14719796,-10497.2,2576.1,7193.0,1
2026-04-09T15:01:50.339368+00:00,348.59,0.07,348.59,0.07,-90.7,437494542.14719796,-10497.2,2578.5,7193.0,1
2026-04-09T15:01:50.715141+00:00,348.58,0.05,348.58,0.05,-95.7,437494542.14719796,-10497.1,2581.0,7193.0,1
2026-04-09T15:01:51.072151+00:00,348.58,0.03,348.58,0.03,-93.7,437494542.14719796,-10497.1,2583.7,7192.9,1
2026-04-09T15:01:51.423254+00:00,348.58,0.01,348.58,0.01,-91.7,437494542.14719796,-10497.1,2586.3,7192.9,1
