t,az_cmd,el_cmd,az_act,el_act,rssi,freq_hz,doppler_hz,range_km,range_rate,packets
2026-04-09T15:04:25.922202+00:00,260.38,8.47,260.38,8.47,-101.7,437509856.1647722,9856.2,1701.5,-6753.8,0
2026-04-09T15:04:26.254209+00:00,260.39,8.50,260.39,8.5,-90.7,437509856.1647722,9855.2,1699.0,-6753.2,0
2026-04-09T15:04:26.586369+00:00,260.40,8.54,260.4,8.54,-90.7,437509856.1647722,9854.3,1696.8,-6752.6,0
2026-04-09T15:04:26.934164+00:00,260.40,8.57,260.4,8.57,-101.7,437509856.1647722,9853.4,1694.5,-6751.9,0
2026-04-09T15:04:27.266123+00:00,260.41,8.60,260.41,8.6,-101.7,437509856.1647722,9852.4,1692.2,-6751.3,0
2026-04-09T15:04:27.599337+00:00,260.42,8.63,260.42,8.63,-97.7,437509856.1647722,9851.5,1689.9,-6750.7,0
2026-04-09T15:04:27.946219+00:00,260.43,8.66,260.43,8.66,-102.7,437509856.1647722,9850.6,1687.7,-6750.0,0
2026-04-09T15:04:28.278145+00:00,260.43,8.70,260.43,8.7,-99.7,437509856.1647722,9849.7,1685.3,-6749.4,0
2026-04-09T15:04:28.606888+00:00,260.44,8.73,260.44,8.73,-94.7,437509856.1647722,9848.7,1683.1,-6748.7,0
2026-04-09T15:04:28.958205+00:00,260.45,8.76,260.45,8.76,-102.7,437509856.1647722,9847.8,1680.9,-6748.1,0
2026-04-09T15:04:29.290133+00:00,260.46,8.79,260.46,8.79,-102.7,437509856.1647722,9846.8,1678.5,-6747.4,0
2026-04-09T15:04:29.618241+00:00,260.46,8.83,260.46,8.83,-101.7,437509856.1647722,9845.9,1676.3,-6746.8,0
2026-04-09T15:04:29.980566+00:00,260.47,8.86,260.47,8.86,-101.7,437509856.1647722,9845.0,1674.1,-6746.2,0
2026-04-09T15:04:30.315310+00:00,260.48,8.89,260.48,8.89,-102.7,437509856.1647722,9843.9,1671.6,-6745.5,0
2026-04-09T15:04:30.655452+00:00,260.49,8.92,260.49,8.92,-101.7,437509856.1647722,9843.0,1669.3,-6744.8,0
2026-04-09T15:04:31.015338+00:00,260.49,8.96,260.49,8.96,-101.7,437509856.1647722,9842.0,1667.0,-6744.1,0
2026-04-09T15:04:31.355200+00:00,260.50,8.99,260.5,8.99,-99.7,437509856.1647722,9840.9,1664.6,-6743.4,0
2026-04-09T15:04:31.696351+00:00,260.51,9.02,260.51,9.02,-100.7,437509856.1647722,9839.9,1662.3,-6742.7,0
2026-04-09T15:04:32.056077+00:00,260.52,9.06,260.52,9.06,-100.7,437509856.1647722,9838.9,1660.0,-6742.0,0
2026-04-09T15:04:32.395256+00:00,260.53,9.09,260.53,9.09,-98.7,437509856.1647722,9837.9,1657.6,-6741.3,0
2026-04-09T15:04:32.734337+00:00,260.53,9.13,260.53,9.13,-101.7,437509856.1647722,9836.9,1655.3,-6740.6,0
2026-04-09T15:04:33.100325+00:00,260.54,9.16,260.54,9.16,-98.7,437509856.1647722,9835.9,1653.0,-6739.9,0
2026-04-09T15:04:33.440337+00:00,260.55,9.19,260.55,9.19,-98.7,437509856.1647722,9834.8,1650.6,-6739.2,0
2026-04-09T15:04:33.779304+00:00,260.56,9.23,260.56,9.23,-98.7,437509856.1647722,9833.7,1648.3,-6738.5,0
2026-04-09T15:04:34.139239+00:00,260.57,9.26,260.57,9.26,-100.7,437509856.1647722,9832.7,1646.0,-6737.8,0
2026-04-09T15:04:34.479317+00:00,260.57,9.30,260.57,9.3,-100.7,437509856.1647722,9831.6,1643.6,-6737.0,0
2026-04-09T15:04:34.820269+00:00,260.58,9.33,260.58,9.33,-98.7,437509856.1647722,9830.6,1641.3,-6736.3,0
2026-04-09T15:04:35.180999+00:00,260.59,9.36,260.59,9.36,-99.7,437509856.1647722,9829.5,1639.0,-6735.6,0
2026-04-09T15:04:35.520437+00:00,260.60,9.40,260.6,9.4,-101.7,437509856.1647722,9828.4,1636.5,-6734.8,0
2026-04-09T15:04:35.855967+00:00,260.61,9.43,260.61,9.43,-100.7,437509856.1647722,9827.4,1634.3,-6734.1,0
2026-04-09T15:04:36.220433+00:00,260.61,9.47,260.61,9.47,-99.7,437509856.1647722,9826.3,1632.0,-6733.4,0
2026-04-09T15:04:36.560816+00:00,260.62,9.50,260.62,9.5,-100.7,437509856.1647722,9825.1,1629.5,-6732.6,0
2026-04-09T15:04:36.895420+00:00,260.63,9.54,260.63,9.54,-100.7,437509856.1647722,9824.1,1627.3,-6731.8,0
2026-04-09T15:04:37.255161+00:00,260.64,9.57,260.64,9.57,-100.7,437509856.1647722,9823.0,1625.0,-6731.1,0
2026-04-09T15:04:37.582122+00:00,260.65,9.61,260.65,9.61,-102.7,437509856.1647722,9821.8,1622.6,-6730.3,0
2026-04-09T15:04:37.915236+00:00,260.65,9.64,260.65,9.64,-101.7,437509856.1647722,9820.8,1620.4,-6729.6,0
2026-04-09T15:04:38.267362+00:00,260.66,9.67,260.66,9.67,-100.7,437509856.1647722,9819.7,1618.2,-6728.9,0
2026-04-09T15:04:38.594158+00:00,260.67,9.71,260.67,9.71,-98.7,437509856.1647722,9818.6,1615.8,-6728.1,0
2026-04-09T15:04:38.922626+00:00,260.68,9.74,260.68,9.74,-101.7,437509856.1647722,9817.5,1613.6,-6727.3,0
2026-04-09T15:04:39.274812+00:00,260.69,9.78,260.69,9.78,-101.7,437509856.1647722,9816.4,1611.4,-6726.6,0
2026-04-09T15:04:39.606141+00:00,260.69,9.81,260.69,9.81,-101.7,437509856.1647722,9815.2,1609.0,-6725.8,0
2026-04-09T15:04:39.938168+00:00,260.70,9.85,260.7,9.85,-101.7,437509856.1647722,9814.1,1606.8,-6725.0,0
2026-04-09T15:04:40.286532+00:00,260.71,9.88,260.71,9.88,-101.7,437509856.1647722,9813.0,1604.5,-6724.3,0
2026-04-09T15:04:40.618170+00:00,260.72,9.92,260.72,9.92,-98.7,437509856.1647722,9811.9,1602.2,-6723.5,0
2026-04-09T15:04:40.950333+00:00,260.73,9.95,260.73,9.95,-99.7,437509856.1647722,9810.7,1600.0,-6722.7,0
2026-04-09T15:04:41.302160+00:00,260.73,9.98,260.73,9.98,-99.7,437509856.1647722,9809.6,1597.7,-6721.9,0
2026-04-09T15:04:41.634179+00:00,260.74,10.02,260.74,10.02,-100.7,437509856.1647722,9808.4,1595.4,-6721.1,0
2026-04-09T15:04:41.966210+00:00,260.75,10.05,260.75,10.05,-102.7,437509856.1647722,9807.3,1593.1,-6720.3,0
2026-04-09T15:04:42.323241+00:00,260.76,10.09,260.76,10.09,-101.7,437509856.1647722,9806.1,1590.9,-6719.5,0
2026-04-09T15:04:42.663268+00:00,260.77,10.13,260.77,10.13,-99.7,437509856.1647722,9804.9,1588.5,-6718.7,0
2026-04-09T15:04:43.023261+00:00,260.78,10.16,260.78,10.16,-97.7,437509804.1136872,9803.6,1586.1,-6717.8,0
2026-04-09T15:04:43.384034+00:00,260.79,10.20,260.79,10.2,-98.7,437509804.1136872,9802.4,1583.8,-6717.0,0
2026-04-09T15:04:43.723263+00:00,260.79,10.24,260.79,10.24,-100.7,437509804.1136872,9801.1,1581.4,-6716.1,0
2026-04-09T15:04:44.063383+00:00,260.80,10.27,260.8,10.27,-101.7,437509804.1136872,9799.9,1579.1,-6715.3,0
2026-04-09T15:04:44.420010+00:00,260.81,10.31,260.81,10.31,None,437509804.1136872,9798.7,1576.8,-6714.5,0
2026-04-09T15:04:44.764299+00:00,260.82,10.34,260.82,10.34,-100.7,437509804.1136872,9797.4,1574.4,-6713.6,0
2026-04-09T15:04:45.099923+00:00,260.83,10.38,260.83,10.38,-102.7,437509804.1136872,9796.2,1572.1,-6712.8,0
2026-04-09T15:04:45.464320+00:00,260.84,10.42,260.84,10.42,-102.7,437509804.1136872,9795.0,1569.8,-6711.9,0
2026-04-09T15:04:45.800277+00:00,260.85,10.45,260.85,10.45,-101.7,437509804.1136872,9793.6,1567.4,-6711.0,0
2026-04-09T15:04:46.142572+00:00,260.86,10.49,260.86,10.49,-101.7,437509804.1136872,9792.4,1565.2,-6710.1,0
2026-04-09T15:04:46.499275+00:00,260.86,10.53,260.86,10.53,-100.7,437509804.1136872,9791.2,1562.9,-6709.3,0
2026-04-09T15:04:46.839653+00:00,260.87,10.56,260.87,10.56,-101.7,437509804.1136872,9789.8,1560.5,-6708.4,0
2026-04-09T15:04:47.179030+00:00,260.88,10.60,260.88,10.6,-104.7,437509804.1136872,9788.5,1558.2,-6707.5,0
2026-04-09T15:04:47.539324+00:00,260.89,10.64,260.89,10.64,-101.7,437509804.1136872,9787.3,1555.9,-6706.6,0
2026-04-09T15:04:47.879448+00:00,260.90,10.68,260.9,10.68,-103.7,437509804.1136872,9785.9,1553.5,-6705.7,0
2026-04-09T15:04:48.219659+00:00,260.91,10.71,260.91,10.71,-103.7,437509804.1136872,9784.6,1551.2,-6704.8,0
2026-04-09T15:04:48.584315+00:00,260.92,10.75,260.92,10.75,-99.7,437509804.1136872,9783.3,1548.9,-6703.9,0
2026-04-09T15:04:48.920110+00:00,260.93,10.79,260.93,10.79,-103.7,437509804.1136872,9781.9,1546.5,-6703.0,0
2026-04-09T15:04:49.260151+00:00,260.94,10.82,260.94,10.82,-102.7,437509804.1136872,9780.6,1544.2,-6702.1,0
2026-04-09T15:04:49.624333+00:00,260.94,10.86,260.94,10.86,-103.7,437509804.1136872,9779.3,1541.9,-6701.2,0
2026-04-09T15:04:49.964399+00:00,260.95,10.90,260.95,10.9,-97.7,437509804.1136872,9777.9,1539.5,-6700.2,0
2026-04-09T15:04:50.304386+00:00,260.96,10.94,260.96,10.94,-97.7,437509804.1136872,9776.6,1537.2,-6699.3,0
2026-04-09T15:04:50.663194+00:00,260.97,10.97,260.97,10.97,-101.7,437509804.1136872,9775.2,1535.0,-6698.4,0
2026-04-09T15:04:51.003421+00:00,260.98,11.01,260.98,11.01,-101.7,437509804.1136872,9773.8,1532.5,-6697.4,0
2026-04-09T15:04:51.342795+00:00,260.99,11.05,260.99,11.05,-103.7,437509804.1136872,9772.4,1530.3,-6696.5,0
2026-04-09T15:04:51.701473+00:00,261.00,11.09,261.0,11.09,-103.7,437509804.1136872,9771.1,1528.0,-6695.5,0
2026-04-09T15:04:52.043601+00:00,261.01,11.13,261.01,11.13,-101.7,437509804.1136872,9769.6,1525.6,-6694.5,0
2026-04-09T15:04:52.374162+00:00,261.02,11.16,261.02,11.16,-98.7,437509804.1136872,9768.3,1523.3,-6693.6,0
2026-04-09T15:04:52.722382+00:00,261.03,11.20,261.03,11.2,-98.7,437509804.1136872,9766.9,1521.1,-6692.7,0
2026-04-09T15:04:53.054546+00:00,261.04,11.24,261.04,11.24,-104.7,437509804.1136872,9765.5,1518.8,-6691.7,0
2026-04-09T15:04:53.387285+00:00,261.04,11.28,261.04,11.28,-103.7,437509804.1136872,9764.1,1516.6,-6690.8,0
2026-04-09T15:04:53.739284+00:00,261.05,11.31,261.05,11.31,-104.7,437509804.1136872,9762.7,1514.3,-6689.8,0
2026-04-09T15:04:54.066168+00:00,261.06,11.35,261.06,11.35,-104.7,437509804.1136872,9761.3,1512.0,-6688.8,0
2026-04-09T15:04:54.394787+00:00,261.07,11.39,261.07,11.39,-105.7,437509804.1136872,9759.9,1509.8,-6687.9,0
2026-04-09T15:04:54.746123+00:00,261.08,11.43,261.08,11.43,-103.7,437509804.1136872,9758.5,1507.6,-6686.9,0
2026-04-09T15:04:55.079420+00:00,261.09,11.46,261.09,11.46,-101.7,437509804.1136872,9757.0,1505.2,-6685.9,0
2026-04-09T15:04:55.406163+00:00,261.10,11.50,261.1,11.5,-101.7,437509804.1136872,9755.6,1503.0,-6684.9,0
2026-04-09T15:04:55.758120+00:00,261.11,11.54,261.11,11.54,-101.7,437509804.1136872,9754.2,1500.8,-6684.0,0
2026-04-09T15:04:56.110120+00:00,261.12,11.58,261.12,11.58,-101.7,437509753.20841455,9752.6,1498.3,-6682.9,0
2026-04-09T15:04:56.442600+00:00,261.13,11.62,261.13,11.62,-99.7,437509753.20841455,9751.2,1496.2,-6681.9,0
2026-04-09T15:04:56.791310+00:00,261.14,11.66,261.14,11.66,-100.7,437509753.20841455,9749.7,1493.9,-6680.9,0
2026-04-09T15:04:57.124080+00:00,261.15,11.70,261.15,11.7,-101.7,437509753.20841455,9748.2,1491.6,-6679.8,0
2026-04-09T15:04:57.463445+00:00,261.16,11.73,261.16,11.73,-105.7,437509753.20841455,9746.7,1489.3,-6678.8,0
2026-04-09T15:04:57.828298+00:00,261.17,11.77,261.17,11.77,-105.7,437509753.20841455,9745.2,1487.1,-6677.8,0
2026-04-09T15:04:58.164523+00:00,261.18,11.81,261.18,11.81,-102.7,437509753.20841455,9743.6,1484.7,-6676.7,0
2026-04-09T15:04:58.508520+00:00,261.18,11.85,261.18,11.85,-102.7,437509753.20841455,9742.1,1482.4,-6675.7,0
2026-04-09T15:04:58.868301+00:00,261.19,11.89,261.19,11.89,-99.7,437509753.20841455,9740.5,1480.1,-6674.6,0
2026-04-09T15:04:59.203201+00:00,261.20,11.93,261.2,11.93,-99.7,437509753.20841455,9738.9,1477.7,-6673.5,0
2026-04-09T15:04:59.544322+00:00,261.21,11.97,261.21,11.97,-101.7,437509753.20841455,9737.4,1475.5,-6672.4,0
2026-04-09T15:04:59.904136+00:00,261.22,12.01,261.22,12.01,-103.7,437509753.20841455,9735.8,1473.2,-6671.4,0
2026-04-09T15:05:00.243246+00:00,261.23,12.05,261.23,12.05,-103.7,437509753.20841455,9734.2,1470.8,-6670.2,0
2026-04-09T15:05:00.583265+00:00,261.24,12.09,261.24,12.09,-102.7,437509753.20841455,9732.6,1468.5,-6669.2,0
2026-04-09T15:05:00.943394+00:00,261.25,12.13,261.25,12.13,-104.7,437509753.20841455,9731.0,1466.2,-6668.1,0
2026-04-09T15:05:01.283192+00:00,261.26,12.17,261.26,12.17,-104.7,437509753.20841455,9729.3,1463.8,-6666.9,0
2026-04-09T15:05:01.628882+00:00,261.27,12.21,261.27,12.21,-103.7,437509753.20841455,9727.7,1461.6,-6665.8,0
2026-04-09T15:05:01.988494+00:00,261.28,12.25,261.28,12.25,-103.7,437509753.20841455,9726.1,1459.3,-6664.7,0
2026-04-09T15:05:02.324262+00:00,261.29,12.30,261.29,12.3,-104.7,437509753.20841455,9724.4,1456.9,-6663.6,0
2026-04-09T15:05:02.668326+00:00,261.30,12.34,261.3,12.34,-104.7,437509753.20841455,9722.8,1454.6,-6662.4,0
2026-04-09T15:05:03.028275+00:00,261.31,12.38,261.31,12.38,-100.7,437509753.20841455,9721.2,1452.4,-6661.3,0
2026-04-09T15:05:03.368385+00:00,261.32,12.42,261.32,12.42,-103.7,437509753.20841455,9719.4,1450.0,-6660.1,0
2026-04-09T15:05:03.708389+00:00,261.33,12.46,261.33,12.46,-102.7,437509753.20841455,9717.8,1447.7,-6659.0,0
2026-04-09T15:05:04.068251+00:00,261.34,12.50,261.34,12.5,-102.7,437509753.20841455,9716.1,1445.4,-6657.9,0
2026-04-09T15:05:04.407593+00:00,261.36,12.54,261.36,12.54,-102.7,437509753.20841455,9714.3,1443.0,-6656.6,0
2026-04-09T15:05:04.747641+00:00,261.37,12.58,261.37,12.58,-105.7,437509753.20841455,9712.6,1440.8,-6655.5,0
2026-04-09T15:05:05.107725+00:00,261.38,12.63,261.38,12.63,-107.7,437509753.20841455,9711.0,1438.5,-6654.3,0
2026-04-09T15:05:05.447235+00:00,261.39,12.67,261.39,12.67,-101.7,437509753.20841455,9709.2,1436.1,-6653.1,0
2026-04-09T15:05:05.788483+00:00,261.40,12.71,261.4,12.71,-102.7,437509753.20841455,9707.4,1433.9,-6651.9,0
2026-04-09T15:05:06.147177+00:00,261.41,12.75,261.41,12.75,-103.7,437509753.20841455,9705.7,1431.6,-6650.8,0
2026-04-09T15:05:06.483515+00:00,261.42,12.79,261.42,12.79,-105.7,437509753.20841455,9703.9,1429.2,-6649.5,0
2026-04-09T15:05:06.827092+00:00,261.43,12.83,261.43,12.83,-105.7,437509753.20841455,9702.2,1427.0,-6648.3,0
2026-04-09T15:05:07.207364+00:00,261.44,12.88,261.44,12.88,-101.7,437509701.0618452,9700.3,1424.6,-6647.1,0
2026-04-09T15:05:07.543261+00:00,261.45,12.92,261.45,12.92,-102.7,437509701.0618452,9698.4,1422.1,-6645.8,0
2026-04-09T15:05:07.883252+00:00,261.46,12.96,261.46,12.96,-101.7,437509701.0618452,9696.7,1419.9,-6644.6,0
2026-04-09T15:05:08.243867+00:00,261.47,13.01,261.47,13.01,-101.7,437509701.0618452,9694.9,1417.7,-6643.4,0
2026-04-09T15:05:08.583526+00:00,261.48,13.05,261.48,13.05,-102.7,437509701.0618452,9693.0,1415.3,-6642.1,0
2026-04-09T15:05:08.924513+00:00,261.49,13.09,261.49,13.09,-102.7,437509701.0618452,9691.2,1413.0,-6640.8,0
2026-04-09T15:05:09.288621+00:00,261.50,13.13,261.5,13.13,-103.7,437509701.0618452,9689.4,1410.7,-6639.6,0
2026-04-09T15:05:09.628558+00:00,261.51,13.18,261.51,13.18,-103.7,437509701.0618452,9687.5,1408.3,-6638.3,0
2026-04-09T15:05:09.968583+00:00,261.52,13.22,261.52,13.22,-103.7,437509701.0618452,9685.7,1406.1,-6637.0,0
2026-04-09T15:05:10.327260+00:00,261.53,13.26,261.53,13.26,-103.7,437509701.0618452,9683.8,1403.8,-6635.7,0
2026-04-09T15:05:10.668470+00:00,261.55,13.31,261.55,13.31,-104.7,437509701.0618452,9681.9,1401.5,-6634.4,0
2026-04-09T15:05:11.007629+00:00,261.56,13.35,261.56,13.35,-104.7,437509701.0618452,9680.0,1399.2,-6633.1,0
2026-04-09T15:05:11.367262+00:00,261.57,13.39,261.57,13.39,-100.7,437509701.0618452,9678.1,1396.9,-6631.8,0
2026-04-09T15:05:11.709477+00:00,261.58,13.44,261.58,13.44,-101.7,437509701.0618452,9676.1,1394.5,-6630.5,0
2026-04-09T15:05:12.052435+00:00,261.59,13.48,261.59,13.48,-107.7,437509701.0618452,9674.3,1392.3,-6629.2,0
2026-04-09T15:05:12.407200+00:00,261.60,13.52,261.6,13.52,-107.7,437509701.0618452,9672.4,1390.0,-6627.9,0
2026-04-09T15:05:12.747210+00:00,261.61,13.57,261.61,13.57,-105.7,437509701.0618452,9670.3,1387.6,-6626.5,0
2026-04-09T15:05:13.087039+00:00,261.62,13.61,261.62,13.61,-105.7,437509701.0618452,9668.4,1385.4,-6625.2,0
2026-04-09T15:05:13.448087+00:00,261.63,13.66,261.63,13.66,-105.7,437509701.0618452,9666.5,1383.1,-6623.8,0
2026-04-09T15:05:13.787336+00:00,261.65,13.70,261.65,13.7,-105.7,437509701.0618452,9664.4,1380.8,-6622.4,0
2026-04-09T15:05:14.126879+00:00,261.66,13.75,261.66,13.75,-103.7,437509701.0618452,9662.5,1378.5,-6621.1,0
2026-04-09T15:05:14.487346+00:00,261.67,13.79,261.67,13.79,-105.7,437509701.0618452,9660.5,1376.2,-6619.8,0
2026-04-09T15:05:14.828410+00:00,261.68,13.84,261.68,13.84,-103.7,437509701.0618452,9658.4,1373.9,-6618.3,0
2026-04-09T15:05:15.168335+00:00,261.69,13.88,261.69,13.88,-103.7,437509701.0618452,9656.4,1371.6,-6617.0,0
2026-04-09T15:05:15.527322+00:00,261.70,13.92,261.7,13.92,-106.7,437509701.0618452,9654.4,1369.4,-6615.6,0
2026-04-09T15:05:15.867206+00:00,261.71,13.97,261.71,13.97,-106.7,437509701.0618452,9652.3,1367.0,-6614.1,0
2026-04-09T15:05:16.207205+00:00,261.72,14.01,261.72,14.01,-105.7,437509701.0618452,9650.3,1364.7,-6612.7,0
2026-04-09T15:05:16.592147+00:00,261.74,14.06,261.74,14.06,-106.7,437509648.9715689,9648.1,1362.4,-6611.3,0
2026-04-09T15:05:16.932420+00:00,261.75,14.11,261.75,14.11,-106.7,437509648.9715689,9645.9,1360.0,-6609.8,0
2026-04-09T15:05:17.275891+00:00,261.76,14.15,261.76,14.15,-105.7,437509648.9715689,9643.8,1357.7,-6608.3,0
2026-04-09T15:05:17.631297+00:00,261.77,14.20,261.77,14.2,-105.7,437509648.9715689,9641.8,1355.5,-6606.9,0
2026-04-09T15:05:17.971445+00:00,261.78,14.24,261.78,14.24,-103.7,437509648.9715689,9639.6,1353.1,-6605.4,0
2026-04-09T15:05:18.311364+00:00,261.79,14.29,261.79,14.29,-103.7,437509648.9715689,9637.5,1350.8,-6604.0,0
2026-04-09T15:05:18.671277+00:00,261.81,14.33,261.81,14.33,-105.7,437509648.9715689,9635.4,1348.6,-6602.5,0
2026-04-09T15:05:19.011407+00:00,261.82,14.38,261.82,14.38,-104.7,437509648.9715689,9633.1,1346.2,-6601.0,0
2026-04-09T15:05:19.351177+00:00,261.83,14.43,261.83,14.43,-104.7,437509648.9715689,9631.0,1344.0,-6599.5,0
2026-04-09T15:05:19.716407+00:00,261.84,14.47,261.84,14.47,-101.7,437509648.9715689,9628.9,1341.7,-6598.1,0
2026-04-09T15:05:20.056348+00:00,261.85,14.52,261.85,14.52,-110.7,437509648.9715689,9626.6,1339.3,-6596.5,0
2026-04-09T15:05:20.392382+00:00,261.87,14.57,261.87,14.57,-101.7,437509648.9715689,9624.4,1337.1,-6595.0,0
2026-04-09T15:05:20.751380+00:00,261.88,14.61,261.88,14.61,-108.7,437509648.9715689,9622.2,1334.9,-6593.5,0
2026-04-09T15:05:21.091089+00:00,261.89,14.66,261.89,14.66,-107.7,437509648.9715689,9619.9,1332.5,-6591.9,0
2026-04-09T15:05:21.431450+00:00,261.90,14.71,261.9,14.71,-107.7,437509648.9715689,9617.7,1330.3,-6590.4,0
2026-04-09T15:05:21.796316+00:00,261.91,14.75,261.91,14.75,-107.7,437509648.9715689,9615.5,1328.0,-6588.9,0
2026-04-09T15:05:22.134929+00:00,261.93,14.80,261.93,14.8,-107.7,437509648.9715689,9613.1,1325.6,-6587.3,0
2026-04-09T15:05:22.472231+00:00,261.94,14.85,261.94,14.85,-107.7,437509648.9715689,9610.9,1323.4,-6585.8,0
2026-04-09T15:05:22.835262+00:00,261.95,14.89,261.95,14.89,-104.7,437509648.9715689,9608.6,1321.2,-6584.2,0
2026-04-09T15:05:23.175060+00:00,261.96,14.94,261.96,14.94,-104.7,437509648.9715689,9606.2,1318.8,-6582.6,0
2026-04-09T15:05:23.516510+00:00,261.97,14.99,261.97,14.99,-104.7,437509648.9715689,9603.9,1316.5,-6581.0,0
2026-04-09T15:05:23.875704+00:00,261.99,15.04,261.99,15.04,-104.7,437509648.9715689,9601.6,1314.3,-6579.4,0
2026-04-09T15:05:24.216377+00:00,262.00,15.09,262.0,15.09,-104.7,437509648.9715689,9599.2,1311.9,-6577.7,0
2026-04-09T15:05:24.576138+00:00,262.01,15.14,262.01,15.14,-104.7,437509597.7092986,9596.7,1309.6,-6576.1,0
2026-04-09T15:05:24.940300+00:00,262.03,15.18,262.03,15.18,-106.7,437509597.7092986,9594.4,1307.3,-6574.5,0
2026-04-09T15:05:25.280296+00:00,262.04,15.24,262.04,15.24,-107.7,437509597.7092986,9591.9,1304.9,-6572.7,0
2026-04-09T15:05:25.620560+00:00,262.05,15.28,262.05,15.28,-107.7,437509597.7092986,9589.5,1302.7,-6571.1,0
2026-04-09T15:05:25.979367+00:00,262.06,15.33,262.06,15.33,-107.7,437509597.7092986,9587.2,1300.5,-6569.5,0
2026-04-09T15:05:26.320400+00:00,262.08,15.38,262.08,15.38,-105.7,437509597.7092986,9584.6,1298.1,-6567.7,0
2026-04-09T15:05:26.660343+00:00,262.09,15.43,262.09,15.43,-107.7,437509597.7092986,9582.2,1295.9,-6566.1,0
2026-04-09T15:05:27.019808+00:00,262.10,15.48,262.1,15.48,-110.7,437509597.7092986,9579.8,1293.6,-6564.4,0
2026-04-09T15:05:27.364440+00:00,262.11,15.53,262.11,15.53,-109.7,437509597.7092986,9577.2,1291.3,-6562.7,0
2026-04-09T15:05:27.696147+00:00,262.13,15.58,262.13,15.58,-107.7,437509597.7092986,9574.8,1289.0,-6561.0,0
2026-04-09T15:05:28.060053+00:00,262.14,15.62,262.14,15.62,-108.7,437509597.7092986,9572.3,1286.8,-6559.3,0
2026-04-09T15:05:28.395248+00:00,262.15,15.67,262.15,15.67,-110.7,437509597.7092986,9569.7,1284.5,-6557.5,0
2026-04-09T15:05:28.735490+00:00,262.17,15.72,262.17,15.72,-110.7,437509597.7092986,9567.2,1282.2,-6555.8,0
2026-04-09T15:05:29.096859+00:00,262.18,15.77,262.18,15.77,-106.7,437509597.7092986,9564.7,1280.0,-6554.1,0
2026-04-09T15:05:29.436261+00:00,262.19,15.82,262.19,15.82,-106.7,437509597.7092986,9562.0,1277.6,-6552.3,0
2026-04-09T15:05:29.775924+00:00,262.21,15.87,262.21,15.87,-107.7,437509597.7092986,9559.5,1275.4,-6550.6,0
2026-04-09T15:05:30.140201+00:00,262.22,15.92,262.22,15.92,-109.7,437509597.7092986,9557.0,1273.2,-6548.8,0
2026-04-09T15:05:30.475712+00:00,262.23,15.97,262.23,15.97,-109.7,437509597.7092986,9554.3,1270.8,-6547.0,0
2026-04-09T15:05:30.816514+00:00,262.24,16.02,262.24,16.02,-107.7,437509597.7092986,9551.7,1268.6,-6545.2,0
2026-04-09T15:05:31.175240+00:00,262.26,16.07,262.26,16.07,-107.7,437509597.7092986,9549.1,1266.4,-6543.4,0
2026-04-09T15:05:31.535290+00:00,262.27,16.13,262.27,16.13,-107.7,437509547.27147174,9546.2,1263.9,-6541.4,0
2026-04-09T15:05:31.875736+00:00,262.29,16.18,262.29,16.18,-107.7,437509547.27147174,9543.5,1261.7,-6539.6,0
2026-04-09T15:05:32.236001+00:00,262.30,16.23,262.3,16.23,-109.7,437509547.27147174,9540.9,1259.5,-6537.8,0
2026-04-09T15:05:32.580693+00:00,262.31,16.28,262.31,16.28,-109.7,437509547.27147174,9538.1,1257.1,-6535.9,0
2026-04-09T15:05:32.916179+00:00,262.33,16.33,262.33,16.33,-109.7,437509547.27147174,9535.4,1254.9,-6534.0,0
2026-04-09T15:05:33.279302+00:00,262.34,16.38,262.34,16.38,-109.7,437509547.27147174,9532.7,1252.7,-6532.2,0
2026-04-09T15:05:33.615463+00:00,262.35,16.44,262.35,16.44,-107.7,437509547.27147174,9529.8,1250.3,-6530.2,0
2026-04-09T15:05:33.955195+00:00,262.37,16.49,262.37,16.49,-111.7,437509547.27147174,9527.1,1248.1,-6528.4,0
2026-04-09T15:05:34.319252+00:00,262.38,16.54,262.38,16.54,None,437509547.27147174,9524.4,1245.9,-6526.5,0
2026-04-09T15:05:34.660029+00:00,262.40,16.59,262.4,16.59,-106.7,437509547.27147174,9521.5,1243.5,-6524.5,0
2026-04-09T15:05:34.998826+00:00,262.41,16.64,262.41,16.64,-107.7,437509547.27147174,9518.7,1241.3,-6522.6,0
2026-04-09T15:05:35.359995+00:00,262.42,16.70,262.42,16.7,-107.7,437509547.27147174,9515.9,1239.1,-6520.7,0
2026-04-09T15:05:35.700156+00:00,262.44,16.75,262.44,16.75,-113.7,437509547.27147174,9512.9,1236.7,-6518.6,0
2026-04-09T15:05:36.040756+00:00,262.45,16.80,262.45,16.8,-113.7,437509547.27147174,9510.1,1234.5,-6516.7,0
2026-04-09T15:05:36.404397+00:00,262.47,16.85,262.47,16.85,-109.7,437509547.27147174,9507.3,1232.3,-6514.8,0
2026-04-09T15:05:36.744431+00:00,262.48,16.91,262.48,16.91,-109.7,437509547.27147174,9504.2,1229.9,-6512.7,0
2026-04-09T15:05:37.084299+00:00,262.49,16.96,262.49,16.96,-112.7,437509547.27147174,9501.4,1227.7,-6510.7,0
2026-04-09T15:05:37.443507+00:00,262.51,17.01,262.51,17.01,-112.7,437509547.27147174,9498.5,1225.5,-6508.7,0
2026-04-09T15:05:37.809173+00:00,262.52,17.07,262.52,17.07,-111.7,437509496.46809644,9495.2,1223.0,-6506.5,0
2026-04-09T15:05:38.138870+00:00,262.54,17.12,262.54,17.12,-111.7,437509496.46809644,9492.3,1220.8,-6504.5,0
2026-04-09T15:05:38.490216+00:00,262.55,17.18,262.55,17.18,-107.7,437509496.46809644,9489.4,1218.6,-6502.5,0
2026-04-09T15:05:38.818602+00:00,262.57,17.23,262.57,17.23,-112.7,437509496.46809644,9486.4,1216.3,-6500.4,0
2026-04-09T15:05:39.150117+00:00,262.58,17.28,262.58,17.28,-112.7,437509496.46809644,9483.5,1214.2,-6498.5,0
2026-04-09T15:05:39.502318+00:00,262.59,17.33,262.59,17.33,-108.7,437509496.46809644,9480.6,1212.1,-6496.5,0
2026-04-09T15:05:39.835231+00:00,262.61,17.39,262.61,17.39,-108.7,437509496.46809644,9477.5,1209.8,-6494.3,0
2026-04-09T15:05:40.162108+00:00,262.62,17.44,262.62,17.44,-113.7,437509496.46809644,9474.5,1207.6,-6492.3,0
2026-04-09T15:05:40.515420+00:00,262.64,17.49,262.64,17.49,-113.7,437509496.46809644,9471.6,1205.5,-6490.3,0
2026-04-09T15:05:40.842135+00:00,262.65,17.55,262.65,17.55,-112.7,437509496.46809644,9468.4,1203.2,-6488.1,0
2026-04-09T15:05:41.174192+00:00,262.67,17.60,262.67,17.6,-112.7,437509496.46809644,9465.4,1201.1,-6486.1,0
2026-04-09T15:05:41.522647+00:00,262.68,17.65,262.68,17.65,-113.7,437509496.46809644,9462.4,1198.9,-6484.0,0
2026-04-09T15:05:41.854140+00:00,262.70,17.71,262.7,17.71,-113.7,437509496.46809644,9459.2,1196.7,-6481.8,0
2026-04-09T15:05:42.187244+00:00,262.71,17.76,262.71,17.76,-113.7,437509496.46809644,9456.2,1194.5,-6479.7,0
2026-04-09T15:05:42.539274+00:00,262.73,17.82,262.73,17.82,-113.7,437509496.46809644,9453.1,1192.4,-6477.6,0
2026-04-09T15:05:42.869952+00:00,262.74,17.87,262.74,17.87,-111.7,437509496.46809644,9449.8,1190.1,-6475.4,0
2026-04-09T15:05:43.204435+00:00,262.76,17.92,262.76,17.92,-112.7,437509496.46809644,9446.7,1188.0,-6473.3,0
2026-04-09T15:05:43.563267+00:00,262.77,17.98,262.77,17.98,-113.7,437509496.46809644,9443.5,1185.8,-6471.1,0
2026-04-09T15:05:43.923442+00:00,262.79,18.04,262.79,18.04,-113.7,437509441.2831295,9439.9,1183.3,-6468.6,0
2026-04-09T15:05:44.263848+00:00,262.80,18.10,262.8,18.1,-113.7,437509441.2831295,9436.7,1181.1,-6466.4,0
2026-04-09T15:05:44.627095+00:00,262.82,18.15,262.82,18.15,-113.7,437509441.2831295,9433.4,1178.9,-6464.1,0
2026-04-09T15:05:44.968410+00:00,262.83,18.21,262.83,18.21,-113.7,437509441.2831295,9429.9,1176.6,-6461.7,0
2026-04-09T15:05:45.303076+00:00,262.85,18.27,262.85,18.27,-113.7,437509441.2831295,9426.6,1174.4,-6459.5,0
2026-04-09T15:05:45.668508+00:00,262.86,18.32,262.86,18.32,-113.7,437509441.2831295,9423.3,1172.2,-6457.2,0
2026-04-09T15:05:46.003354+00:00,262.88,18.38,262.88,18.38,-112.7,437509441.2831295,9419.7,1169.9,-6454.8,0
2026-04-09T15:05:46.344414+00:00,262.90,18.44,262.9,18.44,-110.7,437509441.2831295,9416.4,1167.7,-6452.5,0
2026-04-09T15:05:46.703585+00:00,262.91,18.50,262.91,18.5,-111.7,437509441.2831295,9413.0,1165.5,-6450.1,0
2026-04-09T15:05:47.043936+00:00,262.93,18.56,262.93,18.56,-111.7,437509441.2831295,9409.3,1163.2,-6447.7,0
2026-04-09T15:05:47.383242+00:00,262.94,18.61,262.94,18.61,-110.7,437509441.2831295,9405.9,1161.0,-6445.3,0
2026-04-09T15:05:47.748312+00:00,262.96,18.67,262.96,18.67,-110.7,437509441.2831295,9402.5,1158.8,-6442.9,0
2026-04-09T15:05:48.085620+00:00,262.98,18.73,262.98,18.73,-111.7,437509441.2831295,9398.7,1156.4,-6440.4,0
2026-04-09T15:05:48.420650+00:00,262.99,18.79,262.99,18.79,-112.7,437509441.2831295,9395.3,1154.3,-6438.0,0
2026-04-09T15:05:48.770189+00:00,263.01,18.85,263.01,18.85,-112.7,437509441.2831295,9391.8,1152.1,-6435.7,0
2026-04-09T15:05:49.102403+00:00,263.03,18.91,263.03,18.91,-112.7,437509441.2831295,9388.2,1149.8,-6433.1,0
2026-04-09T15:05:49.454150+00:00,263.04,18.97,263.04,18.97,-115.7,437509385.9919898,9384.5,1147.6,-6430.6,0
2026-04-09T15:05:49.806102+00:00,263.06,19.02,263.06,19.02,-111.7,437509385.9919898,9381.0,1145.5,-6428.2,0
2026-04-09T15:05:50.138132+00:00,263.08,19.08,263.08,19.08,-111.7,437509385.9919898,9377.3,1143.2,-6425.7,0
2026-04-09T15:05:50.466117+00:00,263.09,19.14,263.09,19.14,-113.7,437509385.9919898,9373.7,1141.1,-6423.3,0
2026-04-09T15:05:50.818165+00:00,263.11,19.20,263.11,19.2,-110.7,437509385.9919898,9370.2,1139.0,-6420.8,0
2026-04-09T15:05:51.146861+00:00,263.12,19.26,263.12,19.26,-110.7,437509385.9919898,9366.4,1136.7,-6418.2,0
2026-04-09T15:05:51.478231+00:00,263.14,19.32,263.14,19.32,-110.7,437509385.9919898,9362.8,1134.6,-6415.8,0
2026-04-09T15:05:51.830252+00:00,263.16,19.37,263.16,19.37,-111.7,437509385.9919898,9359.2,1132.5,-6413.3,0
2026-04-09T15:05:52.158741+00:00,263.17,19.43,263.17,19.43,-111.7,437509385.9919898,9355.3,1130.2,-6410.7,0
2026-04-09T15:05:52.490259+00:00,263.19,19.49,263.19,19.49,-110.7,437509385.9919898,9351.7,1128.1,-6408.2,0
2026-04-09T15:05:52.842106+00:00,263.21,19.55,263.21,19.55,-110.7,437509385.9919898,9348.0,1126.0,-6405.6,0
2026-04-09T15:05:53.175293+00:00,263.22,19.61,263.22,19.61,-112.7,437509385.9919898,9344.1,1123.7,-6402.9,0
2026-04-09T15:05:53.516760+00:00,263.24,19.67,263.24,19.67,-113.7,437509385.9919898,9340.3,1121.6,-6400.3,0
2026-04-09T15:05:53.876207+00:00,263.26,19.73,263.26,19.73,-113.7,437509385.9919898,9336.4,1119.4,-6397.7,0
2026-04-09T15:05:54.236191+00:00,263.28,19.80,263.28,19.8,-115.7,437509333.75634915,9332.1,1117.0,-6394.7,0
2026-04-09T15:05:54.580348+00:00,263.29,19.86,263.29,19.86,-110.7,437509333.75634915,9328.2,1114.8,-6392.1,0
2026-04-09T15:05:54.941648+00:00,263.31,19.92,263.31,19.92,-112.7,437509333.75634915,9324.2,1112.6,-6389.3,0
2026-04-09T15:05:55.280334+00:00,263.33,19.99,263.33,19.99,-112.7,437509333.75634915,9320.0,1110.3,-6386.5,0
2026-04-09T15:05:55.615368+00:00,263.35,20.05,263.35,20.05,-113.7,437509333.75634915,9316.1,1108.2,-6383.8,0
2026-04-09T15:05:55.976548+00:00,263.37,20.11,263.37,20.11,-113.7,437509333.75634915,9312.1,1106.0,-6381.0,0
2026-04-09T15:05:56.315241+00:00,263.38,20.18,263.38,20.18,-109.7,437509333.75634915,9307.8,1103.7,-6378.1,0
2026-04-09T15:05:56.656074+00:00,263.40,20.24,263.4,20.24,-110.7,437509333.75634915,9303.8,1101.5,-6375.3,0
2026-04-09T15:05:57.020580+00:00,263.42,20.30,263.42,20.3,-110.7,437509333.75634915,9299.7,1099.3,-6372.5,0
2026-04-09T15:05:57.360357+00:00,263.44,20.37,263.44,20.37,-112.7,437509333.75634915,9295.3,1097.0,-6369.5,0
2026-04-09T15:05:57.696259+00:00,263.46,20.43,263.46,20.43,-110.7,437509333.75634915,9291.2,1094.9,-6366.7,0
2026-04-09T15:05:58.059472+00:00,263.47,20.49,263.47,20.49,-110.7,437509333.75634915,9287.1,1092.7,-6363.9,0
2026-04-09T15:05:58.400519+00:00,263.49,20.56,263.49,20.56,-110.7,437509333.75634915,9282.6,1090.4,-6360.8,0
2026-04-09T15:05:58.735528+00:00,263.51,20.62,263.51,20.62,-112.7,437509333.75634915,9278.4,1088.2,-6357.9,0
2026-04-09T15:05:59.118967+00:00,263.53,20.69,263.53,20.69,-112.7,437509275.744618,9273.9,1086.0,-6354.9,0
2026-04-09T15:05:59.460872+00:00,263.55,20.76,263.55,20.76,-109.7,437509275.744618,9269.4,1083.7,-6351.7,0
2026-04-09T15:05:59.800424+00:00,263.57,20.82,263.57,20.82,-111.7,437509275.744618,9265.1,1081.5,-6348.8,0
2026-04-09T15:06:00.160232+00:00,263.59,20.89,263.59,20.89,-108.7,437509275.744618,9260.8,1079.4,-6345.9,0
2026-04-09T15:06:00.500948+00:00,263.61,20.96,263.61,20.96,-108.7,437509275.744618,9256.2,1077.1,-6342.7,0
2026-04-09T15:06:00.840474+00:00,263.63,21.02,263.63,21.02,-112.7,437509275.744618,9251.8,1074.9,-6339.7,0
2026-04-09T15:06:01.199365+00:00,263.65,21.09,263.65,21.09,-112.7,437509275.744618,9247.4,1072.8,-6336.7,0
2026-04-09T15:06:01.539548+00:00,263.67,21.15,263.67,21.15,-109.7,437509275.744618,9242.7,1070.5,-6333.4,0
2026-04-09T15:06:01.879610+00:00,263.68,21.22,263.68,21.22,-109.7,437509275.744618,9238.2,1068.3,-6330.4,0
2026-04-09T15:06:02.239188+00:00,263.70,21.29,263.7,21.29,-107.7,437509275.744618,9233.7,1066.2,-6327.3,0
2026-04-09T15:06:02.579234+00:00,263.72,21.36,263.72,21.36,-111.7,437509275.744618,9228.9,1063.9,-6324.0,0
2026-04-09T15:06:02.919345+00:00,263.74,21.42,263.74,21.42,-111.7,437509275.744618,9224.4,1061.7,-6320.9,0
2026-04-09T15:06:03.279336+00:00,263.76,21.49,263.76,21.49,-107.7,437509275.744618,9219.8,1059.6,-6317.8,0
2026-04-09T15:06:03.645692+00:00,263.78,21.56,263.78,21.56,-107.7,437509216.6077391,9214.6,1057.2,-6314.2,0
2026-04-09T15:06:03.979623+00:00,263.80,21.63,263.8,21.63,-107.7,437509216.6077391,9209.9,1055.0,-6311.0,0
2026-04-09T15:06:04.344304+00:00,263.82,21.70,263.82,21.7,-108.7,437509216.6077391,9205.3,1052.9,-6307.9,0
2026-04-09T15:06:04.679268+00:00,263.84,21.77,263.84,21.77,-108.7,437509216.6077391,9200.3,1050.6,-6304.4,0
2026-04-09T15:06:05.016590+00:00,263.86,21.83,263.86,21.83,-107.7,437509216.6077391,9195.7,1048.5,-6301.2,0
2026-04-09T15:06:05.375836+00:00,263.88,21.90,263.88,21.9,-104.7,437509216.6077391,9190.9,1046.4,-6298.0,0
2026-04-09T15:06:05.716607+00:00,263.90,21.97,263.9,21.97,-104.7,437509216.6077391,9185.8,1044.1,-6294.5,0
2026-04-09T15:06:06.059150+00:00,263.92,22.04,263.92,22.04,-104.7,437509216.6077391,9181.0,1042.0,-6291.2,0
2026-04-09T15:06:06.420369+00:00,263.94,22.11,263.94,22.11,-104.7,437509216.6077391,9176.1,1039.8,-6287.9,0
2026-04-09T15:06:06.759249+00:00,263.97,22.18,263.97,22.18,-104.7,437509216.6077391,9170.9,1037.5,-6284.3,0
2026-04-09T15:06:07.099664+00:00,263.99,22.25,263.99,22.25,-106.7,437509216.6077391,9166.0,1035.4,-6280.9,0
2026-04-09T15:06:07.451276+00:00,264.01,22.32,264.01,22.32,-106.7,437509216.6077391,9161.1,1033.3,-6277.6,0
2026-04-09T15:06:07.798137+00:00,264.03,22.40,264.03,22.4,-107.7,437509157.714559,9155.6,1031.0,-6273.8,0
2026-04-09T15:06:08.130189+00:00,264.05,22.46,264.05,22.46,-107.7,437509157.714559,9150.8,1028.9,-6270.5,0
2026-04-09T15:06:08.483851+00:00,264.07,22.53,264.07,22.53,-107.7,437509157.714559,9145.9,1026.8,-6267.1,0
2026-04-09T15:06:08.810185+00:00,264.09,22.60,264.09,22.6,-105.7,437509157.714559,9140.6,1024.6,-6263.5,0
2026-04-09T15:06:09.142250+00:00,264.11,22.67,264.11,22.67,-103.7,437509157.714559,9135.7,1022.6,-6260.1,0
2026-04-09T15:06:09.491057+00:00,264.13,22.74,264.13,22.74,-105.7,437509157.714559,9130.6,1020.5,-6256.7,0
2026-04-09T15:06:09.822252+00:00,264.15,22.81,264.15,22.81,-109.7,437509157.714559,9125.3,1018.3,-6253.0,0
2026-04-09T15:06:10.154166+00:00,264.18,22.88,264.18,22.88,-102.7,437509157.714559,9120.2,1016.2,-6249.5,0
2026-04-09T15:06:10.502762+00:00,264.20,22.95,264.2,22.95,-100.7,437509157.714559,9115.1,1014.2,-6246.0,0
2026-04-09T15:06:10.835227+00:00,264.22,23.03,264.22,23.03,-107.7,437509157.714559,9109.7,1012.0,-6242.3,0
2026-04-09T15:06:11.186150+00:00,264.24,23.10,264.24,23.1,-107.7,437509106.407397,9104.2,1009.8,-6238.6,0
2026-04-09T15:06:11.534136+00:00,264.26,23.17,264.26,23.17,-103.7,437509106.407397,9099.0,1007.8,-6235.0,0
2026-04-09T15:06:11.862192+00:00,264.28,23.25,264.28,23.25,-103.7,437509106.407397,9093.4,1005.6,-6231.2,0
2026-04-09T15:06:12.201398+00:00,264.31,23.32,264.31,23.32,-105.7,437509106.407397,9088.2,1003.5,-6227.6,0
2026-04-09T15:06:12.564403+00:00,264.33,23.39,264.33,23.39,-103.7,437509106.407397,9082.7,1001.4,-6223.9,0
2026-04-09T15:06:12.904268+00:00,264.35,23.47,264.35,23.47,-102.7,437509106.407397,9076.9,999.1,-6219.8,0
2026-04-09T15:06:13.244517+00:00,264.37,23.54,264.37,23.54,-102.7,437509106.407397,9071.3,997.0,-6216.0,0
2026-04-09T15:06:13.603212+00:00,264.40,23.61,264.4,23.61,-103.7,437509106.407397,9065.8,994.9,-6212.2,0
2026-04-09T15:06:13.944522+00:00,264.42,23.69,264.42,23.69,-106.7,437509106.407397,9059.8,992.7,-6208.1,0
2026-04-09T15:06:14.279252+00:00,264.44,23.77,264.44,23.77,-100.7,437509106.407397,9054.2,990.6,-6204.3,0
2026-04-09T15:06:14.664367+00:00,264.47,23.84,264.47,23.84,-104.7,437509050.65308684,9048.2,988.3,-6200.2,0
2026-04-09T15:06:15.004631+00:00,264.49,23.92,264.49,23.92,-103.7,437509050.65308684,9042.1,986.1,-6196.0,0
2026-04-09T15:06:15.344387+00:00,264.51,24.00,264.51,24.0,-103.7,437509050.65308684,9036.3,984.0,-6192.0,0
2026-04-09T15:06:15.703320+00:00,264.54,24.07,264.54,24.07,-104.7,437509050.65308684,9030.5,981.9,-6188.1,0
2026-04-09T15:06:16.043301+00:00,264.56,24.15,264.56,24.15,-104.7,437509050.65308684,9024.3,979.7,-6183.8,0
2026-04-09T15:06:16.384332+00:00,264.59,24.23,264.59,24.23,-106.7,437509050.65308684,9018.4,977.5,-6179.8,0
2026-04-09T15:06:16.748308+00:00,264.61,24.31,264.61,24.31,-102.7,437509050.65308684,9012.6,975.5,-6175.8,0
2026-04-09T15:06:17.083997+00:00,264.63,24.39,264.63,24.39,-102.7,437509050.65308684,9006.2,973.2,-6171.4,0
2026-04-09T15:06:17.423235+00:00,264.66,24.46,264.66,24.46,-103.7,437509050.65308684,9000.2,971.1,-6167.3,0
2026-04-09T15:06:17.807254+00:00,264.68,24.55,264.68,24.55,-103.7,437508996.4008738,8993.8,968.9,-6162.9,0
2026-04-09T15:06:18.147045+00:00,264.71,24.63,264.71,24.63,-106.7,437508996.4008738,8987.3,966.7,-6158.5,0
2026-04-09T15:06:18.487382+00:00,264.73,24.71,264.73,24.71,-106.7,437508996.4008738,8981.2,964.6,-6154.3,0
2026-04-09T15:06:18.848070+00:00,264.76,24.79,264.76,24.79,-105.7,437508996.4008738,8975.0,962.5,-6150.0,0
2026-04-09T15:06:19.187236+00:00,264.78,24.87,264.78,24.87,-103.7,437508996.4008738,8968.4,960.3,-6145.5,0
2026-04-09T15:06:19.527659+00:00,264.81,24.95,264.81,24.95,-107.7,437508996.4008738,8962.2,958.2,-6141.2,0
2026-04-09T15:06:19.887379+00:00,264.83,25.03,264.83,25.03,-105.7,437508996.4008738,8955.9,956.1,-6136.9,0
2026-04-09T15:06:20.227364+00:00,264.86,25.11,264.86,25.11,-101.7,437508996.4008738,8949.1,953.9,-6132.3,0
2026-04-09T15:06:20.567282+00:00,264.88,25.19,264.88,25.19,-107.7,437508996.4008738,8942.7,951.8,-6127.9,0
2026-04-09T15:06:20.952516+00:00,264.91,25.27,264.91,25.27,-107.7,437508938.6919847,8935.9,949.6,-6123.3,0
2026-04-09T15:06:21.292310+00:00,264.94,25.36,264.94,25.36,-102.7,437508938.6919847,8929.0,947.4,-6118.5,0
2026-04-09T15:06:21.632465+00:00,264.96,25.44,264.96,25.44,-105.7,437508938.6919847,8922.5,945.3,-6114.0,0
2026-04-09T15:06:21.992828+00:00,264.99,25.52,264.99,25.52,-101.7,437508938.6919847,8915.9,943.2,-6109.5,0
2026-04-09T15:06:22.322230+00:00,265.02,25.61,265.02,25.61,-101.7,437508938.6919847,8908.9,941.0,-6104.7,0
2026-04-09T15:06:22.654170+00:00,265.04,25.68,265.04,25.68,-101.7,437508938.6919847,8902.5,939.0,-6100.3,0
2026-04-09T15:06:23.002334+00:00,265.07,25.76,265.07,25.76,-104.7,437508938.6919847,8895.9,937.0,-6095.8,0
2026-04-09T15:06:23.334268+00:00,265.09,25.85,265.09,25.85,-111.7,437508938.6919847,8889.0,934.9,-6091.1,0
2026-04-09T15:06:23.667261+00:00,265.12,25.93,265.12,25.93,-111.7,437508938.6919847,8882.4,932.8,-6086.6,0
2026-04-09T15:06:24.039419+00:00,265.15,26.01,265.15,26.01,-105.7,437508878.1549063,8875.3,930.7,-6081.7,0
2026-04-09T15:06:24.366225+00:00,265.17,26.10,265.17,26.1,-105.7,437508878.1549063,8868.2,928.6,-6076.8,0
2026-04-09T15:06:24.698150+00:00,265.20,26.18,265.2,26.18,-105.7,437508878.1549063,8861.5,926.6,-6072.2,0
2026-04-09T15:06:25.051273+00:00,265.23,26.26,265.23,26.26,-109.7,437508878.1549063,8854.7,924.6,-6067.6,0
2026-04-09T15:06:25.378202+00:00,265.25,26.35,265.25,26.35,-109.7,437508878.1549063,8847.4,922.4,-6062.6,0
2026-04-09T15:06:25.710125+00:00,265.28,26.43,265.28,26.43,-107.7,437508878.1549063,8840.5,920.4,-6057.9,0
2026-04-09T15:06:26.062158+00:00,265.31,26.51,265.31,26.51,-107.7,437508878.1549063,8833.6,918.4,-6053.1,0
2026-04-09T15:06:26.390201+00:00,265.34,26.60,265.34,26.6,-107.7,437508878.1549063,8826.1,916.3,-6048.0,0
2026-04-09T15:06:26.742151+00:00,265.36,26.69,265.36,26.69,-103.7,437508821.77068436,8818.7,914.2,-6043.0,0
2026-04-09T15:06:27.095581+00:00,265.39,26.77,265.39,26.77,-103.7,437508821.77068436,8811.6,912.2,-6038.1,0
2026-04-09T15:06:27.436254+00:00,265.42,26.86,265.42,26.86,-107.7,437508821.77068436,8804.0,910.0,-6032.8,0
2026-04-09T15:06:27.771518+00:00,265.45,26.95,265.45,26.95,-103.7,437508821.77068436,8796.6,908.0,-6027.8,0
2026-04-09T15:06:28.136284+00:00,265.48,27.03,265.48,27.03,-106.7,437508821.77068436,8789.2,906.0,-6022.7,0
2026-04-09T15:06:28.471374+00:00,265.51,27.12,265.51,27.12,-106.7,437508821.77068436,8781.3,903.8,-6017.3,0
2026-04-09T15:06:28.811247+00:00,265.54,27.21,265.54,27.21,-102.7,437508821.77068436,8773.8,901.7,-6012.1,0
2026-04-09T15:06:29.171331+00:00,265.56,27.30,265.56,27.3,-107.7,437508821.77068436,8766.2,899.7,-6006.9,0
2026-04-09T15:06:29.537375+00:00,265.60,27.40,265.6,27.4,-107.7,437508760.8915724,8757.6,897.4,-6001.1,0
2026-04-09T15:06:29.871351+00:00,265.63,27.49,265.63,27.49,-104.7,437508760.8915724,8749.9,895.4,-5995.8,0
2026-04-09T15:06:30.236377+00:00,265.66,27.57,265.66,27.57,-104.7,437508760.8915724,8742.1,893.3,-5990.5,0
2026-04-09T15:06:30.576407+00:00,265.69,27.67,265.69,27.67,-104.7,437508760.8915724,8733.8,891.2,-5984.7,0
2026-04-09T15:06:30.916643+00:00,265.72,27.76,265.72,27.76,-105.7,437508760.8915724,8725.9,889.1,-5979.3,0
2026-04-09T15:06:31.276361+00:00,265.75,27.85,265.75,27.85,-104.7,437508760.8915724,8718.1,887.1,-5974.0,0
2026-04-09T15:06:31.611763+00:00,265.78,27.95,265.78,27.95,-108.7,437508760.8915724,8709.5,884.9,-5968.1,0
2026-04-09T15:06:31.952167+00:00,265.81,28.03,265.81,28.03,-108.7,437508760.8915724,8701.6,882.9,-5962.7,0
2026-04-09T15:06:32.335398+00:00,265.84,28.13,265.84,28.13,-106.7,437508696.4439109,8693.0,880.8,-5956.8,0
2026-04-09T15:06:32.675257+00:00,265.87,28.23,265.87,28.23,-106.7,437508696.4439109,8684.3,878.6,-5950.8,0
2026-04-09T15:06:33.014973+00:00,265.91,28.32,265.91,28.32,-107.7,437508696.4439109,8676.0,876.6,-5945.2,0
2026-04-09T15:06:33.380417+00:00,265.94,28.41,265.94,28.41,-107.7,437508696.4439109,8667.8,874.6,-5939.5,0
2026-04-09T15:06:33.715830+00:00,265.97,28.51,265.97,28.51,-107.7,437508696.4439109,8658.8,872.4,-5933.4,0
2026-04-09T15:06:34.064344+00:00,266.00,28.60,266.0,28.6,-106.7,437508696.4439109,8650.5,870.4,-5927.7,0
2026-04-09T15:06:34.416267+00:00,266.03,28.70,266.03,28.7,-109.7,437508696.4439109,8642.0,868.4,-5921.8,0
2026-04-09T15:06:34.780307+00:00,266.07,28.80,266.07,28.8,-109.7,437508636.1569444,8632.4,866.1,-5915.3,0
2026-04-09T15:06:35.120299+00:00,266.10,28.90,266.1,28.9,-106.7,437508636.1569444,8623.8,864.1,-5909.4,0
2026-04-09T15:06:35.479261+00:00,266.13,28.99,266.13,28.99,-106.7,437508636.1569444,8615.2,862.1,-5903.5,0
2026-04-09T15:06:35.819518+00:00,266.17,29.09,266.17,29.09,-105.7,437508636.1569444,8606.0,860.0,-5897.1,0
2026-04-09T15:06:36.159560+00:00,266.20,29.19,266.2,29.19,-105.7,437508636.1569444,8597.2,858.0,-5891.1,0
2026-04-09T15:06:36.524291+00:00,266.23,29.28,266.23,29.28,-104.7,437508636.1569444,8588.3,856.0,-5885.1,0
2026-04-09T15:06:36.884356+00:00,266.27,29.39,266.27,29.39,-106.7,437508582.0650595,8578.4,853.8,-5878.2,0
2026-04-09T15:06:37.219433+00:00,266.30,29.49,266.3,29.49,-107.7,437508582.0650595,8569.3,851.7,-5872.0,0
2026-04-09T15:06:37.584322+00:00,266.34,29.58,266.34,29.58,-102.7,437508582.0650595,8560.4,849.8,-5865.9,0
2026-04-09T15:06:37.920457+00:00,266.37,29.69,266.37,29.69,-106.7,437508582.0650595,8550.6,847.6,-5859.2,0
2026-04-09T15:06:38.251516+00:00,266.41,29.78,266.41,29.78,-109.7,437508582.0650595,8541.5,845.7,-5853.0,0
2026-04-09T15:06:38.602268+00:00,266.44,29.88,266.44,29.88,-109.7,437508582.0650595,8532.6,843.8,-5846.9,0
2026-04-09T15:06:38.954161+00:00,266.48,29.98,266.48,29.98,-104.7,437508526.3492281,8522.4,841.6,-5839.9,0
2026-04-09T15:06:39.282237+00:00,266.51,30.08,266.51,30.08,-104.7,437508526.3492281,8513.3,839.6,-5833.6,0
2026-04-09T15:06:39.634172+00:00,266.54,30.18,266.54,30.18,-103.7,437508526.3492281,8504.2,837.7,-5827.4,0
2026-04-09T15:06:39.962129+00:00,266.58,30.28,266.58,30.28,-106.7,437508526.3492281,8494.3,835.7,-5820.7,0
2026-04-09T15:06:40.294179+00:00,266.62,30.38,266.62,30.38,-106.7,437508526.3492281,8485.1,833.8,-5814.3,0
2026-04-09T15:06:40.646122+00:00,266.65,30.47,266.65,30.47,-106.7,437508526.3492281,8475.7,831.8,-5807.9,0
2026-04-09T15:06:40.994160+00:00,266.69,30.58,266.69,30.58,-103.7,437508469.10778487,8465.0,829.7,-5800.6,0
2026-04-09T15:06:41.326148+00:00,266.72,30.68,266.72,30.68,-101.7,437508469.10778487,8455.6,827.8,-5794.1,0
2026-04-09T15:06:41.674728+00:00,266.76,30.78,266.76,30.78,-101.7,437508469.10778487,8445.9,825.9,-5787.5,0
2026-04-09T15:06:42.006136+00:00,266.80,30.89,266.8,30.89,-103.7,437508469.10778487,8435.8,823.8,-5780.5,0
2026-04-09T15:06:42.334683+00:00,266.83,30.99,266.83,30.99,-103.7,437508469.10778487,8426.0,821.9,-5773.8,0
2026-04-09T15:06:42.686121+00:00,266.87,31.08,266.87,31.08,-104.7,437508469.10778487,8416.3,820.0,-5767.2,0
2026-04-09T15:06:43.040058+00:00,266.91,31.20,266.91,31.2,-100.7,437508409.4222272,8405.2,817.9,-5759.6,0
2026-04-09T15:06:43.379232+00:00,266.95,31.30,266.95,31.3,-104.7,437508409.4222272,8395.0,816.0,-5752.6,0
2026-04-09T15:06:43.744330+00:00,266.98,31.41,266.98,31.41,-102.7,437508409.4222272,8384.7,814.0,-5745.6,0
2026-04-09T15:06:44.079981+00:00,267.03,31.52,267.03,31.52,-103.7,437508409.4222272,8373.6,811.9,-5737.9,0
2026-04-09T15:06:44.423513+00:00,267.06,31.62,267.06,31.62,-103.7,437508409.4222272,8363.3,810.0,-5730.9,0
2026-04-09T15:06:44.779406+00:00,267.10,31.73,267.1,31.73,-103.7,437508409.4222272,8352.8,808.0,-5723.7,0
2026-04-09T15:06:45.139780+00:00,267.15,31.85,267.15,31.85,-101.7,437508345.4042453,8340.9,805.9,-5715.5,0
2026-04-09T15:06:45.480289+00:00,267.18,31.95,267.18,31.95,-101.7,437508345.4042453,8330.2,803.9,-5708.2,0
2026-04-09T15:06:45.839292+00:00,267.22,32.06,267.22,32.06,-101.7,437508345.4042453,8319.4,802.0,-5700.8,0
2026-04-09T15:06:46.179309+00:00,267.27,32.17,267.27,32.17,-102.7,437508345.4042453,8307.9,799.9,-5692.9,0
2026-04-09T15:06:46.519204+00:00,267.31,32.28,267.31,32.28,-102.7,437508345.4042453,8296.9,798.0,-5685.4,0
2026-04-09T15:06:46.880614+00:00,267.35,32.39,267.35,32.39,-102.7,437508345.4042453,8285.9,796.1,-5677.8,0
2026-04-09T15:06:47.240304+00:00,267.39,32.51,267.39,32.51,-104.7,437508278.1811245,8273.5,793.9,-5669.3,0
2026-04-09T15:06:47.579616+00:00,267.43,32.62,267.43,32.62,-104.7,437508278.1811245,8262.3,792.0,-5661.6,0
2026-04-09T15:06:47.943057+00:00,267.47,32.73,267.47,32.73,-104.7,437508278.1811245,8251.0,790.1,-5653.9,0
2026-04-09T15:06:48.279799+00:00,267.52,32.85,267.52,32.85,-100.7,437508278.1811245,8238.8,788.0,-5645.6,0
2026-04-09T15:06:48.620451+00:00,267.56,32.96,267.56,32.96,-105.7,437508278.1811245,8227.5,786.1,-5637.8,0
2026-04-09T15:06:48.984363+00:00,267.60,33.07,267.6,33.07,-99.7,437508278.1811245,8215.9,784.2,-5629.9,0
2026-04-09T15:06:49.343415+00:00,267.65,33.20,267.65,33.2,-101.7,437508207.759278,8202.8,782.0,-5620.9,0
2026-04-09T15:06:49.688243+00:00,267.69,33.31,267.69,33.31,-101.7,437508207.759278,8191.1,780.1,-5612.9,0
2026-04-09T15:06:50.039275+00:00,267.74,33.42,267.74,33.42,-102.7,437508207.759278,8179.5,778.2,-5604.9,0
2026-04-09T15:06:50.380374+00:00,267.78,33.54,267.78,33.54,-106.7,437508207.759278,8166.8,776.2,-5596.2,0
2026-04-09T15:06:50.720475+00:00,267.83,33.65,267.83,33.65,-106.7,437508207.759278,8154.9,774.3,-5588.1,0
2026-04-09T15:06:51.079227+00:00,267.87,33.77,267.87,33.77,-101.7,437508207.759278,8142.8,772.4,-5579.8,0
2026-04-09T15:06:51.440278+00:00,267.92,33.90,267.92,33.9,-101.7,437508134.3261115,8129.1,770.3,-5570.4,0
2026-04-09T15:06:51.780716+00:00,267.96,34.01,267.96,34.01,-101.7,437508134.3261115,8116.8,768.4,-5562.0,0
2026-04-09T15:06:52.144387+00:00,268.01,34.13,268.01,34.13,-99.7,437508134.3261115,8104.4,766.5,-5553.5,0
2026-04-09T15:06:52.484267+00:00,268.06,34.25,268.06,34.25,-97.7,437508134.3261115,8091.1,764.5,-5544.3,0
2026-04-09T15:06:52.839382+00:00,268.11,34.38,268.11,34.38,-101.7,437508083.1443616,8077.8,762.5,-5535.2,0
2026-04-09T15:06:53.194218+00:00,268.15,34.49,268.15,34.49,-100.7,437508083.1443616,8065.3,760.7,-5526.7,0
2026-04-09T15:06:53.527241+00:00,268.20,34.62,268.2,34.62,-102.7,437508083.1443616,8052.1,758.7,-5517.6,0
2026-04-09T15:06:53.854382+00:00,268.25,34.73,268.25,34.73,-102.7,437508083.1443616,8039.5,756.9,-5509.0,0
2026-04-09T15:06:54.226134+00:00,268.29,34.85,268.29,34.85,-103.7,437508031.6968233,8026.3,755.0,-5499.9,0
2026-04-09T15:06:54.558215+00:00,268.34,34.98,268.34,34.98,-103.7,437508031.6968233,8012.8,753.0,-5490.7,0
2026-04-09T15:06:54.894044+00:00,268.39,35.09,268.39,35.09,-102.7,437508031.6968233,7999.9,751.2,-5481.9,0
2026-04-09T15:06:55.238121+00:00,268.44,35.21,268.44,35.21,-104.7,437508031.6968233,7987.0,749.4,-5473.0,0
2026-04-09T15:06:55.590804+00:00,268.49,35.34,268.49,35.34,-103.7,437507978.13794065,7972.5,747.4,-5463.1,0
2026-04-09T15:06:55.918298+00:00,268.54,35.46,268.54,35.46,-103.7,437507978.13794065,7959.4,745.6,-5454.1,0
2026-04-09T15:06:56.270227+00:00,268.59,35.58,268.59,35.58,-103.7,437507978.13794065,7946.3,743.8,-5445.1,0
2026-04-09T15:06:56.603303+00:00,268.64,35.71,268.64,35.71,-97.7,437507978.13794065,7932.2,741.9,-5435.4,0
2026-04-09T15:06:56.950186+00:00,268.69,35.84,268.69,35.84,-101.7,437507923.65699273,7917.9,739.9,-5425.7,0
2026-04-09T15:06:57.302185+00:00,268.74,35.96,268.74,35.96,-101.7,437507923.65699273,7904.5,738.2,-5416.5,0
2026-04-09T15:06:57.630311+00:00,268.79,36.08,268.79,36.08,-101.7,437507923.65699273,7890.1,736.3,-5406.6,0
2026-04-09T15:06:57.963593+00:00,268.84,36.20,268.84,36.2,-100.7,437507923.65699273,7876.5,734.5,-5397.3,0
2026-04-09T15:06:58.344530+00:00,268.90,36.34,268.9,36.34,-98.7,437507867.68677396,7861.6,732.6,-5387.1,0
2026-04-09T15:06:58.688346+00:00,268.95,36.47,268.95,36.47,-98.7,437507867.68677396,7846.5,730.6,-5376.7,0
2026-04-09T15:06:59.023410+00:00,269.00,36.60,269.0,36.6,-101.7,437507867.68677396,7832.1,728.8,-5366.9,0
2026-04-09T15:06:59.383312+00:00,269.06,36.72,269.06,36.72,-99.7,437507867.68677396,7817.5,727.0,-5356.9,0
2026-04-09T15:06:59.723357+00:00,269.11,36.86,269.11,36.86,-101.7,437507867.68677396,7802.1,725.1,-5346.3,0
2026-04-09T15:07:00.087658+00:00,269.17,37.00,269.17,37.0,-101.7,437507792.7486601,7786.4,723.1,-5335.6,0
2026-04-09T15:07:00.443443+00:00,269.23,37.12,269.23,37.12,-101.7,437507792.7486601,7771.6,721.3,-5325.4,0
2026-04-09T15:07:00.783422+00:00,269.29,37.26,269.29,37.26,-101.7,437507792.7486601,7755.7,719.4,-5314.5,0
2026-04-09T15:07:01.123358+00:00,269.34,37.39,269.34,37.39,-101.7,437507792.7486601,7740.6,717.6,-5304.2,0
2026-04-09T15:07:01.507360+00:00,269.40,37.53,269.4,37.53,-101.7,437507730.9880992,7724.5,715.7,-5293.1,0
2026-04-09T15:07:01.843606+00:00,269.46,37.67,269.46,37.67,-100.7,437507730.9880992,7708.0,713.8,-5281.9,0
2026-04-09T15:07:02.183315+00:00,269.52,37.80,269.52,37.8,-101.7,437507730.9880992,7692.7,712.0,-5271.4,0
2026-04-09T15:07:02.543383+00:00,269.57,37.93,269.57,37.93,-100.7,437507730.9880992,7677.2,710.2,-5260.7,0
2026-04-09T15:07:02.884472+00:00,269.64,38.08,269.64,38.08,-100.7,437507730.9880992,7660.5,708.3,-5249.3,0
2026-04-09T15:07:03.243305+00:00,269.70,38.22,269.7,38.22,-99.7,437507650.49265367,7643.8,706.4,-5237.8,0
2026-04-09T15:07:03.603346+00:00,269.76,38.35,269.76,38.35,-100.7,437507650.49265367,7627.8,704.6,-5226.9,0
2026-04-09T15:07:03.943799+00:00,269.82,38.49,269.82,38.49,-100.7,437507650.49265367,7610.8,702.8,-5215.2,0
2026-04-09T15:07:04.284374+00:00,269.88,38.63,269.88,38.63,-100.7,437507650.49265367,7594.6,701.0,-5204.1,0
2026-04-09T15:07:04.664219+00:00,269.94,38.77,269.94,38.77,-103.7,437507584.2051371,7577.3,699.1,-5192.2,0
2026-04-09T15:07:05.003328+00:00,270.01,38.92,270.01,38.92,-101.7,437507584.2051371,7559.8,697.3,-5180.3,0
2026-04-09T15:07:05.347682+00:00,270.07,39.06,270.07,39.06,-101.7,437507584.2051371,7543.2,695.5,-5168.9,0
2026-04-09T15:07:05.728393+00:00,270.14,39.20,270.14,39.2,-98.7,437507532.4426428,7525.5,693.6,-5156.8,0
2026-04-09T15:07:06.064222+00:00,270.21,39.35,270.21,39.35,-98.7,437507532.4426428,7507.4,691.8,-5144.4,0
2026-04-09T15:07:06.403389+00:00,270.27,39.49,270.27,39.49,-100.7,437507532.4426428,7490.6,690.0,-5132.9,0
2026-04-09T15:07:06.787234+00:00,270.34,39.64,270.34,39.64,-102.7,437507479.8136638,7472.4,688.2,-5120.4,0
2026-04-09T15:07:07.127384+00:00,270.41,39.79,270.41,39.79,-102.7,437507479.8136638,7454.0,686.3,-5107.8,0
2026-04-09T15:07:07.464462+00:00,270.47,39.93,270.47,39.93,-97.7,437507479.8136638,7436.7,684.6,-5096.0,0
2026-04-09T15:07:07.847501+00:00,270.54,40.08,270.54,40.08,-97.7,437507425.6398334,7417.9,682.8,-5083.1,0
2026-04-09T15:07:08.182123+00:00,270.61,40.23,270.61,40.23,-99.7,437507425.6398334,7399.2,680.9,-5070.3,0
2026-04-09T15:07:08.514163+00:00,270.68,40.37,270.68,40.37,-99.7,437507425.6398334,7381.8,679.3,-5058.3,0
2026-04-09T15:07:08.886234+00:00,270.75,40.52,270.75,40.52,-98.7,437507370.77409774,7363.2,677.5,-5045.6,0
2026-04-09T15:07:09.214147+00:00,270.82,40.67,270.82,40.67,-98.7,437507370.77409774,7344.5,675.7,-5032.7,0
2026-04-09T15:07:09.546155+00:00,270.88,40.81,270.88,40.81,-98.7,437507370.77409774,7326.9,674.1,-5020.7,0
2026-04-09T15:07:09.896561+00:00,270.95,40.95,270.95,40.95,-95.7,437507370.77409774,7308.9,672.4,-5008.4,0
2026-04-09T15:07:10.246137+00:00,271.03,41.12,271.03,41.12,-95.7,437507296.4979613,7288.6,670.5,-4994.5,0
2026-04-09T15:07:10.582053+00:00,271.10,41.26,271.1,41.26,-100.7,437507296.4979613,7270.6,668.9,-4982.1,0
2026-04-09T15:07:10.926148+00:00,271.17,41.40,271.17,41.4,-100.7,437507296.4979613,7252.3,667.2,-4969.6,0
2026-04-09T15:07:11.258135+00:00,271.24,41.55,271.24,41.55,-100.7,437507296.4979613,7232.8,665.5,-4956.2,0
2026-04-09T15:07:11.611243+00:00,271.32,41.71,271.32,41.71,-100.7,437507221.05036,7213.0,663.8,-4942.6,0
2026-04-09T15:07:11.958149+00:00,271.39,41.85,271.39,41.85,-101.7,437507221.05036,7194.2,662.1,-4929.8,0
2026-04-09T15:07:12.290150+00:00,271.47,42.01,271.47,42.01,-101.7,437507221.05036,7174.3,660.4,-4916.1,0
2026-04-09T15:07:12.618132+00:00,271.54,42.16,271.54,42.16,-101.7,437507221.05036,7155.2,658.8,-4903.1,0
2026-04-09T15:07:12.990858+00:00,271.62,42.31,271.62,42.31,-101.7,437507143.3481879,7135.1,657.1,-4889.2,0
2026-04-09T15:07:13.331468+00:00,271.70,42.47,271.7,42.47,-101.7,437507143.3481879,7114.3,655.4,-4875.0,0
2026-04-09T15:07:13.671544+00:00,271.78,42.63,271.78,42.63,-102.7,437507143.3481879,7094.2,653.7,-4861.3,0
2026-04-09T15:07:14.031465+00:00,271.85,42.78,271.85,42.78,-98.7,437507143.3481879,7074.1,652.0,-4847.4,0
2026-04-09T15:07:14.396318+00:00,271.94,42.95,271.94,42.95,-100.7,437507060.0366666,7051.3,650.2,-4831.8,0
2026-04-09T15:07:14.731299+00:00,272.02,43.11,272.02,43.11,-101.7,437507060.0366666,7030.8,648.6,-4817.8,0
2026-04-09T15:07:15.096502+00:00,272.10,43.26,272.1,43.26,-99.7,437507060.0366666,7010.2,646.9,-4803.6,0
2026-04-09T15:07:15.431376+00:00,272.19,43.43,272.19,43.43,-99.7,437507060.0366666,6987.9,645.2,-4788.4,0
2026-04-09T15:07:15.795405+00:00,272.28,43.60,272.28,43.6,-100.7,437506974.8795895,6965.9,643.5,-4773.3,0
2026-04-09T15:07:16.155246+00:00,272.36,43.76,272.36,43.76,-100.7,437506974.8795895,6944.7,641.9,-4758.8,0
2026-04-09T15:07:16.495385+00:00,272.45,43.93,272.45,43.93,-100.7,437506974.8795895,6921.9,640.1,-4743.2,0
2026-04-09T15:07:16.836551+00:00,272.54,44.08,272.54,44.08,-101.7,437506974.8795895,6900.4,638.5,-4728.4,0
2026-04-09T15:07:17.215820+00:00,272.63,44.25,272.63,44.25,-99.7,437506886.66060007,6877.5,636.8,-4712.7,0
2026-04-09T15:07:17.555208+00:00,272.72,44.43,272.72,44.43,-100.7,437506886.66060007,6854.3,635.1,-4696.9,0
2026-04-09T15:07:17.895508+00:00,272.81,44.59,272.81,44.59,-100.7,437506886.66060007,6832.3,633.5,-4681.8,0
2026-04-09T15:07:18.280298+00:00,272.90,44.76,272.9,44.76,-99.7,437506818.34582233,6808.9,631.9,-4665.7,0
2026-04-09T15:07:18.615565+00:00,273.00,44.93,273.0,44.93,-98.7,437506818.34582233,6784.9,630.2,-4649.3,0
2026-04-09T15:07:18.960323+00:00,273.09,45.10,273.09,45.1,-101.7,437506818.34582233,6762.7,628.6,-4634.0,0
2026-04-09T15:07:19.339237+00:00,273.19,45.27,273.19,45.27,-100.7,437506748.00877154,6738.3,626.9,-4617.4,0
2026-04-09T15:07:19.679474+00:00,273.29,45.45,273.29,45.45,-100.7,437506748.00877154,6714.1,625.3,-4600.8,0
2026-04-09T15:07:20.019041+00:00,273.38,45.61,273.38,45.61,-97.7,437506748.00877154,6691.0,623.7,-4585.0,0
2026-04-09T15:07:20.403384+00:00,273.48,45.79,273.48,45.79,-97.7,437506676.39693344,6666.4,622.0,-4568.1,0
2026-04-09T15:07:20.743278+00:00,273.58,45.97,273.58,45.97,-97.7,437506676.39693344,6641.3,620.4,-4550.9,0
2026-04-09T15:07:21.088239+00:00,273.68,46.14,273.68,46.14,-101.7,437506676.39693344,6617.7,618.8,-4534.7,0
2026-04-09T15:07:21.468479+00:00,273.79,46.32,273.79,46.32,-101.7,437506602.3481067,6592.5,617.2,-4517.4,0
2026-04-09T15:07:21.804631+00:00,273.89,46.50,273.89,46.5,-101.7,437506602.3481067,6567.2,615.6,-4500.1,0
2026-04-09T15:07:22.133173+00:00,273.99,46.66,273.99,46.66,-101.7,437506602.3481067,6543.3,614.1,-4483.7,0
2026-04-09T15:07:22.506276+00:00,274.10,46.84,274.1,46.84,-95.7,437506528.28574115,6518.0,612.5,-4466.4,0
2026-04-09T15:07:22.834372+00:00,274.20,47.02,274.2,47.02,-95.7,437506528.28574115,6492.6,610.9,-4449.0,0
2026-04-09T15:07:23.186194+00:00,274.31,47.20,274.31,47.2,-97.7,437506477.611341,6467.2,609.4,-4431.6,0
2026-04-09T15:07:23.538483+00:00,274.41,47.37,274.41,47.37,-101.7,437506477.611341,6442.9,607.9,-4414.9,0
2026-04-09T15:07:23.890195+00:00,274.53,47.56,274.53,47.56,-97.7,437506425.94646883,6415.1,606.3,-4395.9,0
2026-04-09T15:07:24.221142+00:00,274.63,47.73,274.63,47.73,-98.7,437506425.94646883,6390.7,604.8,-4379.2,0
2026-04-09T15:07:24.594165+00:00,274.75,47.91,274.75,47.91,-101.7,437506375.0853754,6364.3,603.3,-4361.1,0
2026-04-09T15:07:24.922160+00:00,274.86,48.09,274.86,48.09,-101.7,437506375.0853754,6337.7,601.8,-4342.8,0
2026-04-09T15:07:25.274879+00:00,274.98,48.27,274.98,48.27,-99.7,437506322.04524356,6311.2,600.2,-4324.7,0
2026-04-09T15:07:25.626181+00:00,275.09,48.45,275.09,48.45,-101.7,437506322.04524356,6285.7,598.8,-4307.2,0
2026-04-09T15:07:25.978123+00:00,275.21,48.64,275.21,48.64,-101.7,437506267.9975381,6257.0,597.2,-4287.6,0
2026-04-09T15:07:26.315751+00:00,275.33,48.82,275.33,48.82,-98.7,437506267.9975381,6231.2,595.8,-4269.8,0
2026-04-09T15:07:26.681126+00:00,275.45,49.00,275.45,49.0,-101.7,437506214.23414797,6203.5,594.3,-4250.9,0
2026-04-09T15:07:27.010615+00:00,275.57,49.19,275.57,49.19,-101.7,437506214.23414797,6175.6,592.8,-4231.8,0
2026-04-09T15:07:27.361488+00:00,275.69,49.38,275.69,49.38,-100.7,437506159.2387245,6147.9,591.3,-4212.8,0
2026-04-09T15:07:27.714186+00:00,275.81,49.56,275.81,49.56,-101.7,437506159.2387245,6121.2,589.9,-4194.5,0
2026-04-09T15:07:28.066154+00:00,275.95,49.76,275.95,49.76,-103.7,437506102.7255276,6091.2,588.4,-4173.9,0
2026-04-09T15:07:28.394702+00:00,276.07,49.93,276.07,49.93,-103.7,437506102.7255276,6064.1,587.0,-4155.4,0
2026-04-09T15:07:28.766191+00:00,276.20,50.13,276.2,50.13,-100.7,437506047.24270654,6035.1,585.5,-4135.5,0
2026-04-09T15:07:29.098248+00:00,276.33,50.31,276.33,50.31,-100.7,437506047.24270654,6006.5,584.1,-4115.9,0
2026-04-09T15:07:29.450178+00:00,276.47,50.51,276.47,50.51,-104.7,437505989.0086536,5977.1,582.7,-4095.8,0
2026-04-09T15:07:29.802242+00:00,276.59,50.69,276.59,50.69,-104.7,437505989.0086536,5949.3,581.3,-4076.7,0
2026-04-09T15:07:30.155351+00:00,276.74,50.89,276.74,50.89,-102.7,437505929.9013463,5917.8,579.8,-4055.1,0
2026-04-09T15:07:30.482866+00:00,276.87,51.08,276.87,51.08,-101.7,437505929.9013463,5889.6,578.4,-4035.8,0
2026-04-09T15:07:30.854250+00:00,277.01,51.27,277.01,51.27,-102.7,437505871.9006599,5859.7,577.0,-4015.3,0
2026-04-09T15:07:31.182289+00:00,277.15,51.47,277.15,51.47,-97.7,437505871.9006599,5829.3,575.6,-3994.5,0
2026-04-09T15:07:31.538277+00:00,277.30,51.66,277.3,51.66,-95.7,437505811.425575,5799.0,574.2,-3973.7,0
2026-04-09T15:07:31.886218+00:00,277.44,51.85,277.44,51.85,-105.7,437505811.425575,5770.0,572.9,-3953.8,0
2026-04-09T15:07:32.239386+00:00,277.60,52.06,277.6,52.06,-102.7,437505749.6739213,5737.1,571.5,-3931.3,0
2026-04-09T15:07:32.566031+00:00,277.74,52.24,277.74,52.24,-102.7,437505749.6739213,5707.5,570.2,-3911.0,0
2026-04-09T15:07:32.942654+00:00,277.89,52.44,277.89,52.44,-103.7,437505689.149669,5676.3,568.8,-3889.6,0
2026-04-09T15:07:33.270255+00:00,278.05,52.64,278.05,52.64,-100.7,437505689.149669,5644.2,567.4,-3867.7,0
2026-04-09T15:07:33.622320+00:00,278.20,52.84,278.2,52.84,-100.7,437505625.56671095,5612.6,566.1,-3846.0,0
2026-04-09T15:07:33.974209+00:00,278.35,53.03,278.35,53.03,-99.7,437505625.56671095,5582.3,564.8,-3825.2,0
2026-04-09T15:07:34.322607+00:00,278.52,53.25,278.52,53.25,-99.7,437505561.11299264,5547.9,563.4,-3801.7,0
2026-04-09T15:07:34.654239+00:00,278.68,53.43,278.68,53.43,-103.7,437505561.11299264,5517.5,562.1,-3780.8,0
2026-04-09T15:07:35.028337+00:00,278.84,53.64,278.84,53.64,-103.7,437505497.9493819,5484.6,560.8,-3758.3,0
2026-04-09T15:07:35.358158+00:00,279.01,53.84,279.01,53.84,-100.7,437505497.9493819,5451.1,559.5,-3735.3,0
2026-04-09T15:07:35.711246+00:00,279.18,54.05,279.18,54.05,-101.7,437505431.63300616,5418.1,558.2,-3712.7,0
2026-04-09T15:07:36.062325+00:00,279.35,54.24,279.35,54.24,-101.7,437505431.63300616,5386.4,557.0,-3691.0,0
2026-04-09T15:07:36.410160+00:00,279.53,54.46,279.53,54.46,-97.7,437505364.36000544,5351.0,555.6,-3666.7,0
2026-04-09T15:07:36.745874+00:00,279.70,54.65,279.7,54.65,-97.7,437505364.36000544,5318.9,554.4,-3644.7,0
2026-04-09T15:07:37.118338+00:00,279.88,54.86,279.88,54.86,-98.7,437505298.1519403,5284.6,553.1,-3621.2,0
2026-04-09T15:07:37.450135+00:00,280.07,55.07,280.07,55.07,-98.7,437505298.1519403,5249.7,551.8,-3597.3,0
2026-04-09T15:07:37.803385+00:00,280.26,55.28,280.26,55.28,-100.7,437505228.99882424,5214.9,550.6,-3573.5,0
2026-04-09T15:07:38.154152+00:00,280.43,55.48,280.43,55.48,-101.7,437505228.99882424,5181.8,549.4,-3550.8,0
2026-04-09T15:07:38.507610+00:00,280.64,55.70,280.64,55.7,-99.7,437505158.9068975,5144.6,548.1,-3525.3,0
2026-04-09T15:07:38.834215+00:00,280.82,55.90,280.82,55.9,-101.7,437505158.9068975,5111.1,546.9,-3502.3,0
2026-04-09T15:07:39.206886+00:00,281.02,56.11,281.02,56.11,-101.7,437505090.24866116,5075.8,545.7,-3478.1,0
2026-04-09T15:07:39.538186+00:00,281.22,56.32,281.22,56.32,-100.7,437505090.24866116,5039.8,544.5,-3453.5,0
2026-04-09T15:07:39.891258+00:00,281.43,56.53,281.43,56.53,-100.7,437505018.2983524,5003.6,543.3,-3428.7,0
2026-04-09T15:07:40.238178+00:00,281.62,56.73,281.62,56.73,-96.7,437505018.2983524,4969.2,542.1,-3405.1,0
2026-04-09T15:07:40.590152+00:00,281.84,56.95,281.84,56.95,-101.7,437504945.75946105,4930.8,540.9,-3378.8,0
2026-04-09T15:07:40.922108+00:00,282.04,57.15,282.04,57.15,-101.7,437504945.75946105,4896.0,539.8,-3355.0,0
2026-04-09T15:07:41.294219+00:00,282.26,57.37,282.26,57.37,-103.7,437504873.95487285,4858.9,538.6,-3329.5,0
2026-04-09T15:07:41.622330+00:00,282.48,57.58,282.48,57.58,-102.7,437504873.95487285,4821.4,537.4,-3303.8,0
2026-04-09T15:07:41.978097+00:00,282.71,57.80,282.71,57.8,-99.7,437504799.428268,4784.2,536.3,-3278.3,0
2026-04-09T15:07:42.331313+00:00,282.92,58.00,282.92,58.0,-100.7,437504799.428268,4748.5,535.2,-3253.8,0
2026-04-09T15:07:42.691962+00:00,283.17,58.23,283.17,58.23,-103.7,437504723.0860354,4707.2,534.0,-3225.6,0
2026-04-09T15:07:43.036371+00:00,283.40,58.44,283.4,58.44,-103.7,437504723.0860354,4670.2,532.9,-3200.2,0
2026-04-09T15:07:43.412442+00:00,283.64,58.67,283.64,58.67,-99.7,437504646.1381185,4630.7,531.7,-3173.1,0
2026-04-09T15:07:43.771770+00:00,283.90,58.89,283.9,58.89,-100.7,437504590.788548,4590.8,530.6,-3145.8,0
2026-04-09T15:07:44.112362+00:00,284.15,59.11,284.15,59.11,-101.7,437504590.788548,4550.9,529.4,-3118.5,0
2026-04-09T15:07:44.495534+00:00,284.41,59.34,284.41,59.34,-101.7,437504526.8051257,4510.1,528.3,-3090.5,0
2026-04-09T15:07:44.860308+00:00,284.67,59.56,284.67,59.56,-103.7,437504469.6442028,4469.6,527.2,-3062.8,0
2026-04-09T15:07:45.200334+00:00,284.95,59.79,284.95,59.79,-103.7,437504469.6442028,4428.1,526.1,-3034.3,0
2026-04-09T15:07:45.579368+00:00,285.22,60.01,285.22,60.01,-99.7,437504403.8319702,4387.3,525.0,-3006.4,0
2026-04-09T15:07:45.939300+00:00,285.49,60.24,285.49,60.24,-102.7,437504346.02367765,4346.0,523.9,-2978.1,0
2026-04-09T15:07:46.279077+00:00,285.77,60.46,285.77,60.46,-102.7,437504346.02367765,4304.5,522.9,-2949.6,0
2026-04-09T15:07:46.664270+00:00,286.06,60.69,286.06,60.69,-98.7,437504279.59899133,4262.6,521.8,-2920.9,0
2026-04-09T15:07:47.027693+00:00,286.36,60.91,286.36,60.91,-98.7,437504220.11295325,4220.1,520.8,-2891.8,0
2026-04-09T15:07:47.363321+00:00,286.65,61.14,286.65,61.14,-98.7,437504220.11295325,4177.9,519.7,-2862.9,0
2026-04-09T15:07:47.748311+00:00,286.96,61.37,286.96,61.37,-102.7,437504152.42309916,4135.2,518.7,-2833.6,0
2026-04-09T15:07:48.107985+00:00,287.27,61.59,287.27,61.59,-102.7,437504091.88887095,4091.9,517.7,-2803.9,0
2026-04-09T15:07:48.448245+00:00,287.59,61.82,287.59,61.82,-101.7,437504091.88887095,4048.8,516.7,-2774.4,0
2026-04-09T15:07:48.832297+00:00,287.91,62.05,287.91,62.05,-101.7,437504022.8586732,4005.5,515.7,-2744.7,0
2026-04-09T15:07:49.191232+00:00,288.24,62.28,288.24,62.28,-103.7,437503961.37743974,3961.4,514.7,-2714.5,0
2026-04-09T15:07:49.532985+00:00,288.57,62.50,288.57,62.5,-103.7,437503961.37743974,3917.5,513.7,-2684.5,0
2026-04-09T15:07:49.911528+00:00,288.91,62.73,288.91,62.73,-102.7,437503891.071742,3873.5,512.7,-2654.2,0
2026-04-09T15:07:50.271324+00:00,289.25,62.96,289.25,62.96,-101.7,437503829.099548,3829.1,511.8,-2623.9,0
2026-04-09T15:07:50.611524+00:00,289.61,63.18,289.61,63.18,-104.7,437503829.099548,3784.5,510.9,-2593.3,0
2026-04-09T15:07:50.995490+00:00,289.97,63.41,289.97,63.41,-104.7,437503757.7998154,3739.6,509.9,-2562.5,0
2026-04-09T15:07:51.352191+00:00,290.34,63.64,290.34,63.64,-101.7,437503694.11317843,3694.1,509.0,-2531.4,0
2026-04-09T15:07:51.696254+00:00,290.70,63.86,290.7,63.86,-101.7,437503694.11317843,3649.3,508.1,-2500.6,0
2026-04-09T15:07:52.093697+00:00,291.09,64.09,291.09,64.09,-103.7,437503621.53580827,3603.6,507.2,-2469.3,0
2026-04-09T15:07:52.446147+00:00,291.49,64.32,291.49,64.32,-103.7,437503555.4039882,3555.4,506.3,-2436.3,0
2026-04-09T15:07:52.774729+00:00,291.88,64.54,291.88,64.54,-100.7,437503555.4039882,3510.4,505.4,-2405.5,0
2026-04-09T15:07:53.146979+00:00,292.28,64.76,292.28,64.76,-100.7,437503483.9079426,3465.0,504.6,-2374.3,0
2026-04-09T15:07:53.478258+00:00,292.68,64.98,292.68,64.98,-99.7,437503483.9079426,3420.1,503.8,-2343.6,0
2026-04-09T15:07:53.830158+00:00,293.09,65.20,293.09,65.2,-99.7,437503392.9302392,3374.5,502.9,-2312.3,0
2026-04-09T15:07:54.182212+00:00,293.48,65.41,293.48,65.41,-103.7,437503392.9302392,3331.1,502.2,-2282.6,0
2026-04-09T15:07:54.535273+00:00,293.93,65.64,293.93,65.64,-103.7,437503301.07892525,3282.4,501.3,-2249.2,0
2026-04-09T15:07:54.862183+00:00,294.34,65.84,294.34,65.84,-102.7,437503301.07892525,3239.2,500.6,-2219.6,0
2026-04-09T15:07:55.234116+00:00,294.78,66.05,294.78,66.05,-103.7,437503211.48503244,3192.6,499.8,-2187.7,0
2026-04-09T15:07:55.562682+00:00,295.24,66.27,295.24,66.27,-103.7,437503211.48503244,3145.8,499.1,-2155.6,0
2026-04-09T15:07:55.914129+00:00,295.69,66.48,295.69,66.48,-107.7,437503118.34111685,3099.3,498.3,-2123.8,0
2026-04-09T15:07:56.266184+00:00,296.14,66.69,296.14,66.69,-107.7,437503118.34111685,3054.8,497.6,-2093.3,0
2026-04-09T15:07:56.618173+00:00,296.65,66.91,296.65,66.91,-99.7,437503023.94806653,3004.7,496.8,-2059.0,0
2026-04-09T15:07:56.946991+00:00,297.11,67.11,297.11,67.11,-103.7,437503023.94806653,2959.8,496.2,-2028.2,0
2026-04-09T15:07:57.327575+00:00,297.61,67.33,297.61,67.33,-101.7,437502931.7084021,2912.0,495.5,-1995.4,0
2026-04-09T15:07:57.692726+00:00,298.13,67.54,298.13,67.54,-101.7,437502862.8502899,2862.9,494.7,-1961.7,0
2026-04-09T15:07:58.032610+00:00,298.67,67.76,298.67,67.76,-101.7,437502862.8502899,2813.0,494.0,-1927.6,0
2026-04-09T15:07:58.411311+00:00,299.22,67.97,299.22,67.97,-101.7,437502783.27833474,2763.3,493.4,-1893.5,0
2026-04-09T15:07:58.776379+00:00,299.78,68.18,299.78,68.18,-101.7,437502713.6711336,2713.7,492.7,-1859.5,0
2026-04-09T15:07:59.110918+00:00,300.35,68.39,300.35,68.39,-101.7,437502713.6711336,2663.7,492.0,-1825.3,0
2026-04-09T15:07:59.495344+00:00,300.93,68.60,300.93,68.6,-101.7,437502633.88754517,2613.5,491.4,-1790.9,0
2026-04-09T15:07:59.855302+00:00,301.53,68.81,301.53,68.81,-100.7,437502562.65443796,2562.7,490.7,-1756.0,0
2026-04-09T15:08:00.195238+00:00,302.13,69.02,302.13,69.02,-102.7,437502562.65443796,2512.1,490.1,-1721.4,0
2026-04-09T15:08:00.576311+00:00,302.75,69.22,302.75,69.22,-99.7,437502481.88679075,2461.4,489.5,-1686.6,0
2026-04-09T15:08:00.940453+00:00,303.38,69.43,303.38,69.43,-98.7,437502410.3900326,2410.4,488.9,-1651.7,0
2026-04-09T15:08:01.280502+00:00,304.04,69.63,304.04,69.63,-98.7,437502410.3900326,2358.7,488.3,-1616.3,0
2026-04-09T15:08:01.660473+00:00,304.70,69.83,304.7,69.83,-102.7,437502328.00912744,2307.4,487.7,-1581.2,0
2026-04-09T15:08:02.024882+00:00,305.37,70.02,305.37,70.02,-101.7,437502255.8742631,2255.9,487.1,-1545.8,0
2026-04-09T15:08:02.368200+00:00,306.07,70.22,306.07,70.22,-101.7,437502255.8742631,2203.7,486.6,-1510.1,0
2026-04-09T15:08:02.743550+00:00,306.77,70.41,306.77,70.41,-100.7,437502172.12575823,2151.8,486.1,-1474.5,0
2026-04-09T15:08:03.108220+00:00,307.49,70.60,307.49,70.6,-100.7,437502099.880802,2099.9,485.5,-1438.9,0
2026-04-09T15:08:03.443289+00:00,308.22,70.79,308.22,70.79,-101.7,437502099.880802,2047.7,485.0,-1403.2,0
2026-04-09T15:08:03.827330+00:00,308.97,70.97,308.97,70.97,-101.7,437502016.52563566,1995.3,484.5,-1367.3,0
2026-04-09T15:08:04.188104+00:00,309.74,71.16,309.74,71.16,-101.7,437501942.27978337,1942.3,484.0,-1330.9,0
2026-04-09T15:08:04.528585+00:00,310.52,71.34,310.52,71.34,-102.7,437501942.27978337,1889.6,483.6,-1294.8,0
2026-04-09T15:08:04.912334+00:00,311.32,71.51,311.32,71.51,-102.7,437501857.9834906,1836.8,483.1,-1258.7,0
2026-04-09T15:08:05.272328+00:00,312.14,71.69,312.14,71.69,-99.7,437501783.13337904,1783.1,482.6,-1221.9,0
2026-04-09T15:08:05.612335+00:00,312.96,71.86,312.96,71.86,-105.7,437501783.13337904,1730.7,482.2,-1186.0,0
2026-04-09T15:08:05.993534+00:00,313.81,72.02,313.81,72.02,-101.7,437501698.2978491,1676.9,481.8,-1149.1,0
2026-04-09T15:08:06.351317+00:00,314.67,72.19,314.67,72.19,-106.7,437501623.54535973,1623.5,481.4,-1112.5,0
2026-04-09T15:08:06.692488+00:00,315.55,72.35,315.55,72.35,-103.7,437501623.54535973,1570.0,481.0,-1075.8,0
2026-04-09T15:08:07.076581+00:00,316.45,72.50,316.45,72.5,-103.7,437501537.8855646,1516.4,480.6,-1039.1,0
2026-04-09T15:08:07.425998+00:00,317.35,72.65,317.35,72.65,-100.7,437501462.80431324,1462.8,480.2,-1002.4,0
2026-04-09T15:08:07.754159+00:00,318.26,72.80,318.26,72.8,-100.7,437501462.80431324,1409.9,479.9,-966.2,0
2026-04-09T15:08:08.126203+00:00,319.18,72.94,319.18,72.94,-101.7,437501379.1219884,1357.7,479.6,-930.4,0
2026-04-09T15:08:08.459602+00:00,320.12,73.07,320.12,73.07,-101.7,437501379.1219884,1304.8,479.2,-894.1,0
2026-04-09T15:08:08.806108+00:00,321.07,73.21,321.07,73.21,-104.7,437501273.0640816,1251.8,478.9,-857.8,0
2026-04-09T15:08:09.158152+00:00,321.98,73.33,321.98,73.33,-104.7,437501273.0640816,1202.3,478.7,-823.9,0
2026-04-09T15:08:09.511469+00:00,323.02,73.46,323.02,73.46,-105.7,437501167.6370663,1146.1,478.4,-785.3,0
2026-04-09T15:08:09.838126+00:00,323.96,73.57,323.96,73.57,-107.7,437501167.6370663,1095.8,478.1,-750.9,0
2026-04-09T15:08:10.210121+00:00,324.96,73.68,324.96,73.68,-105.7,437501064.6519386,1043.0,477.8,-714.7,0
2026-04-09T15:08:10.542298+00:00,325.99,73.79,325.99,73.79,-105.7,437501064.6519386,989.6,477.6,-678.1,0
2026-04-09T15:08:10.890234+00:00,327.04,73.90,327.04,73.9,-104.7,437500957.64756095,936.0,477.4,-641.4,0
2026-04-09T15:08:11.242122+00:00,328.02,73.99,328.02,73.99,-104.7,437500957.64756095,886.0,477.2,-607.1,0
2026-04-09T15:08:11.594117+00:00,329.16,74.09,329.16,74.09,-103.7,437500851.02137977,829.3,476.9,-568.2,0
2026-04-09T15:08:11.926161+00:00,330.18,74.17,330.18,74.17,-103.7,437500851.02137977,778.6,476.8,-533.5,0
2026-04-09T15:08:12.303290+00:00,331.28,74.26,331.28,74.26,None,437500746.5396774,724.7,476.6,-496.6,0
2026-04-09T15:08:12.664416+00:00,332.41,74.34,332.41,74.34,-103.7,437500669.5980399,669.6,476.4,-458.8,0
2026-04-09T15:08:13.004286+00:00,333.56,74.41,333.56,74.41,-101.7,437500669.5980399,614.4,476.3,-421.0,0
2026-04-09T15:08:13.387180+00:00,334.72,74.48,334.72,74.48,-101.7,437500581.3732164,559.1,476.1,-383.1,0
2026-04-09T15:08:13.747204+00:00,335.89,74.55,335.89,74.55,-103.7,437500503.3260269,503.3,476.0,-344.9,0
2026-04-09T15:08:14.087081+00:00,337.07,74.60,337.07,74.6,-104.7,437500503.3260269,448.0,475.9,-307.0,0
2026-04-09T15:08:14.467438+00:00,338.25,74.65,338.25,74.65,-104.7,437500415.05684584,392.7,475.8,-269.1,0
2026-04-09T15:08:14.829441+00:00,339.45,74.70,339.45,74.7,-104.7,437500337.285933,337.3,475.7,-231.1,0
2026-04-09T15:08:15.168680+00:00,340.65,74.73,340.65,74.73,-105.7,437500337.285933,281.9,475.6,-193.1,0
2026-04-09T15:08:15.552495+00:00,341.85,74.76,341.85,74.76,-104.7,437500248.6027267,226.4,475.5,-155.2,0
2026-04-09T15:08:15.911313+00:00,343.07,74.79,343.07,74.79,-104.7,437500170.3429354,170.3,475.5,-116.7,0
2026-04-09T15:08:16.252405+00:00,344.29,74.81,344.29,74.81,-102.7,437500170.3429354,114.9,475.4,-78.7,0
2026-04-09T15:08:16.636299+00:00,345.50,74.82,345.5,74.82,-102.7,437500081.62181246,59.4,475.4,-40.7,0
2026-04-09T15:08:16.992286+00:00,346.72,74.82,346.72,74.82,-102.7,437500003.9991984,4.0,475.4,-2.7,0
2026-04-09T15:08:17.331282+00:00,347.93,74.82,347.93,74.82,-107.7,437500003.9991984,-51.6,475.4,35.4,0
2026-04-09T15:08:17.719847+00:00,349.15,74.81,349.15,74.81,-103.7,437499915.2746678,-107.2,475.4,73.4,0
2026-04-09T15:08:18.074922+00:00,350.37,74.80,350.37,74.8,-103.7,437499837.00373703,-163.0,475.5,111.7,0
2026-04-09T15:08:18.411640+00:00,351.59,74.78,351.59,74.78,-101.7,437499837.00373703,-218.6,475.5,149.8,0
2026-04-09T15:08:18.795383+00:00,352.79,74.75,352.79,74.75,-107.7,437499748.8817239,-273.6,475.6,187.5,0
2026-04-09T15:08:19.155878+00:00,354.00,74.72,354.0,74.72,-103.7,437499670.5057948,-329.5,475.7,225.8,0
2026-04-09T15:08:19.496165+00:00,355.19,74.68,355.19,74.68,-103.7,437499670.5057948,-384.9,475.7,263.7,0
2026-04-09T15:08:19.879376+00:00,356.39,74.63,356.39,74.63,-106.7,437499581.9571305,-440.4,475.8,301.8,0
2026-04-09T15:08:20.239256+00:00,357.58,74.58,357.58,74.58,-101.7,437499503.8305786,-496.2,476.0,340.0,0
2026-04-09T15:08:20.579284+00:00,358.75,74.52,358.75,74.52,-103.7,437499503.8305786,-551.4,476.1,377.9,0
2026-04-09T15:08:20.964332+00:00,359.91,74.45,359.91,74.45,-103.7,437499415.5500855,-606.7,476.2,415.7,0
2026-04-09T15:08:21.324317+00:00,1.07,74.38,1.07,74.38,-104.7,437499337.5523306,-662.4,476.4,453.9,0
2026-04-09T15:08:21.663208+00:00,2.22,74.30,2.22,74.3,-104.7,437499337.5523306,-717.6,476.6,491.7,0
2026-04-09T15:08:22.047323+00:00,3.34,74.22,3.34,74.22,-104.7,437499249.6095064,-772.6,476.7,529.4,0
2026-04-09T15:08:22.407198+00:00,4.47,74.13,4.47,74.13,-103.7,437499171.77461827,-828.2,476.9,567.5,0
2026-04-09T15:08:22.751128+00:00,5.57,74.03,5.57,74.03,-107.7,437499171.77461827,-883.2,477.2,605.2,0
2026-04-09T15:08:23.130819+00:00,6.66,73.93,6.66,73.93,-107.7,437499083.55741024,-938.0,477.4,642.8,0
2026-04-09T15:08:23.491590+00:00,7.74,73.83,7.74,73.83,-107.7,437499006.62899995,-993.4,477.6,680.7,0
2026-04-09T15:08:23.832686+00:00,8.80,73.72,8.8,73.72,-109.7,437499006.62899995,-1048.0,477.9,718.2,0
2026-04-09T15:08:24.215176+00:00,9.85,73.60,9.85,73.6,-109.7,437498919.19054157,-1102.9,478.1,755.8,0
2026-04-09T15:08:24.575608+00:00,10.88,73.48,10.88,73.48,-105.7,437498842.2691679,-1157.7,478.4,793.3,0
2026-04-09T15:08:24.915941+00:00,11.89,73.35,11.89,73.35,-106.7,437498842.2691679,-1212.1,478.7,830.6,0
2026-04-09T15:08:25.299263+00:00,12.89,73.22,12.89,73.22,-107.7,437498755.3737768,-1266.6,479.0,867.9,0
2026-04-09T15:08:25.658821+00:00,13.87,73.09,13.87,73.09,-104.7,437498678.7823229,-1321.2,479.3,905.4,0
2026-04-09T15:08:25.999511+00:00,14.84,72.95,14.84,72.95,-104.7,437498678.7823229,-1375.3,479.7,942.4,0
2026-04-09T15:08:26.383289+00:00,15.78,72.80,15.78,72.8,-107.7,437498592.49404126,-1429.3,480.0,979.4,0
2026-04-09T15:08:26.744509+00:00,16.72,72.66,16.72,72.66,-107.7,437498516.2933428,-1483.7,480.4,1016.7,0
2026-04-09T15:08:27.084450+00:00,17.63,72.50,17.63,72.5,-105.7,437498516.2933428,-1537.5,480.8,1053.6,0
2026-04-09T15:08:27.469142+00:00,18.54,72.35,18.54,72.35,-105.7,437498430.4522878,-1591.8,481.1,1090.7,0
2026-04-09T15:08:27.836463+00:00,19.41,72.19,19.41,72.19,-105.7,437498354.8286818,-1645.2,481.5,1127.3,0
2026-04-09T15:08:28.172450+00:00,20.28,72.02,20.28,72.02,-105.7,437498354.8286818,-1698.8,482.0,1164.1,0
2026-04-09T15:08:28.552374+00:00,21.13,71.86,21.13,71.86,-106.7,437498269.1161566,-1752.2,482.4,1200.6,0
2026-04-09T15:08:28.915295+00:00,21.95,71.69,21.95,71.69,-106.7,437498194.7067695,-1805.3,482.8,1237.1,0
2026-04-09T15:08:29.256353+00:00,22.77,71.51,22.77,71.51,-103.7,437498194.7067695,-1858.7,483.3,1273.7,0
2026-04-09T15:08:29.640350+00:00,23.57,71.34,23.57,71.34,-106.7,437498109.71964025,-1911.4,483.7,1309.8,0
2026-04-09T15:08:29.999337+00:00,24.36,71.15,24.36,71.15,-106.7,437498035.4267584,-1964.6,484.2,1346.2,0
2026-04-09T15:08:30.339332+00:00,25.12,70.97,25.12,70.97,-106.7,437498035.4267584,-2017.0,484.7,1382.1,0
2026-04-09T15:08:30.720081+00:00,25.86,70.79,25.86,70.79,-107.7,437497951.80954456,-2068.9,485.2,1417.7,0
2026-04-09T15:08:31.079241+00:00,26.60,70.60,26.6,70.6,-105.7,437497878.6336158,-2121.4,485.7,1453.6,0
2026-04-09T15:08:31.419475+00:00,27.32,70.41,27.32,70.41,-103.7,437497878.6336158,-2173.3,486.3,1489.2,0
2026-04-09T15:08:31.803287+00:00,28.02,70.22,28.02,70.22,-103.7,437497795.769232,-2225.2,486.8,1524.8,0
2026-04-09T15:08:32.163623+00:00,28.71,70.02,28.71,70.02,-103.7,437497722.7912195,-2277.2,487.4,1560.4,0
2026-04-09T15:08:32.504177+00:00,29.39,69.83,29.39,69.83,-104.7,437497722.7912195,-2328.6,487.9,1595.7,0
2026-04-09T15:08:32.892137+00:00,30.05,69.63,30.05,69.63,-107.7,437497640.70781213,-2379.9,488.5,1630.8,0
2026-04-09T15:08:33.244665+00:00,30.70,69.43,30.7,69.43,-104.7,437497568.7184902,-2431.3,489.1,1666.0,0
2026-04-09T15:08:33.587223+00:00,31.33,69.23,31.33,69.23,-104.7,437497568.7184902,-2481.8,489.7,1700.6,0
2026-04-09T15:08:33.967687+00:00,31.95,69.02,31.95,69.02,-107.7,437497487.5083371,-2532.9,490.3,1735.7,0
2026-04-09T15:08:34.327852+00:00,32.56,68.81,32.56,68.81,-102.7,437497416.61138463,-2583.4,491.0,1770.2,0
2026-04-09T15:08:34.667250+00:00,33.15,68.61,33.15,68.61,-105.7,437497416.61138463,-2633.7,491.6,1804.7,0
2026-04-09T15:08:35.052253+00:00,33.73,68.40,33.73,68.4,-109.7,437497336.45316267,-2683.7,492.3,1839.0,0
2026-04-09T15:08:35.412392+00:00,34.30,68.18,34.3,68.18,-107.7,437497265.8578054,-2734.1,493.0,1873.5,0
2026-04-09T15:08:35.747673+00:00,34.86,67.97,34.86,67.97,-103.7,437497265.8578054,-2783.8,493.6,1907.6,0
2026-04-09T15:08:36.131046+00:00,35.40,67.76,35.4,67.76,-103.7,437497187.1845789,-2832.9,494.3,1941.2,0
2026-04-09T15:08:36.491614+00:00,35.94,67.54,35.94,67.54,-105.7,437497117.512712,-2882.5,495.0,1975.2,0
2026-04-09T15:08:36.832389+00:00,36.46,67.33,36.46,67.33,-107.7,437497117.512712,-2931.5,495.8,2008.8,0
2026-04-09T15:08:37.206210+00:00,36.97,67.11,36.97,67.11,-103.7,437497039.2110907,-2980.0,496.5,2042.0,0
2026-04-09T15:08:37.534789+00:00,37.46,66.90,37.46,66.9,-107.7,437497039.2110907,-3027.9,497.2,2074.8,0
2026-04-09T15:08:37.886152+00:00,37.94,66.69,37.94,66.69,-107.7,437496944.4377062,-3075.3,497.9,2107.3,0
2026-04-09T15:08:38.238135+00:00,38.38,66.49,38.38,66.49,-109.7,437496944.4377062,-3119.0,498.6,2137.3,0
2026-04-09T15:08:38.590156+00:00,38.87,66.26,38.87,66.26,-103.7,437496850.3699439,-3168.6,499.4,2171.2,0
2026-04-09T15:08:38.918168+00:00,39.30,66.06,39.3,66.06,-103.7,437496850.3699439,-3212.6,500.2,2201.4,0
2026-04-09T15:08:39.290194+00:00,39.73,65.84,39.73,65.84,-107.7,437496760.2255909,-3258.6,500.9,2232.9,0
2026-04-09T15:08:39.622168+00:00,40.17,65.63,40.17,65.63,-107.7,437496760.2255909,-3304.8,501.7,2264.6,0
2026-04-09T15:08:39.975396+00:00,40.60,65.41,40.6,65.41,-107.7,437496667.76823634,-3350.8,502.5,2296.1,0
2026-04-09T15:08:40.322552+00:00,40.99,65.20,40.99,65.2,-106.7,437496667.76823634,-3394.0,503.3,2325.7,0
2026-04-09T15:08:40.674138+00:00,41.42,64.97,41.42,64.97,-106.7,437496576.6665458,-3442.4,504.2,2358.9,0
2026-04-09T15:08:41.006250+00:00,41.80,64.77,41.8,64.77,-108.7,437496576.6665458,-3484.5,504.9,2387.7,0
2026-04-09T15:08:41.374804+00:00,42.19,64.55,42.19,64.55,-103.7,437496488.5818758,-3529.6,505.8,2418.6,0
2026-04-09T15:08:41.706841+00:00,42.58,64.33,42.58,64.33,-102.7,437496488.5818758,-3574.1,506.6,2449.1,0
2026-04-09T15:08:42.059581+00:00,42.96,64.11,42.96,64.11,-105.7,437496399.2227746,-3618.7,507.5,2479.7,0
2026-04-09T15:08:42.420309+00:00,43.31,63.90,43.31,63.9,-106.7,437496399.2227746,-3661.2,508.3,2508.8,0
2026-04-09T15:08:42.784340+00:00,43.71,63.66,43.71,63.66,-103.7,437496309.1461157,-3709.2,509.3,2541.7,0
2026-04-09T15:08:43.124457+00:00,44.05,63.45,44.05,63.45,-103.7,437496309.1461157,-3751.5,510.2,2570.7,0
2026-04-09T15:08:43.503679+00:00,44.41,63.22,44.41,63.22,-101.7,437496221.1861454,-3796.6,511.1,2601.6,0
2026-04-09T15:08:43.863271+00:00,44.77,62.99,44.77,62.99,-105.7,437496158.77964,-3841.2,512.1,2632.2,0
2026-04-09T15:08:44.204516+00:00,45.12,62.77,45.12,62.77,-102.7,437496158.77964,-3885.5,513.0,2662.5,0
2026-04-09T15:08:44.588289+00:00,45.45,62.54,45.45,62.54,-101.7,437496088.1048312,-3929.5,514.0,2692.6,0
2026-04-09T15:08:44.948492+00:00,45.79,62.31,45.79,62.31,-102.7,437496026.19748104,-3973.8,515.0,2723.0,0
2026-04-09T15:08:45.288407+00:00,46.12,62.09,46.12,62.09,-102.7,437496026.19748104,-4017.2,515.9,2752.8,0
2026-04-09T15:08:45.667594+00:00,46.44,61.86,46.44,61.86,-105.7,437495956.79924095,-4060.2,516.9,2782.2,0
2026-04-09T15:08:46.032493+00:00,46.76,61.64,46.76,61.64,-106.7,437495896.48947215,-4103.5,517.9,2811.9,0
2026-04-09T15:08:46.367618+00:00,47.06,61.41,47.06,61.41,-104.7,437495896.48947215,-4146.3,519.0,2841.2,0
2026-04-09T15:08:46.751161+00:00,47.37,61.18,47.37,61.18,-104.7,437495828.3221964,-4188.9,520.0,2870.4,0
2026-04-09T15:08:47.111096+00:00,47.67,60.96,47.67,60.96,-106.7,437495768.4973314,-4231.5,521.0,2899.6,0
2026-04-09T15:08:47.452306+00:00,47.96,60.73,47.96,60.73,-103.7,437495768.4973314,-4273.5,522.1,2928.4,0
2026-04-09T15:08:47.836299+00:00,48.25,60.51,48.25,60.51,-103.7,437495701.45947874,-4315.2,523.2,2957.0,0
2026-04-09T15:08:48.192377+00:00,48.54,60.28,48.54,60.28,-104.7,437495642.8181921,-4357.2,524.2,2985.7,0
2026-04-09T15:08:48.540073+00:00,48.81,60.06,48.81,60.06,-104.7,437495642.8181921,-4398.0,525.3,3013.7,0
2026-04-09T15:08:48.915518+00:00,49.09,59.83,49.09,59.83,-104.7,437495576.6054953,-4439.4,526.4,3042.0,0
2026-04-09T15:08:49.280280+00:00,49.35,59.61,49.35,59.61,-101.7,437495519.9291198,-4480.1,527.5,3069.9,0
2026-04-09T15:08:49.615656+00:00,49.62,59.38,49.62,59.38,-107.7,437495519.9291198,-4520.6,528.6,3097.7,0
2026-04-09T15:08:49.999678+00:00,49.88,59.16,49.88,59.16,-103.7,437495455.42587787,-4560.9,529.7,3125.3,0
2026-04-09T15:08:50.359209+00:00,50.13,58.94,50.13,58.94,-102.7,437495398.872777,-4601.1,530.9,3152.9,0
2026-04-09T15:08:50.700416+00:00,50.38,58.71,50.38,58.71,-102.7,437495398.872777,-4640.8,532.0,3180.1,0
2026-04-09T15:08:51.084337+00:00,50.63,58.49,50.63,58.49,-102.7,437495335.51107186,-4680.2,533.2,3207.1,0
2026-04-09T15:08:51.444311+00:00,50.87,58.27,50.87,58.27,-101.7,437495280.1419057,-4719.9,534.3,3234.2,0
2026-04-09T15:08:51.784396+00:00,51.11,58.05,51.11,58.05,-103.7,437495280.1419057,-4758.8,535.5,3260.9,0
2026-04-09T15:08:52.163936+00:00,51.34,57.83,51.34,57.83,-103.7,437495218.02648515,-4797.4,536.7,3287.4,0
2026-04-09T15:08:52.523026+00:00,51.57,57.61,51.57,57.61,-101.7,437495164.1604849,-4835.8,537.9,3313.7,0
2026-04-09T15:08:52.860239+00:00,51.80,57.39,51.8,57.39,-99.7,437495164.1604849,-4874.0,539.1,3339.9,0
2026-04-09T15:08:53.243277+00:00,52.02,57.17,52.02,57.17,-103.7,437495103.7060645,-4911.6,540.3,3365.6,0
2026-04-09T15:08:53.607587+00:00,52.24,56.95,52.24,56.95,-102.7,437495050.4742514,-4949.5,541.5,3391.6,0
2026-04-09T15:08:53.944480+00:00,52.46,56.73,52.46,56.73,-104.7,437495050.4742514,-4986.8,542.7,3417.2,0
2026-04-09T15:08:54.324372+00:00,52.67,56.52,52.67,56.52,-104.7,437494990.7951069,-5024.1,544.0,3442.7,0
2026-04-09T15:08:54.688458+00:00,52.88,56.30,52.88,56.3,-103.7,437494939.01551104,-5061.0,545.2,3468.0,0
2026-04-09T15:08:55.027553+00:00,53.09,56.08,53.09,56.08,-103.7,437494939.01551104,-5098.0,546.5,3493.3,0
2026-04-09T15:08:55.411370+00:00,53.29,55.87,53.29,55.87,-101.7,437494880.31044936,-5134.3,547.7,3518.2,0
2026-04-09T15:08:55.771736+00:00,53.49,55.65,53.49,55.65,-101.7,437494829.1564898,-5170.8,549.0,3543.3,0
2026-04-09T15:08:56.111364+00:00,53.69,55.43,53.69,55.43,-103.7,437494829.1564898,-5206.7,550.3,3567.8,0
2026-04-09T15:08:56.491782+00:00,53.88,55.22,53.88,55.22,-103.7,437494772.0162314,-5242.3,551.6,3592.2,0
2026-04-09T15:08:56.831554+00:00,54.07,55.01,54.07,55.01,-100.7,437494772.0162314,-5277.7,552.9,3616.5,0
2026-04-09T15:08:57.171267+00:00,54.25,54.81,54.25,54.81,-100.7,437494772.0162314,-5310.8,554.1,3639.2,0
2026-04-09T15:08:57.553905+00:00,54.43,54.60,54.43,54.6,-103.7,437494668.22866106,-5345.7,555.4,3663.1,0
2026-04-09T15:08:57.896340+00:00,54.61,54.38,54.61,54.38,-103.7,437494668.22866106,-5380.5,556.8,3686.9,0
2026-04-09T15:08:58.236424+00:00,54.78,54.18,54.78,54.18,-103.7,437494668.22866106,-5413.2,558.0,3709.3,0
2026-04-09T15:08:58.618715+00:00,54.96,53.97,54.96,53.97,-102.7,437494566.3055295,-5447.4,559.4,3732.8,0
2026-04-09T15:08:58.955267+00:00,55.13,53.77,55.13,53.77,-102.7,437494566.3055295,-5481.1,560.7,3755.9,0
2026-04-09T15:08:59.296370+00:00,55.29,53.57,55.29,53.57,-102.7,437494566.3055295,-5513.0,562.0,3777.7,0
2026-04-09T15:08:59.676620+00:00,55.46,53.36,55.46,53.36,-100.7,437494466.9241344,-5546.4,563.4,3800.6,0
2026-04-09T15:09:00.016536+00:00,55.63,53.16,55.63,53.16,-99.7,437494466.9241344,-5579.6,564.7,3823.4,0
2026-04-09T15:09:00.356288+00:00,55.79,52.96,55.79,52.96,-104.7,437494466.9241344,-5610.7,566.0,3844.7,0
2026-04-09T15:09:00.735358+00:00,55.95,52.75,55.95,52.75,-104.7,437494369.6441075,-5643.6,567.4,3867.2,0
2026-04-09T15:09:01.076004+00:00,56.11,52.55,56.11,52.55,-103.7,437494369.6441075,-5675.9,568.8,3889.4,0
2026-04-09T15:09:01.416352+00:00,56.26,52.36,56.26,52.36,-103.7,437494369.6441075,-5706.4,570.1,3910.2,0
2026-04-09T15:09:01.800326+00:00,56.41,52.15,56.41,52.15,-101.7,437494274.44905984,-5738.8,571.6,3932.4,0
2026-04-09T15:09:02.140449+00:00,56.57,51.95,56.57,51.95,-101.7,437494274.44905984,-5770.5,573.0,3954.2,0
2026-04-09T15:09:02.476861+00:00,56.71,51.76,56.71,51.76,-101.7,437494274.44905984,-5800.2,574.3,3974.6,0
2026-04-09T15:09:02.860362+00:00,56.86,51.56,56.86,51.56,-101.7,437494181.2791355,-5831.6,575.8,3996.1,0
2026-04-09T15:09:03.200269+00:00,57.01,51.36,57.01,51.36,-100.7,437494181.2791355,-5862.7,577.2,4017.3,0
2026-04-09T15:09:03.539396+00:00,57.14,51.17,57.14,51.17,-101.7,437494181.2791355,-5891.8,578.6,4037.3,0
2026-04-09T15:09:03.923407+00:00,57.29,50.97,57.29,50.97,-101.7,437494089.97578776,-5922.4,580.0,4058.3,0
2026-04-09T15:09:04.263303+00:00,57.43,50.77,57.43,50.77,-101.7,437494089.97578776,-5953.1,581.5,4079.3,0
2026-04-09T15:09:04.603441+00:00,57.56,50.59,57.56,50.59,-105.7,437494089.97578776,-5981.5,582.9,4098.8,0
2026-04-09T15:09:04.988392+00:00,57.70,50.39,57.7,50.39,-105.7,437494000.5657379,-6011.5,584.4,4119.3,0
2026-04-09T15:09:05.327398+00:00,57.84,50.19,57.84,50.19,-105.7,437494000.5657379,-6041.5,585.9,4139.9,0
2026-04-09T15:09:05.663581+00:00,57.96,50.01,57.96,50.01,-98.7,437494000.5657379,-6069.0,587.3,4158.7,0
2026-04-09T15:09:06.044464+00:00,58.09,49.82,58.09,49.82,-101.7,437493913.4726087,-6098.3,588.8,4178.8,0
2026-04-09T15:09:06.383793+00:00,58.22,49.62,58.22,49.62,-101.7,437493913.4726087,-6127.4,590.3,4198.7,0
2026-04-09T15:09:06.723202+00:00,58.35,49.44,58.35,49.44,-104.7,437493913.4726087,-6154.6,591.7,4217.4,0
2026-04-09T15:09:07.104986+00:00,58.47,49.25,58.47,49.25,-102.7,437493828.3005676,-6183.2,593.3,4237.0,0
2026-04-09T15:09:07.434287+00:00,58.60,49.06,58.6,49.06,-102.7,437493828.3005676,-6211.5,594.8,4256.4,0
2026-04-09T15:09:07.766146+00:00,58.71,48.89,58.71,48.89,-100.7,437493828.3005676,-6237.2,596.2,4274.0,0
2026-04-09T15:09:08.138124+00:00,58.83,48.70,58.83,48.7,-101.7,437493746.4804548,-6264.6,597.7,4292.7,0
2026-04-09T15:09:08.467045+00:00,58.95,48.52,58.95,48.52,-100.7,437493746.4804548,-6291.7,599.2,4311.3,0
2026-04-09T15:09:08.818126+00:00,59.07,48.33,59.07,48.33,-104.7,437493692.4762161,-6318.3,600.7,4329.6,0
2026-04-09T15:09:09.171386+00:00,59.18,48.16,59.18,48.16,-100.7,437493692.4762161,-6343.6,602.1,4346.9,0
2026-04-09T15:09:09.518267+00:00,59.30,47.97,59.3,47.97,-99.7,437493639.0242189,-6371.6,603.8,4366.1,0
2026-04-09T15:09:09.850144+00:00,59.40,47.80,59.4,47.8,-99.7,437493639.0242189,-6396.1,605.2,4382.9,0
2026-04-09T15:09:10.222167+00:00,59.52,47.62,59.52,47.62,-104.7,437493588.2871126,-6422.3,606.7,4400.8,0
2026-04-09T15:09:10.550154+00:00,59.63,47.44,59.63,47.44,-103.7,437493588.2871126,-6448.2,608.3,4418.6,0
2026-04-09T15:09:10.902174+00:00,59.74,47.26,59.74,47.26,-103.7,437493536.7433773,-6473.7,609.8,4436.0,0
2026-04-09T15:09:11.254183+00:00,59.84,47.09,59.84,47.09,-104.7,437493536.7433773,-6497.8,611.3,4452.5,0
2026-04-09T15:09:11.606144+00:00,59.95,46.90,59.95,46.9,-101.7,437493485.6906026,-6524.5,613.0,4470.9,0
2026-04-09T15:09:11.934111+00:00,60.05,46.74,60.05,46.74,-101.7,437493485.6906026,-6548.3,614.5,4487.1,0
2026-04-09T15:09:12.296377+00:00,60.15,46.57,60.15,46.57,-100.7,437493485.6906026,-6571.5,615.9,4503.1,0
2026-04-09T15:09:12.632296+00:00,60.25,46.39,60.25,46.39,-100.7,437493485.6906026,-6597.2,617.6,4520.7,0
2026-04-09T15:09:12.995448+00:00,60.36,46.21,60.36,46.21,-97.7,437493388.0158121,-6622.2,619.2,4537.8,0
2026-04-09T15:09:13.355438+00:00,60.46,46.05,60.46,46.05,-97.7,437493388.0158121,-6645.9,620.8,4554.0,0
2026-04-09T15:09:13.715276+00:00,60.56,45.86,60.56,45.86,-103.7,437493337.9435334,-6672.0,622.5,4571.9,0
2026-04-09T15:09:14.055251+00:00,60.66,45.69,60.66,45.69,-101.7,437493337.9435334,-6695.2,624.0,4587.8,0
2026-04-09T15:09:14.415393+00:00,60.75,45.53,60.75,45.53,-100.7,437493337.9435334,-6718.2,625.6,4603.6,0
2026-04-09T15:09:14.755966+00:00,60.85,45.35,60.85,45.35,-100.7,437493337.9435334,-6742.4,627.3,4620.2,0
2026-04-09T15:09:15.115313+00:00,60.95,45.18,60.95,45.18,-97.7,437493243.15678823,-6766.4,628.9,4636.6,0
2026-04-09T15:09:15.480484+00:00,61.04,45.01,61.04,45.01,-97.7,437493243.15678823,-6788.9,630.5,4652.0,0
2026-04-09T15:09:15.820399+00:00,61.14,44.84,61.14,44.84,-101.7,437493243.15678823,-6812.5,632.2,4668.2,0
2026-04-09T15:09:16.160338+00:00,61.23,44.68,61.23,44.68,-101.7,437493243.15678823,-6834.9,633.8,4683.6,0
2026-04-09T15:09:16.540871+00:00,61.32,44.50,61.32,44.5,-96.7,437493151.14621496,-6858.2,635.5,4699.5,0
2026-04-09T15:09:16.880350+00:00,61.41,44.33,61.41,44.33,-99.7,437493151.14621496,-6881.2,637.2,4715.3,0
2026-04-09T15:09:17.221471+00:00,61.50,44.17,61.5,44.17,-101.7,437493151.14621496,-6902.8,638.8,4730.1,0
2026-04-09T15:09:17.599129+00:00,61.59,44.01,61.59,44.01,-100.7,437493083.46491176,-6925.5,640.5,4745.7,0
2026-04-09T15:09:17.939637+00:00,61.68,43.84,61.68,43.84,-100.7,437493083.46491176,-6948.1,642.2,4761.1,0
2026-04-09T15:09:18.279249+00:00,61.76,43.68,61.76,43.68,-100.7,437493083.46491176,-6969.2,643.8,4775.6,0
2026-04-09T15:09:18.663351+00:00,61.85,43.51,61.85,43.51,-100.7,437493017.57999706,-6991.4,645.5,4790.8,0
2026-04-09T15:09:19.004507+00:00,61.94,43.35,61.94,43.35,-101.7,437493017.57999706,-7013.4,647.3,4805.9,0
2026-04-09T15:09:19.344040+00:00,62.02,43.19,62.02,43.19,-101.7,437493017.57999706,-7034.2,648.9,4820.1,0
2026-04-09T15:09:19.723263+00:00,62.10,43.03,62.1,43.03,-101.7,437492952.81025404,-7055.7,650.7,4834.8,0
2026-04-09T15:09:20.063226+00:00,62.19,42.86,62.19,42.86,-101.7,437492952.81025404,-7077.3,652.4,4849.7,0
2026-04-09T15:09:20.404405+00:00,62.26,42.71,62.26,42.71,-97.7,437492952.81025404,-7097.3,654.0,4863.3,0
2026-04-09T15:09:20.784335+00:00,62.35,42.55,62.35,42.55,-101.7,437492889.83547425,-7118.4,655.8,4877.8,0
2026-04-09T15:09:21.119176+00:00,62.43,42.39,62.43,42.39,-101.7,437492889.83547425,-7139.3,657.6,4892.2,0
2026-04-09T15:09:21.459296+00:00,62.50,42.23,62.5,42.23,-100.7,437492889.83547425,-7159.0,659.2,4905.6,0
2026-04-09T15:09:21.844345+00:00,62.58,42.07,62.58,42.07,-101.7,437492828.6129036,-7179.7,661.0,4919.8,0
2026-04-09T15:09:22.178131+00:00,62.66,41.91,62.66,41.91,-100.7,437492828.6129036,-7200.4,662.8,4934.0,0
2026-04-09T15:09:22.511819+00:00,62.74,41.77,62.74,41.77,-101.7,437492828.6129036,-7219.1,664.4,4946.8,0
2026-04-09T15:09:22.878119+00:00,62.81,41.61,62.81,41.61,-101.7,437492769.0427823,-7238.8,666.2,4960.3,0
2026-04-09T15:09:23.210194+00:00,62.89,41.46,62.89,41.46,-100.7,437492769.0427823,-7258.2,667.9,4973.6,0
2026-04-09T15:09:23.538710+00:00,62.96,41.32,62.96,41.32,-100.7,437492769.0427823,-7276.5,669.5,4986.1,0
2026-04-09T15:09:23.890170+00:00,63.02,41.18,63.02,41.18,-101.7,437492769.0427823,-7294.4,671.2,4998.4,0
2026-04-09T15:09:24.242182+00:00,63.10,41.02,63.1,41.02,-97.7,437492693.07714283,-7314.6,673.0,5012.3,0
2026-04-09T15:09:24.573830+00:00,63.17,40.87,63.17,40.87,-99.7,437492693.07714283,-7332.5,674.7,5024.5,0
2026-04-09T15:09:24.918577+00:00,63.24,40.73,63.24,40.73,-99.7,437492693.07714283,-7350.0,676.4,5036.5,0
2026-04-09T15:09:25.250170+00:00,63.31,40.58,63.31,40.58,-100.7,437492693.07714283,-7368.6,678.1,5049.3,0
2026-04-09T15:09:25.602263+00:00,63.38,40.44,63.38,40.44,-101.7,437492620.39573747,-7387.1,679.9,5061.9,0
2026-04-09T15:09:25.955905+00:00,63.44,40.30,63.44,40.3,-101.7,437492620.39573747,-7404.4,681.6,5073.8,0
2026-04-09T15:09:26.282163+00:00,63.51,40.15,63.51,40.15,-101.7,437492620.39573747,-7422.6,683.4,5086.3,0
2026-04-09T15:09:26.615372+00:00,63.58,40.01,63.58,40.01,-103.7,437492620.39573747,-7439.6,685.0,5097.9,0
2026-04-09T15:09:26.982596+00:00,63.64,39.87,63.64,39.87,-103.7,437492549.6418334,-7457.6,686.8,5110.2,0
2026-04-09T15:09:27.323426+00:00,63.71,39.72,63.71,39.72,-104.7,437492549.6418334,-7475.5,688.6,5122.5,0
2026-04-09T15:09:27.664405+00:00,63.77,39.58,63.77,39.58,-98.7,437492549.6418334,-7492.5,690.4,5134.2,0
2026-04-09T15:09:28.023420+00:00,63.84,39.44,63.84,39.44,-98.7,437492549.6418334,-7509.5,692.1,5145.8,0
2026-04-09T15:09:28.384225+00:00,63.91,39.29,63.91,39.29,-101.7,437492478.9007556,-7528.3,694.1,5158.7,0
2026-04-09T15:09:28.724505+00:00,63.97,39.15,63.97,39.15,-101.7,437492478.9007556,-7545.0,695.8,5170.1,0
2026-04-09T15:09:29.087430+00:00,64.03,39.01,64.03,39.01,-101.7,437492478.9007556,-7561.6,697.6,5181.5,0
2026-04-09T15:09:29.428368+00:00,64.10,38.86,64.1,38.86,-101.7,437492478.9007556,-7579.1,699.5,5193.5,0
2026-04-09T15:09:29.787312+00:00,64.16,38.72,64.16,38.72,-101.7,437492410.5011821,-7596.4,701.4,5205.3,0
2026-04-09T15:09:30.147422+00:00,64.22,38.58,64.22,38.58,-100.7,437492410.5011821,-7612.6,703.1,5216.4,0
2026-04-09T15:09:30.487524+00:00,64.29,38.44,64.29,38.44,-100.7,437492410.5011821,-7629.5,705.0,5228.1,0
2026-04-09T15:09:30.827417+00:00,64.35,38.31,64.35,38.31,-100.7,437492410.5011821,-7645.5,706.8,5239.0,0
2026-04-09T15:09:31.212414+00:00,64.41,38.17,64.41,38.17,-100.7,437492344.49370533,-7662.2,708.7,5250.4,0
2026-04-09T15:09:31.548098+00:00,64.47,38.02,64.47,38.02,-101.7,437492344.49370533,-7678.8,710.6,5261.8,0
2026-04-09T15:09:31.887522+00:00,64.53,37.89,64.53,37.89,-101.7,437492344.49370533,-7694.4,712.4,5272.5,0
2026-04-09T15:09:32.248309+00:00,64.58,37.76,64.58,37.76,-101.7,437492344.49370533,-7709.8,714.2,5283.0,0
2026-04-09T15:09:32.587320+00:00,64.64,37.62,64.64,37.62,-100.7,437492344.49370533,-7726.0,716.1,5294.2,0
2026-04-09T15:09:32.947489+00:00,64.70,37.48,64.7,37.48,-100.7,437492264.4179633,-7742.1,718.0,5305.2,0
2026-04-09T15:09:33.312427+00:00,64.76,37.35,64.76,37.35,-100.7,437492264.4179633,-7757.1,719.8,5315.5,0
2026-04-09T15:09:33.652559+00:00,64.82,37.21,64.82,37.21,-100.7,437492264.4179633,-7773.1,721.7,5326.5,0
2026-04-09T15:09:33.987600+00:00,64.87,37.09,64.87,37.09,-103.7,437492264.4179633,-7787.8,723.5,5336.5,0
2026-04-09T15:09:34.367246+00:00,64.93,36.95,64.93,36.95,-101.7,437492202.8904128,-7803.4,725.4,5347.2,0
2026-04-09T15:09:34.708895+00:00,64.99,36.82,64.99,36.82,-101.7,437492202.8904128,-7818.8,727.4,5357.8,0
2026-04-09T15:09:35.048357+00:00,65.04,36.69,65.04,36.69,-101.7,437492202.8904128,-7833.3,729.2,5367.7,0
2026-04-09T15:09:35.407383+00:00,65.09,36.56,65.09,36.56,-101.7,437492202.8904128,-7847.7,731.0,5377.6,0
2026-04-09T15:09:35.747755+00:00,65.15,36.43,65.15,36.43,-101.7,437492202.8904128,-7862.8,732.9,5387.9,0
2026-04-09T15:09:36.107002+00:00,65.20,36.30,65.2,36.3,-103.7,437492128.19172245,-7877.8,734.9,5398.2,0
2026-04-09T15:09:36.473281+00:00,65.26,36.17,65.26,36.17,-103.7,437492128.19172245,-7891.8,736.7,5407.8,0
2026-04-09T15:09:36.807649+00:00,65.31,36.04,65.31,36.04,-103.7,437492128.19172245,-7906.7,738.7,5418.0,0
2026-04-09T15:09:37.142217+00:00,65.36,35.92,65.36,35.92,-101.7,437492128.19172245,-7920.4,740.5,5427.4,0
2026-04-09T15:09:37.514370+00:00,65.41,35.79,65.41,35.79,-103.7,437492071.1134576,-7934.6,742.4,5437.1,0
2026-04-09T15:09:37.842180+00:00,65.46,35.66,65.46,35.66,-101.7,437492071.1134576,-7948.7,744.3,5446.8,0
2026-04-09T15:09:38.174290+00:00,65.51,35.54,65.51,35.54,-100.7,437492071.1134576,-7961.7,746.1,5455.7,0
2026-04-09T15:09:38.522506+00:00,65.56,35.42,65.56,35.42,-103.7,437492071.1134576,-7974.8,747.9,5464.7,0
2026-04-09T15:09:38.874150+00:00,65.61,35.29,65.61,35.29,-103.7,437492016.3154161,-7989.4,750.0,5474.7,0
2026-04-09T15:09:39.206183+00:00,65.66,35.18,65.66,35.18,-99.7,437492016.3154161,-8002.2,751.8,5483.4,0
2026-04-09T15:09:39.558185+00:00,65.71,35.06,65.71,35.06,-103.7,437492016.3154161,-8014.9,753.6,5492.1,0
2026-04-09T15:09:39.886502+00:00,65.76,34.94,65.76,34.94,-103.7,437492016.3154161,-8028.4,755.5,5501.4,0
2026-04-09T15:09:40.238131+00:00,65.81,34.81,65.81,34.81,-101.7,437491963.77408314,-8041.8,757.5,5510.6,0
2026-04-09T15:09:40.590150+00:00,65.85,34.70,65.85,34.7,-101.7,437491963.77408314,-8054.1,759.3,5519.0,0
2026-04-09T15:09:40.918187+00:00,65.90,34.58,65.9,34.58,-101.7,437491963.77408314,-8067.3,761.2,5528.0,0
2026-04-09T15:09:41.250155+00:00,65.94,34.46,65.94,34.46,-101.7,437491963.77408314,-8079.5,763.0,5536.4,0
2026-04-09T15:09:41.622241+00:00,65.99,34.34,65.99,34.34,-101.7,437491912.80539167,-8092.4,765.0,5545.3,0
2026-04-09T15:09:41.954156+00:00,66.04,34.22,66.04,34.22,-101.7,437491912.80539167,-8105.3,766.9,5554.1,0
2026-04-09T15:09:42.296327+00:00,66.08,34.11,66.08,34.11,-107.7,437491912.80539167,-8117.4,768.8,5562.3,0
2026-04-09T15:09:42.655363+00:00,66.13,33.99,66.13,33.99,-101.7,437491912.80539167,-8129.6,770.7,5570.7,0
2026-04-09T15:09:43.016671+00:00,66.18,33.86,66.18,33.86,-101.7,437491861.8545144,-8143.3,772.8,5580.1,0
2026-04-09T15:09:43.356421+00:00,66.22,33.75,66.22,33.75,-103.7,437491861.8545144,-8155.4,774.7,5588.4,0
2026-04-09T15:09:43.716521+00:00,66.27,33.64,66.27,33.64,-101.7,437491861.8545144,-8167.4,776.6,5596.6,0
2026-04-09T15:09:44.060518+00:00,66.31,33.52,66.31,33.52,-101.7,437491861.8545144,-8179.9,778.6,5605.2,0
2026-04-09T15:09:44.395265+00:00,66.36,33.40,66.36,33.4,-101.7,437491861.8545144,-8191.8,780.6,5613.4,0
2026-04-09T15:09:44.755970+00:00,66.40,33.29,66.4,33.29,-101.7,437491861.8545144,-8203.4,782.5,5621.3,0
2026-04-09T15:09:45.114993+00:00,66.45,33.17,66.45,33.17,-100.7,437491788.5652871,-8216.4,784.6,5630.2,0
2026-04-09T15:09:45.456326+00:00,66.49,33.05,66.49,33.05,-101.7,437491788.5652871,-8227.9,786.5,5638.1,0
2026-04-09T15:09:45.815217+00:00,66.53,32.94,66.53,32.94,-101.7,437491788.5652871,-8239.3,788.4,5645.9,0
2026-04-09T15:09:46.155126+00:00,66.57,32.83,66.57,32.83,-101.7,437491788.5652871,-8251.3,790.5,5654.1,0
2026-04-09T15:09:46.496447+00:00,66.62,32.72,66.62,32.72,-101.7,437491788.5652871,-8262.6,792.4,5661.8,0
2026-04-09T15:09:46.855422+00:00,66.66,32.61,66.66,32.61,-101.7,437491788.5652871,-8273.6,794.3,5669.4,0
2026-04-09T15:09:47.216010+00:00,66.70,32.49,66.7,32.49,-101.7,437491718.5973475,-8286.1,796.5,5678.0,0
2026-04-09T15:09:47.556098+00:00,66.74,32.38,66.74,32.38,-104.7,437491718.5973475,-8297.1,798.4,5685.5,0
2026-04-09T15:09:47.919192+00:00,66.78,32.27,66.78,32.27,-104.7,437491718.5973475,-8308.0,800.3,5693.0,0
2026-04-09T15:09:48.259180+00:00,66.83,32.15,66.83,32.15,-101.7,437491718.5973475,-8319.6,802.4,5701.0,0
2026-04-09T15:09:48.601401+00:00,66.86,32.05,66.86,32.05,-101.7,437491718.5973475,-8330.4,804.3,5708.3,0
2026-04-09T15:09:48.960380+00:00,66.90,31.94,66.9,31.94,-103.7,437491718.5973475,-8341.1,806.3,5715.7,0
2026-04-09T15:09:49.319092+00:00,66.95,31.82,66.95,31.82,-100.7,437491651.57303363,-8352.9,808.5,5723.7,0
2026-04-09T15:09:49.659922+00:00,66.99,31.72,66.99,31.72,-100.7,437491651.57303363,-8363.4,810.4,5730.9,0
2026-04-09T15:09:50.024376+00:00,67.02,31.61,67.02,31.61,-106.7,437491651.57303363,-8373.9,812.4,5738.1,0
2026-04-09T15:09:50.363201+00:00,67.07,31.50,67.07,31.5,-106.7,437491651.57303363,-8385.0,814.5,5745.7,0
2026-04-09T15:09:50.703250+00:00,67.10,31.40,67.1,31.4,-102.7,437491651.57303363,-8395.2,816.4,5752.7,0
2026-04-09T15:09:51.068359+00:00,67.14,31.29,67.14,31.29,-102.7,437491651.57303363,-8405.4,818.4,5759.7,0
2026-04-09T15:09:51.427660+00:00,67.18,31.17,67.18,31.17,-106.7,437491587.4332023,-8416.9,820.6,5767.6,0
2026-04-09T15:09:51.768285+00:00,67.22,31.07,67.22,31.07,-106.7,437491587.4332023,-8426.9,822.5,5774.4,0
2026-04-09T15:09:52.123211+00:00,67.26,30.97,67.26,30.97,-103.7,437491587.4332023,-8436.7,824.5,5781.2,0
2026-04-09T15:09:52.454219+00:00,67.30,30.86,67.3,30.86,-104.7,437491587.4332023,-8447.1,826.5,5788.3,0
2026-04-09T15:09:52.782142+00:00,67.33,30.77,67.33,30.77,-105.7,437491587.4332023,-8456.7,828.5,5794.9,0
2026-04-09T15:09:53.134200+00:00,67.37,30.67,67.37,30.67,-102.7,437491587.4332023,-8466.1,830.4,5801.3,0
2026-04-09T15:09:53.487318+00:00,67.40,30.56,67.4,30.56,-103.7,437491527.3350668,-8476.7,832.5,5808.6,0
2026-04-09T15:09:53.814288+00:00,67.44,30.46,67.44,30.46,-103.7,437491527.3350668,-8486.1,834.4,5815.0,0
2026-04-09T15:09:54.166185+00:00,67.47,30.36,67.47,30.36,-106.7,437491527.3350668,-8495.3,836.4,5821.3,0
2026-04-09T15:09:54.498376+00:00,67.51,30.26,67.51,30.26,-106.7,437491527.3350668,-8505.1,838.4,5828.0,0
2026-04-09T15:09:54.826253+00:00,67.54,30.16,67.54,30.16,-102.7,437491527.3350668,-8514.3,840.3,5834.3,0
2026-04-09T15:09:55.178114+00:00,67.58,30.07,67.58,30.07,-102.7,437491527.3350668,-8523.3,842.3,5840.5,0
2026-04-09T15:09:55.530194+00:00,67.62,29.96,67.62,29.96,-102.7,437491470.4142799,-8533.5,844.4,5847.5,0
2026-04-09T15:09:55.862202+00:00,67.65,29.87,67.65,29.87,-103.7,437491470.4142799,-8542.5,846.4,5853.6,0
2026-04-09T15:09:56.215287+00:00,67.68,29.77,67.68,29.77,-105.7,437491470.4142799,-8551.4,848.3,5859.7,0
2026-04-09T15:09:56.542120+00:00,67.72,29.67,67.72,29.67,-103.7,437491470.4142799,-8560.7,850.4,5866.1,0
2026-04-09T15:09:56.875287+00:00,67.75,29.58,67.75,29.58,-105.7,437491470.4142799,-8569.5,852.3,5872.1,0
2026-04-09T15:09:57.232293+00:00,67.78,29.48,67.78,29.48,-105.7,437491470.4142799,-8578.2,854.3,5878.1,0
2026-04-09T15:09:57.592668+00:00,67.82,29.38,67.82,29.38,-103.7,437491415.63120234,-8588.1,856.5,5884.9,0
2026-04-09T15:09:57.932432+00:00,67.85,29.28,67.85,29.28,-103.7,437491415.63120234,-8596.9,858.5,5891.0,0
2026-04-09T15:09:58.292312+00:00,67.89,29.19,67.89,29.19,-101.7,437491415.63120234,-8605.7,860.5,5897.0,0
2026-04-09T15:09:58.632446+00:00,67.92,29.09,67.92,29.09,-106.7,437491415.63120234,-8614.9,862.6,5903.3,0
2026-04-09T15:09:58.973301+00:00,67.95,28.99,67.95,28.99,-106.7,437491415.63120234,-8623.5,864.6,5909.2,0
2026-04-09T15:09:59.332350+00:00,67.98,28.90,67.98,28.9,-103.7,437491415.63120234,-8632.0,866.6,5915.0,0
2026-04-09T15:09:59.691310+00:00,68.02,28.79,68.02,28.79,-103.7,437491362.01958954,-8641.6,868.9,5921.6,0
2026-04-09T15:10:00.031495+00:00,68.05,28.70,68.05,28.7,-103.7,437491362.01958954,-8650.0,870.9,5927.3,0
2026-04-09T15:10:00.388066+00:00,68.08,28.61,68.08,28.61,-103.7,437491362.01958954,-8658.4,872.9,5933.1,0
2026-04-09T15:10:00.733773+00:00,68.12,28.51,68.12,28.51,-103.7,437491362.01958954,-8667.1,875.0,5939.0,0
2026-04-09T15:10:01.067580+00:00,68.15,28.42,68.15,28.42,-106.7,437491362.01958954,-8675.4,877.1,5944.8,0
2026-04-09T15:10:01.427566+00:00,68.18,28.33,68.18,28.33,-106.7,437491362.01958954,-8683.5,879.1,5950.3,0
2026-04-09T15:10:01.792310+00:00,68.21,28.22,68.21,28.22,-106.7,437491310.8228758,-8692.7,881.3,5956.6,0
2026-04-09T15:10:02.132057+00:00,68.24,28.13,68.24,28.13,-105.7,437491310.8228758,-8700.8,883.4,5962.1,0
2026-04-09T15:10:02.492499+00:00,68.27,28.04,68.27,28.04,-105.7,437491310.8228758,-8708.7,885.4,5967.6,0
2026-04-09T15:10:02.832276+00:00,68.31,27.95,68.31,27.95,-101.7,437491310.8228758,-8717.3,887.6,5973.4,0
2026-04-09T15:10:03.167546+00:00,68.34,27.86,68.34,27.86,-105.7,437491310.8228758,-8725.2,889.6,5978.8,0
2026-04-09T15:10:03.532427+00:00,68.36,27.77,68.36,27.77,-105.7,437491310.8228758,-8732.9,891.6,5984.1,0
2026-04-09T15:10:03.872297+00:00,68.40,27.67,68.4,27.67,-104.7,437491310.8228758,-8741.3,893.8,5989.9,0
2026-04-09T15:10:04.208421+00:00,68.43,27.59,68.43,27.59,-101.7,437491310.8228758,-8749.0,895.8,5995.2,0
2026-04-09T15:10:04.591666+00:00,68.46,27.49,68.46,27.49,-101.7,437491246.2134609,-8757.2,898.0,6000.8,0
2026-04-09T15:10:04.931375+00:00,68.49,27.40,68.49,27.4,-105.7,437491246.2134609,-8765.2,900.1,6006.3,0
2026-04-09T15:10:05.271365+00:00,68.52,27.31,68.52,27.31,-104.7,437491246.2134609,-8772.8,902.2,6011.5,0
2026-04-09T15:10:05.636567+00:00,68.55,27.23,68.55,27.23,-104.7,437491246.2134609,-8780.3,904.2,6016.6,0
2026-04-09T15:10:05.971852+00:00,68.58,27.13,68.58,27.13,-109.7,437491246.2134609,-8788.2,906.4,6022.0,0
2026-04-09T15:10:06.311229+00:00,68.60,27.05,68.6,27.05,-109.7,437491246.2134609,-8795.6,908.4,6027.1,0
2026-04-09T15:10:06.672149+00:00,68.63,26.96,68.63,26.96,-102.7,437491246.2134609,-8803.0,910.5,6032.1,0
2026-04-09T15:10:07.036375+00:00,68.66,26.86,68.66,26.86,-106.7,437491191.9740742,-8811.1,912.8,6037.7,0
2026-04-09T15:10:07.366127+00:00,68.69,26.78,68.69,26.78,-106.7,437491191.9740742,-8818.4,914.8,6042.7,0
2026-04-09T15:10:07.718126+00:00,68.72,26.70,68.72,26.7,-103.7,437491191.9740742,-8825.4,916.9,6047.5,0
2026-04-09T15:10:08.046237+00:00,68.75,26.61,68.75,26.61,-104.7,437491191.9740742,-8832.8,919.0,6052.6,0
2026-04-09T15:10:08.378139+00:00,68.77,26.53,68.77,26.53,-106.7,437491191.9740742,-8839.7,921.0,6057.3,0
2026-04-09T15:10:08.731323+00:00,68.80,26.45,68.8,26.45,-106.7,437491191.9740742,-8846.6,923.0,6062.0,0
2026-04-09T15:10:09.058279+00:00,68.83,26.36,68.83,26.36,-106.7,437491191.9740742,-8853.8,925.1,6067.0,0
2026-04-09T15:10:09.387312+00:00,68.85,26.28,68.85,26.28,-105.7,437491191.9740742,-8860.5,927.1,6071.6,0
2026-04-09T15:10:09.758182+00:00,68.88,26.19,68.88,26.19,-107.7,437491135.2570823,-8867.7,929.2,6076.5,0
2026-04-09T15:10:10.090171+00:00,68.91,26.11,68.91,26.11,-107.7,437491135.2570823,-8874.7,931.4,6081.3,0
2026-04-09T15:10:10.418136+00:00,68.94,26.03,68.94,26.03,-102.7,437491135.2570823,-8881.3,933.4,6085.9,0
2026-04-09T15:10:10.770140+00:00,68.96,25.95,68.96,25.95,-103.7,437491135.2570823,-8887.9,935.4,6090.3,0
2026-04-09T15:10:11.102788+00:00,68.99,25.86,68.99,25.86,-103.7,437491135.2570823,-8894.9,937.5,6095.1,0
2026-04-09T15:10:11.430153+00:00,69.01,25.78,69.01,25.78,-104.7,437491135.2570823,-8901.4,939.5,6099.6,0
2026-04-09T15:10:11.782172+00:00,69.04,25.70,69.04,25.7,-101.7,437491135.2570823,-8907.8,941.5,6104.0,0
2026-04-09T15:10:12.115583+00:00,69.06,25.62,69.06,25.62,-104.7,437491135.2570823,-8914.6,943.7,6108.6,0
2026-04-09T15:10:12.475595+00:00,69.09,25.54,69.09,25.54,-108.7,437491081.3119868,-8921.5,945.9,6113.3,0
2026-04-09T15:10:12.835361+00:00,69.12,25.46,69.12,25.46,-103.7,437491081.3119868,-8927.9,947.9,6117.8,0
2026-04-09T15:10:13.176306+00:00,69.14,25.37,69.14,25.37,-106.7,437491081.3119868,-8934.8,950.2,6122.5,0
2026-04-09T15:10:13.516545+00:00,69.17,25.29,69.17,25.29,-106.7,437491081.3119868,-8941.2,952.2,6126.9,0
2026-04-09T15:10:13.875398+00:00,69.19,25.21,69.19,25.21,-103.7,437491081.3119868,-8947.6,954.3,6131.2,0
2026-04-09T15:10:14.216334+00:00,69.22,25.13,69.22,25.13,-105.7,437491081.3119868,-8954.3,956.5,6135.8,0
2026-04-09T15:10:14.555306+00:00,69.25,25.05,69.25,25.05,-105.7,437491081.3119868,-8960.5,958.6,6140.1,0
2026-04-09T15:10:14.915620+00:00,69.27,24.97,69.27,24.97,-107.7,437491081.3119868,-8966.8,960.7,6144.4,0
2026-04-09T15:10:15.276504+00:00,69.30,24.88,69.3,24.88,-105.7,437491028.9281317,-8973.7,963.0,6149.1,0
2026-04-09T15:10:15.615241+00:00,69.32,24.81,69.32,24.81,-105.7,437491028.9281317,-8979.9,965.1,6153.4,0
2026-04-09T15:10:15.975353+00:00,69.35,24.73,69.35,24.73,-108.7,437491028.9281317,-8986.0,967.2,6157.5,0
2026-04-09T15:10:16.315390+00:00,69.37,24.65,69.37,24.65,-107.7,437491028.9281317,-8992.4,969.4,6161.9,0
2026-04-09T15:10:16.655351+00:00,69.40,24.57,69.4,24.57,-107.7,437491028.9281317,-8998.4,971.5,6166.1,0
2026-04-09T15:10:17.020777+00:00,69.42,24.49,69.42,24.49,-107.7,437491028.9281317,-9004.4,973.6,6170.2,0
2026-04-09T15:10:17.360376+00:00,69.44,24.41,69.44,24.41,-107.7,437491028.9281317,-9010.7,975.9,6174.5,0
2026-04-09T15:10:17.695886+00:00,69.47,24.34,69.47,24.34,-105.7,437491028.9281317,-9016.6,978.0,6178.5,0
2026-04-09T15:10:18.061024+00:00,69.49,24.26,69.49,24.26,-105.7,437491028.9281317,-9022.5,980.1,6182.5,0
2026-04-09T15:10:18.400283+00:00,69.52,24.18,69.52,24.18,-108.7,437491028.9281317,-9028.6,982.3,6186.8,0
2026-04-09T15:10:18.759275+00:00,69.54,24.10,69.54,24.1,-108.7,437490967.6428549,-9034.8,984.5,6191.0,0
2026-04-09T15:10:19.118824+00:00,69.56,24.02,69.56,24.02,-105.7,437490967.6428549,-9040.6,986.6,6194.9,0
2026-04-09T15:10:19.459237+00:00,69.59,23.94,69.59,23.94,-105.7,437490967.6428549,-9046.6,988.9,6199.1,0
2026-04-09T15:10:19.800412+00:00,69.61,23.87,69.61,23.87,-106.7,437490967.6428549,-9052.3,991.0,6203.0,0
2026-04-09T15:10:20.158793+00:00,69.63,23.80,69.63,23.8,-109.7,437490967.6428549,-9057.9,993.1,6206.8,0
2026-04-09T15:10:20.500923+00:00,69.66,23.72,69.66,23.72,-104.7,437490967.6428549,-9063.8,995.3,6210.9,0
2026-04-09T15:10:20.836151+00:00,69.68,23.65,69.68,23.65,-109.7,437490967.6428549,-9069.3,997.4,6214.6,0
2026-04-09T15:10:21.199216+00:00,69.70,23.57,69.7,23.57,-109.7,437490967.6428549,-9074.8,999.5,6218.4,0
2026-04-09T15:10:21.539275+00:00,69.73,23.49,69.73,23.49,-104.7,437490967.6428549,-9080.7,1001.8,6222.4,0
2026-04-09T15:10:21.880427+00:00,69.75,23.42,69.75,23.42,-107.7,437490967.6428549,-9086.1,1003.9,6226.2,0
2026-04-09T15:10:22.254133+00:00,69.77,23.34,69.77,23.34,-107.7,437490910.4569921,-9091.8,1006.1,6230.1,0
2026-04-09T15:10:22.586135+00:00,69.80,23.27,69.8,23.27,-105.7,437490910.4569921,-9097.4,1008.3,6233.9,0
2026-04-09T15:10:22.914213+00:00,69.82,23.20,69.82,23.2,-107.7,437490910.4569921,-9102.6,1010.4,6237.5,0
2026-04-09T15:10:23.266110+00:00,69.84,23.13,69.84,23.13,-112.7,437490910.4569921,-9107.7,1012.5,6241.0,0
2026-04-09T15:10:23.594214+00:00,69.86,23.06,69.86,23.06,-109.7,437490910.4569921,-9113.2,1014.7,6244.7,0
2026-04-09T15:10:23.926173+00:00,69.88,22.99,69.88,22.99,-109.7,437490910.4569921,-9118.2,1016.7,6248.2,0
2026-04-09T15:10:24.279279+00:00,69.90,22.92,69.9,22.92,-109.7,437490910.4569921,-9123.3,1018.8,6251.6,0
2026-04-09T15:10:24.606152+00:00,69.92,22.84,69.92,22.84,-109.7,437490910.4569921,-9128.6,1021.0,6255.3,0
2026-04-09T15:10:24.938207+00:00,69.94,22.78,69.94,22.78,-109.7,437490910.4569921,-9133.6,1023.0,6258.7,0
2026-04-09T15:10:25.290219+00:00,69.96,22.71,69.96,22.71,-107.7,437490910.4569921,-9138.5,1025.1,6262.1,0
2026-04-09T15:10:25.647133+00:00,69.99,22.63,69.99,22.63,-107.7,437490858.0275326,-9144.1,1027.4,6265.9,0
2026-04-09T15:10:25.970331+00:00,70.01,22.56,70.01,22.56,-108.7,437490858.0275326,-9149.0,1029.5,6269.2,0
2026-04-09T15:10:26.322150+00:00,70.03,22.50,70.03,22.5,-108.7,437490858.0275326,-9153.8,1031.6,6272.6,0
2026-04-09T15:10:26.654878+00:00,70.05,22.42,70.05,22.42,-104.7,437490858.0275326,-9159.0,1033.8,6276.1,0
2026-04-09T15:10:26.982566+00:00,70.07,22.36,70.07,22.36,-107.7,437490858.0275326,-9163.8,1035.9,6279.4,0
2026-04-09T15:10:27.348265+00:00,70.09,22.29,70.09,22.29,-107.7,437490858.0275326,-9168.6,1038.0,6282.7,0
2026-04-09T15:10:27.683097+00:00,70.11,22.22,70.11,22.22,-107.7,437490858.0275326,-9173.7,1040.2,6286.2,0
2026-04-09T15:10:28.024411+00:00,70.13,22.15,70.13,22.15,-107.7,437490858.0275326,-9178.6,1042.4,6289.5,0
2026-04-09T15:10:28.388247+00:00,70.15,22.08,70.15,22.08,-107.7,437490858.0275326,-9183.4,1044.5,6292.8,0
2026-04-09T15:10:28.724333+00:00,70.17,22.01,70.17,22.01,-107.7,437490858.0275326,-9188.5,1046.8,6296.3,0
2026-04-09T15:10:29.068562+00:00,70.19,21.94,70.19,21.94,-107.7,437490858.0275326,-9193.2,1048.9,6299.5,0
2026-04-09T15:10:29.427209+00:00,70.21,21.87,70.21,21.87,-107.7,437490858.0275326,-9198.0,1051.1,6302.8,0
2026-04-09T15:10:29.788375+00:00,70.23,21.80,70.23,21.8,-109.7,437490798.8079956,-9203.2,1053.5,6306.4,0
2026-04-09T15:10:30.127328+00:00,70.25,21.73,70.25,21.73,-105.7,437490798.8079956,-9207.8,1055.6,6309.6,0
2026-04-09T15:10:30.487370+00:00,70.27,21.66,70.27,21.66,-107.7,437490798.8079956,-9212.5,1057.8,6312.7,0
2026-04-09T15:10:30.827291+00:00,70.29,21.59,70.29,21.59,-107.7,437490798.8079956,-9217.3,1060.0,6316.1,0
2026-04-09T15:10:31.167339+00:00,70.31,21.53,70.31,21.53,-108.7,437490798.8079956,-9221.9,1062.2,6319.2,0
2026-04-09T15:10:31.532482+00:00,70.33,21.46,70.33,21.46,-107.7,437490798.8079956,-9226.4,1064.3,6322.3,0
2026-04-09T15:10:31.867288+00:00,70.35,21.39,70.35,21.39,-107.7,437490798.8079956,-9231.2,1066.6,6325.6,0
2026-04-09T15:10:32.207532+00:00,70.37,21.33,70.37,21.33,-107.7,437490798.8079956,-9235.7,1068.8,6328.6,0
2026-04-09T15:10:32.572631+00:00,70.39,21.26,70.39,21.26,-106.7,437490798.8079956,-9240.1,1070.9,6331.7,0
2026-04-09T15:10:32.912339+00:00,70.41,21.19,70.41,21.19,-105.7,437490798.8079956,-9244.8,1073.2,6334.9,0
2026-04-09T15:10:33.252344+00:00,70.43,21.13,70.43,21.13,-109.7,437490798.8079956,-9249.2,1075.4,6337.9,0
2026-04-09T15:10:33.611507+00:00,70.45,21.06,70.45,21.06,-109.7,437490798.8079956,-9253.6,1077.5,6340.9,0
2026-04-09T15:10:33.972448+00:00,70.47,20.99,70.47,20.99,-111.7,437490743.4206589,-9258.4,1079.9,6344.2,0
2026-04-09T15:10:34.311523+00:00,70.49,20.93,70.49,20.93,-109.7,437490743.4206589,-9262.7,1082.1,6347.2,0
2026-04-09T15:10:34.676494+00:00,70.51,20.86,70.51,20.86,-109.7,437490743.4206589,-9267.0,1084.3,6350.1,0
2026-04-09T15:10:35.011315+00:00,70.53,20.79,70.53,20.79,-107.7,437490743.4206589,-9271.5,1086.5,6353.2,0
2026-04-09T15:10:35.351808+00:00,70.55,20.73,70.55,20.73,-105.7,437490743.4206589,-9275.7,1088.7,6356.1,0
2026-04-09T15:10:35.711313+00:00,70.56,20.67,70.56,20.67,-107.7,437490743.4206589,-9279.9,1090.9,6359.0,0
2026-04-09T15:10:36.051459+00:00,70.58,20.60,70.58,20.6,-107.7,437490743.4206589,-9284.3,1093.1,6362.0,0
2026-04-09T15:10:36.387331+00:00,70.60,20.54,70.6,20.54,-105.7,437490743.4206589,-9288.5,1095.3,6364.8,0
2026-04-09T15:10:36.747268+00:00,70.62,20.48,70.62,20.48,-107.7,437490743.4206589,-9292.5,1097.5,6367.6,0
2026-04-09T15:10:37.086537+00:00,70.64,20.41,70.64,20.41,-107.7,437490743.4206589,-9296.9,1099.7,6370.6,0
2026-04-09T15:10:37.419258+00:00,70.66,20.35,70.66,20.35,-107.7,437490743.4206589,-9300.9,1101.9,6373.3,0
2026-04-09T15:10:37.766702+00:00,70.67,20.29,70.67,20.29,-107.7,437490743.4206589,-9304.8,1104.0,6376.0,0
2026-04-09T15:10:38.118251+00:00,70.69,20.22,70.69,20.22,-109.7,437490692.4975719,-9309.2,1106.4,6379.1,0
2026-04-09T15:10:38.446812+00:00,70.71,20.16,70.71,20.16,-109.7,437490692.4975719,-9313.1,1108.5,6381.7,0
2026-04-09T15:10:38.798125+00:00,70.73,20.10,70.73,20.1,-109.7,437490692.4975719,-9316.9,1110.6,6384.3,0
2026-04-09T15:10:39.130304+00:00,70.74,20.04,70.74,20.04,-106.7,437490692.4975719,-9321.0,1112.8,6387.1,0
2026-04-09T15:10:39.463630+00:00,70.76,19.98,70.76,19.98,-106.7,437490692.4975719,-9324.8,1114.9,6389.7,0
2026-04-09T15:10:39.810130+00:00,70.78,19.92,70.78,19.92,-108.7,437490692.4975719,-9328.6,1117.0,6392.3,0
2026-04-09T15:10:40.138195+00:00,70.80,19.86,70.8,19.86,-107.7,437490692.4975719,-9332.6,1119.3,6395.0,0
2026-04-09T15:10:40.470379+00:00,70.81,19.80,70.81,19.8,-107.7,437490692.4975719,-9336.3,1121.4,6397.6,0
2026-04-09T15:10:40.823325+00:00,70.83,19.74,70.83,19.74,-107.7,437490692.4975719,-9340.0,1123.5,6400.1,0
2026-04-09T15:10:41.150285+00:00,70.85,19.68,70.85,19.68,-107.7,437490692.4975719,-9343.9,1125.8,6402.8,0
2026-04-09T15:10:41.482186+00:00,70.86,19.62,70.86,19.62,-107.7,437490692.4975719,-9347.6,1127.9,6405.3,0
2026-04-09T15:10:41.830128+00:00,70.88,19.56,70.88,19.56,-107.7,437490692.4975719,-9351.2,1130.0,6407.8,0
2026-04-09T15:10:42.167321+00:00,70.90,19.50,70.9,19.5,-108.7,437490692.4975719,-9355.0,1132.2,6410.5,0
2026-04-09T15:10:42.507589+00:00,70.91,19.44,70.91,19.44,-108.7,437490692.4975719,-9358.8,1134.4,6413.0,0
2026-04-09T15:10:42.891417+00:00,70.93,19.38,70.93,19.38,-105.7,437490638.91588706,-9362.7,1136.7,6415.7,0
2026-04-09T15:10:43.232323+00:00,70.95,19.31,70.95,19.31,-105.7,437490638.91588706,-9366.6,1139.0,6418.3,0
2026-04-09T15:10:43.571262+00:00,70.97,19.26,70.97,19.26,-105.7,437490638.91588706,-9370.2,1141.2,6420.8,0
2026-04-09T15:10:43.932458+00:00,70.98,19.20,70.98,19.2,-107.7,437490638.91588706,-9373.8,1143.4,6423.3,0
2026-04-09T15:10:44.268420+00:00,71.00,19.14,71.0,19.14,-107.7,437490638.91588706,-9377.6,1145.7,6425.9,0
2026-04-09T15:10:44.608124+00:00,71.02,19.08,71.02,19.08,-106.7,437490638.91588706,-9381.2,1147.9,6428.3,0
2026-04-09T15:10:44.967334+00:00,71.03,19.02,71.03,19.02,-108.7,437490638.91588706,-9384.7,1150.1,6430.8,0
2026-04-09T15:10:45.307891+00:00,71.05,18.96,71.05,18.96,-109.7,437490638.91588706,-9388.4,1152.4,6433.3,0
2026-04-09T15:10:45.648609+00:00,71.06,18.90,71.06,18.9,-109.7,437490638.91588706,-9391.9,1154.6,6435.7,0
2026-04-09T15:10:46.007310+00:00,71.08,18.84,71.08,18.84,-107.7,437490638.91588706,-9395.4,1156.8,6438.1,0
2026-04-09T15:10:46.348413+00:00,71.10,18.78,71.1,18.78,-107.7,437490638.91588706,-9399.1,1159.1,6440.6,0
2026-04-09T15:10:46.688665+00:00,71.11,18.73,71.11,18.73,-109.7,437490638.91588706,-9402.5,1161.3,6443.0,0
2026-04-09T15:10:47.047040+00:00,71.13,18.67,71.13,18.67,-109.7,437490638.91588706,-9405.9,1163.5,6445.3,0
2026-04-09T15:10:47.387329+00:00,71.15,18.61,71.15,18.61,-107.7,437490638.91588706,-9409.5,1165.8,6447.8,0
2026-04-09T15:10:47.728362+00:00,71.16,18.55,71.16,18.55,-108.7,437490638.91588706,-9412.9,1168.0,6450.1,0
2026-04-09T15:10:48.107323+00:00,71.18,18.49,71.18,18.49,-106.7,437490584.9558276,-9416.4,1170.3,6452.5,0
2026-04-09T15:10:48.448460+00:00,71.19,18.43,71.19,18.43,-108.7,437490584.9558276,-9420.0,1172.6,6455.0,0
2026-04-09T15:10:48.784795+00:00,71.21,18.38,71.21,18.38,-106.7,437490584.9558276,-9423.3,1174.8,6457.2,0
2026-04-09T15:10:49.147287+00:00,71.23,18.32,71.23,18.32,-106.7,437490584.9558276,-9426.6,1177.0,6459.5,0
2026-04-09T15:10:49.488492+00:00,71.24,18.26,71.24,18.26,-110.7,437490584.9558276,-9430.1,1179.3,6461.9,0
2026-04-09T15:10:49.828262+00:00,71.26,18.21,71.26,18.21,-110.7,437490584.9558276,-9433.3,1181.5,6464.1,0
2026-04-09T15:10:50.187263+00:00,71.27,18.15,71.27,18.15,-107.7,437490584.9558276,-9436.6,1183.7,6466.3,0
2026-04-09T15:10:50.528012+00:00,71.29,18.09,71.29,18.09,-107.7,437490584.9558276,-9440.0,1186.1,6468.6,0
2026-04-09T15:10:50.867372+00:00,71.30,18.04,71.3,18.04,-107.7,437490584.9558276,-9443.2,1188.3,6470.8,0
2026-04-09T15:10:51.227235+00:00,71.32,17.98,71.32,17.98,-107.7,437490584.9558276,-9446.3,1190.5,6473.0,0
2026-04-09T15:10:51.567058+00:00,71.33,17.92,71.33,17.92,-105.7,437490584.9558276,-9449.7,1192.8,6475.3,0
2026-04-09T15:10:51.907192+00:00,71.35,17.87,71.35,17.87,-105.7,437490584.9558276,-9452.8,1195.0,6477.4,0
2026-04-09T15:10:52.262098+00:00,71.36,17.82,71.36,17.82,-108.7,437490584.9558276,-9455.9,1197.2,6479.6,0
2026-04-09T15:10:52.595856+00:00,71.38,17.76,71.38,17.76,-105.7,437490584.9558276,-9459.1,1199.5,6481.8,0
2026-04-09T15:10:52.922149+00:00,71.39,17.71,71.39,17.71,-105.7,437490584.9558276,-9462.1,1201.6,6483.8,0
2026-04-09T15:10:53.270538+00:00,71.41,17.65,71.41,17.65,-107.7,437490584.9558276,-9465.1,1203.7,6485.9,0
2026-04-09T15:10:53.602168+00:00,71.42,17.60,71.42,17.6,-107.7,437490584.9558276,-9468.2,1206.0,6488.0,0
2026-04-09T15:10:53.954127+00:00,71.44,17.54,71.44,17.54,-107.7,437490529.91052437,-9471.4,1208.3,6490.2,0
2026-04-09T15:10:54.302386+00:00,71.45,17.49,71.45,17.49,-106.7,437490529.91052437,-9474.3,1210.4,6492.2,0
2026-04-09T15:10:54.634129+00:00,71.47,17.44,71.47,17.44,-106.7,437490529.91052437,-9477.4,1212.7,6494.3,0
2026-04-09T15:10:54.967428+00:00,71.48,17.39,71.48,17.39,-107.7,437490529.91052437,-9480.3,1214.9,6496.3,0
2026-04-09T15:10:55.314814+00:00,71.50,17.33,71.5,17.33,-107.7,437490529.91052437,-9483.1,1217.0,6498.2,0
2026-04-09T15:10:55.646212+00:00,71.51,17.28,71.51,17.28,-107.7,437490529.91052437,-9486.2,1219.3,6500.3,0
2026-04-09T15:10:55.979717+00:00,71.52,17.23,71.52,17.23,-109.7,437490529.91052437,-9489.0,1221.4,6502.2,0
2026-04-09T15:10:56.331320+00:00,71.54,17.18,71.54,17.18,-109.7,437490529.91052437,-9491.8,1223.6,6504.2,0
2026-04-09T15:10:56.658139+00:00,71.55,17.12,71.55,17.12,-109.7,437490529.91052437,-9494.8,1225.9,6506.2,0
2026-04-09T15:10:56.991464+00:00,71.57,17.07,71.57,17.07,-103.7,437490529.91052437,-9497.6,1228.0,6508.1,0
2026-04-09T15:10:57.351351+00:00,71.58,17.02,71.58,17.02,-108.7,437490529.91052437,-9500.4,1230.2,6510.1,0
2026-04-09T15:10:57.691417+00:00,71.59,16.97,71.59,16.97,-107.7,437490529.91052437,-9503.4,1232.6,6512.1,0
2026-04-09T15:10:58.031304+00:00,71.61,16.91,71.61,16.91,-107.7,437490529.91052437,-9506.3,1234.8,6514.1,0
2026-04-09T15:10:58.391347+00:00,71.62,16.86,71.62,16.86,-107.7,437490529.91052437,-9509.1,1237.0,6516.0,0
2026-04-09T15:10:58.732137+00:00,71.64,16.81,71.64,16.81,-107.7,437490529.91052437,-9512.0,1239.3,6518.0,0
2026-04-09T15:10:59.065473+00:00,71.65,16.76,71.65,16.76,-107.7,437490529.91052437,-9514.7,1241.5,6519.9,0
2026-04-09T15:10:59.414166+00:00,71.66,16.71,71.66,16.71,-101.7,437490529.91052437,-9517.4,1243.7,6521.7,0
2026-04-09T15:10:59.746529+00:00,71.68,16.65,71.68,16.65,-108.7,437490529.91052437,-9520.3,1246.0,6523.7,0
2026-04-09T15:11:00.099078+00:00,71.69,16.60,71.69,16.6,-107.7,437490478.0268934,-9523.1,1248.3,6525.6,0
