t,az_cmd,el_cmd,az_act,el_act,rssi,freq_hz,doppler_hz,range_km,range_rate,packets
2026-04-02T10:06:06.904694+00:00,13.53,0.00,13.53,0.0,-92.8,437335527.5886307,10527.6,2468.8,-7216.8,0
2026-04-02T10:06:07.274136+00:00,13.53,0.03,13.53,0.03,-92.8,437335527.5886307,10527.6,2465.4,-7216.9,0
2026-04-02T10:06:07.638136+00:00,13.53,0.05,13.53,0.05,-92.8,437335527.5886307,10527.7,2462.8,-7216.9,0
2026-04-02T10:06:08.045827+00:00,13.54,0.07,13.54,0.07,-92.8,437335527.5886307,10527.7,2459.8,-7216.9,0
2026-04-02T10:06:08.414068+00:00,13.54,0.09,13.54,0.09,-92.8,437335527.5886307,10527.8,2457.2,-7216.9,0
2026-04-02T10:06:08.781767+00:00,13.54,0.11,13.54,0.11,-92.8,437335527.5886307,10527.8,2454.5,-7217.0,0
2026-04-02T10:06:09.190947+00:00,13.55,0.13,13.55,0.13,-92.8,437335527.5886307,10527.9,2451.6,-7217.0,0
2026-04-02T10:06:09.553806+00:00,13.55,0.15,13.55,0.15,-92.8,437335527.5886307,10527.9,2448.9,-7217.0,0
2026-04-02T10:06:09.922017+00:00,13.55,0.17,13.55,0.17,-92.8,437335527.5886307,10527.9,2446.3,-7217.0,0
2026-04-02T10:06:10.330042+00:00,13.56,0.19,13.56,0.19,-92.8,437335527.5886307,10528.0,2443.4,-7217.1,0
2026-04-02T10:06:10.693909+00:00,13.56,0.21,13.56,0.21,-92.8,437335527.5886307,10528.0,2440.7,-7217.1,0
2026-04-02T10:06:11.062201+00:00,13.56,0.23,13.56,0.23,-92.8,437335527.5886307,10528.0,2438.1,-7217.1,0
2026-04-02T10:06:11.470098+00:00,13.57,0.25,13.57,0.25,-92.8,437335527.5886307,10528.1,2435.1,-7217.1,0
2026-04-02T10:06:11.838836+00:00,13.57,0.27,13.57,0.27,-92.8,437335527.5886307,10528.1,2432.5,-7217.2,0
2026-04-02T10:06:12.201516+00:00,13.57,0.29,13.57,0.29,-92.8,437335527.5886307,10528.1,2429.8,-7217.2,0
2026-04-02T10:06:12.608816+00:00,13.58,0.31,13.58,0.31,-92.8,437335527.5886307,10528.1,2426.9,-7217.2,0
2026-04-02T10:06:12.974111+00:00,13.58,0.33,13.58,0.33,-92.8,437335527.5886307,10528.2,2424.2,-7217.2,0
2026-04-02T10:06:13.342143+00:00,13.58,0.35,13.58,0.35,-92.8,437335527.5886307,10528.2,2421.6,-7217.2,0
2026-04-02T10:06:13.749753+00:00,13.59,0.38,13.59,0.38,-92.8,437335527.5886307,10528.2,2418.7,-7217.2,0
2026-04-02T10:06:14.113695+00:00,13.59,0.40,13.59,0.4,-92.8,437335527.5886307,10528.2,2416.0,-7217.2,0
2026-04-02T10:06:14.481756+00:00,13.60,0.42,13.6,0.42,-92.8,437335527.5886307,10528.2,2413.4,-7217.2,0
2026-04-02T10:06:14.889790+00:00,13.60,0.44,13.6,0.44,-92.8,437335527.5886307,10528.2,2410.4,-7217.2,0
2026-04-02T10:06:15.259328+00:00,13.60,0.46,13.6,0.46,-92.8,437335527.5886307,10528.2,2407.8,-7217.3,0
2026-04-02T10:06:15.621831+00:00,13.61,0.48,13.61,0.48,-92.8,437335527.5886307,10528.2,2405.2,-7217.3,0
2026-04-02T10:06:16.030247+00:00,13.61,0.50,13.61,0.5,-92.8,437335527.5886307,10528.2,2402.2,-7217.3,0
2026-04-02T10:06:16.397763+00:00,13.61,0.52,13.61,0.52,-92.8,437335527.5886307,10528.3,2399.6,-7217.3,0
2026-04-02T10:06:16.765775+00:00,13.62,0.54,13.62,0.54,-92.8,437335527.5886307,10528.3,2396.9,-7217.3,0
2026-04-02T10:06:17.173550+00:00,13.62,0.57,13.62,0.57,-92.8,437335527.5886307,10528.3,2394.0,-7217.3,0
2026-04-02T10:06:17.537754+00:00,13.62,0.59,13.62,0.59,-92.8,437335527.5886307,10528.2,2391.3,-7217.3,0
2026-04-02T10:06:17.905751+00:00,13.63,0.61,13.63,0.61,-92.8,437335527.5886307,10528.2,2388.7,-7217.3,0
2026-04-02T10:06:18.308724+00:00,13.63,0.63,13.63,0.63,-92.8,437335527.5886307,10528.2,2385.7,-7217.3,0
2026-04-02T10:06:18.672722+00:00,13.63,0.65,13.63,0.65,-92.8,437335527.5886307,10528.2,2383.1,-7217.2,0
2026-04-02T10:06:19.036752+00:00,13.64,0.67,13.64,0.67,-92.8,437335527.5886307,10528.2,2380.5,-7217.2,0
2026-04-02T10:06:19.440679+00:00,13.64,0.69,13.64,0.69,-92.8,437335527.5886307,10528.2,2377.6,-7217.2,0
2026-04-02T10:06:19.804680+00:00,13.64,0.71,13.64,0.71,-92.8,437335527.5886307,10528.2,2374.9,-7217.2,0
2026-04-02T10:06:20.168791+00:00,13.65,0.74,13.65,0.74,-92.8,437335527.5886307,10528.2,2372.3,-7217.2,0
2026-04-02T10:06:20.572696+00:00,13.65,0.76,13.65,0.76,-92.8,437335527.5886307,10528.2,2369.4,-7217.2,0
2026-04-02T10:06:20.936719+00:00,13.66,0.78,13.66,0.78,-92.8,437335527.5886307,10528.1,2366.8,-7217.2,0
2026-04-02T10:06:21.300684+00:00,13.66,0.80,13.66,0.8,-92.8,437335527.5886307,10528.1,2364.1,-7217.2,0
2026-04-02T10:06:21.704694+00:00,13.66,0.82,13.66,0.82,-92.8,437335527.5886307,10528.1,2361.2,-7217.1,0
2026-04-02T10:06:22.073080+00:00,13.67,0.85,13.67,0.85,-92.8,437335527.5886307,10528.1,2358.6,-7217.1,0
2026-04-02T10:06:22.432705+00:00,13.67,0.87,13.67,0.87,-92.8,437335527.5886307,10528.0,2356.0,-7217.1,0
2026-04-02T10:06:22.840698+00:00,13.67,0.89,13.67,0.89,-92.8,437335527.5886307,10528.0,2353.0,-7217.1,0
2026-04-02T10:06:23.206207+00:00,13.68,0.91,13.68,0.91,-92.8,437335527.5886307,10528.0,2350.4,-7217.1,0
2026-04-02T10:06:23.570159+00:00,13.68,0.93,13.68,0.93,-92.8,437335527.5886307,10527.9,2347.8,-7217.0,0
2026-04-02T10:06:23.978226+00:00,13.68,0.96,13.68,0.96,-92.8,437335527.5886307,10527.9,2344.8,-7217.0,0
2026-04-02T10:06:24.342192+00:00,13.69,0.98,13.69,0.98,-92.8,437335527.5886307,10527.8,2342.2,-7217.0,0
2026-04-02T10:06:24.710712+00:00,13.69,1.00,13.69,1.0,-92.8,437335527.5886307,10527.8,2339.6,-7217.0,0
2026-04-02T10:06:25.117342+00:00,13.69,1.02,13.69,1.02,-92.8,437335527.5886307,10527.8,2336.6,-7216.9,0
2026-04-02T10:06:25.487270+00:00,13.70,1.05,13.7,1.05,-92.8,437335527.5886307,10527.7,2334.0,-7216.9,0
2026-04-02T10:06:25.849748+00:00,13.70,1.07,13.7,1.07,-92.8,437335527.5886307,10527.7,2331.3,-7216.9,0
2026-04-02T10:06:26.258356+00:00,13.71,1.09,13.71,1.09,-92.8,437335527.5886307,10527.6,2328.4,-7216.8,0
2026-04-02T10:06:26.625792+00:00,13.71,1.11,13.71,1.11,-92.8,437335527.5886307,10527.6,2325.7,-7216.8,0
2026-04-02T10:06:26.990246+00:00,13.71,1.14,13.71,1.14,-92.8,437335527.5886307,10527.5,2323.1,-7216.8,0
2026-04-02T10:06:27.398337+00:00,13.72,1.16,13.72,1.16,-92.8,437335527.5886307,10527.4,2320.2,-7216.7,0
2026-04-02T10:06:27.765722+00:00,13.72,1.18,13.72,1.18,-92.8,437335527.5886307,10527.4,2317.5,-7216.7,0
2026-04-02T10:06:28.133886+00:00,13.72,1.20,13.72,1.2,-92.8,437335527.5886307,10527.3,2314.9,-7216.6,0
2026-04-02T10:06:28.537886+00:00,13.73,1.23,13.73,1.23,-92.8,437335527.5886307,10527.3,2311.9,-7216.6,0
2026-04-02T10:06:28.906059+00:00,13.73,1.25,13.73,1.25,-92.8,437335527.5886307,10527.2,2309.3,-7216.5,0
2026-04-02T10:06:29.273544+00:00,13.73,1.27,13.73,1.27,-92.8,437335527.5886307,10527.1,2306.7,-7216.5,0
2026-04-02T10:06:29.682831+00:00,13.74,1.30,13.74,1.3,-92.8,437335527.5886307,10527.1,2303.7,-7216.4,0
2026-04-02T10:06:30.046135+00:00,13.74,1.32,13.74,1.32,-92.8,437335527.5886307,10527.0,2301.1,-7216.4,0
2026-04-02T10:06:30.414042+00:00,13.75,1.34,13.75,1.34,-92.8,437335527.5886307,10526.9,2298.4,-7216.3,0
2026-04-02T10:06:30.822026+00:00,13.75,1.37,13.75,1.37,-92.8,437335527.5886307,10526.8,2295.5,-7216.3,0
2026-04-02T10:06:31.189548+00:00,13.75,1.39,13.75,1.39,-92.8,437335527.5886307,10526.8,2292.8,-7216.2,0
2026-04-02T10:06:31.554073+00:00,13.76,1.41,13.76,1.41,-92.8,437335527.5886307,10526.7,2290.2,-7216.2,0
2026-04-02T10:06:31.962086+00:00,13.76,1.44,13.76,1.44,-92.8,437335527.5886307,10526.6,2287.2,-7216.1,0
2026-04-02T10:06:32.333724+00:00,13.76,1.46,13.76,1.46,-92.8,437335527.5886307,10526.5,2284.6,-7216.1,0
2026-04-02T10:06:32.693739+00:00,13.77,1.48,13.77,1.48,-92.8,437335527.5886307,10526.4,2282.0,-7216.0,0
2026-04-02T10:06:33.103371+00:00,13.77,1.51,13.77,1.51,-92.8,437335527.5886307,10526.3,2279.0,-7215.9,0
2026-04-02T10:06:33.464860+00:00,13.78,1.53,13.78,1.53,-92.8,437335527.5886307,10526.2,2276.3,-7215.9,0
2026-04-02T10:06:33.828679+00:00,13.78,1.56,13.78,1.56,-92.8,437335527.5886307,10526.1,2273.7,-7215.8,0
2026-04-02T10:06:34.237330+00:00,13.78,1.58,13.78,1.58,-92.8,437335527.5886307,10526.0,2270.8,-7215.7,0
2026-04-02T10:06:34.596806+00:00,13.79,1.60,13.79,1.6,-92.8,437335527.5886307,10525.9,2268.2,-7215.7,0
2026-04-02T10:06:34.960680+00:00,13.79,1.63,13.79,1.63,-92.8,437335527.5886307,10525.8,2265.6,-7215.6,0
2026-04-02T10:06:35.364696+00:00,13.79,1.65,13.79,1.65,-92.8,437335527.5886307,10525.7,2262.6,-7215.5,0
2026-04-02T10:06:35.728686+00:00,13.80,1.68,13.8,1.68,-92.8,437335527.5886307,10525.6,2260.0,-7215.5,0
2026-04-02T10:06:36.092685+00:00,13.80,1.70,13.8,1.7,-92.8,437335527.5886307,10525.5,2257.4,-7215.4,0
2026-04-02T10:06:36.496843+00:00,13.81,1.72,13.81,1.72,-92.8,437335527.5886307,10525.4,2254.5,-7215.3,0
2026-04-02T10:06:36.860687+00:00,13.81,1.75,13.81,1.75,-92.8,437335527.5886307,10525.3,2251.8,-7215.2,0
2026-04-02T10:06:37.224808+00:00,13.81,1.77,13.81,1.77,-92.8,437335527.5886307,10525.2,2249.2,-7215.2,0
2026-04-02T10:06:37.628818+00:00,13.82,1.80,13.82,1.8,-92.8,437335527.5886307,10525.0,2246.3,-7215.1,0
2026-04-02T10:06:37.992814+00:00,13.82,1.82,13.82,1.82,-92.8,437335527.5886307,10524.9,2243.7,-7215.0,0
2026-04-02T10:06:38.357871+00:00,13.82,1.84,13.82,1.84,-92.8,437335527.5886307,10524.8,2241.0,-7214.9,0
2026-04-02T10:06:38.765507+00:00,13.83,1.87,13.83,1.87,-92.8,437335527.5886307,10524.7,2238.1,-7214.8,0
2026-04-02T10:06:39.134082+00:00,13.83,1.89,13.83,1.89,-92.8,437335527.5886307,10524.6,2235.5,-7214.7,0
2026-04-02T10:06:39.498218+00:00,13.84,1.92,13.84,1.92,-92.8,437335527.5886307,10524.4,2232.8,-7214.6,0
2026-04-02T10:06:39.906009+00:00,13.84,1.94,13.84,1.94,-92.8,437335527.5886307,10524.3,2229.9,-7214.5,0
2026-04-02T10:06:40.273744+00:00,13.84,1.97,13.84,1.97,-92.8,437335527.5886307,10524.1,2227.3,-7214.5,0
2026-04-02T10:06:40.638340+00:00,13.85,1.99,13.85,1.99,-92.8,437335527.5886307,10524.0,2224.6,-7214.4,0
2026-04-02T10:06:41.050250+00:00,13.85,2.02,13.85,2.02,-92.8,437335527.5886307,10523.9,2221.7,-7214.3,0
2026-04-02T10:06:41.414029+00:00,13.85,2.04,13.85,2.04,-92.8,437335527.5886307,10523.7,2219.0,-7214.2,0
2026-04-02T10:06:41.782115+00:00,13.86,2.06,13.86,2.06,-92.8,437335527.5886307,10523.6,2216.4,-7214.1,0
2026-04-02T10:06:42.185725+00:00,13.86,2.09,13.86,2.09,-92.8,437335527.5886307,10523.4,2213.5,-7214.0,0
2026-04-02T10:06:42.558313+00:00,13.87,2.12,13.87,2.12,-92.8,437335527.5886307,10523.3,2210.8,-7213.9,0
2026-04-02T10:06:42.922799+00:00,13.87,2.14,13.87,2.14,-92.8,437335527.5886307,10523.1,2208.2,-7213.8,0
2026-04-02T10:06:43.325894+00:00,13.87,2.17,13.87,2.17,-92.8,437335527.5886307,10523.0,2205.2,-7213.6,0
2026-04-02T10:06:43.694704+00:00,13.88,2.19,13.88,2.19,-92.8,437335527.5886307,10522.8,2202.6,-7213.5,0
2026-04-02T10:06:44.063044+00:00,13.88,2.22,13.88,2.22,-92.8,437335527.5886307,10522.6,2199.9,-7213.4,0
2026-04-02T10:06:44.471102+00:00,13.89,2.24,13.89,2.24,-92.8,437335527.5886307,10522.5,2197.0,-7213.3,0
2026-04-02T10:06:44.833996+00:00,13.89,2.27,13.89,2.27,-92.8,437335527.5886307,10522.3,2194.4,-7213.2,0
2026-04-02T10:06:45.201393+00:00,13.89,2.29,13.89,2.29,-92.8,437335527.5886307,10522.1,2191.7,-7213.1,0
2026-04-02T10:06:45.610220+00:00,13.90,2.32,13.9,2.32,-92.8,437335527.5886307,10522.0,2188.8,-7213.0,0
2026-04-02T10:06:45.974085+00:00,13.90,2.34,13.9,2.34,-92.8,437335527.5886307,10521.8,2186.1,-7212.8,0
2026-04-02T10:06:46.342051+00:00,13.90,2.37,13.9,2.37,-92.8,437335527.5886307,10521.6,2183.5,-7212.7,0
2026-04-02T10:06:46.749729+00:00,13.91,2.39,13.91,2.39,-92.8,437335527.5886307,10521.4,2180.5,-7212.6,0
2026-04-02T10:06:47.113478+00:00,13.91,2.42,13.91,2.42,-92.8,437335527.5886307,10521.2,2177.9,-7212.5,0
2026-04-02T10:06:47.482870+00:00,13.92,2.44,13.92,2.44,-92.8,437335527.5886307,10521.1,2175.3,-7212.3,0
2026-04-02T10:06:47.890093+00:00,13.92,2.47,13.92,2.47,-92.8,437335527.5886307,10520.9,2172.3,-7212.2,0
2026-04-02T10:06:48.254262+00:00,13.92,2.50,13.92,2.5,-92.8,437335527.5886307,10520.7,2169.7,-7212.1,0
2026-04-02T10:06:48.621838+00:00,13.93,2.52,13.93,2.52,-92.8,437335527.5886307,10520.5,2167.0,-7211.9,0
2026-04-02T10:06:49.029874+00:00,13.93,2.55,13.93,2.55,-92.8,437335527.5886307,10520.3,2164.1,-7211.8,0
2026-04-02T10:06:49.394298+00:00,13.94,2.57,13.94,2.57,-92.8,437335527.5886307,10520.1,2161.5,-7211.7,0
2026-04-02T10:06:49.761718+00:00,13.94,2.60,13.94,2.6,-92.8,437335527.5886307,10519.9,2158.8,-7211.5,0
2026-04-02T10:06:50.169878+00:00,13.94,2.63,13.94,2.63,-92.8,437335527.5886307,10519.7,2155.9,-7211.4,0
2026-04-02T10:06:50.537967+00:00,13.95,2.65,13.95,2.65,-92.8,437335527.5886307,10519.5,2153.3,-7211.3,0
2026-04-02T10:06:50.902063+00:00,13.95,2.68,13.95,2.68,-92.8,437335527.5886307,10519.3,2150.6,-7211.1,0
2026-04-02T10:06:51.310001+00:00,13.96,2.71,13.96,2.71,-92.8,437335527.5886307,10519.0,2147.7,-7211.0,0
2026-04-02T10:06:51.673961+00:00,13.96,2.73,13.96,2.73,-92.8,437335527.5886307,10518.8,2145.0,-7210.8,0
2026-04-02T10:06:52.042231+00:00,13.96,2.76,13.96,2.76,-92.8,437335527.5886307,10518.6,2142.4,-7210.7,0
2026-04-02T10:06:52.444705+00:00,13.97,2.78,13.97,2.78,-92.8,437335527.5886307,10518.4,2139.4,-7210.5,0
2026-04-02T10:06:52.812755+00:00,13.97,2.81,13.97,2.81,-92.8,437335527.5886307,10518.2,2136.8,-7210.4,0
2026-04-02T10:06:53.173421+00:00,13.98,2.83,13.98,2.83,-92.8,437335527.5886307,10518.0,2134.2,-7210.2,0
2026-04-02T10:06:53.576688+00:00,13.98,2.86,13.98,2.86,-92.8,437335527.5886307,10517.7,2131.3,-7210.0,0
2026-04-02T10:06:53.940683+00:00,13.98,2.89,13.98,2.89,-92.8,437335527.5886307,10517.5,2128.6,-7209.9,0
2026-04-02T10:06:54.304694+00:00,13.99,2.91,13.99,2.91,-92.8,437335527.5886307,10517.3,2126.0,-7209.7,0
2026-04-02T10:06:54.709001+00:00,13.99,2.94,13.99,2.94,-92.8,437335527.5886307,10517.0,2123.1,-7209.6,0
2026-04-02T10:06:55.077416+00:00,14.00,2.97,14.0,2.97,-92.8,437335527.5886307,10516.8,2120.5,-7209.4,0
2026-04-02T10:06:55.445217+00:00,14.00,2.99,14.0,2.99,-92.8,437335527.5886307,10516.5,2117.8,-7209.2,0
2026-04-02T10:06:55.852674+00:00,14.00,3.02,14.0,3.02,-92.8,437335527.5886307,10516.3,2114.9,-7209.0,0
2026-04-02T10:06:56.216690+00:00,14.01,3.05,14.01,3.05,-92.8,437335527.5886307,10516.0,2112.3,-7208.9,0
2026-04-02T10:06:56.581842+00:00,14.01,3.07,14.01,3.07,-92.8,437335527.5886307,10515.8,2109.6,-7208.7,0
2026-04-02T10:06:56.984928+00:00,14.02,3.10,14.02,3.1,-92.8,437335527.5886307,10515.5,2106.7,-7208.5,0
2026-04-02T10:06:57.353716+00:00,14.02,3.13,14.02,3.13,-92.8,437335527.5886307,10515.3,2104.1,-7208.4,0
2026-04-02T10:06:57.722796+00:00,14.02,3.15,14.02,3.15,-92.8,437335527.5886307,10515.0,2101.5,-7208.2,0
2026-04-02T10:06:58.125326+00:00,14.03,3.18,14.03,3.18,-92.8,437335527.5886307,10514.7,2098.5,-7208.0,0
2026-04-02T10:06:58.494350+00:00,14.03,3.21,14.03,3.21,-92.8,437335527.5886307,10514.5,2095.9,-7207.8,0
2026-04-02T10:06:58.861724+00:00,14.04,3.24,14.04,3.24,-92.8,437335527.5886307,10514.2,2093.2,-7207.6,0
2026-04-02T10:06:59.271299+00:00,14.04,3.26,14.04,3.26,-92.8,437335527.5886307,10513.9,2090.3,-7207.4,0
2026-04-02T10:06:59.633992+00:00,14.05,3.29,14.05,3.29,-92.8,437335527.5886307,10513.6,2087.6,-7207.2,0
2026-04-02T10:07:00.006009+00:00,14.05,3.32,14.05,3.32,-92.8,437335527.5886307,10513.4,2085.0,-7207.1,0
2026-04-02T10:07:00.411101+00:00,14.05,3.35,14.05,3.35,-92.8,437335527.5886307,10513.1,2082.0,-7206.8,0
2026-04-02T10:07:00.773715+00:00,14.06,3.37,14.06,3.37,-92.8,437335527.5886307,10512.8,2079.4,-7206.7,0
2026-04-02T10:07:01.141909+00:00,14.06,3.40,14.06,3.4,-92.8,437335527.5886307,10512.5,2076.8,-7206.5,0
2026-04-02T10:07:01.549872+00:00,14.07,3.43,14.07,3.43,-92.8,437335527.5886307,10512.2,2073.9,-7206.3,0
2026-04-02T10:07:01.914032+00:00,14.07,3.46,14.07,3.46,-92.8,437335527.5886307,10511.9,2071.2,-7206.1,0
2026-04-02T10:07:02.282048+00:00,14.07,3.48,14.07,3.48,-92.8,437335527.5886307,10511.6,2068.6,-7205.9,0
2026-04-02T10:07:02.690734+00:00,14.08,3.51,14.08,3.51,-92.8,437335527.5886307,10511.3,2065.6,-7205.6,0
2026-04-02T10:07:03.058121+00:00,14.08,3.54,14.08,3.54,-92.8,437335527.5886307,10511.0,2063.0,-7205.4,0
2026-04-02T10:07:03.422032+00:00,14.09,3.57,14.09,3.57,-92.8,437335527.5886307,10510.7,2060.3,-7205.2,0
2026-04-02T10:07:03.829765+00:00,14.09,3.60,14.09,3.6,-92.8,437335527.5886307,10510.4,2057.4,-7205.0,0
2026-04-02T10:07:04.197585+00:00,14.10,3.62,14.1,3.62,-92.8,437335527.5886307,10510.0,2054.8,-7204.8,0
2026-04-02T10:07:04.566958+00:00,14.10,3.65,14.1,3.65,-92.8,437335527.5886307,10509.7,2052.1,-7204.6,0
2026-04-02T10:07:04.974854+00:00,14.10,3.68,14.1,3.68,-92.8,437335527.5886307,10509.4,2049.2,-7204.3,0
2026-04-02T10:07:05.338097+00:00,14.11,3.71,14.11,3.71,-92.8,437335527.5886307,10509.1,2046.5,-7204.1,0
2026-04-02T10:07:05.705911+00:00,14.11,3.73,14.11,3.73,-92.8,437335527.5886307,10508.8,2043.9,-7203.9,0
2026-04-02T10:07:06.114274+00:00,14.12,3.77,14.12,3.77,-92.8,437335527.5886307,10508.4,2040.9,-7203.7,0
2026-04-02T10:07:06.477843+00:00,14.12,3.79,14.12,3.79,-92.8,437335527.5886307,10508.1,2038.3,-7203.4,0
2026-04-02T10:07:06.845779+00:00,14.13,3.82,14.13,3.82,-92.8,437335527.5886307,10507.8,2035.7,-7203.2,0
2026-04-02T10:07:07.252716+00:00,14.13,3.85,14.13,3.85,-92.8,437335527.5886307,10507.4,2032.7,-7203.0,0
2026-04-02T10:07:07.616927+00:00,14.13,3.88,14.13,3.88,-92.8,437335527.5886307,10507.1,2030.1,-7202.7,0
2026-04-02T10:07:07.976853+00:00,14.14,3.90,14.14,3.9,-92.8,437335527.5886307,10506.7,2027.5,-7202.5,0
2026-04-02T10:07:08.384682+00:00,14.14,3.93,14.14,3.93,-92.8,437335527.5886307,10506.3,2024.6,-7202.2,0
2026-04-02T10:07:08.748689+00:00,14.15,3.96,14.15,3.96,-92.8,437335527.5886307,10506.0,2022.0,-7202.0,0
2026-04-02T10:07:09.112692+00:00,14.15,3.99,14.15,3.99,-92.8,437335527.5886307,10505.7,2019.3,-7201.8,0
2026-04-02T10:07:09.516806+00:00,14.16,4.02,14.16,4.02,-92.8,437335527.5886307,10505.3,2016.4,-7201.5,0
2026-04-02T10:07:09.880703+00:00,14.16,4.05,14.16,4.05,-92.8,437335527.5886307,10504.9,2013.8,-7201.3,0
2026-04-02T10:07:10.244854+00:00,14.16,4.08,14.16,4.08,-92.8,437335527.5886307,10504.6,2011.2,-7201.0,0
2026-04-02T10:07:10.648860+00:00,14.17,4.11,14.17,4.11,-92.8,437335527.5886307,10504.2,2008.3,-7200.8,0
2026-04-02T10:07:11.014028+00:00,14.17,4.13,14.17,4.13,-92.8,437335527.5886307,10503.8,2005.7,-7200.5,0
2026-04-02T10:07:11.372691+00:00,14.18,4.16,14.18,4.16,-92.8,437335527.5886307,10503.4,2003.0,-7200.3,0
2026-04-02T10:07:11.780696+00:00,14.18,4.19,14.18,4.19,-92.8,437335527.5886307,10503.0,2000.1,-7200.0,0
2026-04-02T10:07:12.141434+00:00,14.19,4.22,14.19,4.22,-92.8,437335527.5886307,10502.7,1997.5,-7199.7,0
2026-04-02T10:07:12.512006+00:00,14.19,4.25,14.19,4.25,-92.8,437335527.5886307,10502.3,1994.9,-7199.5,0
2026-04-02T10:07:12.918041+00:00,14.19,4.28,14.19,4.28,-92.8,437335527.5886307,10501.9,1992.0,-7199.2,0
2026-04-02T10:07:13.286043+00:00,14.20,4.31,14.2,4.31,-92.8,437335527.5886307,10501.5,1989.3,-7198.9,0
2026-04-02T10:07:13.649909+00:00,14.20,4.34,14.2,4.34,-92.8,437335527.5886307,10501.1,1986.7,-7198.6,0
2026-04-02T10:07:14.057812+00:00,14.21,4.37,14.21,4.37,-92.8,437335527.5886307,10500.7,1983.7,-7198.3,0
2026-04-02T10:07:14.425752+00:00,14.21,4.40,14.21,4.4,-92.8,437335527.5886307,10500.3,1981.1,-7198.1,0
2026-04-02T10:07:14.789763+00:00,14.22,4.42,14.22,4.42,-92.8,437335527.5886307,10499.9,1978.4,-7197.8,0
2026-04-02T10:07:15.197739+00:00,14.22,4.46,14.22,4.46,-92.8,437335527.5886307,10499.4,1975.5,-7197.5,0
2026-04-02T10:07:15.568438+00:00,14.23,4.48,14.23,4.48,-92.8,437335527.5886307,10499.0,1972.9,-7197.2,0
2026-04-02T10:07:15.930116+00:00,14.23,4.51,14.23,4.51,-92.8,437335527.5886307,10498.6,1970.2,-7196.9,0
2026-04-02T10:07:16.337915+00:00,14.23,4.54,14.23,4.54,-92.8,437335527.5886307,10498.1,1967.3,-7196.6,0
2026-04-02T10:07:16.705548+00:00,14.24,4.57,14.24,4.57,-92.8,437335527.5886307,10497.7,1964.7,-7196.3,0
2026-04-02T10:07:17.069896+00:00,14.24,4.60,14.24,4.6,-92.8,437335527.5886307,10497.3,1962.1,-7196.0,0
2026-04-02T10:07:17.472763+00:00,14.25,4.63,14.25,4.63,-92.8,437335527.5886307,10496.8,1959.1,-7195.7,0
2026-04-02T10:07:17.836679+00:00,14.25,4.66,14.25,4.66,-92.8,437335527.5886307,10496.4,1956.5,-7195.4,0
2026-04-02T10:07:18.200900+00:00,14.26,4.69,14.26,4.69,-92.8,437335527.5886307,10496.0,1953.9,-7195.1,0
2026-04-02T10:07:18.604831+00:00,14.26,4.72,14.26,4.72,-92.8,437335527.5886307,10495.5,1951.0,-7194.8,0
2026-04-02T10:07:18.968742+00:00,14.27,4.75,14.27,4.75,-92.8,437335527.5886307,10495.1,1948.4,-7194.5,0
2026-04-02T10:07:19.332698+00:00,14.27,4.78,14.27,4.78,-92.8,437335527.5886307,10494.6,1945.8,-7194.2,0
2026-04-02T10:07:19.736698+00:00,14.28,4.81,14.28,4.81,-92.8,437335527.5886307,10494.1,1942.8,-7193.9,0
2026-04-02T10:07:20.100696+00:00,14.28,4.84,14.28,4.84,-92.8,437335527.5886307,10493.7,1940.2,-7193.6,0
2026-04-02T10:07:20.464668+00:00,14.28,4.87,14.28,4.87,-92.8,437335527.5886307,10493.2,1937.6,-7193.3,0
2026-04-02T10:07:20.868697+00:00,14.29,4.90,14.29,4.9,-92.8,437335527.5886307,10492.7,1934.7,-7192.9,0
2026-04-02T10:07:21.232714+00:00,14.29,4.93,14.29,4.93,-92.8,437335527.5886307,10492.3,1932.1,-7192.6,0
2026-04-02T10:07:21.597357+00:00,14.30,4.96,14.3,4.96,-92.8,437335527.5886307,10491.8,1929.5,-7192.3,0
2026-04-02T10:07:22.000942+00:00,14.30,5.00,14.3,5.0,-92.8,437335527.5886307,10491.3,1926.6,-7191.9,0
2026-04-02T10:07:22.369733+00:00,14.31,5.02,14.31,5.02,-92.8,437335527.5886307,10490.8,1923.9,-7191.6,0
2026-04-02T10:07:22.738845+00:00,14.31,5.05,14.31,5.05,-92.8,437335527.5886307,10490.3,1921.3,-7191.3,0
2026-04-02T10:07:23.141591+00:00,14.32,5.09,14.32,5.09,-92.8,437335527.5886307,10489.8,1918.4,-7190.9,0
2026-04-02T10:07:23.510142+00:00,14.32,5.12,14.32,5.12,-92.8,437335527.5886307,10489.3,1915.7,-7190.6,0
2026-04-02T10:07:23.879079+00:00,14.33,5.15,14.33,5.15,-92.8,437335527.5886307,10488.8,1913.1,-7190.2,0
2026-04-02T10:07:24.286617+00:00,14.33,5.18,14.33,5.18,-92.8,437335527.5886307,10488.3,1910.2,-7189.9,0
2026-04-02T10:07:24.650310+00:00,14.33,5.21,14.33,5.21,-92.8,437335527.5886307,10487.8,1907.5,-7189.5,0
2026-04-02T10:07:25.017647+00:00,14.34,5.24,14.34,5.24,-92.8,437335527.5886307,10487.3,1904.9,-7189.2,0
2026-04-02T10:07:25.425877+00:00,14.34,5.27,14.34,5.27,-92.8,437335527.5886307,10486.7,1902.0,-7188.8,0
2026-04-02T10:07:25.887826+00:00,14.35,5.30,14.35,5.3,-92.8,437335527.5886307,10486.2,1899.4,-7188.4,0
2026-04-02T10:07:26.302816+00:00,14.35,5.34,14.35,5.34,-92.8,437335527.5886307,10485.6,1896.0,-7188.0,0
2026-04-02T10:07:26.665755+00:00,14.36,5.38,14.36,5.38,-92.8,437335527.5886307,10485.0,1893.1,-7187.6,0
2026-04-02T10:07:27.034198+00:00,14.36,5.41,14.36,5.41,-92.8,437335527.5886307,10484.5,1890.4,-7187.2,0
2026-04-02T10:07:27.443079+00:00,14.37,5.44,14.37,5.44,-92.8,437335527.5886307,10483.9,1887.5,-7186.8,0
2026-04-02T10:07:27.806031+00:00,14.37,5.47,14.37,5.47,-92.8,437335527.5886307,10483.3,1884.9,-7186.5,0
2026-04-02T10:07:28.172916+00:00,14.38,5.50,14.38,5.5,-92.8,437335527.5886307,10482.8,1882.2,-7186.1,0
2026-04-02T10:07:28.576709+00:00,14.38,5.53,14.38,5.53,-92.8,437335527.5886307,10482.2,1879.3,-7185.7,0
2026-04-02T10:07:28.940693+00:00,14.39,5.56,14.39,5.56,-92.8,437335527.5886307,10481.7,1876.7,-7185.3,0
2026-04-02T10:07:29.304676+00:00,14.39,5.59,14.39,5.59,-92.8,437335527.5886307,10481.1,1874.1,-7185.0,0
2026-04-02T10:07:29.708695+00:00,14.40,5.63,14.4,5.63,-92.8,437335527.5886307,10480.5,1871.2,-7184.5,0
2026-04-02T10:07:30.072679+00:00,14.40,5.66,14.4,5.66,-92.8,437335527.5886307,10480.0,1868.6,-7184.2,0
2026-04-02T10:07:30.432692+00:00,14.41,5.69,14.41,5.69,-92.8,437335527.5886307,10479.4,1866.0,-7183.8,0
2026-04-02T10:07:30.845734+00:00,14.41,5.72,14.41,5.72,-92.8,437335527.5886307,10478.8,1863.0,-7183.3,0
2026-04-02T10:07:31.201471+00:00,14.42,5.75,14.42,5.75,-92.8,437335527.5886307,10478.2,1860.4,-7183.0,0
2026-04-02T10:07:31.564682+00:00,14.42,5.79,14.42,5.79,-92.8,437335527.5886307,10477.6,1857.8,-7182.6,0
2026-04-02T10:07:32.032752+00:00,14.43,5.82,14.43,5.82,-92.8,437335477.28423214,10476.9,1854.5,-7182.1,0
2026-04-02T10:07:32.392685+00:00,14.43,5.86,14.43,5.86,-92.8,437335477.28423214,10476.3,1851.9,-7181.7,0
2026-04-02T10:07:32.756680+00:00,14.44,5.89,14.44,5.89,-92.8,437335477.28423214,10475.7,1849.3,-7181.3,0
2026-04-02T10:07:33.161206+00:00,14.44,5.92,14.44,5.92,-92.8,437335477.28423214,10475.1,1846.4,-7180.8,0
2026-04-02T10:07:33.530178+00:00,14.45,5.95,14.45,5.95,-92.8,437335477.28423214,10474.5,1843.7,-7180.4,0
2026-04-02T10:07:33.892717+00:00,14.45,5.98,14.45,5.98,-92.8,437335477.28423214,10473.9,1841.1,-7180.0,0
2026-04-02T10:07:34.296721+00:00,14.46,6.02,14.46,6.02,-92.8,437335477.28423214,10473.2,1838.2,-7179.5,0
2026-04-02T10:07:34.660789+00:00,14.46,6.05,14.46,6.05,-92.8,437335477.28423214,10472.6,1835.6,-7179.1,0
2026-04-02T10:07:35.028784+00:00,14.47,6.08,14.47,6.08,-92.8,437335477.28423214,10472.0,1833.0,-7178.7,0
2026-04-02T10:07:35.433742+00:00,14.47,6.12,14.47,6.12,-92.8,437335477.28423214,10471.3,1830.1,-7178.2,0
2026-04-02T10:07:35.799800+00:00,14.48,6.15,14.48,6.15,-92.8,437335477.28423214,10470.7,1827.4,-7177.8,0
2026-04-02T10:07:36.164664+00:00,14.48,6.18,14.48,6.18,-92.8,437335477.28423214,10470.1,1824.8,-7177.4,0
2026-04-02T10:07:36.568756+00:00,14.49,6.21,14.49,6.21,-92.8,437335477.28423214,10469.4,1821.9,-7176.9,0
2026-04-02T10:07:36.932737+00:00,14.49,6.25,14.49,6.25,-92.8,437335477.28423214,10468.7,1819.3,-7176.5,0
2026-04-02T10:07:37.297092+00:00,14.50,6.28,14.5,6.28,-92.8,437335477.28423214,10468.1,1816.7,-7176.0,0
2026-04-02T10:07:37.700845+00:00,14.50,6.31,14.5,6.31,-92.8,437335477.28423214,10467.4,1813.8,-7175.5,0
2026-04-02T10:07:38.064719+00:00,14.51,6.35,14.51,6.35,-92.8,437335477.28423214,10466.7,1811.2,-7175.1,0
2026-04-02T10:07:38.428706+00:00,14.51,6.38,14.51,6.38,-92.8,437335477.28423214,10466.0,1808.5,-7174.6,0
2026-04-02T10:07:38.836725+00:00,14.52,6.41,14.52,6.41,-92.8,437335477.28423214,10465.3,1805.6,-7174.1,0
2026-04-02T10:07:39.200767+00:00,14.52,6.44,14.52,6.44,-92.8,437335477.28423214,10464.6,1803.0,-7173.7,0
2026-04-02T10:07:39.564706+00:00,14.53,6.48,14.53,6.48,-92.8,437335477.28423214,10464.0,1800.4,-7173.2,0
2026-04-02T10:07:39.968773+00:00,14.53,6.51,14.53,6.51,-92.8,437335477.28423214,10463.2,1797.5,-7172.7,0
2026-04-02T10:07:40.332749+00:00,14.54,6.55,14.54,6.55,-92.8,437335477.28423214,10462.6,1794.9,-7172.2,0
2026-04-02T10:07:40.697683+00:00,14.54,6.58,14.54,6.58,-92.8,437335477.28423214,10461.9,1792.3,-7171.8,0
2026-04-02T10:07:41.104761+00:00,14.55,6.61,14.55,6.61,-92.8,437335477.28423214,10461.1,1789.4,-7171.2,0
2026-04-02T10:07:41.469454+00:00,14.55,6.65,14.55,6.65,-92.8,437335477.28423214,10460.4,1786.8,-7170.8,0
2026-04-02T10:07:41.832718+00:00,14.56,6.68,14.56,6.68,-92.8,437335477.28423214,10459.7,1784.1,-7170.3,0
2026-04-02T10:07:42.240792+00:00,14.56,6.72,14.56,6.72,-92.8,437335477.28423214,10458.9,1781.2,-7169.7,0
2026-04-02T10:07:42.603833+00:00,14.57,6.75,14.57,6.75,-92.8,437335477.28423214,10458.2,1778.6,-7169.2,0
2026-04-02T10:07:42.969918+00:00,14.57,6.78,14.57,6.78,-92.8,437335477.28423214,10457.5,1776.0,-7168.8,0
2026-04-02T10:07:43.372710+00:00,14.58,6.82,14.58,6.82,-92.8,437335477.28423214,10456.7,1773.1,-7168.2,0
2026-04-02T10:07:43.737750+00:00,14.58,6.85,14.58,6.85,-92.8,437335477.28423214,10456.0,1770.5,-7167.7,0
2026-04-02T10:07:44.105607+00:00,14.59,6.88,14.59,6.88,-92.8,437335477.28423214,10455.2,1767.9,-7167.2,0
2026-04-02T10:07:44.512992+00:00,14.59,6.92,14.59,6.92,-92.8,437335477.28423214,10454.4,1764.9,-7166.6,0
2026-04-02T10:07:44.878080+00:00,14.60,6.95,14.6,6.95,-92.8,437335477.28423214,10453.7,1762.3,-7166.1,0
2026-04-02T10:07:45.245523+00:00,14.60,6.99,14.6,6.99,-92.8,437335477.28423214,10452.9,1759.7,-7165.6,0
2026-04-02T10:07:45.654051+00:00,14.61,7.02,14.61,7.02,-92.8,437335477.28423214,10452.1,1756.8,-7165.0,0
2026-04-02T10:07:46.018276+00:00,14.61,7.06,14.61,7.06,-92.8,437335477.28423214,10451.3,1754.2,-7164.5,0
2026-04-02T10:07:46.390158+00:00,14.62,7.09,14.62,7.09,-92.8,437335477.28423214,10450.5,1751.5,-7164.0,0
2026-04-02T10:07:46.793761+00:00,14.62,7.13,14.62,7.13,-92.8,437335477.28423214,10449.7,1748.6,-7163.4,0
2026-04-02T10:07:47.161858+00:00,14.63,7.16,14.63,7.16,-92.8,437335477.28423214,10448.9,1746.0,-7162.9,0
2026-04-02T10:07:47.525842+00:00,14.63,7.20,14.63,7.2,-92.8,437335477.28423214,10448.1,1743.4,-7162.3,0
2026-04-02T10:07:47.934012+00:00,14.64,7.23,14.64,7.23,-92.8,437335477.28423214,10447.2,1740.4,-7161.7,0
2026-04-02T10:07:48.301360+00:00,14.65,7.27,14.65,7.27,-92.8,437335477.28423214,10446.4,1737.8,-7161.2,0
2026-04-02T10:07:48.665721+00:00,14.65,7.30,14.65,7.3,-92.8,437335477.28423214,10445.6,1735.2,-7160.6,0
2026-04-02T10:07:49.073988+00:00,14.66,7.34,14.66,7.34,-92.8,437335477.28423214,10444.7,1732.3,-7160.0,0
2026-04-02T10:07:49.442138+00:00,14.66,7.37,14.66,7.37,-92.8,437335477.28423214,10443.9,1729.6,-7159.5,0
2026-04-02T10:07:49.810047+00:00,14.67,7.41,14.67,7.41,-92.8,437335477.28423214,10443.1,1727.0,-7158.9,0
2026-04-02T10:07:50.217340+00:00,14.67,7.45,14.67,7.45,-92.8,437335477.28423214,10442.2,1724.1,-7158.3,0
2026-04-02T10:07:50.581830+00:00,14.68,7.48,14.68,7.48,-92.8,437335477.28423214,10441.4,1721.5,-7157.7,0
2026-04-02T10:07:50.940681+00:00,14.68,7.52,14.68,7.52,-92.8,437335477.28423214,10440.5,1718.9,-7157.1,0
2026-04-02T10:07:51.349833+00:00,14.69,7.55,14.69,7.55,-92.8,437335477.28423214,10439.6,1716.0,-7156.5,0
2026-04-02T10:07:51.708728+00:00,14.69,7.59,14.69,7.59,-92.8,437335477.28423214,10438.8,1713.4,-7155.9,0
2026-04-02T10:07:52.073470+00:00,14.70,7.62,14.7,7.62,-92.8,437335477.28423214,10437.9,1710.8,-7155.3,0
2026-04-02T10:07:52.481927+00:00,14.71,7.66,14.71,7.66,-92.8,437335477.28423214,10437.0,1707.9,-7154.7,0
2026-04-02T10:07:52.844671+00:00,14.71,7.70,14.71,7.7,-92.8,437335477.28423214,10436.1,1705.3,-7154.1,0
2026-04-02T10:07:53.208764+00:00,14.72,7.73,14.72,7.73,-92.8,437335477.28423214,10435.2,1702.7,-7153.5,0
2026-04-02T10:07:53.613127+00:00,14.72,7.77,14.72,7.77,-92.8,437335477.28423214,10434.3,1699.8,-7152.8,0
2026-04-02T10:07:53.977939+00:00,14.73,7.80,14.73,7.8,-92.8,437335477.28423214,10433.4,1697.2,-7152.2,0
2026-04-02T10:07:54.336790+00:00,14.73,7.84,14.73,7.84,-92.8,437335477.28423214,10432.5,1694.6,-7151.6,0
2026-04-02T10:07:54.744679+00:00,14.74,7.88,14.74,7.88,-92.8,437335477.28423214,10431.5,1691.7,-7150.9,0
2026-04-02T10:07:55.105134+00:00,14.74,7.91,14.74,7.91,-92.8,437335477.28423214,10430.6,1689.1,-7150.3,0
2026-04-02T10:07:55.474282+00:00,14.75,7.95,14.75,7.95,-92.8,437335477.28423214,10429.7,1686.5,-7149.7,0
2026-04-02T10:07:55.882048+00:00,14.76,7.99,14.76,7.99,-92.8,437335477.28423214,10428.7,1683.6,-7149.0,0
2026-04-02T10:07:56.245584+00:00,14.76,8.02,14.76,8.02,-92.8,437335477.28423214,10427.8,1680.9,-7148.4,0
2026-04-02T10:07:56.613956+00:00,14.77,8.06,14.77,8.06,-92.8,437335477.28423214,10426.8,1678.3,-7147.8,0
2026-04-02T10:07:57.081549+00:00,14.77,8.10,14.77,8.1,-92.8,437335426.2696856,10425.7,1675.0,-7146.9,0
2026-04-02T10:07:57.450015+00:00,14.78,8.14,14.78,8.14,-92.8,437335426.2696856,10424.7,1672.4,-7146.3,0
2026-04-02T10:07:57.817700+00:00,14.78,8.18,14.78,8.18,-92.8,437335426.2696856,10423.8,1669.7,-7145.6,0
2026-04-02T10:07:58.225489+00:00,14.79,8.22,14.79,8.22,-92.8,437335426.2696856,10422.7,1666.8,-7144.9,0
2026-04-02T10:07:58.593601+00:00,14.80,8.25,14.8,8.25,-92.8,437335426.2696856,10421.7,1664.2,-7144.2,0
2026-04-02T10:07:58.958158+00:00,14.80,8.29,14.8,8.29,-92.8,437335426.2696856,10420.8,1661.6,-7143.6,0
2026-04-02T10:07:59.366074+00:00,14.81,8.33,14.81,8.33,-92.8,437335426.2696856,10419.7,1658.7,-7142.8,0
2026-04-02T10:07:59.734733+00:00,14.81,8.37,14.81,8.37,-92.8,437335426.2696856,10418.7,1656.0,-7142.2,0
2026-04-02T10:08:00.099366+00:00,14.82,8.40,14.82,8.4,-92.8,437335426.2696856,10417.7,1653.4,-7141.5,0
2026-04-02T10:08:00.506037+00:00,14.82,8.44,14.82,8.44,-92.8,437335426.2696856,10416.6,1650.5,-7140.7,0
2026-04-02T10:08:00.874035+00:00,14.83,8.48,14.83,8.48,-92.8,437335426.2696856,10415.6,1647.9,-7140.0,0
2026-04-02T10:08:01.240697+00:00,14.84,8.52,14.84,8.52,-92.8,437335426.2696856,10414.6,1645.3,-7139.3,0
2026-04-02T10:08:01.644854+00:00,14.84,8.56,14.84,8.56,-92.8,437335426.2696856,10413.5,1642.4,-7138.6,0
2026-04-02T10:08:02.012568+00:00,14.85,8.59,14.85,8.59,-92.8,437335426.2696856,10412.4,1639.8,-7137.9,0
2026-04-02T10:08:02.373826+00:00,14.85,8.63,14.85,8.63,-92.8,437335426.2696856,10411.4,1637.2,-7137.2,0
2026-04-02T10:08:02.776682+00:00,14.86,8.67,14.86,8.67,-92.8,437335426.2696856,10410.3,1634.3,-7136.4,0
2026-04-02T10:08:03.136866+00:00,14.87,8.71,14.87,8.71,-92.8,437335426.2696856,10409.2,1631.7,-7135.7,0
2026-04-02T10:08:03.506094+00:00,14.87,8.74,14.87,8.74,-92.8,437335426.2696856,10408.2,1629.1,-7135.0,0
2026-04-02T10:08:03.908676+00:00,14.88,8.79,14.88,8.79,-92.8,437335426.2696856,10407.0,1626.2,-7134.2,0
2026-04-02T10:08:04.272722+00:00,14.88,8.82,14.88,8.82,-92.8,437335426.2696856,10406.0,1623.6,-7133.4,0
2026-04-02T10:08:04.638035+00:00,14.89,8.86,14.89,8.86,-92.8,437335426.2696856,10404.9,1621.0,-7132.7,0
2026-04-02T10:08:05.040708+00:00,14.90,8.90,14.9,8.9,-92.8,437335426.2696856,10403.7,1618.2,-7131.9,0
2026-04-02T10:08:05.404672+00:00,14.90,8.94,14.9,8.94,-92.8,437335426.2696856,10402.6,1615.6,-7131.2,0
2026-04-02T10:08:05.764792+00:00,14.91,8.98,14.91,8.98,-92.8,437335426.2696856,10401.6,1613.0,-7130.4,0
2026-04-02T10:08:06.172718+00:00,14.91,9.02,14.91,9.02,-92.8,437335426.2696856,10400.3,1610.1,-7129.6,0
2026-04-02T10:08:06.537770+00:00,14.92,9.06,14.92,9.06,-92.8,437335426.2696856,10399.2,1607.5,-7128.8,0
2026-04-02T10:08:06.906025+00:00,14.92,9.09,14.92,9.09,-92.8,437335426.2696856,10398.1,1604.9,-7128.1,0
2026-04-02T10:08:07.308704+00:00,14.93,9.14,14.93,9.14,-92.8,437335426.2696856,10396.9,1602.0,-7127.2,0
2026-04-02T10:08:07.672698+00:00,14.94,9.17,14.94,9.17,-92.8,437335426.2696856,10395.7,1599.4,-7126.4,0
2026-04-02T10:08:08.036690+00:00,14.94,9.21,14.94,9.21,-92.8,437335426.2696856,10394.6,1596.8,-7125.7,0
2026-04-02T10:08:08.440667+00:00,14.95,9.25,14.95,9.25,-92.8,437335426.2696856,10393.3,1593.9,-7124.8,0
2026-04-02T10:08:08.804675+00:00,14.96,9.29,14.96,9.29,-92.8,437335426.2696856,10392.2,1591.3,-7124.0,0
2026-04-02T10:08:09.169329+00:00,14.96,9.33,14.96,9.33,-92.8,437335426.2696856,10391.0,1588.7,-7123.2,0
2026-04-02T10:08:09.572683+00:00,14.97,9.37,14.97,9.37,-92.8,437335426.2696856,10389.8,1585.8,-7122.3,0
2026-04-02T10:08:09.936683+00:00,14.97,9.41,14.97,9.41,-92.8,437335426.2696856,10388.6,1583.2,-7121.5,0
2026-04-02T10:08:10.300693+00:00,14.98,9.45,14.98,9.45,-92.8,437335426.2696856,10387.4,1580.7,-7120.7,0
2026-04-02T10:08:10.704691+00:00,14.99,9.49,14.99,9.49,-92.8,437335426.2696856,10386.1,1577.8,-7119.8,0
2026-04-02T10:08:11.068814+00:00,14.99,9.53,14.99,9.53,-92.8,437335426.2696856,10384.9,1575.2,-7119.0,0
2026-04-02T10:08:11.432697+00:00,15.00,9.57,15.0,9.57,-92.8,437335426.2696856,10383.7,1572.6,-7118.2,0
2026-04-02T10:08:11.836707+00:00,15.01,9.61,15.01,9.61,-92.8,437335426.2696856,10382.3,1569.7,-7117.2,0
2026-04-02T10:08:12.204720+00:00,15.01,9.65,15.01,9.65,-92.8,437335426.2696856,10381.1,1567.1,-7116.4,0
2026-04-02T10:08:12.569753+00:00,15.02,9.69,15.02,9.69,-92.8,437335426.2696856,10379.9,1564.5,-7115.6,0
2026-04-02T10:08:12.978281+00:00,15.02,9.74,15.02,9.74,-92.8,437335426.2696856,10378.5,1561.6,-7114.6,0
2026-04-02T10:08:13.345373+00:00,15.03,9.78,15.03,9.78,-92.8,437335426.2696856,10377.3,1559.0,-7113.8,0
2026-04-02T10:08:13.710574+00:00,15.04,9.82,15.04,9.82,-92.8,437335426.2696856,10376.0,1556.4,-7112.9,0
2026-04-02T10:08:14.178204+00:00,15.04,9.87,15.04,9.87,-92.8,437335375.22308636,10374.4,1553.1,-7111.8,0
2026-04-02T10:08:14.545815+00:00,15.05,9.91,15.05,9.91,-92.8,437335375.22308636,10373.1,1550.5,-7110.9,0
2026-04-02T10:08:14.913730+00:00,15.06,9.95,15.06,9.95,-92.8,437335375.22308636,10371.8,1547.9,-7110.0,0
2026-04-02T10:08:15.320597+00:00,15.06,9.99,15.06,9.99,-92.8,437335375.22308636,10370.4,1545.0,-7109.0,0
2026-04-02T10:08:15.689754+00:00,15.07,10.03,15.07,10.03,-92.8,437335375.22308636,10369.1,1542.4,-7108.1,0
2026-04-02T10:08:16.058684+00:00,15.08,10.07,15.08,10.07,-92.8,437335375.22308636,10367.8,1539.8,-7107.2,0
2026-04-02T10:08:16.466944+00:00,15.08,10.12,15.08,10.12,-92.8,437335375.22308636,10366.3,1536.9,-7106.2,0
2026-04-02T10:08:16.830234+00:00,15.09,10.16,15.09,10.16,-92.8,437335375.22308636,10364.9,1534.2,-7105.3,0
2026-04-02T10:08:17.197558+00:00,15.10,10.20,15.1,10.2,-92.8,437335375.22308636,10363.6,1531.6,-7104.4,0
2026-04-02T10:08:17.606115+00:00,15.10,10.24,15.1,10.24,-92.8,437335375.22308636,10362.1,1528.8,-7103.4,0
2026-04-02T10:08:17.970066+00:00,15.11,10.28,15.11,10.28,-92.8,437335375.22308636,10360.8,1526.2,-7102.4,0
2026-04-02T10:08:18.337513+00:00,15.12,10.33,15.12,10.33,-92.8,437335375.22308636,10359.4,1523.5,-7101.5,0
2026-04-02T10:08:18.746744+00:00,15.12,10.37,15.12,10.37,-92.8,437335375.22308636,10357.8,1520.6,-7100.4,0
2026-04-02T10:08:19.109926+00:00,15.13,10.41,15.13,10.41,-92.8,437335375.22308636,10356.5,1518.1,-7099.5,0
2026-04-02T10:08:19.478297+00:00,15.14,10.45,15.14,10.45,-92.8,437335375.22308636,10355.1,1515.4,-7098.5,0
2026-04-02T10:08:19.886186+00:00,15.14,10.50,15.14,10.5,-92.8,437335375.22308636,10353.5,1512.5,-7097.5,0
2026-04-02T10:08:20.253523+00:00,15.15,10.54,15.15,10.54,-92.8,437335375.22308636,10352.1,1509.9,-7096.5,0
2026-04-02T10:08:20.617975+00:00,15.16,10.58,15.16,10.58,-92.8,437335375.22308636,10350.7,1507.3,-7095.5,0
2026-04-02T10:08:21.026203+00:00,15.16,10.63,15.16,10.63,-92.8,437335375.22308636,10349.1,1504.5,-7094.4,0
2026-04-02T10:08:21.390156+00:00,15.17,10.67,15.17,10.67,-92.8,437335375.22308636,10347.6,1501.8,-7093.4,0
2026-04-02T10:08:21.757737+00:00,15.18,10.71,15.18,10.71,-92.8,437335375.22308636,10346.2,1499.3,-7092.5,0
2026-04-02T10:08:22.165393+00:00,15.18,10.76,15.18,10.76,-92.8,437335375.22308636,10344.6,1496.4,-7091.3,0
2026-04-02T10:08:22.532733+00:00,15.19,10.80,15.19,10.8,-92.8,437335375.22308636,10343.1,1493.8,-7090.3,0
2026-04-02T10:08:22.892692+00:00,15.20,10.84,15.2,10.84,-92.8,437335375.22308636,10341.6,1491.2,-7089.3,0
2026-04-02T10:08:23.296668+00:00,15.20,10.89,15.2,10.89,-92.8,437335375.22308636,10340.0,1488.3,-7088.2,0
2026-04-02T10:08:23.660805+00:00,15.21,10.93,15.21,10.93,-92.8,437335375.22308636,10338.5,1485.7,-7087.2,0
2026-04-02T10:08:24.024754+00:00,15.22,10.98,15.22,10.98,-92.8,437335375.22308636,10337.0,1483.2,-7086.1,0
2026-04-02T10:08:24.428671+00:00,15.22,11.02,15.22,11.02,-92.8,437335375.22308636,10335.3,1480.3,-7085.0,0
2026-04-02T10:08:24.792678+00:00,15.23,11.06,15.23,11.06,-92.8,437335375.22308636,10333.8,1477.7,-7083.9,0
2026-04-02T10:08:25.156678+00:00,15.24,11.11,15.24,11.11,-92.8,437335375.22308636,10332.2,1475.2,-7082.9,0
2026-04-02T10:08:25.560700+00:00,15.24,11.15,15.24,11.15,-92.8,437335375.22308636,10330.5,1472.3,-7081.7,0
2026-04-02T10:08:25.924669+00:00,15.25,11.20,15.25,11.2,-92.8,437335375.22308636,10329.0,1469.7,-7080.7,0
2026-04-02T10:08:26.288696+00:00,15.26,11.24,15.26,11.24,-92.8,437335375.22308636,10327.4,1467.1,-7079.6,0
2026-04-02T10:08:26.692687+00:00,15.27,11.29,15.27,11.29,-92.8,437335375.22308636,10325.7,1464.3,-7078.4,0
2026-04-02T10:08:27.116813+00:00,15.27,11.33,15.27,11.33,-92.8,437335324.07391804,10324.1,1461.7,-7077.3,0
2026-04-02T10:08:27.485984+00:00,15.28,11.38,15.28,11.38,-92.8,437335324.07391804,10322.2,1458.7,-7076.0,0
2026-04-02T10:08:27.894092+00:00,15.29,11.43,15.29,11.43,-92.8,437335324.07391804,10320.4,1455.8,-7074.8,0
2026-04-02T10:08:28.259078+00:00,15.30,11.47,15.3,11.47,-92.8,437335324.07391804,10318.8,1453.2,-7073.7,0
2026-04-02T10:08:28.625911+00:00,15.30,11.52,15.3,11.52,-92.8,437335324.07391804,10317.1,1450.6,-7072.6,0
2026-04-02T10:08:29.032112+00:00,15.31,11.57,15.31,11.57,-92.8,437335324.07391804,10315.3,1447.8,-7071.3,0
2026-04-02T10:08:29.398313+00:00,15.32,11.61,15.32,11.61,-92.8,437335324.07391804,10313.7,1445.2,-7070.2,0
2026-04-02T10:08:29.765734+00:00,15.32,11.66,15.32,11.66,-92.8,437335324.07391804,10312.0,1442.5,-7069.0,0
2026-04-02T10:08:30.173571+00:00,15.33,11.71,15.33,11.71,-92.8,437335324.07391804,10310.1,1439.7,-7067.7,0
2026-04-02T10:08:30.542948+00:00,15.34,11.75,15.34,11.75,-92.8,437335324.07391804,10308.4,1437.1,-7066.6,0
2026-04-02T10:08:30.906121+00:00,15.35,11.80,15.35,11.8,-92.8,437335324.07391804,10306.7,1434.5,-7065.4,0
2026-04-02T10:08:31.314123+00:00,15.35,11.85,15.35,11.85,-92.8,437335324.07391804,10304.8,1431.6,-7064.1,0
2026-04-02T10:08:31.682842+00:00,15.36,11.89,15.36,11.89,-92.8,437335324.07391804,10303.1,1429.0,-7062.9,0
2026-04-02T10:08:32.046207+00:00,15.37,11.94,15.37,11.94,-92.8,437335324.07391804,10301.3,1426.4,-7061.7,0
2026-04-02T10:08:32.448658+00:00,15.38,11.99,15.38,11.99,-92.8,437335324.07391804,10299.4,1423.6,-7060.4,0
2026-04-02T10:08:32.816939+00:00,15.38,12.03,15.38,12.03,-92.8,437335324.07391804,10297.6,1421.0,-7059.2,0
2026-04-02T10:08:33.176834+00:00,15.39,12.08,15.39,12.08,-92.8,437335324.07391804,10295.9,1418.4,-7058.0,0
2026-04-02T10:08:33.580995+00:00,15.40,12.13,15.4,12.13,-92.8,437335324.07391804,10293.9,1415.6,-7056.6,0
2026-04-02T10:08:33.944680+00:00,15.41,12.17,15.41,12.17,-92.8,437335324.07391804,10292.1,1413.0,-7055.4,0
2026-04-02T10:08:34.308689+00:00,15.41,12.22,15.41,12.22,-92.8,437335324.07391804,10290.3,1410.4,-7054.1,0
2026-04-02T10:08:34.712704+00:00,15.42,12.27,15.42,12.27,-92.8,437335324.07391804,10288.3,1407.6,-7052.8,0
2026-04-02T10:08:35.076684+00:00,15.43,12.31,15.43,12.31,-92.8,437335324.07391804,10286.5,1405.0,-7051.5,0
2026-04-02T10:08:35.440682+00:00,15.43,12.36,15.43,12.36,-92.8,437335324.07391804,10284.6,1402.5,-7050.2,0
2026-04-02T10:08:35.844683+00:00,15.44,12.41,15.44,12.41,-92.8,437335324.07391804,10282.6,1399.6,-7048.8,0
2026-04-02T10:08:36.208821+00:00,15.45,12.46,15.45,12.46,-92.8,437335324.07391804,10280.7,1397.0,-7047.6,0
2026-04-02T10:08:36.572682+00:00,15.46,12.50,15.46,12.5,-92.8,437335324.07391804,10278.8,1394.5,-7046.3,0
2026-04-02T10:08:36.977004+00:00,15.47,12.56,15.47,12.56,-92.8,437335324.07391804,10276.7,1391.6,-7044.8,0
2026-04-02T10:08:37.341766+00:00,15.47,12.60,15.47,12.6,-92.8,437335324.07391804,10274.8,1389.1,-7043.5,0
2026-04-02T10:08:37.710726+00:00,15.48,12.65,15.48,12.65,-92.8,437335324.07391804,10272.9,1386.5,-7042.2,0
2026-04-02T10:08:38.177580+00:00,15.49,12.71,15.49,12.71,-92.8,437335271.71244115,10270.4,1383.2,-7040.5,0
2026-04-02T10:08:38.546900+00:00,15.50,12.76,15.5,12.76,-92.8,437335271.71244115,10268.5,1380.6,-7039.2,0
2026-04-02T10:08:38.914803+00:00,15.51,12.80,15.51,12.8,-92.8,437335271.71244115,10266.5,1378.1,-7037.8,0
2026-04-02T10:08:39.322828+00:00,15.51,12.86,15.51,12.86,-92.8,437335271.71244115,10264.3,1375.2,-7036.3,0
2026-04-02T10:08:39.685745+00:00,15.52,12.90,15.52,12.9,-92.8,437335271.71244115,10262.3,1372.6,-7035.0,0
2026-04-02T10:08:40.054157+00:00,15.53,12.95,15.53,12.95,-92.8,437335271.71244115,10260.3,1370.0,-7033.6,0
2026-04-02T10:08:40.462060+00:00,15.54,13.01,15.54,13.01,-92.8,437335271.71244115,10258.0,1367.1,-7032.0,0
2026-04-02T10:08:40.825734+00:00,15.55,13.05,15.55,13.05,-92.8,437335271.71244115,10256.0,1364.6,-7030.6,0
2026-04-02T10:08:41.193579+00:00,15.55,13.10,15.55,13.1,-92.8,437335271.71244115,10254.0,1362.0,-7029.2,0
2026-04-02T10:08:41.598769+00:00,15.56,13.16,15.56,13.16,-92.8,437335271.71244115,10251.7,1359.1,-7027.7,0
2026-04-02T10:08:41.966038+00:00,15.57,13.21,15.57,13.21,-92.8,437335271.71244115,10249.6,1356.6,-7026.2,0
2026-04-02T10:08:42.333770+00:00,15.58,13.25,15.58,13.25,-92.8,437335271.71244115,10247.5,1354.0,-7024.8,0
2026-04-02T10:08:42.741892+00:00,15.59,13.31,15.59,13.31,-92.8,437335271.71244115,10245.2,1351.1,-7023.2,0
2026-04-02T10:08:43.115418+00:00,15.59,13.36,15.59,13.36,-92.8,437335271.71244115,10243.0,1348.6,-7021.8,0
2026-04-02T10:08:43.473748+00:00,15.60,13.41,15.6,13.41,-92.8,437335271.71244115,10240.9,1346.0,-7020.3,0
2026-04-02T10:08:43.881756+00:00,15.61,13.46,15.61,13.46,-92.8,437335271.71244115,10238.5,1343.1,-7018.6,0
2026-04-02T10:08:44.250051+00:00,15.62,13.51,15.62,13.51,-92.8,437335271.71244115,10236.3,1340.5,-7017.1,0
2026-04-02T10:08:44.613922+00:00,15.63,13.56,15.63,13.56,-92.8,437335271.71244115,10234.2,1338.0,-7015.7,0
2026-04-02T10:08:45.022147+00:00,15.64,13.62,15.64,13.62,-92.8,437335271.71244115,10231.7,1335.1,-7014.0,0
2026-04-02T10:08:45.390780+00:00,15.64,13.67,15.64,13.67,-92.8,437335271.71244115,10229.5,1332.5,-7012.5,0
2026-04-02T10:08:45.753740+00:00,15.65,13.72,15.65,13.72,-92.8,437335271.71244115,10227.3,1330.0,-7011.0,0
2026-04-02T10:08:46.161350+00:00,15.66,13.77,15.66,13.77,-92.8,437335271.71244115,10224.8,1327.1,-7009.2,0
2026-04-02T10:08:46.530118+00:00,15.67,13.82,15.67,13.82,-92.8,437335271.71244115,10222.6,1324.6,-7007.7,0
2026-04-02T10:08:46.893715+00:00,15.68,13.87,15.68,13.87,-92.8,437335271.71244115,10220.3,1322.0,-7006.1,0
2026-04-02T10:08:47.366432+00:00,15.69,13.94,15.69,13.94,-92.8,437335218.8658982,10217.4,1318.7,-7004.1,0
2026-04-02T10:08:47.729750+00:00,15.70,13.99,15.7,13.99,-92.8,437335218.8658982,10215.0,1316.1,-7002.6,0
2026-04-02T10:08:48.097598+00:00,15.70,14.04,15.7,14.04,-92.8,437335218.8658982,10212.7,1313.6,-7001.0,0
2026-04-02T10:08:48.506272+00:00,15.71,14.10,15.71,14.1,-92.8,437335218.8658982,10210.1,1310.7,-6999.2,0
2026-04-02T10:08:48.874037+00:00,15.72,14.15,15.72,14.15,-92.8,437335218.8658982,10207.7,1308.1,-6997.6,0
2026-04-02T10:08:49.237793+00:00,15.73,14.20,15.73,14.2,-92.8,437335218.8658982,10205.4,1305.6,-6995.9,0
2026-04-02T10:08:49.645844+00:00,15.74,14.26,15.74,14.26,-92.8,437335218.8658982,10202.7,1302.7,-6994.1,0
2026-04-02T10:08:50.014326+00:00,15.75,14.31,15.75,14.31,-92.8,437335218.8658982,10200.3,1300.1,-6992.5,0
2026-04-02T10:08:50.378057+00:00,15.76,14.36,15.76,14.36,-92.8,437335218.8658982,10197.9,1297.6,-6990.8,0
2026-04-02T10:08:50.786164+00:00,15.77,14.42,15.77,14.42,-92.8,437335218.8658982,10195.2,1294.8,-6989.0,0
2026-04-02T10:08:51.157560+00:00,15.77,14.47,15.77,14.47,-92.8,437335218.8658982,10192.7,1292.2,-6987.3,0
2026-04-02T10:08:51.522175+00:00,15.78,14.53,15.78,14.53,-92.8,437335218.8658982,10190.3,1289.6,-6985.6,0
2026-04-02T10:08:51.929746+00:00,15.79,14.59,15.79,14.59,-92.8,437335218.8658982,10187.5,1286.8,-6983.7,0
2026-04-02T10:08:52.296678+00:00,15.80,14.64,15.8,14.64,-92.8,437335218.8658982,10185.0,1284.2,-6981.9,0
2026-04-02T10:08:52.661872+00:00,15.81,14.69,15.81,14.69,-92.8,437335218.8658982,10182.5,1281.7,-6980.2,0
2026-04-02T10:08:53.064701+00:00,15.82,14.75,15.82,14.75,-92.8,437335218.8658982,10179.7,1278.8,-6978.3,0
2026-04-02T10:08:53.433800+00:00,15.83,14.80,15.83,14.8,-92.8,437335218.8658982,10177.1,1276.3,-6976.6,0
2026-04-02T10:08:53.788771+00:00,15.84,14.86,15.84,14.86,-92.8,437335218.8658982,10174.6,1273.8,-6974.8,0
2026-04-02T10:08:54.196682+00:00,15.85,14.92,15.85,14.92,-92.8,437335218.8658982,10171.7,1270.9,-6972.9,0
2026-04-02T10:08:54.556878+00:00,15.86,14.97,15.86,14.97,-92.8,437335218.8658982,10169.1,1268.4,-6971.1,0
2026-04-02T10:08:54.920740+00:00,15.86,15.02,15.86,15.02,-92.8,437335218.8658982,10166.5,1265.9,-6969.3,0
2026-04-02T10:08:55.388684+00:00,15.88,15.09,15.88,15.09,-92.8,437335164.9060544,10163.1,1262.6,-6967.0,0
2026-04-02T10:08:55.752683+00:00,15.88,15.15,15.88,15.15,-92.8,437335164.9060544,10160.5,1260.1,-6965.2,0
2026-04-02T10:08:56.117842+00:00,15.89,15.20,15.89,15.2,-92.8,437335164.9060544,10157.8,1257.6,-6963.3,0
2026-04-02T10:08:56.520714+00:00,15.90,15.26,15.9,15.26,-92.8,437335164.9060544,10154.8,1254.7,-6961.3,0
2026-04-02T10:08:56.885303+00:00,15.91,15.32,15.91,15.32,-92.8,437335164.9060544,10152.1,1252.2,-6959.4,0
2026-04-02T10:08:57.249818+00:00,15.92,15.37,15.92,15.37,-92.8,437335164.9060544,10149.4,1249.7,-6957.6,0
2026-04-02T10:08:57.658052+00:00,15.93,15.43,15.93,15.43,-92.8,437335164.9060544,10146.3,1246.8,-6955.5,0
2026-04-02T10:08:58.021797+00:00,15.94,15.49,15.94,15.49,-92.8,437335164.9060544,10143.5,1244.3,-6953.5,0
2026-04-02T10:08:58.390040+00:00,15.95,15.55,15.95,15.55,-92.8,437335164.9060544,10140.8,1241.7,-6951.6,0
2026-04-02T10:08:58.797792+00:00,15.96,15.61,15.96,15.61,-92.8,437335164.9060544,10137.6,1238.9,-6949.5,0
2026-04-02T10:08:59.161620+00:00,15.97,15.66,15.97,15.66,-92.8,437335164.9060544,10134.8,1236.4,-6947.5,0
2026-04-02T10:08:59.530081+00:00,15.98,15.72,15.98,15.72,-92.8,437335164.9060544,10131.9,1233.8,-6945.6,0
2026-04-02T10:08:59.938041+00:00,15.99,15.78,15.99,15.78,-92.8,437335164.9060544,10128.7,1231.0,-6943.4,0
2026-04-02T10:09:00.302039+00:00,16.00,15.84,16.0,15.84,-92.8,437335164.9060544,10125.8,1228.5,-6941.4,0
2026-04-02T10:09:00.669759+00:00,16.01,15.90,16.01,15.9,-92.8,437335164.9060544,10122.9,1225.9,-6939.4,0
2026-04-02T10:09:01.077462+00:00,16.02,15.96,16.02,15.96,-92.8,437335164.9060544,10119.6,1223.1,-6937.1,0
2026-04-02T10:09:01.441720+00:00,16.03,16.02,16.03,16.02,-92.8,437335164.9060544,10116.7,1220.6,-6935.1,0
2026-04-02T10:09:01.809770+00:00,16.04,16.08,16.04,16.08,-92.8,437335164.9060544,10113.7,1218.0,-6933.1,0
2026-04-02T10:09:02.277527+00:00,16.05,16.15,16.05,16.15,-92.8,437335111.7959661,10109.8,1214.8,-6930.4,0
2026-04-02T10:09:02.646328+00:00,16.06,16.21,16.06,16.21,-92.8,437335111.7959661,10106.8,1212.2,-6928.3,0
2026-04-02T10:09:03.009868+00:00,16.07,16.27,16.07,16.27,-92.8,437335111.7959661,10103.7,1209.7,-6926.2,0
2026-04-02T10:09:03.416707+00:00,16.08,16.33,16.08,16.33,-92.8,437335111.7959661,10100.3,1206.9,-6923.9,0
2026-04-02T10:09:03.784728+00:00,16.09,16.39,16.09,16.39,-92.8,437335111.7959661,10097.2,1204.3,-6921.8,0
2026-04-02T10:09:04.144853+00:00,16.10,16.45,16.1,16.45,-92.8,437335111.7959661,10094.1,1201.8,-6919.7,0
2026-04-02T10:09:04.549232+00:00,16.11,16.51,16.11,16.51,-92.8,437335111.7959661,10090.7,1199.0,-6917.3,0
2026-04-02T10:09:04.912690+00:00,16.12,16.57,16.12,16.57,-92.8,437335111.7959661,10087.5,1196.5,-6915.1,0
2026-04-02T10:09:05.276678+00:00,16.13,16.63,16.13,16.63,-92.8,437335111.7959661,10084.3,1194.0,-6913.0,0
2026-04-02T10:09:05.680701+00:00,16.14,16.70,16.14,16.7,-92.8,437335111.7959661,10080.8,1191.2,-6910.5,0
2026-04-02T10:09:06.040781+00:00,16.15,16.76,16.15,16.76,-92.8,437335111.7959661,10077.6,1188.7,-6908.3,0
2026-04-02T10:09:06.405330+00:00,16.16,16.82,16.16,16.82,-92.8,437335111.7959661,10074.4,1186.2,-6906.1,0
2026-04-02T10:09:06.808715+00:00,16.17,16.88,16.17,16.88,-92.8,437335111.7959661,10070.7,1183.4,-6903.6,0
2026-04-02T10:09:07.173105+00:00,16.18,16.94,16.18,16.94,-92.8,437335111.7959661,10067.5,1180.9,-6901.4,0
2026-04-02T10:09:07.536806+00:00,16.19,17.00,16.19,17.0,-92.8,437335111.7959661,10064.1,1178.4,-6899.1,0
2026-04-02T10:09:07.940774+00:00,16.20,17.07,16.2,17.07,-92.8,437335111.7959661,10060.4,1175.6,-6896.6,0
2026-04-02T10:09:08.369717+00:00,16.21,17.13,16.21,17.13,-92.8,437335057.09320915,10057.1,1173.1,-6894.3,0
2026-04-02T10:09:08.738257+00:00,16.23,17.20,16.23,17.2,-92.8,437335057.09320915,10053.1,1170.1,-6891.6,0
2026-04-02T10:09:09.145827+00:00,16.24,17.27,16.24,17.27,-92.8,437335057.09320915,10049.3,1167.3,-6888.9,0
2026-04-02T10:09:09.514396+00:00,16.25,17.33,16.25,17.33,-92.8,437335057.09320915,10045.9,1164.8,-6886.6,0
2026-04-02T10:09:09.878072+00:00,16.26,17.40,16.26,17.4,-92.8,437335057.09320915,10042.4,1162.3,-6884.2,0
2026-04-02T10:09:10.285748+00:00,16.27,17.46,16.27,17.46,-92.8,437335057.09320915,10038.5,1159.5,-6881.5,0
2026-04-02T10:09:10.649863+00:00,16.28,17.53,16.28,17.53,-92.8,437335057.09320915,10035.0,1156.9,-6879.1,0
2026-04-02T10:09:11.018235+00:00,16.29,17.59,16.29,17.59,-92.8,437335057.09320915,10031.4,1154.4,-6876.7,0
2026-04-02T10:09:11.426046+00:00,16.30,17.66,16.3,17.66,-92.8,437335057.09320915,10027.4,1151.6,-6873.9,0
2026-04-02T10:09:11.789760+00:00,16.31,17.72,16.31,17.72,-92.8,437335057.09320915,10023.8,1149.1,-6871.5,0
2026-04-02T10:09:12.157653+00:00,16.33,17.79,16.33,17.79,-92.8,437335057.09320915,10020.2,1146.6,-6869.0,0
2026-04-02T10:09:12.565788+00:00,16.34,17.86,16.34,17.86,-92.8,437335057.09320915,10016.1,1143.8,-6866.2,0
2026-04-02T10:09:12.930014+00:00,16.35,17.92,16.35,17.92,-92.8,437335057.09320915,10012.4,1141.3,-6863.7,0
2026-04-02T10:09:13.298013+00:00,16.36,17.99,16.36,17.99,-92.8,437335057.09320915,10008.7,1138.8,-6861.1,0
2026-04-02T10:09:13.765763+00:00,16.37,18.07,16.37,18.07,-92.8,437335006.3642888,10003.9,1135.5,-6857.8,0
2026-04-02T10:09:14.134284+00:00,16.38,18.13,16.38,18.13,-92.8,437335006.3642888,10000.1,1133.0,-6855.2,0
2026-04-02T10:09:14.498924+00:00,16.40,18.20,16.4,18.2,-92.8,437335006.3642888,9996.3,1130.5,-6852.6,0
2026-04-02T10:09:14.906042+00:00,16.41,18.27,16.41,18.27,-92.8,437335006.3642888,9992.1,1127.7,-6849.7,0
2026-04-02T10:09:15.269698+00:00,16.42,18.34,16.42,18.34,-92.8,437335006.3642888,9988.2,1125.2,-6847.0,0
2026-04-02T10:09:15.637880+00:00,16.43,18.40,16.43,18.4,-92.8,437335006.3642888,9984.3,1122.7,-6844.4,0
2026-04-02T10:09:16.046955+00:00,16.44,18.47,16.44,18.47,-92.8,437335006.3642888,9979.9,1119.9,-6841.4,0
2026-04-02T10:09:16.410217+00:00,16.45,18.54,16.45,18.54,-92.8,437335006.3642888,9976.0,1117.4,-6838.7,0
2026-04-02T10:09:16.778030+00:00,16.47,18.61,16.47,18.61,-92.8,437335006.3642888,9972.0,1114.9,-6836.0,0
2026-04-02T10:09:17.185581+00:00,16.48,18.68,16.48,18.68,-92.8,437335006.3642888,9967.6,1112.1,-6832.9,0
2026-04-02T10:09:17.554961+00:00,16.49,18.75,16.49,18.75,-92.8,437335006.3642888,9963.5,1109.6,-6830.1,0
2026-04-02T10:09:17.918018+00:00,16.50,18.82,16.5,18.82,-92.8,437335006.3642888,9959.5,1107.1,-6827.4,0
2026-04-02T10:09:18.324689+00:00,16.51,18.89,16.51,18.89,-92.8,437335006.3642888,9954.9,1104.3,-6824.2,0
2026-04-02T10:09:18.748690+00:00,16.53,18.96,16.53,18.96,-92.8,437334950.7968182,9950.8,1101.9,-6821.4,0
2026-04-02T10:09:19.112686+00:00,16.54,19.04,16.54,19.04,-92.8,437334950.7968182,9945.9,1098.9,-6818.1,0
2026-04-02T10:09:19.516777+00:00,16.55,19.11,16.55,19.11,-92.8,437334950.7968182,9941.3,1096.2,-6814.9,0
2026-04-02T10:09:19.880677+00:00,16.56,19.18,16.56,19.18,-92.8,437334950.7968182,9937.1,1093.7,-6812.0,0
2026-04-02T10:09:20.244847+00:00,16.58,19.25,16.58,19.25,-92.8,437334950.7968182,9932.9,1091.2,-6809.1,0
2026-04-02T10:09:20.648769+00:00,16.59,19.33,16.59,19.33,-92.8,437334950.7968182,9928.1,1088.5,-6805.9,0
2026-04-02T10:09:21.012790+00:00,16.60,19.39,16.6,19.39,-92.8,437334950.7968182,9923.8,1086.0,-6802.9,0
2026-04-02T10:09:21.376687+00:00,16.61,19.46,16.61,19.46,-92.8,437334950.7968182,9919.5,1083.5,-6800.0,0
2026-04-02T10:09:21.780696+00:00,16.63,19.54,16.63,19.54,-92.8,437334950.7968182,9914.7,1080.8,-6796.6,0
2026-04-02T10:09:22.144781+00:00,16.64,19.61,16.64,19.61,-92.8,437334950.7968182,9910.3,1078.3,-6793.6,0
2026-04-02T10:09:22.508841+00:00,16.65,19.68,16.65,19.68,-92.8,437334950.7968182,9905.9,1075.8,-6790.6,0
2026-04-02T10:09:22.912683+00:00,16.67,19.76,16.67,19.76,-92.8,437334950.7968182,9900.9,1073.1,-6787.2,0
2026-04-02T10:09:23.338147+00:00,16.68,19.83,16.68,19.83,-92.8,437334896.40532976,9896.4,1070.6,-6784.1,0
2026-04-02T10:09:23.705735+00:00,16.69,19.91,16.69,19.91,-92.8,437334896.40532976,9891.1,1067.7,-6780.5,0
2026-04-02T10:09:24.113696+00:00,16.71,19.99,16.71,19.99,-92.8,437334896.40532976,9886.0,1065.0,-6777.0,0
2026-04-02T10:09:24.482550+00:00,16.72,20.06,16.72,20.06,-92.8,437334896.40532976,9881.3,1062.5,-6773.8,0
2026-04-02T10:09:24.846144+00:00,16.73,20.14,16.73,20.14,-92.8,437334896.40532976,9876.7,1060.0,-6770.6,0
2026-04-02T10:09:25.253504+00:00,16.75,20.22,16.75,20.22,-92.8,437334896.40532976,9871.5,1057.3,-6767.0,0
2026-04-02T10:09:25.623134+00:00,16.76,20.29,16.76,20.29,-92.8,437334896.40532976,9866.7,1054.8,-6763.8,0
2026-04-02T10:09:25.986073+00:00,16.77,20.36,16.77,20.36,-92.8,437334896.40532976,9862.0,1052.3,-6760.5,0
2026-04-02T10:09:26.394112+00:00,16.79,20.44,16.79,20.44,-92.8,437334896.40532976,9856.6,1049.6,-6756.8,0
2026-04-02T10:09:26.761747+00:00,16.80,20.52,16.8,20.52,-92.8,437334896.40532976,9851.7,1047.1,-6753.5,0
2026-04-02T10:09:27.125546+00:00,16.81,20.59,16.81,20.59,-92.8,437334896.40532976,9846.9,1044.6,-6750.2,0
2026-04-02T10:09:27.598274+00:00,16.83,20.69,16.83,20.69,-92.8,437334843.8166339,9840.5,1041.4,-6745.8,0
2026-04-02T10:09:27.961779+00:00,16.84,20.76,16.84,20.76,-92.8,437334843.8166339,9835.5,1038.9,-6742.4,0
2026-04-02T10:09:28.330039+00:00,16.86,20.84,16.86,20.84,-92.8,437334843.8166339,9830.5,1036.5,-6739.0,0
2026-04-02T10:09:28.738074+00:00,16.87,20.92,16.87,20.92,-92.8,437334843.8166339,9824.9,1033.7,-6735.1,0
2026-04-02T10:09:29.101497+00:00,16.88,21.00,16.88,21.0,-92.8,437334843.8166339,9819.8,1031.3,-6731.6,0
2026-04-02T10:09:29.469864+00:00,16.90,21.07,16.9,21.07,-92.8,437334843.8166339,9814.7,1028.8,-6728.1,0
2026-04-02T10:09:29.878176+00:00,16.91,21.16,16.91,21.16,-92.8,437334843.8166339,9808.9,1026.1,-6724.2,0
2026-04-02T10:09:30.242596+00:00,16.93,21.24,16.93,21.24,-92.8,437334843.8166339,9803.7,1023.6,-6720.6,0
2026-04-02T10:09:30.609884+00:00,16.94,21.31,16.94,21.31,-92.8,437334843.8166339,9798.5,1021.2,-6717.0,0
2026-04-02T10:09:31.017900+00:00,16.96,21.40,16.96,21.4,-92.8,437334843.8166339,9792.6,1018.4,-6712.9,0
2026-04-02T10:09:31.445785+00:00,16.97,21.48,16.97,21.48,-92.8,437334787.2120767,9787.2,1015.9,-6709.3,0
2026-04-02T10:09:31.810035+00:00,16.99,21.57,16.99,21.57,-92.8,437334787.2120767,9781.0,1013.1,-6705.0,0
2026-04-02T10:09:32.217603+00:00,17.00,21.65,17.0,21.65,-92.8,437334787.2120767,9774.9,1010.4,-6700.9,0
2026-04-02T10:09:32.585771+00:00,17.02,21.73,17.02,21.73,-92.8,437334787.2120767,9769.4,1007.9,-6697.1,0
2026-04-02T10:09:32.950190+00:00,17.03,21.81,17.03,21.81,-92.8,437334787.2120767,9763.9,1005.4,-6693.3,0
2026-04-02T10:09:33.356723+00:00,17.05,21.90,17.05,21.9,-92.8,437334787.2120767,9757.8,1002.7,-6689.1,0
2026-04-02T10:09:33.720676+00:00,17.06,21.98,17.06,21.98,-92.8,437334787.2120767,9752.1,1000.3,-6685.2,0
2026-04-02T10:09:34.084726+00:00,17.07,22.06,17.07,22.06,-92.8,437334787.2120767,9746.5,997.8,-6681.4,0
2026-04-02T10:09:34.493590+00:00,17.09,22.15,17.09,22.15,-92.8,437334787.2120767,9740.3,995.1,-6677.1,0
2026-04-02T10:09:34.920821+00:00,17.11,22.23,17.11,22.23,-92.8,437334734.4987311,9734.5,992.7,-6673.1,0
2026-04-02T10:09:35.281334+00:00,17.12,22.32,17.12,22.32,-92.8,437334734.4987311,9727.8,989.9,-6668.5,0
2026-04-02T10:09:35.684741+00:00,17.14,22.41,17.14,22.41,-92.8,437334734.4987311,9721.4,987.2,-6664.1,0
2026-04-02T10:09:36.048710+00:00,17.15,22.49,17.15,22.49,-92.8,437334734.4987311,9715.5,984.7,-6660.1,0
2026-04-02T10:09:36.412678+00:00,17.17,22.57,17.17,22.57,-92.8,437334734.4987311,9709.6,982.3,-6656.1,0
2026-04-02T10:09:36.816710+00:00,17.19,22.67,17.19,22.67,-92.8,437334734.4987311,9703.0,979.6,-6651.6,0
2026-04-02T10:09:37.180699+00:00,17.20,22.75,17.2,22.75,-92.8,437334734.4987311,9697.0,977.2,-6647.5,0
2026-04-02T10:09:37.545107+00:00,17.22,22.83,17.22,22.83,-92.8,437334734.4987311,9691.0,974.8,-6643.3,0
2026-04-02T10:09:37.948715+00:00,17.23,22.92,17.23,22.92,-92.8,437334734.4987311,9684.3,972.1,-6638.7,0
2026-04-02T10:09:38.378099+00:00,17.25,23.01,17.25,23.01,-92.8,437334678.12637866,9678.1,969.7,-6634.5,0
2026-04-02T10:09:38.741563+00:00,17.27,23.10,17.27,23.1,-92.8,437334678.12637866,9670.9,966.9,-6629.6,0
2026-04-02T10:09:39.149792+00:00,17.28,23.20,17.28,23.2,-92.8,437334678.12637866,9663.9,964.2,-6624.8,0
2026-04-02T10:09:39.518476+00:00,17.30,23.28,17.3,23.28,-92.8,437334678.12637866,9657.6,961.7,-6620.4,0
2026-04-02T10:09:39.882189+00:00,17.32,23.37,17.32,23.37,-92.8,437334678.12637866,9651.2,959.3,-6616.1,0
2026-04-02T10:09:40.293632+00:00,17.33,23.47,17.33,23.47,-92.8,437334678.12637866,9644.1,956.6,-6611.1,0
2026-04-02T10:09:40.657743+00:00,17.35,23.55,17.35,23.55,-92.8,437334678.12637866,9637.5,954.2,-6606.7,0
2026-04-02T10:09:41.025958+00:00,17.37,23.64,17.37,23.64,-92.8,437334678.12637866,9631.0,951.8,-6602.2,0
2026-04-02T10:09:41.494325+00:00,17.39,23.75,17.39,23.75,-92.8,437334626.8931608,9622.5,948.7,-6596.4,0
2026-04-02T10:09:41.862049+00:00,17.40,23.84,17.4,23.84,-92.8,437334626.8931608,9615.9,946.3,-6591.8,0
2026-04-02T10:09:42.229657+00:00,17.42,23.93,17.42,23.93,-92.8,437334626.8931608,9609.2,943.9,-6587.2,0
2026-04-02T10:09:42.639430+00:00,17.44,24.02,17.44,24.02,-92.8,437334626.8931608,9601.6,941.2,-6582.1,0
2026-04-02T10:09:43.002147+00:00,17.45,24.11,17.45,24.11,-92.8,437334626.8931608,9594.8,938.7,-6577.4,0
2026-04-02T10:09:43.370113+00:00,17.47,24.20,17.47,24.2,-92.8,437334626.8931608,9587.8,936.3,-6572.6,0
2026-04-02T10:09:43.778081+00:00,17.49,24.30,17.49,24.3,-92.8,437334626.8931608,9580.2,933.7,-6567.4,0
2026-04-02T10:09:44.201517+00:00,17.51,24.39,17.51,24.39,-92.8,437334573.1854657,9573.2,931.3,-6562.6,0
2026-04-02T10:09:44.569798+00:00,17.53,24.50,17.53,24.5,-92.8,437334573.1854657,9564.9,928.4,-6556.9,0
2026-04-02T10:09:44.978868+00:00,17.55,24.60,17.55,24.6,-92.8,437334573.1854657,9557.0,925.8,-6551.5,0
2026-04-02T10:09:45.342084+00:00,17.56,24.69,17.56,24.69,-92.8,437334573.1854657,9549.8,923.4,-6546.5,0
2026-04-02T10:09:45.709732+00:00,17.58,24.78,17.58,24.78,-92.8,437334573.1854657,9542.6,921.0,-6541.6,0
2026-04-02T10:09:46.117706+00:00,17.60,24.89,17.6,24.89,-92.8,437334573.1854657,9534.5,918.3,-6536.0,0
2026-04-02T10:09:46.481956+00:00,17.62,24.98,17.62,24.98,-92.8,437334573.1854657,9527.1,915.9,-6530.9,0
2026-04-02T10:09:46.850112+00:00,17.64,25.07,17.64,25.07,-92.8,437334573.1854657,9519.7,913.5,-6525.9,0
2026-04-02T10:09:47.318097+00:00,17.66,25.19,17.66,25.19,-92.8,437334515.05234534,9510.1,910.5,-6519.3,0
2026-04-02T10:09:47.685819+00:00,17.68,25.29,17.68,25.29,-92.8,437334515.05234534,9502.5,908.1,-6514.1,0
2026-04-02T10:09:48.050383+00:00,17.69,25.38,17.69,25.38,-92.8,437334515.05234534,9495.0,905.7,-6508.9,0
2026-04-02T10:09:48.456678+00:00,17.72,25.49,17.72,25.49,-92.8,437334515.05234534,9486.4,903.1,-6503.0,0
2026-04-02T10:09:48.820682+00:00,17.73,25.58,17.73,25.58,-92.8,437334515.05234534,9478.7,900.7,-6497.8,0
2026-04-02T10:09:49.184727+00:00,17.75,25.68,17.75,25.68,-92.8,437334515.05234534,9470.9,898.3,-6492.4,0
2026-04-02T10:09:49.588683+00:00,17.77,25.78,17.77,25.78,-92.8,437334515.05234534,9462.2,895.7,-6486.5,0
2026-04-02T10:09:50.012812+00:00,17.79,25.88,17.79,25.88,-92.8,437334454.29018193,9454.3,893.3,-6481.0,0
2026-04-02T10:09:50.376737+00:00,17.81,25.99,17.81,25.99,-92.8,437334454.29018193,9445.0,890.6,-6474.7,0
2026-04-02T10:09:50.780698+00:00,17.83,26.10,17.83,26.1,-92.8,437334454.29018193,9436.1,888.0,-6468.6,0
2026-04-02T10:09:51.144677+00:00,17.85,26.20,17.85,26.2,-92.8,437334454.29018193,9427.9,885.6,-6463.0,0
2026-04-02T10:09:51.509982+00:00,17.87,26.29,17.87,26.29,-92.8,437334454.29018193,9419.8,883.3,-6457.4,0
2026-04-02T10:09:51.912698+00:00,17.89,26.40,17.89,26.4,-92.8,437334454.29018193,9410.6,880.7,-6451.1,0
2026-04-02T10:09:52.336686+00:00,17.91,26.50,17.91,26.5,-92.8,437334402.27060175,9402.3,878.3,-6445.4,0
2026-04-02T10:09:52.700682+00:00,17.94,26.62,17.94,26.62,-92.8,437334402.27060175,9392.5,875.6,-6438.7,0
2026-04-02T10:09:53.104840+00:00,17.96,26.73,17.96,26.73,-92.8,437334402.27060175,9383.1,873.0,-6432.2,0
2026-04-02T10:09:53.474032+00:00,17.98,26.83,17.98,26.83,-92.8,437334402.27060175,9374.4,870.6,-6426.3,0
2026-04-02T10:09:53.838032+00:00,18.00,26.93,18.0,26.93,-92.8,437334402.27060175,9365.8,868.3,-6420.4,0
2026-04-02T10:09:54.245525+00:00,18.02,27.05,18.02,27.05,-92.8,437334402.27060175,9356.0,865.7,-6413.7,0
2026-04-02T10:09:54.674903+00:00,18.04,27.15,18.04,27.15,-92.8,437334347.1597056,9347.2,863.3,-6407.6,0
2026-04-02T10:09:55.042139+00:00,18.06,27.27,18.06,27.27,-92.8,437334347.1597056,9336.7,860.6,-6400.5,0
2026-04-02T10:09:55.454170+00:00,18.09,27.39,18.09,27.39,-92.8,437334347.1597056,9326.7,858.0,-6393.6,0
2026-04-02T10:09:55.814066+00:00,18.11,27.49,18.11,27.49,-92.8,437334347.1597056,9317.6,855.6,-6387.3,0
2026-04-02T10:09:56.186842+00:00,18.13,27.60,18.13,27.6,-92.8,437334347.1597056,9308.5,853.3,-6381.1,0
2026-04-02T10:09:56.593767+00:00,18.15,27.71,18.15,27.71,-92.8,437334347.1597056,9298.2,850.7,-6374.0,0
2026-04-02T10:09:57.021661+00:00,18.17,27.82,18.17,27.82,-92.8,437334288.85136324,9288.9,848.3,-6367.6,0
2026-04-02T10:09:57.386038+00:00,18.20,27.94,18.2,27.94,-92.8,437334288.85136324,9277.9,845.6,-6360.1,0
2026-04-02T10:09:57.793732+00:00,18.22,28.06,18.22,28.06,-92.8,437334288.85136324,9267.3,843.0,-6352.8,0
2026-04-02T10:09:58.161405+00:00,18.25,28.17,18.25,28.17,-92.8,437334288.85136324,9257.6,840.7,-6346.2,0
2026-04-02T10:09:58.526311+00:00,18.27,28.28,18.27,28.28,-92.8,437334288.85136324,9248.0,838.4,-6339.7,0
2026-04-02T10:09:58.934078+00:00,18.29,28.40,18.29,28.4,-92.8,437334288.85136324,9237.2,835.8,-6332.2,0
2026-04-02T10:09:59.360681+00:00,18.32,28.51,18.32,28.51,-92.8,437334227.2722093,9227.3,833.5,-6325.4,0
2026-04-02T10:09:59.720802+00:00,18.34,28.64,18.34,28.64,-92.8,437334227.2722093,9215.8,830.8,-6317.5,0
2026-04-02T10:10:00.129979+00:00,18.37,28.76,18.37,28.76,-92.8,437334227.2722093,9204.7,828.2,-6310.0,0
2026-04-02T10:10:00.492997+00:00,18.39,28.87,18.39,28.87,-92.8,437334227.2722093,9194.7,825.9,-6303.1,0
2026-04-02T10:10:00.852699+00:00,18.41,28.98,18.41,28.98,-92.8,437334227.2722093,9184.5,823.6,-6296.1,0
2026-04-02T10:10:01.260693+00:00,18.44,29.11,18.44,29.11,-92.8,437334227.2722093,9173.2,821.1,-6288.3,0
2026-04-02T10:10:01.684964+00:00,18.46,29.22,18.46,29.22,-92.8,437334162.83750564,9162.8,818.8,-6281.3,0
2026-04-02T10:10:02.049837+00:00,18.49,29.35,18.49,29.35,-92.8,437334162.83750564,9150.7,816.1,-6272.9,0
2026-04-02T10:10:02.452703+00:00,18.51,29.48,18.51,29.48,-92.8,437334162.83750564,9139.0,813.6,-6264.9,0
2026-04-02T10:10:02.816685+00:00,18.54,29.59,18.54,29.59,-92.8,437334162.83750564,9128.4,811.3,-6257.7,0
2026-04-02T10:10:03.181833+00:00,18.56,29.70,18.56,29.7,-92.8,437334162.83750564,9117.7,809.1,-6250.3,0
2026-04-02T10:10:03.644789+00:00,18.59,29.85,18.59,29.85,-92.8,437334110.98673695,9103.9,806.2,-6240.9,0
2026-04-02T10:10:04.008887+00:00,18.62,29.97,18.62,29.97,-92.8,437334110.98673695,9093.0,803.9,-6233.4,0
2026-04-02T10:10:04.375208+00:00,18.64,30.08,18.64,30.08,-92.8,437334110.98673695,9082.0,801.6,-6225.8,0
2026-04-02T10:10:04.782090+00:00,18.67,30.22,18.67,30.22,-92.8,437334110.98673695,9069.5,799.1,-6217.3,0
2026-04-02T10:10:05.209556+00:00,18.69,30.33,18.69,30.33,-92.8,437334058.1693978,9058.2,796.8,-6209.5,0
2026-04-02T10:10:05.577612+00:00,18.72,30.47,18.72,30.47,-92.8,437334058.1693978,9044.9,794.1,-6200.4,0
2026-04-02T10:10:05.982222+00:00,18.75,30.61,18.75,30.61,-92.8,437334058.1693978,9032.2,791.6,-6191.7,0
2026-04-02T10:10:06.350054+00:00,18.78,30.73,18.78,30.73,-92.8,437334058.1693978,9020.5,789.4,-6183.7,0
2026-04-02T10:10:06.717790+00:00,18.80,30.85,18.8,30.85,-92.8,437334058.1693978,9008.9,787.1,-6175.7,0
2026-04-02T10:10:07.185574+00:00,18.84,31.00,18.84,31.0,-92.8,437334001.4116993,8993.6,784.2,-6165.2,0
2026-04-02T10:10:07.553726+00:00,18.86,31.13,18.86,31.13,-92.8,437334001.4116993,8981.7,782.0,-6157.1,0
2026-04-02T10:10:07.918040+00:00,18.89,31.25,18.89,31.25,-92.8,437334001.4116993,8969.6,779.7,-6148.8,0
2026-04-02T10:10:08.326064+00:00,18.92,31.39,18.92,31.39,-92.8,437334001.4116993,8956.0,777.2,-6139.5,0
2026-04-02T10:10:08.754067+00:00,18.95,31.51,18.95,31.51,-92.8,437333943.83273643,8943.8,775.0,-6131.1,0
2026-04-02T10:10:09.121646+00:00,18.98,31.66,18.98,31.66,-92.8,437333943.83273643,8929.3,772.3,-6121.2,0
2026-04-02T10:10:09.530500+00:00,19.01,31.80,19.01,31.8,-92.8,437333943.83273643,8915.3,769.8,-6111.6,0
2026-04-02T10:10:09.894058+00:00,19.04,31.93,19.04,31.93,-92.8,437333943.83273643,8902.7,767.6,-6102.9,0
2026-04-02T10:10:10.261168+00:00,19.07,32.05,19.07,32.05,-92.8,437333943.83273643,8889.8,765.3,-6094.1,0
2026-04-02T10:10:10.733164+00:00,19.10,32.22,19.1,32.22,-92.8,437333881.89886475,8873.3,762.5,-6082.8,0
2026-04-02T10:10:11.099318+00:00,19.13,32.35,19.13,32.35,-92.8,437333881.89886475,8860.3,760.3,-6073.8,0
2026-04-02T10:10:11.462061+00:00,19.16,32.48,19.16,32.48,-92.8,437333881.89886475,8847.2,758.1,-6064.9,0
2026-04-02T10:10:11.870045+00:00,19.19,32.62,19.19,32.62,-92.8,437333881.89886475,8832.4,755.6,-6054.8,0
2026-04-02T10:10:12.297341+00:00,19.22,32.75,19.22,32.75,-92.8,437333818.9685065,8819.0,753.3,-6045.5,0
2026-04-02T10:10:12.662079+00:00,19.26,32.91,19.26,32.91,-92.8,437333818.9685065,8803.3,750.8,-6034.8,0
2026-04-02T10:10:13.069550+00:00,19.29,33.05,19.29,33.05,-92.8,437333818.9685065,8788.1,748.3,-6024.4,0
2026-04-02T10:10:13.438092+00:00,19.32,33.19,19.32,33.19,-92.8,437333818.9685065,8774.2,746.1,-6014.9,0
2026-04-02T10:10:13.807133+00:00,19.35,33.32,19.35,33.32,-92.8,437333818.9685065,8760.3,743.9,-6005.3,0
2026-04-02T10:10:14.275226+00:00,19.39,33.49,19.39,33.49,-92.8,437333751.5564527,8742.4,741.1,-5993.1,0
2026-04-02T10:10:14.641998+00:00,19.42,33.63,19.42,33.63,-92.8,437333751.5564527,8728.2,738.9,-5983.3,0
2026-04-02T10:10:15.006205+00:00,19.45,33.77,19.45,33.77,-92.8,437333751.5564527,8713.8,736.7,-5973.4,0
2026-04-02T10:10:15.414036+00:00,19.49,33.92,19.49,33.92,-92.8,437333751.5564527,8697.7,734.3,-5962.4,0
2026-04-02T10:10:15.845260+00:00,19.52,34.06,19.52,34.06,-92.8,437333683.05175406,8683.1,732.1,-5952.4,0
2026-04-02T10:10:16.205646+00:00,19.56,34.22,19.56,34.22,-92.8,437333683.05175406,8665.9,729.6,-5940.6,0
2026-04-02T10:10:16.614016+00:00,19.59,34.37,19.59,34.37,-92.8,437333683.05175406,8649.3,727.1,-5929.2,0
2026-04-02T10:10:16.982396+00:00,19.63,34.52,19.63,34.52,-92.8,437333683.05175406,8634.2,725.0,-5918.9,0
2026-04-02T10:10:17.346039+00:00,19.66,34.66,19.66,34.66,-92.8,437333683.05175406,8619.0,722.8,-5908.4,0
2026-04-02T10:10:17.814084+00:00,19.70,34.84,19.7,34.84,-92.8,437333609.6565083,8599.5,720.1,-5895.1,0
2026-04-02T10:10:18.181710+00:00,19.74,34.98,19.74,34.98,-92.8,437333609.6565083,8583.9,717.9,-5884.4,0
2026-04-02T10:10:18.544686+00:00,19.77,35.13,19.77,35.13,-92.8,437333609.6565083,8568.2,715.7,-5873.7,0
2026-04-02T10:10:19.008759+00:00,19.82,35.31,19.82,35.31,-92.8,437333558.7096289,8548.2,713.0,-5859.9,0
2026-04-02T10:10:19.372688+00:00,19.85,35.45,19.85,35.45,-92.8,437333558.7096289,8532.3,710.9,-5849.0,0
2026-04-02T10:10:19.736684+00:00,19.89,35.60,19.89,35.6,-92.8,437333558.7096289,8516.3,708.7,-5838.1,0
2026-04-02T10:10:20.200863+00:00,19.93,35.79,19.93,35.79,-92.8,437333506.5112651,8495.7,706.0,-5823.9,0
2026-04-02T10:10:20.564915+00:00,19.97,35.93,19.97,35.93,-92.8,437333506.5112651,8479.3,703.9,-5812.7,0
2026-04-02T10:10:20.932541+00:00,20.00,36.08,20.0,36.08,-92.8,437333506.5112651,8462.8,701.8,-5801.4,0
2026-04-02T10:10:21.396723+00:00,20.05,36.27,20.05,36.27,-92.8,437333452.55355805,8441.6,699.1,-5786.8,0
2026-04-02T10:10:21.756782+00:00,20.09,36.42,20.09,36.42,-92.8,437333452.55355805,8424.7,697.0,-5775.3,0
2026-04-02T10:10:22.120838+00:00,20.12,36.57,20.12,36.57,-92.8,437333452.55355805,8407.7,694.9,-5763.6,0
2026-04-02T10:10:22.588697+00:00,20.17,36.77,20.17,36.77,-92.8,437333397.31302613,8385.8,692.2,-5748.6,0
2026-04-02T10:10:22.952688+00:00,20.21,36.92,20.21,36.92,-92.8,437333397.31302613,8368.5,690.1,-5736.7,0
2026-04-02T10:10:23.318043+00:00,20.25,37.07,20.25,37.07,-92.8,437333397.31302613,8351.0,688.1,-5724.7,0
2026-04-02T10:10:23.785797+00:00,20.30,37.27,20.3,37.27,-92.8,437333339.95914525,8328.2,685.4,-5709.1,0
2026-04-02T10:10:24.154433+00:00,20.34,37.43,20.34,37.43,-92.8,437333339.95914525,8310.1,683.3,-5696.7,0
2026-04-02T10:10:24.518227+00:00,20.38,37.59,20.38,37.59,-92.8,437333339.95914525,8291.8,681.2,-5684.2,0
2026-04-02T10:10:24.990385+00:00,20.43,37.79,20.43,37.79,-92.8,437333280.7013274,8268.6,678.6,-5668.2,0
2026-04-02T10:10:25.358832+00:00,20.47,37.95,20.47,37.95,-92.8,437333280.7013274,8249.7,676.5,-5655.3,0
2026-04-02T10:10:25.721735+00:00,20.51,38.11,20.51,38.11,-92.8,437333280.7013274,8231.1,674.4,-5642.5,0
2026-04-02T10:10:26.189559+00:00,20.56,38.31,20.56,38.31,-92.8,437333219.4483998,8206.9,671.8,-5626.0,0
2026-04-02T10:10:26.558144+00:00,20.61,38.48,20.61,38.48,-92.8,437333219.4483998,8187.7,669.7,-5612.8,0
2026-04-02T10:10:26.926828+00:00,20.65,38.64,20.65,38.64,-92.8,437333219.4483998,8168.3,667.6,-5599.5,0
2026-04-02T10:10:27.393763+00:00,20.71,38.85,20.71,38.85,-92.8,437333156.2146084,8143.3,665.0,-5582.3,0
2026-04-02T10:10:27.757726+00:00,20.75,39.02,20.75,39.02,-92.8,437333156.2146084,8123.8,663.0,-5569.0,0
2026-04-02T10:10:28.125939+00:00,20.79,39.18,20.79,39.18,-92.8,437333156.2146084,8103.8,660.9,-5555.2,0
2026-04-02T10:10:28.593752+00:00,20.85,39.40,20.85,39.4,-92.8,437333091.3418497,8078.0,658.3,-5537.6,0
2026-04-02T10:10:28.962853+00:00,20.90,39.57,20.9,39.57,-92.8,437333091.3418497,8057.6,656.3,-5523.6,0
2026-04-02T10:10:29.326053+00:00,20.94,39.73,20.94,39.73,-92.8,437333091.3418497,8037.2,654.3,-5509.6,0
2026-04-02T10:10:29.793719+00:00,21.00,39.95,21.0,39.95,-92.8,437333024.4105881,8010.7,651.7,-5491.5,0
2026-04-02T10:10:30.162984+00:00,21.05,40.12,21.05,40.12,-92.8,437333024.4105881,7989.6,649.7,-5477.0,0
2026-04-02T10:10:30.526615+00:00,21.10,40.30,21.1,40.3,-92.8,437333024.4105881,7968.6,647.7,-5462.6,0
2026-04-02T10:10:30.994046+00:00,21.16,40.52,21.16,40.52,-92.8,437332955.36953896,7941.3,645.2,-5443.9,0
2026-04-02T10:10:31.365890+00:00,21.21,40.69,21.21,40.69,-92.8,437332955.36953896,7919.5,643.2,-5428.9,0
2026-04-02T10:10:31.729576+00:00,21.26,40.87,21.26,40.87,-92.8,437332955.36953896,7897.6,641.2,-5413.9,0
2026-04-02T10:10:32.196733+00:00,21.32,41.10,21.32,41.1,-92.8,437332884.04704183,7869.4,638.6,-5394.6,0
2026-04-02T10:10:32.560734+00:00,21.37,41.27,21.37,41.27,-92.8,437332884.04704183,7847.3,636.7,-5379.4,0
2026-04-02T10:10:32.924690+00:00,21.42,41.45,21.42,41.45,-92.8,437332884.04704183,7824.9,634.7,-5364.1,0
2026-04-02T10:10:33.388686+00:00,21.49,41.68,21.49,41.68,-92.8,437332810.9887067,7795.8,632.2,-5344.1,0
2026-04-02T10:10:33.752680+00:00,21.54,41.86,21.54,41.86,-92.8,437332810.9887067,7773.0,630.3,-5328.5,0
2026-04-02T10:10:34.117364+00:00,21.59,42.04,21.59,42.04,-92.8,437332810.9887067,7750.0,628.3,-5312.7,0
2026-04-02T10:10:34.580688+00:00,21.66,42.27,21.66,42.27,-92.8,437332735.8141737,7720.3,625.9,-5292.4,0
2026-04-02T10:10:34.944793+00:00,21.71,42.46,21.71,42.46,-92.8,437332735.8141737,7696.7,624.0,-5276.2,0
2026-04-02T10:10:35.308685+00:00,21.77,42.64,21.77,42.64,-92.8,437332735.8141737,7673.0,622.0,-5259.9,0
2026-04-02T10:10:35.772701+00:00,21.84,42.88,21.84,42.88,-92.8,437332658.409477,7642.4,619.6,-5238.9,0
2026-04-02T10:10:36.136971+00:00,21.90,43.07,21.9,43.07,-92.8,437332658.409477,7618.1,617.7,-5222.3,0
2026-04-02T10:10:36.505068+00:00,21.95,43.25,21.95,43.25,-92.8,437332658.409477,7593.6,615.8,-5205.5,0
2026-04-02T10:10:36.964696+00:00,22.03,43.50,22.03,43.5,-92.8,437332578.2589226,7562.0,613.4,-5183.9,0
2026-04-02T10:10:37.333731+00:00,22.08,43.69,22.08,43.69,-92.8,437332578.2589226,7537.0,611.5,-5166.7,0
2026-04-02T10:10:37.702821+00:00,22.14,43.88,22.14,43.88,-92.8,437332578.2589226,7511.7,609.6,-5149.4,0
2026-04-02T10:10:38.169645+00:00,22.22,44.13,22.22,44.13,-92.8,437332495.5370202,7478.9,607.2,-5126.9,0
2026-04-02T10:10:38.533867+00:00,22.28,44.32,22.28,44.32,-92.8,437332495.5370202,7452.8,605.3,-5109.0,0
2026-04-02T10:10:38.902067+00:00,22.34,44.52,22.34,44.52,-92.8,437332495.5370202,7426.5,603.5,-5091.0,0
2026-04-02T10:10:39.370067+00:00,22.43,44.77,22.43,44.77,-92.8,437332410.1383517,7392.6,601.1,-5067.8,0
2026-04-02T10:10:39.737751+00:00,22.49,44.97,22.49,44.97,-92.8,437332410.1383517,7366.1,599.2,-5049.5,0
2026-04-02T10:10:40.101396+00:00,22.55,45.17,22.55,45.17,-92.8,437332410.1383517,7338.9,597.4,-5030.9,0
2026-04-02T10:10:40.569850+00:00,22.64,45.43,22.64,45.43,-92.8,437332322.0985314,7304.0,595.0,-5007.0,0
2026-04-02T10:10:40.938036+00:00,22.71,45.63,22.71,45.63,-92.8,437332322.0985314,7276.3,593.2,-4988.0,0
2026-04-02T10:10:41.307158+00:00,22.77,45.84,22.77,45.84,-92.8,437332322.0985314,7248.3,591.4,-4968.8,0
2026-04-02T10:10:41.774132+00:00,22.86,46.10,22.86,46.1,-92.8,437332230.8306365,7212.3,589.0,-4944.1,0
2026-04-02T10:10:42.137791+00:00,22.93,46.30,22.93,46.3,-92.8,437332230.8306365,7184.1,587.3,-4924.8,0
2026-04-02T10:10:42.506014+00:00,23.00,46.51,23.0,46.51,-92.8,437332230.8306365,7155.2,585.4,-4905.0,0
2026-04-02T10:10:42.974059+00:00,23.09,46.78,23.09,46.78,-92.8,437332137.2820059,7118.1,583.2,-4879.6,0
2026-04-02T10:10:43.336678+00:00,23.17,46.99,23.17,46.99,-92.8,437332137.2820059,7088.6,581.4,-4859.4,0
2026-04-02T10:10:43.700692+00:00,23.24,47.20,23.24,47.2,-92.8,437332137.2820059,7059.2,579.6,-4839.2,0
2026-04-02T10:10:44.165918+00:00,23.33,47.47,23.33,47.47,-92.8,437332041.21687317,7021.4,577.4,-4813.2,0
2026-04-02T10:10:44.528728+00:00,23.41,47.68,23.41,47.68,-92.8,437332041.21687317,6991.3,575.6,-4792.7,0
2026-04-02T10:10:44.892684+00:00,23.49,47.89,23.49,47.89,-92.8,437332041.21687317,6961.0,573.9,-4771.9,0
2026-04-02T10:10:45.360712+00:00,23.59,48.17,23.59,48.17,-92.8,437331942.43223727,6922.0,571.7,-4745.1,0
2026-04-02T10:10:45.784715+00:00,23.67,48.39,23.67,48.39,-92.8,437331890.8998598,6890.9,569.9,-4723.8,0
2026-04-02T10:10:46.188699+00:00,23.76,48.64,23.76,48.64,-92.8,437331890.8998598,6854.6,567.9,-4698.9,0
2026-04-02T10:10:46.612794+00:00,23.86,48.92,23.86,48.92,-92.8,437331831.6292207,6814.3,565.8,-4671.3,0
2026-04-02T10:10:46.976692+00:00,23.95,49.14,23.95,49.14,-92.8,437331831.6292207,6782.4,564.1,-4649.4,0
2026-04-02T10:10:47.380685+00:00,24.04,49.39,24.04,49.39,-92.8,437331831.6292207,6746.6,562.2,-4624.9,0
2026-04-02T10:10:47.804688+00:00,24.14,49.65,24.14,49.65,-92.8,437331726.51379794,6708.7,560.2,-4598.9,0
2026-04-02T10:10:48.230071+00:00,24.23,49.87,24.23,49.87,-92.8,437331675.818355,6675.8,558.6,-4576.4,0
2026-04-02T10:10:48.638063+00:00,24.34,50.16,24.34,50.16,-92.8,437331675.818355,6633.1,556.4,-4547.1,0
2026-04-02T10:10:49.065546+00:00,24.45,50.43,24.45,50.43,-92.8,437331612.2042035,6593.6,554.5,-4520.0,0
2026-04-02T10:10:49.494439+00:00,24.54,50.66,24.54,50.66,-92.8,437331559.2928427,6559.3,552.8,-4496.5,0
2026-04-02T10:10:49.902039+00:00,24.67,50.96,24.67,50.96,-92.8,437331559.2928427,6515.1,550.7,-4466.2,0
2026-04-02T10:10:50.326181+00:00,24.78,51.22,24.78,51.22,-92.8,437331493.68999213,6474.9,548.9,-4438.6,0
2026-04-02T10:10:50.753764+00:00,24.88,51.46,24.88,51.46,-92.8,437331439.49651885,6439.5,547.2,-4414.4,0
2026-04-02T10:10:51.161998+00:00,25.00,51.76,25.0,51.76,-92.8,437331439.49651885,6394.1,545.2,-4383.2,0
2026-04-02T10:10:51.589734+00:00,25.12,52.04,25.12,52.04,-92.8,437331371.86721814,6352.1,543.3,-4354.4,0
2026-04-02T10:10:52.022888+00:00,25.23,52.28,25.23,52.28,-92.8,437331315.5924487,6315.6,541.7,-4329.4,0
2026-04-02T10:10:52.420685+00:00,25.36,52.59,25.36,52.59,-92.8,437331315.5924487,6268.8,539.7,-4297.3,0
2026-04-02T10:10:52.844709+00:00,25.49,52.86,25.49,52.86,-92.8,437331246.4110796,6225.9,537.9,-4267.9,0
2026-04-02T10:10:53.268868+00:00,25.60,53.11,25.6,53.11,-92.8,437331188.6946458,6188.7,536.3,-4242.4,0
2026-04-02T10:10:53.676715+00:00,25.74,53.42,25.74,53.42,-92.8,437331188.6946458,6140.8,534.4,-4209.6,0
2026-04-02T10:10:54.096979+00:00,25.87,53.70,25.87,53.7,-92.8,437331117.38496983,6096.6,532.6,-4179.3,0
2026-04-02T10:10:54.526522+00:00,25.99,53.95,25.99,53.95,-92.8,437331058.34653556,6058.3,531.1,-4153.1,0
2026-04-02T10:10:54.928674+00:00,26.14,54.26,26.14,54.26,-92.8,437331058.34653556,6009.0,529.1,-4119.3,0
2026-04-02T10:10:55.352692+00:00,26.28,54.55,26.28,54.55,-92.8,437330984.9014299,5963.5,527.4,-4088.1,0
2026-04-02T10:10:55.776694+00:00,26.40,54.80,26.4,54.8,-92.8,437330924.082996,5924.1,525.9,-4061.0,0
2026-04-02T10:10:56.180762+00:00,26.56,55.12,26.56,55.12,-92.8,437330924.082996,5873.3,524.0,-4026.3,0
2026-04-02T10:10:56.604731+00:00,26.71,55.41,26.71,55.41,-92.8,437330848.46542186,5826.5,522.3,-3994.1,0
2026-04-02T10:10:57.028828+00:00,26.84,55.67,26.84,55.67,-92.8,437330785.8755358,5785.9,520.9,-3966.3,0
2026-04-02T10:10:57.438094+00:00,27.01,56.00,27.01,56.0,-92.8,437330785.8755358,5733.2,519.0,-3930.2,0
2026-04-02T10:10:57.865744+00:00,27.17,56.30,27.17,56.3,-92.8,437330707.4266296,5684.5,517.4,-3896.8,0
2026-04-02T10:10:58.289534+00:00,27.31,56.56,27.31,56.56,-92.8,437330642.6835068,5642.7,516.0,-3868.1,0
2026-04-02T10:10:58.697744+00:00,27.49,56.89,27.49,56.89,-92.8,437330642.6835068,5588.5,514.2,-3831.0,0
2026-04-02T10:10:59.125828+00:00,27.67,57.20,27.67,57.2,-92.8,437330562.0450373,5538.4,512.5,-3796.7,0
2026-04-02T10:10:59.552703+00:00,27.82,57.46,27.82,57.46,-92.8,437330494.9303624,5494.9,511.1,-3766.9,0
2026-04-02T10:10:59.956677+00:00,28.01,57.80,28.01,57.8,-92.8,437330494.9303624,5439.7,509.4,-3729.0,0
2026-04-02T10:11:00.380690+00:00,28.19,58.11,28.19,58.11,-92.8,437330412.6094763,5388.6,507.8,-3694.0,0
2026-04-02T10:11:00.803671+00:00,28.35,58.37,28.35,58.37,-92.8,437330344.4612762,5344.5,506.5,-3663.7,0
2026-04-02T10:11:01.208688+00:00,28.56,58.72,28.56,58.72,-92.8,437330344.4612762,5287.1,504.8,-3624.4,0
2026-04-02T10:11:01.632792+00:00,28.76,59.03,28.76,59.03,-92.8,437330259.82866997,5234.7,503.2,-3588.5,0
2026-04-02T10:11:02.060587+00:00,28.93,59.30,28.93,59.3,-92.8,437330189.32814944,5189.3,501.9,-3557.4,0
2026-04-02T10:11:02.460799+00:00,29.15,59.65,29.15,59.65,-92.8,437330189.32814944,5130.9,500.3,-3517.3,0
2026-04-02T10:11:02.888700+00:00,29.36,59.96,29.36,59.96,-92.8,437330102.86034155,5077.1,498.8,-3480.4,0
2026-04-02T10:11:03.312700+00:00,29.54,60.24,29.54,60.24,-92.8,437330030.4167082,5030.4,497.6,-3448.4,0
2026-04-02T10:11:03.716686+00:00,29.79,60.59,29.79,60.59,-92.8,437330030.4167082,4970.5,496.0,-3407.4,0
2026-04-02T10:11:04.140807+00:00,30.01,60.91,30.01,60.91,-92.8,437329941.2016181,4915.3,494.5,-3369.5,0
2026-04-02T10:11:04.569741+00:00,30.21,61.19,30.21,61.19,-92.8,437329866.900346,4866.9,493.3,-3336.3,0
2026-04-02T10:11:04.978747+00:00,30.47,61.55,30.47,61.55,-92.8,437329866.900346,4805.4,491.8,-3294.1,0
2026-04-02T10:11:05.402171+00:00,30.72,61.88,30.72,61.88,-92.8,437329774.476413,4748.1,490.4,-3254.9,0
2026-04-02T10:11:05.828676+00:00,30.94,62.16,30.94,62.16,-92.8,437329698.5486388,4698.5,489.2,-3220.9,0
2026-04-02T10:11:06.232704+00:00,31.22,62.52,31.22,62.52,-92.8,437329698.5486388,4635.4,487.7,-3177.6,0
2026-04-02T10:11:06.656685+00:00,31.48,62.85,31.48,62.85,-92.8,437329604.6217849,4577.3,486.3,-3137.8,0
2026-04-02T10:11:07.080711+00:00,31.71,63.13,31.71,63.13,-92.8,437329527.0529066,4527.1,485.2,-3103.4,0
2026-04-02T10:11:07.485170+00:00,32.02,63.50,32.02,63.5,-92.8,437329527.0529066,4461.9,483.8,-3058.7,0
2026-04-02T10:11:07.912693+00:00,32.31,63.83,32.31,63.83,-92.8,437329430.7523638,4402.3,482.5,-3017.9,0
2026-04-02T10:11:08.336685+00:00,32.56,64.12,32.56,64.12,-92.8,437329350.80837196,4350.8,481.4,-2982.5,0
2026-04-02T10:11:08.740683+00:00,32.90,64.49,32.9,64.49,-92.8,437329350.80837196,4284.6,480.0,-2937.2,0
2026-04-02T10:11:09.164756+00:00,33.21,64.83,33.21,64.83,-92.8,437329252.28407615,4223.7,478.8,-2895.4,0
2026-04-02T10:11:09.588685+00:00,33.49,65.11,33.49,65.11,-92.8,437329170.9739222,4171.0,477.7,-2859.3,0
2026-04-02T10:11:09.992920+00:00,33.85,65.49,33.85,65.49,-92.8,437329170.9739222,4103.3,476.4,-2812.9,0
2026-04-02T10:11:10.416737+00:00,34.20,65.83,34.2,65.83,-92.8,437329070.1347009,4040.3,475.2,-2769.7,0
2026-04-02T10:11:10.846073+00:00,34.50,66.12,34.5,66.12,-92.8,437328986.4127508,3986.4,474.2,-2732.7,0
2026-04-02T10:11:11.253536+00:00,34.90,66.50,34.9,66.5,-92.8,437328986.4127508,3916.6,472.9,-2684.9,0
2026-04-02T10:11:11.681786+00:00,35.28,66.84,35.28,66.84,-92.8,437328882.67381823,3852.7,471.8,-2641.1,0
2026-04-02T10:11:12.109863+00:00,35.61,67.13,35.61,67.13,-92.8,437328797.2904639,3797.3,470.8,-2603.1,0
2026-04-02T10:11:12.519459+00:00,36.06,67.51,36.06,67.51,-92.8,437328797.2904639,3725.9,469.6,-2554.2,0
2026-04-02T10:11:12.946044+00:00,36.48,67.86,36.48,67.86,-92.8,437328690.3348534,3660.2,468.6,-2509.1,0
2026-04-02T10:11:13.370043+00:00,36.85,68.16,36.85,68.16,-92.8,437328603.5265735,3603.5,467.6,-2470.3,0
2026-04-02T10:11:13.777944+00:00,37.34,68.54,37.34,68.54,-92.8,437328603.5265735,3530.6,466.5,-2420.3,0
2026-04-02T10:11:14.209186+00:00,37.81,68.89,37.81,68.89,-92.8,437328495.2069376,3462.8,465.5,-2373.8,0
2026-04-02T10:11:14.638215+00:00,38.22,69.18,38.22,69.18,-92.8,437328405.65173143,3405.7,464.6,-2334.6,0
2026-04-02T10:11:15.046058+00:00,38.76,69.56,38.76,69.56,-92.8,437328405.65173143,3331.4,463.5,-2283.7,0
2026-04-02T10:11:15.474971+00:00,39.28,69.91,39.28,69.91,-92.8,437328294.686314,3263.1,462.6,-2236.9,0
2026-04-02T10:11:15.902806+00:00,39.74,70.21,39.74,70.21,-92.8,437328204.1720164,3204.2,461.7,-2196.5,0
2026-04-02T10:11:16.311115+00:00,40.35,70.59,40.35,70.59,-92.8,437328204.1720164,3128.5,460.7,-2144.6,0
2026-04-02T10:11:16.733737+00:00,40.93,70.94,40.93,70.94,-92.8,437328090.9066314,3058.9,459.8,-2096.9,0
2026-04-02T10:11:17.161540+00:00,41.44,71.23,41.44,71.23,-92.8,437327998.8573602,2998.9,459.1,-2055.8,0
2026-04-02T10:11:17.573476+00:00,42.12,71.61,42.12,71.61,-92.8,437327998.8573602,2922.0,458.1,-2003.1,0
2026-04-02T10:11:17.998277+00:00,42.77,71.96,42.77,71.96,-92.8,437327883.97099316,2851.2,457.3,-1954.6,0
2026-04-02T10:11:18.420682+00:00,43.35,72.25,43.35,72.25,-92.8,437327790.1043274,2790.1,456.5,-1912.7,0
2026-04-02T10:11:18.829832+00:00,44.11,72.62,44.11,72.62,-92.8,437327790.1043274,2712.7,455.7,-1859.6,0
2026-04-02T10:11:19.252690+00:00,44.84,72.96,44.84,72.96,-92.8,437327674.6483106,2641.5,454.9,-1810.8,0
2026-04-02T10:11:19.676713+00:00,45.49,73.25,45.49,73.25,-92.8,437327580.0563609,2580.1,454.2,-1768.7,0
2026-04-02T10:11:20.080696+00:00,46.35,73.62,46.35,73.62,-92.8,437327580.0563609,2501.4,453.4,-1714.8,0
2026-04-02T10:11:20.505171+00:00,47.17,73.95,47.17,73.95,-92.8,437327463.029044,2429.2,452.7,-1665.2,0
2026-04-02T10:11:20.928689+00:00,47.90,74.23,47.9,74.23,-92.8,437327366.8501238,2366.9,452.1,-1622.5,0
2026-04-02T10:11:21.337815+00:00,48.89,74.59,48.89,74.59,-92.8,437327366.8501238,2286.4,451.4,-1567.4,0
2026-04-02T10:11:21.760678+00:00,49.82,74.92,49.82,74.92,-92.8,437327247.34227526,2213.2,450.7,-1517.2,0
2026-04-02T10:11:22.184697+00:00,50.66,75.19,50.66,75.19,-92.8,437327150.105078,2150.1,450.2,-1473.9,0
2026-04-02T10:11:22.588736+00:00,51.78,75.54,51.78,75.54,-92.8,437327150.105078,2069.3,449.5,-1418.6,0
2026-04-02T10:11:23.012815+00:00,52.85,75.86,52.85,75.86,-92.8,437327029.9378318,1995.2,448.9,-1367.7,0
2026-04-02T10:11:23.438282+00:00,53.82,76.13,53.82,76.13,-92.8,437326930.6186262,1930.6,448.4,-1323.5,0
2026-04-02T10:11:23.846294+00:00,55.09,76.46,55.09,76.46,-92.8,437326930.6186262,1848.9,447.8,-1267.4,0
2026-04-02T10:11:24.277535+00:00,56.33,76.77,56.33,76.77,-92.8,437326808.78908545,1773.2,447.3,-1215.6,0
2026-04-02T10:11:24.706802+00:00,57.44,77.02,57.44,77.02,-92.8,437326707.956809,1708.0,446.8,-1170.8,0
2026-04-02T10:11:25.113899+00:00,58.92,77.34,58.92,77.34,-92.8,437326707.956809,1624.7,446.3,-1113.7,0
2026-04-02T10:11:25.537826+00:00,60.34,77.63,60.34,77.63,-92.8,437326583.54897547,1548.3,445.8,-1061.4,0
2026-04-02T10:11:25.962364+00:00,61.61,77.87,61.61,77.87,-92.8,437326483.136858,1483.1,445.5,-1016.7,0
2026-04-02T10:11:26.364696+00:00,63.29,78.16,63.29,78.16,-92.8,437326483.136858,1399.8,445.0,-959.6,0
2026-04-02T10:11:26.788686+00:00,64.91,78.42,64.91,78.42,-92.8,437326359.24836916,1323.5,444.6,-907.3,0
2026-04-02T10:11:27.212763+00:00,66.35,78.64,66.35,78.64,-92.8,437326257.7692491,1257.8,444.3,-862.2,0
2026-04-02T10:11:27.621148+00:00,68.28,78.90,68.28,78.9,-92.8,437326257.7692491,1173.8,443.9,-804.7,0
2026-04-02T10:11:28.040730+00:00,70.12,79.14,70.12,79.14,-92.8,437326132.11838967,1096.9,443.6,-751.9,0
2026-04-02T10:11:28.464694+00:00,71.76,79.33,71.76,79.33,-92.8,437326030.73605126,1030.7,443.3,-706.6,0
2026-04-02T10:11:28.868697+00:00,73.97,79.56,73.97,79.56,-92.8,437326030.73605126,945.5,443.0,-648.2,0
2026-04-02T10:11:29.292710+00:00,76.05,79.76,76.05,79.76,-92.8,437325905.1258811,868.2,442.7,-595.1,0
2026-04-02T10:11:29.716690+00:00,77.90,79.91,77.9,79.91,-92.8,437325801.63731664,801.6,442.5,-549.5,0
2026-04-02T10:11:30.120959+00:00,80.34,80.10,80.34,80.1,-92.8,437325801.63731664,716.7,442.3,-491.3,0
2026-04-02T10:11:30.550138+00:00,82.65,80.26,82.65,80.26,-92.8,437325676.04726857,638.9,442.1,-438.0,0
2026-04-02T10:11:30.977913+00:00,84.72,80.38,84.72,80.38,-92.8,437325571.39656705,571.4,441.9,-391.7,0
2026-04-02T10:11:31.386086+00:00,87.42,80.51,87.42,80.51,-92.8,437325571.39656705,485.4,441.8,-332.7,0
2026-04-02T10:11:31.814070+00:00,89.95,80.62,89.95,80.62,-92.8,437325443.70242983,406.7,441.6,-278.8,0
2026-04-02T10:11:32.237871+00:00,92.15,80.69,92.15,80.69,-92.8,437325339.6914936,339.7,441.5,-232.9,0
2026-04-02T10:11:32.655220+00:00,95.02,80.77,95.02,80.77,-92.8,437325339.6914936,253.5,441.4,-173.8,0
2026-04-02T10:11:33.073873+00:00,97.68,80.82,97.68,80.82,-92.8,437325210.01882964,174.6,441.4,-119.7,0
2026-04-02T10:11:33.500882+00:00,99.99,80.85,99.99,80.85,-92.8,437325106.7932652,106.8,441.3,-73.2,0
2026-04-02T10:11:33.904685+00:00,102.92,80.86,102.92,80.86,-92.8,437325106.7932652,21.3,441.3,-14.6,0
2026-04-02T10:11:34.328683+00:00,105.59,80.85,105.59,80.85,-92.8,437324979.6954772,-56.9,441.3,39.0,0
2026-04-02T10:11:34.752773+00:00,107.88,80.83,107.88,80.83,-92.8,437324875.98819685,-124.0,441.3,85.0,0
2026-04-02T10:11:35.156859+00:00,110.80,80.78,110.8,80.78,-92.8,437324875.98819685,-210.3,441.4,144.1,0
2026-04-02T10:11:35.580747+00:00,113.41,80.72,113.41,80.72,-92.8,437324748.8474158,-288.4,441.5,197.7,0
2026-04-02T10:11:36.004678+00:00,115.62,80.65,115.62,80.65,-92.8,437324644.57556075,-355.4,441.6,243.6,0
2026-04-02T10:11:36.409340+00:00,118.38,80.54,118.38,80.54,-92.8,437324644.57556075,-440.8,441.7,302.2,0
2026-04-02T10:11:36.832688+00:00,120.84,80.42,120.84,80.42,-92.8,437324518.3343508,-518.8,441.8,355.6,0
2026-04-02T10:11:37.260718+00:00,122.91,80.30,122.91,80.3,-92.8,437324414.3730074,-585.6,442.0,401.5,0
2026-04-02T10:11:37.664798+00:00,125.46,80.14,125.46,80.14,-92.8,437324414.3730074,-670.8,442.2,459.8,0
2026-04-02T10:11:38.088715+00:00,127.71,79.97,127.71,79.97,-92.8,437324287.89585316,-748.4,442.4,513.1,0
2026-04-02T10:11:38.514354+00:00,129.59,79.82,129.59,79.82,-92.8,437324184.91483617,-815.1,442.6,558.8,0
2026-04-02T10:11:38.926182+00:00,131.91,79.60,131.91,79.6,-92.8,437324184.91483617,-900.6,442.8,617.4,0
2026-04-02T10:11:39.349816+00:00,133.95,79.39,133.95,79.39,-92.8,437324057.3003858,-978.6,443.1,670.9,0
2026-04-02T10:11:39.777820+00:00,135.63,79.20,135.63,79.2,-92.8,437323954.37532765,-1045.6,443.4,716.8,0
2026-04-02T10:11:40.185739+00:00,137.69,78.95,137.69,78.95,-92.8,437323954.37532765,-1130.6,443.7,775.0,0
2026-04-02T10:11:40.614008+00:00,139.48,78.71,139.48,78.71,-92.8,437323828.33787566,-1208.2,444.1,828.2,0
2026-04-02T10:11:41.042262+00:00,140.96,78.49,140.96,78.49,-92.8,437323725.2819352,-1274.7,444.4,873.8,0
2026-04-02T10:11:41.450050+00:00,142.76,78.21,142.76,78.21,-92.8,437323725.2819352,-1359.1,444.8,931.7,0
2026-04-02T10:11:41.878117+00:00,144.32,77.94,144.32,77.94,-92.8,437323600.0710007,-1435.5,445.2,984.1,0
2026-04-02T10:11:42.307120+00:00,145.61,77.70,145.61,77.7,-92.8,437323498.6623967,-1501.3,445.6,1029.2,0
2026-04-02T10:11:42.717894+00:00,147.18,77.39,147.18,77.39,-92.8,437323498.6623967,-1585.2,446.1,1086.7,0
2026-04-02T10:11:43.142701+00:00,148.55,77.10,148.55,77.1,-92.8,437323373.0401178,-1661.4,446.5,1138.9,0
2026-04-02T10:11:43.569808+00:00,149.69,76.84,149.69,76.84,-92.8,437323272.4845639,-1727.5,447.0,1184.2,0
2026-04-02T10:11:43.978313+00:00,151.05,76.51,151.05,76.51,-92.8,437323272.4845639,-1810.4,447.5,1241.1,0
2026-04-02T10:11:44.406101+00:00,152.24,76.20,152.24,76.2,-92.8,437323149.4573164,-1886.0,448.1,1292.9,0
2026-04-02T10:11:44.834132+00:00,153.22,75.93,153.22,75.93,-92.8,437323049.3011762,-1950.7,448.6,1337.2,0
2026-04-02T10:11:45.241779+00:00,154.41,75.58,154.41,75.58,-92.8,437323049.3011762,-2032.7,449.2,1393.4,0
2026-04-02T10:11:45.669581+00:00,155.44,75.26,155.44,75.26,-92.8,437322927.752988,-2106.8,449.8,1444.3,0
2026-04-02T10:11:46.097384+00:00,156.30,74.98,156.3,74.98,-92.8,437322829.45555484,-2170.5,450.3,1487.9,0
2026-04-02T10:11:46.506039+00:00,157.34,74.62,157.34,74.62,-92.8,437322829.45555484,-2251.7,451.1,1543.6,0
2026-04-02T10:11:46.935317+00:00,158.25,74.29,158.25,74.29,-92.8,437322708.5272324,-2326.1,451.7,1594.6,0
2026-04-02T10:11:47.356701+00:00,159.00,74.01,159.0,74.01,-92.8,437322611.4082744,-2388.6,452.3,1637.4,0
2026-04-02T10:11:47.764373+00:00,159.91,73.64,159.91,73.64,-92.8,437322611.4082744,-2468.5,453.1,1692.2,0
2026-04-02T10:11:48.184831+00:00,160.70,73.31,160.7,73.31,-92.8,437322493.2181526,-2540.5,453.8,1741.6,0
2026-04-02T10:11:48.608682+00:00,161.35,73.02,161.35,73.02,-92.8,437322397.8879197,-2602.1,454.5,1783.8,0
2026-04-02T10:11:49.013390+00:00,162.15,72.65,162.15,72.65,-92.8,437322397.8879197,-2680.2,455.3,1837.3,0
2026-04-02T10:11:49.440689+00:00,162.85,72.31,162.85,72.31,-92.8,437322282.49903584,-2751.2,456.1,1886.0,0
2026-04-02T10:11:49.864692+00:00,163.43,72.02,163.43,72.02,-92.8,437322188.10029334,-2811.9,456.8,1927.6,0
2026-04-02T10:11:50.268728+00:00,164.14,71.64,164.14,71.64,-92.8,437322188.10029334,-2888.8,457.7,1980.3,0
2026-04-02T10:11:50.692691+00:00,164.76,71.30,164.76,71.3,-92.8,437322073.96218145,-2958.7,458.6,2028.2,0
2026-04-02T10:11:51.116894+00:00,165.27,71.00,165.27,71.0,-92.8,437321981.617134,-3018.4,459.3,2069.1,0
2026-04-02T10:11:51.520823+00:00,165.91,70.62,165.91,70.62,-92.8,437321981.617134,-3094.7,460.3,2121.5,0
2026-04-02T10:11:51.944687+00:00,166.47,70.28,166.47,70.28,-92.8,437321869.35144067,-3163.4,461.2,2168.5,0
2026-04-02T10:11:52.374031+00:00,166.93,69.98,166.93,69.98,-92.8,437321777.9222133,-3222.1,462.0,2208.8,0
2026-04-02T10:11:52.785871+00:00,167.50,69.60,167.5,69.6,-92.8,437321777.9222133,-3297.1,463.0,2260.2,0
2026-04-02T10:11:53.209539+00:00,168.00,69.25,168.0,69.25,-92.8,437321666.2128144,-3365.2,464.0,2306.9,0
2026-04-02T10:11:53.638125+00:00,168.41,68.96,168.41,68.96,-92.8,437321577.27088535,-3422.7,464.9,2346.3,0
2026-04-02T10:11:54.045792+00:00,168.93,68.57,168.93,68.57,-92.8,437321577.27088535,-3496.9,466.0,2397.2,0
2026-04-02T10:11:54.475159+00:00,169.37,68.23,169.37,68.23,-92.8,437321467.6694932,-3563.2,467.0,2442.6,0
2026-04-02T10:11:54.898040+00:00,169.75,67.93,169.75,67.93,-92.8,437321379.78032106,-3620.2,467.9,2481.7,0
2026-04-02T10:11:55.306055+00:00,170.21,67.55,170.21,67.55,-92.8,437321379.78032106,-3692.3,469.1,2531.1,0
2026-04-02T10:11:55.733749+00:00,170.62,67.20,170.62,67.2,-92.8,437321272.9254989,-3757.8,470.2,2576.0,0
2026-04-02T10:11:56.161686+00:00,170.96,66.91,170.96,66.91,-92.8,437321186.2607443,-3813.7,471.1,2614.4,0
2026-04-02T10:11:56.569964+00:00,171.38,66.53,171.38,66.53,-92.8,437321186.2607443,-3884.4,472.4,2662.8,0
2026-04-02T10:11:56.998049+00:00,171.75,66.18,171.75,66.18,-92.8,437321081.6079504,-3948.5,473.5,2706.7,0
2026-04-02T10:11:57.427366+00:00,172.06,65.89,172.06,65.89,-92.8,437320996.7588096,-4003.2,474.5,2744.3,0
2026-04-02T10:11:57.837739+00:00,172.44,65.52,172.44,65.52,-92.8,437320996.7588096,-4071.9,475.8,2791.4,0
2026-04-02T10:11:58.261188+00:00,172.77,65.17,172.77,65.17,-92.8,437320893.79982895,-4134.5,477.0,2834.3,0
2026-04-02T10:11:58.689754+00:00,173.06,64.88,173.06,64.88,-92.8,437320811.374237,-4188.6,478.1,2871.4,0
2026-04-02T10:11:59.097567+00:00,173.41,64.50,173.41,64.5,-92.8,437320811.374237,-4256.4,479.4,2917.9,0
2026-04-02T10:11:59.527127+00:00,173.71,64.17,173.71,64.17,-92.8,437320711.3274325,-4317.5,480.7,2959.7,0
2026-04-02T10:11:59.950143+00:00,173.97,63.88,173.97,63.88,-92.8,437320630.7195913,-4369.3,481.8,2995.2,0
2026-04-02T10:12:00.358035+00:00,174.29,63.51,174.29,63.51,-92.8,437320630.7195913,-4435.3,483.2,3040.4,0
2026-04-02T10:12:00.785555+00:00,174.57,63.17,174.57,63.17,-92.8,437320532.9314418,-4495.2,484.5,3081.5,0
2026-04-02T10:12:01.214546+00:00,174.81,62.88,174.81,62.88,-92.8,437320453.74603325,-4546.3,485.6,3116.5,0
2026-04-02T10:12:01.622110+00:00,175.10,62.52,175.1,62.52,-92.8,437320453.74603325,-4610.7,487.1,3160.7,0
2026-04-02T10:12:02.050160+00:00,175.36,62.19,175.36,62.19,-92.8,437320358.2671109,-4669.1,488.5,3200.8,0
2026-04-02T10:12:02.478322+00:00,175.58,61.90,175.58,61.9,-92.8,437320281.03229415,-4719.0,489.6,3234.9,0
2026-04-02T10:12:02.888696+00:00,175.85,61.54,175.85,61.54,-92.8,437320281.03229415,-4781.9,491.2,3278.0,0
2026-04-02T10:12:03.315971+00:00,176.09,61.21,176.09,61.21,-92.8,437320187.53957784,-4839.0,492.6,3317.2,0
2026-04-02T10:12:03.737743+00:00,176.29,60.93,176.29,60.93,-92.8,437320113.11258763,-4886.9,493.8,3350.0,0
2026-04-02T10:12:04.150953+00:00,176.54,60.58,176.54,60.58,-92.8,437320113.11258763,-4948.2,495.4,3392.1,0
2026-04-02T10:12:04.573785+00:00,176.76,60.25,176.76,60.25,-92.8,437320021.69119537,-5003.7,496.8,3430.1,0
2026-04-02T10:12:05.006576+00:00,176.95,59.98,176.95,59.98,-92.8,437319948.9095829,-5051.1,498.1,3462.6,0
2026-04-02T10:12:05.414054+00:00,177.18,59.62,177.18,59.62,-92.8,437319948.9095829,-5110.9,499.7,3503.6,0
2026-04-02T10:12:05.842060+00:00,177.39,59.30,177.39,59.3,-92.8,437319860.0061173,-5165.5,501.2,3541.0,0
2026-04-02T10:12:06.265750+00:00,177.56,59.03,177.56,59.03,-92.8,437319789.03192735,-5211.0,502.5,3572.2,0
2026-04-02T10:12:06.677726+00:00,177.77,58.68,177.77,58.68,-92.8,437319789.03192735,-5269.1,504.2,3612.0,0
2026-04-02T10:12:07.100820+00:00,177.97,58.37,177.97,58.37,-92.8,437319702.5156842,-5321.7,505.8,3648.1,0
2026-04-02T10:12:07.524963+00:00,178.13,58.10,178.13,58.1,-92.8,437319633.421926,-5366.6,507.1,3678.9,0
2026-04-02T10:12:07.933378+00:00,178.33,57.76,178.33,57.76,-92.8,437319633.421926,-5422.6,508.8,3717.3,0
2026-04-02T10:12:08.357817+00:00,178.51,57.45,178.51,57.45,-92.8,437319550.22955954,-5473.4,510.4,3752.1,0
2026-04-02T10:12:08.780738+00:00,178.65,57.19,178.65,57.19,-92.8,437319483.4428917,-5516.6,511.8,3781.7,0
2026-04-02T10:12:09.184705+00:00,178.84,56.85,178.84,56.85,-92.8,437319483.4428917,-5571.1,513.6,3819.1,0
2026-04-02T10:12:09.608793+00:00,179.01,56.55,179.01,56.55,-92.8,437319402.603558,-5620.4,515.2,3852.9,0
2026-04-02T10:12:10.032727+00:00,179.15,56.29,179.15,56.29,-92.8,437319337.5740967,-5662.4,516.6,3881.7,0
2026-04-02T10:12:10.436679+00:00,179.32,55.96,179.32,55.96,-92.8,437319337.5740967,-5715.5,518.4,3918.0,0
2026-04-02T10:12:10.860705+00:00,179.48,55.67,179.48,55.67,-92.8,437319258.9820213,-5763.4,520.1,3950.9,0
2026-04-02T10:12:11.284684+00:00,179.61,55.41,179.61,55.41,-92.8,437319195.54522866,-5804.5,521.5,3979.0,0
2026-04-02T10:12:11.688699+00:00,179.77,55.09,179.77,55.09,-92.8,437319195.54522866,-5855.8,523.4,4014.2,0
2026-04-02T10:12:12.114355+00:00,179.92,54.79,179.92,54.79,-92.8,437319119.3959339,-5902.4,525.1,4046.2,0
2026-04-02T10:12:12.541774+00:00,180.04,54.54,180.04,54.54,-92.8,437319057.39724416,-5942.6,526.6,4073.7,0
2026-04-02T10:12:12.953786+00:00,180.20,54.22,180.2,54.22,-92.8,437319057.39724416,-5992.9,528.5,4108.3,0
2026-04-02T10:12:13.378267+00:00,180.34,53.93,180.34,53.93,-92.8,437318982.3719348,-6038.6,530.2,4139.6,0
2026-04-02T10:12:13.807184+00:00,180.45,53.68,180.45,53.68,-92.8,437318922.8982945,-6077.1,531.8,4165.9,0
2026-04-02T10:12:14.213654+00:00,180.60,53.37,180.6,53.37,-92.8,437318922.8982945,-6126.2,533.7,4199.6,0
2026-04-02T10:12:14.642164+00:00,180.73,53.08,180.73,53.08,-92.8,437318849.9354056,-6170.5,535.5,4230.0,0
2026-04-02T10:12:15.069582+00:00,180.84,52.84,180.84,52.84,-92.8,437318791.8329135,-6208.2,537.1,4255.8,0
2026-04-02T10:12:15.478255+00:00,180.98,52.53,180.98,52.53,-92.8,437318791.8329135,-6255.8,539.1,4288.5,0
2026-04-02T10:12:15.905722+00:00,181.10,52.24,181.1,52.24,-92.8,437318720.89861155,-6299.2,540.9,4318.2,0
2026-04-02T10:12:16.335119+00:00,181.20,52.01,181.2,52.01,-92.8,437318664.57113314,-6335.4,542.5,4343.0,0
2026-04-02T10:12:16.741738+00:00,181.34,51.70,181.34,51.7,-92.8,437318664.57113314,-6381.7,544.6,4374.7,0
2026-04-02T10:12:17.170704+00:00,181.45,51.43,181.45,51.43,-92.8,437318595.8349419,-6423.4,546.4,4403.3,0
2026-04-02T10:12:17.593734+00:00,181.55,51.19,181.55,51.19,-92.8,437318541.0780513,-6458.9,548.1,4427.7,0
2026-04-02T10:12:18.005602+00:00,181.67,50.89,181.67,50.89,-92.8,437318541.0780513,-6503.7,550.1,4458.4,0
2026-04-02T10:12:18.429359+00:00,181.78,50.62,181.78,50.62,-92.8,437318474.49153554,-6544.1,552.1,4486.1,0
2026-04-02T10:12:18.852696+00:00,181.88,50.39,181.88,50.39,-92.8,437318421.78317595,-6578.2,553.7,4509.5,0
2026-04-02T10:12:19.256686+00:00,181.99,50.10,181.99,50.1,-92.8,437318421.78317595,-6621.6,555.8,4539.2,0
2026-04-02T10:12:19.684715+00:00,182.10,49.83,182.1,49.83,-92.8,437318358.037964,-6660.5,557.7,4565.9,0
2026-04-02T10:12:20.104797+00:00,182.18,49.61,182.18,49.61,-92.8,437318306.46356165,-6693.5,559.4,4588.5,0
2026-04-02T10:12:20.513951+00:00,182.29,49.32,182.29,49.32,-92.8,437318306.46356165,-6735.2,561.5,4617.1,0
2026-04-02T10:12:20.936757+00:00,182.39,49.06,182.39,49.06,-92.8,437318244.5439356,-6772.9,563.5,4642.9,0
2026-04-02T10:12:21.300678+00:00,182.48,48.84,182.48,48.84,-92.8,437318244.5439356,-6805.0,565.2,4664.9,0
2026-04-02T10:12:21.704712+00:00,182.57,48.60,182.57,48.6,-92.8,437318244.5439356,-6840.2,567.1,4689.1,0
2026-04-02T10:12:22.128704+00:00,182.66,48.34,182.66,48.34,-92.8,437318140.2690088,-6876.8,569.1,4714.2,0
2026-04-02T10:12:22.492933+00:00,182.74,48.13,182.74,48.13,-92.8,437318140.2690088,-6907.9,570.8,4735.5,0
2026-04-02T10:12:22.896687+00:00,182.83,47.89,182.83,47.89,-92.8,437318140.2690088,-6942.1,572.7,4758.9,0
2026-04-02T10:12:23.321797+00:00,182.92,47.64,182.92,47.64,-92.8,437318038.93653035,-6977.6,574.7,4783.3,0
2026-04-02T10:12:23.689760+00:00,182.99,47.42,182.99,47.42,-92.8,437318038.93653035,-7008.2,576.5,4804.2,0
2026-04-02T10:12:24.097647+00:00,183.08,47.18,183.08,47.18,-92.8,437318038.93653035,-7041.7,578.5,4827.2,0
2026-04-02T10:12:24.526913+00:00,183.16,46.94,183.16,46.94,-92.8,437317939.84632427,-7076.2,580.5,4850.8,0
2026-04-02T10:12:24.890046+00:00,183.24,46.73,183.24,46.73,-92.8,437317939.84632427,-7105.8,582.3,4871.1,0
2026-04-02T10:12:25.302788+00:00,183.32,46.49,183.32,46.49,-92.8,437317939.84632427,-7138.3,584.3,4893.4,0
2026-04-02T10:12:25.725726+00:00,183.40,46.25,183.4,46.25,-92.8,437317843.38729817,-7172.1,586.4,4916.6,0
2026-04-02T10:12:26.093356+00:00,183.47,46.04,183.47,46.04,-92.8,437317843.38729817,-7200.8,588.2,4936.3,0
2026-04-02T10:12:26.502426+00:00,183.55,45.81,183.55,45.81,-92.8,437317843.38729817,-7232.3,590.2,4957.9,0
2026-04-02T10:12:26.930048+00:00,183.62,45.57,183.62,45.57,-92.8,437317750.2311364,-7265.1,592.4,4980.3,0
2026-04-02T10:12:27.294041+00:00,183.69,45.37,183.69,45.37,-92.8,437317750.2311364,-7293.0,594.2,4999.4,0
2026-04-02T10:12:27.701743+00:00,183.76,45.15,183.76,45.15,-92.8,437317750.2311364,-7323.3,596.2,5020.2,0
2026-04-02T10:12:28.129695+00:00,183.84,44.91,183.84,44.91,-92.8,437317659.8977591,-7355.0,598.4,5042.0,0
2026-04-02T10:12:28.499155+00:00,183.90,44.71,183.9,44.71,-92.8,437317659.8977591,-7382.0,600.2,5060.5,0
2026-04-02T10:12:28.902325+00:00,183.97,44.49,183.97,44.49,-92.8,437317659.8977591,-7411.5,602.3,5080.7,0
2026-04-02T10:12:29.330073+00:00,184.05,44.26,184.05,44.26,-92.8,437317572.1741932,-7442.2,604.5,5101.8,0
2026-04-02T10:12:29.697542+00:00,184.11,44.07,184.11,44.07,-92.8,437317572.1741932,-7468.5,606.3,5119.7,0
2026-04-02T10:12:30.106705+00:00,184.18,43.85,184.18,43.85,-92.8,437317572.1741932,-7497.3,608.4,5139.5,0
2026-04-02T10:12:30.534854+00:00,184.25,43.62,184.25,43.62,-92.8,437317486.81470037,-7527.1,610.6,5160.0,0
2026-04-02T10:12:30.898023+00:00,184.30,43.43,184.3,43.43,-92.8,437317486.81470037,-7552.2,612.5,5177.1,0
2026-04-02T10:12:31.305547+00:00,184.37,43.22,184.37,43.22,-92.8,437317486.81470037,-7580.2,614.6,5196.3,0
2026-04-02T10:12:31.738171+00:00,184.44,43.00,184.44,43.0,-92.8,437317404.4368316,-7609.4,616.9,5216.3,0
2026-04-02T10:12:32.101212+00:00,184.49,42.81,184.49,42.81,-92.8,437317404.4368316,-7634.2,618.8,5233.4,0
2026-04-02T10:12:32.508993+00:00,184.55,42.60,184.55,42.6,-92.8,437317404.4368316,-7660.9,620.9,5251.7,0
2026-04-02T10:12:32.932715+00:00,184.62,42.38,184.62,42.38,-92.8,437317324.2221715,-7689.1,623.2,5271.0,0
2026-04-02T10:12:33.301070+00:00,184.67,42.20,184.67,42.2,-92.8,437317324.2221715,-7712.7,625.1,5287.1,0
2026-04-02T10:12:33.704995+00:00,184.73,41.99,184.73,41.99,-92.8,437317324.2221715,-7738.7,627.2,5305.0,0
2026-04-02T10:12:34.128811+00:00,184.79,41.78,184.79,41.78,-92.8,437317246.9036613,-7765.9,629.5,5323.7,0
2026-04-02T10:12:34.492871+00:00,184.85,41.60,184.85,41.6,-92.8,437317246.9036613,-7788.9,631.5,5339.4,0
2026-04-02T10:12:34.900682+00:00,184.90,41.40,184.9,41.4,-92.8,437317246.9036613,-7814.1,633.6,5356.7,0
2026-04-02T10:12:35.324692+00:00,184.96,41.19,184.96,41.19,-92.8,437317171.9364031,-7840.3,635.9,5374.6,0
2026-04-02T10:12:35.688749+00:00,185.01,41.01,185.01,41.01,-92.8,437317171.9364031,-7862.6,637.8,5389.9,0
2026-04-02T10:12:36.092706+00:00,185.07,40.82,185.07,40.82,-92.8,437317171.9364031,-7887.0,640.0,5406.7,0
2026-04-02T10:12:36.521277+00:00,185.13,40.61,185.13,40.61,-92.8,437317099.43578696,-7912.7,642.3,5424.2,0
2026-04-02T10:12:36.886106+00:00,185.17,40.44,185.17,40.44,-92.8,437317099.43578696,-7934.3,644.3,5439.1,0
2026-04-02T10:12:37.293131+00:00,185.23,40.25,185.23,40.25,-92.8,437317099.43578696,-7958.2,646.5,5455.5,0
2026-04-02T10:12:37.722244+00:00,185.28,40.04,185.28,40.04,-92.8,437317028.6118891,-7983.1,648.9,5472.5,0
2026-04-02T10:12:38.085134+00:00,185.33,39.87,185.33,39.87,-92.8,437317028.6118891,-8004.0,650.9,5486.8,0
2026-04-02T10:12:38.497531+00:00,185.38,39.68,185.38,39.68,-92.8,437317028.6118891,-8027.6,653.1,5503.0,0
2026-04-02T10:12:38.920680+00:00,185.43,39.48,185.43,39.48,-92.8,437316959.70261276,-8051.4,655.5,5519.4,0
2026-04-02T10:12:39.284679+00:00,185.48,39.32,185.48,39.32,-92.8,437316959.70261276,-8071.7,657.5,5533.3,0
2026-04-02T10:12:39.688716+00:00,185.53,39.13,185.53,39.13,-92.8,437316959.70261276,-8094.0,659.7,5548.6,0
2026-04-02T10:12:40.112749+00:00,185.58,38.94,185.58,38.94,-92.8,437316893.5947523,-8117.2,662.1,5564.5,0
2026-04-02T10:12:40.476697+00:00,185.62,38.77,185.62,38.77,-92.8,437316893.5947523,-8136.9,664.1,5578.0,0
2026-04-02T10:12:40.880673+00:00,185.67,38.59,185.67,38.59,-92.8,437316893.5947523,-8158.6,666.4,5592.8,0
2026-04-02T10:12:41.304699+00:00,185.72,38.40,185.72,38.4,-92.8,437316829.41647124,-8181.1,668.7,5608.3,0
2026-04-02T10:12:41.668705+00:00,185.76,38.24,185.76,38.24,-92.8,437316829.41647124,-8200.2,670.8,5621.4,0
2026-04-02T10:12:42.074096+00:00,185.81,38.06,185.81,38.06,-92.8,437316829.41647124,-8221.2,673.1,5635.8,0
2026-04-02T10:12:42.504061+00:00,185.86,37.87,185.86,37.87,-92.8,437316767.0637761,-8243.3,675.5,5650.9,0
2026-04-02T10:12:42.869766+00:00,185.90,37.71,185.9,37.71,-92.8,437316767.0637761,-8262.0,677.6,5663.7,0
2026-04-02T10:12:43.277713+00:00,185.94,37.54,185.94,37.54,-92.8,437316767.0637761,-8282.4,679.9,5677.7,0
2026-04-02T10:12:43.700812+00:00,185.99,37.35,185.99,37.35,-92.8,437316706.0665587,-8304.0,682.3,5692.5,0
2026-04-02T10:12:44.064719+00:00,186.03,37.19,186.03,37.19,-92.8,437316706.0665587,-8322.0,684.4,5704.8,0
2026-04-02T10:12:44.474046+00:00,186.07,37.02,186.07,37.02,-92.8,437316706.0665587,-8341.7,686.7,5718.4,0
2026-04-02T10:12:44.896724+00:00,186.12,36.84,186.12,36.84,-92.8,437316647.2489328,-8362.3,689.1,5732.5,0
2026-04-02T10:12:45.260874+00:00,186.15,36.69,186.15,36.69,-92.8,437316647.2489328,-8379.7,691.2,5744.4,0
2026-04-02T10:12:45.668724+00:00,186.20,36.52,186.2,36.52,-92.8,437316647.2489328,-8399.1,693.6,5757.7,0
2026-04-02T10:12:46.091656+00:00,186.24,36.34,186.24,36.34,-92.8,437316590.2511943,-8419.1,696.0,5771.4,0
2026-04-02T10:12:46.456706+00:00,186.28,36.19,186.28,36.19,-92.8,437316590.2511943,-8436.0,698.1,5783.0,0
2026-04-02T10:12:46.864741+00:00,186.32,36.03,186.32,36.03,-92.8,437316590.2511943,-8454.6,700.4,5795.8,0
2026-04-02T10:12:47.288802+00:00,186.36,35.85,186.36,35.85,-92.8,437316534.8767529,-8474.2,702.9,5809.2,0
2026-04-02T10:12:47.653277+00:00,186.40,35.70,186.4,35.7,-92.8,437316534.8767529,-8490.8,705.1,5820.5,0
2026-04-02T10:12:48.060706+00:00,186.44,35.54,186.44,35.54,-92.8,437316534.8767529,-8508.9,707.4,5832.9,0
2026-04-02T10:12:48.485341+00:00,186.48,35.37,186.48,35.37,-92.8,437316481.1377172,-8527.6,709.9,5845.8,0
2026-04-02T10:12:48.853871+00:00,186.51,35.22,186.51,35.22,-92.8,437316481.1377172,-8543.8,712.0,5856.9,0
2026-04-02T10:12:49.256741+00:00,186.55,35.06,186.55,35.06,-92.8,437316481.1377172,-8561.3,714.4,5868.9,0
2026-04-02T10:12:49.680700+00:00,186.59,34.90,186.59,34.9,-92.8,437316428.9749677,-8579.5,716.9,5881.4,0
2026-04-02T10:12:50.044724+00:00,186.62,34.75,186.62,34.75,-92.8,437316428.9749677,-8595.0,719.0,5892.0,0
2026-04-02T10:12:50.448777+00:00,186.66,34.60,186.66,34.6,-92.8,437316428.9749677,-8612.1,721.4,5903.7,0
2026-04-02T10:12:50.877083+00:00,186.70,34.43,186.7,34.43,-92.8,437316378.50603133,-8629.9,724.0,5915.9,0
2026-04-02T10:12:51.240724+00:00,186.73,34.29,186.73,34.29,-92.8,437316378.50603133,-8645.0,726.1,5926.2,0
2026-04-02T10:12:51.647738+00:00,186.77,34.13,186.77,34.13,-92.8,437316378.50603133,-8661.7,728.5,5937.7,0
2026-04-02T10:12:52.013063+00:00,186.80,34.00,186.8,34.0,-92.8,437316378.50603133,-8676.4,730.7,5947.8,0
2026-04-02T10:12:52.436879+00:00,186.83,33.86,186.83,33.86,-92.8,437316308.96210927,-8691.0,732.9,5957.8,0
2026-04-02T10:12:52.841007+00:00,186.87,33.68,186.87,33.68,-92.8,437316308.96210927,-8709.5,735.6,5970.5,0
2026-04-02T10:12:53.204701+00:00,186.90,33.55,186.9,33.55,-92.8,437316308.96210927,-8724.0,737.8,5980.4,0
2026-04-02T10:12:53.568761+00:00,186.93,33.41,186.93,33.41,-92.8,437316308.96210927,-8738.2,740.0,5990.1,0
2026-04-02T10:12:53.972807+00:00,186.97,33.26,186.97,33.26,-92.8,437316308.96210927,-8753.8,742.4,6000.8,0
2026-04-02T10:12:54.401804+00:00,187.00,33.10,187.0,33.1,-92.8,437316237.71653885,-8770.0,745.0,6012.0,0
2026-04-02T10:12:54.765924+00:00,187.03,32.97,187.03,32.97,-92.8,437316237.71653885,-8783.8,747.2,6021.4,0
2026-04-02T10:12:55.168690+00:00,187.06,32.83,187.06,32.83,-92.8,437316237.71653885,-8799.0,749.6,6031.8,0
2026-04-02T10:12:55.534000+00:00,187.09,32.69,187.09,32.69,-92.8,437316237.71653885,-8812.5,751.8,6041.1,0
2026-04-02T10:12:55.956676+00:00,187.12,32.56,187.12,32.56,-92.8,437316174.1002505,-8825.9,754.0,6050.3,0
2026-04-02T10:12:56.360691+00:00,187.16,32.40,187.16,32.4,-92.8,437316174.1002505,-8842.8,756.8,6061.9,0
2026-04-02T10:12:56.724685+00:00,187.19,32.27,187.19,32.27,-92.8,437316174.1002505,-8856.0,759.0,6070.9,0
2026-04-02T10:12:57.093177+00:00,187.22,32.14,187.22,32.14,-92.8,437316174.1002505,-8869.0,761.2,6079.8,0
2026-04-02T10:12:57.493013+00:00,187.25,32.00,187.25,32.0,-92.8,437316174.1002505,-8883.3,763.7,6089.6,0
2026-04-02T10:12:57.916695+00:00,187.28,31.85,187.28,31.85,-92.8,437316108.7132222,-8898.2,766.3,6099.9,0
2026-04-02T10:12:58.281345+00:00,187.31,31.72,187.31,31.72,-92.8,437316108.7132222,-8910.9,768.5,6108.5,0
2026-04-02T10:12:58.685373+00:00,187.34,31.58,187.34,31.58,-92.8,437316108.7132222,-8924.8,771.0,6118.1,0
2026-04-02T10:12:59.053817+00:00,187.37,31.46,187.37,31.46,-92.8,437316108.7132222,-8937.4,773.2,6126.7,0
2026-04-02T10:12:59.481876+00:00,187.39,31.33,187.39,31.33,-92.8,437316050.32439166,-8949.7,775.4,6135.1,0
2026-04-02T10:12:59.890043+00:00,187.43,31.17,187.43,31.17,-92.8,437316050.32439166,-8965.4,778.3,6145.9,0
2026-04-02T10:13:00.253729+00:00,187.45,31.05,187.45,31.05,-92.8,437316050.32439166,-8977.6,780.6,6154.3,0
2026-04-02T10:13:00.621892+00:00,187.48,30.93,187.48,30.93,-92.8,437316050.32439166,-8989.7,782.9,6162.5,0
2026-04-02T10:13:01.033747+00:00,187.51,30.79,187.51,30.79,-92.8,437316050.32439166,-9003.0,785.4,6171.7,0
2026-04-02T10:13:01.461745+00:00,187.54,30.65,187.54,30.65,-92.8,437315989.5885829,-9016.9,788.0,6181.2,0
2026-04-02T10:13:01.825871+00:00,187.57,30.52,187.57,30.52,-92.8,437315989.5885829,-9028.6,790.3,6189.3,0
2026-04-02T10:13:02.241430+00:00,187.59,30.39,187.59,30.39,-92.8,437315989.5885829,-9041.4,792.8,6198.0,0
2026-04-02T10:13:02.606203+00:00,187.62,30.27,187.62,30.27,-92.8,437315989.5885829,-9053.1,795.1,6206.0,0
2026-04-02T10:13:03.033781+00:00,187.65,30.15,187.65,30.15,-92.8,437315935.62161607,-9064.4,797.4,6213.8,0
2026-04-02T10:13:03.436684+00:00,187.68,30.00,187.68,30.0,-92.8,437315935.62161607,-9078.9,800.3,6223.7,0
2026-04-02T10:13:03.800718+00:00,187.70,29.88,187.7,29.88,-92.8,437315935.62161607,-9089.9,802.6,6231.3,0
2026-04-02T10:13:04.163734+00:00,187.73,29.77,187.73,29.77,-92.8,437315935.62161607,-9101.0,804.9,6238.9,0
2026-04-02T10:13:04.568693+00:00,187.75,29.64,187.75,29.64,-92.8,437315935.62161607,-9113.1,807.4,6247.2,0
2026-04-02T10:13:04.992929+00:00,187.78,29.50,187.78,29.5,-92.8,437315880.3034451,-9125.7,810.0,6255.8,0
2026-04-02T10:13:05.356705+00:00,187.80,29.39,187.8,29.39,-92.8,437315880.3034451,-9136.4,812.3,6263.1,0
2026-04-02T10:13:05.760690+00:00,187.83,29.26,187.83,29.26,-92.8,437315880.3034451,-9148.1,814.8,6271.2,0
2026-04-02T10:13:06.124778+00:00,187.85,29.15,187.85,29.15,-92.8,437315880.3034451,-9158.6,817.1,6278.4,0
2026-04-02T10:13:06.489073+00:00,187.88,29.04,187.88,29.04,-92.8,437315880.3034451,-9169.0,819.4,6285.5,0
2026-04-02T10:13:06.892681+00:00,187.90,28.91,187.9,28.91,-92.8,437315880.3034451,-9180.5,821.9,6293.4,0
2026-04-02T10:13:07.320575+00:00,187.93,28.78,187.93,28.78,-92.8,437315813.26462847,-9192.4,824.6,6301.5,0
2026-04-02T10:13:07.680714+00:00,187.95,28.67,187.95,28.67,-92.8,437315813.26462847,-9202.5,826.9,6308.5,0
2026-04-02T10:13:08.085350+00:00,187.98,28.55,187.98,28.55,-92.8,437315813.26462847,-9213.7,829.5,6316.1,0
2026-04-02T10:13:08.454268+00:00,188.00,28.44,188.0,28.44,-92.8,437315813.26462847,-9223.6,831.8,6322.9,0
2026-04-02T10:13:08.823109+00:00,188.02,28.33,188.02,28.33,-92.8,437315813.26462847,-9233.6,834.1,6329.8,0
2026-04-02T10:13:09.225799+00:00,188.05,28.21,188.05,28.21,-92.8,437315813.26462847,-9244.4,836.7,6337.2,0
2026-04-02T10:13:09.653969+00:00,188.07,28.08,188.07,28.08,-92.8,437315749.522978,-9255.8,839.4,6345.0,0
2026-04-02T10:13:10.021740+00:00,188.09,27.97,188.09,27.97,-92.8,437315749.522978,-9265.5,841.7,6351.6,0
2026-04-02T10:13:10.430057+00:00,188.12,27.85,188.12,27.85,-92.8,437315749.522978,-9276.2,844.3,6359.0,0
2026-04-02T10:13:10.793726+00:00,188.14,27.75,188.14,27.75,-92.8,437315749.522978,-9285.6,846.6,6365.4,0
2026-04-02T10:13:11.162101+00:00,188.16,27.64,188.16,27.64,-92.8,437315749.522978,-9295.0,849.0,6371.9,0
2026-04-02T10:13:11.569796+00:00,188.18,27.52,188.18,27.52,-92.8,437315749.522978,-9305.3,851.5,6378.9,0
2026-04-02T10:13:11.999332+00:00,188.21,27.40,188.21,27.4,-92.8,437315688.85697305,-9316.1,854.3,6386.3,0
2026-04-02T10:13:12.365812+00:00,188.23,27.30,188.23,27.3,-92.8,437315688.85697305,-9325.3,856.6,6392.6,0
2026-04-02T10:13:12.770130+00:00,188.25,27.18,188.25,27.18,-92.8,437315688.85697305,-9335.4,859.2,6399.5,0
2026-04-02T10:13:13.137647+00:00,188.27,27.07,188.27,27.07,-92.8,437315688.85697305,-9344.4,861.6,6405.7,0
2026-04-02T10:13:13.502030+00:00,188.29,26.97,188.29,26.97,-92.8,437315688.85697305,-9353.3,863.9,6411.8,0
2026-04-02T10:13:13.909750+00:00,188.31,26.86,188.31,26.86,-92.8,437315688.85697305,-9363.1,866.5,6418.6,0
2026-04-02T10:13:14.338026+00:00,188.34,26.74,188.34,26.74,-92.8,437315631.4589306,-9373.3,869.3,6425.6,0
2026-04-02T10:13:14.705798+00:00,188.36,26.64,188.36,26.64,-92.8,437315631.4589306,-9382.1,871.6,6431.5,0
2026-04-02T10:13:15.113604+00:00,188.38,26.52,188.38,26.52,-92.8,437315631.4589306,-9391.5,874.2,6438.0,0
2026-04-02T10:13:15.484110+00:00,188.40,26.42,188.4,26.42,-92.8,437315631.4589306,-9400.2,876.6,6444.0,0
2026-04-02T10:13:15.846030+00:00,188.42,26.32,188.42,26.32,-92.8,437315631.4589306,-9408.7,879.0,6449.8,0
2026-04-02T10:13:16.257567+00:00,188.44,26.21,188.44,26.21,-92.8,437315631.4589306,-9417.9,881.6,6456.1,0
2026-04-02T10:13:16.686058+00:00,188.46,26.10,188.46,26.1,-92.8,437315576.8501952,-9427.6,884.4,6462.8,0
2026-04-02T10:13:17.049708+00:00,188.48,26.00,188.48,26.0,-92.8,437315576.8501952,-9435.9,886.8,6468.4,0
2026-04-02T10:13:17.461599+00:00,188.50,25.89,188.5,25.89,-92.8,437315576.8501952,-9445.0,889.4,6474.7,0
2026-04-02T10:13:17.826834+00:00,188.52,25.79,188.52,25.79,-92.8,437315576.8501952,-9453.1,891.8,6480.2,0
2026-04-02T10:13:18.194454+00:00,188.54,25.69,188.54,25.69,-92.8,437315576.8501952,-9461.0,894.1,6485.7,0
2026-04-02T10:13:18.597986+00:00,188.56,25.59,188.56,25.59,-92.8,437315576.8501952,-9469.9,896.8,6491.8,0
2026-04-02T10:13:19.026188+00:00,188.58,25.47,188.58,25.47,-92.8,437315525.20456445,-9479.1,899.6,6498.1,0
2026-04-02T10:13:19.394084+00:00,188.60,25.38,188.6,25.38,-92.8,437315525.20456445,-9487.0,902.0,6503.4,0
2026-04-02T10:13:19.802136+00:00,188.62,25.27,188.62,25.27,-92.8,437315525.20456445,-9495.6,904.6,6509.4,0
2026-04-02T10:13:20.165753+00:00,188.64,25.18,188.64,25.18,-92.8,437315525.20456445,-9503.2,907.0,6514.6,0
2026-04-02T10:13:20.534016+00:00,188.66,25.08,188.66,25.08,-92.8,437315525.20456445,-9510.8,909.4,6519.8,0
2026-04-02T10:13:20.942036+00:00,188.68,24.98,188.68,24.98,-92.8,437315525.20456445,-9519.3,912.1,6525.6,0
2026-04-02T10:13:21.305519+00:00,188.69,24.88,188.69,24.88,-92.8,437315525.20456445,-9526.7,914.4,6530.7,0
2026-04-02T10:13:21.733876+00:00,188.71,24.79,188.71,24.79,-92.8,437315465.8513004,-9534.1,916.8,6535.8,0
2026-04-02T10:13:22.140887+00:00,188.73,24.67,188.73,24.67,-92.8,437315465.8513004,-9543.5,919.9,6542.2,0
2026-04-02T10:13:22.509116+00:00,188.75,24.58,188.75,24.58,-92.8,437315465.8513004,-9550.9,922.3,6547.3,0
2026-04-02T10:13:22.868692+00:00,188.77,24.49,188.77,24.49,-92.8,437315465.8513004,-9558.1,924.7,6552.2,0
2026-04-02T10:13:23.272716+00:00,188.79,24.39,188.79,24.39,-92.8,437315465.8513004,-9565.9,927.3,6557.5,0
2026-04-02T10:13:23.636833+00:00,188.80,24.30,188.8,24.3,-92.8,437315465.8513004,-9573.0,929.7,6562.4,0
2026-04-02T10:13:24.000681+00:00,188.82,24.21,188.82,24.21,-92.8,437315465.8513004,-9580.0,932.1,6567.2,0
2026-04-02T10:13:24.408701+00:00,188.84,24.11,188.84,24.11,-92.8,437315465.8513004,-9587.7,934.8,6572.5,0
2026-04-02T10:13:24.832678+00:00,188.86,24.01,188.86,24.01,-92.8,437315407.9788763,-9595.8,937.6,6578.0,0
2026-04-02T10:13:25.196692+00:00,188.88,23.92,188.88,23.92,-92.8,437315407.9788763,-9602.6,939.9,6582.7,0
2026-04-02T10:13:25.600693+00:00,188.89,23.82,188.89,23.82,-92.8,437315407.9788763,-9610.1,942.6,6587.9,0
2026-04-02T10:13:25.964677+00:00,188.91,23.73,188.91,23.73,-92.8,437315407.9788763,-9616.8,945.0,6592.5,0
2026-04-02T10:13:26.328706+00:00,188.93,23.64,188.93,23.64,-92.8,437315407.9788763,-9623.5,947.4,6597.0,0
2026-04-02T10:13:26.732814+00:00,188.94,23.55,188.94,23.55,-92.8,437315407.9788763,-9630.8,950.1,6602.1,0
2026-04-02T10:13:27.096698+00:00,188.96,23.46,188.96,23.46,-92.8,437315407.9788763,-9637.4,952.5,6606.6,0
2026-04-02T10:13:27.531071+00:00,188.98,23.37,188.98,23.37,-92.8,437315356.09890383,-9643.9,954.9,6611.0,0
2026-04-02T10:13:27.934079+00:00,189.00,23.26,189.0,23.26,-92.8,437315356.09890383,-9652.3,958.0,6616.8,0
2026-04-02T10:13:28.297765+00:00,189.01,23.18,189.01,23.18,-92.8,437315356.09890383,-9658.6,960.4,6621.1,0
2026-04-02T10:13:28.665831+00:00,189.03,23.09,189.03,23.09,-92.8,437315356.09890383,-9665.1,962.9,6625.5,0
2026-04-02T10:13:29.074061+00:00,189.04,23.00,189.04,23.0,-92.8,437315356.09890383,-9672.1,965.6,6630.4,0
2026-04-02T10:13:29.438233+00:00,189.06,22.91,189.06,22.91,-92.8,437315356.09890383,-9678.4,968.0,6634.7,0
2026-04-02T10:13:29.805815+00:00,189.08,22.83,189.08,22.83,-92.8,437315356.09890383,-9684.6,970.4,6638.9,0
2026-04-02T10:13:30.213567+00:00,189.09,22.74,189.09,22.74,-92.8,437315356.09890383,-9691.5,973.1,6643.6,0
2026-04-02T10:13:30.643784+00:00,189.11,22.64,189.11,22.64,-92.8,437315304.7360501,-9698.6,976.0,6648.5,0
2026-04-02T10:13:31.006212+00:00,189.13,22.56,189.13,22.56,-92.8,437315304.7360501,-9704.7,978.4,6652.7,0
2026-04-02T10:13:31.414053+00:00,189.14,22.46,189.14,22.46,-92.8,437315304.7360501,-9711.4,981.1,6657.3,0
2026-04-02T10:13:31.782807+00:00,189.16,22.38,189.16,22.38,-92.8,437315304.7360501,-9717.4,983.6,6661.4,0
2026-04-02T10:13:32.145696+00:00,189.17,22.30,189.17,22.3,-92.8,437315304.7360501,-9723.3,986.0,6665.4,0
2026-04-02T10:13:32.557992+00:00,189.19,22.21,189.19,22.21,-92.8,437315304.7360501,-9729.8,988.7,6669.9,0
2026-04-02T10:13:32.922082+00:00,189.20,22.13,189.2,22.13,-92.8,437315304.7360501,-9735.7,991.2,6673.9,0
2026-04-02T10:13:33.288706+00:00,189.22,22.04,189.22,22.04,-92.8,437315304.7360501,-9741.5,993.6,6677.9,0
2026-04-02T10:13:33.692711+00:00,189.23,21.96,189.23,21.96,-92.8,437315304.7360501,-9747.9,996.3,6682.3,0
2026-04-02T10:13:34.116804+00:00,189.25,21.86,189.25,21.86,-92.8,437315248.69704694,-9754.4,999.2,6686.8,0
2026-04-02T10:13:34.484689+00:00,189.26,21.78,189.26,21.78,-92.8,437315248.69704694,-9760.0,1001.6,6690.6,0
2026-04-02T10:13:34.888674+00:00,189.28,21.70,189.28,21.7,-92.8,437315248.69704694,-9766.2,1004.3,6694.9,0
2026-04-02T10:13:35.252683+00:00,189.29,21.62,189.29,21.62,-92.8,437315248.69704694,-9771.7,1006.7,6698.7,0
2026-04-02T10:13:35.616838+00:00,189.31,21.54,189.31,21.54,-92.8,437315248.69704694,-9777.2,1009.2,6702.4,0
2026-04-02T10:13:36.020742+00:00,189.32,21.45,189.32,21.45,-92.8,437315248.69704694,-9783.2,1011.9,6706.6,0
2026-04-02T10:13:36.384722+00:00,189.34,21.37,189.34,21.37,-92.8,437315248.69704694,-9788.6,1014.3,6710.2,0
2026-04-02T10:13:36.748679+00:00,189.35,21.30,189.35,21.3,-92.8,437315248.69704694,-9794.0,1016.8,6713.9,0
2026-04-02T10:13:37.153433+00:00,189.37,21.21,189.37,21.21,-92.8,437315248.69704694,-9799.9,1019.5,6718.0,0
2026-04-02T10:13:37.576716+00:00,189.38,21.12,189.38,21.12,-92.8,437315196.8491273,-9806.0,1022.3,6722.2,0
2026-04-02T10:13:37.940700+00:00,189.39,21.05,189.39,21.05,-92.8,437315196.8491273,-9811.2,1024.8,6725.7,0
2026-04-02T10:13:38.346075+00:00,189.41,20.96,189.41,20.96,-92.8,437315196.8491273,-9817.0,1027.5,6729.7,0
2026-04-02T10:13:38.714279+00:00,189.42,20.88,189.42,20.88,-92.8,437315196.8491273,-9822.2,1030.0,6733.2,0
2026-04-02T10:13:39.077836+00:00,189.44,20.81,189.44,20.81,-92.8,437315196.8491273,-9827.3,1032.5,6736.8,0
2026-04-02T10:13:39.486347+00:00,189.45,20.72,189.45,20.72,-92.8,437315196.8491273,-9832.9,1035.2,6740.6,0
2026-04-02T10:13:39.854043+00:00,189.46,20.65,189.46,20.65,-92.8,437315196.8491273,-9838.0,1037.7,6744.1,0
2026-04-02T10:13:40.222588+00:00,189.48,20.57,189.48,20.57,-92.8,437315196.8491273,-9843.1,1040.2,6747.6,0
2026-04-02T10:13:40.626240+00:00,189.49,20.49,189.49,20.49,-92.8,437315196.8491273,-9848.5,1042.9,6751.3,0
2026-04-02T10:13:40.994252+00:00,189.50,20.42,189.5,20.42,-92.8,437315196.8491273,-9853.5,1045.4,6754.7,0
2026-04-02T10:13:41.422054+00:00,189.52,20.34,189.52,20.34,-92.8,437315141.60147256,-9858.4,1047.8,6758.1,0
2026-04-02T10:13:41.829766+00:00,189.53,20.25,189.53,20.25,-92.8,437315141.60147256,-9864.6,1051.0,6762.3,0
2026-04-02T10:13:42.193530+00:00,189.55,20.18,189.55,20.18,-92.8,437315141.60147256,-9869.4,1053.5,6765.6,0
2026-04-02T10:13:42.561807+00:00,189.56,20.10,189.56,20.1,-92.8,437315141.60147256,-9874.2,1056.0,6768.9,0
2026-04-02T10:13:42.969843+00:00,189.57,20.02,189.57,20.02,-92.8,437315141.60147256,-9879.5,1058.7,6772.5,0
2026-04-02T10:13:43.334038+00:00,189.59,19.95,189.59,19.95,-92.8,437315141.60147256,-9884.2,1061.2,6775.7,0
2026-04-02T10:13:43.701741+00:00,189.60,19.88,189.6,19.88,-92.8,437315141.60147256,-9888.9,1063.7,6779.0,0
2026-04-02T10:13:44.109645+00:00,189.61,19.80,189.61,19.8,-92.8,437315141.60147256,-9894.0,1066.5,6782.5,0
2026-04-02T10:13:44.474063+00:00,189.62,19.73,189.62,19.73,-92.8,437315141.60147256,-9898.6,1068.9,6785.6,0
2026-04-02T10:13:44.846176+00:00,189.64,19.65,189.64,19.65,-92.8,437315141.60147256,-9903.2,1071.4,6788.8,0
2026-04-02T10:13:45.253521+00:00,189.65,19.57,189.65,19.57,-92.8,437315141.60147256,-9908.2,1074.2,6792.2,0
2026-04-02T10:13:45.681559+00:00,189.66,19.49,189.66,19.49,-92.8,437315088.9394114,-9913.5,1077.1,6795.8,0
2026-04-02T10:13:46.045767+00:00,189.68,19.42,189.68,19.42,-92.8,437315088.9394114,-9918.0,1079.6,6798.9,0
2026-04-02T10:13:46.453730+00:00,189.69,19.34,189.69,19.34,-92.8,437315088.9394114,-9922.9,1082.4,6802.3,0
2026-04-02T10:13:46.824320+00:00,189.70,19.27,189.7,19.27,-92.8,437315088.9394114,-9927.3,1084.9,6805.3,0
2026-04-02T10:13:47.185551+00:00,189.71,19.20,189.71,19.2,-92.8,437315088.9394114,-9931.6,1087.4,6808.3,0
2026-04-02T10:13:47.593739+00:00,189.73,19.13,189.73,19.13,-92.8,437315088.9394114,-9936.4,1090.1,6811.6,0
2026-04-02T10:13:47.962739+00:00,189.74,19.06,189.74,19.06,-92.8,437315088.9394114,-9940.8,1092.6,6814.5,0
2026-04-02T10:13:48.324696+00:00,189.75,18.99,189.75,18.99,-92.8,437315088.9394114,-9945.0,1095.1,6817.4,0
2026-04-02T10:13:48.728708+00:00,189.76,18.91,189.76,18.91,-92.8,437315088.9394114,-9949.7,1097.9,6820.7,0
2026-04-02T10:13:49.092788+00:00,189.77,18.85,189.77,18.85,-92.8,437315088.9394114,-9953.9,1100.4,6823.5,0
2026-04-02T10:13:49.456685+00:00,189.79,18.78,189.79,18.78,-92.8,437315088.9394114,-9958.0,1102.9,6826.4,0
2026-04-02T10:13:49.860696+00:00,189.80,18.70,189.8,18.7,-92.8,437315088.9394114,-9962.5,1105.6,6829.5,0
2026-04-02T10:13:50.284680+00:00,189.81,18.63,189.81,18.63,-92.8,437315034.9468024,-9967.3,1108.5,6832.7,0
2026-04-02T10:13:50.648727+00:00,189.82,18.56,189.82,18.56,-92.8,437315034.9468024,-9971.4,1111.0,6835.5,0
2026-04-02T10:13:51.052694+00:00,189.84,18.48,189.84,18.48,-92.8,437315034.9468024,-9975.8,1113.8,6838.6,0
2026-04-02T10:13:51.416685+00:00,189.85,18.42,189.85,18.42,-92.8,437315034.9468024,-9979.8,1116.3,6841.3,0
2026-04-02T10:13:51.780681+00:00,189.86,18.35,189.86,18.35,-92.8,437315034.9468024,-9983.8,1118.8,6844.0,0
2026-04-02T10:13:52.189828+00:00,189.87,18.28,189.87,18.28,-92.8,437315034.9468024,-9988.1,1121.5,6847.0,0
2026-04-02T10:13:52.548697+00:00,189.88,18.21,189.88,18.21,-92.8,437315034.9468024,-9992.0,1124.0,6849.7,0
2026-04-02T10:13:52.912677+00:00,189.89,18.15,189.89,18.15,-92.8,437315034.9468024,-9995.9,1126.5,6852.3,0
2026-04-02T10:13:53.318155+00:00,189.90,18.08,189.9,18.08,-92.8,437315034.9468024,-10000.1,1129.3,6855.2,0
2026-04-02T10:13:53.685761+00:00,189.92,18.01,189.92,18.01,-92.8,437315034.9468024,-10004.0,1131.8,6857.9,0
2026-04-02T10:13:54.055164+00:00,189.93,17.95,189.93,17.95,-92.8,437315034.9468024,-10007.8,1134.3,6860.5,0
2026-04-02T10:13:54.462058+00:00,189.94,17.88,189.94,17.88,-92.8,437315034.9468024,-10012.0,1137.1,6863.3,0
2026-04-02T10:13:54.826065+00:00,189.95,17.81,189.95,17.81,-92.8,437315034.9468024,-10015.7,1139.6,6865.9,0
2026-04-02T10:13:55.253579+00:00,189.96,17.75,189.96,17.75,-92.8,437314980.53323305,-10019.5,1142.1,6868.5,0
2026-04-02T10:13:55.661797+00:00,189.97,17.67,189.97,17.67,-92.8,437314980.53323305,-10024.2,1145.3,6871.7,0
2026-04-02T10:13:56.026062+00:00,189.98,17.60,189.98,17.6,-92.8,437314980.53323305,-10027.9,1147.9,6874.2,0
2026-04-02T10:13:56.395380+00:00,189.99,17.54,189.99,17.54,-92.8,437314980.53323305,-10031.5,1150.4,6876.7,0
2026-04-02T10:13:56.801742+00:00,190.01,17.47,190.01,17.47,-92.8,437314980.53323305,-10035.5,1153.2,6879.5,0
2026-04-02T10:13:57.166238+00:00,190.02,17.41,190.02,17.41,-92.8,437314980.53323305,-10039.1,1155.7,6881.9,0
2026-04-02T10:13:57.534040+00:00,190.03,17.34,190.03,17.34,-92.8,437314980.53323305,-10042.7,1158.2,6884.4,0
2026-04-02T10:13:57.942038+00:00,190.04,17.27,190.04,17.27,-92.8,437314980.53323305,-10046.6,1161.0,6887.1,0
2026-04-02T10:13:58.315434+00:00,190.05,17.21,190.05,17.21,-92.8,437314980.53323305,-10050.1,1163.6,6889.5,0
2026-04-02T10:13:58.674043+00:00,190.06,17.15,190.06,17.15,-92.8,437314980.53323305,-10053.6,1166.1,6891.9,0
2026-04-02T10:13:59.081546+00:00,190.07,17.08,190.07,17.08,-92.8,437314980.53323305,-10057.4,1168.9,6894.5,0
2026-04-02T10:13:59.450032+00:00,190.08,17.02,190.08,17.02,-92.8,437314980.53323305,-10060.9,1171.4,6896.9,0
2026-04-02T10:13:59.818821+00:00,190.09,16.96,190.09,16.96,-92.8,437314980.53323305,-10064.3,1173.9,6899.2,0
2026-04-02T10:14:00.222389+00:00,190.10,16.89,190.1,16.89,-92.8,437314980.53323305,-10068.1,1176.7,6901.8,0
2026-04-02T10:14:00.653778+00:00,190.11,16.82,190.11,16.82,-92.8,437314929.86200786,-10072.0,1179.7,6904.5,0
2026-04-02T10:14:01.017888+00:00,190.12,16.76,190.12,16.76,-92.8,437314929.86200786,-10075.3,1182.2,6906.8,0
2026-04-02T10:14:01.426077+00:00,190.13,16.69,190.13,16.69,-92.8,437314929.86200786,-10079.0,1185.1,6909.3,0
2026-04-02T10:14:01.790296+00:00,190.14,16.63,190.14,16.63,-92.8,437314929.86200786,-10082.3,1187.6,6911.6,0
2026-04-02T10:14:02.157974+00:00,190.15,16.57,190.15,16.57,-92.8,437314929.86200786,-10085.6,1190.1,6913.8,0
2026-04-02T10:14:02.565768+00:00,190.17,16.50,190.17,16.5,-92.8,437314929.86200786,-10089.2,1192.9,6916.3,0
2026-04-02T10:14:02.935125+00:00,190.18,16.44,190.18,16.44,-92.8,437314929.86200786,-10092.4,1195.5,6918.5,0
2026-04-02T10:14:03.296703+00:00,190.18,16.38,190.18,16.38,-92.8,437314929.86200786,-10095.6,1198.0,6920.7,0
2026-04-02T10:14:03.700704+00:00,190.20,16.32,190.2,16.32,-92.8,437314929.86200786,-10099.1,1200.8,6923.1,0
2026-04-02T10:14:04.064694+00:00,190.20,16.26,190.2,16.26,-92.8,437314929.86200786,-10102.2,1203.3,6925.2,0
2026-04-02T10:14:04.428688+00:00,190.21,16.20,190.21,16.2,-92.8,437314929.86200786,-10105.3,1205.9,6927.3,0
2026-04-02T10:14:04.832703+00:00,190.22,16.14,190.22,16.14,-92.8,437314929.86200786,-10108.8,1208.7,6929.7,0
2026-04-02T10:14:05.196692+00:00,190.23,16.08,190.23,16.08,-92.8,437314929.86200786,-10111.8,1211.2,6931.8,0
2026-04-02T10:14:05.560686+00:00,190.24,16.02,190.24,16.02,-92.8,437314929.86200786,-10114.9,1213.7,6933.9,0
2026-04-02T10:14:05.965322+00:00,190.25,15.96,190.25,15.96,-92.8,437314929.86200786,-10118.2,1216.5,6936.2,0
2026-04-02T10:14:06.328687+00:00,190.26,15.90,190.26,15.9,-92.8,437314929.86200786,-10121.2,1219.0,6938.2,0
2026-04-02T10:14:06.752703+00:00,190.27,15.84,190.27,15.84,-92.8,437314875.85372853,-10124.1,1221.5,6940.2,0
2026-04-02T10:14:07.156820+00:00,190.28,15.77,190.28,15.77,-92.8,437314875.85372853,-10127.9,1224.8,6942.8,0
2026-04-02T10:14:07.520695+00:00,190.29,15.71,190.29,15.71,-92.8,437314875.85372853,-10130.9,1227.3,6944.9,0
2026-04-02T10:14:07.884709+00:00,190.30,15.66,190.3,15.66,-92.8,437314875.85372853,-10133.8,1229.8,6946.9,0
2026-04-02T10:14:08.290083+00:00,190.31,15.59,190.31,15.59,-92.8,437314875.85372853,-10137.0,1232.6,6949.0,0
2026-04-02T10:14:08.662479+00:00,190.32,15.54,190.32,15.54,-92.8,437314875.85372853,-10139.9,1235.2,6951.0,0
2026-04-02T10:14:09.027434+00:00,190.33,15.48,190.33,15.48,-92.8,437314875.85372853,-10142.7,1237.7,6953.0,0
2026-04-02T10:14:09.430083+00:00,190.34,15.42,190.34,15.42,-92.8,437314875.85372853,-10145.9,1240.5,6955.2,0
2026-04-02T10:14:09.797730+00:00,190.35,15.36,190.35,15.36,-92.8,437314875.85372853,-10148.7,1243.1,6957.1,0
2026-04-02T10:14:10.161497+00:00,190.36,15.31,190.36,15.31,-92.8,437314875.85372853,-10151.6,1245.7,6959.0,0
2026-04-02T10:14:10.569736+00:00,190.37,15.25,190.37,15.25,-92.8,437314875.85372853,-10154.6,1248.5,6961.1,0
2026-04-02T10:14:10.938048+00:00,190.38,15.19,190.38,15.19,-92.8,437314875.85372853,-10157.4,1251.0,6963.1,0
2026-04-02T10:14:11.301962+00:00,190.39,15.14,190.39,15.14,-92.8,437314875.85372853,-10160.2,1253.6,6964.9,0
2026-04-02T10:14:11.709809+00:00,190.40,15.07,190.4,15.07,-92.8,437314875.85372853,-10163.2,1256.4,6967.0,0
2026-04-02T10:14:12.077538+00:00,190.41,15.02,190.41,15.02,-92.8,437314875.85372853,-10165.9,1259.0,6968.9,0
2026-04-02T10:14:12.442437+00:00,190.41,14.96,190.41,14.96,-92.8,437314875.85372853,-10168.6,1261.5,6970.7,0
2026-04-02T10:14:12.855123+00:00,190.42,14.90,190.42,14.9,-92.8,437314875.85372853,-10171.6,1264.4,6972.8,0
2026-04-02T10:14:13.217748+00:00,190.43,14.85,190.43,14.85,-92.8,437314875.85372853,-10174.3,1266.9,6974.6,0
2026-04-02T10:14:13.646074+00:00,190.44,14.79,190.44,14.79,-92.8,437314823.0947967,-10176.9,1269.5,6976.4,0
2026-04-02T10:14:14.052469+00:00,190.45,14.73,190.45,14.73,-92.8,437314823.0947967,-10180.3,1272.8,6978.7,0
2026-04-02T10:14:14.423119+00:00,190.46,14.67,190.46,14.67,-92.8,437314823.0947967,-10182.9,1275.3,6980.5,0
2026-04-02T10:14:14.786036+00:00,190.47,14.62,190.47,14.62,-92.8,437314823.0947967,-10185.4,1277.9,6982.3,0
2026-04-02T10:14:15.193570+00:00,190.48,14.56,190.48,14.56,-92.8,437314823.0947967,-10188.3,1280.7,6984.2,0
2026-04-02T10:14:15.563203+00:00,190.49,14.51,190.49,14.51,-92.8,437314823.0947967,-10190.8,1283.3,6986.0,0
2026-04-02T10:14:15.926084+00:00,190.50,14.45,190.5,14.45,-92.8,437314823.0947967,-10193.3,1285.8,6987.7,0
2026-04-02T10:14:16.338030+00:00,190.50,14.39,190.5,14.39,-92.8,437314823.0947967,-10196.2,1288.7,6989.6,0
2026-04-02T10:14:16.701768+00:00,190.51,14.34,190.51,14.34,-92.8,437314823.0947967,-10198.7,1291.3,6991.3,0
2026-04-02T10:14:17.069799+00:00,190.52,14.29,190.52,14.29,-92.8,437314823.0947967,-10201.1,1293.8,6993.0,0
2026-04-02T10:14:17.477783+00:00,190.53,14.23,190.53,14.23,-92.8,437314823.0947967,-10203.9,1296.7,6994.9,0
2026-04-02T10:14:17.845775+00:00,190.54,14.18,190.54,14.18,-92.8,437314823.0947967,-10206.3,1299.2,6996.6,0
2026-04-02T10:14:18.208720+00:00,190.55,14.13,190.55,14.13,-92.8,437314823.0947967,-10208.7,1301.8,6998.2,0
2026-04-02T10:14:18.613073+00:00,190.56,14.07,190.56,14.07,-92.8,437314823.0947967,-10211.4,1304.7,7000.1,0
2026-04-02T10:14:18.980640+00:00,190.56,14.02,190.56,14.02,-92.8,437314823.0947967,-10213.8,1307.2,7001.7,0
2026-04-02T10:14:19.340689+00:00,190.57,13.96,190.57,13.96,-92.8,437314823.0947967,-10216.2,1309.8,7003.3,0
2026-04-02T10:14:19.744692+00:00,190.58,13.91,190.58,13.91,-92.8,437314823.0947967,-10218.7,1312.6,7005.1,0
2026-04-02T10:14:20.108687+00:00,190.59,13.86,190.59,13.86,-92.8,437314823.0947967,-10221.1,1315.1,7006.7,0
2026-04-02T10:14:20.472691+00:00,190.60,13.81,190.6,13.81,-92.8,437314823.0947967,-10223.4,1317.7,7008.3,0
2026-04-02T10:14:20.876678+00:00,190.61,13.75,190.61,13.75,-92.8,437314823.0947967,-10226.0,1320.5,7010.0,0
2026-04-02T10:14:21.300711+00:00,190.61,13.69,190.61,13.69,-92.8,437314772.6422429,-10228.6,1323.5,7011.9,0
2026-04-02T10:14:21.664691+00:00,190.62,13.64,190.62,13.64,-92.8,437314772.6422429,-10230.9,1326.0,7013.4,0
2026-04-02T10:14:22.068954+00:00,190.63,13.59,190.63,13.59,-92.8,437314772.6422429,-10233.4,1328.9,7015.1,0
2026-04-02T10:14:22.432679+00:00,190.64,13.54,190.64,13.54,-92.8,437314772.6422429,-10235.6,1331.4,7016.7,0
2026-04-02T10:14:22.796682+00:00,190.65,13.49,190.65,13.49,-92.8,437314772.6422429,-10237.8,1334.0,7018.2,0
2026-04-02T10:14:23.202308+00:00,190.66,13.43,190.66,13.43,-92.8,437314772.6422429,-10240.3,1336.8,7019.9,0
2026-04-02T10:14:23.569540+00:00,190.66,13.38,190.66,13.38,-92.8,437314772.6422429,-10242.5,1339.4,7021.4,0
2026-04-02T10:14:23.939087+00:00,190.67,13.33,190.67,13.33,-92.8,437314772.6422429,-10244.7,1342.0,7022.9,0
2026-04-02T10:14:24.341772+00:00,190.68,13.28,190.68,13.28,-92.8,437314772.6422429,-10247.1,1344.8,7024.5,0
2026-04-02T10:14:24.709785+00:00,190.69,13.23,190.69,13.23,-92.8,437314772.6422429,-10249.2,1347.4,7026.0,0
2026-04-02T10:14:25.078240+00:00,190.70,13.18,190.7,13.18,-92.8,437314772.6422429,-10251.4,1350.0,7027.5,0
2026-04-02T10:14:25.482368+00:00,190.70,13.12,190.7,13.12,-92.8,437314772.6422429,-10253.8,1352.8,7029.1,0
2026-04-02T10:14:25.850025+00:00,190.71,13.07,190.71,13.07,-92.8,437314772.6422429,-10255.9,1355.4,7030.5,0
2026-04-02T10:14:26.217539+00:00,190.72,13.03,190.72,13.03,-92.8,437314772.6422429,-10258.0,1358.0,7032.0,0
2026-04-02T10:14:26.625886+00:00,190.73,12.97,190.73,12.97,-92.8,437314772.6422429,-10260.3,1360.8,7033.6,0
2026-04-02T10:14:26.995281+00:00,190.73,12.92,190.73,12.92,-92.8,437314772.6422429,-10262.4,1363.4,7035.0,0
2026-04-02T10:14:27.358079+00:00,190.74,12.87,190.74,12.87,-92.8,437314772.6422429,-10264.4,1366.0,7036.4,0
2026-04-02T10:14:27.765741+00:00,190.75,12.82,190.75,12.82,-92.8,437314772.6422429,-10266.7,1368.9,7038.0,0
2026-04-02T10:14:28.134576+00:00,190.76,12.77,190.76,12.77,-92.8,437314772.6422429,-10268.8,1371.5,7039.4,0
2026-04-02T10:14:28.497723+00:00,190.77,12.73,190.77,12.73,-92.8,437314772.6422429,-10270.8,1374.0,7040.8,0
2026-04-02T10:14:28.906021+00:00,190.77,12.67,190.77,12.67,-92.8,437314772.6422429,-10273.0,1376.9,7042.3,0
2026-04-02T10:14:29.273183+00:00,190.78,12.62,190.78,12.62,-92.8,437314772.6422429,-10275.0,1379.5,7043.7,0
2026-04-02T10:14:29.632968+00:00,190.79,12.58,190.79,12.58,-92.8,437314772.6422429,-10277.0,1382.1,7045.0,0
2026-04-02T10:14:30.036708+00:00,190.80,12.52,190.8,12.52,-92.8,437314772.6422429,-10279.1,1384.9,7046.5,0
2026-04-02T10:14:30.460739+00:00,190.80,12.47,190.8,12.47,-92.8,437314719.69598013,-10281.4,1387.9,7048.0,0
2026-04-02T10:14:30.824672+00:00,190.81,12.42,190.81,12.42,-92.8,437314719.69598013,-10283.3,1390.5,7049.3,0
2026-04-02T10:14:31.228722+00:00,190.82,12.37,190.82,12.37,-92.8,437314719.69598013,-10285.4,1393.3,7050.8,0
2026-04-02T10:14:31.592693+00:00,190.83,12.33,190.83,12.33,-92.8,437314719.69598013,-10287.3,1395.9,7052.1,0
2026-04-02T10:14:31.956711+00:00,190.83,12.28,190.83,12.28,-92.8,437314719.69598013,-10289.2,1398.4,7053.4,0
2026-04-02T10:14:32.360699+00:00,190.84,12.23,190.84,12.23,-92.8,437314719.69598013,-10291.3,1401.3,7054.8,0
2026-04-02T10:14:32.724739+00:00,190.85,12.18,190.85,12.18,-92.8,437314719.69598013,-10293.1,1403.9,7056.1,0
2026-04-02T10:14:33.088687+00:00,190.86,12.14,190.86,12.14,-92.8,437314719.69598013,-10295.0,1406.4,7057.4,0
2026-04-02T10:14:33.494216+00:00,190.86,12.08,190.86,12.08,-92.8,437314719.69598013,-10297.0,1409.3,7058.8,0
2026-04-02T10:14:33.856681+00:00,190.87,12.04,190.87,12.04,-92.8,437314719.69598013,-10298.9,1411.8,7060.0,0
2026-04-02T10:14:34.222225+00:00,190.88,11.99,190.88,11.99,-92.8,437314719.69598013,-10300.7,1414.4,7061.3,0
2026-04-02T10:14:34.631003+00:00,190.89,11.94,190.89,11.94,-92.8,437314719.69598013,-10302.7,1417.3,7062.6,0
2026-04-02T10:14:34.998276+00:00,190.89,11.90,190.89,11.9,-92.8,437314719.69598013,-10304.5,1419.9,7063.9,0
2026-04-02T10:14:35.367101+00:00,190.90,11.85,190.9,11.85,-92.8,437314719.69598013,-10306.3,1422.5,7065.1,0
2026-04-02T10:14:35.769938+00:00,190.91,11.80,190.91,11.8,-92.8,437314719.69598013,-10308.2,1425.3,7066.4,0
2026-04-02T10:14:36.136431+00:00,190.91,11.76,190.91,11.76,-92.8,437314719.69598013,-10310.0,1427.9,7067.7,0
2026-04-02T10:14:36.507318+00:00,190.92,11.71,190.92,11.71,-92.8,437314719.69598013,-10311.8,1430.5,7068.9,0
2026-04-02T10:14:36.914115+00:00,190.93,11.66,190.93,11.66,-92.8,437314719.69598013,-10313.7,1433.4,7070.2,0
2026-04-02T10:14:37.277743+00:00,190.93,11.62,190.93,11.62,-92.8,437314719.69598013,-10315.4,1436.0,7071.4,0
2026-04-02T10:14:37.644194+00:00,190.94,11.57,190.94,11.57,-92.8,437314719.69598013,-10317.1,1438.6,7072.5,0
2026-04-02T10:14:38.053430+00:00,190.95,11.52,190.95,11.52,-92.8,437314719.69598013,-10319.0,1441.4,7073.8,0
2026-04-02T10:14:38.418039+00:00,190.96,11.48,190.96,11.48,-92.8,437314719.69598013,-10320.7,1444.1,7075.0,0
2026-04-02T10:14:38.785738+00:00,190.96,11.43,190.96,11.43,-92.8,437314719.69598013,-10322.4,1446.7,7076.2,0
2026-04-02T10:14:39.193340+00:00,190.97,11.38,190.97,11.38,-92.8,437314719.69598013,-10324.3,1449.5,7077.4,0
2026-04-02T10:14:39.562133+00:00,190.98,11.34,190.98,11.34,-92.8,437314719.69598013,-10325.9,1452.1,7078.6,0
2026-04-02T10:14:39.925732+00:00,190.98,11.30,190.98,11.3,-92.8,437314719.69598013,-10327.6,1454.7,7079.7,0
2026-04-02T10:14:40.328789+00:00,190.99,11.25,190.99,11.25,-92.8,437314719.69598013,-10329.4,1457.6,7081.0,0
2026-04-02T10:14:40.756716+00:00,191.00,11.20,191.0,11.2,-92.8,437314669.5981442,-10331.3,1460.6,7082.3,0
2026-04-02T10:14:41.117144+00:00,191.00,11.15,191.0,11.15,-92.8,437314669.5981442,-10332.9,1463.2,7083.4,0
2026-04-02T10:14:41.524738+00:00,191.01,11.11,191.01,11.11,-92.8,437314669.5981442,-10334.7,1466.1,7084.6,0
2026-04-02T10:14:41.889861+00:00,191.02,11.06,191.02,11.06,-92.8,437314669.5981442,-10336.3,1468.6,7085.7,0
2026-04-02T10:14:42.253828+00:00,191.03,11.02,191.03,11.02,-92.8,437314669.5981442,-10337.8,1471.2,7086.7,0
2026-04-02T10:14:42.656678+00:00,191.03,10.97,191.03,10.97,-92.8,437314669.5981442,-10339.6,1474.1,7087.9,0
2026-04-02T10:14:43.021969+00:00,191.04,10.93,191.04,10.93,-92.8,437314669.5981442,-10341.1,1476.7,7089.0,0
2026-04-02T10:14:43.380822+00:00,191.04,10.89,191.04,10.89,-92.8,437314669.5981442,-10342.7,1479.2,7090.0,0
2026-04-02T10:14:43.788701+00:00,191.05,10.84,191.05,10.84,-92.8,437314669.5981442,-10344.4,1482.1,7091.2,0
2026-04-02T10:14:44.153385+00:00,191.06,10.80,191.06,10.8,-92.8,437314669.5981442,-10345.9,1484.7,7092.3,0
2026-04-02T10:14:44.516776+00:00,191.06,10.75,191.06,10.75,-92.8,437314669.5981442,-10347.4,1487.3,7093.3,0
2026-04-02T10:14:44.920793+00:00,191.07,10.71,191.07,10.71,-92.8,437314669.5981442,-10349.1,1490.1,7094.4,0
2026-04-02T10:14:45.285762+00:00,191.08,10.67,191.08,10.67,-92.8,437314669.5981442,-10350.6,1492.7,7095.5,0
2026-04-02T10:14:45.653830+00:00,191.08,10.62,191.08,10.62,-92.8,437314669.5981442,-10352.1,1495.3,7096.5,0
2026-04-02T10:14:46.062829+00:00,191.09,10.58,191.09,10.58,-92.8,437314669.5981442,-10353.7,1498.2,7097.6,0
2026-04-02T10:14:46.426139+00:00,191.10,10.54,191.1,10.54,-92.8,437314669.5981442,-10355.2,1500.8,7098.6,0
2026-04-02T10:14:46.793741+00:00,191.10,10.49,191.1,10.49,-92.8,437314669.5981442,-10356.7,1503.4,7099.6,0
2026-04-02T10:14:47.201772+00:00,191.11,10.45,191.11,10.45,-92.8,437314669.5981442,-10358.3,1506.3,7100.7,0
2026-04-02T10:14:47.565738+00:00,191.12,10.41,191.12,10.41,-92.8,437314669.5981442,-10359.7,1508.9,7101.7,0
2026-04-02T10:14:47.934063+00:00,191.12,10.36,191.12,10.36,-92.8,437314669.5981442,-10361.1,1511.5,7102.7,0
2026-04-02T10:14:48.338296+00:00,191.13,10.32,191.13,10.32,-92.8,437314669.5981442,-10362.7,1514.4,7103.8,0
2026-04-02T10:14:48.705806+00:00,191.14,10.28,191.14,10.28,-92.8,437314669.5981442,-10364.1,1517.0,7104.8,0
2026-04-02T10:14:49.073387+00:00,191.14,10.23,191.14,10.23,-92.8,437314669.5981442,-10365.6,1519.6,7105.7,0
2026-04-02T10:14:49.478151+00:00,191.15,10.19,191.15,10.19,-92.8,437314669.5981442,-10367.1,1522.5,7106.8,0
2026-04-02T10:14:49.849537+00:00,191.16,10.15,191.16,10.15,-92.8,437314669.5981442,-10368.5,1525.1,7107.7,0
2026-04-02T10:14:50.213352+00:00,191.16,10.11,191.16,10.11,-92.8,437314669.5981442,-10369.9,1527.7,7108.7,0
2026-04-02T10:14:50.618908+00:00,191.17,10.06,191.17,10.06,-92.8,437314669.5981442,-10371.4,1530.6,7109.7,0
2026-04-02T10:14:50.985772+00:00,191.17,10.02,191.17,10.02,-92.8,437314669.5981442,-10372.7,1533.2,7110.7,0
2026-04-02T10:14:51.348691+00:00,191.18,9.98,191.18,9.98,-92.8,437314669.5981442,-10374.1,1535.8,7111.6,0
2026-04-02T10:14:51.756681+00:00,191.19,9.94,191.19,9.94,-92.8,437314669.5981442,-10375.6,1538.7,7112.6,0
2026-04-02T10:14:52.116862+00:00,191.19,9.90,191.19,9.9,-92.8,437314669.5981442,-10376.9,1541.3,7113.5,0
2026-04-02T10:14:52.480794+00:00,191.20,9.86,191.2,9.86,-92.8,437314669.5981442,-10378.2,1543.9,7114.4,0
2026-04-02T10:14:52.889825+00:00,191.21,9.81,191.21,9.81,-92.8,437314669.5981442,-10379.7,1546.7,7115.4,0
2026-04-02T10:14:53.312687+00:00,191.21,9.76,191.21,9.76,-92.8,437314619.51170474,-10381.2,1549.8,7116.5,0
2026-04-02T10:14:53.673441+00:00,191.22,9.73,191.22,9.73,-92.8,437314619.51170474,-10382.5,1552.4,7117.3,0
2026-04-02T10:14:54.080697+00:00,191.22,9.68,191.22,9.68,-92.8,437314619.51170474,-10383.9,1555.2,7118.3,0
2026-04-02T10:14:54.445812+00:00,191.23,9.64,191.23,9.64,-92.8,437314619.51170474,-10385.2,1557.8,7119.2,0
2026-04-02T10:14:54.804676+00:00,191.24,9.60,191.24,9.6,-92.8,437314619.51170474,-10386.4,1560.4,7120.0,0
2026-04-02T10:14:55.212711+00:00,191.24,9.56,191.24,9.56,-92.8,437314619.51170474,-10387.8,1563.3,7121.0,0
2026-04-02T10:14:55.577839+00:00,191.25,9.52,191.25,9.52,-92.8,437314619.51170474,-10389.1,1565.9,7121.9,0
2026-04-02T10:14:55.936685+00:00,191.25,9.48,191.25,9.48,-92.8,437314619.51170474,-10390.3,1568.5,7122.7,0
2026-04-02T10:14:56.346071+00:00,191.26,9.44,191.26,9.44,-92.8,437314619.51170474,-10391.7,1571.3,7123.6,0
2026-04-02T10:14:56.713776+00:00,191.27,9.40,191.27,9.4,-92.8,437314619.51170474,-10392.9,1574.0,7124.5,0
2026-04-02T10:14:57.077569+00:00,191.27,9.36,191.27,9.36,-92.8,437314619.51170474,-10394.1,1576.6,7125.3,0
2026-04-02T10:14:57.489229+00:00,191.28,9.32,191.28,9.32,-92.8,437314619.51170474,-10395.5,1579.5,7126.3,0
2026-04-02T10:14:57.850245+00:00,191.28,9.28,191.28,9.28,-92.8,437314619.51170474,-10396.7,1582.1,7127.1,0
2026-04-02T10:14:58.217736+00:00,191.29,9.24,191.29,9.24,-92.8,437314619.51170474,-10397.9,1584.7,7127.9,0
2026-04-02T10:14:58.626103+00:00,191.30,9.19,191.3,9.19,-92.8,437314619.51170474,-10399.2,1587.6,7128.8,0
2026-04-02T10:14:58.995594+00:00,191.30,9.16,191.3,9.16,-92.8,437314619.51170474,-10400.4,1590.2,7129.6,0
2026-04-02T10:14:59.358061+00:00,191.31,9.12,191.31,9.12,-92.8,437314619.51170474,-10401.6,1592.8,7130.4,0
2026-04-02T10:14:59.766030+00:00,191.31,9.07,191.31,9.07,-92.8,437314619.51170474,-10402.9,1595.7,7131.3,0
2026-04-02T10:15:00.139717+00:00,191.32,9.04,191.32,9.04,-92.8,437314619.51170474,-10404.0,1598.4,7132.1,0
2026-04-02T10:15:00.498105+00:00,191.32,9.00,191.32,9.0,-92.8,437314619.51170474,-10405.2,1600.9,7132.9,0
2026-04-02T10:15:00.906055+00:00,191.33,8.96,191.33,8.96,-92.8,437314619.51170474,-10406.5,1603.9,7133.8,0
2026-04-02T10:15:01.273538+00:00,191.34,8.92,191.34,8.92,-92.8,437314619.51170474,-10407.6,1606.5,7134.6,0
2026-04-02T10:15:01.638873+00:00,191.34,8.88,191.34,8.88,-92.8,437314619.51170474,-10408.7,1609.1,7135.3,0
2026-04-02T10:15:02.049783+00:00,191.35,8.84,191.35,8.84,-92.8,437314619.51170474,-10410.0,1612.0,7136.2,0
2026-04-02T10:15:02.417776+00:00,191.35,8.80,191.35,8.8,-92.8,437314619.51170474,-10411.1,1614.6,7137.0,0
2026-04-02T10:15:02.786833+00:00,191.36,8.76,191.36,8.76,-92.8,437314619.51170474,-10412.2,1617.3,7137.7,0
2026-04-02T10:15:03.195577+00:00,191.37,8.72,191.37,8.72,-92.8,437314619.51170474,-10413.4,1620.2,7138.5,0
2026-04-02T10:15:03.556698+00:00,191.37,8.68,191.37,8.68,-92.8,437314619.51170474,-10414.5,1622.8,7139.3,0
2026-04-02T10:15:03.920700+00:00,191.38,8.65,191.38,8.65,-92.8,437314619.51170474,-10415.6,1625.4,7140.0,0
2026-04-02T10:15:04.324701+00:00,191.38,8.60,191.38,8.6,-92.8,437314619.51170474,-10416.8,1628.3,7140.8,0
2026-04-02T10:15:04.688776+00:00,191.39,8.57,191.39,8.57,-92.8,437314619.51170474,-10417.8,1630.9,7141.6,0
2026-04-02T10:15:05.052700+00:00,191.39,8.53,191.39,8.53,-92.8,437314619.51170474,-10418.9,1633.5,7142.3,0
2026-04-02T10:15:05.456724+00:00,191.40,8.49,191.4,8.49,-92.8,437314619.51170474,-10420.1,1636.4,7143.1,0
2026-04-02T10:15:05.820672+00:00,191.40,8.45,191.4,8.45,-92.8,437314619.51170474,-10421.1,1639.0,7143.8,0
2026-04-02T10:15:06.184692+00:00,191.41,8.42,191.41,8.42,-92.8,437314619.51170474,-10422.1,1641.6,7144.5,0
2026-04-02T10:15:06.588693+00:00,191.42,8.38,191.42,8.38,-92.8,437314619.51170474,-10423.3,1644.4,7145.3,0
2026-04-02T10:15:06.952681+00:00,191.42,8.34,191.42,8.34,-92.8,437314619.51170474,-10424.3,1647.0,7146.0,0
2026-04-02T10:15:07.316703+00:00,191.43,8.30,191.43,8.3,-92.8,437314619.51170474,-10425.3,1649.6,7146.7,0
2026-04-02T10:15:07.720689+00:00,191.43,8.26,191.43,8.26,-92.8,437314619.51170474,-10426.4,1652.5,7147.5,0
2026-04-02T10:15:08.084687+00:00,191.44,8.23,191.44,8.23,-92.8,437314619.51170474,-10427.4,1655.1,7148.2,0
2026-04-02T10:15:08.450062+00:00,191.44,8.19,191.44,8.19,-92.8,437314619.51170474,-10428.4,1657.7,7148.8,0
2026-04-02T10:15:08.858196+00:00,191.45,8.15,191.45,8.15,-92.8,437314619.51170474,-10429.5,1660.6,7149.6,0
2026-04-02T10:15:09.285774+00:00,191.45,8.11,191.45,8.11,-92.8,437314569.47512525,-10430.5,1663.3,7150.3,0
2026-04-02T10:15:09.653864+00:00,191.46,8.07,191.46,8.07,-92.8,437314569.47512525,-10431.7,1666.3,7151.1,0
2026-04-02T10:15:10.061433+00:00,191.47,8.03,191.47,8.03,-92.8,437314569.47512525,-10432.8,1669.3,7151.8,0
2026-04-02T10:15:10.425729+00:00,191.47,7.99,191.47,7.99,-92.8,437314569.47512525,-10433.7,1671.9,7152.5,0
2026-04-02T10:15:10.798295+00:00,191.48,7.96,191.48,7.96,-92.8,437314569.47512525,-10434.7,1674.5,7153.1,0
2026-04-02T10:15:11.201551+00:00,191.48,7.92,191.48,7.92,-92.8,437314569.47512525,-10435.7,1677.4,7153.8,0
2026-04-02T10:15:11.566213+00:00,191.49,7.88,191.49,7.88,-92.8,437314569.47512525,-10436.7,1680.0,7154.5,0
2026-04-02T10:15:11.934031+00:00,191.49,7.85,191.49,7.85,-92.8,437314569.47512525,-10437.6,1682.6,7155.1,0
2026-04-02T10:15:12.342138+00:00,191.50,7.81,191.5,7.81,-92.8,437314569.47512525,-10438.7,1685.6,7155.9,0
2026-04-02T10:15:12.706773+00:00,191.50,7.77,191.5,7.77,-92.8,437314569.47512525,-10439.6,1688.2,7156.5,0
2026-04-02T10:15:13.073755+00:00,191.51,7.74,191.51,7.74,-92.8,437314569.47512525,-10440.5,1690.8,7157.1,0
2026-04-02T10:15:13.482067+00:00,191.51,7.70,191.51,7.7,-92.8,437314569.47512525,-10441.5,1693.7,7157.8,0
2026-04-02T10:15:13.845734+00:00,191.52,7.66,191.52,7.66,-92.8,437314569.47512525,-10442.4,1696.3,7158.4,0
2026-04-02T10:15:14.214090+00:00,191.52,7.63,191.52,7.63,-92.8,437314569.47512525,-10443.3,1699.0,7159.1,0
2026-04-02T10:15:14.621753+00:00,191.53,7.59,191.53,7.59,-92.8,437314569.47512525,-10444.3,1701.9,7159.7,0
2026-04-02T10:15:14.991242+00:00,191.53,7.55,191.53,7.55,-92.8,437314569.47512525,-10445.2,1704.5,7160.4,0
2026-04-02T10:15:15.354036+00:00,191.54,7.52,191.54,7.52,-92.8,437314569.47512525,-10446.1,1707.1,7161.0,0
2026-04-02T10:15:15.761908+00:00,191.54,7.48,191.54,7.48,-92.8,437314569.47512525,-10447.1,1710.1,7161.6,0
2026-04-02T10:15:16.130616+00:00,191.55,7.45,191.55,7.45,-92.8,437314569.47512525,-10448.0,1712.7,7162.2,0
2026-04-02T10:15:16.494208+00:00,191.55,7.41,191.55,7.41,-92.8,437314569.47512525,-10448.8,1715.3,7162.8,0
2026-04-02T10:15:16.902044+00:00,191.56,7.37,191.56,7.37,-92.8,437314569.47512525,-10449.8,1718.2,7163.5,0
2026-04-02T10:15:17.265580+00:00,191.56,7.34,191.56,7.34,-92.8,437314569.47512525,-10450.6,1720.9,7164.1,0
2026-04-02T10:15:17.634039+00:00,191.57,7.30,191.57,7.3,-92.8,437314569.47512525,-10451.5,1723.5,7164.6,0
2026-04-02T10:15:18.041829+00:00,191.57,7.26,191.57,7.26,-92.8,437314569.47512525,-10452.4,1726.4,7165.3,0
2026-04-02T10:15:18.404682+00:00,191.58,7.23,191.58,7.23,-92.8,437314569.47512525,-10453.3,1729.0,7165.9,0
2026-04-02T10:15:18.768694+00:00,191.58,7.20,191.58,7.2,-92.8,437314569.47512525,-10454.1,1731.6,7166.4,0
2026-04-02T10:15:19.172690+00:00,191.59,7.16,191.59,7.16,-92.8,437314569.47512525,-10455.0,1734.5,7167.0,0
2026-04-02T10:15:19.536704+00:00,191.59,7.12,191.59,7.12,-92.8,437314569.47512525,-10455.8,1737.1,7167.6,0
2026-04-02T10:15:19.900682+00:00,191.60,7.09,191.6,7.09,-92.8,437314569.47512525,-10456.6,1739.7,7168.2,0
2026-04-02T10:15:20.304703+00:00,191.60,7.05,191.6,7.05,-92.8,437314569.47512525,-10457.5,1742.6,7168.8,0
2026-04-02T10:15:20.668701+00:00,191.61,7.02,191.61,7.02,-92.8,437314569.47512525,-10458.3,1745.2,7169.3,0
2026-04-02T10:15:21.032751+00:00,191.61,6.99,191.61,6.99,-92.8,437314569.47512525,-10459.1,1747.9,7169.9,0
2026-04-02T10:15:21.436701+00:00,191.62,6.95,191.62,6.95,-92.8,437314569.47512525,-10460.0,1750.7,7170.4,0
2026-04-02T10:15:21.800670+00:00,191.62,6.92,191.62,6.92,-92.8,437314569.47512525,-10460.7,1753.4,7171.0,0
2026-04-02T10:15:22.165373+00:00,191.63,6.88,191.63,6.88,-92.8,437314569.47512525,-10461.5,1755.9,7171.5,0
2026-04-02T10:15:22.568794+00:00,191.63,6.85,191.63,6.85,-92.8,437314569.47512525,-10462.4,1758.9,7172.1,0
2026-04-02T10:15:22.932683+00:00,191.64,6.81,191.64,6.81,-92.8,437314569.47512525,-10463.1,1761.5,7172.6,0
2026-04-02T10:15:23.298055+00:00,191.64,6.78,191.64,6.78,-92.8,437314569.47512525,-10463.9,1764.1,7173.1,0
2026-04-02T10:15:23.705738+00:00,191.65,6.74,191.65,6.74,-92.8,437314569.47512525,-10464.7,1767.0,7173.7,0
2026-04-02T10:15:24.073593+00:00,191.65,6.71,191.65,6.71,-92.8,437314569.47512525,-10465.5,1769.6,7174.2,0
2026-04-02T10:15:24.437996+00:00,191.66,6.68,191.66,6.68,-92.8,437314569.47512525,-10466.2,1772.2,7174.8,0
2026-04-02T10:15:24.849742+00:00,191.66,6.64,191.66,6.64,-92.8,437314569.47512525,-10467.1,1775.2,7175.3,0
2026-04-02T10:15:25.214349+00:00,191.67,6.61,191.67,6.61,-92.8,437314569.47512525,-10467.8,1777.8,7175.8,0
2026-04-02T10:15:25.581546+00:00,191.67,6.57,191.67,6.57,-92.8,437314569.47512525,-10468.5,1780.5,7176.3,0
2026-04-02T10:15:25.990228+00:00,191.68,6.54,191.68,6.54,-92.8,437314569.47512525,-10469.3,1783.4,7176.9,0
2026-04-02T10:15:26.358585+00:00,191.68,6.50,191.68,6.5,-92.8,437314569.47512525,-10470.1,1786.0,7177.4,0
2026-04-02T10:15:26.722334+00:00,191.69,6.47,191.69,6.47,-92.8,437314569.47512525,-10470.8,1788.6,7177.9,0
2026-04-02T10:15:27.129609+00:00,191.69,6.43,191.69,6.43,-92.8,437314569.47512525,-10471.6,1791.6,7178.4,0
2026-04-02T10:15:27.494165+00:00,191.70,6.40,191.7,6.4,-92.8,437314569.47512525,-10472.3,1794.2,7178.9,0
2026-04-02T10:15:27.862066+00:00,191.70,6.37,191.7,6.37,-92.8,437314569.47512525,-10473.0,1796.8,7179.4,0
2026-04-02T10:15:28.269538+00:00,191.71,6.33,191.71,6.33,-92.8,437314569.47512525,-10473.8,1799.7,7179.9,0
2026-04-02T10:15:28.637970+00:00,191.71,6.30,191.71,6.3,-92.8,437314569.47512525,-10474.4,1802.4,7180.4,0
2026-04-02T10:15:29.005876+00:00,191.72,6.27,191.72,6.27,-92.8,437314569.47512525,-10475.1,1805.0,7180.9,0
2026-04-02T10:15:29.409794+00:00,191.72,6.23,191.72,6.23,-92.8,437314569.47512525,-10475.9,1807.9,7181.4,0
2026-04-02T10:15:29.777738+00:00,191.73,6.20,191.73,6.2,-92.8,437314569.47512525,-10476.6,1810.6,7181.8,0
2026-04-02T10:15:30.146089+00:00,191.73,6.17,191.73,6.17,-92.8,437314569.47512525,-10477.2,1813.2,7182.3,0
2026-04-02T10:15:30.553748+00:00,191.73,6.13,191.73,6.13,-92.8,437314569.47512525,-10478.0,1816.1,7182.8,0
2026-04-02T10:15:30.918046+00:00,191.74,6.10,191.74,6.1,-92.8,437314569.47512525,-10478.6,1818.8,7183.3,0
2026-04-02T10:15:31.285738+00:00,191.74,6.07,191.74,6.07,-92.8,437314569.47512525,-10479.3,1821.4,7183.7,0
2026-04-02T10:15:31.694846+00:00,191.75,6.03,191.75,6.03,-92.8,437314569.47512525,-10480.0,1824.3,7184.2,0
2026-04-02T10:15:32.121640+00:00,191.75,6.00,191.75,6.0,-92.8,437314519.3252924,-10480.7,1827.0,7184.7,0
2026-04-02T10:15:32.485816+00:00,191.76,5.96,191.76,5.96,-92.8,437314519.3252924,-10481.4,1830.1,7185.2,0
2026-04-02T10:15:32.893732+00:00,191.76,5.93,191.76,5.93,-92.8,437314519.3252924,-10482.1,1833.0,7185.7,0
2026-04-02T10:15:33.265363+00:00,191.77,5.90,191.77,5.9,-92.8,437314519.3252924,-10482.8,1835.6,7186.1,0
2026-04-02T10:15:33.630195+00:00,191.77,5.87,191.77,5.87,-92.8,437314519.3252924,-10483.4,1838.3,7186.5,0
2026-04-02T10:15:34.037722+00:00,191.78,5.83,191.78,5.83,-92.8,437314519.3252924,-10484.1,1841.2,7187.0,0
2026-04-02T10:15:34.406085+00:00,191.78,5.80,191.78,5.8,-92.8,437314519.3252924,-10484.7,1843.8,7187.4,0
2026-04-02T10:15:34.769724+00:00,191.79,5.77,191.79,5.77,-92.8,437314519.3252924,-10485.3,1846.4,7187.8,0
2026-04-02T10:15:35.177788+00:00,191.79,5.73,191.79,5.73,-92.8,437314519.3252924,-10486.0,1849.4,7188.3,0
2026-04-02T10:15:35.545752+00:00,191.80,5.70,191.8,5.7,-92.8,437314519.3252924,-10486.6,1852.0,7188.7,0
2026-04-02T10:15:35.910006+00:00,191.80,5.67,191.8,5.67,-92.8,437314519.3252924,-10487.2,1854.7,7189.1,0
2026-04-02T10:15:36.317385+00:00,191.80,5.64,191.8,5.64,-92.8,437314519.3252924,-10487.9,1857.6,7189.6,0
2026-04-02T10:15:36.690175+00:00,191.81,5.61,191.81,5.61,-92.8,437314519.3252924,-10488.5,1860.2,7190.0,0
2026-04-02T10:15:37.049784+00:00,191.81,5.57,191.81,5.57,-92.8,437314519.3252924,-10489.1,1862.9,7190.4,0
2026-04-02T10:15:37.458071+00:00,191.82,5.54,191.82,5.54,-92.8,437314519.3252924,-10489.7,1865.8,7190.8,0
2026-04-02T10:15:37.825765+00:00,191.82,5.51,191.82,5.51,-92.8,437314519.3252924,-10490.3,1868.4,7191.2,0
2026-04-02T10:15:38.189708+00:00,191.83,5.48,191.83,5.48,-92.8,437314519.3252924,-10490.9,1871.1,7191.6,0
2026-04-02T10:15:38.598249+00:00,191.83,5.44,191.83,5.44,-92.8,437314519.3252924,-10491.5,1874.0,7192.1,0
2026-04-02T10:15:38.966209+00:00,191.84,5.41,191.84,5.41,-92.8,437314519.3252924,-10492.0,1876.6,7192.4,0
2026-04-02T10:15:39.335112+00:00,191.84,5.38,191.84,5.38,-92.8,437314519.3252924,-10492.6,1879.3,7192.8,0
2026-04-02T10:15:39.741767+00:00,191.84,5.35,191.84,5.35,-92.8,437314519.3252924,-10493.2,1882.2,7193.3,0
2026-04-02T10:15:40.105839+00:00,191.85,5.32,191.85,5.32,-92.8,437314519.3252924,-10493.8,1884.8,7193.6,0
2026-04-02T10:15:40.474336+00:00,191.85,5.29,191.85,5.29,-92.8,437314519.3252924,-10494.3,1887.5,7194.0,0
2026-04-02T10:15:40.881740+00:00,191.86,5.25,191.86,5.25,-92.8,437314519.3252924,-10494.9,1890.4,7194.4,0
2026-04-02T10:15:41.246750+00:00,191.86,5.22,191.86,5.22,-92.8,437314519.3252924,-10495.5,1893.0,7194.8,0
2026-04-02T10:15:41.614165+00:00,191.87,5.19,191.87,5.19,-92.8,437314519.3252924,-10496.0,1895.7,7195.2,0
2026-04-02T10:15:42.022473+00:00,191.87,5.16,191.87,5.16,-92.8,437314519.3252924,-10496.6,1898.6,7195.6,0
2026-04-02T10:15:42.389758+00:00,191.87,5.13,191.87,5.13,-92.8,437314519.3252924,-10497.1,1901.2,7195.9,0
2026-04-02T10:15:42.753923+00:00,191.88,5.10,191.88,5.1,-92.8,437314519.3252924,-10497.6,1903.9,7196.3,0
2026-04-02T10:15:43.161622+00:00,191.88,5.07,191.88,5.07,-92.8,437314519.3252924,-10498.2,1906.8,7196.7,0
2026-04-02T10:15:43.530281+00:00,191.89,5.04,191.89,5.04,-92.8,437314519.3252924,-10498.7,1909.5,7197.0,0
2026-04-02T10:15:43.897767+00:00,191.89,5.01,191.89,5.01,-92.8,437314519.3252924,-10499.2,1912.1,7197.4,0
2026-04-02T10:15:44.302079+00:00,191.90,4.97,191.9,4.97,-92.8,437314519.3252924,-10499.8,1915.0,7197.8,0
2026-04-02T10:15:44.669815+00:00,191.90,4.94,191.9,4.94,-92.8,437314519.3252924,-10500.3,1917.7,7198.1,0
2026-04-02T10:15:45.038835+00:00,191.90,4.91,191.9,4.91,-92.8,437314519.3252924,-10500.8,1920.3,7198.5,0
2026-04-02T10:15:45.441752+00:00,191.91,4.88,191.91,4.88,-92.8,437314519.3252924,-10501.4,1923.2,7198.8,0
2026-04-02T10:15:45.810126+00:00,191.91,4.85,191.91,4.85,-92.8,437314519.3252924,-10501.9,1925.9,7199.2,0
2026-04-02T10:15:46.174669+00:00,191.92,4.82,191.92,4.82,-92.8,437314519.3252924,-10502.3,1928.5,7199.5,0
2026-04-02T10:15:46.581748+00:00,191.92,4.79,191.92,4.79,-92.8,437314519.3252924,-10502.9,1931.4,7199.9,0
2026-04-02T10:15:46.953950+00:00,191.93,4.76,191.93,4.76,-92.8,437314519.3252924,-10503.4,1934.1,7200.2,0
2026-04-02T10:15:47.313392+00:00,191.93,4.73,191.93,4.73,-92.8,437314519.3252924,-10503.8,1936.7,7200.5,0
2026-04-02T10:15:47.722506+00:00,191.93,4.70,191.93,4.7,-92.8,437314519.3252924,-10504.3,1939.6,7200.9,0
2026-04-02T10:15:48.089619+00:00,191.94,4.67,191.94,4.67,-92.8,437314519.3252924,-10504.8,1942.3,7201.2,0
2026-04-02T10:15:48.454026+00:00,191.94,4.64,191.94,4.64,-92.8,437314519.3252924,-10505.3,1944.9,7201.5,0
2026-04-02T10:15:48.862080+00:00,191.95,4.61,191.95,4.61,-92.8,437314519.3252924,-10505.8,1947.8,7201.9,0
2026-04-02T10:15:49.229556+00:00,191.95,4.58,191.95,4.58,-92.8,437314519.3252924,-10506.2,1950.5,7202.2,0
2026-04-02T10:15:49.596961+00:00,191.96,4.55,191.96,4.55,-92.8,437314519.3252924,-10506.7,1953.1,7202.5,0
2026-04-02T10:15:50.000835+00:00,191.96,4.52,191.96,4.52,-92.8,437314519.3252924,-10507.2,1956.0,7202.8,0
2026-04-02T10:15:50.364757+00:00,191.96,4.49,191.96,4.49,-92.8,437314519.3252924,-10507.6,1958.7,7203.1,0
2026-04-02T10:15:50.729462+00:00,191.97,4.46,191.97,4.46,-92.8,437314519.3252924,-10508.1,1961.3,7203.4,0
2026-04-02T10:15:51.132888+00:00,191.97,4.43,191.97,4.43,-92.8,437314519.3252924,-10508.6,1964.2,7203.8,0
2026-04-02T10:15:51.497170+00:00,191.98,4.40,191.98,4.4,-92.8,437314519.3252924,-10509.0,1966.9,7204.1,0
2026-04-02T10:15:51.860680+00:00,191.98,4.37,191.98,4.37,-92.8,437314519.3252924,-10509.4,1969.4,7204.3,0
2026-04-02T10:15:52.264700+00:00,191.98,4.34,191.98,4.34,-92.8,437314519.3252924,-10509.9,1972.4,7204.7,0
2026-04-02T10:15:52.627841+00:00,191.99,4.31,191.99,4.31,-92.8,437314519.3252924,-10510.3,1975.0,7205.0,0
2026-04-02T10:15:52.992830+00:00,191.99,4.28,191.99,4.28,-92.8,437314519.3252924,-10510.7,1977.6,7205.2,0
2026-04-02T10:15:53.396680+00:00,192.00,4.25,192.0,4.25,-92.8,437314519.3252924,-10511.2,1980.5,7205.6,0
2026-04-02T10:15:53.760688+00:00,192.00,4.22,192.0,4.22,-92.8,437314519.3252924,-10511.6,1983.1,7205.8,0
2026-04-02T10:15:54.124934+00:00,192.00,4.20,192.0,4.2,-92.8,437314519.3252924,-10512.0,1985.8,7206.1,0
2026-04-02T10:15:54.530230+00:00,192.01,4.16,192.01,4.16,-92.8,437314519.3252924,-10512.4,1988.7,7206.4,0
2026-04-02T10:15:54.898802+00:00,192.01,4.14,192.01,4.14,-92.8,437314519.3252924,-10512.8,1991.3,7206.7,0
2026-04-02T10:15:55.249530+00:00,192.02,4.11,192.02,4.11,-92.8,437314519.3252924,-10513.2,1993.9,7207.0,0
2026-04-02T10:15:55.657761+00:00,192.02,4.08,192.02,4.08,-92.8,437314519.3252924,-10513.7,1996.8,7207.3,0
2026-04-02T10:15:56.022093+00:00,192.02,4.05,192.02,4.05,-92.8,437314519.3252924,-10514.0,1999.4,7207.5,0
2026-04-02T10:15:56.390093+00:00,192.03,4.02,192.03,4.02,-92.8,437314519.3252924,-10514.4,2002.1,7207.8,0
2026-04-02T10:15:56.797743+00:00,192.03,3.99,192.03,3.99,-92.8,437314519.3252924,-10514.9,2005.0,7208.1,0
2026-04-02T10:15:57.166109+00:00,192.04,3.96,192.04,3.96,-92.8,437314519.3252924,-10515.2,2007.6,7208.3,0
2026-04-02T10:15:57.530000+00:00,192.04,3.94,192.04,3.94,-92.8,437314519.3252924,-10515.6,2010.3,7208.6,0
2026-04-02T10:15:57.937782+00:00,192.04,3.90,192.04,3.9,-92.8,437314519.3252924,-10516.0,2013.2,7208.9,0
2026-04-02T10:15:58.301372+00:00,192.05,3.88,192.05,3.88,-92.8,437314519.3252924,-10516.4,2015.9,7209.1,0
2026-04-02T10:15:58.669760+00:00,192.05,3.85,192.05,3.85,-92.8,437314519.3252924,-10516.8,2018.5,7209.4,0
2026-04-02T10:15:59.077361+00:00,192.06,3.82,192.06,3.82,-92.8,437314519.3252924,-10517.2,2021.5,7209.7,0
2026-04-02T10:15:59.447090+00:00,192.06,3.79,192.06,3.79,-92.8,437314519.3252924,-10517.5,2024.1,7209.9,0
2026-04-02T10:15:59.810045+00:00,192.06,3.76,192.06,3.76,-92.8,437314519.3252924,-10517.9,2026.7,7210.2,0
2026-04-02T10:16:00.218385+00:00,192.07,3.73,192.07,3.73,-92.8,437314519.3252924,-10518.3,2029.7,7210.4,0
2026-04-02T10:16:00.587010+00:00,192.07,3.70,192.07,3.7,-92.8,437314519.3252924,-10518.6,2032.3,7210.7,0
2026-04-02T10:16:00.950039+00:00,192.08,3.68,192.08,3.68,-92.8,437314519.3252924,-10519.0,2035.0,7210.9,0
2026-04-02T10:16:01.358112+00:00,192.08,3.65,192.08,3.65,-92.8,437314519.3252924,-10519.4,2037.9,7211.2,0
2026-04-02T10:16:01.726837+00:00,192.08,3.62,192.08,3.62,-92.8,437314519.3252924,-10519.7,2040.5,7211.4,0
2026-04-02T10:16:02.089617+00:00,192.09,3.59,192.09,3.59,-92.8,437314519.3252924,-10520.0,2043.2,7211.6,0
2026-04-02T10:16:02.498347+00:00,192.09,3.56,192.09,3.56,-92.8,437314519.3252924,-10520.4,2046.1,7211.9,0
2026-04-02T10:16:02.861732+00:00,192.09,3.54,192.09,3.54,-92.8,437314519.3252924,-10520.7,2048.8,7212.1,0
2026-04-02T10:16:03.228943+00:00,192.10,3.51,192.1,3.51,-92.8,437314519.3252924,-10521.1,2051.4,7212.3,0
2026-04-02T10:16:03.632800+00:00,192.10,3.48,192.1,3.48,-92.8,437314519.3252924,-10521.4,2054.3,7212.6,0
2026-04-02T10:16:03.995850+00:00,192.11,3.45,192.11,3.45,-92.8,437314519.3252924,-10521.7,2057.0,7212.8,0
2026-04-02T10:16:04.360685+00:00,192.11,3.43,192.11,3.43,-92.8,437314519.3252924,-10522.1,2059.6,7213.0,0
2026-04-02T10:16:04.764683+00:00,192.11,3.40,192.11,3.4,-92.8,437314519.3252924,-10522.4,2062.5,7213.3,0
2026-04-02T10:16:05.128942+00:00,192.12,3.37,192.12,3.37,-92.8,437314519.3252924,-10522.7,2065.1,7213.5,0
2026-04-02T10:16:05.492683+00:00,192.12,3.34,192.12,3.34,-92.8,437314519.3252924,-10523.0,2067.8,7213.7,0
2026-04-02T10:16:05.896687+00:00,192.13,3.31,192.13,3.31,-92.8,437314519.3252924,-10523.4,2070.6,7213.9,0
2026-04-02T10:16:06.260677+00:00,192.13,3.29,192.13,3.29,-92.8,437314519.3252924,-10523.7,2073.3,7214.1,0
2026-04-02T10:16:06.624847+00:00,192.13,3.26,192.13,3.26,-92.8,437314519.3252924,-10524.0,2075.9,7214.3,0
2026-04-02T10:16:07.028712+00:00,192.14,3.23,192.14,3.23,-92.8,437314519.3252924,-10524.3,2078.8,7214.5,0
2026-04-02T10:16:07.392766+00:00,192.14,3.20,192.14,3.2,-92.8,437314519.3252924,-10524.6,2081.4,7214.7,0
2026-04-02T10:16:07.756696+00:00,192.14,3.18,192.14,3.18,-92.8,437314519.3252924,-10524.9,2084.1,7214.9,0
2026-04-02T10:16:08.160812+00:00,192.15,3.15,192.15,3.15,-92.8,437314519.3252924,-10525.2,2087.0,7215.2,0
2026-04-02T10:16:08.529784+00:00,192.15,3.12,192.15,3.12,-92.8,437314519.3252924,-10525.5,2089.6,7215.4,0
2026-04-02T10:16:08.894060+00:00,192.15,3.10,192.15,3.1,-92.8,437314519.3252924,-10525.7,2092.3,7215.5,0
2026-04-02T10:16:09.301346+00:00,192.16,3.07,192.16,3.07,-92.8,437314519.3252924,-10526.1,2095.2,7215.8,0
2026-04-02T10:16:09.670738+00:00,192.16,3.04,192.16,3.04,-92.8,437314519.3252924,-10526.3,2097.9,7215.9,0
2026-04-02T10:16:10.034540+00:00,192.17,3.02,192.17,3.02,-92.8,437314519.3252924,-10526.6,2100.5,7216.1,0
2026-04-02T10:16:10.442022+00:00,192.17,2.99,192.17,2.99,-92.8,437314519.3252924,-10526.9,2103.4,7216.3,0
2026-04-02T10:16:10.810067+00:00,192.17,2.96,192.17,2.96,-92.8,437314519.3252924,-10527.2,2106.1,7216.5,0
2026-04-02T10:16:11.173502+00:00,192.18,2.93,192.18,2.93,-92.8,437314519.3252924,-10527.4,2108.7,7216.7,0
2026-04-02T10:16:11.581755+00:00,192.18,2.91,192.18,2.91,-92.8,437314519.3252924,-10527.7,2111.7,7216.9,0
2026-04-02T10:16:11.950062+00:00,192.18,2.88,192.18,2.88,-92.8,437314519.3252924,-10528.0,2114.3,7217.1,0
2026-04-02T10:16:12.313810+00:00,192.19,2.85,192.19,2.85,-92.8,437314519.3252924,-10528.2,2116.9,7217.3,0
2026-04-02T10:16:12.725748+00:00,192.19,2.83,192.19,2.83,-92.8,437314519.3252924,-10528.5,2119.9,7217.4,0
2026-04-02T10:16:13.097752+00:00,192.20,2.80,192.2,2.8,-92.8,437314519.3252924,-10528.8,2122.6,7217.6,0
2026-04-02T10:16:13.458160+00:00,192.20,2.77,192.2,2.77,-92.8,437314519.3252924,-10529.0,2125.2,7217.8,0
2026-04-02T10:16:13.865795+00:00,192.20,2.75,192.2,2.75,-92.8,437314519.3252924,-10529.3,2128.1,7218.0,0
2026-04-02T10:16:14.233815+00:00,192.21,2.72,192.21,2.72,-92.8,437314519.3252924,-10529.5,2130.8,7218.1,0
2026-04-02T10:16:14.601582+00:00,192.21,2.69,192.21,2.69,-92.8,437314519.3252924,-10529.8,2133.4,7218.3,0
2026-04-02T10:16:15.006516+00:00,192.21,2.67,192.21,2.67,-92.8,437314519.3252924,-10530.0,2136.4,7218.5,0
2026-04-02T10:16:15.373737+00:00,192.22,2.64,192.22,2.64,-92.8,437314519.3252924,-10530.3,2139.0,7218.6,0
2026-04-02T10:16:15.741730+00:00,192.22,2.62,192.22,2.62,-92.8,437314519.3252924,-10530.5,2141.7,7218.8,0
2026-04-02T10:16:16.149681+00:00,192.22,2.59,192.22,2.59,-92.8,437314519.3252924,-10530.7,2144.6,7219.0,0
2026-04-02T10:16:16.577855+00:00,192.23,2.56,192.23,2.56,-92.8,437314469.03513956,-10531.0,2147.3,7219.1,0
2026-04-02T10:16:16.941728+00:00,192.23,2.53,192.23,2.53,-92.8,437314469.03513956,-10531.2,2150.3,7219.3,0
2026-04-02T10:16:17.350178+00:00,192.24,2.50,192.24,2.5,-92.8,437314469.03513956,-10531.5,2153.3,7219.5,0
2026-04-02T10:16:17.713923+00:00,192.24,2.48,192.24,2.48,-92.8,437314469.03513956,-10531.7,2155.9,7219.6,0
2026-04-02T10:16:18.081752+00:00,192.24,2.45,192.24,2.45,-92.8,437314469.03513956,-10531.9,2158.6,7219.8,0
2026-04-02T10:16:18.488887+00:00,192.25,2.43,192.25,2.43,-92.8,437314469.03513956,-10532.1,2161.5,7219.9,0
2026-04-02T10:16:18.852876+00:00,192.25,2.40,192.25,2.4,-92.8,437314469.03513956,-10532.3,2164.1,7220.1,0
2026-04-02T10:16:19.217353+00:00,192.25,2.38,192.25,2.38,-92.8,437314469.03513956,-10532.5,2166.8,7220.2,0
2026-04-02T10:16:19.620691+00:00,192.26,2.35,192.26,2.35,-92.8,437314469.03513956,-10532.8,2169.7,7220.4,0
2026-04-02T10:16:19.985001+00:00,192.26,2.33,192.26,2.33,-92.8,437314469.03513956,-10533.0,2172.3,7220.5,0
2026-04-02T10:16:20.348696+00:00,192.26,2.30,192.26,2.3,-92.8,437314469.03513956,-10533.2,2174.9,7220.6,0
2026-04-02T10:16:20.752695+00:00,192.27,2.27,192.27,2.27,-92.8,437314469.03513956,-10533.4,2177.9,7220.8,0
2026-04-02T10:16:21.116908+00:00,192.27,2.25,192.27,2.25,-92.8,437314469.03513956,-10533.6,2180.5,7220.9,0
2026-04-02T10:16:21.480890+00:00,192.27,2.22,192.27,2.22,-92.8,437314469.03513956,-10533.7,2183.1,7221.0,0
2026-04-02T10:16:21.884695+00:00,192.28,2.20,192.28,2.2,-92.8,437314469.03513956,-10534.0,2186.0,7221.2,0
2026-04-02T10:16:22.248693+00:00,192.28,2.17,192.28,2.17,-92.8,437314469.03513956,-10534.1,2188.7,7221.3,0
2026-04-02T10:16:22.613081+00:00,192.28,2.15,192.28,2.15,-92.8,437314469.03513956,-10534.3,2191.3,7221.4,0
2026-04-02T10:16:23.016774+00:00,192.29,2.12,192.29,2.12,-92.8,437314469.03513956,-10534.5,2194.2,7221.6,0
2026-04-02T10:16:23.385771+00:00,192.29,2.10,192.29,2.1,-92.8,437314469.03513956,-10534.7,2196.8,7221.7,0
2026-04-02T10:16:23.750803+00:00,192.29,2.07,192.29,2.07,-92.8,437314469.03513956,-10534.9,2199.5,7221.8,0
2026-04-02T10:16:24.153727+00:00,192.30,2.05,192.3,2.05,-92.8,437314469.03513956,-10535.1,2202.4,7221.9,0
2026-04-02T10:16:24.522086+00:00,192.30,2.02,192.3,2.02,-92.8,437314469.03513956,-10535.2,2205.1,7222.0,0
2026-04-02T10:16:24.891183+00:00,192.31,2.00,192.31,2.0,-92.8,437314469.03513956,-10535.4,2207.7,7222.2,0
2026-04-02T10:16:25.294034+00:00,192.31,1.97,192.31,1.97,-92.8,437314469.03513956,-10535.6,2210.6,7222.3,0
2026-04-02T10:16:25.661792+00:00,192.31,1.95,192.31,1.95,-92.8,437314469.03513956,-10535.7,2213.3,7222.4,0
2026-04-02T10:16:26.026352+00:00,192.32,1.92,192.32,1.92,-92.8,437314469.03513956,-10535.9,2216.0,7222.5,0
2026-04-02T10:16:26.434057+00:00,192.32,1.90,192.32,1.9,-92.8,437314469.03513956,-10536.1,2218.9,7222.6,0
2026-04-02T10:16:26.802070+00:00,192.32,1.87,192.32,1.87,-92.8,437314469.03513956,-10536.2,2221.5,7222.7,0
2026-04-02T10:16:27.170385+00:00,192.33,1.85,192.33,1.85,-92.8,437314469.03513956,-10536.4,2224.2,7222.8,0
2026-04-02T10:16:27.574257+00:00,192.33,1.82,192.33,1.82,-92.8,437314469.03513956,-10536.5,2227.1,7222.9,0
2026-04-02T10:16:27.942087+00:00,192.33,1.80,192.33,1.8,-92.8,437314469.03513956,-10536.7,2229.8,7223.0,0
2026-04-02T10:16:28.306018+00:00,192.34,1.78,192.34,1.78,-92.8,437314469.03513956,-10536.8,2232.4,7223.1,0
2026-04-02T10:16:28.714809+00:00,192.34,1.75,192.34,1.75,-92.8,437314469.03513956,-10537.0,2235.4,7223.3,0
2026-04-02T10:16:29.081345+00:00,192.34,1.73,192.34,1.73,-92.8,437314469.03513956,-10537.1,2238.0,7223.4,0
2026-04-02T10:16:29.445737+00:00,192.35,1.70,192.35,1.7,-92.8,437314469.03513956,-10537.3,2240.6,7223.4,0
2026-04-02T10:16:29.853739+00:00,192.35,1.68,192.35,1.68,-92.8,437314469.03513956,-10537.4,2243.6,7223.5,0
2026-04-02T10:16:30.222295+00:00,192.35,1.65,192.35,1.65,-92.8,437314469.03513956,-10537.5,2246.2,7223.6,0
2026-04-02T10:16:30.585870+00:00,192.36,1.63,192.36,1.63,-92.8,437314469.03513956,-10537.7,2248.9,7223.7,0
2026-04-02T10:16:30.994276+00:00,192.36,1.60,192.36,1.6,-92.8,437314469.03513956,-10537.8,2251.8,7223.8,0
2026-04-02T10:16:31.362013+00:00,192.36,1.58,192.36,1.58,-92.8,437314469.03513956,-10537.9,2254.5,7223.9,0
2026-04-02T10:16:31.730085+00:00,192.37,1.56,192.37,1.56,-92.8,437314469.03513956,-10538.1,2257.1,7224.0,0
2026-04-02T10:16:32.138653+00:00,192.37,1.53,192.37,1.53,-92.8,437314469.03513956,-10538.2,2260.1,7224.1,0
2026-04-02T10:16:32.502113+00:00,192.37,1.51,192.37,1.51,-92.8,437314469.03513956,-10538.3,2262.7,7224.2,0
2026-04-02T10:16:32.870048+00:00,192.38,1.49,192.38,1.49,-92.8,437314469.03513956,-10538.4,2265.4,7224.2,0
2026-04-02T10:16:33.272694+00:00,192.38,1.46,192.38,1.46,-92.8,437314469.03513956,-10538.6,2268.3,7224.3,0
2026-04-02T10:16:33.641066+00:00,192.38,1.44,192.38,1.44,-92.8,437314469.03513956,-10538.7,2270.9,7224.4,0
2026-04-02T10:16:34.001143+00:00,192.39,1.41,192.39,1.41,-92.8,437314469.03513956,-10538.8,2273.6,7224.5,0
2026-04-02T10:16:34.404696+00:00,192.39,1.39,192.39,1.39,-92.8,437314469.03513956,-10538.9,2276.5,7224.6,0
2026-04-02T10:16:34.768686+00:00,192.39,1.37,192.39,1.37,-92.8,437314469.03513956,-10539.0,2279.1,7224.6,0
2026-04-02T10:16:35.132861+00:00,192.40,1.34,192.4,1.34,-92.8,437314469.03513956,-10539.1,2281.8,7224.7,0
2026-04-02T10:16:35.536693+00:00,192.40,1.32,192.4,1.32,-92.8,437314469.03513956,-10539.2,2284.7,7224.8,0
2026-04-02T10:16:35.900671+00:00,192.40,1.30,192.4,1.3,-92.8,437314469.03513956,-10539.3,2287.3,7224.9,0
2026-04-02T10:16:36.264689+00:00,192.41,1.27,192.41,1.27,-92.8,437314469.03513956,-10539.4,2289.9,7224.9,0
2026-04-02T10:16:36.668685+00:00,192.41,1.25,192.41,1.25,-92.8,437314469.03513956,-10539.5,2292.9,7225.0,0
2026-04-02T10:16:37.033008+00:00,192.41,1.23,192.41,1.23,-92.8,437314469.03513956,-10539.6,2295.5,7225.0,0
2026-04-02T10:16:37.396674+00:00,192.41,1.21,192.41,1.21,-92.8,437314469.03513956,-10539.7,2298.1,7225.1,0
2026-04-02T10:16:37.800751+00:00,192.42,1.18,192.42,1.18,-92.8,437314469.03513956,-10539.8,2301.0,7225.2,0
2026-04-02T10:16:38.170443+00:00,192.42,1.16,192.42,1.16,-92.8,437314469.03513956,-10539.9,2303.7,7225.2,0
2026-04-02T10:16:38.534065+00:00,192.42,1.14,192.42,1.14,-92.8,437314469.03513956,-10540.0,2306.3,7225.3,0
2026-04-02T10:16:38.942090+00:00,192.43,1.11,192.43,1.11,-92.8,437314469.03513956,-10540.0,2309.2,7225.4,0
2026-04-02T10:16:39.305552+00:00,192.43,1.09,192.43,1.09,-92.8,437314469.03513956,-10540.1,2311.9,7225.4,0
2026-04-02T10:16:39.673763+00:00,192.43,1.07,192.43,1.07,-92.8,437314469.03513956,-10540.2,2314.5,7225.5,0
2026-04-02T10:16:40.081368+00:00,192.44,1.04,192.44,1.04,-92.8,437314469.03513956,-10540.3,2317.5,7225.5,0
2026-04-02T10:16:40.446325+00:00,192.44,1.02,192.44,1.02,-92.8,437314469.03513956,-10540.4,2320.1,7225.6,0
2026-04-02T10:16:40.818802+00:00,192.44,1.00,192.44,1.0,-92.8,437314469.03513956,-10540.4,2322.8,7225.6,0
2026-04-02T10:16:41.226438+00:00,192.45,0.98,192.45,0.98,-92.8,437314469.03513956,-10540.5,2325.7,7225.7,0
2026-04-02T10:16:41.589765+00:00,192.45,0.95,192.45,0.95,-92.8,437314469.03513956,-10540.6,2328.4,7225.7,0
2026-04-02T10:16:41.958044+00:00,192.45,0.93,192.45,0.93,-92.8,437314469.03513956,-10540.6,2331.0,7225.8,0
2026-04-02T10:16:42.365560+00:00,192.46,0.91,192.46,0.91,-92.8,437314469.03513956,-10540.7,2334.0,7225.8,0
2026-04-02T10:16:42.730077+00:00,192.46,0.89,192.46,0.89,-92.8,437314469.03513956,-10540.8,2336.6,7225.8,0
2026-04-02T10:16:43.097829+00:00,192.46,0.86,192.46,0.86,-92.8,437314469.03513956,-10540.8,2339.3,7225.9,0
2026-04-02T10:16:43.506942+00:00,192.47,0.84,192.47,0.84,-92.8,437314469.03513956,-10540.9,2342.2,7225.9,0
2026-04-02T10:16:43.874578+00:00,192.47,0.82,192.47,0.82,-92.8,437314469.03513956,-10540.9,2344.9,7226.0,0
2026-04-02T10:16:44.237658+00:00,192.47,0.80,192.47,0.8,-92.8,437314469.03513956,-10541.0,2347.5,7226.0,0
2026-04-02T10:16:44.645922+00:00,192.48,0.77,192.48,0.77,-92.8,437314469.03513956,-10541.0,2350.4,7226.0,0
2026-04-02T10:16:45.010141+00:00,192.48,0.75,192.48,0.75,-92.8,437314469.03513956,-10541.1,2353.1,7226.1,0
2026-04-02T10:16:45.377725+00:00,192.48,0.73,192.48,0.73,-92.8,437314469.03513956,-10541.1,2355.7,7226.1,0
2026-04-02T10:16:45.786035+00:00,192.48,0.71,192.48,0.71,-92.8,437314469.03513956,-10541.2,2358.7,7226.1,0
2026-04-02T10:16:46.149645+00:00,192.49,0.69,192.49,0.69,-92.8,437314469.03513956,-10541.2,2361.3,7226.2,0
2026-04-02T10:16:46.518120+00:00,192.49,0.67,192.49,0.67,-92.8,437314469.03513956,-10541.3,2364.0,7226.2,0
2026-04-02T10:16:46.926016+00:00,192.49,0.64,192.49,0.64,-92.8,437314469.03513956,-10541.3,2366.9,7226.2,0
2026-04-02T10:16:47.290402+00:00,192.50,0.62,192.5,0.62,-92.8,437314469.03513956,-10541.3,2369.6,7226.2,0
2026-04-02T10:16:47.658740+00:00,192.50,0.60,192.5,0.6,-92.8,437314469.03513956,-10541.4,2372.2,7226.3,0
2026-04-02T10:16:48.066077+00:00,192.50,0.58,192.5,0.58,-92.8,437314469.03513956,-10541.4,2375.2,7226.3,0
2026-04-02T10:16:48.428688+00:00,192.51,0.56,192.51,0.56,-92.8,437314469.03513956,-10541.4,2377.8,7226.3,0
2026-04-02T10:16:48.792689+00:00,192.51,0.54,192.51,0.54,-92.8,437314469.03513956,-10541.5,2380.5,7226.3,0
2026-04-02T10:16:49.196704+00:00,192.51,0.51,192.51,0.51,-92.8,437314469.03513956,-10541.5,2383.4,7226.3,0
2026-04-02T10:16:49.560854+00:00,192.52,0.49,192.52,0.49,-92.8,437314469.03513956,-10541.5,2386.0,7226.3,0
2026-04-02T10:16:49.924675+00:00,192.52,0.47,192.52,0.47,-92.8,437314469.03513956,-10541.5,2388.6,7226.4,0
2026-04-02T10:16:50.328706+00:00,192.52,0.45,192.52,0.45,-92.8,437314469.03513956,-10541.5,2391.6,7226.4,0
2026-04-02T10:16:50.692683+00:00,192.52,0.43,192.52,0.43,-92.8,437314469.03513956,-10541.6,2394.2,7226.4,0
2026-04-02T10:16:51.056689+00:00,192.53,0.41,192.53,0.41,-92.8,437314469.03513956,-10541.6,2396.8,7226.4,0
2026-04-02T10:16:51.460887+00:00,192.53,0.39,192.53,0.39,-92.8,437314469.03513956,-10541.6,2399.7,7226.4,0
2026-04-02T10:16:51.824678+00:00,192.53,0.37,192.53,0.37,-92.8,437314469.03513956,-10541.6,2402.4,7226.4,0
2026-04-02T10:16:52.188872+00:00,192.54,0.35,192.54,0.35,-92.8,437314469.03513956,-10541.6,2405.0,7226.4,0
2026-04-02T10:16:52.592744+00:00,192.54,0.32,192.54,0.32,-92.8,437314469.03513956,-10541.6,2407.9,7226.4,0
2026-04-02T10:16:52.956690+00:00,192.54,0.30,192.54,0.3,-92.8,437314469.03513956,-10541.6,2410.6,7226.4,0
2026-04-02T10:16:53.325743+00:00,192.55,0.28,192.55,0.28,-92.8,437314469.03513956,-10541.6,2413.2,7226.4,0
2026-04-02T10:16:53.733750+00:00,192.55,0.26,192.55,0.26,-92.8,437314469.03513956,-10541.6,2416.1,7226.4,0
2026-04-02T10:16:54.102913+00:00,192.55,0.24,192.55,0.24,-92.8,437314469.03513956,-10541.6,2418.8,7226.4,0
2026-04-02T10:16:54.466091+00:00,192.55,0.22,192.55,0.22,-92.8,437314469.03513956,-10541.6,2421.4,7226.4,0
2026-04-02T10:16:54.874012+00:00,192.56,0.20,192.56,0.2,-92.8,437314469.03513956,-10541.6,2424.4,7226.4,0
2026-04-02T10:16:55.242131+00:00,192.56,0.18,192.56,0.18,-92.8,437314469.03513956,-10541.6,2427.0,7226.4,0
2026-04-02T10:16:55.606445+00:00,192.56,0.16,192.56,0.16,-92.8,437314469.03513956,-10541.6,2429.7,7226.4,0
2026-04-02T10:16:56.014082+00:00,192.57,0.14,192.57,0.14,-92.8,437314469.03513956,-10541.6,2432.6,7226.4,0
2026-04-02T10:16:56.381745+00:00,192.57,0.12,192.57,0.12,-92.8,437314469.03513956,-10541.6,2435.3,7226.4,0
2026-04-02T10:16:56.750789+00:00,192.57,0.10,192.57,0.1,-92.8,437314469.03513956,-10541.6,2437.9,7226.4,0
2026-04-02T10:16:57.158300+00:00,192.58,0.08,192.58,0.08,-92.8,437314469.03513956,-10541.6,2440.8,7226.4,0
2026-04-02T10:16:57.525823+00:00,192.58,0.06,192.58,0.06,-92.8,437314469.03513956,-10541.5,2443.5,7226.4,0
2026-04-02T10:16:57.890099+00:00,192.58,0.04,192.58,0.04,-92.8,437314469.03513956,-10541.5,2446.2,7226.4,0
2026-04-02T10:16:58.298148+00:00,192.58,0.02,192.58,0.02,-92.8,437314469.03513956,-10541.5,2449.1,7226.3,0
