t,az_cmd,el_cmd,az_act,el_act,rssi,freq_hz,doppler_hz,range_km,range_rate,packets
2026-04-09T08:14:56.027477+00:00,171.33,0.00,171.33,0.0,-95.8,436750514.1164306,10514.1,2421.8,-7217.2,0
2026-04-09T08:14:56.395934+00:00,171.33,0.03,171.33,0.03,-95.8,436750514.1164306,10514.1,2418.4,-7217.2,0
2026-04-09T08:14:56.763656+00:00,171.34,0.05,171.34,0.05,-95.8,436750514.1164306,10514.0,2415.7,-7217.2,0
2026-04-09T08:14:57.166547+00:00,171.35,0.07,171.35,0.07,-95.8,436750514.1164306,10514.0,2412.8,-7217.1,0
2026-04-09T08:14:57.530555+00:00,171.35,0.09,171.35,0.09,-95.8,436750514.1164306,10513.9,2410.2,-7217.1,0
2026-04-09T08:14:57.894557+00:00,171.36,0.11,171.36,0.11,-95.8,436750514.1164306,10513.9,2407.5,-7217.1,0
2026-04-09T08:14:58.298544+00:00,171.37,0.13,171.37,0.13,-95.8,436750514.1164306,10513.8,2404.6,-7217.0,0
2026-04-09T08:14:58.662568+00:00,171.37,0.15,171.37,0.15,-95.8,436750514.1164306,10513.7,2402.0,-7217.0,0
2026-04-09T08:14:59.026603+00:00,171.38,0.17,171.38,0.17,-95.8,436750514.1164306,10513.7,2399.4,-7216.9,0
2026-04-09T08:14:59.430613+00:00,171.39,0.19,171.39,0.19,-95.8,436750514.1164306,10513.6,2396.5,-7216.9,0
2026-04-09T08:14:59.794632+00:00,171.39,0.21,171.39,0.21,-95.8,436750514.1164306,10513.6,2393.8,-7216.9,0
2026-04-09T08:15:00.158544+00:00,171.40,0.23,171.4,0.23,-95.8,436750514.1164306,10513.5,2391.2,-7216.8,0
2026-04-09T08:15:00.562541+00:00,171.40,0.25,171.4,0.25,-95.8,436750514.1164306,10513.4,2388.3,-7216.8,0
2026-04-09T08:15:00.928222+00:00,171.41,0.27,171.41,0.27,-95.8,436750514.1164306,10513.4,2385.7,-7216.7,0
2026-04-09T08:15:01.286586+00:00,171.42,0.29,171.42,0.29,-95.8,436750514.1164306,10513.3,2383.0,-7216.7,0
2026-04-09T08:15:01.694513+00:00,171.42,0.31,171.42,0.31,-95.8,436750514.1164306,10513.2,2380.1,-7216.6,0
2026-04-09T08:15:02.059641+00:00,171.43,0.33,171.43,0.33,-95.8,436750514.1164306,10513.1,2377.5,-7216.6,0
2026-04-09T08:15:02.423888+00:00,171.44,0.35,171.44,0.35,-95.8,436750514.1164306,10513.1,2374.8,-7216.5,0
2026-04-09T08:15:02.831569+00:00,171.44,0.38,171.44,0.38,-95.8,436750514.1164306,10513.0,2371.9,-7216.4,0
2026-04-09T08:15:03.199387+00:00,171.45,0.40,171.45,0.4,-95.8,436750514.1164306,10512.9,2369.3,-7216.4,0
2026-04-09T08:15:03.563736+00:00,171.46,0.42,171.46,0.42,-95.8,436750514.1164306,10512.8,2366.6,-7216.3,0
2026-04-09T08:15:03.976010+00:00,171.46,0.44,171.46,0.44,-95.8,436750514.1164306,10512.7,2363.7,-7216.3,0
2026-04-09T08:15:04.339903+00:00,171.47,0.46,171.47,0.46,-95.8,436750514.1164306,10512.6,2361.1,-7216.2,0
2026-04-09T08:15:04.708022+00:00,171.48,0.48,171.48,0.48,-95.8,436750514.1164306,10512.5,2358.4,-7216.1,0
2026-04-09T08:15:05.115595+00:00,171.48,0.50,171.48,0.5,-95.8,436750514.1164306,10512.4,2355.4,-7216.1,0
2026-04-09T08:15:05.479026+00:00,171.49,0.52,171.49,0.52,-95.8,436750514.1164306,10512.3,2352.8,-7216.0,0
2026-04-09T08:15:05.847571+00:00,171.50,0.54,171.5,0.54,-95.8,436750514.1164306,10512.2,2350.2,-7215.9,0
2026-04-09T08:15:06.254657+00:00,171.50,0.57,171.5,0.57,-95.8,436750514.1164306,10512.1,2347.2,-7215.9,0
2026-04-09T08:15:06.614697+00:00,171.51,0.59,171.51,0.59,-95.8,436750514.1164306,10512.0,2344.6,-7215.8,0
2026-04-09T08:15:06.978837+00:00,171.52,0.61,171.52,0.61,-95.8,436750514.1164306,10511.9,2342.0,-7215.7,0
2026-04-09T08:15:07.386720+00:00,171.53,0.63,171.53,0.63,-95.8,436750514.1164306,10511.8,2339.1,-7215.7,0
2026-04-09T08:15:07.750605+00:00,171.53,0.65,171.53,0.65,-95.8,436750514.1164306,10511.7,2336.4,-7215.6,0
2026-04-09T08:15:08.119810+00:00,171.54,0.67,171.54,0.67,-95.8,436750514.1164306,10511.6,2333.8,-7215.5,0
2026-04-09T08:15:08.522568+00:00,171.55,0.70,171.55,0.7,-95.8,436750514.1164306,10511.5,2330.8,-7215.4,0
2026-04-09T08:15:08.886582+00:00,171.55,0.72,171.55,0.72,-95.8,436750514.1164306,10511.4,2328.2,-7215.3,0
2026-04-09T08:15:09.251251+00:00,171.56,0.74,171.56,0.74,-95.8,436750514.1164306,10511.3,2325.6,-7215.3,0
2026-04-09T08:15:09.654567+00:00,171.57,0.76,171.57,0.76,-95.8,436750514.1164306,10511.1,2322.7,-7215.2,0
2026-04-09T08:15:10.018567+00:00,171.57,0.78,171.57,0.78,-95.8,436750514.1164306,10511.0,2320.0,-7215.1,0
2026-04-09T08:15:10.384088+00:00,171.58,0.81,171.58,0.81,-95.8,436750514.1164306,10510.9,2317.4,-7215.0,0
2026-04-09T08:15:10.790571+00:00,171.59,0.83,171.59,0.83,-95.8,436750514.1164306,10510.7,2314.5,-7214.9,0
2026-04-09T08:15:11.154583+00:00,171.59,0.85,171.59,0.85,-95.8,436750514.1164306,10510.6,2311.9,-7214.8,0
2026-04-09T08:15:11.519825+00:00,171.60,0.87,171.6,0.87,-95.8,436750514.1164306,10510.5,2309.2,-7214.7,0
2026-04-09T08:15:11.922640+00:00,171.61,0.90,171.61,0.9,-95.8,436750514.1164306,10510.3,2306.3,-7214.6,0
2026-04-09T08:15:12.286584+00:00,171.61,0.92,171.61,0.92,-95.8,436750514.1164306,10510.2,2303.7,-7214.5,0
2026-04-09T08:15:12.649483+00:00,171.62,0.94,171.62,0.94,-95.8,436750514.1164306,10510.1,2301.1,-7214.5,0
2026-04-09T08:15:13.054541+00:00,171.63,0.96,171.63,0.96,-95.8,436750514.1164306,10509.9,2298.2,-7214.3,0
2026-04-09T08:15:13.427719+00:00,171.64,0.98,171.64,0.98,-95.8,436750514.1164306,10509.8,2295.5,-7214.2,0
2026-04-09T08:15:13.786546+00:00,171.64,1.01,171.64,1.01,-95.8,436750514.1164306,10509.6,2292.9,-7214.1,0
2026-04-09T08:15:14.195031+00:00,171.65,1.03,171.65,1.03,-95.8,436750514.1164306,10509.5,2289.9,-7214.0,0
2026-04-09T08:15:14.562611+00:00,171.66,1.05,171.66,1.05,-95.8,436750514.1164306,10509.3,2287.3,-7213.9,0
2026-04-09T08:15:14.926542+00:00,171.66,1.07,171.66,1.07,-95.8,436750514.1164306,10509.2,2284.7,-7213.8,0
2026-04-09T08:15:15.330562+00:00,171.67,1.10,171.67,1.1,-95.8,436750514.1164306,10509.0,2281.7,-7213.7,0
2026-04-09T08:15:15.694578+00:00,171.68,1.12,171.68,1.12,-95.8,436750514.1164306,10508.8,2279.1,-7213.6,0
2026-04-09T08:15:16.063098+00:00,171.69,1.14,171.69,1.14,-95.8,436750514.1164306,10508.7,2276.5,-7213.5,0
2026-04-09T08:15:16.466628+00:00,171.69,1.17,171.69,1.17,-95.8,436750514.1164306,10508.5,2273.5,-7213.4,0
2026-04-09T08:15:16.834820+00:00,171.70,1.19,171.7,1.19,-95.8,436750514.1164306,10508.3,2270.9,-7213.3,0
2026-04-09T08:15:17.194533+00:00,171.71,1.21,171.71,1.21,-95.8,436750514.1164306,10508.2,2268.3,-7213.2,0
2026-04-09T08:15:17.598525+00:00,171.71,1.24,171.71,1.24,-95.8,436750514.1164306,10508.0,2265.4,-7213.0,0
2026-04-09T08:15:17.958598+00:00,171.72,1.26,171.72,1.26,-95.8,436750514.1164306,10507.8,2262.8,-7212.9,0
2026-04-09T08:15:18.322836+00:00,171.73,1.28,171.73,1.28,-95.8,436750514.1164306,10507.7,2260.1,-7212.8,0
2026-04-09T08:15:18.728366+00:00,171.74,1.31,171.74,1.31,-95.8,436750514.1164306,10507.5,2257.2,-7212.7,0
2026-04-09T08:15:19.090541+00:00,171.74,1.33,171.74,1.33,-95.8,436750514.1164306,10507.3,2254.6,-7212.5,0
2026-04-09T08:15:19.454541+00:00,171.75,1.35,171.75,1.35,-95.8,436750514.1164306,10507.1,2252.0,-7212.4,0
2026-04-09T08:15:19.859174+00:00,171.76,1.38,171.76,1.38,-95.8,436750514.1164306,10506.9,2249.1,-7212.3,0
2026-04-09T08:15:20.222620+00:00,171.76,1.40,171.76,1.4,-95.8,436750514.1164306,10506.7,2246.4,-7212.2,0
2026-04-09T08:15:20.586608+00:00,171.77,1.42,171.77,1.42,-95.8,436750514.1164306,10506.5,2243.8,-7212.0,0
2026-04-09T08:15:20.990543+00:00,171.78,1.45,171.78,1.45,-95.8,436750514.1164306,10506.3,2240.9,-7211.9,0
2026-04-09T08:15:21.359573+00:00,171.79,1.47,171.79,1.47,-95.8,436750514.1164306,10506.1,2238.3,-7211.7,0
2026-04-09T08:15:21.723827+00:00,171.79,1.49,171.79,1.49,-95.8,436750514.1164306,10505.9,2235.6,-7211.6,0
2026-04-09T08:15:22.131683+00:00,171.80,1.52,171.8,1.52,-95.8,436750514.1164306,10505.7,2232.7,-7211.5,0
2026-04-09T08:15:22.499845+00:00,171.81,1.54,171.81,1.54,-95.8,436750514.1164306,10505.5,2230.0,-7211.3,0
2026-04-09T08:15:22.863896+00:00,171.82,1.56,171.82,1.56,-95.8,436750514.1164306,10505.3,2227.4,-7211.2,0
2026-04-09T08:15:23.271591+00:00,171.82,1.59,171.82,1.59,-95.8,436750514.1164306,10505.1,2224.5,-7211.0,0
2026-04-09T08:15:23.640426+00:00,171.83,1.61,171.83,1.61,-95.8,436750514.1164306,10504.9,2221.8,-7210.9,0
2026-04-09T08:15:24.003559+00:00,171.84,1.64,171.84,1.64,-95.8,436750514.1164306,10504.7,2219.2,-7210.7,0
2026-04-09T08:15:24.411989+00:00,171.85,1.66,171.85,1.66,-95.8,436750514.1164306,10504.4,2216.3,-7210.6,0
2026-04-09T08:15:24.775742+00:00,171.85,1.69,171.85,1.69,-95.8,436750514.1164306,10504.2,2213.6,-7210.4,0
2026-04-09T08:15:25.144811+00:00,171.86,1.71,171.86,1.71,-95.8,436750514.1164306,10504.0,2211.0,-7210.3,0
2026-04-09T08:15:25.551909+00:00,171.87,1.73,171.87,1.73,-95.8,436750514.1164306,10503.7,2208.0,-7210.1,0
2026-04-09T08:15:25.915617+00:00,171.88,1.76,171.88,1.76,-95.8,436750514.1164306,10503.5,2205.4,-7210.0,0
2026-04-09T08:15:26.286518+00:00,171.88,1.78,171.88,1.78,-95.8,436750514.1164306,10503.3,2202.8,-7209.8,0
2026-04-09T08:15:26.691562+00:00,171.89,1.81,171.89,1.81,-95.8,436750514.1164306,10503.0,2199.8,-7209.6,0
2026-04-09T08:15:27.064250+00:00,171.90,1.83,171.9,1.83,-95.8,436750514.1164306,10502.8,2197.2,-7209.5,0
2026-04-09T08:15:27.427914+00:00,171.91,1.86,171.91,1.86,-95.8,436750514.1164306,10502.6,2194.5,-7209.3,0
2026-04-09T08:15:27.835838+00:00,171.91,1.88,171.91,1.88,-95.8,436750514.1164306,10502.3,2191.6,-7209.1,0
2026-04-09T08:15:28.203404+00:00,171.92,1.91,171.92,1.91,-95.8,436750514.1164306,10502.0,2188.9,-7208.9,0
2026-04-09T08:15:28.571598+00:00,171.93,1.93,171.93,1.93,-95.8,436750514.1164306,10501.8,2186.3,-7208.8,0
2026-04-09T08:15:28.980938+00:00,171.94,1.96,171.94,1.96,-95.8,436750514.1164306,10501.5,2183.3,-7208.6,0
2026-04-09T08:15:29.344558+00:00,171.95,1.98,171.95,1.98,-95.8,436750514.1164306,10501.3,2180.7,-7208.4,0
2026-04-09T08:15:29.713363+00:00,171.95,2.00,171.95,2.0,-95.8,436750514.1164306,10501.0,2178.0,-7208.2,0
2026-04-09T08:15:30.120105+00:00,171.96,2.03,171.96,2.03,-95.8,436750514.1164306,10500.7,2175.1,-7208.1,0
2026-04-09T08:15:30.483562+00:00,171.97,2.06,171.97,2.06,-95.8,436750514.1164306,10500.5,2172.5,-7207.9,0
2026-04-09T08:15:30.851196+00:00,171.98,2.08,171.98,2.08,-95.8,436750514.1164306,10500.2,2169.8,-7207.7,0
2026-04-09T08:15:31.260938+00:00,171.98,2.11,171.98,2.11,-95.8,436750514.1164306,10499.9,2166.9,-7207.5,0
2026-04-09T08:15:31.623863+00:00,171.99,2.13,171.99,2.13,-95.8,436750514.1164306,10499.7,2164.3,-7207.3,0
2026-04-09T08:15:31.992218+00:00,172.00,2.16,172.0,2.16,-95.8,436750514.1164306,10499.4,2161.6,-7207.1,0
2026-04-09T08:15:32.399707+00:00,172.01,2.18,172.01,2.18,-95.8,436750514.1164306,10499.1,2158.7,-7206.9,0
2026-04-09T08:15:32.763857+00:00,172.02,2.21,172.02,2.21,-95.8,436750514.1164306,10498.8,2156.0,-7206.7,0
2026-04-09T08:15:33.131935+00:00,172.02,2.23,172.02,2.23,-95.8,436750514.1164306,10498.5,2153.4,-7206.5,0
2026-04-09T08:15:33.539921+00:00,172.03,2.26,172.03,2.26,-95.8,436750514.1164306,10498.2,2150.4,-7206.3,0
2026-04-09T08:15:33.903819+00:00,172.04,2.28,172.04,2.28,-95.8,436750514.1164306,10497.9,2147.8,-7206.1,0
2026-04-09T08:15:34.271902+00:00,172.05,2.31,172.05,2.31,-95.8,436750514.1164306,10497.7,2145.2,-7205.9,0
2026-04-09T08:15:34.679571+00:00,172.06,2.34,172.06,2.34,-95.8,436750514.1164306,10497.3,2142.2,-7205.7,0
2026-04-09T08:15:35.043907+00:00,172.06,2.36,172.06,2.36,-95.8,436750514.1164306,10497.0,2139.6,-7205.5,0
2026-04-09T08:15:35.411888+00:00,172.07,2.39,172.07,2.39,-95.8,436750514.1164306,10496.7,2137.0,-7205.3,0
2026-04-09T08:15:35.819583+00:00,172.08,2.41,172.08,2.41,-95.8,436750514.1164306,10496.4,2134.0,-7205.1,0
2026-04-09T08:15:36.183717+00:00,172.09,2.44,172.09,2.44,-95.8,436750514.1164306,10496.1,2131.4,-7204.9,0
2026-04-09T08:15:36.551875+00:00,172.10,2.46,172.1,2.46,-95.8,436750514.1164306,10495.8,2128.7,-7204.7,0
2026-04-09T08:15:36.959952+00:00,172.10,2.49,172.1,2.49,-95.8,436750514.1164306,10495.5,2125.8,-7204.4,0
2026-04-09T08:15:37.327003+00:00,172.11,2.52,172.11,2.52,-95.8,436750514.1164306,10495.1,2123.2,-7204.2,0
2026-04-09T08:15:37.691889+00:00,172.12,2.54,172.12,2.54,-95.8,436750514.1164306,10494.8,2120.5,-7204.0,0
2026-04-09T08:15:38.099548+00:00,172.13,2.57,172.13,2.57,-95.8,436750514.1164306,10494.5,2117.6,-7203.7,0
2026-04-09T08:15:38.463615+00:00,172.14,2.59,172.14,2.59,-95.8,436750514.1164306,10494.2,2115.0,-7203.5,0
2026-04-09T08:15:38.832012+00:00,172.14,2.62,172.14,2.62,-95.8,436750514.1164306,10493.8,2112.3,-7203.3,0
2026-04-09T08:15:39.239909+00:00,172.15,2.65,172.15,2.65,-95.8,436750514.1164306,10493.5,2109.4,-7203.1,0
2026-04-09T08:15:39.603870+00:00,172.16,2.67,172.16,2.67,-95.8,436750514.1164306,10493.1,2106.8,-7202.8,0
2026-04-09T08:15:39.971579+00:00,172.17,2.70,172.17,2.7,-95.8,436750514.1164306,10492.8,2104.1,-7202.6,0
2026-04-09T08:15:40.379575+00:00,172.18,2.73,172.18,2.73,-95.8,436750514.1164306,10492.4,2101.2,-7202.3,0
2026-04-09T08:15:40.743914+00:00,172.19,2.75,172.19,2.75,-95.8,436750514.1164306,10492.1,2098.6,-7202.1,0
2026-04-09T08:15:41.111166+00:00,172.19,2.78,172.19,2.78,-95.8,436750514.1164306,10491.7,2095.9,-7201.9,0
2026-04-09T08:15:41.520644+00:00,172.20,2.81,172.2,2.81,-95.8,436750514.1164306,10491.4,2093.0,-7201.6,0
2026-04-09T08:15:41.887595+00:00,172.21,2.83,172.21,2.83,-95.8,436750514.1164306,10491.0,2090.3,-7201.4,0
2026-04-09T08:15:42.251842+00:00,172.22,2.86,172.22,2.86,-95.8,436750514.1164306,10490.7,2087.7,-7201.1,0
2026-04-09T08:15:42.659881+00:00,172.23,2.89,172.23,2.89,-95.8,436750514.1164306,10490.3,2084.8,-7200.9,0
2026-04-09T08:15:43.027859+00:00,172.24,2.91,172.24,2.91,-95.8,436750514.1164306,10489.9,2082.1,-7200.6,0
2026-04-09T08:15:43.391609+00:00,172.24,2.94,172.24,2.94,-95.8,436750514.1164306,10489.5,2079.5,-7200.4,0
2026-04-09T08:15:43.799868+00:00,172.25,2.97,172.25,2.97,-95.8,436750514.1164306,10489.1,2076.5,-7200.1,0
2026-04-09T08:15:44.167362+00:00,172.26,2.99,172.26,2.99,-95.8,436750514.1164306,10488.8,2073.9,-7199.8,0
2026-04-09T08:15:44.536654+00:00,172.27,3.02,172.27,3.02,-95.8,436750514.1164306,10488.4,2071.3,-7199.6,0
2026-04-09T08:15:44.939341+00:00,172.28,3.05,172.28,3.05,-95.8,436750514.1164306,10488.0,2068.3,-7199.3,0
2026-04-09T08:15:45.307862+00:00,172.29,3.07,172.29,3.07,-95.8,436750514.1164306,10487.6,2065.7,-7199.0,0
2026-04-09T08:15:45.676943+00:00,172.30,3.10,172.3,3.1,-95.8,436750514.1164306,10487.2,2063.0,-7198.8,0
2026-04-09T08:15:46.083426+00:00,172.30,3.13,172.3,3.13,-95.8,436750514.1164306,10486.8,2060.1,-7198.5,0
2026-04-09T08:15:46.447886+00:00,172.31,3.16,172.31,3.16,-95.8,436750514.1164306,10486.4,2057.5,-7198.2,0
2026-04-09T08:15:46.815842+00:00,172.32,3.18,172.32,3.18,-95.8,436750514.1164306,10486.0,2054.8,-7197.9,0
2026-04-09T08:15:47.225500+00:00,172.33,3.21,172.33,3.21,-95.8,436750514.1164306,10485.6,2051.9,-7197.6,0
2026-04-09T08:15:47.591081+00:00,172.34,3.24,172.34,3.24,-95.8,436750514.1164306,10485.2,2049.3,-7197.4,0
2026-04-09T08:15:47.955907+00:00,172.35,3.27,172.35,3.27,-95.8,436750514.1164306,10484.8,2046.6,-7197.1,0
2026-04-09T08:15:48.364595+00:00,172.36,3.29,172.36,3.29,-95.8,436750514.1164306,10484.3,2043.7,-7196.8,0
2026-04-09T08:15:48.727566+00:00,172.36,3.32,172.36,3.32,-95.8,436750514.1164306,10483.9,2041.1,-7196.5,0
2026-04-09T08:15:49.095373+00:00,172.37,3.35,172.37,3.35,-95.8,436750514.1164306,10483.5,2038.4,-7196.2,0
2026-04-09T08:15:49.499794+00:00,172.38,3.38,172.38,3.38,-95.8,436750514.1164306,10483.0,2035.5,-7195.9,0
2026-04-09T08:15:49.867866+00:00,172.39,3.40,172.39,3.4,-95.8,436750514.1164306,10482.6,2032.9,-7195.6,0
2026-04-09T08:15:50.236955+00:00,172.40,3.43,172.4,3.43,-95.8,436750514.1164306,10482.2,2030.2,-7195.3,0
2026-04-09T08:15:50.640071+00:00,172.41,3.46,172.41,3.46,-95.8,436750514.1164306,10481.7,2027.3,-7195.0,0
2026-04-09T08:15:51.007854+00:00,172.42,3.49,172.42,3.49,-95.8,436750514.1164306,10481.3,2024.7,-7194.7,0
2026-04-09T08:15:51.376957+00:00,172.43,3.52,172.43,3.52,-95.8,436750514.1164306,10480.8,2022.0,-7194.4,0
2026-04-09T08:15:51.783593+00:00,172.44,3.55,172.44,3.55,-95.8,436750514.1164306,10480.4,2019.1,-7194.1,0
2026-04-09T08:15:52.146515+00:00,172.44,3.57,172.44,3.57,-95.8,436750514.1164306,10479.9,2016.5,-7193.7,0
2026-04-09T08:15:52.510535+00:00,172.45,3.60,172.45,3.6,-95.8,436750514.1164306,10479.5,2013.8,-7193.4,0
2026-04-09T08:15:52.914539+00:00,172.46,3.63,172.46,3.63,-95.8,436750514.1164306,10479.0,2010.9,-7193.1,0
2026-04-09T08:15:53.278562+00:00,172.47,3.66,172.47,3.66,-95.8,436750514.1164306,10478.5,2008.3,-7192.8,0
2026-04-09T08:15:53.642508+00:00,172.48,3.68,172.48,3.68,-95.8,436750514.1164306,10478.1,2005.7,-7192.5,0
2026-04-09T08:15:54.046755+00:00,172.49,3.71,172.49,3.71,-95.8,436750514.1164306,10477.6,2002.8,-7192.1,0
2026-04-09T08:15:54.410540+00:00,172.50,3.74,172.5,3.74,-95.8,436750514.1164306,10477.1,2000.2,-7191.8,0
2026-04-09T08:15:54.774536+00:00,172.51,3.77,172.51,3.77,-95.8,436750514.1164306,10476.6,1997.5,-7191.5,0
2026-04-09T08:15:55.178522+00:00,172.52,3.80,172.52,3.8,-95.8,436750514.1164306,10476.1,1994.7,-7191.1,0
2026-04-09T08:15:55.542527+00:00,172.52,3.83,172.52,3.83,-95.8,436750514.1164306,10475.6,1992.0,-7190.8,0
2026-04-09T08:15:55.906534+00:00,172.53,3.85,172.53,3.85,-95.8,436750514.1164306,10475.2,1989.4,-7190.5,0
2026-04-09T08:15:56.310520+00:00,172.54,3.88,172.54,3.88,-95.8,436750514.1164306,10474.6,1986.5,-7190.1,0
2026-04-09T08:15:56.674526+00:00,172.55,3.91,172.55,3.91,-95.8,436750514.1164306,10474.1,1983.9,-7189.8,0
2026-04-09T08:15:57.038581+00:00,172.56,3.94,172.56,3.94,-95.8,436750514.1164306,10473.7,1981.3,-7189.5,0
2026-04-09T08:15:57.442596+00:00,172.57,3.97,172.57,3.97,-95.8,436750514.1164306,10473.1,1978.4,-7189.1,0
2026-04-09T08:15:57.812290+00:00,172.58,4.00,172.58,4.0,-95.8,436750514.1164306,10472.6,1975.7,-7188.7,0
2026-04-09T08:15:58.170532+00:00,172.59,4.03,172.59,4.03,-95.8,436750514.1164306,10472.1,1973.1,-7188.4,0
2026-04-09T08:15:58.574556+00:00,172.60,4.06,172.6,4.06,-95.8,436750514.1164306,10471.6,1970.2,-7188.0,0
2026-04-09T08:15:58.938514+00:00,172.61,4.08,172.61,4.08,-95.8,436750514.1164306,10471.0,1967.6,-7187.7,0
2026-04-09T08:15:59.302528+00:00,172.62,4.11,172.62,4.11,-95.8,436750514.1164306,10470.5,1965.0,-7187.3,0
2026-04-09T08:15:59.706659+00:00,172.63,4.14,172.63,4.14,-95.8,436750514.1164306,10470.0,1962.1,-7186.9,0
2026-04-09T08:16:00.070583+00:00,172.63,4.17,172.63,4.17,-95.8,436750514.1164306,10469.4,1959.5,-7186.6,0
2026-04-09T08:16:00.434530+00:00,172.64,4.20,172.64,4.2,-95.8,436750514.1164306,10468.9,1956.9,-7186.2,0
2026-04-09T08:16:00.838520+00:00,172.65,4.23,172.65,4.23,-95.8,436750514.1164306,10468.3,1954.0,-7185.8,0
2026-04-09T08:16:01.202510+00:00,172.66,4.26,172.66,4.26,-95.8,436750514.1164306,10467.8,1951.4,-7185.4,0
2026-04-09T08:16:01.566524+00:00,172.67,4.29,172.67,4.29,-95.8,436750514.1164306,10467.3,1948.7,-7185.1,0
2026-04-09T08:16:01.970521+00:00,172.68,4.32,172.68,4.32,-95.8,436750514.1164306,10466.7,1945.8,-7184.7,0
2026-04-09T08:16:02.335609+00:00,172.69,4.35,172.69,4.35,-95.8,436750514.1164306,10466.1,1943.2,-7184.3,0
2026-04-09T08:16:02.704052+00:00,172.70,4.38,172.7,4.38,-95.8,436750514.1164306,10465.6,1940.6,-7183.9,0
2026-04-09T08:16:03.111591+00:00,172.71,4.41,172.71,4.41,-95.8,436750514.1164306,10465.0,1937.7,-7183.5,0
2026-04-09T08:16:03.480646+00:00,172.72,4.44,172.72,4.44,-95.8,436750514.1164306,10464.4,1935.0,-7183.1,0
2026-04-09T08:16:03.903894+00:00,172.73,4.47,172.73,4.47,-95.8,436750464.05288804,10463.7,1932.0,-7182.7,0
2026-04-09T08:16:04.311662+00:00,172.74,4.50,172.74,4.5,-95.8,436750464.05288804,10463.1,1929.0,-7182.2,0
2026-04-09T08:16:04.679897+00:00,172.75,4.53,172.75,4.53,-95.8,436750464.05288804,10462.5,1926.4,-7181.8,0
2026-04-09T08:16:05.048541+00:00,172.76,4.56,172.76,4.56,-95.8,436750464.05288804,10462.0,1923.8,-7181.4,0
2026-04-09T08:16:05.455692+00:00,172.77,4.59,172.77,4.59,-95.8,436750464.05288804,10461.3,1920.8,-7181.0,0
2026-04-09T08:16:05.819606+00:00,172.78,4.62,172.78,4.62,-95.8,436750464.05288804,10460.7,1918.2,-7180.6,0
2026-04-09T08:16:06.183566+00:00,172.79,4.65,172.79,4.65,-95.8,436750464.05288804,10460.1,1915.6,-7180.2,0
2026-04-09T08:16:06.591609+00:00,172.80,4.68,172.8,4.68,-95.8,436750464.05288804,10459.5,1912.7,-7179.7,0
2026-04-09T08:16:06.959649+00:00,172.81,4.71,172.81,4.71,-95.8,436750464.05288804,10458.9,1910.0,-7179.3,0
2026-04-09T08:16:07.325039+00:00,172.82,4.74,172.82,4.74,-95.8,436750464.05288804,10458.3,1907.4,-7178.9,0
2026-04-09T08:16:07.731719+00:00,172.83,4.77,172.83,4.77,-95.8,436750464.05288804,10457.6,1904.5,-7178.4,0
2026-04-09T08:16:08.103331+00:00,172.84,4.80,172.84,4.8,-95.8,436750464.05288804,10457.0,1901.8,-7178.0,0
2026-04-09T08:16:08.463954+00:00,172.85,4.83,172.85,4.83,-95.8,436750464.05288804,10456.4,1899.2,-7177.6,0
2026-04-09T08:16:08.871567+00:00,172.86,4.87,172.86,4.87,-95.8,436750464.05288804,10455.7,1896.3,-7177.1,0
2026-04-09T08:16:09.239894+00:00,172.87,4.90,172.87,4.9,-95.8,436750464.05288804,10455.1,1893.6,-7176.7,0
2026-04-09T08:16:09.603555+00:00,172.88,4.92,172.88,4.92,-95.8,436750464.05288804,10454.4,1891.0,-7176.3,0
2026-04-09T08:16:10.011857+00:00,172.89,4.96,172.89,4.96,-95.8,436750464.05288804,10453.7,1888.1,-7175.8,0
2026-04-09T08:16:10.376130+00:00,172.90,4.99,172.9,4.99,-95.8,436750464.05288804,10453.1,1885.5,-7175.3,0
2026-04-09T08:16:10.744206+00:00,172.91,5.02,172.91,5.02,-95.8,436750464.05288804,10452.4,1882.9,-7174.9,0
2026-04-09T08:16:11.151395+00:00,172.92,5.05,172.92,5.05,-95.8,436750464.05288804,10451.7,1879.9,-7174.4,0
2026-04-09T08:16:11.515613+00:00,172.93,5.08,172.93,5.08,-95.8,436750464.05288804,10451.1,1877.3,-7174.0,0
2026-04-09T08:16:11.882541+00:00,172.94,5.11,172.94,5.11,-95.8,436750464.05288804,10450.4,1874.7,-7173.5,0
2026-04-09T08:16:12.286528+00:00,172.95,5.14,172.95,5.14,-95.8,436750464.05288804,10449.7,1871.8,-7173.0,0
2026-04-09T08:16:12.650513+00:00,172.96,5.17,172.96,5.17,-95.8,436750464.05288804,10449.0,1869.1,-7172.5,0
2026-04-09T08:16:13.014516+00:00,172.97,5.20,172.97,5.2,-95.8,436750464.05288804,10448.3,1866.6,-7172.1,0
2026-04-09T08:16:13.418639+00:00,172.98,5.24,172.98,5.24,-95.8,436750464.05288804,10447.6,1863.7,-7171.6,0
2026-04-09T08:16:13.782521+00:00,172.99,5.27,172.99,5.27,-95.8,436750464.05288804,10446.9,1861.1,-7171.1,0
2026-04-09T08:16:14.146544+00:00,173.00,5.30,173.0,5.3,-95.8,436750464.05288804,10446.2,1858.4,-7170.6,0
2026-04-09T08:16:14.550511+00:00,173.01,5.33,173.01,5.33,-95.8,436750464.05288804,10445.5,1855.5,-7170.1,0
2026-04-09T08:16:14.914540+00:00,173.02,5.36,173.02,5.36,-95.8,436750464.05288804,10444.8,1852.9,-7169.6,0
2026-04-09T08:16:15.279696+00:00,173.03,5.39,173.03,5.39,-95.8,436750464.05288804,10444.1,1850.3,-7169.2,0
2026-04-09T08:16:15.682532+00:00,173.04,5.43,173.04,5.43,-95.8,436750464.05288804,10443.3,1847.4,-7168.6,0
2026-04-09T08:16:16.047862+00:00,173.05,5.46,173.05,5.46,-95.8,436750464.05288804,10442.6,1844.8,-7168.1,0
2026-04-09T08:16:16.406701+00:00,173.06,5.49,173.06,5.49,-95.8,436750464.05288804,10441.9,1842.2,-7167.7,0
2026-04-09T08:16:16.816309+00:00,173.07,5.52,173.07,5.52,-95.8,436750464.05288804,10441.1,1839.3,-7167.1,0
2026-04-09T08:16:17.179590+00:00,173.08,5.55,173.08,5.55,-95.8,436750464.05288804,10440.4,1836.7,-7166.6,0
2026-04-09T08:16:17.547896+00:00,173.09,5.58,173.09,5.58,-95.8,436750464.05288804,10439.6,1834.1,-7166.1,0
2026-04-09T08:16:17.956998+00:00,173.11,5.62,173.11,5.62,-95.8,436750464.05288804,10438.8,1831.2,-7165.5,0
2026-04-09T08:16:18.320287+00:00,173.12,5.65,173.12,5.65,-95.8,436750464.05288804,10438.1,1828.5,-7165.0,0
2026-04-09T08:16:18.687912+00:00,173.13,5.68,173.13,5.68,-95.8,436750464.05288804,10437.3,1825.9,-7164.5,0
2026-04-09T08:16:19.095688+00:00,173.14,5.71,173.14,5.71,-95.8,436750464.05288804,10436.5,1823.0,-7164.0,0
2026-04-09T08:16:19.464926+00:00,173.15,5.74,173.15,5.74,-95.8,436750464.05288804,10435.7,1820.4,-7163.4,0
2026-04-09T08:16:19.827590+00:00,173.16,5.78,173.16,5.78,-95.8,436750464.05288804,10435.0,1817.7,-7162.9,0
2026-04-09T08:16:20.235562+00:00,173.17,5.81,173.17,5.81,-95.8,436750464.05288804,10434.1,1814.8,-7162.3,0
2026-04-09T08:16:20.604927+00:00,173.18,5.84,173.18,5.84,-95.8,436750464.05288804,10433.3,1812.2,-7161.8,0
2026-04-09T08:16:20.967858+00:00,173.19,5.87,173.19,5.87,-95.8,436750464.05288804,10432.6,1809.6,-7161.3,0
2026-04-09T08:16:21.375866+00:00,173.20,5.91,173.2,5.91,-95.8,436750464.05288804,10431.7,1806.6,-7160.7,0
2026-04-09T08:16:21.743824+00:00,173.21,5.94,173.21,5.94,-95.8,436750464.05288804,10430.9,1804.0,-7160.1,0
2026-04-09T08:16:22.111465+00:00,173.22,5.97,173.22,5.97,-95.8,436750464.05288804,10430.1,1801.4,-7159.6,0
2026-04-09T08:16:22.519889+00:00,173.24,6.01,173.24,6.01,-95.8,436750464.05288804,10429.2,1798.5,-7159.0,0
2026-04-09T08:16:22.883203+00:00,173.25,6.04,173.25,6.04,-95.8,436750464.05288804,10428.4,1795.9,-7158.4,0
2026-04-09T08:16:23.251612+00:00,173.26,6.07,173.26,6.07,-95.8,436750464.05288804,10427.6,1793.2,-7157.8,0
2026-04-09T08:16:23.659889+00:00,173.27,6.11,173.27,6.11,-95.8,436750464.05288804,10426.7,1790.3,-7157.2,0
2026-04-09T08:16:24.023775+00:00,173.28,6.14,173.28,6.14,-95.8,436750464.05288804,10425.9,1787.7,-7156.7,0
2026-04-09T08:16:24.391700+00:00,173.29,6.17,173.29,6.17,-95.8,436750464.05288804,10425.0,1785.1,-7156.1,0
2026-04-09T08:16:24.799405+00:00,173.30,6.21,173.3,6.21,-95.8,436750464.05288804,10424.1,1782.1,-7155.5,0
2026-04-09T08:16:25.163596+00:00,173.31,6.24,173.31,6.24,-95.8,436750464.05288804,10423.3,1779.5,-7154.9,0
2026-04-09T08:16:25.531571+00:00,173.32,6.27,173.32,6.27,-95.8,436750464.05288804,10422.4,1776.9,-7154.3,0
2026-04-09T08:16:25.939572+00:00,173.34,6.31,173.34,6.31,-95.8,436750464.05288804,10421.5,1774.0,-7153.6,0
2026-04-09T08:16:26.305123+00:00,173.35,6.34,173.35,6.34,-95.8,436750464.05288804,10420.6,1771.4,-7153.1,0
2026-04-09T08:16:26.671616+00:00,173.36,6.37,173.36,6.37,-95.8,436750464.05288804,10419.8,1768.7,-7152.5,0
2026-04-09T08:16:27.085100+00:00,173.37,6.41,173.37,6.41,-95.8,436750464.05288804,10418.8,1765.8,-7151.8,0
2026-04-09T08:16:27.448184+00:00,173.38,6.44,173.38,6.44,-95.8,436750464.05288804,10417.9,1763.2,-7151.2,0
2026-04-09T08:16:27.815711+00:00,173.39,6.47,173.39,6.47,-95.8,436750464.05288804,10417.0,1760.6,-7150.6,0
2026-04-09T08:16:28.223753+00:00,173.41,6.51,173.41,6.51,-95.8,436750464.05288804,10416.1,1757.6,-7149.9,0
2026-04-09T08:16:28.592370+00:00,173.42,6.54,173.42,6.54,-95.8,436750464.05288804,10415.2,1755.0,-7149.3,0
2026-04-09T08:16:28.955858+00:00,173.43,6.58,173.43,6.58,-95.8,436750464.05288804,10414.3,1752.4,-7148.7,0
2026-04-09T08:16:29.423601+00:00,173.44,6.61,173.44,6.61,-95.8,436750413.26378703,10413.3,1749.5,-7148.0,0
2026-04-09T08:16:29.791737+00:00,173.45,6.65,173.45,6.65,-95.8,436750413.26378703,10412.2,1746.4,-7147.3,0
2026-04-09T08:16:30.155560+00:00,173.46,6.68,173.46,6.68,-95.8,436750413.26378703,10411.3,1743.8,-7146.6,0
2026-04-09T08:16:30.563877+00:00,173.48,6.72,173.48,6.72,-95.8,436750413.26378703,10410.3,1740.9,-7145.9,0
2026-04-09T08:16:30.931899+00:00,173.49,6.76,173.49,6.76,-95.8,436750413.26378703,10409.3,1738.3,-7145.3,0
2026-04-09T08:16:31.295883+00:00,173.50,6.79,173.5,6.79,-95.8,436750413.26378703,10408.4,1735.7,-7144.7,0
2026-04-09T08:16:31.704023+00:00,173.51,6.83,173.51,6.83,-95.8,436750413.26378703,10407.4,1732.8,-7143.9,0
2026-04-09T08:16:32.071714+00:00,173.52,6.86,173.52,6.86,-95.8,436750413.26378703,10406.4,1730.1,-7143.3,0
2026-04-09T08:16:32.435592+00:00,173.54,6.89,173.54,6.89,-95.8,436750413.26378703,10405.5,1727.6,-7142.6,0
2026-04-09T08:16:32.843844+00:00,173.55,6.93,173.55,6.93,-95.8,436750413.26378703,10404.4,1724.6,-7141.9,0
2026-04-09T08:16:33.211552+00:00,173.56,6.96,173.56,6.96,-95.8,436750413.26378703,10403.4,1722.0,-7141.2,0
2026-04-09T08:16:33.575575+00:00,173.57,7.00,173.57,7.0,-95.8,436750413.26378703,10402.4,1719.4,-7140.6,0
2026-04-09T08:16:33.983610+00:00,173.58,7.04,173.58,7.04,-95.8,436750413.26378703,10401.4,1716.5,-7139.8,0
2026-04-09T08:16:34.351556+00:00,173.60,7.07,173.6,7.07,-95.8,436750413.26378703,10400.4,1713.9,-7139.1,0
2026-04-09T08:16:34.716110+00:00,173.61,7.10,173.61,7.1,-95.8,436750413.26378703,10399.4,1711.3,-7138.5,0
2026-04-09T08:16:35.123026+00:00,173.62,7.14,173.62,7.14,-95.8,436750413.26378703,10398.3,1708.4,-7137.7,0
2026-04-09T08:16:35.491592+00:00,173.63,7.18,173.63,7.18,-95.8,436750413.26378703,10397.3,1705.7,-7137.0,0
2026-04-09T08:16:35.855978+00:00,173.64,7.21,173.64,7.21,-95.8,436750413.26378703,10396.2,1703.1,-7136.3,0
2026-04-09T08:16:36.263906+00:00,173.66,7.25,173.66,7.25,-95.8,436750413.26378703,10395.1,1700.2,-7135.5,0
2026-04-09T08:16:36.631898+00:00,173.67,7.28,173.67,7.28,-95.8,436750413.26378703,10394.1,1697.6,-7134.8,0
2026-04-09T08:16:36.995981+00:00,173.68,7.32,173.68,7.32,-95.8,436750413.26378703,10393.1,1695.0,-7134.1,0
2026-04-09T08:16:37.403633+00:00,173.69,7.35,173.69,7.35,-95.8,436750413.26378703,10391.9,1692.1,-7133.3,0
2026-04-09T08:16:37.772206+00:00,173.71,7.39,173.71,7.39,-95.8,436750413.26378703,10390.8,1689.5,-7132.6,0
2026-04-09T08:16:38.136034+00:00,173.72,7.42,173.72,7.42,-95.8,436750413.26378703,10389.8,1686.9,-7131.9,0
2026-04-09T08:16:38.548954+00:00,173.73,7.46,173.73,7.46,-95.8,436750413.26378703,10388.6,1684.0,-7131.1,0
2026-04-09T08:16:38.915102+00:00,173.74,7.50,173.74,7.5,-95.8,436750413.26378703,10387.5,1681.3,-7130.3,0
2026-04-09T08:16:39.280977+00:00,173.76,7.53,173.76,7.53,-95.8,436750413.26378703,10386.5,1678.7,-7129.6,0
2026-04-09T08:16:39.687895+00:00,173.77,7.57,173.77,7.57,-95.8,436750413.26378703,10385.3,1675.8,-7128.8,0
2026-04-09T08:16:40.051381+00:00,173.78,7.61,173.78,7.61,-95.8,436750413.26378703,10384.2,1673.2,-7128.0,0
2026-04-09T08:16:40.419655+00:00,173.79,7.64,173.79,7.64,-95.8,436750413.26378703,10383.1,1670.6,-7127.3,0
2026-04-09T08:16:40.827578+00:00,173.81,7.68,173.81,7.68,-95.8,436750413.26378703,10381.9,1667.7,-7126.4,0
2026-04-09T08:16:41.191558+00:00,173.82,7.72,173.82,7.72,-95.8,436750413.26378703,10380.8,1665.1,-7125.7,0
2026-04-09T08:16:41.559592+00:00,173.83,7.75,173.83,7.75,-95.8,436750413.26378703,10379.6,1662.5,-7124.9,0
2026-04-09T08:16:41.966515+00:00,173.85,7.79,173.85,7.79,-95.8,436750413.26378703,10378.4,1659.5,-7124.1,0
2026-04-09T08:16:42.326722+00:00,173.86,7.83,173.86,7.83,-95.8,436750413.26378703,10377.2,1657.0,-7123.3,0
2026-04-09T08:16:42.690540+00:00,173.87,7.86,173.87,7.86,-95.8,436750413.26378703,10376.1,1654.4,-7122.5,0
2026-04-09T08:16:43.094824+00:00,173.88,7.90,173.88,7.9,-95.8,436750413.26378703,10374.9,1651.5,-7121.6,0
2026-04-09T08:16:43.458530+00:00,173.90,7.94,173.9,7.94,-95.8,436750413.26378703,10373.7,1648.9,-7120.8,0
2026-04-09T08:16:43.822516+00:00,173.91,7.97,173.91,7.97,-95.8,436750413.26378703,10372.6,1646.3,-7120.1,0
2026-04-09T08:16:44.226564+00:00,173.92,8.01,173.92,8.01,-95.8,436750413.26378703,10371.3,1643.4,-7119.2,0
2026-04-09T08:16:44.590516+00:00,173.94,8.05,173.94,8.05,-95.8,436750413.26378703,10370.1,1640.8,-7118.4,0
2026-04-09T08:16:44.954527+00:00,173.95,8.08,173.95,8.08,-95.8,436750413.26378703,10368.9,1638.2,-7117.6,0
2026-04-09T08:16:45.359173+00:00,173.96,8.12,173.96,8.12,-95.8,436750413.26378703,10367.6,1635.4,-7116.7,0
2026-04-09T08:16:45.722544+00:00,173.98,8.16,173.98,8.16,-95.8,436750413.26378703,10366.4,1632.8,-7115.8,0
2026-04-09T08:16:46.086643+00:00,173.99,8.20,173.99,8.2,-95.8,436750413.26378703,10365.2,1630.2,-7115.0,0
2026-04-09T08:16:46.490520+00:00,174.00,8.24,174.0,8.24,-95.8,436750413.26378703,10363.9,1627.3,-7114.1,0
2026-04-09T08:16:46.855872+00:00,174.02,8.27,174.02,8.27,-95.8,436750413.26378703,10362.7,1624.8,-7113.3,0
2026-04-09T08:16:47.283980+00:00,174.03,8.32,174.03,8.32,-95.8,436750361.909177,10361.2,1621.7,-7112.3,0
2026-04-09T08:16:47.691889+00:00,174.04,8.36,174.04,8.36,-95.8,436750361.909177,10359.9,1618.8,-7111.3,0
2026-04-09T08:16:48.060597+00:00,174.06,8.39,174.06,8.39,-95.8,436750361.909177,10358.6,1616.2,-7110.5,0
2026-04-09T08:16:48.424038+00:00,174.07,8.43,174.07,8.43,-95.8,436750361.909177,10357.3,1613.6,-7109.6,0
2026-04-09T08:16:48.831618+00:00,174.09,8.47,174.09,8.47,-95.8,436750361.909177,10355.9,1610.7,-7108.7,0
2026-04-09T08:16:49.204446+00:00,174.10,8.51,174.1,8.51,-95.8,436750361.909177,10354.7,1608.1,-7107.8,0
2026-04-09T08:16:49.563721+00:00,174.11,8.55,174.11,8.55,-95.8,436750361.909177,10353.4,1605.5,-7106.9,0
2026-04-09T08:16:49.971876+00:00,174.13,8.59,174.13,8.59,-95.8,436750361.909177,10352.0,1602.6,-7105.9,0
2026-04-09T08:16:50.334526+00:00,174.14,8.62,174.14,8.62,-95.8,436750361.909177,10350.7,1600.0,-7105.0,0
2026-04-09T08:16:50.698515+00:00,174.15,8.66,174.15,8.66,-95.8,436750361.909177,10349.4,1597.4,-7104.1,0
2026-04-09T08:16:51.102552+00:00,174.17,8.70,174.17,8.7,-95.8,436750361.909177,10347.9,1594.5,-7103.1,0
2026-04-09T08:16:51.466520+00:00,174.18,8.74,174.18,8.74,-95.8,436750361.909177,10346.6,1591.9,-7102.2,0
2026-04-09T08:16:51.830511+00:00,174.19,8.78,174.19,8.78,-95.8,436750361.909177,10345.3,1589.4,-7101.3,0
2026-04-09T08:16:52.234502+00:00,174.21,8.82,174.21,8.82,-95.8,436750361.909177,10343.8,1586.5,-7100.3,0
2026-04-09T08:16:52.598530+00:00,174.22,8.86,174.22,8.86,-95.8,436750361.909177,10342.4,1583.9,-7099.4,0
2026-04-09T08:16:52.962542+00:00,174.24,8.89,174.24,8.89,-95.8,436750361.909177,10341.1,1581.3,-7098.5,0
2026-04-09T08:16:53.366521+00:00,174.25,8.94,174.25,8.94,-95.8,436750361.909177,10339.6,1578.5,-7097.4,0
2026-04-09T08:16:53.730564+00:00,174.27,8.97,174.27,8.97,-95.8,436750361.909177,10338.2,1575.9,-7096.5,0
2026-04-09T08:16:54.094514+00:00,174.28,9.01,174.28,9.01,-95.8,436750361.909177,10336.9,1573.3,-7095.6,0
2026-04-09T08:16:54.498524+00:00,174.29,9.05,174.29,9.05,-95.8,436750361.909177,10335.3,1570.4,-7094.5,0
2026-04-09T08:16:54.863176+00:00,174.31,9.09,174.31,9.09,-95.8,436750361.909177,10333.9,1567.9,-7093.6,0
2026-04-09T08:16:55.227915+00:00,174.32,9.13,174.32,9.13,-95.8,436750361.909177,10332.5,1565.3,-7092.6,0
2026-04-09T08:16:55.635580+00:00,174.34,9.17,174.34,9.17,-95.8,436750361.909177,10331.0,1562.4,-7091.5,0
2026-04-09T08:16:56.000646+00:00,174.35,9.21,174.35,9.21,-95.8,436750361.909177,10329.5,1559.8,-7090.5,0
2026-04-09T08:16:56.368168+00:00,174.37,9.25,174.37,9.25,-95.8,436750361.909177,10328.1,1557.2,-7089.5,0
2026-04-09T08:16:56.776040+00:00,174.38,9.29,174.38,9.29,-95.8,436750361.909177,10326.5,1554.3,-7088.4,0
2026-04-09T08:16:57.143504+00:00,174.40,9.33,174.4,9.33,-95.8,436750361.909177,10325.0,1551.7,-7087.4,0
2026-04-09T08:16:57.508232+00:00,174.41,9.37,174.41,9.37,-95.8,436750361.909177,10323.6,1549.1,-7086.4,0
2026-04-09T08:16:57.915615+00:00,174.43,9.42,174.43,9.42,-95.8,436750361.909177,10321.9,1546.2,-7085.3,0
2026-04-09T08:16:58.283947+00:00,174.44,9.46,174.44,9.46,-95.8,436750361.909177,10320.4,1543.6,-7084.3,0
2026-04-09T08:16:58.651629+00:00,174.45,9.50,174.45,9.5,-95.8,436750361.909177,10318.9,1541.0,-7083.2,0
2026-04-09T08:16:59.059840+00:00,174.47,9.54,174.47,9.54,-95.8,436750361.909177,10317.3,1538.2,-7082.1,0
2026-04-09T08:16:59.427568+00:00,174.48,9.58,174.48,9.58,-95.8,436750361.909177,10315.7,1535.5,-7081.1,0
2026-04-09T08:16:59.791553+00:00,174.50,9.62,174.5,9.62,-95.8,436750361.909177,10314.2,1532.9,-7080.0,0
2026-04-09T08:17:00.199884+00:00,174.52,9.66,174.52,9.66,-95.8,436750361.909177,10312.5,1530.1,-7078.8,0
2026-04-09T08:17:00.563888+00:00,174.53,9.70,174.53,9.7,-95.8,436750361.909177,10311.0,1527.5,-7077.8,0
2026-04-09T08:17:00.992171+00:00,174.55,9.75,174.55,9.75,-95.8,436750310.01395476,10309.2,1524.4,-7076.5,0
2026-04-09T08:17:01.399610+00:00,174.56,9.79,174.56,9.79,-95.8,436750310.01395476,10307.4,1521.6,-7075.3,0
2026-04-09T08:17:01.767871+00:00,174.58,9.83,174.58,9.83,-95.8,436750310.01395476,10305.8,1519.0,-7074.3,0
2026-04-09T08:17:02.131684+00:00,174.59,9.87,174.59,9.87,-95.8,436750310.01395476,10304.3,1516.4,-7073.2,0
2026-04-09T08:17:02.539885+00:00,174.61,9.92,174.61,9.92,-95.8,436750310.01395476,10302.5,1513.5,-7072.0,0
2026-04-09T08:17:02.907853+00:00,174.62,9.96,174.62,9.96,-95.8,436750310.01395476,10300.9,1510.9,-7070.8,0
2026-04-09T08:17:03.271900+00:00,174.64,10.00,174.64,10.0,-95.8,436750310.01395476,10299.2,1508.3,-7069.7,0
2026-04-09T08:17:03.683595+00:00,174.66,10.05,174.66,10.05,-95.8,436750310.01395476,10297.4,1505.4,-7068.5,0
2026-04-09T08:17:04.048083+00:00,174.67,10.09,174.67,10.09,-95.8,436750310.01395476,10295.8,1502.8,-7067.4,0
2026-04-09T08:17:04.418104+00:00,174.69,10.13,174.69,10.13,-95.8,436750310.01395476,10294.1,1500.2,-7066.2,0
2026-04-09T08:17:04.823592+00:00,174.70,10.17,174.7,10.17,-95.8,436750310.01395476,10292.3,1497.4,-7065.0,0
2026-04-09T08:17:05.187395+00:00,174.72,10.21,174.72,10.21,-95.8,436750310.01395476,10290.6,1494.8,-7063.8,0
2026-04-09T08:17:05.555639+00:00,174.73,10.26,174.73,10.26,-95.8,436750310.01395476,10289.0,1492.2,-7062.7,0
2026-04-09T08:17:05.963394+00:00,174.75,10.30,174.75,10.3,-95.8,436750310.01395476,10287.1,1489.3,-7061.4,0
2026-04-09T08:17:06.327577+00:00,174.77,10.34,174.77,10.34,-95.8,436750310.01395476,10285.4,1486.7,-7060.2,0
2026-04-09T08:17:06.695960+00:00,174.78,10.38,174.78,10.38,-95.8,436750310.01395476,10283.7,1484.1,-7059.0,0
2026-04-09T08:17:07.103912+00:00,174.80,10.43,174.8,10.43,-95.8,436750310.01395476,10281.8,1481.3,-7057.7,0
2026-04-09T08:17:07.471168+00:00,174.81,10.47,174.81,10.47,-95.8,436750310.01395476,10280.0,1478.7,-7056.5,0
2026-04-09T08:17:07.835577+00:00,174.83,10.51,174.83,10.51,-95.8,436750310.01395476,10278.3,1476.1,-7055.3,0
2026-04-09T08:17:08.243908+00:00,174.85,10.56,174.85,10.56,-95.8,436750310.01395476,10276.3,1473.2,-7054.0,0
2026-04-09T08:17:08.612948+00:00,174.86,10.60,174.86,10.6,-95.8,436750310.01395476,10274.5,1470.6,-7052.8,0
2026-04-09T08:17:08.975877+00:00,174.88,10.65,174.88,10.65,-95.8,436750310.01395476,10272.7,1468.0,-7051.5,0
2026-04-09T08:17:09.383575+00:00,174.90,10.69,174.9,10.69,-95.8,436750310.01395476,10270.8,1465.2,-7050.2,0
2026-04-09T08:17:09.751699+00:00,174.91,10.74,174.91,10.74,-95.8,436750310.01395476,10268.9,1462.6,-7048.9,0
2026-04-09T08:17:10.120215+00:00,174.93,10.78,174.93,10.78,-95.8,436750310.01395476,10267.1,1460.0,-7047.7,0
2026-04-09T08:17:10.528628+00:00,174.95,10.82,174.95,10.82,-95.8,436750310.01395476,10265.1,1457.1,-7046.3,0
2026-04-09T08:17:10.891217+00:00,174.96,10.87,174.96,10.87,-95.8,436750310.01395476,10263.2,1454.5,-7045.0,0
2026-04-09T08:17:11.259602+00:00,174.98,10.91,174.98,10.91,-95.8,436750310.01395476,10261.4,1451.9,-7043.7,0
2026-04-09T08:17:11.728419+00:00,175.00,10.96,175.0,10.96,-95.8,436750259.3287082,10259.3,1449.1,-7042.3,0
2026-04-09T08:17:12.096032+00:00,175.02,11.01,175.02,11.01,-95.8,436750259.3287082,10257.1,1446.1,-7040.8,0
2026-04-09T08:17:12.459731+00:00,175.03,11.05,175.03,11.05,-95.8,436750259.3287082,10255.2,1443.5,-7039.5,0
2026-04-09T08:17:12.867641+00:00,175.05,11.10,175.05,11.1,-95.8,436750259.3287082,10253.1,1440.6,-7038.1,0
2026-04-09T08:17:13.232185+00:00,175.07,11.14,175.07,11.14,-95.8,436750259.3287082,10251.2,1438.0,-7036.8,0
2026-04-09T08:17:13.599866+00:00,175.08,11.19,175.08,11.19,-95.8,436750259.3287082,10249.3,1435.5,-7035.4,0
2026-04-09T08:17:14.009139+00:00,175.10,11.24,175.1,11.24,-95.8,436750259.3287082,10247.1,1432.6,-7034.0,0
2026-04-09T08:17:14.372616+00:00,175.12,11.28,175.12,11.28,-95.8,436750259.3287082,10245.2,1430.0,-7032.6,0
2026-04-09T08:17:14.740220+00:00,175.14,11.32,175.14,11.32,-95.8,436750259.3287082,10243.2,1427.5,-7031.3,0
2026-04-09T08:17:15.147711+00:00,175.15,11.37,175.15,11.37,-95.8,436750259.3287082,10241.0,1424.6,-7029.8,0
2026-04-09T08:17:15.511715+00:00,175.17,11.42,175.17,11.42,-95.8,436750259.3287082,10239.0,1422.0,-7028.4,0
2026-04-09T08:17:15.879863+00:00,175.19,11.46,175.19,11.46,-95.8,436750259.3287082,10237.0,1419.4,-7027.0,0
2026-04-09T08:17:16.287580+00:00,175.21,11.51,175.21,11.51,-95.8,436750259.3287082,10234.8,1416.6,-7025.5,0
2026-04-09T08:17:16.652031+00:00,175.22,11.56,175.22,11.56,-95.8,436750259.3287082,10232.7,1414.0,-7024.1,0
2026-04-09T08:17:17.019553+00:00,175.24,11.60,175.24,11.6,-95.8,436750259.3287082,10230.7,1411.4,-7022.7,0
2026-04-09T08:17:17.427744+00:00,175.26,11.65,175.26,11.65,-95.8,436750259.3287082,10228.4,1408.6,-7021.1,0
2026-04-09T08:17:17.796702+00:00,175.28,11.70,175.28,11.7,-95.8,436750259.3287082,10226.3,1406.0,-7019.7,0
2026-04-09T08:17:18.159386+00:00,175.29,11.74,175.29,11.74,-95.8,436750259.3287082,10224.2,1403.4,-7018.2,0
2026-04-09T08:17:18.567541+00:00,175.31,11.79,175.31,11.79,-95.8,436750259.3287082,10221.9,1400.6,-7016.6,0
2026-04-09T08:17:18.932300+00:00,175.33,11.84,175.33,11.84,-95.8,436750259.3287082,10219.8,1398.0,-7015.2,0
2026-04-09T08:17:19.299941+00:00,175.35,11.88,175.35,11.88,-95.8,436750259.3287082,10217.7,1395.4,-7013.7,0
2026-04-09T08:17:19.707970+00:00,175.37,11.93,175.37,11.93,-95.8,436750259.3287082,10215.3,1392.6,-7012.1,0
2026-04-09T08:17:20.076568+00:00,175.39,11.98,175.39,11.98,-95.8,436750259.3287082,10213.1,1390.0,-7010.6,0
2026-04-09T08:17:20.439832+00:00,175.40,12.02,175.4,12.02,-95.8,436750259.3287082,10211.0,1387.4,-7009.1,0
2026-04-09T08:17:20.911349+00:00,175.42,12.08,175.42,12.08,-95.8,436750208.5282258,10208.5,1384.6,-7007.5,0
2026-04-09T08:17:21.275545+00:00,175.44,12.13,175.44,12.13,-95.8,436750208.5282258,10206.0,1381.6,-7005.7,0
2026-04-09T08:17:21.643573+00:00,175.46,12.18,175.46,12.18,-95.8,436750208.5282258,10203.7,1379.0,-7004.2,0
2026-04-09T08:17:22.051869+00:00,175.48,12.23,175.48,12.23,-95.8,436750208.5282258,10201.3,1376.2,-7002.5,0
2026-04-09T08:17:22.419859+00:00,175.50,12.27,175.5,12.27,-95.8,436750208.5282258,10199.0,1373.6,-7000.9,0
2026-04-09T08:17:22.783907+00:00,175.52,12.32,175.52,12.32,-95.8,436750208.5282258,10196.8,1371.0,-6999.4,0
2026-04-09T08:17:23.191962+00:00,175.54,12.37,175.54,12.37,-95.8,436750208.5282258,10194.2,1368.2,-6997.6,0
2026-04-09T08:17:23.556581+00:00,175.56,12.42,175.56,12.42,-95.8,436750208.5282258,10191.9,1365.6,-6996.1,0
2026-04-09T08:17:23.923634+00:00,175.58,12.47,175.58,12.47,-95.8,436750208.5282258,10189.6,1363.0,-6994.5,0
2026-04-09T08:17:24.331487+00:00,175.60,12.52,175.6,12.52,-95.8,436750208.5282258,10187.0,1360.2,-6992.7,0
2026-04-09T08:17:24.700623+00:00,175.61,12.57,175.61,12.57,-95.8,436750208.5282258,10184.7,1357.7,-6991.1,0
2026-04-09T08:17:25.063424+00:00,175.63,12.61,175.63,12.61,-95.8,436750208.5282258,10182.4,1355.1,-6989.5,0
2026-04-09T08:17:25.471864+00:00,175.65,12.67,175.65,12.67,-95.8,436750208.5282258,10179.7,1352.2,-6987.7,0
2026-04-09T08:17:25.840903+00:00,175.67,12.72,175.67,12.72,-95.8,436750208.5282258,10177.3,1349.7,-6986.1,0
2026-04-09T08:17:26.203584+00:00,175.69,12.76,175.69,12.76,-95.8,436750208.5282258,10175.0,1347.1,-6984.4,0
2026-04-09T08:17:26.611976+00:00,175.71,12.82,175.71,12.82,-95.8,436750208.5282258,10172.3,1344.3,-6982.6,0
2026-04-09T08:17:26.975855+00:00,175.73,12.87,175.73,12.87,-95.8,436750208.5282258,10169.8,1341.7,-6980.9,0
2026-04-09T08:17:27.342529+00:00,175.75,12.91,175.75,12.91,-95.8,436750208.5282258,10167.4,1339.2,-6979.2,0
2026-04-09T08:17:27.746723+00:00,175.77,12.97,175.77,12.97,-95.8,436750208.5282258,10164.7,1336.3,-6977.4,0
2026-04-09T08:17:28.110666+00:00,175.79,13.02,175.79,13.02,-95.8,436750208.5282258,10162.2,1333.8,-6975.7,0
2026-04-09T08:17:28.474729+00:00,175.81,13.06,175.81,13.06,-95.8,436750208.5282258,10159.7,1331.2,-6974.0,0
2026-04-09T08:17:28.938522+00:00,175.83,13.12,175.83,13.12,-95.8,436750156.96519554,10157.0,1328.4,-6972.1,0
2026-04-09T08:17:29.302538+00:00,175.85,13.17,175.85,13.17,-95.8,436750156.96519554,10154.0,1325.5,-6970.0,0
2026-04-09T08:17:29.666512+00:00,175.87,13.22,175.87,13.22,-95.8,436750156.96519554,10151.5,1322.9,-6968.3,0
2026-04-09T08:17:30.070516+00:00,175.90,13.28,175.9,13.28,-95.8,436750156.96519554,10148.7,1320.1,-6966.4,0
2026-04-09T08:17:30.434502+00:00,175.92,13.33,175.92,13.33,-95.8,436750156.96519554,10146.1,1317.6,-6964.6,0
2026-04-09T08:17:30.798509+00:00,175.94,13.38,175.94,13.38,-95.8,436750156.96519554,10143.5,1315.1,-6962.8,0
2026-04-09T08:17:31.202512+00:00,175.96,13.43,175.96,13.43,-95.8,436750156.96519554,10140.6,1312.2,-6960.9,0
2026-04-09T08:17:31.562508+00:00,175.98,13.48,175.98,13.48,-95.8,436750156.96519554,10138.0,1309.7,-6959.1,0
2026-04-09T08:17:31.926509+00:00,176.00,13.53,176.0,13.53,-95.8,436750156.96519554,10135.4,1307.2,-6957.3,0
2026-04-09T08:17:32.335566+00:00,176.02,13.59,176.02,13.59,-95.8,436750156.96519554,10132.4,1304.4,-6955.2,0
2026-04-09T08:17:32.704046+00:00,176.04,13.64,176.04,13.64,-95.8,436750156.96519554,10129.8,1301.8,-6953.4,0
2026-04-09T08:17:33.070054+00:00,176.06,13.69,176.06,13.69,-95.8,436750156.96519554,10127.1,1299.3,-6951.5,0
2026-04-09T08:17:33.471914+00:00,176.08,13.74,176.08,13.74,-95.8,436750156.96519554,10124.0,1296.5,-6949.5,0
2026-04-09T08:17:33.839601+00:00,176.10,13.80,176.1,13.8,-95.8,436750156.96519554,10121.3,1293.9,-6947.6,0
2026-04-09T08:17:34.208660+00:00,176.12,13.85,176.12,13.85,-95.8,436750156.96519554,10118.5,1291.4,-6945.7,0
2026-04-09T08:17:34.615614+00:00,176.15,13.90,176.15,13.9,-95.8,436750156.96519554,10115.4,1288.6,-6943.6,0
2026-04-09T08:17:34.979897+00:00,176.17,13.95,176.17,13.95,-95.8,436750156.96519554,10112.6,1286.0,-6941.6,0
2026-04-09T08:17:35.347603+00:00,176.19,14.01,176.19,14.01,-95.8,436750156.96519554,10109.8,1283.4,-6939.7,0
2026-04-09T08:17:35.815586+00:00,176.21,14.06,176.21,14.06,-95.8,436750106.6462848,10106.6,1280.6,-6937.5,0
2026-04-09T08:17:36.179920+00:00,176.24,14.12,176.24,14.12,-95.8,436750106.6462848,10103.3,1277.7,-6935.3,0
2026-04-09T08:17:36.547921+00:00,176.26,14.18,176.26,14.18,-95.8,436750106.6462848,10100.4,1275.1,-6933.3,0
2026-04-09T08:17:36.955895+00:00,176.28,14.23,176.28,14.23,-95.8,436750106.6462848,10097.2,1272.3,-6931.1,0
2026-04-09T08:17:37.319584+00:00,176.30,14.29,176.3,14.29,-95.8,436750106.6462848,10094.3,1269.8,-6929.1,0
2026-04-09T08:17:37.687875+00:00,176.32,14.34,176.32,14.34,-95.8,436750106.6462848,10091.4,1267.2,-6927.0,0
2026-04-09T08:17:38.095409+00:00,176.35,14.40,176.35,14.4,-95.8,436750106.6462848,10088.1,1264.4,-6924.8,0
2026-04-09T08:17:38.459826+00:00,176.37,14.45,176.37,14.45,-95.8,436750106.6462848,10085.1,1261.9,-6922.7,0
2026-04-09T08:17:38.831734+00:00,176.39,14.50,176.39,14.5,-95.8,436750106.6462848,10082.1,1259.3,-6920.7,0
2026-04-09T08:17:39.241052+00:00,176.42,14.56,176.42,14.56,-95.8,436750106.6462848,10078.7,1256.5,-6918.4,0
2026-04-09T08:17:39.603896+00:00,176.44,14.62,176.44,14.62,-95.8,436750106.6462848,10075.7,1254.0,-6916.3,0
2026-04-09T08:17:39.971430+00:00,176.46,14.67,176.46,14.67,-95.8,436750106.6462848,10072.6,1251.4,-6914.2,0
2026-04-09T08:17:40.379885+00:00,176.48,14.73,176.48,14.73,-95.8,436750106.6462848,10069.2,1248.6,-6911.8,0
2026-04-09T08:17:40.743887+00:00,176.51,14.79,176.51,14.79,-95.8,436750106.6462848,10066.1,1246.1,-6909.7,0
2026-04-09T08:17:41.111908+00:00,176.53,14.84,176.53,14.84,-95.8,436750106.6462848,10062.9,1243.5,-6907.5,0
2026-04-09T08:17:41.520027+00:00,176.55,14.90,176.55,14.9,-95.8,436750106.6462848,10059.4,1240.7,-6905.1,0
2026-04-09T08:17:41.883809+00:00,176.58,14.95,176.58,14.95,-95.8,436750106.6462848,10056.3,1238.2,-6903.0,0
2026-04-09T08:17:42.311987+00:00,176.60,15.02,176.6,15.02,-95.8,436750054.3100367,10052.6,1235.2,-6900.4,0
2026-04-09T08:17:42.720728+00:00,176.63,15.08,176.63,15.08,-95.8,436750054.3100367,10049.0,1232.4,-6897.9,0
2026-04-09T08:17:43.091786+00:00,176.65,15.14,176.65,15.14,-95.8,436750054.3100367,10045.7,1229.9,-6895.7,0
2026-04-09T08:17:43.451651+00:00,176.67,15.19,176.67,15.19,-95.8,436750054.3100367,10042.5,1227.4,-6893.5,0
2026-04-09T08:17:43.859889+00:00,176.70,15.25,176.7,15.25,-95.8,436750054.3100367,10038.8,1224.6,-6891.0,0
2026-04-09T08:17:44.227417+00:00,176.72,15.31,176.72,15.31,-95.8,436750054.3100367,10035.5,1222.0,-6888.7,0
2026-04-09T08:17:44.596778+00:00,176.75,15.36,176.75,15.36,-95.8,436750054.3100367,10032.1,1219.5,-6886.4,0
2026-04-09T08:17:45.003603+00:00,176.77,15.43,176.77,15.43,-95.8,436750054.3100367,10028.4,1216.7,-6883.8,0
2026-04-09T08:17:45.367986+00:00,176.80,15.48,176.8,15.48,-95.8,436750054.3100367,10025.1,1214.2,-6881.5,0
2026-04-09T08:17:45.739591+00:00,176.82,15.54,176.82,15.54,-95.8,436750054.3100367,10021.6,1211.7,-6879.2,0
2026-04-09T08:17:46.147934+00:00,176.85,15.60,176.85,15.6,-95.8,436750054.3100367,10017.8,1208.9,-6876.6,0
2026-04-09T08:17:46.515495+00:00,176.87,15.66,176.87,15.66,-95.8,436750054.3100367,10014.4,1206.3,-6874.2,0
2026-04-09T08:17:46.884742+00:00,176.89,15.72,176.89,15.72,-95.8,436750054.3100367,10010.9,1203.8,-6871.8,0
2026-04-09T08:17:47.287666+00:00,176.92,15.78,176.92,15.78,-95.8,436750054.3100367,10007.0,1201.0,-6869.1,0
2026-04-09T08:17:47.655883+00:00,176.94,15.84,176.94,15.84,-95.8,436750054.3100367,10003.4,1198.5,-6866.7,0
2026-04-09T08:17:48.083900+00:00,176.97,15.91,176.97,15.91,-95.8,436750001.2368488,9999.3,1195.5,-6863.8,0
2026-04-09T08:17:48.491608+00:00,177.00,15.97,177.0,15.97,-95.8,436750001.2368488,9995.3,1192.7,-6861.1,0
2026-04-09T08:17:48.855373+00:00,177.02,16.03,177.02,16.03,-95.8,436750001.2368488,9991.7,1190.2,-6858.6,0
2026-04-09T08:17:49.223571+00:00,177.05,16.09,177.05,16.09,-95.8,436750001.2368488,9988.1,1187.7,-6856.1,0
2026-04-09T08:17:49.631594+00:00,177.08,16.15,177.08,16.15,-95.8,436750001.2368488,9984.0,1184.9,-6853.3,0
2026-04-09T08:17:49.995679+00:00,177.10,16.21,177.1,16.21,-95.8,436750001.2368488,9980.4,1182.4,-6850.8,0
2026-04-09T08:17:50.363362+00:00,177.13,16.27,177.13,16.27,-95.8,436750001.2368488,9976.6,1179.9,-6848.3,0
2026-04-09T08:17:50.771876+00:00,177.15,16.33,177.15,16.33,-95.8,436750001.2368488,9972.5,1177.1,-6845.4,0
2026-04-09T08:17:51.135867+00:00,177.18,16.39,177.18,16.39,-95.8,436750001.2368488,9968.7,1174.6,-6842.9,0
2026-04-09T08:17:51.503898+00:00,177.21,16.45,177.21,16.45,-95.8,436750001.2368488,9964.9,1172.1,-6840.3,0
2026-04-09T08:17:51.911887+00:00,177.23,16.52,177.23,16.52,-95.8,436750001.2368488,9960.7,1169.3,-6837.3,0
2026-04-09T08:17:52.277019+00:00,177.26,16.58,177.26,16.58,-95.8,436750001.2368488,9956.9,1166.8,-6834.7,0
2026-04-09T08:17:52.643961+00:00,177.28,16.64,177.28,16.64,-95.8,436750001.2368488,9953.0,1164.3,-6832.1,0
2026-04-09T08:17:53.111557+00:00,177.31,16.71,177.31,16.71,-95.8,436749948.6879125,9948.7,1161.5,-6829.1,0
2026-04-09T08:17:53.479534+00:00,177.34,16.78,177.34,16.78,-95.8,436749948.6879125,9944.1,1158.6,-6825.9,0
2026-04-09T08:17:53.843914+00:00,177.37,16.84,177.37,16.84,-95.8,436749948.6879125,9940.1,1156.1,-6823.2,0
2026-04-09T08:17:54.251877+00:00,177.40,16.90,177.4,16.9,-95.8,436749948.6879125,9935.7,1153.3,-6820.2,0
2026-04-09T08:17:54.615919+00:00,177.43,16.97,177.43,16.97,-95.8,436749948.6879125,9931.7,1150.8,-6817.5,0
2026-04-09T08:17:54.983935+00:00,177.45,17.03,177.45,17.03,-95.8,436749948.6879125,9927.7,1148.3,-6814.7,0
2026-04-09T08:17:55.391899+00:00,177.48,17.10,177.48,17.1,-95.8,436749948.6879125,9923.1,1145.5,-6811.5,0
2026-04-09T08:17:55.755864+00:00,177.51,17.16,177.51,17.16,-95.8,436749948.6879125,9919.1,1143.1,-6808.8,0
2026-04-09T08:17:56.123576+00:00,177.54,17.22,177.54,17.22,-95.8,436749948.6879125,9914.9,1140.6,-6805.9,0
2026-04-09T08:17:56.532341+00:00,177.57,17.29,177.57,17.29,-95.8,436749948.6879125,9910.3,1137.8,-6802.7,0
2026-04-09T08:17:56.895870+00:00,177.59,17.35,177.59,17.35,-95.8,436749948.6879125,9906.1,1135.3,-6799.9,0
2026-04-09T08:17:57.263892+00:00,177.62,17.41,177.62,17.41,-95.8,436749948.6879125,9901.9,1132.8,-6797.0,0
2026-04-09T08:17:57.731604+00:00,177.65,17.48,177.65,17.48,-95.8,436749897.1191915,9897.1,1130.0,-6793.7,0
2026-04-09T08:17:58.100684+00:00,177.68,17.56,177.68,17.56,-95.8,436749897.1191915,9892.1,1127.1,-6790.3,0
2026-04-09T08:17:58.462560+00:00,177.71,17.62,177.71,17.62,-95.8,436749897.1191915,9887.8,1124.7,-6787.3,0
2026-04-09T08:17:58.866542+00:00,177.74,17.69,177.74,17.69,-95.8,436749897.1191915,9883.0,1121.9,-6784.0,0
2026-04-09T08:17:59.230530+00:00,177.77,17.76,177.77,17.76,-95.8,436749897.1191915,9878.7,1119.5,-6781.1,0
2026-04-09T08:17:59.594593+00:00,177.80,17.82,177.8,17.82,-95.8,436749897.1191915,9874.3,1117.0,-6778.0,0
2026-04-09T08:17:59.998510+00:00,177.83,17.89,177.83,17.89,-95.8,436749897.1191915,9869.4,1114.2,-6774.7,0
2026-04-09T08:18:00.362519+00:00,177.86,17.95,177.86,17.95,-95.8,436749897.1191915,9865.0,1111.8,-6771.6,0
2026-04-09T08:18:00.726499+00:00,177.89,18.02,177.89,18.02,-95.8,436749897.1191915,9860.5,1109.3,-6768.5,0
2026-04-09T08:18:01.130520+00:00,177.92,18.09,177.92,18.09,-95.8,436749897.1191915,9855.5,1106.6,-6765.1,0
2026-04-09T08:18:01.490545+00:00,177.95,18.16,177.95,18.16,-95.8,436749897.1191915,9850.9,1104.1,-6762.0,0
2026-04-09T08:18:01.855228+00:00,177.98,18.22,177.98,18.22,-95.8,436749897.1191915,9846.3,1101.7,-6758.8,0
2026-04-09T08:18:02.322514+00:00,178.01,18.29,178.01,18.29,-95.8,436749841.2170364,9841.2,1098.9,-6755.3,0
2026-04-09T08:18:02.686512+00:00,178.04,18.37,178.04,18.37,-95.8,436749841.2170364,9835.8,1096.1,-6751.6,0
2026-04-09T08:18:03.046516+00:00,178.07,18.44,178.07,18.44,-95.8,436749841.2170364,9831.1,1093.6,-6748.4,0
2026-04-09T08:18:03.455928+00:00,178.10,18.51,178.1,18.51,-95.8,436749841.2170364,9825.9,1090.9,-6744.8,0
2026-04-09T08:18:03.827307+00:00,178.13,18.58,178.13,18.58,-95.8,436749841.2170364,9821.1,1088.4,-6741.5,0
2026-04-09T08:18:04.186508+00:00,178.16,18.64,178.16,18.64,-95.8,436749841.2170364,9816.3,1086.0,-6738.2,0
2026-04-09T08:18:04.590514+00:00,178.20,18.72,178.2,18.72,-95.8,436749841.2170364,9810.9,1083.2,-6734.5,0
2026-04-09T08:18:04.954509+00:00,178.23,18.79,178.23,18.79,-95.8,436749841.2170364,9806.0,1080.8,-6731.2,0
2026-04-09T08:18:05.318538+00:00,178.26,18.85,178.26,18.85,-95.8,436749841.2170364,9801.1,1078.3,-6727.8,0
2026-04-09T08:18:05.722591+00:00,178.29,18.93,178.29,18.93,-95.8,436749841.2170364,9795.7,1075.6,-6724.1,0
2026-04-09T08:18:06.086618+00:00,178.32,19.00,178.32,19.0,-95.8,436749841.2170364,9790.7,1073.2,-6720.7,0
2026-04-09T08:18:06.510527+00:00,178.36,19.08,178.36,19.08,-95.8,436749787.5989682,9784.9,1070.3,-6716.6,0
2026-04-09T08:18:06.914507+00:00,178.39,19.15,178.39,19.15,-95.8,436749787.5989682,9779.3,1067.6,-6712.8,0
2026-04-09T08:18:07.278524+00:00,178.42,19.22,178.42,19.22,-95.8,436749787.5989682,9774.1,1065.1,-6709.3,0
2026-04-09T08:18:07.642499+00:00,178.46,19.29,178.46,19.29,-95.8,436749787.5989682,9769.0,1062.7,-6705.7,0
2026-04-09T08:18:08.046508+00:00,178.49,19.37,178.49,19.37,-95.8,436749787.5989682,9763.3,1060.0,-6701.8,0
2026-04-09T08:18:08.410507+00:00,178.52,19.44,178.52,19.44,-95.8,436749787.5989682,9758.0,1057.5,-6698.2,0
2026-04-09T08:18:08.774537+00:00,178.55,19.51,178.55,19.51,-95.8,436749787.5989682,9752.8,1055.1,-6694.6,0
2026-04-09T08:18:09.179961+00:00,178.59,19.58,178.59,19.58,-95.8,436749787.5989682,9747.0,1052.4,-6690.6,0
2026-04-09T08:18:09.548220+00:00,178.62,19.65,178.62,19.65,-95.8,436749787.5989682,9741.6,1050.0,-6686.9,0
2026-04-09T08:18:09.917067+00:00,178.65,19.73,178.65,19.73,-95.8,436749787.5989682,9736.2,1047.5,-6683.2,0
2026-04-09T08:18:10.383937+00:00,178.69,19.81,178.69,19.81,-95.8,436749730.1653154,9730.2,1044.8,-6679.1,0
2026-04-09T08:18:10.752633+00:00,178.73,19.89,178.73,19.89,-95.8,436749730.1653154,9723.7,1041.9,-6674.7,0
2026-04-09T08:18:11.115859+00:00,178.76,19.96,178.76,19.96,-95.8,436749730.1653154,9718.2,1039.5,-6670.9,0
2026-04-09T08:18:11.525095+00:00,178.80,20.04,178.8,20.04,-95.8,436749730.1653154,9712.0,1036.8,-6666.6,0
2026-04-09T08:18:11.886523+00:00,178.83,20.12,178.83,20.12,-95.8,436749730.1653154,9706.4,1034.3,-6662.8,0
2026-04-09T08:18:12.250509+00:00,178.87,20.19,178.87,20.19,-95.8,436749730.1653154,9700.7,1031.9,-6658.9,0
2026-04-09T08:18:12.654517+00:00,178.91,20.27,178.91,20.27,-95.8,436749730.1653154,9694.4,1029.2,-6654.6,0
2026-04-09T08:18:13.018515+00:00,178.94,20.34,178.94,20.34,-95.8,436749730.1653154,9688.7,1026.8,-6650.7,0
2026-04-09T08:18:13.382540+00:00,178.97,20.42,178.97,20.42,-95.8,436749730.1653154,9683.0,1024.4,-6646.7,0
2026-04-09T08:18:13.846592+00:00,179.01,20.50,179.01,20.5,-95.8,436749676.5529378,9676.6,1021.7,-6642.3,0
2026-04-09T08:18:14.210551+00:00,179.05,20.58,179.05,20.58,-95.8,436749676.5529378,9669.7,1018.9,-6637.6,0
2026-04-09T08:18:14.574522+00:00,179.09,20.66,179.09,20.66,-95.8,436749676.5529378,9663.9,1016.5,-6633.6,0
2026-04-09T08:18:14.978511+00:00,179.13,20.74,179.13,20.74,-95.8,436749676.5529378,9657.3,1013.8,-6629.1,0
2026-04-09T08:18:15.342534+00:00,179.16,20.82,179.16,20.82,-95.8,436749676.5529378,9651.3,1011.4,-6624.9,0
2026-04-09T08:18:15.706523+00:00,179.20,20.89,179.2,20.89,-95.8,436749676.5529378,9645.2,1009.0,-6620.8,0
2026-04-09T08:18:16.110581+00:00,179.24,20.97,179.24,20.97,-95.8,436749676.5529378,9638.5,1006.3,-6616.2,0
2026-04-09T08:18:16.474547+00:00,179.27,21.05,179.27,21.05,-95.8,436749676.5529378,9632.4,1003.9,-6612.0,0
2026-04-09T08:18:16.839881+00:00,179.31,21.13,179.31,21.13,-95.8,436749676.5529378,9626.2,1001.5,-6607.7,0
2026-04-09T08:18:17.308286+00:00,179.35,21.21,179.35,21.21,-95.8,436749619.2942727,9619.3,998.8,-6603.0,0
2026-04-09T08:18:17.675383+00:00,179.39,21.30,179.39,21.3,-95.8,436749619.2942727,9611.9,996.0,-6597.9,0
2026-04-09T08:18:18.043694+00:00,179.43,21.38,179.43,21.38,-95.8,436749619.2942727,9605.5,993.5,-6593.5,0
2026-04-09T08:18:18.453055+00:00,179.47,21.47,179.47,21.47,-95.8,436749619.2942727,9598.4,990.9,-6588.7,0
2026-04-09T08:18:18.815884+00:00,179.51,21.54,179.51,21.54,-95.8,436749619.2942727,9592.0,988.5,-6584.2,0
2026-04-09T08:18:19.184014+00:00,179.54,21.62,179.54,21.62,-95.8,436749619.2942727,9585.4,986.0,-6579.7,0
2026-04-09T08:18:19.588180+00:00,179.59,21.71,179.59,21.71,-95.8,436749619.2942727,9578.2,983.4,-6574.8,0
2026-04-09T08:18:19.960916+00:00,179.62,21.79,179.62,21.79,-95.8,436749619.2942727,9571.5,981.0,-6570.2,0
2026-04-09T08:18:20.387629+00:00,179.67,21.88,179.67,21.88,-95.8,436749567.29448456,9563.7,978.1,-6564.8,0
2026-04-09T08:18:20.794455+00:00,179.71,21.97,179.71,21.97,-95.8,436749567.29448456,9556.2,975.5,-6559.7,0
2026-04-09T08:18:21.160634+00:00,179.75,22.05,179.75,22.05,-95.8,436749567.29448456,9549.4,973.1,-6555.0,0
2026-04-09T08:18:21.527643+00:00,179.79,22.13,179.79,22.13,-95.8,436749567.29448456,9542.5,970.6,-6550.3,0
2026-04-09T08:18:21.935927+00:00,179.83,22.22,179.83,22.22,-95.8,436749567.29448456,9534.9,968.0,-6545.1,0
2026-04-09T08:18:22.299885+00:00,179.87,22.31,179.87,22.31,-95.8,436749567.29448456,9527.9,965.6,-6540.3,0
2026-04-09T08:18:22.667571+00:00,179.91,22.39,179.91,22.39,-95.8,436749567.29448456,9520.9,963.2,-6535.4,0
2026-04-09T08:18:23.135602+00:00,179.96,22.48,179.96,22.48,-95.8,436749513.0020737,9513.0,960.5,-6530.0,0
2026-04-09T08:18:23.504681+00:00,180.00,22.58,180.0,22.58,-95.8,436749513.0020737,9504.7,957.7,-6524.3,0
2026-04-09T08:18:23.867400+00:00,180.04,22.66,180.04,22.66,-95.8,436749513.0020737,9497.6,955.4,-6519.4,0
2026-04-09T08:18:24.275595+00:00,180.09,22.75,180.09,22.75,-95.8,436749513.0020737,9489.5,952.7,-6513.9,0
2026-04-09T08:18:24.639921+00:00,180.13,22.83,180.13,22.83,-95.8,436749513.0020737,9482.1,950.3,-6508.9,0
2026-04-09T08:18:25.007669+00:00,180.17,22.92,180.17,22.92,-95.8,436749513.0020737,9474.8,947.9,-6503.8,0
2026-04-09T08:18:25.415631+00:00,180.22,23.01,180.22,23.01,-95.8,436749513.0020737,9466.6,945.3,-6498.2,0
2026-04-09T08:18:25.783580+00:00,180.26,23.10,180.26,23.1,-95.8,436749513.0020737,9459.1,942.9,-6493.1,0
2026-04-09T08:18:26.207624+00:00,180.31,23.20,180.31,23.2,-95.8,436749454.4011252,9450.3,940.1,-6487.0,0
2026-04-09T08:18:26.615875+00:00,180.36,23.29,180.36,23.29,-95.8,436749454.4011252,9441.8,937.5,-6481.2,0
2026-04-09T08:18:26.984352+00:00,180.40,23.38,180.4,23.38,-95.8,436749454.4011252,9434.1,935.1,-6475.9,0
2026-04-09T08:18:27.347964+00:00,180.44,23.46,180.44,23.46,-95.8,436749454.4011252,9426.4,932.7,-6470.6,0
2026-04-09T08:18:27.755953+00:00,180.49,23.56,180.49,23.56,-95.8,436749454.4011252,9417.8,930.1,-6464.7,0
2026-04-09T08:18:28.127693+00:00,180.53,23.65,180.53,23.65,-95.8,436749454.4011252,9409.9,927.7,-6459.2,0
2026-04-09T08:18:28.491869+00:00,180.58,23.73,180.58,23.73,-95.8,436749454.4011252,9401.9,925.4,-6453.8,0
2026-04-09T08:18:28.959864+00:00,180.63,23.83,180.63,23.83,-95.8,436749392.9925495,9393.0,922.7,-6447.7,0
2026-04-09T08:18:29.327896+00:00,180.68,23.93,180.68,23.93,-95.8,436749392.9925495,9383.6,920.0,-6441.2,0
2026-04-09T08:18:29.696953+00:00,180.72,24.02,180.72,24.02,-95.8,436749392.9925495,9375.5,917.6,-6435.6,0
2026-04-09T08:18:30.099846+00:00,180.77,24.12,180.77,24.12,-95.8,436749392.9925495,9366.4,915.0,-6429.4,0
2026-04-09T08:18:30.467876+00:00,180.82,24.21,180.82,24.21,-95.8,436749392.9925495,9358.0,912.6,-6423.7,0
2026-04-09T08:18:30.832656+00:00,180.87,24.30,180.87,24.3,-95.8,436749392.9925495,9349.7,910.3,-6417.9,0
2026-04-09T08:18:31.298521+00:00,180.92,24.40,180.92,24.4,-95.8,436749340.3916859,9340.4,907.7,-6411.5,0
2026-04-09T08:18:31.662519+00:00,180.97,24.51,180.97,24.51,-95.8,436749340.3916859,9330.5,904.9,-6404.7,0
2026-04-09T08:18:32.026522+00:00,181.02,24.60,181.02,24.6,-95.8,436749340.3916859,9322.0,902.6,-6398.9,0
2026-04-09T08:18:32.430541+00:00,181.07,24.70,181.07,24.7,-95.8,436749340.3916859,9312.5,900.0,-6392.4,0
2026-04-09T08:18:32.794529+00:00,181.12,24.79,181.12,24.79,-95.8,436749340.3916859,9303.8,897.7,-6386.4,0
2026-04-09T08:18:33.158552+00:00,181.16,24.88,181.16,24.88,-95.8,436749340.3916859,9295.2,895.4,-6380.5,0
2026-04-09T08:18:33.622536+00:00,181.22,24.98,181.22,24.98,-95.8,436749285.4498289,9285.4,892.8,-6373.8,0
2026-04-09T08:18:33.986523+00:00,181.27,25.09,181.27,25.09,-95.8,436749285.4498289,9275.0,890.1,-6366.7,0
2026-04-09T08:18:34.350519+00:00,181.32,25.18,181.32,25.18,-95.8,436749285.4498289,9266.2,887.8,-6360.6,0
2026-04-09T08:18:34.758494+00:00,181.37,25.29,181.37,25.29,-95.8,436749285.4498289,9256.2,885.2,-6353.7,0
2026-04-09T08:18:35.118611+00:00,181.42,25.38,181.42,25.38,-95.8,436749285.4498289,9247.1,882.9,-6347.5,0
2026-04-09T08:18:35.482532+00:00,181.47,25.48,181.47,25.48,-95.8,436749285.4498289,9237.9,880.6,-6341.2,0
2026-04-09T08:18:35.949016+00:00,181.53,25.58,181.53,25.58,-95.8,436749227.63703614,9227.6,878.1,-6334.1,0
2026-04-09T08:18:36.319176+00:00,181.59,25.69,181.59,25.69,-95.8,436749227.63703614,9216.6,875.3,-6326.6,0
2026-04-09T08:18:36.682978+00:00,181.64,25.79,181.64,25.79,-95.8,436749227.63703614,9207.1,873.0,-6320.1,0
2026-04-09T08:18:37.090999+00:00,181.69,25.90,181.69,25.9,-95.8,436749227.63703614,9196.5,870.4,-6312.8,0
2026-04-09T08:18:37.454939+00:00,181.74,26.00,181.74,26.0,-95.8,436749227.63703614,9186.9,868.1,-6306.2,0
2026-04-09T08:18:37.821798+00:00,181.80,26.09,181.8,26.09,-95.8,436749227.63703614,9177.2,865.8,-6299.5,0
2026-04-09T08:18:38.298583+00:00,181.86,26.20,181.86,26.2,-95.8,436749166.19858444,9166.2,863.2,-6292.0,0
2026-04-09T08:18:38.663684+00:00,181.92,26.32,181.92,26.32,-95.8,436749166.19858444,9154.6,860.5,-6284.0,0
2026-04-09T08:18:39.027669+00:00,181.97,26.42,181.97,26.42,-95.8,436749166.19858444,9144.7,858.3,-6277.2,0
2026-04-09T08:18:39.430575+00:00,182.03,26.53,182.03,26.53,-95.8,436749166.19858444,9133.5,855.7,-6269.6,0
2026-04-09T08:18:39.798753+00:00,182.08,26.63,182.08,26.63,-95.8,436749166.19858444,9123.5,853.4,-6262.6,0
2026-04-09T08:18:40.158517+00:00,182.14,26.73,182.14,26.73,-95.8,436749166.19858444,9113.2,851.1,-6255.6,0
2026-04-09T08:18:40.623209+00:00,182.20,26.84,182.2,26.84,-95.8,436749101.77822924,9101.8,848.6,-6247.8,0
2026-04-09T08:18:40.991683+00:00,182.26,26.96,182.26,26.96,-95.8,436749101.77822924,9089.7,846.0,-6239.5,0
2026-04-09T08:18:41.355691+00:00,182.32,27.06,182.32,27.06,-95.8,436749101.77822924,9079.3,843.7,-6232.3,0
2026-04-09T08:18:41.763609+00:00,182.38,27.17,182.38,27.17,-95.8,436749101.77822924,9067.5,841.2,-6224.2,0
2026-04-09T08:18:42.127773+00:00,182.43,27.28,182.43,27.28,-95.8,436749101.77822924,9056.7,838.9,-6216.8,0
2026-04-09T08:18:42.555580+00:00,182.50,27.40,182.5,27.4,-95.8,436749050.13339585,9044.2,836.2,-6208.2,0
2026-04-09T08:18:42.963581+00:00,182.56,27.51,182.56,27.51,-95.8,436749050.13339585,9032.0,833.7,-6199.9,0
2026-04-09T08:18:43.327713+00:00,182.62,27.62,182.62,27.62,-95.8,436749050.13339585,9021.0,831.4,-6192.3,0
2026-04-09T08:18:43.695905+00:00,182.68,27.72,182.68,27.72,-95.8,436749050.13339585,9010.0,829.2,-6184.7,0
2026-04-09T08:18:44.163622+00:00,182.74,27.84,182.74,27.84,-95.8,436748997.50905836,8997.5,826.6,-6176.2,0
2026-04-09T08:18:44.531877+00:00,182.81,27.96,182.81,27.96,-95.8,436748997.50905836,8984.3,824.0,-6167.1,0
2026-04-09T08:18:44.899915+00:00,182.87,28.07,182.87,28.07,-95.8,436748997.50905836,8973.0,821.8,-6159.4,0
2026-04-09T08:18:45.303768+00:00,182.94,28.19,182.94,28.19,-95.8,436748997.50905836,8960.2,819.2,-6150.6,0
2026-04-09T08:18:45.671580+00:00,183.00,28.30,183.0,28.3,-95.8,436748997.50905836,8948.5,817.0,-6142.6,0
2026-04-09T08:18:46.103612+00:00,183.07,28.42,183.07,28.42,-95.8,436748941.3081438,8934.8,814.4,-6133.2,0
2026-04-09T08:18:46.511916+00:00,183.14,28.55,183.14,28.55,-95.8,436748941.3081438,8921.5,811.8,-6124.0,0
2026-04-09T08:18:46.879588+00:00,183.20,28.65,183.2,28.65,-95.8,436748941.3081438,8909.7,809.6,-6115.9,0
2026-04-09T08:18:47.243402+00:00,183.26,28.77,183.26,28.77,-95.8,436748941.3081438,8897.6,807.4,-6107.6,0
2026-04-09T08:18:47.715937+00:00,183.33,28.89,183.33,28.89,-95.8,436748884.1092305,8884.1,804.9,-6098.3,0
2026-04-09T08:18:48.080101+00:00,183.41,29.02,183.41,29.02,-95.8,436748884.1092305,8869.8,802.3,-6088.5,0
2026-04-09T08:18:48.447866+00:00,183.47,29.13,183.47,29.13,-95.8,436748884.1092305,8857.4,800.0,-6080.0,0
2026-04-09T08:18:48.855660+00:00,183.54,29.26,183.54,29.26,-95.8,436748884.1092305,8843.5,797.5,-6070.4,0
2026-04-09T08:18:49.220215+00:00,183.61,29.37,183.61,29.37,-95.8,436748884.1092305,8831.0,795.3,-6061.9,0
2026-04-09T08:18:49.647918+00:00,183.68,29.50,183.68,29.5,-95.8,436748823.108248,8816.1,792.7,-6051.7,0
2026-04-09T08:18:50.060446+00:00,183.76,29.63,183.76,29.63,-95.8,436748823.108248,8801.8,790.3,-6041.9,0
2026-04-09T08:18:50.424600+00:00,183.82,29.74,183.82,29.74,-95.8,436748823.108248,8788.8,788.0,-6032.9,0
2026-04-09T08:18:50.791628+00:00,183.89,29.86,183.89,29.86,-95.8,436748823.108248,8775.9,785.9,-6024.0,0
2026-04-09T08:18:51.259616+00:00,183.97,29.98,183.97,29.98,-95.8,436748761.1704413,8761.2,783.4,-6014.0,0
2026-04-09T08:18:51.623909+00:00,184.05,30.12,184.05,30.12,-95.8,436748761.1704413,8745.6,780.8,-6003.3,0
2026-04-09T08:18:51.991641+00:00,184.12,30.24,184.12,30.24,-95.8,436748761.1704413,8732.1,778.6,-5994.0,0
2026-04-09T08:18:52.399481+00:00,184.19,30.37,184.19,30.37,-95.8,436748761.1704413,8717.2,776.2,-5983.8,0
2026-04-09T08:18:52.764045+00:00,184.26,30.49,184.26,30.49,-95.8,436748761.1704413,8703.3,774.0,-5974.2,0
2026-04-09T08:18:53.191385+00:00,184.34,30.62,184.34,30.62,-95.8,436748694.9504162,8687.4,771.4,-5963.3,0
2026-04-09T08:18:53.599892+00:00,184.42,30.76,184.42,30.76,-95.8,436748694.9504162,8671.8,769.0,-5952.6,0
2026-04-09T08:18:53.967424+00:00,184.50,30.88,184.5,30.88,-95.8,436748694.9504162,8657.7,766.8,-5942.9,0
2026-04-09T08:18:54.331862+00:00,184.57,31.00,184.57,31.0,-95.8,436748694.9504162,8643.6,764.7,-5933.3,0
2026-04-09T08:18:54.800258+00:00,184.65,31.13,184.65,31.13,-95.8,436748627.6697953,8627.7,762.2,-5922.3,0
2026-04-09T08:18:55.172220+00:00,184.74,31.27,184.74,31.27,-95.8,436748627.6697953,8610.8,759.7,-5910.7,0
2026-04-09T08:18:55.536638+00:00,184.81,31.40,184.81,31.4,-95.8,436748627.6697953,8596.1,757.5,-5900.7,0
2026-04-09T08:18:55.943918+00:00,184.89,31.53,184.89,31.53,-95.8,436748627.6697953,8579.9,755.2,-5889.5,0
2026-04-09T08:18:56.307876+00:00,184.97,31.66,184.97,31.66,-95.8,436748627.6697953,8564.8,753.0,-5879.2,0
2026-04-09T08:18:56.741451+00:00,185.06,31.80,185.06,31.8,-95.8,436748555.6851362,8547.4,750.5,-5867.2,0
2026-04-09T08:18:57.147614+00:00,185.14,31.94,185.14,31.94,-95.8,436748555.6851362,8530.6,748.1,-5855.6,0
2026-04-09T08:18:57.511575+00:00,185.22,32.07,185.22,32.07,-95.8,436748555.6851362,8515.2,745.9,-5845.1,0
2026-04-09T08:18:57.939566+00:00,185.31,32.22,185.31,32.22,-95.8,436748505.6656962,8497.1,743.4,-5832.7,0
2026-04-09T08:18:58.347554+00:00,185.40,32.36,185.4,32.36,-95.8,436748505.6656962,8479.8,741.1,-5820.8,0
2026-04-09T08:18:58.716669+00:00,185.48,32.48,185.48,32.48,-95.8,436748505.6656962,8464.2,738.9,-5810.1,0
2026-04-09T08:18:59.139376+00:00,185.58,32.63,185.58,32.63,-95.8,436748454.13254195,8445.6,736.5,-5797.3,0
2026-04-09T08:18:59.547555+00:00,185.67,32.78,185.67,32.78,-95.8,436748454.13254195,8427.7,734.1,-5785.1,0
2026-04-09T08:18:59.915188+00:00,185.75,32.91,185.75,32.91,-95.8,436748454.13254195,8411.5,732.0,-5773.9,0
2026-04-09T08:19:00.347554+00:00,185.85,33.06,185.85,33.06,-95.8,436748401.39439136,8392.5,729.5,-5760.9,0
2026-04-09T08:19:00.751848+00:00,185.94,33.20,185.94,33.2,-95.8,436748401.39439136,8374.1,727.2,-5748.3,0
2026-04-09T08:19:01.120421+00:00,186.02,33.34,186.02,33.34,-95.8,436748401.39439136,8357.4,725.1,-5736.8,0
2026-04-09T08:19:01.543599+00:00,186.12,33.49,186.12,33.49,-95.8,436748346.8124683,8337.8,722.6,-5723.3,0
2026-04-09T08:19:01.951619+00:00,186.22,33.64,186.22,33.64,-95.8,436748346.8124683,8318.8,720.3,-5710.3,0
2026-04-09T08:19:02.319899+00:00,186.31,33.77,186.31,33.77,-95.8,436748346.8124683,8301.6,718.2,-5698.5,0
2026-04-09T08:19:02.749121+00:00,186.41,33.93,186.41,33.93,-95.8,436748290.9010659,8281.6,715.8,-5684.7,0
2026-04-09T08:19:03.157232+00:00,186.51,34.08,186.51,34.08,-95.8,436748290.9010659,8262.1,713.4,-5671.4,0
2026-04-09T08:19:03.518549+00:00,186.60,34.22,186.6,34.22,-95.8,436748290.9010659,8244.4,711.4,-5659.2,0
2026-04-09T08:19:03.942545+00:00,186.70,34.37,186.7,34.37,-95.8,436748233.40410453,8223.7,709.0,-5645.0,0
2026-04-09T08:19:04.346515+00:00,186.80,34.53,186.8,34.53,-95.8,436748233.40410453,8203.9,706.7,-5631.4,0
2026-04-09T08:19:04.710568+00:00,186.90,34.66,186.9,34.66,-95.8,436748233.40410453,8185.8,704.6,-5619.0,0
2026-04-09T08:19:05.134524+00:00,187.00,34.82,187.0,34.82,-95.8,436748174.5484991,8164.6,702.3,-5604.4,0
2026-04-09T08:19:05.538533+00:00,187.11,34.98,187.11,34.98,-95.8,436748174.5484991,8144.2,700.0,-5590.4,0
2026-04-09T08:19:05.902534+00:00,187.20,35.12,187.2,35.12,-95.8,436748174.5484991,8125.6,698.0,-5577.7,0
2026-04-09T08:19:06.326558+00:00,187.31,35.28,187.31,35.28,-95.8,436748113.9792951,8103.7,695.6,-5562.6,0
2026-04-09T08:19:06.730703+00:00,187.42,35.44,187.42,35.44,-95.8,436748113.9792951,8082.7,693.4,-5548.2,0
2026-04-09T08:19:07.094540+00:00,187.52,35.58,187.52,35.58,-95.8,436748113.9792951,8063.6,691.3,-5535.1,0
2026-04-09T08:19:07.518524+00:00,187.63,35.74,187.63,35.74,-95.8,436748051.63887453,8041.1,689.0,-5519.7,0
2026-04-09T08:19:07.922506+00:00,187.74,35.90,187.74,35.9,-95.8,436748051.63887453,8019.2,686.8,-5504.7,0
2026-04-09T08:19:08.287910+00:00,187.84,36.05,187.84,36.05,-95.8,436748051.63887453,7999.5,684.8,-5491.1,0
2026-04-09T08:19:08.715564+00:00,187.96,36.22,187.96,36.22,-95.8,436747987.389239,7976.4,682.4,-5475.2,0
2026-04-09T08:19:09.124134+00:00,188.08,36.38,188.08,36.38,-95.8,436747987.389239,7953.9,680.2,-5459.8,0
2026-04-09T08:19:09.491904+00:00,188.18,36.53,188.18,36.53,-95.8,436747987.389239,7933.6,678.2,-5445.9,0
2026-04-09T08:19:09.920929+00:00,188.30,36.70,188.3,36.7,-95.8,436747920.6655909,7909.5,675.9,-5429.4,0
2026-04-09T08:19:10.325361+00:00,188.42,36.86,188.42,36.86,-95.8,436747920.6655909,7886.4,673.7,-5413.5,0
2026-04-09T08:19:10.695353+00:00,188.53,37.01,188.53,37.01,-95.8,436747920.6655909,7865.3,671.7,-5399.0,0
2026-04-09T08:19:11.120030+00:00,188.66,37.19,188.66,37.19,-95.8,436747851.9928934,7840.5,669.4,-5382.0,0
2026-04-09T08:19:11.527938+00:00,188.78,37.36,188.78,37.36,-95.8,436747851.9928934,7816.6,667.2,-5365.6,0
2026-04-09T08:19:11.891403+00:00,188.89,37.51,188.89,37.51,-95.8,436747851.9928934,7795.1,665.2,-5350.8,0
2026-04-09T08:19:12.319557+00:00,189.02,37.69,189.02,37.69,-95.8,436747781.73036885,7769.7,662.9,-5333.4,0
2026-04-09T08:19:12.728229+00:00,189.15,37.86,189.15,37.86,-95.8,436747781.73036885,7745.1,660.8,-5316.5,0
2026-04-09T08:19:13.096063+00:00,189.26,38.01,189.26,38.01,-95.8,436747781.73036885,7722.8,658.8,-5301.1,0
2026-04-09T08:19:13.523865+00:00,189.40,38.19,189.4,38.19,-95.8,436747708.8636581,7696.4,656.5,-5283.1,0
2026-04-09T08:19:13.932926+00:00,189.53,38.36,189.53,38.36,-95.8,436747708.8636581,7671.4,654.4,-5265.9,0
2026-04-09T08:19:14.295923+00:00,189.65,38.52,189.65,38.52,-95.8,436747708.8636581,7648.4,652.5,-5250.1,0
2026-04-09T08:19:14.723832+00:00,189.79,38.70,189.79,38.7,-95.8,436747634.1389483,7621.4,650.2,-5231.6,0
2026-04-09T08:19:15.132805+00:00,189.92,38.88,189.92,38.88,-95.8,436747634.1389483,7595.4,648.1,-5213.7,0
2026-04-09T08:19:15.495897+00:00,190.04,39.04,190.04,39.04,-95.8,436747634.1389483,7571.9,646.2,-5197.6,0
2026-04-09T08:19:15.923898+00:00,190.19,39.22,190.19,39.22,-95.8,436747557.2005735,7544.1,644.0,-5178.5,0
2026-04-09T08:19:16.331887+00:00,190.33,39.40,190.33,39.4,-95.8,436747557.2005735,7517.3,641.9,-5160.1,0
2026-04-09T08:19:16.700927+00:00,190.46,39.57,190.46,39.57,-95.8,436747557.2005735,7492.9,640.0,-5143.3,0
2026-04-09T08:19:17.128994+00:00,190.60,39.75,190.6,39.75,-95.8,436747477.6487651,7464.5,637.8,-5123.9,0
2026-04-09T08:19:17.535878+00:00,190.75,39.93,190.75,39.93,-95.8,436747477.6487651,7436.9,635.7,-5104.9,0
2026-04-09T08:19:17.899860+00:00,190.88,40.10,190.88,40.1,-95.8,436747477.6487651,7411.8,633.9,-5087.7,0
2026-04-09T08:19:18.328197+00:00,191.04,40.29,191.04,40.29,-95.8,436747396.15857714,7382.2,631.7,-5067.4,0
2026-04-09T08:19:18.735561+00:00,191.19,40.47,191.19,40.47,-95.8,436747396.15857714,7353.8,629.6,-5047.9,0
2026-04-09T08:19:19.100168+00:00,191.32,40.64,191.32,40.64,-95.8,436747396.15857714,7328.0,627.8,-5030.2,0
2026-04-09T08:19:19.527565+00:00,191.48,40.83,191.48,40.83,-95.8,436747312.17588204,7297.9,625.6,-5009.5,0
2026-04-09T08:19:19.935565+00:00,191.64,41.02,191.64,41.02,-95.8,436747312.17588204,7268.6,623.6,-4989.4,0
2026-04-09T08:19:20.305175+00:00,191.78,41.19,191.78,41.19,-95.8,436747312.17588204,7242.0,621.8,-4971.1,0
2026-04-09T08:19:20.728401+00:00,191.94,41.39,191.94,41.39,-95.8,436747225.36137444,7211.0,619.7,-4949.9,0
2026-04-09T08:19:21.143594+00:00,192.10,41.58,192.1,41.58,-95.8,436747225.36137444,7180.9,617.6,-4929.2,0
2026-04-09T08:19:21.503907+00:00,192.25,41.75,192.25,41.75,-95.8,436747225.36137444,7153.6,615.8,-4910.5,0
2026-04-09T08:19:21.931596+00:00,192.42,41.95,192.42,41.95,-95.8,436747136.4896949,7121.3,613.7,-4888.3,0
2026-04-09T08:19:22.340034+00:00,192.59,42.14,192.59,42.14,-95.8,436747136.4896949,7090.3,611.7,-4867.0,0
2026-04-09T08:19:22.704017+00:00,192.74,42.32,192.74,42.32,-95.8,436747136.4896949,7062.1,610.0,-4847.7,0
2026-04-09T08:19:23.131610+00:00,192.92,42.52,192.92,42.52,-95.8,436747044.9071293,7029.3,607.9,-4825.1,0
2026-04-09T08:19:23.539561+00:00,193.09,42.71,193.09,42.71,-95.8,436747044.9071293,6997.4,605.9,-4803.2,0
2026-04-09T08:19:23.908658+00:00,193.25,42.89,193.25,42.89,-95.8,436747044.9071293,6968.4,604.2,-4783.3,0
2026-04-09T08:19:24.331581+00:00,193.43,43.09,193.43,43.09,-95.8,436746950.2935782,6934.6,602.2,-4760.1,0
2026-04-09T08:19:24.740032+00:00,193.61,43.29,193.61,43.29,-95.8,436746950.2935782,6901.8,600.2,-4737.6,0
2026-04-09T08:19:25.107739+00:00,193.78,43.47,193.78,43.47,-95.8,436746950.2935782,6871.9,598.5,-4717.1,0
2026-04-09T08:19:25.535893+00:00,193.97,43.68,193.97,43.68,-95.8,436746853.3788682,6837.1,596.5,-4693.2,0
2026-04-09T08:19:26.003715+00:00,194.16,43.88,194.16,43.88,-95.8,436746803.33951104,6803.3,594.6,-4670.0,0
2026-04-09T08:19:26.372630+00:00,194.36,44.09,194.36,44.09,-95.8,436746803.33951104,6767.3,592.6,-4645.3,0
2026-04-09T08:19:26.839377+00:00,194.56,44.30,194.56,44.3,-95.8,436746748.1067193,6731.5,590.6,-4620.7,0
2026-04-09T08:19:27.268643+00:00,194.75,44.50,194.75,44.5,-95.8,436746696.6930688,6696.7,588.7,-4596.8,0
2026-04-09T08:19:27.631540+00:00,194.96,44.72,194.96,44.72,-95.8,436746696.6930688,6659.8,586.8,-4571.5,0
2026-04-09T08:19:28.099627+00:00,195.19,44.95,195.19,44.95,-95.8,436746640.1820135,6619.1,584.6,-4543.6,0
2026-04-09T08:19:28.527545+00:00,195.37,45.14,195.37,45.14,-95.8,436746586.7616955,6586.8,583.0,-4521.4,0
2026-04-09T08:19:28.935556+00:00,195.58,45.35,195.58,45.35,-95.8,436746586.7616955,6548.8,581.0,-4495.3,0
2026-04-09T08:19:29.365038+00:00,195.82,45.59,195.82,45.59,-95.8,436746524.97611386,6506.9,578.9,-4466.5,0
2026-04-09T08:19:29.791306+00:00,196.01,45.78,196.01,45.78,-95.8,436746473.9949532,6474.0,577.3,-4444.0,0
2026-04-09T08:19:30.199945+00:00,196.26,46.02,196.26,46.02,-95.8,436746473.9949532,6431.1,575.2,-4414.5,0
2026-04-09T08:19:30.630116+00:00,196.49,46.24,196.49,46.24,-95.8,436746409.8826047,6391.6,573.3,-4387.4,0
2026-04-09T08:19:31.051670+00:00,196.68,46.43,196.68,46.43,-95.8,436746357.33935905,6357.3,571.7,-4363.9,0
2026-04-09T08:19:31.467410+00:00,196.94,46.67,196.94,46.67,-95.8,436746357.33935905,6313.3,569.7,-4333.7,0
2026-04-09T08:19:31.891193+00:00,197.18,46.89,197.18,46.89,-95.8,436746291.09016937,6272.6,567.9,-4305.7,0
2026-04-09T08:19:32.316089+00:00,197.39,47.09,197.39,47.09,-95.8,436746237.33694804,6237.3,566.3,-4281.5,0
2026-04-09T08:19:32.723997+00:00,197.65,47.33,197.65,47.33,-95.8,436746237.33694804,6192.0,564.3,-4250.4,0
2026-04-09T08:19:33.151375+00:00,197.90,47.56,197.9,47.56,-95.8,436746169.8678242,6150.2,562.5,-4221.7,0
2026-04-09T08:19:33.579576+00:00,198.12,47.75,198.12,47.75,-95.8,436746113.8305159,6113.8,560.9,-4196.7,0
2026-04-09T08:19:33.987896+00:00,198.40,48.00,198.4,48.0,-95.8,436746113.8305159,6067.2,559.0,-4164.7,0
2026-04-09T08:19:34.415892+00:00,198.66,48.22,198.66,48.22,-95.8,436746044.4272805,6024.5,557.2,-4135.4,0
2026-04-09T08:19:34.839715+00:00,198.89,48.42,198.89,48.42,-95.8,436745987.15865666,5987.2,555.7,-4109.8,0
2026-04-09T08:19:35.247904+00:00,199.18,48.67,199.18,48.67,-95.8,436745987.15865666,5939.2,553.8,-4076.9,0
2026-04-09T08:19:35.675538+00:00,199.45,48.90,199.45,48.9,-95.8,436745915.78538734,5894.9,552.0,-4046.5,0
2026-04-09T08:19:36.104248+00:00,199.69,49.10,199.69,49.1,-95.8,436745856.4844882,5856.5,550.5,-4020.1,0
2026-04-09T08:19:36.515394+00:00,199.99,49.35,199.99,49.35,-95.8,436745856.4844882,5807.2,548.7,-3986.2,0
2026-04-09T08:19:36.939872+00:00,200.28,49.58,200.28,49.58,-95.8,436745782.7079839,5761.6,547.0,-3955.0,0
2026-04-09T08:19:37.369124+00:00,200.52,49.78,200.52,49.78,-95.8,436745722.60719186,5722.6,545.5,-3928.2,0
2026-04-09T08:19:37.775683+00:00,200.85,50.04,200.85,50.04,-95.8,436745722.60719186,5671.9,543.7,-3893.4,0
2026-04-09T08:19:38.199571+00:00,201.14,50.27,201.14,50.27,-95.8,436745646.7013154,5625.0,542.0,-3861.2,0
2026-04-09T08:19:38.627943+00:00,201.41,50.47,201.41,50.47,-95.8,436745584.4736409,5584.5,540.6,-3833.4,0
2026-04-09T08:19:39.035898+00:00,201.74,50.73,201.74,50.73,-95.8,436745584.4736409,5532.4,538.8,-3797.6,0
2026-04-09T08:19:39.463693+00:00,202.05,50.96,202.05,50.96,-95.8,436745506.9697572,5484.3,537.2,-3764.6,0
2026-04-09T08:19:39.891379+00:00,202.33,51.17,202.33,51.17,-95.8,436745442.62089086,5442.6,535.8,-3736.0,0
2026-04-09T08:19:40.299584+00:00,202.68,51.42,202.68,51.42,-95.8,436745442.62089086,5389.5,534.1,-3699.5,0
2026-04-09T08:19:40.727980+00:00,203.01,51.66,203.01,51.66,-95.8,436745363.06872684,5340.1,532.5,-3665.7,0
2026-04-09T08:19:41.158446+00:00,203.29,51.86,203.29,51.86,-95.8,436745297.5130858,5297.5,531.2,-3636.4,0
2026-04-09T08:19:41.566605+00:00,203.66,52.12,203.66,52.12,-95.8,436745297.5130858,5242.5,529.5,-3598.6,0
2026-04-09T08:19:41.987176+00:00,204.01,52.36,204.01,52.36,-95.8,436745214.92886937,5191.8,528.0,-3563.8,0
2026-04-09T08:19:42.415913+00:00,204.31,52.56,204.31,52.56,-95.8,436745147.9270905,5147.9,526.7,-3533.7,0
2026-04-09T08:19:42.823723+00:00,204.69,52.82,204.69,52.82,-95.8,436745147.9270905,5091.6,525.0,-3495.1,0
2026-04-09T08:19:43.251581+00:00,205.06,53.06,205.06,53.06,-95.8,436745064.153527,5039.6,523.5,-3459.4,0
2026-04-09T08:19:43.679647+00:00,205.37,53.27,205.37,53.27,-95.8,436744994.58063877,4994.6,522.3,-3428.4,0
2026-04-09T08:19:44.083670+00:00,205.78,53.53,205.78,53.53,-95.8,436744994.58063877,4937.4,520.7,-3389.2,0
2026-04-09T08:19:44.506523+00:00,206.15,53.76,206.15,53.76,-95.8,436744909.19484144,4884.6,519.3,-3352.9,0
2026-04-09T08:19:44.930544+00:00,206.48,53.97,206.48,53.97,-95.8,436744838.90955436,4838.9,518.0,-3321.6,0
2026-04-09T08:19:45.334551+00:00,206.90,54.22,206.9,54.22,-95.8,436744838.90955436,4780.2,516.5,-3281.3,0
2026-04-09T08:19:45.758624+00:00,207.30,54.46,207.3,54.46,-95.8,436744751.52882653,4726.2,515.1,-3244.2,0
2026-04-09T08:19:46.182535+00:00,207.64,54.66,207.64,54.66,-95.8,436744679.39549905,4679.4,514.0,-3212.1,0
2026-04-09T08:19:46.590357+00:00,208.09,54.92,208.09,54.92,-95.8,436744679.39549905,4619.3,512.5,-3170.8,0
2026-04-09T08:19:47.010519+00:00,208.51,55.16,208.51,55.16,-95.8,436744589.4244559,4564.0,511.1,-3132.8,0
2026-04-09T08:19:47.434532+00:00,208.87,55.36,208.87,55.36,-95.8,436744516.0886218,4516.1,510.0,-3100.0,0
2026-04-09T08:19:47.838523+00:00,209.34,55.62,209.34,55.62,-95.8,436744516.0886218,4454.6,508.6,-3057.8,0
2026-04-09T08:19:48.262647+00:00,209.77,55.85,209.77,55.85,-95.8,436744424.53984433,4398.0,507.3,-3018.9,0
2026-04-09T08:19:48.687661+00:00,210.15,56.05,210.15,56.05,-95.8,436744349.0038605,4349.0,506.2,-2985.3,0
2026-04-09T08:19:49.095642+00:00,210.65,56.31,210.65,56.31,-95.8,436744349.0038605,4285.5,504.8,-2941.7,0
2026-04-09T08:19:49.523755+00:00,211.12,56.54,211.12,56.54,-95.8,436744254.6670176,4227.2,503.6,-2901.7,0
2026-04-09T08:19:49.951634+00:00,211.52,56.75,211.52,56.75,-95.8,436744176.4845232,4176.5,502.5,-2866.9,0
2026-04-09T08:19:50.359919+00:00,212.04,57.00,212.04,57.0,-95.8,436744176.4845232,4112.2,501.2,-2822.7,0
2026-04-09T08:19:50.787922+00:00,212.53,57.23,212.53,57.23,-95.8,436744080.0528076,4052.4,500.0,-2781.7,0
2026-04-09T08:19:51.211743+00:00,212.96,57.43,212.96,57.43,-95.8,436744000.7762847,4000.8,499.0,-2746.3,0
2026-04-09T08:19:51.628084+00:00,213.51,57.69,213.51,57.69,-95.8,436744000.7762847,3934.6,497.7,-2700.8,0
2026-04-09T08:19:52.047887+00:00,214.02,57.92,214.02,57.92,-95.8,436743901.13254976,3873.6,496.5,-2658.9,0
2026-04-09T08:19:52.475769+00:00,214.47,58.11,214.47,58.11,-95.8,436743820.7918743,3820.8,495.6,-2622.7,0
2026-04-09T08:19:52.884007+00:00,215.05,58.36,215.05,58.36,-95.8,436743820.7918743,3753.2,494.3,-2576.3,0
2026-04-09T08:19:53.311858+00:00,215.59,58.59,215.59,58.59,-95.8,436743720.2881389,3691.0,493.3,-2533.6,0
2026-04-09T08:19:53.739958+00:00,216.06,58.78,216.06,58.78,-95.8,436743637.1593979,3637.2,492.3,-2496.7,0
2026-04-09T08:19:54.148965+00:00,216.67,59.02,216.67,59.02,-95.8,436743637.1593979,3568.8,491.2,-2449.8,0
2026-04-09T08:19:54.571874+00:00,217.24,59.25,217.24,59.25,-95.8,436743534.53980577,3505.4,490.1,-2406.2,0
2026-04-09T08:19:54.999803+00:00,217.73,59.44,217.73,59.44,-95.8,436743450.555688,3450.6,489.3,-2368.6,0
2026-04-09T08:19:55.407698+00:00,218.38,59.68,218.38,59.68,-95.8,436743450.555688,3380.4,488.2,-2320.4,0
2026-04-09T08:19:55.835596+00:00,218.97,59.89,218.97,59.89,-95.8,436743346.2096932,3315.8,487.2,-2276.0,0
2026-04-09T08:19:56.263870+00:00,219.50,60.08,219.5,60.08,-95.8,436743259.8902727,3259.9,486.4,-2237.7,0
2026-04-09T08:19:56.671938+00:00,220.17,60.31,220.17,60.31,-95.8,436743259.8902727,3189.0,485.3,-2189.0,0
2026-04-09T08:19:57.100712+00:00,220.79,60.52,220.79,60.52,-95.8,436743153.6300836,3123.3,484.4,-2144.0,0
2026-04-09T08:19:57.523655+00:00,221.34,60.70,221.34,60.7,-95.8,436743066.50258994,3066.5,483.6,-2104.9,0
2026-04-09T08:19:57.931424+00:00,222.05,60.92,222.05,60.92,-95.8,436743066.50258994,2993.8,482.6,-2055.1,0
2026-04-09T08:19:58.359609+00:00,222.71,61.13,222.71,61.13,-95.8,436742958.5380496,2927.0,481.8,-2009.2,0
2026-04-09T08:19:58.787884+00:00,223.29,61.30,223.29,61.3,-95.8,436742869.2386816,2869.2,481.0,-1969.5,0
2026-04-09T08:19:59.195390+00:00,224.03,61.52,224.03,61.52,-95.8,436742869.2386816,2795.4,480.1,-1918.9,0
2026-04-09T08:19:59.623891+00:00,224.73,61.71,224.73,61.71,-95.8,436742759.58152694,2727.3,479.3,-1872.1,0
2026-04-09T08:20:00.052978+00:00,225.32,61.88,225.32,61.88,-95.8,436742669.66578984,2669.7,478.6,-1832.5,0
2026-04-09T08:20:00.456502+00:00,226.10,62.09,226.1,62.09,-95.8,436742669.66578984,2594.6,477.8,-1781.0,0
2026-04-09T08:20:00.885741+00:00,226.83,62.27,226.83,62.27,-95.8,436742558.07434565,2525.8,477.0,-1733.8,0
2026-04-09T08:20:01.311582+00:00,227.46,62.43,227.46,62.43,-95.8,436742466.2897618,2466.3,476.4,-1692.9,0
2026-04-09T08:20:01.719935+00:00,228.28,62.63,228.28,62.63,-95.8,436742466.2897618,2390.3,475.6,-1640.8,0
2026-04-09T08:20:02.148292+00:00,229.04,62.80,229.04,62.8,-95.8,436742353.36492586,2320.5,474.9,-1592.9,0
2026-04-09T08:20:02.575581+00:00,229.69,62.95,229.69,62.95,-95.8,436742260.9671738,2261.0,474.4,-1552.0,0
2026-04-09T08:20:02.983904+00:00,230.55,63.14,230.55,63.14,-95.8,436742260.9671738,2183.1,473.7,-1498.6,0
2026-04-09T08:20:03.411875+00:00,231.34,63.30,231.34,63.3,-95.8,436742145.9134993,2112.7,473.0,-1450.2,0
2026-04-09T08:20:03.839563+00:00,232.03,63.44,232.03,63.44,-95.8,436742051.67855465,2051.7,472.5,-1408.3,0
2026-04-09T08:20:04.247935+00:00,232.92,63.61,232.92,63.61,-95.8,436742051.67855465,1973.8,471.8,-1354.9,0
2026-04-09T08:20:04.675888+00:00,233.74,63.76,233.74,63.76,-95.8,436741935.97365564,1903.0,471.3,-1306.3,0
2026-04-09T08:20:05.104016+00:00,234.45,63.89,234.45,63.89,-95.8,436741841.4956133,1841.5,470.8,-1264.1,0
2026-04-09T08:20:05.511942+00:00,235.38,64.05,235.38,64.05,-95.8,436741841.4956133,1762.6,470.2,-1209.9,0
2026-04-09T08:20:05.940962+00:00,236.23,64.19,236.23,64.19,-95.8,436741723.81036615,1690.5,469.7,-1160.4,0
2026-04-09T08:20:06.364341+00:00,236.97,64.30,236.97,64.3,-95.8,436741628.45934176,1628.5,469.3,-1117.8,0
2026-04-09T08:20:06.772152+00:00,237.93,64.45,237.93,64.45,-95.8,436741628.45934176,1548.9,468.8,-1063.2,0
2026-04-09T08:20:07.203564+00:00,238.82,64.57,238.82,64.57,-95.8,436741510.2366833,1475.9,468.4,-1013.1,0
2026-04-09T08:20:07.631565+00:00,239.59,64.67,239.59,64.67,-95.8,436741412.54422086,1412.5,468.0,-969.6,0
2026-04-09T08:20:08.039581+00:00,240.58,64.80,240.58,64.8,-95.8,436741412.54422086,1332.5,467.5,-914.7,0
2026-04-09T08:20:08.467640+00:00,241.49,64.91,241.49,64.91,-95.8,436741293.6415291,1259.0,467.2,-864.3,0
2026-04-09T08:20:08.895173+00:00,242.28,65.00,242.28,65.0,-95.8,436741196.5426731,1196.5,466.9,-821.3,0
2026-04-09T08:20:09.303876+00:00,243.29,65.10,243.29,65.1,-95.8,436741196.5426731,1115.7,466.5,-765.9,0
2026-04-09T08:20:09.731613+00:00,244.24,65.20,244.24,65.2,-95.8,436741076.0125427,1041.2,466.2,-714.7,0
2026-04-09T08:20:10.159400+00:00,245.04,65.27,245.04,65.27,-95.8,436740978.43682766,978.4,465.9,-671.6,0
2026-04-09T08:20:10.567934+00:00,246.08,65.36,246.08,65.36,-95.8,436740978.43682766,897.1,465.6,-615.8,0
2026-04-09T08:20:10.992096+00:00,247.04,65.43,247.04,65.43,-95.8,436740857.1111614,822.8,465.4,-564.8,0
2026-04-09T08:20:11.419915+00:00,247.87,65.49,247.87,65.49,-95.8,436740758.861815,758.9,465.2,-520.9,0
2026-04-09T08:20:11.827422+00:00,248.93,65.56,248.93,65.56,-95.8,436740758.861815,677.4,464.9,-465.0,0
2026-04-09T08:20:12.255350+00:00,249.90,65.62,249.9,65.62,-95.8,436740637.9645929,602.8,464.7,-413.8,0
2026-04-09T08:20:12.684694+00:00,250.75,65.66,250.75,65.66,-95.8,436740538.53612477,538.5,464.6,-369.7,0
2026-04-09T08:20:13.092903+00:00,251.83,65.71,251.83,65.71,-95.8,436740538.53612477,456.6,464.4,-313.4,0
2026-04-09T08:20:13.519568+00:00,252.80,65.75,252.8,65.75,-95.8,436740416.9776308,382.6,464.3,-262.7,0
2026-04-09T08:20:13.948919+00:00,253.65,65.77,253.65,65.77,-95.8,436740318.4225449,318.4,464.2,-218.6,0
2026-04-09T08:20:14.356215+00:00,254.74,65.80,254.74,65.8,-95.8,436740318.4225449,236.3,464.1,-162.2,0
2026-04-09T08:20:14.784371+00:00,255.74,65.82,255.74,65.82,-95.8,436740195.85227007,160.7,464.1,-110.3,0
2026-04-09T08:20:15.211604+00:00,256.59,65.83,256.59,65.83,-95.8,436740097.08166176,97.1,464.0,-66.6,0
2026-04-09T08:20:15.619898+00:00,257.68,65.84,257.68,65.84,-95.8,436740097.08166176,14.8,464.0,-10.1,0
2026-04-09T08:20:16.047383+00:00,258.68,65.84,258.68,65.84,-95.8,436739974.4204309,-60.2,464.0,41.4,0
2026-04-09T08:20:16.475616+00:00,259.55,65.83,259.55,65.83,-95.8,436739874.7003556,-125.3,464.1,86.0,0
2026-04-09T08:20:16.882659+00:00,260.64,65.82,260.64,65.82,-95.8,436739874.7003556,-207.5,464.1,142.4,0
2026-04-09T08:20:17.306559+00:00,261.62,65.80,261.62,65.8,-95.8,436739753.2256098,-281.5,464.2,193.2,0
2026-04-09T08:20:17.730571+00:00,262.47,65.78,262.47,65.78,-95.8,436739654.78129166,-345.2,464.3,237.0,0
2026-04-09T08:20:18.138553+00:00,263.54,65.74,263.54,65.74,-95.8,436739654.78129166,-426.4,464.4,292.7,0
2026-04-09T08:20:18.563713+00:00,264.53,65.70,264.53,65.7,-95.8,436739533.50499636,-501.2,464.5,344.0,0
2026-04-09T08:20:18.986543+00:00,265.36,65.66,265.36,65.66,-95.8,436739435.25173753,-564.7,464.7,387.7,0
2026-04-09T08:20:19.390554+00:00,266.42,65.61,266.42,65.61,-95.8,436739435.25173753,-645.7,464.8,443.2,0
2026-04-09T08:20:19.814620+00:00,267.40,65.55,267.4,65.55,-95.8,436739315.0365494,-720.4,465.0,494.5,0
2026-04-09T08:20:20.242604+00:00,268.22,65.50,268.22,65.5,-95.8,436739216.4266021,-783.6,465.2,537.9,0
2026-04-09T08:20:20.646616+00:00,269.27,65.42,269.27,65.42,-95.8,436739216.4266021,-864.4,465.5,593.3,0
2026-04-09T08:20:21.074578+00:00,270.22,65.35,270.22,65.35,-95.8,436739096.691652,-938.4,465.8,644.2,0
2026-04-09T08:20:21.498530+00:00,271.03,65.28,271.03,65.28,-95.8,436738998.5495388,-1001.5,466.0,687.4,0
2026-04-09T08:20:21.903089+00:00,272.06,65.19,272.06,65.19,-95.8,436738998.5495388,-1081.8,466.3,742.6,0
2026-04-09T08:20:22.326590+00:00,272.99,65.09,272.99,65.09,-95.8,436738879.36266994,-1155.5,466.7,793.1,0
2026-04-09T08:20:22.754605+00:00,273.78,65.01,273.78,65.01,-95.8,436738781.8828957,-1218.1,467.0,836.2,0
2026-04-09T08:20:23.159239+00:00,274.78,64.90,274.78,64.9,-95.8,436738781.8828957,-1297.8,467.4,890.8,0
2026-04-09T08:20:23.582585+00:00,275.68,64.79,275.68,64.79,-95.8,436738663.4583968,-1370.4,467.7,940.7,0
2026-04-09T08:20:24.006605+00:00,276.45,64.69,276.45,64.69,-95.8,436738567.3963961,-1432.6,468.1,983.4,0
2026-04-09T08:20:24.410576+00:00,277.43,64.56,277.43,64.56,-95.8,436738567.3963961,-1512.4,468.6,1038.1,0
2026-04-09T08:20:24.838576+00:00,278.30,64.44,278.3,64.44,-95.8,436738449.9650055,-1584.4,469.0,1087.6,0
2026-04-09T08:20:25.262553+00:00,279.05,64.33,279.05,64.33,-95.8,436738353.8768633,-1646.1,469.4,1130.0,0
2026-04-09T08:20:25.666544+00:00,279.98,64.18,279.98,64.18,-95.8,436738353.8768633,-1724.4,470.0,1183.7,0
2026-04-09T08:20:26.091113+00:00,280.84,64.04,280.84,64.04,-95.8,436738237.502601,-1796.6,470.5,1233.2,0
2026-04-09T08:20:26.518674+00:00,281.55,63.92,281.55,63.92,-95.8,436738142.50991,-1857.5,470.9,1275.0,0
2026-04-09T08:20:26.927472+00:00,282.46,63.76,282.46,63.76,-95.8,436738142.50991,-1935.3,471.5,1328.5,0
2026-04-09T08:20:27.347122+00:00,283.27,63.61,283.27,63.61,-95.8,436738026.25212824,-2006.0,472.1,1377.0,0
2026-04-09T08:20:27.770511+00:00,283.97,63.48,283.97,63.48,-95.8,436737932.89976877,-2067.1,472.6,1418.9,0
2026-04-09T08:20:28.174520+00:00,284.84,63.30,284.84,63.3,-95.8,436737932.89976877,-2143.9,473.3,1471.6,0
2026-04-09T08:20:28.598522+00:00,285.63,63.14,285.63,63.14,-95.8,436737819.6105531,-2213.7,473.9,1519.6,0
2026-04-09T08:20:29.022727+00:00,286.29,62.99,286.29,62.99,-95.8,436737726.51925236,-2273.5,474.5,1560.6,0
2026-04-09T08:20:29.426590+00:00,287.12,62.81,287.12,62.81,-95.8,436737726.51925236,-2349.3,475.2,1612.7,0
2026-04-09T08:20:29.850508+00:00,287.87,62.63,287.87,62.63,-95.8,436737614.5675186,-2418.3,475.9,1660.0,0
2026-04-09T08:20:30.274558+00:00,288.51,62.48,288.51,62.48,-95.8,436737522.64618105,-2477.4,476.5,1700.5,0
2026-04-09T08:20:30.678515+00:00,289.31,62.28,289.31,62.28,-95.8,436737522.64618105,-2552.2,477.3,1751.9,0
2026-04-09T08:20:31.102513+00:00,290.03,62.10,290.03,62.1,-95.8,436737412.1905562,-2620.3,478.1,1798.7,0
2026-04-09T08:20:31.526544+00:00,290.64,61.94,290.64,61.94,-95.8,436737321.52489746,-2678.5,478.8,1838.6,0
2026-04-09T08:20:31.930544+00:00,291.40,61.73,291.4,61.73,-95.8,436737321.52489746,-2752.3,479.6,1889.3,0
2026-04-09T08:20:32.359926+00:00,292.08,61.54,292.08,61.54,-95.8,436737212.60610527,-2819.4,480.4,1935.3,0
2026-04-09T08:20:32.787691+00:00,292.67,61.37,292.67,61.37,-95.8,436737122.56819695,-2877.4,481.1,1975.2,0
2026-04-09T08:20:33.195865+00:00,293.41,61.15,293.41,61.15,-95.8,436737122.56819695,-2950.7,482.1,2025.5,0
2026-04-09T08:20:33.624625+00:00,294.07,60.94,294.07,60.94,-95.8,436737013.9067291,-3017.4,483.0,2071.3,0
2026-04-09T08:20:34.052694+00:00,294.62,60.77,294.62,60.77,-95.8,436736926.17069095,-3073.8,483.7,2110.0,0
2026-04-09T08:20:34.455807+00:00,295.32,60.54,295.32,60.54,-95.8,436736926.17069095,-3146.0,484.7,2159.5,0
2026-04-09T08:20:34.883884+00:00,295.95,60.33,295.95,60.33,-95.8,436736819.2397159,-3211.6,485.7,2204.5,0
2026-04-09T08:20:35.311922+00:00,296.48,60.15,296.48,60.15,-95.8,436736732.3209982,-3267.7,486.5,2243.0,0
2026-04-09T08:20:35.719884+00:00,297.14,59.91,297.14,59.91,-95.8,436736732.3209982,-3338.6,487.5,2291.7,0
2026-04-09T08:20:36.147604+00:00,297.74,59.70,297.74,59.7,-95.8,436736627.23521817,-3403.0,488.5,2335.9,0
2026-04-09T08:20:36.576221+00:00,298.24,59.51,298.24,59.51,-95.8,436736542.48535156,-3457.5,489.4,2373.3,0
2026-04-09T08:20:36.983696+00:00,298.88,59.27,298.88,59.27,-95.8,436736542.48535156,-3527.2,490.5,2421.2,0
2026-04-09T08:20:37.407612+00:00,299.44,59.05,299.44,59.05,-95.8,436736438.70024204,-3590.4,491.5,2464.6,0
2026-04-09T08:20:37.835866+00:00,299.92,58.86,299.92,58.86,-95.8,436736355.50463575,-3644.5,492.5,2501.7,0
2026-04-09T08:20:38.243612+00:00,300.53,58.61,300.53,58.61,-95.8,436736355.50463575,-3712.9,493.6,2548.6,0
2026-04-09T08:20:38.671991+00:00,301.06,58.39,301.06,58.39,-95.8,436736254.2767646,-3774.4,494.7,2590.9,0
2026-04-09T08:20:39.095883+00:00,301.52,58.20,301.52,58.2,-95.8,436736172.6549802,-3827.3,495.7,2627.2,0
2026-04-09T08:20:39.503466+00:00,302.09,57.95,302.09,57.95,-95.8,436736172.6549802,-3894.3,496.9,2673.2,0
2026-04-09T08:20:39.931886+00:00,302.60,57.72,302.6,57.72,-95.8,436736073.45547205,-3955.1,498.1,2714.9,0
2026-04-09T08:20:40.359860+00:00,303.04,57.52,303.04,57.52,-95.8,436735992.8999743,-4007.1,499.1,2750.6,0
2026-04-09T08:20:40.767868+00:00,303.58,57.27,303.58,57.27,-95.8,436735992.8999743,-4072.7,500.4,2795.6,0
2026-04-09T08:20:41.195885+00:00,304.07,57.03,304.07,57.03,-95.8,436735895.667299,-4131.9,501.6,2836.2,0
2026-04-09T08:20:41.622527+00:00,304.48,56.83,304.48,56.83,-95.8,436735817.48516023,-4182.5,502.6,2871.0,0
2026-04-09T08:20:42.031855+00:00,305.00,56.58,305.0,56.58,-95.8,436735817.48516023,-4246.8,504.0,2915.1,0
2026-04-09T08:20:42.450715+00:00,305.45,56.35,305.45,56.35,-95.8,436735721.71533906,-4304.5,505.2,2954.8,0
2026-04-09T08:20:42.874501+00:00,305.84,56.15,305.84,56.15,-95.8,436735646.2455091,-4353.8,506.3,2988.6,0
2026-04-09T08:20:43.278519+00:00,306.33,55.89,306.33,55.89,-95.8,436735646.2455091,-4416.0,507.7,3031.3,0
2026-04-09T08:20:43.702514+00:00,306.77,55.66,306.77,55.66,-95.8,436735553.87265366,-4472.5,509.0,3070.1,0
2026-04-09T08:20:44.127182+00:00,307.14,55.46,307.14,55.46,-95.8,436735479.35707545,-4520.6,510.1,3103.1,0
2026-04-09T08:20:44.530540+00:00,307.60,55.20,307.6,55.2,-95.8,436735479.35707545,-4581.5,511.6,3144.9,0
2026-04-09T08:20:44.954731+00:00,308.01,54.96,308.01,54.96,-95.8,436735389.060598,-4636.7,512.9,3182.8,0
2026-04-09T08:20:45.378512+00:00,308.37,54.76,308.37,54.76,-95.8,436735316.2493711,-4683.8,514.1,3215.1,0
2026-04-09T08:20:45.782520+00:00,308.81,54.51,308.81,54.51,-95.8,436735316.2493711,-4743.2,515.6,3255.9,0
2026-04-09T08:20:46.206515+00:00,309.20,54.27,309.2,54.27,-95.8,436735228.04456526,-4797.3,517.0,3293.0,0
2026-04-09T08:20:46.631880+00:00,309.53,54.07,309.53,54.07,-95.8,436735156.93555576,-4843.1,518.2,3324.4,0
2026-04-09T08:20:47.043289+00:00,309.96,53.81,309.96,53.81,-95.8,436735156.93555576,-4901.7,519.7,3364.7,0
2026-04-09T08:20:47.467936+00:00,310.34,53.57,310.34,53.57,-95.8,436735069.7109653,-4954.8,521.2,3401.1,0
2026-04-09T08:20:47.895886+00:00,310.66,53.36,310.66,53.36,-95.8,436734999.9417495,-5000.1,522.4,3432.2,0
2026-04-09T08:20:48.303606+00:00,311.06,53.11,311.06,53.11,-95.8,436734999.9417495,-5056.8,524.1,3471.1,0
2026-04-09T08:20:48.727999+00:00,311.42,52.87,311.42,52.87,-95.8,436734915.333438,-5108.6,525.5,3506.7,0
2026-04-09T08:20:49.155899+00:00,311.73,52.67,311.73,52.67,-95.8,436734847.2995165,-5152.7,526.8,3537.0,0
2026-04-09T08:20:49.563390+00:00,312.11,52.41,312.11,52.41,-95.8,436734847.2995165,-5208.4,528.5,3575.2,0
2026-04-09T08:20:49.992054+00:00,312.45,52.17,312.45,52.17,-95.8,436734764.85187566,-5258.9,530.0,3609.9,0
2026-04-09T08:20:50.420020+00:00,312.74,51.97,312.74,51.97,-95.8,436734698.0556718,-5301.9,531.4,3639.4,0
2026-04-09T08:20:50.827927+00:00,313.11,51.71,313.11,51.71,-95.8,436734698.0556718,-5355.8,533.1,3676.4,0
2026-04-09T08:20:51.251777+00:00,313.44,51.47,313.44,51.47,-95.8,436734617.3860053,-5405.4,534.7,3710.5,0
2026-04-09T08:20:51.679378+00:00,313.71,51.27,313.71,51.27,-95.8,436734553.0851538,-5446.9,536.0,3738.9,0
2026-04-09T08:20:52.091672+00:00,314.06,51.01,314.06,51.01,-95.8,436734553.0851538,-5499.8,537.8,3775.2,0
2026-04-09T08:20:52.515807+00:00,314.37,50.78,314.37,50.78,-95.8,436734474.34924316,-5547.7,539.4,3808.1,0
2026-04-09T08:20:52.944024+00:00,314.64,50.58,314.64,50.58,-95.8,436734411.4586073,-5588.5,540.8,3836.2,0
2026-04-09T08:20:53.351889+00:00,314.97,50.33,314.97,50.33,-95.8,436734411.4586073,-5639.6,542.6,3871.2,0
2026-04-09T08:20:53.779924+00:00,315.27,50.09,315.27,50.09,-95.8,436734335.2173378,-5686.2,544.3,3903.2,0
2026-04-09T08:20:54.203814+00:00,315.52,49.89,315.52,49.89,-95.8,436734274.0438573,-5726.0,545.7,3930.5,0
2026-04-09T08:20:54.612429+00:00,315.83,49.64,315.83,49.64,-95.8,436734274.0438573,-5776.0,547.6,3964.9,0
2026-04-09T08:20:55.039590+00:00,316.12,49.41,316.12,49.41,-95.8,436734199.80214185,-5821.4,549.3,3996.0,0
2026-04-09T08:20:55.467984+00:00,316.36,49.21,316.36,49.21,-95.8,436734139.9140382,-5860.1,550.7,4022.6,0
2026-04-09T08:20:55.875857+00:00,316.66,48.96,316.66,48.96,-95.8,436734139.9140382,-5908.7,552.6,4055.9,0
2026-04-09T08:20:56.303904+00:00,316.94,48.73,316.94,48.73,-95.8,436734067.75474703,-5952.9,554.4,4086.3,0
2026-04-09T08:20:56.726532+00:00,317.16,48.53,317.16,48.53,-95.8,436734009.8971404,-5990.1,555.9,4111.8,0
2026-04-09T08:20:57.134195+00:00,317.45,48.29,317.45,48.29,-95.8,436734009.8971404,-6037.5,557.8,4144.3,0
2026-04-09T08:20:57.554514+00:00,317.71,48.06,317.71,48.06,-95.8,436733939.8778914,-6080.0,559.6,4173.5,0
2026-04-09T08:20:57.978730+00:00,317.93,47.87,317.93,47.87,-95.8,436733883.8284906,-6116.2,561.1,4198.3,0
2026-04-09T08:20:58.382508+00:00,318.20,47.62,318.2,47.62,-95.8,436733883.8284906,-6161.8,563.0,4229.7,0
2026-04-09T08:20:58.806514+00:00,318.45,47.40,318.45,47.4,-95.8,436733816.52581835,-6203.2,564.8,4258.1,0
2026-04-09T08:20:59.230524+00:00,318.66,47.21,318.66,47.21,-95.8,436733761.6785685,-6238.3,566.4,4282.2,0
2026-04-09T08:20:59.634511+00:00,318.92,46.97,318.92,46.97,-95.8,436733761.6785685,-6282.7,568.4,4312.7,0
2026-04-09T08:21:00.058536+00:00,319.16,46.75,319.16,46.75,-95.8,436733696.2630599,-6322.9,570.2,4340.2,0
2026-04-09T08:21:00.482595+00:00,319.36,46.56,319.36,46.56,-95.8,436733642.9551324,-6357.0,571.8,4363.7,0
2026-04-09T08:21:00.886509+00:00,319.61,46.32,319.61,46.32,-95.8,436733642.9551324,-6400.2,573.8,4393.3,0
2026-04-09T08:21:01.310520+00:00,319.84,46.10,319.84,46.1,-95.8,436733579.39691156,-6439.2,575.7,4420.1,0
2026-04-09T08:21:01.739607+00:00,320.03,45.92,320.03,45.92,-95.8,436733527.6076777,-6472.4,577.3,4442.9,0
2026-04-09T08:21:02.151264+00:00,320.27,45.68,320.27,45.68,-95.8,436733527.6076777,-6514.7,579.4,4471.9,0
2026-04-09T08:21:02.575401+00:00,320.49,45.46,320.49,45.46,-95.8,436733464.7074389,-6552.9,581.3,4498.1,0
2026-04-09T08:21:02.939991+00:00,320.67,45.28,320.67,45.28,-95.8,436733464.7074389,-6585.2,583.0,4520.3,0
2026-04-09T08:21:03.347870+00:00,320.88,45.07,320.88,45.07,-95.8,436733464.7074389,-6621.0,584.8,4544.8,0
2026-04-09T08:21:03.780945+00:00,321.09,44.86,321.09,44.86,-95.8,436733359.28448755,-6658.2,586.8,4570.4,0
2026-04-09T08:21:04.143843+00:00,321.27,44.67,321.27,44.67,-95.8,436733359.28448755,-6689.8,588.4,4592.1,0
2026-04-09T08:21:04.551395+00:00,321.46,44.47,321.46,44.47,-95.8,436733359.28448755,-6724.6,590.3,4616.0,0
2026-04-09T08:21:04.981423+00:00,321.67,44.26,321.67,44.26,-95.8,436733256.19541633,-6760.8,592.3,4640.8,0
2026-04-09T08:21:05.343865+00:00,321.84,44.08,321.84,44.08,-95.8,436733256.19541633,-6791.2,594.0,4661.7,0
2026-04-09T08:21:05.751562+00:00,322.02,43.88,322.02,43.88,-95.8,436733256.19541633,-6825.1,595.9,4685.0,0
2026-04-09T08:21:06.179926+00:00,322.22,43.67,322.22,43.67,-95.8,436733156.2611023,-6860.2,597.9,4709.0,0
2026-04-09T08:21:06.547578+00:00,322.38,43.49,322.38,43.49,-95.8,436733156.2611023,-6890.2,599.6,4729.6,0
2026-04-09T08:21:06.956992+00:00,322.56,43.30,322.56,43.3,-95.8,436733156.2611023,-6922.8,601.6,4752.0,0
2026-04-09T08:21:07.384956+00:00,322.75,43.09,322.75,43.09,-95.8,436733058.7140183,-6956.9,603.6,4775.4,0
2026-04-09T08:21:07.747872+00:00,322.91,42.91,322.91,42.91,-95.8,436733058.7140183,-6985.9,605.4,4795.4,0
2026-04-09T08:21:08.159576+00:00,323.09,42.72,323.09,42.72,-95.8,436733058.7140183,-7017.9,607.3,4817.3,0
2026-04-09T08:21:08.588641+00:00,323.27,42.51,323.27,42.51,-95.8,436732964.15452844,-7051.1,609.4,4840.1,0
2026-04-09T08:21:08.952092+00:00,323.42,42.34,323.42,42.34,-95.8,436732964.15452844,-7079.4,611.2,4859.5,0
2026-04-09T08:21:09.359895+00:00,323.59,42.15,323.59,42.15,-95.8,436732964.15452844,-7110.4,613.2,4880.8,0
2026-04-09T08:21:09.787924+00:00,323.76,41.95,323.76,41.95,-95.8,436732872.44321173,-7142.7,615.3,4903.0,0
2026-04-09T08:21:10.151863+00:00,323.91,41.78,323.91,41.78,-95.8,436732872.44321173,-7169.8,617.0,4921.6,0
2026-04-09T08:21:10.559369+00:00,324.07,41.59,324.07,41.59,-95.8,436732872.44321173,-7200.0,619.1,4942.3,0
2026-04-09T08:21:10.987636+00:00,324.24,41.39,324.24,41.39,-95.8,436732783.4086371,-7231.4,621.2,4963.9,0
2026-04-09T08:21:11.351841+00:00,324.38,41.22,324.38,41.22,-95.8,436732783.4086371,-7258.0,623.0,4982.1,0
2026-04-09T08:21:11.758518+00:00,324.54,41.03,324.54,41.03,-95.8,436732783.4086371,-7287.4,625.0,5002.3,0
2026-04-09T08:21:12.182513+00:00,324.70,40.84,324.7,40.84,-95.8,436732696.9405482,-7317.4,627.2,5022.9,0
2026-04-09T08:21:12.546563+00:00,324.83,40.68,324.83,40.68,-95.8,436732696.9405482,-7343.1,629.0,5040.5,0
2026-04-09T08:21:12.950607+00:00,324.98,40.49,324.98,40.49,-95.8,436732696.9405482,-7371.2,631.0,5059.9,0
2026-04-09T08:21:13.374507+00:00,325.14,40.30,325.14,40.3,-95.8,436732613.41808486,-7400.5,633.2,5080.0,0
2026-04-09T08:21:13.738692+00:00,325.27,40.14,325.27,40.14,-95.8,436732613.41808486,-7425.4,635.0,5097.1,0
2026-04-09T08:21:14.142522+00:00,325.42,39.96,325.42,39.96,-95.8,436732613.41808486,-7452.8,637.1,5115.9,0
2026-04-09T08:21:14.566524+00:00,325.56,39.77,325.56,39.77,-95.8,436732532.2878309,-7481.3,639.3,5135.4,0
2026-04-09T08:21:14.931356+00:00,325.69,39.61,325.69,39.61,-95.8,436732532.2878309,-7505.5,641.2,5152.0,0
2026-04-09T08:21:15.334524+00:00,325.83,39.44,325.83,39.44,-95.8,436732532.2878309,-7531.8,643.2,5170.1,0
2026-04-09T08:21:15.758527+00:00,325.98,39.25,325.98,39.25,-95.8,436732453.4608697,-7559.7,645.4,5189.2,0
2026-04-09T08:21:16.122518+00:00,326.10,39.09,326.1,39.09,-95.8,436732453.4608697,-7583.2,647.3,5205.4,0
2026-04-09T08:21:16.527843+00:00,326.23,38.92,326.23,38.92,-95.8,436732453.4608697,-7608.8,649.4,5222.9,0
2026-04-09T08:21:16.956469+00:00,326.37,38.74,326.37,38.74,-95.8,436732376.7920897,-7635.9,651.7,5241.5,0
2026-04-09T08:21:17.319848+00:00,326.49,38.58,326.49,38.58,-95.8,436732376.7920897,-7659.0,653.6,5257.4,0
2026-04-09T08:21:17.731314+00:00,326.63,38.41,326.63,38.41,-95.8,436732376.7920897,-7684.1,655.7,5274.6,0
2026-04-09T08:21:18.155844+00:00,326.76,38.23,326.76,38.23,-95.8,436732301.692508,-7710.4,658.0,5292.7,0
2026-04-09T08:21:18.520814+00:00,326.88,38.07,326.88,38.07,-95.8,436732301.692508,-7732.9,659.9,5308.1,0
2026-04-09T08:21:18.933188+00:00,327.00,37.90,327.0,37.9,-95.8,436732301.692508,-7757.2,662.1,5324.8,0
2026-04-09T08:21:19.355895+00:00,327.14,37.72,327.14,37.72,-95.8,436732228.8656319,-7782.8,664.4,5342.4,0
2026-04-09T08:21:19.723877+00:00,327.25,37.57,327.25,37.57,-95.8,436732228.8656319,-7804.6,666.3,5357.3,0
2026-04-09T08:21:20.131389+00:00,327.37,37.40,327.37,37.4,-95.8,436732228.8656319,-7828.3,668.5,5373.6,0
2026-04-09T08:21:20.559571+00:00,327.50,37.23,327.5,37.23,-95.8,436732158.3441825,-7853.1,670.8,5390.6,0
2026-04-09T08:21:20.924019+00:00,327.61,37.08,327.61,37.08,-95.8,436732158.3441825,-7874.2,672.8,5405.1,0
2026-04-09T08:21:21.331884+00:00,327.73,36.91,327.73,36.91,-95.8,436732158.3441825,-7897.5,675.0,5421.1,0
2026-04-09T08:21:21.759884+00:00,327.85,36.74,327.85,36.74,-95.8,436732089.70989686,-7921.6,677.3,5437.6,0
2026-04-09T08:21:22.127932+00:00,327.96,36.59,327.96,36.59,-95.8,436732089.70989686,-7942.1,679.3,5451.7,0
2026-04-09T08:21:22.536997+00:00,328.07,36.43,328.07,36.43,-95.8,436732089.70989686,-7964.5,681.5,5467.1,0
2026-04-09T08:21:22.965147+00:00,328.19,36.26,328.19,36.26,-95.8,436732022.8069931,-7987.9,683.9,5483.2,0
2026-04-09T08:21:23.327876+00:00,328.30,36.12,328.3,36.12,-95.8,436732022.8069931,-8007.8,685.9,5496.8,0
2026-04-09T08:21:23.735866+00:00,328.41,35.95,328.41,35.95,-95.8,436732022.8069931,-8029.8,688.1,5511.9,0
2026-04-09T08:21:24.163930+00:00,328.52,35.79,328.52,35.79,-95.8,436731958.1575891,-8052.5,690.5,5527.5,0
2026-04-09T08:21:24.527692+00:00,328.62,35.65,328.62,35.65,-95.8,436731958.1575891,-8071.7,692.5,5540.7,0
2026-04-09T08:21:24.937375+00:00,328.73,35.49,328.73,35.49,-95.8,436731958.1575891,-8093.0,694.8,5555.3,0
2026-04-09T08:21:25.363940+00:00,328.84,35.32,328.84,35.32,-95.8,436731895.22320634,-8115.1,697.2,5570.4,0
2026-04-09T08:21:25.732958+00:00,328.94,35.18,328.94,35.18,-95.8,436731895.22320634,-8133.9,699.2,5583.4,0
2026-04-09T08:21:26.140419+00:00,329.05,35.03,329.05,35.03,-95.8,436731895.22320634,-8154.4,701.5,5597.4,0
2026-04-09T08:21:26.563132+00:00,329.16,34.87,329.16,34.87,-95.8,436731834.0202055,-8175.8,703.9,5612.1,0
2026-04-09T08:21:26.926613+00:00,329.25,34.73,329.25,34.73,-95.8,436731834.0202055,-8194.1,705.9,5624.7,0
2026-04-09T08:21:27.330528+00:00,329.35,34.57,329.35,34.57,-95.8,436731834.0202055,-8214.0,708.2,5638.3,0
2026-04-09T08:21:27.754511+00:00,329.46,34.42,329.46,34.42,-95.8,436731775.200878,-8234.7,710.6,5652.6,0
2026-04-09T08:21:28.118547+00:00,329.55,34.28,329.55,34.28,-95.8,436731775.200878,-8252.2,712.7,5664.6,0
2026-04-09T08:21:28.522547+00:00,329.64,34.13,329.64,34.13,-95.8,436731775.200878,-8271.5,714.9,5677.8,0
2026-04-09T08:21:28.946539+00:00,329.75,33.98,329.75,33.98,-95.8,436731717.9507489,-8291.6,717.4,5691.6,0
2026-04-09T08:21:29.310529+00:00,329.83,33.84,329.83,33.84,-95.8,436731717.9507489,-8308.7,719.4,5703.4,0
2026-04-09T08:21:29.718511+00:00,329.93,33.70,329.93,33.7,-95.8,436731717.9507489,-8327.5,721.7,5716.2,0
2026-04-09T08:21:30.142546+00:00,330.03,33.54,330.03,33.54,-95.8,436731662.1367989,-8347.0,724.2,5729.6,0
2026-04-09T08:21:30.506597+00:00,330.11,33.41,330.11,33.41,-95.8,436731662.1367989,-8363.6,726.3,5741.0,0
2026-04-09T08:21:30.910528+00:00,330.21,33.27,330.21,33.27,-95.8,436731662.1367989,-8382.0,728.6,5753.7,0
2026-04-09T08:21:31.334514+00:00,330.31,33.11,330.31,33.11,-95.8,436731608.0798389,-8401.0,731.0,5766.7,0
2026-04-09T08:21:31.704977+00:00,330.39,32.99,330.39,32.99,-95.8,436731608.0798389,-8417.1,733.1,5777.8,0
2026-04-09T08:21:32.112670+00:00,330.48,32.84,330.48,32.84,-95.8,436731608.0798389,-8434.8,735.5,5789.9,0
2026-04-09T08:21:32.535212+00:00,330.57,32.69,330.57,32.69,-95.8,436731555.0962787,-8453.4,738.0,5802.7,0
2026-04-09T08:21:32.903880+00:00,330.66,32.56,330.66,32.56,-95.8,436731555.0962787,-8469.3,740.1,5813.6,0
2026-04-09T08:21:33.316200+00:00,330.74,32.42,330.74,32.42,-95.8,436731555.0962787,-8486.7,742.5,5825.5,0
2026-04-09T08:21:33.739909+00:00,330.84,32.28,330.84,32.28,-95.8,436731503.56099045,-8504.6,744.9,5837.8,0
2026-04-09T08:21:34.103563+00:00,330.91,32.15,330.91,32.15,-95.8,436731503.56099045,-8520.0,747.1,5848.4,0
2026-04-09T08:21:34.511692+00:00,331.00,32.01,331.0,32.01,-95.8,436731503.56099045,-8536.9,749.5,5860.0,0
2026-04-09T08:21:34.881150+00:00,331.08,31.89,331.08,31.89,-95.8,436731503.56099045,-8552.0,751.6,5870.4,0
2026-04-09T08:21:35.304058+00:00,331.15,31.76,331.15,31.76,-95.8,436731433.23586875,-8566.8,753.8,5880.5,0
2026-04-09T08:21:35.712066+00:00,331.25,31.61,331.25,31.61,-95.8,436731433.23586875,-8585.7,756.5,5893.5,0
2026-04-09T08:21:36.079578+00:00,331.33,31.48,331.33,31.48,-95.8,436731433.23586875,-8600.4,758.7,5903.6,0
2026-04-09T08:21:36.444010+00:00,331.40,31.36,331.4,31.36,-95.8,436731433.23586875,-8614.9,760.9,5913.6,0
2026-04-09T08:21:36.851947+00:00,331.48,31.23,331.48,31.23,-95.8,436731433.23586875,-8630.8,763.3,5924.4,0
2026-04-09T08:21:37.279880+00:00,331.57,31.09,331.57,31.09,-95.8,436731360.40828127,-8647.4,765.8,5935.8,0
2026-04-09T08:21:37.647390+00:00,331.64,30.96,331.64,30.96,-95.8,436731360.40828127,-8661.5,768.0,5945.6,0
2026-04-09T08:21:38.055647+00:00,331.72,30.83,331.72,30.83,-95.8,436731360.40828127,-8677.0,770.4,5956.1,0
2026-04-09T08:21:38.424213+00:00,331.79,30.71,331.79,30.71,-95.8,436731360.40828127,-8690.8,772.6,5965.7,0
2026-04-09T08:21:38.847893+00:00,331.86,30.60,331.86,30.6,-95.8,436731295.3847166,-8704.6,774.8,5975.1,0
2026-04-09T08:21:39.255892+00:00,331.95,30.44,331.95,30.44,-95.8,436731295.3847166,-8722.0,777.6,5987.0,0
2026-04-09T08:21:39.624415+00:00,332.02,30.33,332.02,30.33,-95.8,436731295.3847166,-8735.5,779.8,5996.3,0
2026-04-09T08:21:39.987932+00:00,332.09,30.21,332.09,30.21,-95.8,436731295.3847166,-8748.7,782.0,6005.4,0
2026-04-09T08:21:40.395584+00:00,332.17,30.08,332.17,30.08,-95.8,436731295.3847166,-8763.5,784.4,6015.5,0
2026-04-09T08:21:40.823984+00:00,332.25,29.95,332.25,29.95,-95.8,436731228.42561764,-8778.8,787.0,6026.0,0
2026-04-09T08:21:41.192942+00:00,332.31,29.83,332.31,29.83,-95.8,436731228.42561764,-8791.6,789.2,6034.9,0
2026-04-09T08:21:41.599607+00:00,332.39,29.71,332.39,29.71,-95.8,436731228.42561764,-8806.0,791.7,6044.7,0
2026-04-09T08:21:41.967863+00:00,332.45,29.59,332.45,29.59,-95.8,436731228.42561764,-8818.9,793.9,6053.6,0
2026-04-09T08:21:42.390515+00:00,332.52,29.48,332.52,29.48,-95.8,436731168.56632286,-8831.4,796.1,6062.2,0
2026-04-09T08:21:42.794519+00:00,332.60,29.34,332.6,29.34,-95.8,436731168.56632286,-8847.4,799.0,6073.2,0
2026-04-09T08:21:43.158539+00:00,332.66,29.23,332.66,29.23,-95.8,436731168.56632286,-8859.6,801.1,6081.5,0
2026-04-09T08:21:43.527022+00:00,332.73,29.12,332.73,29.12,-95.8,436731168.56632286,-8871.8,803.4,6089.9,0
2026-04-09T08:21:43.926779+00:00,332.80,28.99,332.8,28.99,-95.8,436731168.56632286,-8885.2,805.8,6099.1,0
2026-04-09T08:21:44.350510+00:00,332.87,28.87,332.87,28.87,-95.8,436731107.32419884,-8899.2,808.4,6108.7,0
2026-04-09T08:21:44.715167+00:00,332.93,28.76,332.93,28.76,-95.8,436731107.32419884,-8911.1,810.6,6116.8,0
2026-04-09T08:21:45.118538+00:00,333.00,28.64,333.0,28.64,-95.8,436731107.32419884,-8924.1,813.1,6125.8,0
2026-04-09T08:21:45.482550+00:00,333.06,28.53,333.06,28.53,-95.8,436731107.32419884,-8935.8,815.3,6133.8,0
2026-04-09T08:21:45.906550+00:00,333.12,28.42,333.12,28.42,-95.8,436731052.639844,-8947.4,817.6,6141.8,0
2026-04-09T08:21:46.310527+00:00,333.20,28.29,333.2,28.29,-95.8,436731052.639844,-8962.0,820.4,6151.8,0
2026-04-09T08:21:46.674543+00:00,333.26,28.18,333.26,28.18,-95.8,436731052.639844,-8973.3,822.7,6159.6,0
2026-04-09T08:21:47.040058+00:00,333.32,28.07,333.32,28.07,-95.8,436731052.639844,-8984.6,824.9,6167.3,0
2026-04-09T08:21:47.444280+00:00,333.38,27.96,333.38,27.96,-95.8,436731052.639844,-8997.0,827.4,6175.8,0
2026-04-09T08:21:47.871862+00:00,333.45,27.83,333.45,27.83,-95.8,436730996.10673743,-9010.0,830.1,6184.7,0
2026-04-09T08:21:48.239914+00:00,333.51,27.73,333.51,27.73,-95.8,436730996.10673743,-9021.1,832.3,6192.3,0
2026-04-09T08:21:48.651437+00:00,333.57,27.61,333.57,27.61,-95.8,436730996.10673743,-9033.1,834.8,6200.6,0
2026-04-09T08:21:49.015635+00:00,333.63,27.51,333.63,27.51,-95.8,436730996.10673743,-9044.0,837.1,6208.1,0
2026-04-09T08:21:49.440551+00:00,333.69,27.41,333.69,27.41,-95.8,436730945.25077116,-9054.7,839.4,6215.5,0
2026-04-09T08:21:49.852946+00:00,333.76,27.27,333.76,27.27,-95.8,436730945.25077116,-9068.4,842.3,6224.8,0
2026-04-09T08:21:50.215876+00:00,333.82,27.17,333.82,27.17,-95.8,436730945.25077116,-9079.0,844.6,6232.1,0
2026-04-09T08:21:50.583690+00:00,333.87,27.07,333.87,27.07,-95.8,436730945.25077116,-9089.5,846.9,6239.3,0
2026-04-09T08:21:50.987977+00:00,333.93,26.96,333.93,26.96,-95.8,436730945.25077116,-9100.9,849.4,6247.2,0
2026-04-09T08:21:51.415686+00:00,334.00,26.84,334.0,26.84,-95.8,436730892.72388613,-9112.9,852.1,6255.4,0
2026-04-09T08:21:51.783891+00:00,334.05,26.74,334.05,26.74,-95.8,436730892.72388613,-9123.1,854.4,6262.4,0
2026-04-09T08:21:52.191850+00:00,334.11,26.63,334.11,26.63,-95.8,436730892.72388613,-9134.4,857.0,6270.1,0
2026-04-09T08:21:52.555569+00:00,334.16,26.53,334.16,26.53,-95.8,436730892.72388613,-9144.3,859.2,6276.9,0
2026-04-09T08:21:52.924176+00:00,334.22,26.43,334.22,26.43,-95.8,436730892.72388613,-9154.3,861.6,6283.8,0
2026-04-09T08:21:53.331086+00:00,334.28,26.32,334.28,26.32,-95.8,436730892.72388613,-9165.2,864.1,6291.3,0
2026-04-09T08:21:53.763328+00:00,334.34,26.21,334.34,26.21,-95.8,436730828.76091737,-9176.5,866.8,6299.1,0
2026-04-09T08:21:54.123562+00:00,334.39,26.11,334.39,26.11,-95.8,436730828.76091737,-9186.2,869.1,6305.7,0
2026-04-09T08:21:54.534494+00:00,334.45,26.00,334.45,26.0,-95.8,436730828.76091737,-9196.9,871.7,6313.0,0
2026-04-09T08:21:54.899934+00:00,334.50,25.90,334.5,25.9,-95.8,436730828.76091737,-9206.4,874.0,6319.6,0
2026-04-09T08:21:55.263951+00:00,334.55,25.81,334.55,25.81,-95.8,436730828.76091737,-9215.7,876.3,6326.0,0
2026-04-09T08:21:55.671633+00:00,334.60,25.70,334.6,25.7,-95.8,436730828.76091737,-9226.2,878.9,6333.1,0
2026-04-09T08:21:56.099589+00:00,334.66,25.59,334.66,25.59,-95.8,436730768.11631215,-9237.0,881.6,6340.5,0
2026-04-09T08:21:56.468164+00:00,334.71,25.49,334.71,25.49,-95.8,436730768.11631215,-9246.2,883.9,6346.9,0
2026-04-09T08:21:56.875398+00:00,334.77,25.39,334.77,25.39,-95.8,436730768.11631215,-9256.3,886.5,6353.8,0
2026-04-09T08:21:57.239552+00:00,334.82,25.30,334.82,25.3,-95.8,436730768.11631215,-9265.3,888.8,6360.0,0
2026-04-09T08:21:57.607422+00:00,334.87,25.20,334.87,25.2,-95.8,436730768.11631215,-9274.2,891.2,6366.1,0
2026-04-09T08:21:58.015652+00:00,334.92,25.10,334.92,25.1,-95.8,436730768.11631215,-9284.1,893.8,6372.9,0
2026-04-09T08:21:58.443731+00:00,334.98,24.99,334.98,24.99,-95.8,436730710.44720846,-9294.4,896.5,6380.0,0
2026-04-09T08:21:58.816301+00:00,335.02,24.90,335.02,24.9,-95.8,436730710.44720846,-9303.0,898.8,6385.9,0
2026-04-09T08:21:59.219897+00:00,335.08,24.80,335.08,24.8,-95.8,436730710.44720846,-9312.7,901.4,6392.5,0
2026-04-09T08:21:59.583359+00:00,335.12,24.71,335.12,24.71,-95.8,436730710.44720846,-9321.2,903.8,6398.4,0
2026-04-09T08:21:59.952006+00:00,335.17,24.61,335.17,24.61,-95.8,436730710.44720846,-9329.8,906.2,6404.3,0
2026-04-09T08:22:00.359892+00:00,335.22,24.51,335.22,24.51,-95.8,436730710.44720846,-9339.2,908.8,6410.7,0
2026-04-09T08:22:00.787909+00:00,335.28,24.41,335.28,24.41,-95.8,436730655.6582878,-9348.8,911.5,6417.3,0
2026-04-09T08:22:01.151542+00:00,335.32,24.32,335.32,24.32,-95.8,436730655.6582878,-9357.1,913.8,6423.0,0
2026-04-09T08:22:01.559595+00:00,335.37,24.22,335.37,24.22,-95.8,436730655.6582878,-9366.3,916.5,6429.3,0
2026-04-09T08:22:01.930108+00:00,335.42,24.13,335.42,24.13,-95.8,436730655.6582878,-9374.5,918.8,6434.9,0
2026-04-09T08:22:02.291780+00:00,335.46,24.04,335.46,24.04,-95.8,436730655.6582878,-9382.5,921.2,6440.4,0
2026-04-09T08:22:02.699867+00:00,335.51,23.95,335.51,23.95,-95.8,436730655.6582878,-9391.4,923.8,6446.6,0
2026-04-09T08:22:03.127673+00:00,335.56,23.84,335.56,23.84,-95.8,436730603.67983973,-9400.7,926.6,6452.9,0
2026-04-09T08:22:03.495884+00:00,335.61,23.76,335.61,23.76,-95.8,436730603.67983973,-9408.6,928.9,6458.3,0
2026-04-09T08:22:03.908115+00:00,335.66,23.66,335.66,23.66,-95.8,436730603.67983973,-9417.3,931.6,6464.3,0
2026-04-09T08:22:04.268565+00:00,335.70,23.57,335.7,23.57,-95.8,436730603.67983973,-9424.9,933.9,6469.6,0
2026-04-09T08:22:04.635917+00:00,335.74,23.49,335.74,23.49,-95.8,436730603.67983973,-9432.7,936.3,6474.9,0
