t,az_cmd,el_cmd,az_act,el_act,rssi,freq_hz,doppler_hz,range_km,range_rate,packets
2026-04-02T16:16:06.196806+00:00,7.64,0.00,7.64,0.0,-97.8,436499524.35789794,9524.4,3125.0,-6541.6,0
2026-04-02T16:16:06.565545+00:00,7.62,0.03,7.62,0.03,-97.8,436499524.35789794,9523.3,3121.9,-6540.9,0
2026-04-02T16:16:06.929244+00:00,7.61,0.04,7.61,0.04,-97.8,436499524.35789794,9522.6,3119.6,-6540.3,0
2026-04-02T16:16:07.337516+00:00,7.59,0.06,7.59,0.06,-97.8,436499524.35789794,9521.7,3116.9,-6539.7,0
2026-04-02T16:16:07.705584+00:00,7.58,0.08,7.58,0.08,-97.8,436499524.35789794,9520.9,3114.5,-6539.2,0
2026-04-02T16:16:08.069494+00:00,7.56,0.10,7.56,0.1,-97.8,436499524.35789794,9520.0,3112.1,-6538.6,0
2026-04-02T16:16:08.475110+00:00,7.54,0.12,7.54,0.12,-97.8,436499524.35789794,9519.1,3109.4,-6538.0,0
2026-04-02T16:16:08.840203+00:00,7.53,0.13,7.53,0.13,-97.8,436499524.35789794,9518.3,3107.0,-6537.4,0
2026-04-02T16:16:09.204302+00:00,7.51,0.15,7.51,0.15,-97.8,436499524.35789794,9517.5,3104.7,-6536.9,0
2026-04-02T16:16:09.608171+00:00,7.50,0.17,7.5,0.17,-97.8,436499524.35789794,9516.6,3102.0,-6536.2,0
2026-04-02T16:16:09.972195+00:00,7.48,0.19,7.48,0.19,-97.8,436499524.35789794,9515.8,3099.6,-6535.7,0
2026-04-02T16:16:10.336190+00:00,7.47,0.21,7.47,0.21,-97.8,436499524.35789794,9515.0,3097.3,-6535.1,0
2026-04-02T16:16:10.740169+00:00,7.45,0.23,7.45,0.23,-97.8,436499524.35789794,9514.1,3094.6,-6534.5,0
2026-04-02T16:16:11.104191+00:00,7.43,0.24,7.43,0.24,-97.8,436499524.35789794,9513.2,3092.3,-6533.9,0
2026-04-02T16:16:11.471707+00:00,7.42,0.26,7.42,0.26,-97.8,436499524.35789794,9512.4,3089.9,-6533.4,0
2026-04-02T16:16:11.872156+00:00,7.40,0.28,7.4,0.28,-97.8,436499524.35789794,9511.5,3087.2,-6532.7,0
2026-04-02T16:16:12.236183+00:00,7.39,0.30,7.39,0.3,-97.8,436499524.35789794,9510.6,3084.9,-6532.1,0
2026-04-02T16:16:12.600167+00:00,7.37,0.32,7.37,0.32,-97.8,436499524.35789794,9509.8,3082.5,-6531.6,0
2026-04-02T16:16:13.004220+00:00,7.35,0.34,7.35,0.34,-97.8,436499524.35789794,9508.8,3079.8,-6530.9,0
2026-04-02T16:16:13.368146+00:00,7.34,0.36,7.34,0.36,-97.8,436499524.35789794,9508.0,3077.5,-6530.3,0
2026-04-02T16:16:13.732202+00:00,7.32,0.37,7.32,0.37,-97.8,436499524.35789794,9507.1,3075.1,-6529.7,0
2026-04-02T16:16:14.136172+00:00,7.31,0.39,7.31,0.39,-97.8,436499524.35789794,9506.2,3072.4,-6529.1,0
2026-04-02T16:16:14.500172+00:00,7.29,0.41,7.29,0.41,-97.8,436499524.35789794,9505.3,3070.1,-6528.5,0
2026-04-02T16:16:14.860165+00:00,7.28,0.43,7.28,0.43,-97.8,436499524.35789794,9504.4,3067.7,-6527.9,0
2026-04-02T16:16:15.264937+00:00,7.26,0.45,7.26,0.45,-97.8,436499524.35789794,9503.5,3065.1,-6527.2,0
2026-04-02T16:16:15.628163+00:00,7.24,0.47,7.24,0.47,-97.8,436499524.35789794,9502.6,3062.7,-6526.6,0
2026-04-02T16:16:15.992158+00:00,7.23,0.49,7.23,0.49,-97.8,436499524.35789794,9501.7,3060.3,-6526.0,0
2026-04-02T16:16:16.400216+00:00,7.21,0.51,7.21,0.51,-97.8,436499524.35789794,9500.8,3057.7,-6525.4,0
2026-04-02T16:16:16.760187+00:00,7.19,0.53,7.19,0.53,-97.8,436499524.35789794,9499.9,3055.3,-6524.8,0
2026-04-02T16:16:17.124164+00:00,7.18,0.54,7.18,0.54,-97.8,436499524.35789794,9499.0,3052.9,-6524.1,0
2026-04-02T16:16:17.528188+00:00,7.16,0.56,7.16,0.56,-97.8,436499524.35789794,9498.0,3050.3,-6523.5,0
2026-04-02T16:16:17.892172+00:00,7.15,0.58,7.15,0.58,-97.8,436499524.35789794,9497.1,3047.9,-6522.9,0
2026-04-02T16:16:18.256183+00:00,7.13,0.60,7.13,0.6,-97.8,436499524.35789794,9496.2,3045.5,-6522.2,0
2026-04-02T16:16:18.660175+00:00,7.11,0.62,7.11,0.62,-97.8,436499524.35789794,9495.2,3042.9,-6521.5,0
2026-04-02T16:16:19.024159+00:00,7.10,0.64,7.1,0.64,-97.8,436499524.35789794,9494.3,3040.5,-6520.9,0
2026-04-02T16:16:19.388156+00:00,7.08,0.66,7.08,0.66,-97.8,436499524.35789794,9493.4,3038.2,-6520.3,0
2026-04-02T16:16:19.792171+00:00,7.06,0.68,7.06,0.68,-97.8,436499524.35789794,9492.4,3035.5,-6519.6,0
2026-04-02T16:16:20.156145+00:00,7.05,0.70,7.05,0.7,-97.8,436499524.35789794,9491.5,3033.2,-6519.0,0
2026-04-02T16:16:20.521265+00:00,7.03,0.72,7.03,0.72,-97.8,436499524.35789794,9490.5,3030.8,-6518.3,0
2026-04-02T16:16:20.925262+00:00,7.01,0.74,7.01,0.74,-97.8,436499524.35789794,9489.5,3028.2,-6517.6,0
2026-04-02T16:16:21.289266+00:00,7.00,0.76,7.0,0.76,-97.8,436499524.35789794,9488.6,3025.8,-6517.0,0
2026-04-02T16:16:21.648211+00:00,6.98,0.78,6.98,0.78,-97.8,436499524.35789794,9487.7,3023.4,-6516.4,0
2026-04-02T16:16:22.052289+00:00,6.96,0.80,6.96,0.8,-97.8,436499524.35789794,9486.6,3020.8,-6515.6,0
2026-04-02T16:16:22.416153+00:00,6.95,0.82,6.95,0.82,-97.8,436499524.35789794,9485.7,3018.4,-6515.0,0
2026-04-02T16:16:22.780133+00:00,6.93,0.83,6.93,0.83,-97.8,436499524.35789794,9484.7,3016.0,-6514.4,0
2026-04-02T16:16:23.184466+00:00,6.91,0.86,6.91,0.86,-97.8,436499524.35789794,9483.7,3013.4,-6513.6,0
2026-04-02T16:16:23.549204+00:00,6.90,0.87,6.9,0.87,-97.8,436499524.35789794,9482.7,3011.1,-6513.0,0
2026-04-02T16:16:23.918609+00:00,6.88,0.89,6.88,0.89,-97.8,436499524.35789794,9481.8,3008.7,-6512.3,0
2026-04-02T16:16:24.327644+00:00,6.86,0.91,6.86,0.91,-97.8,436499524.35789794,9480.7,3006.0,-6511.6,0
2026-04-02T16:16:24.689202+00:00,6.85,0.93,6.85,0.93,-97.8,436499524.35789794,9479.7,3003.6,-6510.9,0
2026-04-02T16:16:25.058618+00:00,6.83,0.95,6.83,0.95,-97.8,436499524.35789794,9478.8,3001.2,-6510.2,0
2026-04-02T16:16:25.461512+00:00,6.81,0.97,6.81,0.97,-97.8,436499524.35789794,9477.7,2998.6,-6509.5,0
2026-04-02T16:16:25.829512+00:00,6.80,0.99,6.8,0.99,-97.8,436499524.35789794,9476.7,2996.2,-6508.8,0
2026-04-02T16:16:26.197186+00:00,6.78,1.01,6.78,1.01,-97.8,436499524.35789794,9475.7,2993.9,-6508.2,0
2026-04-02T16:16:26.605181+00:00,6.76,1.04,6.76,1.04,-97.8,436499524.35789794,9474.6,2991.2,-6507.4,0
2026-04-02T16:16:26.974596+00:00,6.74,1.05,6.74,1.05,-97.8,436499524.35789794,9473.6,2988.8,-6506.7,0
2026-04-02T16:16:27.401080+00:00,6.73,1.08,6.73,1.08,-97.8,436499472.9822089,9472.4,2986.0,-6505.9,0
2026-04-02T16:16:27.884309+00:00,6.71,1.10,6.71,1.1,-97.8,436499472.9822089,9471.3,2983.4,-6505.2,0
2026-04-02T16:16:28.257506+00:00,6.69,1.12,6.69,1.12,-97.8,436499472.9822089,9470.1,2980.5,-6504.3,0
2026-04-02T16:16:28.621468+00:00,6.67,1.14,6.67,1.14,-97.8,436499472.9822089,9469.1,2978.1,-6503.6,0
2026-04-02T16:16:29.029472+00:00,6.65,1.16,6.65,1.16,-97.8,436499472.9822089,9468.0,2975.4,-6502.8,0
2026-04-02T16:16:29.398260+00:00,6.63,1.18,6.63,1.18,-97.8,436499472.9822089,9466.9,2973.0,-6502.1,0
2026-04-02T16:16:29.761505+00:00,6.62,1.20,6.62,1.2,-97.8,436499472.9822089,9465.9,2970.6,-6501.4,0
2026-04-02T16:16:30.169485+00:00,6.60,1.23,6.6,1.23,-97.8,436499472.9822089,9464.8,2968.0,-6500.6,0
2026-04-02T16:16:30.533732+00:00,6.58,1.25,6.58,1.25,-97.8,436499472.9822089,9463.7,2965.6,-6499.9,0
2026-04-02T16:16:30.901559+00:00,6.57,1.27,6.57,1.27,-97.8,436499472.9822089,9462.7,2963.2,-6499.2,0
2026-04-02T16:16:31.309237+00:00,6.55,1.29,6.55,1.29,-97.8,436499472.9822089,9461.5,2960.6,-6498.4,0
2026-04-02T16:16:31.673655+00:00,6.53,1.31,6.53,1.31,-97.8,436499472.9822089,9460.5,2958.2,-6497.7,0
2026-04-02T16:16:32.041237+00:00,6.51,1.33,6.51,1.33,-97.8,436499472.9822089,9459.5,2955.8,-6497.0,0
2026-04-02T16:16:32.453357+00:00,6.49,1.35,6.49,1.35,-97.8,436499472.9822089,9458.3,2953.2,-6496.2,0
2026-04-02T16:16:32.818266+00:00,6.48,1.37,6.48,1.37,-97.8,436499472.9822089,9457.2,2950.8,-6495.5,0
2026-04-02T16:16:33.181506+00:00,6.46,1.39,6.46,1.39,-97.8,436499472.9822089,9456.2,2948.4,-6494.7,0
2026-04-02T16:16:33.589503+00:00,6.44,1.41,6.44,1.41,-97.8,436499472.9822089,9455.0,2945.8,-6493.9,0
2026-04-02T16:16:33.954596+00:00,6.42,1.43,6.42,1.43,-97.8,436499472.9822089,9453.9,2943.4,-6493.2,0
2026-04-02T16:16:34.321325+00:00,6.41,1.45,6.41,1.45,-97.8,436499472.9822089,9452.8,2941.0,-6492.5,0
2026-04-02T16:16:34.729541+00:00,6.39,1.48,6.39,1.48,-97.8,436499472.9822089,9451.6,2938.4,-6491.6,0
2026-04-02T16:16:35.093579+00:00,6.37,1.50,6.37,1.5,-97.8,436499472.9822089,9450.6,2936.0,-6490.9,0
2026-04-02T16:16:35.461564+00:00,6.35,1.52,6.35,1.52,-97.8,436499472.9822089,9449.5,2933.6,-6490.1,0
2026-04-02T16:16:35.869551+00:00,6.33,1.54,6.33,1.54,-97.8,436499472.9822089,9448.3,2931.0,-6489.3,0
2026-04-02T16:16:36.233611+00:00,6.32,1.56,6.32,1.56,-97.8,436499472.9822089,9447.2,2928.6,-6488.6,0
2026-04-02T16:16:36.601473+00:00,6.30,1.58,6.3,1.58,-97.8,436499472.9822089,9446.1,2926.2,-6487.8,0
2026-04-02T16:16:37.009493+00:00,6.28,1.60,6.28,1.6,-97.8,436499472.9822089,9444.8,2923.6,-6487.0,0
2026-04-02T16:16:37.373555+00:00,6.26,1.62,6.26,1.62,-97.8,436499472.9822089,9443.7,2921.2,-6486.2,0
2026-04-02T16:16:37.744927+00:00,6.25,1.64,6.25,1.64,-97.8,436499472.9822089,9442.6,2918.8,-6485.4,0
2026-04-02T16:16:38.149517+00:00,6.23,1.67,6.23,1.67,-97.8,436499472.9822089,9441.4,2916.2,-6484.6,0
2026-04-02T16:16:38.513196+00:00,6.21,1.69,6.21,1.69,-97.8,436499472.9822089,9440.3,2913.8,-6483.8,0
2026-04-02T16:16:38.881501+00:00,6.19,1.71,6.19,1.71,-97.8,436499472.9822089,9439.1,2911.4,-6483.0,0
2026-04-02T16:16:39.289494+00:00,6.17,1.73,6.17,1.73,-97.8,436499472.9822089,9437.9,2908.8,-6482.2,0
2026-04-02T16:16:39.653505+00:00,6.15,1.75,6.15,1.75,-97.8,436499472.9822089,9436.7,2906.4,-6481.4,0
2026-04-02T16:16:40.021547+00:00,6.14,1.77,6.14,1.77,-97.8,436499472.9822089,9435.6,2904.0,-6480.6,0
2026-04-02T16:16:40.429562+00:00,6.12,1.79,6.12,1.79,-97.8,436499472.9822089,9434.3,2901.4,-6479.7,0
2026-04-02T16:16:40.793491+00:00,6.10,1.81,6.1,1.81,-97.8,436499472.9822089,9433.2,2899.0,-6479.0,0
2026-04-02T16:16:41.161483+00:00,6.08,1.83,6.08,1.83,-97.8,436499472.9822089,9432.0,2896.7,-6478.2,0
2026-04-02T16:16:41.569456+00:00,6.06,1.86,6.06,1.86,-97.8,436499472.9822089,9430.8,2894.0,-6477.3,0
2026-04-02T16:16:41.933511+00:00,6.04,1.88,6.04,1.88,-97.8,436499472.9822089,9429.6,2891.6,-6476.5,0
2026-04-02T16:16:42.301524+00:00,6.03,1.90,6.03,1.9,-97.8,436499472.9822089,9428.4,2889.3,-6475.7,0
2026-04-02T16:16:42.709493+00:00,6.01,1.92,6.01,1.92,-97.8,436499472.9822089,9427.1,2886.6,-6474.8,0
2026-04-02T16:16:43.078626+00:00,5.99,1.94,5.99,1.94,-97.8,436499472.9822089,9426.0,2884.3,-6474.0,0
2026-04-02T16:16:43.442606+00:00,5.97,1.96,5.97,1.96,-97.8,436499472.9822089,9424.8,2881.9,-6473.2,0
2026-04-02T16:16:43.849492+00:00,5.95,1.99,5.95,1.99,-97.8,436499472.9822089,9423.5,2879.3,-6472.3,0
2026-04-02T16:16:44.213562+00:00,5.93,2.01,5.93,2.01,-97.8,436499472.9822089,9422.3,2876.9,-6471.5,0
2026-04-02T16:16:44.641482+00:00,5.91,2.03,5.91,2.03,-97.8,436499421.5510676,9420.9,2874.1,-6470.5,0
2026-04-02T16:16:45.049186+00:00,5.89,2.06,5.89,2.06,-97.8,436499421.5510676,9419.6,2871.5,-6469.6,0
2026-04-02T16:16:45.418566+00:00,5.87,2.08,5.87,2.08,-97.8,436499421.5510676,9418.4,2869.1,-6468.8,0
2026-04-02T16:16:45.781471+00:00,5.86,2.10,5.86,2.1,-97.8,436499421.5510676,9417.2,2866.8,-6467.9,0
2026-04-02T16:16:46.189489+00:00,5.84,2.12,5.84,2.12,-97.8,436499421.5510676,9415.8,2864.1,-6467.0,0
2026-04-02T16:16:46.553230+00:00,5.82,2.14,5.82,2.14,-97.8,436499421.5510676,9414.6,2861.7,-6466.2,0
2026-04-02T16:16:46.921512+00:00,5.80,2.16,5.8,2.16,-97.8,436499421.5510676,9413.4,2859.4,-6465.3,0
2026-04-02T16:16:47.329486+00:00,5.78,2.19,5.78,2.19,-97.8,436499421.5510676,9412.0,2856.7,-6464.4,0
2026-04-02T16:16:47.693172+00:00,5.76,2.21,5.76,2.21,-97.8,436499421.5510676,9410.8,2854.4,-6463.6,0
2026-04-02T16:16:48.061296+00:00,5.74,2.23,5.74,2.23,-97.8,436499421.5510676,9409.5,2852.0,-6462.7,0
2026-04-02T16:16:48.469610+00:00,5.72,2.25,5.72,2.25,-97.8,436499421.5510676,9408.2,2849.4,-6461.8,0
2026-04-02T16:16:48.833590+00:00,5.70,2.28,5.7,2.28,-97.8,436499421.5510676,9406.9,2847.0,-6460.9,0
2026-04-02T16:16:49.201499+00:00,5.69,2.30,5.69,2.3,-97.8,436499421.5510676,9405.7,2844.6,-6460.1,0
2026-04-02T16:16:49.609232+00:00,5.66,2.32,5.66,2.32,-97.8,436499421.5510676,9404.3,2842.0,-6459.1,0
2026-04-02T16:16:49.973483+00:00,5.65,2.34,5.65,2.34,-97.8,436499421.5510676,9403.0,2839.7,-6458.2,0
2026-04-02T16:16:50.341501+00:00,5.63,2.36,5.63,2.36,-97.8,436499421.5510676,9401.8,2837.3,-6457.4,0
2026-04-02T16:16:50.749548+00:00,5.61,2.39,5.61,2.39,-97.8,436499421.5510676,9400.4,2834.7,-6456.4,0
2026-04-02T16:16:51.113497+00:00,5.59,2.41,5.59,2.41,-97.8,436499421.5510676,9399.1,2832.3,-6455.5,0
2026-04-02T16:16:51.481518+00:00,5.57,2.43,5.57,2.43,-97.8,436499421.5510676,9397.8,2829.9,-6454.6,0
2026-04-02T16:16:51.889507+00:00,5.55,2.46,5.55,2.46,-97.8,436499421.5510676,9396.4,2827.3,-6453.7,0
2026-04-02T16:16:52.253212+00:00,5.53,2.48,5.53,2.48,-97.8,436499421.5510676,9395.1,2824.9,-6452.8,0
2026-04-02T16:16:52.621536+00:00,5.51,2.50,5.51,2.5,-97.8,436499421.5510676,9393.8,2822.6,-6451.9,0
2026-04-02T16:16:53.030618+00:00,5.49,2.52,5.49,2.52,-97.8,436499421.5510676,9392.4,2820.0,-6450.9,0
2026-04-02T16:16:53.393502+00:00,5.47,2.54,5.47,2.54,-97.8,436499421.5510676,9391.1,2817.6,-6450.0,0
2026-04-02T16:16:53.761520+00:00,5.45,2.57,5.45,2.57,-97.8,436499421.5510676,9389.7,2815.2,-6449.1,0
2026-04-02T16:16:54.169326+00:00,5.43,2.59,5.43,2.59,-97.8,436499421.5510676,9388.3,2812.6,-6448.1,0
2026-04-02T16:16:54.533493+00:00,5.41,2.61,5.41,2.61,-97.8,436499421.5510676,9387.0,2810.2,-6447.2,0
2026-04-02T16:16:54.901503+00:00,5.39,2.63,5.39,2.63,-97.8,436499421.5510676,9385.6,2807.9,-6446.3,0
2026-04-02T16:16:55.309547+00:00,5.37,2.66,5.37,2.66,-97.8,436499421.5510676,9384.2,2805.2,-6445.3,0
2026-04-02T16:16:55.673459+00:00,5.35,2.68,5.35,2.68,-97.8,436499421.5510676,9382.8,2802.9,-6444.4,0
2026-04-02T16:16:56.041217+00:00,5.34,2.70,5.34,2.7,-97.8,436499421.5510676,9381.5,2800.5,-6443.5,0
2026-04-02T16:16:56.449532+00:00,5.31,2.73,5.31,2.73,-97.8,436499421.5510676,9380.0,2797.9,-6442.4,0
2026-04-02T16:16:56.813533+00:00,5.30,2.75,5.3,2.75,-97.8,436499421.5510676,9378.7,2795.5,-6441.5,0
2026-04-02T16:16:57.181247+00:00,5.28,2.77,5.28,2.77,-97.8,436499421.5510676,9377.3,2793.2,-6440.6,0
2026-04-02T16:16:57.589492+00:00,5.25,2.80,5.25,2.8,-97.8,436499421.5510676,9375.8,2790.5,-6439.5,0
2026-04-02T16:16:57.953480+00:00,5.24,2.82,5.24,2.82,-97.8,436499421.5510676,9374.4,2788.2,-6438.6,0
2026-04-02T16:16:58.321211+00:00,5.22,2.84,5.22,2.84,-97.8,436499421.5510676,9373.1,2785.8,-6437.7,0
2026-04-02T16:16:58.729525+00:00,5.19,2.86,5.19,2.86,-97.8,436499421.5510676,9371.6,2783.2,-6436.6,0
2026-04-02T16:16:59.093477+00:00,5.18,2.89,5.18,2.89,-97.8,436499421.5510676,9370.2,2780.9,-6435.7,0
2026-04-02T16:16:59.521499+00:00,5.15,2.91,5.15,2.91,-97.8,436499369.31587046,9368.6,2778.1,-6434.6,0
2026-04-02T16:16:59.929514+00:00,5.13,2.94,5.13,2.94,-97.8,436499369.31587046,9367.0,2775.5,-6433.5,0
2026-04-02T16:17:00.293195+00:00,5.11,2.96,5.11,2.96,-97.8,436499369.31587046,9365.6,2773.1,-6432.6,0
2026-04-02T16:17:00.662133+00:00,5.09,2.98,5.09,2.98,-97.8,436499369.31587046,9364.2,2770.8,-6431.6,0
2026-04-02T16:17:01.069560+00:00,5.07,3.01,5.07,3.01,-97.8,436499369.31587046,9362.7,2768.2,-6430.5,0
2026-04-02T16:17:01.437524+00:00,5.05,3.03,5.05,3.03,-97.8,436499369.31587046,9361.2,2765.8,-6429.5,0
2026-04-02T16:17:01.801504+00:00,5.03,3.05,5.03,3.05,-97.8,436499369.31587046,9359.8,2763.4,-6428.6,0
2026-04-02T16:17:02.209540+00:00,5.01,3.08,5.01,3.08,-97.8,436499369.31587046,9358.2,2760.8,-6427.5,0
2026-04-02T16:17:02.578640+00:00,4.99,3.10,4.99,3.1,-97.8,436499369.31587046,9356.8,2758.5,-6426.5,0
2026-04-02T16:17:02.941530+00:00,4.97,3.12,4.97,3.12,-97.8,436499369.31587046,9355.4,2756.1,-6425.5,0
2026-04-02T16:17:03.349223+00:00,4.95,3.15,4.95,3.15,-97.8,436499369.31587046,9353.8,2753.5,-6424.4,0
2026-04-02T16:17:03.717465+00:00,4.93,3.17,4.93,3.17,-97.8,436499369.31587046,9352.3,2751.1,-6423.4,0
2026-04-02T16:17:04.081207+00:00,4.91,3.19,4.91,3.19,-97.8,436499369.31587046,9350.9,2748.8,-6422.4,0
2026-04-02T16:17:04.489218+00:00,4.89,3.22,4.89,3.22,-97.8,436499369.31587046,9349.3,2746.2,-6421.3,0
2026-04-02T16:17:04.853510+00:00,4.87,3.24,4.87,3.24,-97.8,436499369.31587046,9347.8,2743.8,-6420.3,0
2026-04-02T16:17:05.221521+00:00,4.85,3.26,4.85,3.26,-97.8,436499369.31587046,9346.4,2741.5,-6419.3,0
2026-04-02T16:17:05.629529+00:00,4.82,3.29,4.82,3.29,-97.8,436499369.31587046,9344.8,2738.9,-6418.2,0
2026-04-02T16:17:05.993503+00:00,4.80,3.31,4.8,3.31,-97.8,436499369.31587046,9343.3,2736.5,-6417.2,0
2026-04-02T16:17:06.361627+00:00,4.78,3.33,4.78,3.33,-97.8,436499369.31587046,9341.8,2734.2,-6416.2,0
2026-04-02T16:17:06.769517+00:00,4.76,3.36,4.76,3.36,-97.8,436499369.31587046,9340.1,2731.5,-6415.0,0
2026-04-02T16:17:07.133522+00:00,4.74,3.38,4.74,3.38,-97.8,436499369.31587046,9338.7,2729.2,-6414.0,0
2026-04-02T16:17:07.501543+00:00,4.72,3.40,4.72,3.4,-97.8,436499369.31587046,9337.2,2726.8,-6413.0,0
2026-04-02T16:17:07.909502+00:00,4.70,3.43,4.7,3.43,-97.8,436499369.31587046,9335.5,2724.3,-6411.9,0
2026-04-02T16:17:08.273509+00:00,4.68,3.45,4.68,3.45,-97.8,436499369.31587046,9334.0,2721.9,-6410.8,0
2026-04-02T16:17:08.641504+00:00,4.66,3.47,4.66,3.47,-97.8,436499369.31587046,9332.5,2719.5,-6409.8,0
2026-04-02T16:17:09.049218+00:00,4.63,3.50,4.63,3.5,-97.8,436499369.31587046,9330.8,2716.9,-6408.6,0
2026-04-02T16:17:09.417546+00:00,4.61,3.52,4.61,3.52,-97.8,436499369.31587046,9329.3,2714.6,-6407.6,0
2026-04-02T16:17:09.781479+00:00,4.59,3.54,4.59,3.54,-97.8,436499369.31587046,9327.7,2712.2,-6406.5,0
2026-04-02T16:17:10.189471+00:00,4.57,3.57,4.57,3.57,-97.8,436499369.31587046,9326.0,2709.6,-6405.3,0
2026-04-02T16:17:10.553496+00:00,4.55,3.59,4.55,3.59,-97.8,436499369.31587046,9324.5,2707.3,-6404.3,0
2026-04-02T16:17:10.921206+00:00,4.53,3.62,4.53,3.62,-97.8,436499369.31587046,9322.9,2704.9,-6403.2,0
2026-04-02T16:17:11.329479+00:00,4.51,3.64,4.51,3.64,-97.8,436499369.31587046,9321.2,2702.3,-6402.0,0
2026-04-02T16:17:11.693496+00:00,4.49,3.66,4.49,3.66,-97.8,436499369.31587046,9319.7,2700.0,-6401.0,0
2026-04-02T16:17:12.122607+00:00,4.46,3.69,4.46,3.69,-97.8,436499318.68238693,9317.8,2697.2,-6399.7,0
2026-04-02T16:17:12.529519+00:00,4.44,3.72,4.44,3.72,-97.8,436499318.68238693,9316.1,2694.6,-6398.5,0
2026-04-02T16:17:12.893371+00:00,4.42,3.74,4.42,3.74,-97.8,436499318.68238693,9314.5,2692.3,-6397.4,0
2026-04-02T16:17:13.261483+00:00,4.40,3.76,4.4,3.76,-97.8,436499318.68238693,9312.9,2690.0,-6396.4,0
2026-04-02T16:17:13.669500+00:00,4.37,3.79,4.37,3.79,-97.8,436499318.68238693,9311.2,2687.3,-6395.1,0
2026-04-02T16:17:14.033549+00:00,4.35,3.81,4.35,3.81,-97.8,436499318.68238693,9309.6,2685.0,-6394.1,0
2026-04-02T16:17:14.401879+00:00,4.33,3.84,4.33,3.84,-97.8,436499318.68238693,9308.0,2682.7,-6392.9,0
2026-04-02T16:17:14.809521+00:00,4.31,3.86,4.31,3.86,-97.8,436499318.68238693,9306.2,2680.1,-6391.7,0
2026-04-02T16:17:15.173524+00:00,4.29,3.88,4.29,3.88,-97.8,436499318.68238693,9304.6,2677.7,-6390.6,0
2026-04-02T16:17:15.541549+00:00,4.27,3.91,4.27,3.91,-97.8,436499318.68238693,9302.9,2675.4,-6389.5,0
2026-04-02T16:17:15.948433+00:00,4.24,3.93,4.24,3.93,-97.8,436499318.68238693,9301.2,2672.8,-6388.3,0
2026-04-02T16:17:16.313456+00:00,4.22,3.96,4.22,3.96,-97.8,436499318.68238693,9299.5,2670.4,-6387.1,0
2026-04-02T16:17:16.681502+00:00,4.20,3.98,4.2,3.98,-97.8,436499318.68238693,9297.9,2668.1,-6386.0,0
2026-04-02T16:17:17.089473+00:00,4.18,4.01,4.18,4.01,-97.8,436499318.68238693,9296.1,2665.5,-6384.8,0
2026-04-02T16:17:17.453618+00:00,4.16,4.03,4.16,4.03,-97.8,436499318.68238693,9294.4,2663.2,-6383.6,0
2026-04-02T16:17:17.822521+00:00,4.13,4.05,4.13,4.05,-97.8,436499318.68238693,9292.8,2660.8,-6382.5,0
2026-04-02T16:17:18.230541+00:00,4.11,4.08,4.11,4.08,-97.8,436499318.68238693,9290.9,2658.2,-6381.2,0
2026-04-02T16:17:18.593476+00:00,4.09,4.10,4.09,4.1,-97.8,436499318.68238693,9289.3,2655.9,-6380.1,0
2026-04-02T16:17:18.962568+00:00,4.07,4.13,4.07,4.13,-97.8,436499318.68238693,9287.6,2653.5,-6378.9,0
2026-04-02T16:17:19.370642+00:00,4.04,4.15,4.04,4.15,-97.8,436499318.68238693,9285.7,2651.0,-6377.7,0
2026-04-02T16:17:19.733505+00:00,4.02,4.18,4.02,4.18,-97.8,436499318.68238693,9284.0,2648.6,-6376.5,0
2026-04-02T16:17:20.101492+00:00,4.00,4.20,4.0,4.2,-97.8,436499318.68238693,9282.3,2646.3,-6375.3,0
2026-04-02T16:17:20.510694+00:00,3.98,4.23,3.98,4.23,-97.8,436499318.68238693,9280.5,2643.7,-6374.1,0
2026-04-02T16:17:20.873495+00:00,3.95,4.25,3.95,4.25,-97.8,436499318.68238693,9278.8,2641.4,-6372.9,0
2026-04-02T16:17:21.242571+00:00,3.93,4.27,3.93,4.27,-97.8,436499318.68238693,9277.0,2639.0,-6371.7,0
2026-04-02T16:17:21.646684+00:00,3.91,4.30,3.91,4.3,-97.8,436499318.68238693,9275.2,2636.4,-6370.4,0
2026-04-02T16:17:22.013522+00:00,3.89,4.32,3.89,4.32,-97.8,436499318.68238693,9273.4,2634.1,-6369.2,0
2026-04-02T16:17:22.377653+00:00,3.87,4.35,3.87,4.35,-97.8,436499318.68238693,9271.7,2631.8,-6368.0,0
2026-04-02T16:17:22.785469+00:00,3.84,4.37,3.84,4.37,-97.8,436499318.68238693,9269.8,2629.2,-6366.7,0
2026-04-02T16:17:23.153496+00:00,3.82,4.40,3.82,4.4,-97.8,436499318.68238693,9268.0,2626.8,-6365.5,0
2026-04-02T16:17:23.581637+00:00,3.79,4.43,3.79,4.43,-97.8,436499266.95550096,9266.0,2624.1,-6364.1,0
2026-04-02T16:17:23.990566+00:00,3.77,4.45,3.77,4.45,-97.8,436499266.95550096,9264.1,2621.5,-6362.8,0
2026-04-02T16:17:24.356917+00:00,3.75,4.48,3.75,4.48,-97.8,436499266.95550096,9262.3,2619.2,-6361.6,0
2026-04-02T16:17:24.722578+00:00,3.72,4.50,3.72,4.5,-97.8,436499266.95550096,9260.5,2616.9,-6360.4,0
2026-04-02T16:17:25.130559+00:00,3.70,4.53,3.7,4.53,-97.8,436499266.95550096,9258.6,2614.3,-6359.0,0
2026-04-02T16:17:25.493514+00:00,3.68,4.55,3.68,4.55,-97.8,436499266.95550096,9256.8,2611.9,-6357.8,0
2026-04-02T16:17:25.862546+00:00,3.66,4.58,3.66,4.58,-97.8,436499266.95550096,9255.0,2609.6,-6356.6,0
2026-04-02T16:17:26.270524+00:00,3.63,4.60,3.63,4.6,-97.8,436499266.95550096,9253.0,2607.0,-6355.2,0
2026-04-02T16:17:26.633465+00:00,3.61,4.63,3.61,4.63,-97.8,436499266.95550096,9251.2,2604.7,-6354.0,0
2026-04-02T16:17:27.002539+00:00,3.59,4.65,3.59,4.65,-97.8,436499266.95550096,9249.4,2602.4,-6352.7,0
2026-04-02T16:17:27.409533+00:00,3.56,4.68,3.56,4.68,-97.8,436499266.95550096,9247.4,2599.8,-6351.3,0
2026-04-02T16:17:27.773190+00:00,3.54,4.70,3.54,4.7,-97.8,436499266.95550096,9245.6,2597.5,-6350.1,0
2026-04-02T16:17:28.141557+00:00,3.52,4.73,3.52,4.73,-97.8,436499266.95550096,9243.7,2595.1,-6348.8,0
2026-04-02T16:17:28.549492+00:00,3.49,4.75,3.49,4.75,-97.8,436499266.95550096,9241.7,2592.5,-6347.4,0
2026-04-02T16:17:28.913506+00:00,3.47,4.78,3.47,4.78,-97.8,436499266.95550096,9239.9,2590.2,-6346.2,0
2026-04-02T16:17:29.281529+00:00,3.44,4.80,3.44,4.8,-97.8,436499266.95550096,9238.0,2587.9,-6344.9,0
2026-04-02T16:17:29.689346+00:00,3.42,4.83,3.42,4.83,-97.8,436499266.95550096,9236.0,2585.3,-6343.5,0
2026-04-02T16:17:30.053620+00:00,3.40,4.85,3.4,4.85,-97.8,436499266.95550096,9234.1,2583.0,-6342.2,0
2026-04-02T16:17:30.421481+00:00,3.37,4.88,3.37,4.88,-97.8,436499266.95550096,9232.2,2580.7,-6340.9,0
2026-04-02T16:17:30.829496+00:00,3.35,4.91,3.35,4.91,-97.8,436499266.95550096,9230.2,2578.1,-6339.5,0
2026-04-02T16:17:31.194731+00:00,3.33,4.93,3.33,4.93,-97.8,436499266.95550096,9228.3,2575.8,-6338.2,0
2026-04-02T16:17:31.561485+00:00,3.30,4.95,3.3,4.95,-97.8,436499266.95550096,9226.4,2573.4,-6336.9,0
2026-04-02T16:17:31.969520+00:00,3.28,4.98,3.28,4.98,-97.8,436499266.95550096,9224.3,2570.8,-6335.5,0
2026-04-02T16:17:32.333412+00:00,3.25,5.01,3.25,5.01,-97.8,436499266.95550096,9222.4,2568.5,-6334.2,0
2026-04-02T16:17:32.701663+00:00,3.23,5.03,3.23,5.03,-97.8,436499266.95550096,9220.5,2566.2,-6332.9,0
2026-04-02T16:17:33.109491+00:00,3.20,5.06,3.2,5.06,-97.8,436499266.95550096,9218.4,2563.6,-6331.4,0
2026-04-02T16:17:33.473483+00:00,3.18,5.08,3.18,5.08,-97.8,436499266.95550096,9216.5,2561.3,-6330.1,0
2026-04-02T16:17:33.901486+00:00,3.15,5.11,3.15,5.11,-97.8,436499215.2769579,9214.2,2558.6,-6328.6,0
2026-04-02T16:17:34.309514+00:00,3.13,5.14,3.13,5.14,-97.8,436499215.2769579,9212.1,2556.0,-6327.1,0
2026-04-02T16:17:34.676893+00:00,3.11,5.16,3.11,5.16,-97.8,436499215.2769579,9210.1,2553.7,-6325.8,0
2026-04-02T16:17:35.041508+00:00,3.08,5.19,3.08,5.19,-97.8,436499215.2769579,9208.2,2551.4,-6324.4,0
2026-04-02T16:17:35.449547+00:00,3.06,5.22,3.06,5.22,-97.8,436499215.2769579,9206.0,2548.8,-6322.9,0
2026-04-02T16:17:35.813498+00:00,3.03,5.24,3.03,5.24,-97.8,436499215.2769579,9204.1,2546.5,-6321.6,0
2026-04-02T16:17:36.181482+00:00,3.01,5.27,3.01,5.27,-97.8,436499215.2769579,9202.1,2544.2,-6320.2,0
2026-04-02T16:17:36.589562+00:00,2.98,5.29,2.98,5.29,-97.8,436499215.2769579,9199.9,2541.6,-6318.7,0
2026-04-02T16:17:36.953497+00:00,2.96,5.32,2.96,5.32,-97.8,436499215.2769579,9197.9,2539.3,-6317.4,0
2026-04-02T16:17:37.321568+00:00,2.93,5.34,2.93,5.34,-97.8,436499215.2769579,9195.9,2537.0,-6316.0,0
2026-04-02T16:17:37.729510+00:00,2.91,5.37,2.91,5.37,-97.8,436499215.2769579,9193.7,2534.4,-6314.5,0
2026-04-02T16:17:38.093498+00:00,2.88,5.40,2.88,5.4,-97.8,436499215.2769579,9191.7,2532.1,-6313.1,0
2026-04-02T16:17:38.461525+00:00,2.86,5.42,2.86,5.42,-97.8,436499215.2769579,9189.7,2529.8,-6311.7,0
2026-04-02T16:17:38.869186+00:00,2.83,5.45,2.83,5.45,-97.8,436499215.2769579,9187.4,2527.2,-6310.2,0
2026-04-02T16:17:39.237489+00:00,2.81,5.47,2.81,5.47,-97.8,436499215.2769579,9185.4,2524.9,-6308.8,0
2026-04-02T16:17:39.601504+00:00,2.79,5.50,2.79,5.5,-97.8,436499215.2769579,9183.4,2522.6,-6307.4,0
2026-04-02T16:17:40.013569+00:00,2.76,5.53,2.76,5.53,-97.8,436499215.2769579,9181.1,2520.0,-6305.8,0
2026-04-02T16:17:40.377503+00:00,2.73,5.55,2.73,5.55,-97.8,436499215.2769579,9179.0,2517.7,-6304.4,0
2026-04-02T16:17:40.746791+00:00,2.71,5.58,2.71,5.58,-97.8,436499215.2769579,9177.0,2515.4,-6303.0,0
2026-04-02T16:17:41.153476+00:00,2.68,5.60,2.68,5.6,-97.8,436499215.2769579,9174.7,2512.8,-6301.4,0
2026-04-02T16:17:41.517570+00:00,2.66,5.63,2.66,5.63,-97.8,436499215.2769579,9172.6,2510.5,-6300.0,0
2026-04-02T16:17:41.885508+00:00,2.64,5.66,2.64,5.66,-97.8,436499215.2769579,9170.5,2508.2,-6298.6,0
2026-04-02T16:17:42.293519+00:00,2.61,5.68,2.61,5.68,-97.8,436499215.2769579,9168.2,2505.6,-6297.0,0
2026-04-02T16:17:42.657471+00:00,2.58,5.71,2.58,5.71,-97.8,436499215.2769579,9166.1,2503.3,-6295.5,0
2026-04-02T16:17:43.085486+00:00,2.56,5.74,2.56,5.74,-97.8,436499164.84324414,9163.7,2500.6,-6293.9,0
2026-04-02T16:17:43.493180+00:00,2.53,5.77,2.53,5.77,-97.8,436499164.84324414,9161.3,2498.1,-6292.2,0
2026-04-02T16:17:43.857498+00:00,2.50,5.79,2.5,5.79,-97.8,436499164.84324414,9159.2,2495.8,-6290.8,0
2026-04-02T16:17:44.225492+00:00,2.48,5.82,2.48,5.82,-97.8,436499164.84324414,9157.1,2493.5,-6289.3,0
2026-04-02T16:17:44.633511+00:00,2.45,5.85,2.45,5.85,-97.8,436499164.84324414,9154.7,2490.9,-6287.7,0
2026-04-02T16:17:44.997585+00:00,2.43,5.87,2.43,5.87,-97.8,436499164.84324414,9152.6,2488.6,-6286.2,0
2026-04-02T16:17:45.365509+00:00,2.40,5.90,2.4,5.9,-97.8,436499164.84324414,9150.5,2486.3,-6284.8,0
2026-04-02T16:17:45.773546+00:00,2.37,5.92,2.37,5.92,-97.8,436499164.84324414,9148.1,2483.7,-6283.1,0
2026-04-02T16:17:46.137564+00:00,2.35,5.95,2.35,5.95,-97.8,436499164.84324414,9145.9,2481.4,-6281.6,0
2026-04-02T16:17:46.505209+00:00,2.32,5.98,2.32,5.98,-97.8,436499164.84324414,9143.7,2479.1,-6280.1,0
2026-04-02T16:17:46.913504+00:00,2.30,6.00,2.3,6.0,-97.8,436499164.84324414,9141.3,2476.6,-6278.5,0
2026-04-02T16:17:47.277488+00:00,2.27,6.03,2.27,6.03,-97.8,436499164.84324414,9139.1,2474.3,-6277.0,0
2026-04-02T16:17:47.645530+00:00,2.25,6.06,2.25,6.06,-97.8,436499164.84324414,9136.9,2472.0,-6275.5,0
2026-04-02T16:17:48.053750+00:00,2.22,6.08,2.22,6.08,-97.8,436499164.84324414,9134.5,2469.4,-6273.8,0
2026-04-02T16:17:48.417698+00:00,2.19,6.11,2.19,6.11,-97.8,436499164.84324414,9132.3,2467.1,-6272.3,0
2026-04-02T16:17:48.785480+00:00,2.17,6.14,2.17,6.14,-97.8,436499164.84324414,9130.1,2464.8,-6270.8,0
2026-04-02T16:17:49.193315+00:00,2.14,6.16,2.14,6.16,-97.8,436499164.84324414,9127.6,2462.3,-6269.1,0
2026-04-02T16:17:49.561204+00:00,2.11,6.19,2.11,6.19,-97.8,436499164.84324414,9125.4,2460.0,-6267.5,0
2026-04-02T16:17:49.930592+00:00,2.09,6.22,2.09,6.22,-97.8,436499164.84324414,9123.1,2457.7,-6266.0,0
2026-04-02T16:17:50.339705+00:00,2.06,6.24,2.06,6.24,-97.8,436499164.84324414,9120.6,2455.1,-6264.3,0
2026-04-02T16:17:50.701498+00:00,2.03,6.27,2.03,6.27,-97.8,436499164.84324414,9118.3,2452.8,-6262.7,0
2026-04-02T16:17:51.070397+00:00,2.01,6.30,2.01,6.3,-97.8,436499164.84324414,9116.1,2450.5,-6261.1,0
2026-04-02T16:17:51.537553+00:00,1.98,6.32,1.98,6.32,-97.8,436499113.56139714,9113.6,2448.0,-6259.4,0
2026-04-02T16:17:51.901489+00:00,1.95,6.36,1.95,6.36,-97.8,436499113.56139714,9110.9,2445.3,-6257.6,0
2026-04-02T16:17:52.269632+00:00,1.92,6.38,1.92,6.38,-97.8,436499113.56139714,9108.6,2443.0,-6256.0,0
2026-04-02T16:17:52.677523+00:00,1.89,6.41,1.89,6.41,-97.8,436499113.56139714,9106.0,2440.5,-6254.3,0
2026-04-02T16:17:53.041879+00:00,1.87,6.44,1.87,6.44,-97.8,436499113.56139714,9103.8,2438.2,-6252.7,0
2026-04-02T16:17:53.409490+00:00,1.84,6.46,1.84,6.46,-97.8,436499113.56139714,9101.4,2435.9,-6251.1,0
2026-04-02T16:17:53.817603+00:00,1.81,6.49,1.81,6.49,-97.8,436499113.56139714,9098.8,2433.3,-6249.3,0
2026-04-02T16:17:54.181422+00:00,1.79,6.52,1.79,6.52,-97.8,436499113.56139714,9096.5,2431.0,-6247.7,0
2026-04-02T16:17:54.549498+00:00,1.76,6.54,1.76,6.54,-97.8,436499113.56139714,9094.2,2428.8,-6246.1,0
2026-04-02T16:17:54.961504+00:00,1.73,6.57,1.73,6.57,-97.8,436499113.56139714,9091.5,2426.2,-6244.3,0
2026-04-02T16:17:55.329110+00:00,1.71,6.60,1.71,6.6,-97.8,436499113.56139714,9089.2,2423.9,-6242.7,0
2026-04-02T16:17:55.693220+00:00,1.68,6.63,1.68,6.63,-97.8,436499113.56139714,9086.8,2421.6,-6241.1,0
2026-04-02T16:17:56.101495+00:00,1.65,6.66,1.65,6.66,-97.8,436499113.56139714,9084.2,2419.1,-6239.2,0
2026-04-02T16:17:56.465473+00:00,1.62,6.68,1.62,6.68,-97.8,436499113.56139714,9081.8,2416.8,-6237.6,0
2026-04-02T16:17:56.833211+00:00,1.60,6.71,1.6,6.71,-97.8,436499113.56139714,9079.4,2414.5,-6236.0,0
2026-04-02T16:17:57.241197+00:00,1.57,6.74,1.57,6.74,-97.8,436499113.56139714,9076.8,2412.0,-6234.1,0
2026-04-02T16:17:57.605497+00:00,1.54,6.76,1.54,6.76,-97.8,436499113.56139714,9074.3,2409.7,-6232.5,0
2026-04-02T16:17:57.973488+00:00,1.51,6.79,1.51,6.79,-97.8,436499113.56139714,9071.9,2407.4,-6230.8,0
2026-04-02T16:17:58.382561+00:00,1.49,6.82,1.49,6.82,-97.8,436499113.56139714,9069.2,2404.9,-6229.0,0
2026-04-02T16:17:58.745205+00:00,1.46,6.85,1.46,6.85,-97.8,436499113.56139714,9066.8,2402.6,-6227.3,0
2026-04-02T16:17:59.114306+00:00,1.43,6.87,1.43,6.87,-97.8,436499113.56139714,9064.3,2400.3,-6225.6,0
2026-04-02T16:17:59.581203+00:00,1.40,6.90,1.4,6.9,-97.8,436499061.64113975,9061.6,2397.8,-6223.8,0
2026-04-02T16:17:59.946246+00:00,1.37,6.93,1.37,6.93,-97.8,436499061.64113975,9058.7,2395.1,-6221.8,0
2026-04-02T16:18:00.313557+00:00,1.34,6.96,1.34,6.96,-97.8,436499061.64113975,9056.3,2392.8,-6220.1,0
2026-04-02T16:18:00.721534+00:00,1.31,6.99,1.31,6.99,-97.8,436499061.64113975,9053.5,2390.3,-6218.2,0
2026-04-02T16:18:01.085479+00:00,1.29,7.02,1.29,7.02,-97.8,436499061.64113975,9051.1,2388.0,-6216.5,0
2026-04-02T16:18:01.453512+00:00,1.26,7.04,1.26,7.04,-97.8,436499061.64113975,9048.6,2385.7,-6214.8,0
2026-04-02T16:18:01.861533+00:00,1.23,7.07,1.23,7.07,-97.8,436499061.64113975,9045.8,2383.2,-6212.9,0
2026-04-02T16:18:02.225494+00:00,1.20,7.10,1.2,7.1,-97.8,436499061.64113975,9043.3,2381.0,-6211.1,0
2026-04-02T16:18:02.593490+00:00,1.17,7.13,1.17,7.13,-97.8,436499061.64113975,9040.7,2378.7,-6209.4,0
2026-04-02T16:18:03.001548+00:00,1.14,7.15,1.14,7.15,-97.8,436499061.64113975,9037.9,2376.2,-6207.5,0
2026-04-02T16:18:03.365185+00:00,1.12,7.18,1.12,7.18,-97.8,436499061.64113975,9035.4,2373.9,-6205.7,0
2026-04-02T16:18:03.733521+00:00,1.09,7.21,1.09,7.21,-97.8,436499061.64113975,9032.8,2371.6,-6204.0,0
2026-04-02T16:18:04.142547+00:00,1.06,7.24,1.06,7.24,-97.8,436499061.64113975,9030.0,2369.1,-6202.0,0
2026-04-02T16:18:04.505511+00:00,1.03,7.27,1.03,7.27,-97.8,436499061.64113975,9027.4,2366.8,-6200.3,0
2026-04-02T16:18:04.874265+00:00,1.00,7.29,1.0,7.29,-97.8,436499061.64113975,9024.8,2364.5,-6198.5,0
2026-04-02T16:18:05.282525+00:00,0.97,7.32,0.97,7.32,-97.8,436499061.64113975,9022.0,2362.0,-6196.5,0
2026-04-02T16:18:05.649841+00:00,0.94,7.35,0.94,7.35,-97.8,436499061.64113975,9019.4,2359.7,-6194.7,0
2026-04-02T16:18:06.014564+00:00,0.91,7.38,0.91,7.38,-97.8,436499061.64113975,9016.8,2357.5,-6192.9,0
2026-04-02T16:18:06.422291+00:00,0.88,7.41,0.88,7.41,-97.8,436499061.64113975,9013.9,2355.0,-6191.0,0
2026-04-02T16:18:06.785529+00:00,0.86,7.43,0.86,7.43,-97.8,436499061.64113975,9011.2,2352.7,-6189.2,0
2026-04-02T16:18:07.213512+00:00,0.82,7.47,0.82,7.47,-97.8,436499009.6156654,9008.2,2350.0,-6187.0,0
2026-04-02T16:18:07.621492+00:00,0.79,7.50,0.79,7.5,-97.8,436499009.6156654,9005.2,2347.5,-6185.0,0
2026-04-02T16:18:07.985516+00:00,0.76,7.52,0.76,7.52,-97.8,436499009.6156654,9002.6,2345.3,-6183.2,0
2026-04-02T16:18:08.353210+00:00,0.73,7.55,0.73,7.55,-97.8,436499009.6156654,8999.9,2343.0,-6181.4,0
2026-04-02T16:18:08.761571+00:00,0.70,7.58,0.7,7.58,-97.8,436499009.6156654,8996.9,2340.5,-6179.3,0
2026-04-02T16:18:09.129498+00:00,0.67,7.61,0.67,7.61,-97.8,436499009.6156654,8994.2,2338.2,-6177.5,0
2026-04-02T16:18:09.494670+00:00,0.65,7.64,0.65,7.64,-97.8,436499009.6156654,8991.6,2335.9,-6175.6,0
2026-04-02T16:18:09.901552+00:00,0.61,7.67,0.61,7.67,-97.8,436499009.6156654,8988.6,2333.4,-6173.6,0
2026-04-02T16:18:10.269525+00:00,0.59,7.69,0.59,7.69,-97.8,436499009.6156654,8985.8,2331.1,-6171.7,0
2026-04-02T16:18:10.633510+00:00,0.56,7.72,0.56,7.72,-97.8,436499009.6156654,8983.1,2328.9,-6169.9,0
2026-04-02T16:18:11.041540+00:00,0.52,7.75,0.52,7.75,-97.8,436499009.6156654,8980.1,2326.4,-6167.8,0
2026-04-02T16:18:11.409492+00:00,0.50,7.78,0.5,7.78,-97.8,436499009.6156654,8977.4,2324.1,-6165.9,0
2026-04-02T16:18:11.773524+00:00,0.47,7.81,0.47,7.81,-97.8,436499009.6156654,8974.6,2321.9,-6164.0,0
2026-04-02T16:18:12.181495+00:00,0.43,7.84,0.43,7.84,-97.8,436499009.6156654,8971.5,2319.4,-6161.9,0
2026-04-02T16:18:12.549225+00:00,0.41,7.86,0.41,7.86,-97.8,436499009.6156654,8968.8,2317.1,-6160.0,0
2026-04-02T16:18:12.917483+00:00,0.38,7.89,0.38,7.89,-97.8,436499009.6156654,8966.0,2314.8,-6158.1,0
2026-04-02T16:18:13.325495+00:00,0.34,7.92,0.34,7.92,-97.8,436499009.6156654,8962.9,2312.3,-6155.9,0
2026-04-02T16:18:13.689468+00:00,0.31,7.95,0.31,7.95,-97.8,436499009.6156654,8960.1,2310.1,-6154.0,0
2026-04-02T16:18:14.117489+00:00,0.28,7.98,0.28,7.98,-97.8,436498958.35372424,8956.8,2307.4,-6151.8,0
2026-04-02T16:18:14.525498+00:00,0.25,8.01,0.25,8.01,-97.8,436498958.35372424,8953.7,2304.9,-6149.6,0
2026-04-02T16:18:14.889714+00:00,0.22,8.04,0.22,8.04,-97.8,436498958.35372424,8950.9,2302.7,-6147.7,0
2026-04-02T16:18:15.257474+00:00,0.19,8.07,0.19,8.07,-97.8,436498958.35372424,8948.0,2300.4,-6145.7,0
2026-04-02T16:18:15.665511+00:00,0.16,8.10,0.16,8.1,-97.8,436498958.35372424,8944.8,2297.9,-6143.5,0
2026-04-02T16:18:16.029802+00:00,0.13,8.13,0.13,8.13,-97.8,436498958.35372424,8942.0,2295.7,-6141.6,0
2026-04-02T16:18:16.397501+00:00,0.10,8.16,0.1,8.16,-97.8,436498958.35372424,8939.1,2293.4,-6139.6,0
2026-04-02T16:18:16.805498+00:00,0.06,8.19,0.06,8.19,-97.8,436498958.35372424,8935.9,2290.9,-6137.4,0
2026-04-02T16:18:17.169489+00:00,0.03,8.21,0.03,8.21,-97.8,436498958.35372424,8933.0,2288.7,-6135.4,0
2026-04-02T16:18:17.537514+00:00,0.00,8.24,0.0,8.24,-97.8,436498958.35372424,8930.1,2286.4,-6133.4,0
2026-04-02T16:18:17.945651+00:00,359.97,8.27,359.97,8.27,-97.8,436498958.35372424,8926.9,2283.9,-6131.2,0
2026-04-02T16:18:18.309512+00:00,359.94,8.30,359.94,8.3,-97.8,436498958.35372424,8924.0,2281.7,-6129.2,0
2026-04-02T16:18:18.677458+00:00,359.91,8.33,359.91,8.33,-97.8,436498958.35372424,8921.0,2279.4,-6127.2,0
2026-04-02T16:18:19.086200+00:00,359.88,8.36,359.88,8.36,-97.8,436498958.35372424,8917.7,2276.9,-6124.9,0
2026-04-02T16:18:19.449502+00:00,359.85,8.39,359.85,8.39,-97.8,436498958.35372424,8914.8,2274.7,-6122.9,0
2026-04-02T16:18:19.817503+00:00,359.82,8.42,359.82,8.42,-97.8,436498958.35372424,8911.8,2272.5,-6120.9,0
2026-04-02T16:18:20.225197+00:00,359.78,8.45,359.78,8.45,-97.8,436498958.35372424,8908.6,2270.0,-6118.6,0
2026-04-02T16:18:20.589317+00:00,359.75,8.48,359.75,8.48,-97.8,436498958.35372424,8905.6,2267.7,-6116.6,0
2026-04-02T16:18:21.017538+00:00,359.72,8.51,359.72,8.51,-97.8,436498903.7049376,8902.1,2265.1,-6114.2,0
2026-04-02T16:18:21.425540+00:00,359.68,8.54,359.68,8.54,-97.8,436498903.7049376,8898.7,2262.6,-6111.9,0
2026-04-02T16:18:21.789506+00:00,359.65,8.57,359.65,8.57,-97.8,436498903.7049376,8895.7,2260.4,-6109.8,0
2026-04-02T16:18:22.157221+00:00,359.62,8.60,359.62,8.6,-97.8,436498903.7049376,8892.7,2258.1,-6107.7,0
2026-04-02T16:18:22.565186+00:00,359.59,8.63,359.59,8.63,-97.8,436498903.7049376,8889.3,2255.7,-6105.4,0
2026-04-02T16:18:22.929488+00:00,359.55,8.66,359.55,8.66,-97.8,436498903.7049376,8886.3,2253.4,-6103.3,0
2026-04-02T16:18:23.297496+00:00,359.52,8.69,359.52,8.69,-97.8,436498903.7049376,8883.2,2251.2,-6101.2,0
2026-04-02T16:18:23.705209+00:00,359.49,8.72,359.49,8.72,-97.8,436498903.7049376,8879.8,2248.7,-6098.9,0
2026-04-02T16:18:24.069635+00:00,359.46,8.75,359.46,8.75,-97.8,436498903.7049376,8876.7,2246.5,-6096.7,0
2026-04-02T16:18:24.437484+00:00,359.43,8.77,359.43,8.77,-97.8,436498903.7049376,8873.6,2244.2,-6094.6,0
2026-04-02T16:18:24.845569+00:00,359.39,8.81,359.39,8.81,-97.8,436498903.7049376,8870.1,2241.8,-6092.2,0
2026-04-02T16:18:25.209206+00:00,359.36,8.83,359.36,8.83,-97.8,436498903.7049376,8867.0,2239.5,-6090.1,0
2026-04-02T16:18:25.577534+00:00,359.33,8.86,359.33,8.86,-97.8,436498903.7049376,8863.9,2237.3,-6087.9,0
2026-04-02T16:18:25.985247+00:00,359.29,8.90,359.29,8.9,-97.8,436498903.7049376,8860.4,2234.8,-6085.5,0
2026-04-02T16:18:26.353231+00:00,359.26,8.92,359.26,8.92,-97.8,436498903.7049376,8857.3,2232.6,-6083.4,0
2026-04-02T16:18:26.717501+00:00,359.23,8.95,359.23,8.95,-97.8,436498903.7049376,8854.1,2230.4,-6081.2,0
2026-04-02T16:18:27.185487+00:00,359.20,8.99,359.2,8.99,-97.8,436498850.5455382,8850.5,2227.9,-6078.8,0
2026-04-02T16:18:27.554552+00:00,359.16,9.02,359.16,9.02,-97.8,436498850.5455382,8846.8,2225.3,-6076.2,0
2026-04-02T16:18:27.917529+00:00,359.13,9.05,359.13,9.05,-97.8,436498850.5455382,8843.6,2223.1,-6074.0,0
2026-04-02T16:18:28.325467+00:00,359.09,9.08,359.09,9.08,-97.8,436498850.5455382,8840.1,2220.6,-6071.6,0
2026-04-02T16:18:28.690838+00:00,359.06,9.11,359.06,9.11,-97.8,436498850.5455382,8836.8,2218.4,-6069.4,0
2026-04-02T16:18:29.057482+00:00,359.03,9.14,359.03,9.14,-97.8,436498850.5455382,8833.6,2216.1,-6067.2,0
2026-04-02T16:18:29.465474+00:00,358.99,9.17,358.99,9.17,-97.8,436498850.5455382,8830.0,2213.7,-6064.7,0
2026-04-02T16:18:29.829589+00:00,358.96,9.20,358.96,9.2,-97.8,436498850.5455382,8826.7,2211.4,-6062.4,0
2026-04-02T16:18:30.197196+00:00,358.93,9.23,358.93,9.23,-97.8,436498850.5455382,8823.5,2209.2,-6060.2,0
2026-04-02T16:18:30.605228+00:00,358.89,9.26,358.89,9.26,-97.8,436498850.5455382,8819.9,2206.8,-6057.7,0
2026-04-02T16:18:30.969507+00:00,358.86,9.29,358.86,9.29,-97.8,436498850.5455382,8816.6,2204.6,-6055.5,0
2026-04-02T16:18:31.337503+00:00,358.82,9.32,358.82,9.32,-97.8,436498850.5455382,8813.3,2202.3,-6053.2,0
2026-04-02T16:18:31.745239+00:00,358.79,9.35,358.79,9.35,-97.8,436498850.5455382,8809.6,2199.9,-6050.6,0
2026-04-02T16:18:32.109481+00:00,358.76,9.38,358.76,9.38,-97.8,436498850.5455382,8806.3,2197.7,-6048.4,0
2026-04-02T16:18:32.477548+00:00,358.72,9.41,358.72,9.41,-97.8,436498850.5455382,8802.9,2195.4,-6046.1,0
2026-04-02T16:18:32.945496+00:00,358.69,9.44,358.69,9.44,-97.8,436498799.22743404,8799.2,2193.0,-6043.5,0
2026-04-02T16:18:33.309698+00:00,358.65,9.48,358.65,9.48,-97.8,436498799.22743404,8795.3,2190.4,-6040.8,0
2026-04-02T16:18:33.677500+00:00,358.62,9.50,358.62,9.5,-97.8,436498799.22743404,8791.9,2188.2,-6038.5,0
2026-04-02T16:18:34.085193+00:00,358.58,9.54,358.58,9.54,-97.8,436498799.22743404,8788.1,2185.7,-6035.9,0
2026-04-02T16:18:34.449266+00:00,358.55,9.57,358.55,9.57,-97.8,436498799.22743404,8784.8,2183.5,-6033.6,0
2026-04-02T16:18:34.817193+00:00,358.51,9.60,358.51,9.6,-97.8,436498799.22743404,8781.3,2181.3,-6031.2,0
2026-04-02T16:18:35.225485+00:00,358.47,9.63,358.47,9.63,-97.8,436498799.22743404,8777.5,2178.8,-6028.6,0
2026-04-02T16:18:35.589536+00:00,358.44,9.66,358.44,9.66,-97.8,436498799.22743404,8774.1,2176.6,-6026.3,0
2026-04-02T16:18:35.957542+00:00,358.41,9.69,358.41,9.69,-97.8,436498799.22743404,8770.6,2174.4,-6023.9,0
2026-04-02T16:18:36.365544+00:00,358.37,9.72,358.37,9.72,-97.8,436498799.22743404,8766.8,2172.0,-6021.3,0
2026-04-02T16:18:36.732791+00:00,358.34,9.75,358.34,9.75,-97.8,436498799.22743404,8763.3,2169.8,-6018.9,0
2026-04-02T16:18:37.097501+00:00,358.30,9.78,358.3,9.78,-97.8,436498799.22743404,8759.8,2167.6,-6016.5,0
2026-04-02T16:18:37.505188+00:00,358.26,9.81,358.26,9.81,-97.8,436498799.22743404,8755.9,2165.1,-6013.8,0
2026-04-02T16:18:37.874544+00:00,358.23,9.84,358.23,9.84,-97.8,436498799.22743404,8752.5,2162.9,-6011.4,0
2026-04-02T16:18:38.238603+00:00,358.20,9.87,358.2,9.87,-97.8,436498799.22743404,8748.9,2160.7,-6009.0,0
2026-04-02T16:18:38.705483+00:00,358.16,9.91,358.16,9.91,-97.8,436498744.98671824,8745.0,2158.3,-6006.3,0
2026-04-02T16:18:39.073477+00:00,358.12,9.94,358.12,9.94,-97.8,436498744.98671824,8740.8,2155.7,-6003.4,0
2026-04-02T16:18:39.437188+00:00,358.08,9.97,358.08,9.97,-97.8,436498744.98671824,8737.3,2153.5,-6001.0,0
2026-04-02T16:18:39.845210+00:00,358.05,10.00,358.05,10.0,-97.8,436498744.98671824,8733.3,2151.1,-5998.3,0
2026-04-02T16:18:40.213479+00:00,358.01,10.03,358.01,10.03,-97.8,436498744.98671824,8729.7,2148.8,-5995.8,0
2026-04-02T16:18:40.577201+00:00,357.98,10.06,357.98,10.06,-97.8,436498744.98671824,8726.1,2146.7,-5993.3,0
2026-04-02T16:18:40.985479+00:00,357.94,10.10,357.94,10.1,-97.8,436498744.98671824,8722.1,2144.2,-5990.6,0
2026-04-02T16:18:41.353595+00:00,357.90,10.13,357.9,10.13,-97.8,436498744.98671824,8718.5,2142.0,-5988.1,0
2026-04-02T16:18:41.717502+00:00,357.87,10.16,357.87,10.16,-97.8,436498744.98671824,8714.9,2139.8,-5985.6,0
2026-04-02T16:18:42.125574+00:00,357.83,10.19,357.83,10.19,-97.8,436498744.98671824,8710.8,2137.4,-5982.8,0
2026-04-02T16:18:42.493526+00:00,357.80,10.22,357.8,10.22,-97.8,436498744.98671824,8707.1,2135.2,-5980.3,0
2026-04-02T16:18:42.857755+00:00,357.76,10.25,357.76,10.25,-97.8,436498744.98671824,8703.5,2133.0,-5977.8,0
2026-04-02T16:18:43.265518+00:00,357.72,10.28,357.72,10.28,-97.8,436498744.98671824,8699.3,2130.6,-5974.9,0
2026-04-02T16:18:43.633505+00:00,357.69,10.31,357.69,10.31,-97.8,436498744.98671824,8695.6,2128.4,-5972.4,0
2026-04-02T16:18:44.061562+00:00,357.65,10.35,357.65,10.35,-97.8,436498693.31386256,8691.3,2125.8,-5969.4,0
2026-04-02T16:18:44.470586+00:00,357.61,10.38,357.61,10.38,-97.8,436498693.31386256,8687.2,2123.4,-5966.6,0
2026-04-02T16:18:44.833517+00:00,357.57,10.41,357.57,10.41,-97.8,436498693.31386256,8683.4,2121.2,-5964.0,0
2026-04-02T16:18:45.202548+00:00,357.53,10.44,357.53,10.44,-97.8,436498693.31386256,8679.6,2119.0,-5961.4,0
2026-04-02T16:18:45.610546+00:00,357.50,10.48,357.5,10.48,-97.8,436498693.31386256,8675.4,2116.6,-5958.5,0
2026-04-02T16:18:45.973503+00:00,357.46,10.51,357.46,10.51,-97.8,436498693.31386256,8671.6,2114.4,-5955.9,0
2026-04-02T16:18:46.342545+00:00,357.42,10.54,357.42,10.54,-97.8,436498693.31386256,8667.8,2112.2,-5953.3,0
2026-04-02T16:18:46.750293+00:00,357.38,10.57,357.38,10.57,-97.8,436498693.31386256,8663.6,2109.8,-5950.4,0
2026-04-02T16:18:47.113222+00:00,357.35,10.60,357.35,10.6,-97.8,436498693.31386256,8659.8,2107.6,-5947.8,0
2026-04-02T16:18:47.482255+00:00,357.31,10.63,357.31,10.63,-97.8,436498693.31386256,8655.9,2105.5,-5945.1,0
2026-04-02T16:18:47.886179+00:00,357.27,10.67,357.27,10.67,-97.8,436498693.31386256,8651.7,2103.1,-5942.2,0
2026-04-02T16:18:48.253520+00:00,357.23,10.70,357.23,10.7,-97.8,436498693.31386256,8647.8,2100.9,-5939.5,0
2026-04-02T16:18:48.621208+00:00,357.20,10.73,357.2,10.73,-97.8,436498693.31386256,8643.9,2098.7,-5936.9,0
2026-04-02T16:18:49.089484+00:00,357.16,10.76,357.16,10.76,-97.8,436498639.56795037,8639.6,2096.3,-5933.9,0
2026-04-02T16:18:49.458559+00:00,357.12,10.80,357.12,10.8,-97.8,436498639.56795037,8635.0,2093.7,-5930.7,0
2026-04-02T16:18:49.821489+00:00,357.08,10.83,357.08,10.83,-97.8,436498639.56795037,8631.1,2091.6,-5928.0,0
2026-04-02T16:18:50.229497+00:00,357.04,10.86,357.04,10.86,-97.8,436498639.56795037,8626.7,2089.1,-5925.0,0
2026-04-02T16:18:50.598536+00:00,357.00,10.89,357.0,10.89,-97.8,436498639.56795037,8622.7,2087.0,-5922.3,0
2026-04-02T16:18:50.961489+00:00,356.96,10.93,356.96,10.93,-97.8,436498639.56795037,8618.7,2084.8,-5919.6,0
2026-04-02T16:18:51.369504+00:00,356.92,10.96,356.92,10.96,-97.8,436498639.56795037,8614.3,2082.4,-5916.5,0
2026-04-02T16:18:51.733778+00:00,356.89,10.99,356.89,10.99,-97.8,436498639.56795037,8610.3,2080.2,-5913.8,0
2026-04-02T16:18:52.101476+00:00,356.85,11.02,356.85,11.02,-97.8,436498639.56795037,8606.3,2078.1,-5911.0,0
2026-04-02T16:18:52.509538+00:00,356.81,11.06,356.81,11.06,-97.8,436498639.56795037,8601.8,2075.7,-5907.9,0
2026-04-02T16:18:52.873510+00:00,356.77,11.09,356.77,11.09,-97.8,436498639.56795037,8597.7,2073.5,-5905.2,0
2026-04-02T16:18:53.241503+00:00,356.73,11.12,356.73,11.12,-97.8,436498639.56795037,8593.7,2071.3,-5902.4,0
2026-04-02T16:18:53.709184+00:00,356.69,11.15,356.69,11.15,-97.8,436498589.16978276,8589.2,2068.9,-5899.3,0
2026-04-02T16:18:54.073279+00:00,356.65,11.19,356.65,11.19,-97.8,436498589.16978276,8584.4,2066.4,-5896.0,0
2026-04-02T16:18:54.441461+00:00,356.61,11.22,356.61,11.22,-97.8,436498589.16978276,8580.3,2064.3,-5893.2,0
2026-04-02T16:18:54.849537+00:00,356.57,11.25,356.57,11.25,-97.8,436498589.16978276,8575.7,2061.9,-5890.0,0
2026-04-02T16:18:55.213577+00:00,356.53,11.29,356.53,11.29,-97.8,436498589.16978276,8571.6,2059.7,-5887.2,0
2026-04-02T16:18:55.581552+00:00,356.49,11.32,356.49,11.32,-97.8,436498589.16978276,8567.5,2057.5,-5884.4,0
2026-04-02T16:18:55.989502+00:00,356.45,11.35,356.45,11.35,-97.8,436498589.16978276,8562.8,2055.1,-5881.2,0
2026-04-02T16:18:56.353538+00:00,356.41,11.38,356.41,11.38,-97.8,436498589.16978276,8558.7,2053.0,-5878.3,0
2026-04-02T16:18:56.721495+00:00,356.37,11.41,356.37,11.41,-97.8,436498589.16978276,8554.5,2050.8,-5875.4,0
2026-04-02T16:18:57.129528+00:00,356.33,11.45,356.33,11.45,-97.8,436498589.16978276,8549.8,2048.4,-5872.2,0
2026-04-02T16:18:57.494245+00:00,356.29,11.48,356.29,11.48,-97.8,436498589.16978276,8545.5,2046.3,-5869.3,0
2026-04-02T16:18:57.861515+00:00,356.25,11.51,356.25,11.51,-97.8,436498589.16978276,8541.3,2044.1,-5866.4,0
2026-04-02T16:18:58.329493+00:00,356.21,11.55,356.21,11.55,-97.8,436498536.5904981,8536.6,2041.8,-5863.1,0
2026-04-02T16:18:58.698561+00:00,356.16,11.58,356.16,11.58,-97.8,436498536.5904981,8531.6,2039.2,-5859.7,0
2026-04-02T16:18:59.061503+00:00,356.12,11.62,356.12,11.62,-97.8,436498536.5904981,8527.3,2037.1,-5856.8,0
2026-04-02T16:18:59.469598+00:00,356.08,11.65,356.08,11.65,-97.8,436498536.5904981,8522.6,2034.7,-5853.5,0
2026-04-02T16:18:59.833509+00:00,356.04,11.68,356.04,11.68,-97.8,436498536.5904981,8518.3,2032.6,-5850.6,0
2026-04-02T16:19:00.201182+00:00,356.00,11.71,356.0,11.71,-97.8,436498536.5904981,8513.9,2030.4,-5847.6,0
2026-04-02T16:19:00.609489+00:00,355.96,11.75,355.96,11.75,-97.8,436498536.5904981,8509.1,2028.1,-5844.2,0
2026-04-02T16:19:00.973526+00:00,355.92,11.78,355.92,11.78,-97.8,436498536.5904981,8504.7,2025.9,-5841.3,0
2026-04-02T16:19:01.341524+00:00,355.88,11.81,355.88,11.81,-97.8,436498536.5904981,8500.3,2023.8,-5838.2,0
2026-04-02T16:19:01.749202+00:00,355.84,11.85,355.84,11.85,-97.8,436498536.5904981,8495.4,2021.4,-5834.9,0
2026-04-02T16:19:02.113489+00:00,355.80,11.88,355.8,11.88,-97.8,436498536.5904981,8491.0,2019.3,-5831.9,0
2026-04-02T16:19:02.481494+00:00,355.76,11.91,355.76,11.91,-97.8,436498536.5904981,8486.6,2017.1,-5828.8,0
2026-04-02T16:19:02.949530+00:00,355.71,11.95,355.71,11.95,-97.8,436498481.69359857,8481.7,2014.8,-5825.4,0
2026-04-02T16:19:03.313507+00:00,355.67,11.99,355.67,11.99,-97.8,436498481.69359857,8476.5,2012.3,-5821.9,0
2026-04-02T16:19:03.681476+00:00,355.63,12.02,355.63,12.02,-97.8,436498481.69359857,8472.0,2010.1,-5818.8,0
2026-04-02T16:19:04.089514+00:00,355.58,12.05,355.58,12.05,-97.8,436498481.69359857,8467.0,2007.8,-5815.3,0
2026-04-02T16:19:04.453496+00:00,355.54,12.09,355.54,12.09,-97.8,436498481.69359857,8462.5,2005.7,-5812.3,0
2026-04-02T16:19:04.821492+00:00,355.50,12.12,355.5,12.12,-97.8,436498481.69359857,8457.9,2003.5,-5809.1,0
2026-04-02T16:19:05.229656+00:00,355.45,12.15,355.45,12.15,-97.8,436498481.69359857,8452.9,2001.1,-5805.7,0
2026-04-02T16:19:05.593469+00:00,355.41,12.19,355.41,12.19,-97.8,436498481.69359857,8448.4,1999.0,-5802.6,0
2026-04-02T16:19:05.961495+00:00,355.37,12.22,355.37,12.22,-97.8,436498481.69359857,8443.8,1996.9,-5799.4,0
2026-04-02T16:19:06.369506+00:00,355.33,12.25,355.33,12.25,-97.8,436498481.69359857,8438.6,1994.5,-5795.9,0
2026-04-02T16:19:06.733548+00:00,355.29,12.29,355.29,12.29,-97.8,436498481.69359857,8434.1,1992.4,-5792.7,0
2026-04-02T16:19:07.162652+00:00,355.24,12.32,355.24,12.32,-97.8,436498431.1994563,8428.7,1989.9,-5789.0,0
2026-04-02T16:19:07.569548+00:00,355.19,12.36,355.19,12.36,-97.8,436498431.1994563,8423.5,1987.6,-5785.5,0
2026-04-02T16:19:07.937244+00:00,355.15,12.39,355.15,12.39,-97.8,436498431.1994563,8418.8,1985.5,-5782.2,0
2026-04-02T16:19:08.301547+00:00,355.11,12.43,355.11,12.43,-97.8,436498431.1994563,8414.1,1983.3,-5779.1,0
2026-04-02T16:19:08.709494+00:00,355.06,12.46,355.06,12.46,-97.8,436498431.1994563,8408.9,1981.0,-5775.5,0
2026-04-02T16:19:09.073536+00:00,355.02,12.49,355.02,12.49,-97.8,436498431.1994563,8404.2,1978.9,-5772.2,0
2026-04-02T16:19:09.441340+00:00,354.98,12.53,354.98,12.53,-97.8,436498431.1994563,8399.5,1976.8,-5769.0,0
2026-04-02T16:19:09.849239+00:00,354.93,12.56,354.93,12.56,-97.8,436498431.1994563,8394.2,1974.4,-5765.3,0
2026-04-02T16:19:10.213496+00:00,354.89,12.60,354.89,12.6,-97.8,436498431.1994563,8389.5,1972.3,-5762.1,0
2026-04-02T16:19:10.581499+00:00,354.85,12.63,354.85,12.63,-97.8,436498431.1994563,8384.7,1970.2,-5758.8,0
2026-04-02T16:19:11.049500+00:00,354.80,12.66,354.8,12.66,-97.8,436498379.3083467,8379.3,1967.8,-5755.1,0
2026-04-02T16:19:11.418264+00:00,354.75,12.70,354.75,12.7,-97.8,436498379.3083467,8373.7,1965.4,-5751.3,0
2026-04-02T16:19:11.781515+00:00,354.71,12.74,354.71,12.74,-97.8,436498379.3083467,8368.9,1963.3,-5748.0,0
2026-04-02T16:19:12.189561+00:00,354.66,12.77,354.66,12.77,-97.8,436498379.3083467,8363.5,1960.9,-5744.2,0
2026-04-02T16:19:12.553622+00:00,354.62,12.81,354.62,12.81,-97.8,436498379.3083467,8358.6,1958.8,-5740.9,0
2026-04-02T16:19:12.921483+00:00,354.58,12.84,354.58,12.84,-97.8,436498379.3083467,8353.7,1956.7,-5737.5,0
2026-04-02T16:19:13.329528+00:00,354.53,12.87,354.53,12.87,-97.8,436498379.3083467,8348.2,1954.4,-5733.8,0
2026-04-02T16:19:13.693511+00:00,354.49,12.91,354.49,12.91,-97.8,436498379.3083467,8343.4,1952.3,-5730.4,0
2026-04-02T16:19:14.061511+00:00,354.45,12.94,354.45,12.94,-97.8,436498379.3083467,8338.4,1950.2,-5727.0,0
2026-04-02T16:19:14.469204+00:00,354.40,12.98,354.4,12.98,-97.8,436498379.3083467,8332.9,1947.9,-5723.2,0
2026-04-02T16:19:14.833478+00:00,354.35,13.01,354.35,13.01,-97.8,436498379.3083467,8327.9,1945.8,-5719.8,0
2026-04-02T16:19:15.261212+00:00,354.30,13.05,354.3,13.05,-97.8,436498324.8223618,8322.1,1943.3,-5715.8,0
2026-04-02T16:19:15.669191+00:00,354.26,13.09,354.26,13.09,-97.8,436498324.8223618,8316.5,1941.0,-5712.0,0
2026-04-02T16:19:16.033491+00:00,354.21,13.12,354.21,13.12,-97.8,436498324.8223618,8311.4,1938.9,-5708.5,0
2026-04-02T16:19:16.401197+00:00,354.17,13.15,354.17,13.15,-97.8,436498324.8223618,8306.4,1936.8,-5705.0,0
2026-04-02T16:19:16.810216+00:00,354.12,13.19,354.12,13.19,-97.8,436498324.8223618,8300.8,1934.5,-5701.2,0
2026-04-02T16:19:17.173556+00:00,354.08,13.22,354.08,13.22,-97.8,436498324.8223618,8295.7,1932.4,-5697.7,0
2026-04-02T16:19:17.541517+00:00,354.03,13.26,354.03,13.26,-97.8,436498324.8223618,8290.6,1930.3,-5694.2,0
2026-04-02T16:19:17.949604+00:00,353.98,13.29,353.98,13.29,-97.8,436498324.8223618,8284.9,1928.0,-5690.3,0
2026-04-02T16:19:18.313557+00:00,353.94,13.33,353.94,13.33,-97.8,436498324.8223618,8279.7,1925.9,-5686.7,0
2026-04-02T16:19:18.681503+00:00,353.89,13.36,353.89,13.36,-97.8,436498324.8223618,8274.5,1923.9,-5683.2,0
2026-04-02T16:19:19.149214+00:00,353.84,13.40,353.84,13.4,-97.8,436498268.76878774,8268.8,1921.5,-5679.2,0
2026-04-02T16:19:19.513408+00:00,353.79,13.44,353.79,13.44,-97.8,436498268.76878774,8262.7,1919.1,-5675.0,0
2026-04-02T16:19:19.881557+00:00,353.75,13.47,353.75,13.47,-97.8,436498268.76878774,8257.5,1917.0,-5671.5,0
2026-04-02T16:19:20.289515+00:00,353.70,13.51,353.7,13.51,-97.8,436498268.76878774,8251.7,1914.7,-5667.4,0
2026-04-02T16:19:20.653245+00:00,353.65,13.54,353.65,13.54,-97.8,436498268.76878774,8246.4,1912.7,-5663.9,0
2026-04-02T16:19:21.021530+00:00,353.61,13.58,353.61,13.58,-97.8,436498268.76878774,8241.1,1910.6,-5660.2,0
2026-04-02T16:19:21.430569+00:00,353.56,13.61,353.56,13.61,-97.8,436498268.76878774,8235.3,1908.3,-5656.2,0
2026-04-02T16:19:21.793506+00:00,353.51,13.65,353.51,13.65,-97.8,436498268.76878774,8229.9,1906.2,-5652.5,0
2026-04-02T16:19:22.162588+00:00,353.47,13.68,353.47,13.68,-97.8,436498268.76878774,8224.6,1904.1,-5648.8,0
2026-04-02T16:19:22.629494+00:00,353.42,13.72,353.42,13.72,-97.8,436498218.64930266,8218.6,1901.9,-5644.8,0
2026-04-02T16:19:22.993497+00:00,353.36,13.76,353.36,13.76,-97.8,436498218.64930266,8212.4,1899.4,-5640.5,0
2026-04-02T16:19:23.364911+00:00,353.32,13.79,353.32,13.79,-97.8,436498218.64930266,8206.9,1897.4,-5636.7,0
2026-04-02T16:19:23.770566+00:00,353.26,13.83,353.26,13.83,-97.8,436498218.64930266,8201.0,1895.1,-5632.6,0
2026-04-02T16:19:24.133209+00:00,353.22,13.86,353.22,13.86,-97.8,436498218.64930266,8195.5,1893.0,-5628.9,0
2026-04-02T16:19:24.502587+00:00,353.17,13.90,353.17,13.9,-97.8,436498218.64930266,8190.0,1890.9,-5625.1,0
2026-04-02T16:19:24.910575+00:00,353.12,13.94,353.12,13.94,-97.8,436498218.64930266,8184.0,1888.7,-5621.0,0
2026-04-02T16:19:25.273484+00:00,353.07,13.97,353.07,13.97,-97.8,436498218.64930266,8178.4,1886.6,-5617.2,0
2026-04-02T16:19:25.642556+00:00,353.03,14.00,353.03,14.0,-97.8,436498218.64930266,8172.9,1884.5,-5613.3,0
2026-04-02T16:19:26.109542+00:00,352.98,14.04,352.98,14.04,-97.8,436498166.77738816,8166.8,1882.3,-5609.2,0
2026-04-02T16:19:26.474607+00:00,352.92,14.08,352.92,14.08,-97.8,436498166.77738816,8160.3,1879.9,-5604.7,0
2026-04-02T16:19:26.841534+00:00,352.87,14.12,352.87,14.12,-97.8,436498166.77738816,8154.7,1877.8,-5600.8,0
2026-04-02T16:19:27.249332+00:00,352.82,14.16,352.82,14.16,-97.8,436498166.77738816,8148.4,1875.5,-5596.5,0
2026-04-02T16:19:27.613535+00:00,352.77,14.19,352.77,14.19,-97.8,436498166.77738816,8142.8,1873.5,-5592.7,0
2026-04-02T16:19:27.981508+00:00,352.73,14.22,352.73,14.22,-97.8,436498166.77738816,8137.2,1871.4,-5588.8,0
2026-04-02T16:19:28.393075+00:00,352.67,14.26,352.67,14.26,-97.8,436498166.77738816,8130.9,1869.2,-5584.5,0
2026-04-02T16:19:28.753514+00:00,352.63,14.30,352.63,14.3,-97.8,436498166.77738816,8125.2,1867.1,-5580.6,0
2026-04-02T16:19:29.121515+00:00,352.58,14.33,352.58,14.33,-97.8,436498166.77738816,8119.5,1865.1,-5576.7,0
2026-04-02T16:19:29.589505+00:00,352.53,14.37,352.53,14.37,-97.8,436498113.1409583,8113.1,1862.8,-5572.3,0
2026-04-02T16:19:29.958552+00:00,352.47,14.41,352.47,14.41,-97.8,436498113.1409583,8106.4,1860.4,-5567.7,0
2026-04-02T16:19:30.321501+00:00,352.42,14.45,352.42,14.45,-97.8,436498113.1409583,8100.6,1858.4,-5563.7,0
2026-04-02T16:19:30.729227+00:00,352.37,14.48,352.37,14.48,-97.8,436498113.1409583,8094.2,1856.1,-5559.3,0
2026-04-02T16:19:31.093482+00:00,352.32,14.52,352.32,14.52,-97.8,436498113.1409583,8088.3,1854.1,-5555.3,0
2026-04-02T16:19:31.461480+00:00,352.27,14.55,352.27,14.55,-97.8,436498113.1409583,8082.5,1852.0,-5551.3,0
2026-04-02T16:19:31.869524+00:00,352.22,14.59,352.22,14.59,-97.8,436498113.1409583,8076.0,1849.8,-5546.8,0
2026-04-02T16:19:32.233381+00:00,352.17,14.63,352.17,14.63,-97.8,436498113.1409583,8070.2,1847.8,-5542.8,0
2026-04-02T16:19:32.601492+00:00,352.12,14.66,352.12,14.66,-97.8,436498113.1409583,8064.2,1845.7,-5538.7,0
2026-04-02T16:19:33.069537+00:00,352.06,14.70,352.06,14.7,-97.8,436498057.6227106,8057.6,1843.5,-5534.2,0
2026-04-02T16:19:33.437124+00:00,352.01,14.74,352.01,14.74,-97.8,436498057.6227106,8050.7,1841.1,-5529.4,0
2026-04-02T16:19:33.802356+00:00,351.96,14.78,351.96,14.78,-97.8,436498057.6227106,8044.8,1839.1,-5525.3,0
2026-04-02T16:19:34.209594+00:00,351.90,14.82,351.9,14.82,-97.8,436498057.6227106,8038.1,1836.8,-5520.8,0
2026-04-02T16:19:34.573504+00:00,351.85,14.85,351.85,14.85,-97.8,436498057.6227106,8032.1,1834.8,-5516.7,0
2026-04-02T16:19:34.941552+00:00,351.80,14.89,351.8,14.89,-97.8,436498057.6227106,8026.0,1832.8,-5512.5,0
2026-04-02T16:19:35.349490+00:00,351.75,14.93,351.75,14.93,-97.8,436498057.6227106,8019.3,1830.5,-5507.8,0
2026-04-02T16:19:35.713209+00:00,351.70,14.96,351.7,14.96,-97.8,436498057.6227106,8013.3,1828.5,-5503.7,0
2026-04-02T16:19:36.082963+00:00,351.65,15.00,351.65,15.0,-97.8,436498057.6227106,8007.1,1826.5,-5499.5,0
2026-04-02T16:19:36.549524+00:00,351.59,15.03,351.59,15.03,-97.8,436498000.3698065,8000.4,1824.3,-5494.9,0
2026-04-02T16:19:36.913495+00:00,351.53,15.08,351.53,15.08,-97.8,436498000.3698065,7993.1,1821.9,-5489.9,0
2026-04-02T16:19:37.281541+00:00,351.48,15.11,351.48,15.11,-97.8,436498000.3698065,7987.0,1819.9,-5485.7,0
2026-04-02T16:19:37.689530+00:00,351.42,15.15,351.42,15.15,-97.8,436498000.3698065,7980.1,1817.7,-5480.9,0
2026-04-02T16:19:38.053502+00:00,351.37,15.19,351.37,15.19,-97.8,436498000.3698065,7973.9,1815.7,-5476.7,0
2026-04-02T16:19:38.421513+00:00,351.32,15.22,351.32,15.22,-97.8,436498000.3698065,7967.6,1813.7,-5472.4,0
2026-04-02T16:19:38.829582+00:00,351.27,15.26,351.27,15.26,-97.8,436498000.3698065,7960.7,1811.4,-5467.6,0
2026-04-02T16:19:39.193576+00:00,351.21,15.30,351.21,15.3,-97.8,436498000.3698065,7954.4,1809.5,-5463.3,0
2026-04-02T16:19:39.561525+00:00,351.16,15.33,351.16,15.33,-97.8,436498000.3698065,7948.1,1807.4,-5458.9,0
2026-04-02T16:19:40.029204+00:00,351.11,15.37,351.11,15.37,-97.8,436497941.0957433,7941.1,1805.2,-5454.1,0
2026-04-02T16:19:40.393507+00:00,351.04,15.41,351.04,15.41,-97.8,436497941.0957433,7933.6,1802.9,-5449.0,0
2026-04-02T16:19:40.761513+00:00,350.99,15.45,350.99,15.45,-97.8,436497941.0957433,7927.3,1800.9,-5444.6,0
2026-04-02T16:19:41.169503+00:00,350.94,15.49,350.94,15.49,-97.8,436497941.0957433,7920.1,1798.7,-5439.8,0
2026-04-02T16:19:41.533533+00:00,350.88,15.52,350.88,15.52,-97.8,436497941.0957433,7913.8,1796.7,-5435.4,0
2026-04-02T16:19:41.901579+00:00,350.83,15.56,350.83,15.56,-97.8,436497941.0957433,7907.3,1794.7,-5430.9,0
2026-04-02T16:19:42.309540+00:00,350.77,15.60,350.77,15.6,-97.8,436497941.0957433,7900.0,1792.5,-5425.9,0
2026-04-02T16:19:42.673486+00:00,350.72,15.64,350.72,15.64,-97.8,436497941.0957433,7893.6,1790.5,-5421.5,0
2026-04-02T16:19:43.101510+00:00,350.66,15.68,350.66,15.68,-97.8,436497889.5586743,7886.0,1788.2,-5416.3,0
2026-04-02T16:19:43.509477+00:00,350.60,15.72,350.6,15.72,-97.8,436497889.5586743,7878.7,1786.0,-5411.3,0
2026-04-02T16:19:43.873796+00:00,350.55,15.75,350.55,15.75,-97.8,436497889.5586743,7872.1,1784.0,-5406.7,0
2026-04-02T16:19:44.241210+00:00,350.49,15.79,350.49,15.79,-97.8,436497889.5586743,7865.5,1782.0,-5402.2,0
2026-04-02T16:19:44.649516+00:00,350.43,15.83,350.43,15.83,-97.8,436497889.5586743,7858.1,1779.8,-5397.2,0
2026-04-02T16:19:45.013310+00:00,350.38,15.87,350.38,15.87,-97.8,436497889.5586743,7851.5,1777.9,-5392.6,0
2026-04-02T16:19:45.381510+00:00,350.33,15.90,350.33,15.9,-97.8,436497889.5586743,7844.8,1775.9,-5388.0,0
2026-04-02T16:19:45.850623+00:00,350.27,15.94,350.27,15.94,-97.8,436497837.37324196,7837.4,1773.7,-5382.9,0
2026-04-02T16:19:46.213489+00:00,350.20,15.99,350.2,15.99,-97.8,436497837.37324196,7829.5,1771.4,-5377.5,0
2026-04-02T16:19:46.581525+00:00,350.15,16.02,350.15,16.02,-97.8,436497837.37324196,7822.8,1769.4,-5372.9,0
2026-04-02T16:19:46.989270+00:00,350.09,16.06,350.09,16.06,-97.8,436497837.37324196,7815.3,1767.2,-5367.7,0
2026-04-02T16:19:47.353206+00:00,350.03,16.10,350.03,16.1,-97.8,436497837.37324196,7808.4,1765.3,-5363.0,0
2026-04-02T16:19:47.721198+00:00,349.98,16.13,349.98,16.13,-97.8,436497837.37324196,7801.7,1763.3,-5358.4,0
2026-04-02T16:19:48.129213+00:00,349.92,16.18,349.92,16.18,-97.8,436497837.37324196,7794.0,1761.1,-5353.1,0
2026-04-02T16:19:48.498542+00:00,349.87,16.21,349.87,16.21,-97.8,436497837.37324196,7787.2,1759.2,-5348.5,0
2026-04-02T16:19:48.925883+00:00,349.80,16.25,349.8,16.25,-97.8,436497782.84246874,7779.1,1756.9,-5342.9,0
2026-04-02T16:19:49.329291+00:00,349.74,16.29,349.74,16.29,-97.8,436497782.84246874,7771.4,1754.7,-5337.6,0
2026-04-02T16:19:49.697511+00:00,349.68,16.33,349.68,16.33,-97.8,436497782.84246874,7764.4,1752.7,-5332.8,0
2026-04-02T16:19:50.061217+00:00,349.63,16.37,349.63,16.37,-97.8,436497782.84246874,7757.5,1750.8,-5328.1,0
2026-04-02T16:19:50.469502+00:00,349.57,16.41,349.57,16.41,-97.8,436497782.84246874,7749.7,1748.6,-5322.7,0
2026-04-02T16:19:50.833770+00:00,349.51,16.45,349.51,16.45,-97.8,436497782.84246874,7742.6,1746.7,-5317.8,0
2026-04-02T16:19:51.201516+00:00,349.45,16.48,349.45,16.48,-97.8,436497782.84246874,7735.6,1744.7,-5313.0,0
2026-04-02T16:19:51.669494+00:00,349.39,16.52,349.39,16.52,-97.8,436497727.75290865,7727.8,1742.6,-5307.6,0
2026-04-02T16:19:52.037509+00:00,349.33,16.57,349.33,16.57,-97.8,436497727.75290865,7719.4,1740.3,-5301.9,0
2026-04-02T16:19:52.401469+00:00,349.27,16.60,349.27,16.6,-97.8,436497727.75290865,7712.4,1738.4,-5297.0,0
2026-04-02T16:19:52.809476+00:00,349.21,16.64,349.21,16.64,-97.8,436497727.75290865,7704.4,1736.2,-5291.6,0
2026-04-02T16:19:53.173209+00:00,349.15,16.68,349.15,16.68,-97.8,436497727.75290865,7697.2,1734.3,-5286.6,0
2026-04-02T16:19:53.541530+00:00,349.09,16.72,349.09,16.72,-97.8,436497727.75290865,7690.0,1732.3,-5281.7,0
2026-04-02T16:19:53.953973+00:00,349.03,16.76,349.03,16.76,-97.8,436497727.75290865,7681.9,1730.2,-5276.1,0
2026-04-02T16:19:54.313505+00:00,348.97,16.80,348.97,16.8,-97.8,436497727.75290865,7674.7,1728.3,-5271.2,0
2026-04-02T16:19:54.741498+00:00,348.91,16.84,348.91,16.84,-97.8,436497670.18790853,7666.2,1726.0,-5265.3,0
2026-04-02T16:19:55.149879+00:00,348.84,16.88,348.84,16.88,-97.8,436497670.18790853,7658.0,1723.9,-5259.7,0
2026-04-02T16:19:55.519686+00:00,348.78,16.92,348.78,16.92,-97.8,436497670.18790853,7650.6,1721.9,-5254.6,0
2026-04-02T16:19:55.881199+00:00,348.73,16.95,348.73,16.95,-97.8,436497670.18790853,7643.3,1720.0,-5249.6,0
2026-04-02T16:19:56.289523+00:00,348.66,17.00,348.66,17.0,-97.8,436497670.18790853,7635.1,1717.9,-5243.9,0
2026-04-02T16:19:56.658279+00:00,348.60,17.03,348.6,17.03,-97.8,436497670.18790853,7627.7,1716.0,-5238.9,0
2026-04-02T16:19:57.021521+00:00,348.54,17.07,348.54,17.07,-97.8,436497670.18790853,7620.2,1714.0,-5233.7,0
2026-04-02T16:19:57.489505+00:00,348.48,17.11,348.48,17.11,-97.8,436497611.8323602,7611.8,1711.9,-5228.0,0
2026-04-02T16:19:57.858540+00:00,348.41,17.16,348.41,17.16,-97.8,436497611.8323602,7603.0,1709.7,-5222.0,0
2026-04-02T16:19:58.221541+00:00,348.35,17.19,348.35,17.19,-97.8,436497611.8323602,7595.6,1707.8,-5216.8,0
2026-04-02T16:19:58.629570+00:00,348.29,17.23,348.29,17.23,-97.8,436497611.8323602,7587.1,1705.6,-5211.0,0
2026-04-02T16:19:59.001745+00:00,348.23,17.27,348.23,17.27,-97.8,436497611.8323602,7579.5,1703.7,-5205.8,0
2026-04-02T16:19:59.361499+00:00,348.17,17.31,348.17,17.31,-97.8,436497611.8323602,7571.9,1701.8,-5200.6,0
2026-04-02T16:19:59.769475+00:00,348.10,17.35,348.1,17.35,-97.8,436497611.8323602,7563.4,1699.7,-5194.7,0
2026-04-02T16:20:00.133641+00:00,348.04,17.39,348.04,17.39,-97.8,436497611.8323602,7555.6,1697.8,-5189.4,0
2026-04-02T16:20:00.561474+00:00,347.97,17.43,347.97,17.43,-97.8,436497550.95871615,7546.7,1695.6,-5183.3,0
2026-04-02T16:20:00.969473+00:00,347.91,17.47,347.91,17.47,-97.8,436497550.95871615,7538.1,1693.5,-5177.4,0
2026-04-02T16:20:01.338591+00:00,347.84,17.51,347.84,17.51,-97.8,436497550.95871615,7530.3,1691.6,-5172.0,0
2026-04-02T16:20:01.701486+00:00,347.78,17.55,347.78,17.55,-97.8,436497550.95871615,7522.5,1689.7,-5166.7,0
2026-04-02T16:20:02.109510+00:00,347.72,17.59,347.72,17.59,-97.8,436497550.95871615,7513.8,1687.6,-5160.7,0
2026-04-02T16:20:02.473475+00:00,347.66,17.63,347.66,17.63,-97.8,436497550.95871615,7505.9,1685.7,-5155.3,0
2026-04-02T16:20:02.841497+00:00,347.60,17.67,347.6,17.67,-97.8,436497550.95871615,7498.1,1683.8,-5149.9,0
2026-04-02T16:20:03.309476+00:00,347.53,17.71,347.53,17.71,-97.8,436497489.25684494,7489.3,1681.7,-5143.8,0
2026-04-02T16:20:03.678569+00:00,347.46,17.75,347.46,17.75,-97.8,436497489.25684494,7480.0,1679.5,-5137.4,0
2026-04-02T16:20:04.045067+00:00,347.39,17.79,347.39,17.79,-97.8,436497489.25684494,7472.0,1677.7,-5132.0,0
2026-04-02T16:20:04.449513+00:00,347.33,17.83,347.33,17.83,-97.8,436497489.25684494,7463.1,1675.6,-5125.9,0
2026-04-02T16:20:04.813643+00:00,347.26,17.87,347.26,17.87,-97.8,436497489.25684494,7455.0,1673.7,-5120.3,0
2026-04-02T16:20:05.182619+00:00,347.20,17.91,347.2,17.91,-97.8,436497489.25684494,7447.0,1671.8,-5114.8,0
2026-04-02T16:20:05.649492+00:00,347.13,17.95,347.13,17.95,-97.8,436497438.01480967,7438.0,1669.7,-5108.6,0
2026-04-02T16:20:06.017540+00:00,347.06,18.00,347.06,18.0,-97.8,436497438.01480967,7428.5,1667.5,-5102.1,0
2026-04-02T16:20:06.381499+00:00,347.00,18.03,347.0,18.03,-97.8,436497438.01480967,7420.4,1665.7,-5096.5,0
2026-04-02T16:20:06.789466+00:00,346.93,18.08,346.93,18.08,-97.8,436497438.01480967,7411.3,1663.6,-5090.3,0
2026-04-02T16:20:07.157514+00:00,346.86,18.12,346.86,18.12,-97.8,436497438.01480967,7403.0,1661.7,-5084.6,0
2026-04-02T16:20:07.521495+00:00,346.80,18.15,346.8,18.15,-97.8,436497438.01480967,7394.8,1659.9,-5079.0,0
2026-04-02T16:20:07.989494+00:00,346.73,18.20,346.73,18.2,-97.8,436497385.6125452,7385.6,1657.8,-5072.6,0
2026-04-02T16:20:08.357538+00:00,346.66,18.24,346.66,18.24,-97.8,436497385.6125452,7375.9,1655.7,-5066.0,0
2026-04-02T16:20:08.721499+00:00,346.59,18.28,346.59,18.28,-97.8,436497385.6125452,7367.6,1653.8,-5060.3,0
2026-04-02T16:20:09.132980+00:00,346.52,18.32,346.52,18.32,-97.8,436497385.6125452,7358.3,1651.7,-5053.9,0
2026-04-02T16:20:09.497497+00:00,346.46,18.36,346.46,18.36,-97.8,436497385.6125452,7349.8,1649.9,-5048.1,0
2026-04-02T16:20:09.861504+00:00,346.39,18.40,346.39,18.4,-97.8,436497385.6125452,7341.5,1648.1,-5042.3,0
2026-04-02T16:20:10.334544+00:00,346.32,18.44,346.32,18.44,-97.8,436497332.0258801,7332.0,1646.0,-5035.8,0
2026-04-02T16:20:10.697479+00:00,346.25,18.49,346.25,18.49,-97.8,436497332.0258801,7322.1,1643.8,-5029.0,0
2026-04-02T16:20:11.065198+00:00,346.18,18.53,346.18,18.53,-97.8,436497332.0258801,7313.5,1642.0,-5023.1,0
2026-04-02T16:20:11.473186+00:00,346.11,18.57,346.11,18.57,-97.8,436497332.0258801,7304.1,1640.0,-5016.6,0
2026-04-02T16:20:11.842595+00:00,346.04,18.61,346.04,18.61,-97.8,436497332.0258801,7295.5,1638.1,-5010.7,0
2026-04-02T16:20:12.205512+00:00,345.98,18.65,345.98,18.65,-97.8,436497332.0258801,7286.8,1636.3,-5004.7,0
2026-04-02T16:20:12.673468+00:00,345.90,18.69,345.9,18.69,-97.8,436497277.13324624,7277.1,1634.2,-4998.1,0
2026-04-02T16:20:13.041595+00:00,345.83,18.73,345.83,18.73,-97.8,436497277.13324624,7267.0,1632.1,-4991.1,0
2026-04-02T16:20:13.405494+00:00,345.76,18.77,345.76,18.77,-97.8,436497277.13324624,7258.3,1630.3,-4985.2,0
2026-04-02T16:20:13.813492+00:00,345.69,18.82,345.69,18.82,-97.8,436497277.13324624,7248.6,1628.2,-4978.5,0
2026-04-02T16:20:14.186600+00:00,345.62,18.85,345.62,18.85,-97.8,436497277.13324624,7239.7,1626.4,-4972.4,0
2026-04-02T16:20:14.545497+00:00,345.56,18.89,345.56,18.89,-97.8,436497277.13324624,7231.0,1624.6,-4966.4,0
2026-04-02T16:20:15.014604+00:00,345.48,18.94,345.48,18.94,-97.8,436497221.0981562,7221.1,1622.6,-4959.6,0
2026-04-02T16:20:15.381530+00:00,345.40,18.98,345.4,18.98,-97.8,436497221.0981562,7210.7,1620.5,-4952.5,0
2026-04-02T16:20:15.745519+00:00,345.34,19.02,345.34,19.02,-97.8,436497221.0981562,7201.9,1618.7,-4946.4,0
2026-04-02T16:20:16.153520+00:00,345.26,19.06,345.26,19.06,-97.8,436497221.0981562,7191.9,1616.6,-4939.6,0
2026-04-02T16:20:16.522299+00:00,345.19,19.10,345.19,19.1,-97.8,436497221.0981562,7182.8,1614.8,-4933.4,0
2026-04-02T16:20:16.885486+00:00,345.13,19.14,345.13,19.14,-97.8,436497221.0981562,7173.9,1613.0,-4927.2,0
2026-04-02T16:20:17.353560+00:00,345.05,19.19,345.05,19.19,-97.8,436497163.8004638,7163.8,1611.0,-4920.3,0
2026-04-02T16:20:17.721531+00:00,344.97,19.23,344.97,19.23,-97.8,436497163.8004638,7153.2,1608.9,-4913.0,0
2026-04-02T16:20:18.085256+00:00,344.90,19.27,344.9,19.27,-97.8,436497163.8004638,7144.1,1607.1,-4906.8,0
2026-04-02T16:20:18.493565+00:00,344.83,19.31,344.83,19.31,-97.8,436497163.8004638,7133.9,1605.1,-4899.8,0
2026-04-02T16:20:18.857894+00:00,344.76,19.35,344.76,19.35,-97.8,436497163.8004638,7124.7,1603.3,-4893.4,0
2026-04-02T16:20:19.229053+00:00,344.69,19.39,344.69,19.39,-97.8,436497163.8004638,7115.5,1601.5,-4887.1,0
2026-04-02T16:20:19.693555+00:00,344.61,19.44,344.61,19.44,-97.8,436497105.2152868,7105.2,1599.6,-4880.0,0
2026-04-02T16:20:20.061610+00:00,344.53,19.48,344.53,19.48,-97.8,436497105.2152868,7094.4,1597.5,-4872.6,0
2026-04-02T16:20:20.425570+00:00,344.46,19.52,344.46,19.52,-97.8,436497105.2152868,7085.1,1595.7,-4866.2,0
2026-04-02T16:20:20.833475+00:00,344.38,19.56,344.38,19.56,-97.8,436497105.2152868,7074.7,1593.7,-4859.1,0
2026-04-02T16:20:21.202564+00:00,344.31,19.60,344.31,19.6,-97.8,436497105.2152868,7065.2,1591.9,-4852.6,0
2026-04-02T16:20:21.565701+00:00,344.24,19.64,344.24,19.64,-97.8,436497105.2152868,7055.9,1590.2,-4846.1,0
2026-04-02T16:20:22.033505+00:00,344.17,19.69,344.17,19.69,-97.8,436497045.31632066,7045.3,1588.2,-4838.9,0
2026-04-02T16:20:22.401324+00:00,344.08,19.73,344.08,19.73,-97.8,436497045.31632066,7034.2,1586.1,-4831.3,0
2026-04-02T16:20:22.765192+00:00,344.01,19.77,344.01,19.77,-97.8,436497045.31632066,7024.7,1584.4,-4824.8,0
2026-04-02T16:20:23.173204+00:00,343.93,19.82,343.93,19.82,-97.8,436497045.31632066,7014.1,1582.4,-4817.4,0
2026-04-02T16:20:23.537219+00:00,343.86,19.86,343.86,19.86,-97.8,436497045.31632066,7004.4,1580.6,-4810.8,0
2026-04-02T16:20:23.905491+00:00,343.79,19.89,343.79,19.89,-97.8,436497045.31632066,6994.9,1578.9,-4804.2,0
2026-04-02T16:20:24.373545+00:00,343.71,19.94,343.71,19.94,-97.8,436496984.0772614,6984.1,1576.9,-4796.8,0
2026-04-02T16:20:24.742702+00:00,343.63,19.99,343.63,19.99,-97.8,436496984.0772614,6972.7,1574.9,-4789.0,0
2026-04-02T16:20:25.105507+00:00,343.55,20.02,343.55,20.02,-97.8,436496984.0772614,6963.0,1573.1,-4782.4,0
2026-04-02T16:20:25.513504+00:00,343.47,20.07,343.47,20.07,-97.8,436496984.0772614,6952.1,1571.2,-4774.9,0
2026-04-02T16:20:25.877728+00:00,343.40,20.11,343.4,20.11,-97.8,436496984.0772614,6942.3,1569.4,-4768.1,0
2026-04-02T16:20:26.245182+00:00,343.33,20.15,343.33,20.15,-97.8,436496984.0772614,6932.5,1567.7,-4761.4,0
2026-04-02T16:20:26.713197+00:00,343.25,20.19,343.25,20.19,-97.8,436496921.47251564,6921.5,1565.7,-4753.8,0
2026-04-02T16:20:27.082617+00:00,343.16,20.24,343.16,20.24,-97.8,436496921.47251564,6909.9,1563.7,-4745.9,0
2026-04-02T16:20:27.445491+00:00,343.09,20.28,343.09,20.28,-97.8,436496921.47251564,6900.0,1562.0,-4739.1,0
2026-04-02T16:20:27.853497+00:00,343.01,20.32,343.01,20.32,-97.8,436496921.47251564,6888.8,1560.0,-4731.4,0
2026-04-02T16:20:28.217233+00:00,342.93,20.36,342.93,20.36,-97.8,436496921.47251564,6878.7,1558.3,-4724.5,0
2026-04-02T16:20:28.585491+00:00,342.86,20.40,342.86,20.4,-97.8,436496921.47251564,6868.7,1556.6,-4717.6,0
2026-04-02T16:20:29.053210+00:00,342.78,20.45,342.78,20.45,-97.8,436496857.4743573,6857.5,1554.7,-4709.9,0
2026-04-02T16:20:29.422275+00:00,342.69,20.49,342.69,20.49,-97.8,436496857.4743573,6845.6,1552.7,-4701.7,0
2026-04-02T16:20:29.785226+00:00,342.62,20.53,342.62,20.53,-97.8,436496857.4743573,6835.5,1550.9,-4694.8,0
2026-04-02T16:20:30.193232+00:00,342.53,20.58,342.53,20.58,-97.8,436496857.4743573,6824.1,1549.0,-4687.0,0
2026-04-02T16:20:30.557501+00:00,342.46,20.62,342.46,20.62,-97.8,436496857.4743573,6813.9,1547.3,-4680.0,0
2026-04-02T16:20:30.925506+00:00,342.38,20.66,342.38,20.66,-97.8,436496857.4743573,6803.6,1545.6,-4672.9,0
2026-04-02T16:20:31.393548+00:00,342.30,20.70,342.3,20.7,-97.8,436496792.1453479,6792.1,1543.7,-4665.0,0
2026-04-02T16:20:31.761227+00:00,342.21,20.75,342.21,20.75,-97.8,436496792.1453479,6779.9,1541.7,-4656.6,0
2026-04-02T16:20:32.125501+00:00,342.13,20.79,342.13,20.79,-97.8,436496792.1453479,6769.6,1540.0,-4649.5,0
2026-04-02T16:20:32.533480+00:00,342.05,20.83,342.05,20.83,-97.8,436496792.1453479,6758.0,1538.1,-4641.5,0
2026-04-02T16:20:32.901509+00:00,341.97,20.87,341.97,20.87,-97.8,436496792.1453479,6747.4,1536.4,-4634.3,0
2026-04-02T16:20:33.325191+00:00,341.88,20.92,341.88,20.92,-97.8,436496740.9026017,6735.2,1534.4,-4625.9,0
2026-04-02T16:20:33.733489+00:00,341.80,20.96,341.8,20.96,-97.8,436496740.9026017,6723.5,1532.6,-4617.8,0
2026-04-02T16:20:34.101549+00:00,341.72,21.00,341.72,21.0,-97.8,436496740.9026017,6712.8,1530.9,-4610.5,0
2026-04-02T16:20:34.469340+00:00,341.64,21.04,341.64,21.04,-97.8,436496740.9026017,6702.2,1529.2,-4603.3,0
2026-04-02T16:20:34.938596+00:00,341.56,21.09,341.56,21.09,-97.8,436496690.3345232,6690.3,1527.3,-4595.1,0
2026-04-02T16:20:35.301492+00:00,341.46,21.14,341.46,21.14,-97.8,436496690.3345232,6677.8,1525.3,-4586.5,0
2026-04-02T16:20:35.670577+00:00,341.39,21.18,341.39,21.18,-97.8,436496690.3345232,6667.0,1523.7,-4579.1,0
2026-04-02T16:20:36.078580+00:00,341.30,21.22,341.3,21.22,-97.8,436496690.3345232,6655.1,1521.8,-4570.9,0
2026-04-02T16:20:36.441482+00:00,341.22,21.26,341.22,21.26,-97.8,436496690.3345232,6644.2,1520.1,-4563.4,0
2026-04-02T16:20:36.869505+00:00,341.13,21.31,341.13,21.31,-97.8,436496637.466603,6631.5,1518.2,-4554.7,0
2026-04-02T16:20:37.277527+00:00,341.04,21.35,341.04,21.35,-97.8,436496637.466603,6619.3,1516.3,-4546.3,0
2026-04-02T16:20:37.641464+00:00,340.96,21.39,340.96,21.39,-97.8,436496637.466603,6608.3,1514.6,-4538.8,0
2026-04-02T16:20:38.009527+00:00,340.88,21.43,340.88,21.43,-97.8,436496637.466603,6597.4,1513.0,-4531.2,0
2026-04-02T16:20:38.477548+00:00,340.79,21.48,340.79,21.48,-97.8,436496585.0906428,6585.1,1511.1,-4522.8,0
2026-04-02T16:20:38.841730+00:00,340.70,21.53,340.7,21.53,-97.8,436496585.0906428,6572.1,1509.2,-4513.9,0
2026-04-02T16:20:39.209177+00:00,340.62,21.57,340.62,21.57,-97.8,436496585.0906428,6561.1,1507.6,-4506.3,0
2026-04-02T16:20:39.620784+00:00,340.53,21.61,340.53,21.61,-97.8,436496585.0906428,6548.7,1505.7,-4497.8,0
2026-04-02T16:20:39.986552+00:00,340.45,21.65,340.45,21.65,-97.8,436496585.0906428,6537.6,1504.1,-4490.2,0
2026-04-02T16:20:40.409348+00:00,340.35,21.70,340.35,21.7,-97.8,436496530.43048126,6524.4,1502.2,-4481.1,0
2026-04-02T16:20:40.817318+00:00,340.26,21.74,340.26,21.74,-97.8,436496530.43048126,6511.8,1500.4,-4472.5,0
2026-04-02T16:20:41.186528+00:00,340.18,21.78,340.18,21.78,-97.8,436496530.43048126,6500.5,1498.7,-4464.7,0
2026-04-02T16:20:41.549522+00:00,340.10,21.82,340.1,21.82,-97.8,436496530.43048126,6489.2,1497.1,-4456.9,0
2026-04-02T16:20:42.017187+00:00,340.01,21.87,340.01,21.87,-97.8,436496476.46276057,6476.5,1495.3,-4448.2,0
2026-04-02T16:20:42.385497+00:00,339.91,21.92,339.91,21.92,-97.8,436496476.46276057,6463.1,1493.4,-4439.0,0
2026-04-02T16:20:42.749486+00:00,339.83,21.96,339.83,21.96,-97.8,436496476.46276057,6451.7,1491.8,-4431.2,0
2026-04-02T16:20:43.157520+00:00,339.74,22.00,339.74,22.0,-97.8,436496476.46276057,6438.8,1489.9,-4422.4,0
2026-04-02T16:20:43.525495+00:00,339.66,22.04,339.66,22.04,-97.8,436496476.46276057,6427.2,1488.3,-4414.4,0
2026-04-02T16:20:43.953488+00:00,339.56,22.09,339.56,22.09,-97.8,436496420.0387947,6413.8,1486.4,-4405.1,0
2026-04-02T16:20:44.363667+00:00,339.47,22.13,339.47,22.13,-97.8,436496420.0387947,6400.8,1484.7,-4396.2,0
2026-04-02T16:20:44.729413+00:00,339.38,22.17,339.38,22.17,-97.8,436496420.0387947,6389.0,1483.0,-4388.2,0
2026-04-02T16:20:45.089736+00:00,339.30,22.22,339.3,22.22,-97.8,436496420.0387947,6377.3,1481.4,-4380.1,0
2026-04-02T16:20:45.562268+00:00,339.21,22.26,339.21,22.26,-97.8,436496364.27101237,6364.3,1479.7,-4371.1,0
2026-04-02T16:20:45.925497+00:00,339.11,22.31,339.11,22.31,-97.8,436496364.27101237,6350.5,1477.8,-4361.7,0
2026-04-02T16:20:46.294555+00:00,339.02,22.35,339.02,22.35,-97.8,436496364.27101237,6338.5,1476.2,-4353.5,0
2026-04-02T16:20:46.702608+00:00,338.93,22.39,338.93,22.39,-97.8,436496364.27101237,6325.4,1474.4,-4344.4,0
2026-04-02T16:20:47.069193+00:00,338.84,22.43,338.84,22.43,-97.8,436496364.27101237,6313.4,1472.8,-4336.2,0
2026-04-02T16:20:47.497211+00:00,338.74,22.48,338.74,22.48,-97.8,436496305.86854297,6299.4,1471.0,-4326.6,0
2026-04-02T16:20:47.906564+00:00,338.65,22.53,338.65,22.53,-97.8,436496305.86854297,6286.0,1469.2,-4317.4,0
2026-04-02T16:20:48.269520+00:00,338.56,22.57,338.56,22.57,-97.8,436496305.86854297,6273.8,1467.6,-4309.0,0
2026-04-02T16:20:48.633795+00:00,338.47,22.61,338.47,22.61,-97.8,436496305.86854297,6261.7,1466.0,-4300.7,0
2026-04-02T16:20:49.106555+00:00,338.38,22.65,338.38,22.65,-97.8,436496248.2687075,6248.3,1464.3,-4291.5,0
2026-04-02T16:20:49.469584+00:00,338.28,22.70,338.28,22.7,-97.8,436496248.2687075,6234.0,1462.5,-4281.7,0
2026-04-02T16:20:49.838641+00:00,338.19,22.74,338.19,22.74,-97.8,436496248.2687075,6221.7,1460.9,-4273.2,0
2026-04-02T16:20:50.246555+00:00,338.09,22.79,338.09,22.79,-97.8,436496248.2687075,6208.1,1459.2,-4263.9,0
2026-04-02T16:20:50.609507+00:00,338.00,22.83,338.0,22.83,-97.8,436496248.2687075,6195.7,1457.6,-4255.4,0
2026-04-02T16:20:51.037516+00:00,337.90,22.87,337.9,22.87,-97.8,436496188.09105897,6181.3,1455.8,-4245.5,0
2026-04-02T16:20:51.445498+00:00,337.80,22.92,337.8,22.92,-97.8,436496188.09105897,6167.4,1454.1,-4236.0,0
2026-04-02T16:20:51.809477+00:00,337.72,22.96,337.72,22.96,-97.8,436496188.09105897,6155.1,1452.5,-4227.5,0
2026-04-02T16:20:52.177489+00:00,337.63,23.00,337.63,23.0,-97.8,436496188.09105897,6142.5,1451.0,-4218.8,0
2026-04-02T16:20:52.645503+00:00,337.53,23.05,337.53,23.05,-97.8,436496128.5027669,6128.5,1449.2,-4209.2,0
2026-04-02T16:20:53.009627+00:00,337.42,23.09,337.42,23.09,-97.8,436496128.5027669,6113.8,1447.4,-4199.1,0
2026-04-02T16:20:53.377482+00:00,337.34,23.13,337.34,23.13,-97.8,436496128.5027669,6101.2,1445.9,-4190.5,0
2026-04-02T16:20:53.785547+00:00,337.24,23.18,337.24,23.18,-97.8,436496128.5027669,6087.1,1444.2,-4180.8,0
2026-04-02T16:20:54.150339+00:00,337.15,23.22,337.15,23.22,-97.8,436496128.5027669,6074.4,1442.7,-4172.1,0
2026-04-02T16:20:54.577517+00:00,337.04,23.27,337.04,23.27,-97.8,436496066.49946356,6059.5,1440.9,-4161.8,0
2026-04-02T16:20:54.989253+00:00,336.94,23.31,336.94,23.31,-97.8,436496066.49946356,6045.2,1439.2,-4152.0,0
2026-04-02T16:20:55.354616+00:00,336.85,23.35,336.85,23.35,-97.8,436496066.49946356,6032.3,1437.7,-4143.1,0
2026-04-02T16:20:55.717507+00:00,336.76,23.39,336.76,23.39,-97.8,436496066.49946356,6019.5,1436.2,-4134.3,0
2026-04-02T16:20:56.185505+00:00,336.66,23.44,336.66,23.44,-97.8,436496005.0321974,6005.0,1434.5,-4124.4,0
2026-04-02T16:20:56.553536+00:00,336.55,23.48,336.55,23.48,-97.8,436496005.0321974,5989.8,1432.7,-4114.0,0
2026-04-02T16:20:56.917504+00:00,336.46,23.53,336.46,23.53,-97.8,436496005.0321974,5976.9,1431.2,-4105.1,0
2026-04-02T16:20:57.325492+00:00,336.36,23.57,336.36,23.57,-97.8,436496005.0321974,5962.3,1429.6,-4095.1,0
2026-04-02T16:20:57.689765+00:00,336.26,23.61,336.26,23.61,-97.8,436496005.0321974,5949.1,1428.1,-4086.0,0
2026-04-02T16:20:58.117296+00:00,336.16,23.66,336.16,23.66,-97.8,436495941.077761,5933.8,1426.3,-4075.5,0
2026-04-02T16:20:58.525497+00:00,336.05,23.70,336.05,23.7,-97.8,436495941.077761,5919.1,1424.7,-4065.4,0
2026-04-02T16:20:58.894564+00:00,335.96,23.74,335.96,23.74,-97.8,436495941.077761,5905.8,1423.2,-4056.2,0
2026-04-02T16:20:59.257514+00:00,335.87,23.78,335.87,23.78,-97.8,436495941.077761,5892.5,1421.7,-4047.1,0
2026-04-02T16:20:59.725196+00:00,335.76,23.83,335.76,23.83,-97.8,436495877.648698,5877.6,1420.0,-4036.9,0
2026-04-02T16:21:00.097030+00:00,335.65,23.88,335.65,23.88,-97.8,436495877.648698,5862.0,1418.3,-4026.2,0
2026-04-02T16:21:00.457488+00:00,335.56,23.92,335.56,23.92,-97.8,436495877.648698,5848.6,1416.9,-4017.0,0
2026-04-02T16:21:00.865328+00:00,335.45,23.96,335.45,23.96,-97.8,436495877.648698,5833.6,1415.2,-4006.6,0
2026-04-02T16:21:01.233201+00:00,335.36,24.00,335.36,24.0,-97.8,436495877.648698,5820.0,1413.7,-3997.3,0
2026-04-02T16:21:01.662779+00:00,335.25,24.05,335.25,24.05,-97.8,436495811.5565108,5804.2,1412.1,-3986.5,0
2026-04-02T16:21:02.065908+00:00,335.14,24.09,335.14,24.09,-97.8,436495811.5565108,5789.0,1410.4,-3976.0,0
2026-04-02T16:21:02.433497+00:00,335.04,24.13,335.04,24.13,-97.8,436495811.5565108,5775.3,1409.0,-3966.6,0
2026-04-02T16:21:02.797433+00:00,334.95,24.18,334.95,24.18,-97.8,436495811.5565108,5761.5,1407.5,-3957.1,0
2026-04-02T16:21:03.265406+00:00,334.84,24.22,334.84,24.22,-97.8,436495746.2708678,5746.3,1405.9,-3946.7,0
2026-04-02T16:21:03.633181+00:00,334.73,24.27,334.73,24.27,-97.8,436495746.2708678,5730.1,1404.2,-3935.6,0
2026-04-02T16:21:04.002178+00:00,334.63,24.31,334.63,24.31,-97.8,436495746.2708678,5716.2,1402.8,-3926.0,0
2026-04-02T16:21:04.406259+00:00,334.52,24.35,334.52,24.35,-97.8,436495746.2708678,5700.8,1401.2,-3915.5,0
2026-04-02T16:21:04.773218+00:00,334.43,24.39,334.43,24.39,-97.8,436495746.2708678,5686.8,1399.8,-3905.8,0
2026-04-02T16:21:05.205989+00:00,334.31,24.44,334.31,24.44,-97.8,436495678.13086176,5670.4,1398.1,-3894.6,0
2026-04-02T16:21:05.609515+00:00,334.20,24.48,334.2,24.48,-97.8,436495678.13086176,5654.9,1396.5,-3883.9,0
2026-04-02T16:21:05.973501+00:00,334.11,24.52,334.11,24.52,-97.8,436495678.13086176,5640.7,1395.1,-3874.2,0
2026-04-02T16:21:06.341578+00:00,334.01,24.56,334.01,24.56,-97.8,436495678.13086176,5626.5,1393.7,-3864.4,0
2026-04-02T16:21:06.809538+00:00,333.90,24.61,333.9,24.61,-97.8,436495610.68294114,5610.7,1392.1,-3853.6,0
2026-04-02T16:21:07.177614+00:00,333.78,24.66,333.78,24.66,-97.8,436495610.68294114,5594.0,1390.4,-3842.1,0
2026-04-02T16:21:07.541481+00:00,333.68,24.70,333.68,24.7,-97.8,436495610.68294114,5579.8,1389.0,-3832.4,0
2026-04-02T16:21:07.949510+00:00,333.57,24.74,333.57,24.74,-97.8,436495610.68294114,5563.8,1387.5,-3821.4,0
2026-04-02T16:21:08.313751+00:00,333.47,24.78,333.47,24.78,-97.8,436495610.68294114,5549.4,1386.1,-3811.5,0
2026-04-02T16:21:08.741522+00:00,333.35,24.83,333.35,24.83,-97.8,436495540.59215754,5532.7,1384.5,-3800.0,0
2026-04-02T16:21:09.149511+00:00,333.24,24.87,333.24,24.87,-97.8,436495540.59215754,5516.5,1382.9,-3788.9,0
2026-04-02T16:21:09.517567+00:00,333.14,24.91,333.14,24.91,-97.8,436495540.59215754,5501.9,1381.5,-3778.8,0
2026-04-02T16:21:09.881559+00:00,333.04,24.95,333.04,24.95,-97.8,436495540.59215754,5487.4,1380.2,-3768.9,0
2026-04-02T16:21:10.349202+00:00,332.93,25.00,332.93,25.0,-97.8,436495471.1202341,5471.1,1378.6,-3757.7,0
2026-04-02T16:21:10.717511+00:00,332.81,25.04,332.81,25.04,-97.8,436495471.1202341,5454.0,1377.0,-3745.9,0
2026-04-02T16:21:11.081537+00:00,332.71,25.08,332.71,25.08,-97.8,436495471.1202341,5439.4,1375.7,-3735.9,0
2026-04-02T16:21:11.489176+00:00,332.59,25.13,332.59,25.13,-97.8,436495471.1202341,5422.9,1374.1,-3724.6,0
2026-04-02T16:21:11.858605+00:00,332.49,25.17,332.49,25.17,-97.8,436495471.1202341,5408.0,1372.8,-3714.3,0
2026-04-02T16:21:12.281620+00:00,332.37,25.21,332.37,25.21,-97.8,436495398.7260543,5390.7,1371.2,-3702.5,0
2026-04-02T16:21:12.689499+00:00,332.26,25.26,332.26,25.26,-97.8,436495398.7260543,5374.1,1369.7,-3691.1,0
2026-04-02T16:21:13.057475+00:00,332.15,25.30,332.15,25.3,-97.8,436495398.7260543,5359.1,1368.3,-3680.8,0
2026-04-02T16:21:13.421184+00:00,332.05,25.34,332.05,25.34,-97.8,436495398.7260543,5344.2,1367.0,-3670.5,0
2026-04-02T16:21:13.894315+00:00,331.93,25.38,331.93,25.38,-97.8,436495327.38191044,5327.4,1365.5,-3659.0,0
2026-04-02T16:21:14.257509+00:00,331.81,25.43,331.81,25.43,-97.8,436495327.38191044,5309.7,1363.9,-3646.8,0
2026-04-02T16:21:14.625516+00:00,331.71,25.47,331.71,25.47,-97.8,436495327.38191044,5294.6,1362.6,-3636.5,0
2026-04-02T16:21:15.033204+00:00,331.59,25.51,331.59,25.51,-97.8,436495327.38191044,5277.7,1361.1,-3624.8,0
2026-04-02T16:21:15.397505+00:00,331.48,25.55,331.48,25.55,-97.8,436495327.38191044,5262.4,1359.8,-3614.4,0
2026-04-02T16:21:15.825291+00:00,331.36,25.60,331.36,25.6,-97.8,436495252.8940572,5244.5,1358.2,-3602.0,0
2026-04-02T16:21:16.233249+00:00,331.24,25.64,331.24,25.64,-97.8,436495252.8940572,5227.4,1356.8,-3590.3,0
2026-04-02T16:21:16.597247+00:00,331.14,25.68,331.14,25.68,-97.8,436495252.8940572,5211.9,1355.5,-3579.7,0
2026-04-02T16:21:17.028963+00:00,331.01,25.73,331.01,25.73,-97.8,436495202.4941124,5194.0,1353.9,-3567.4,0
2026-04-02T16:21:17.433620+00:00,330.89,25.77,330.89,25.77,-97.8,436495202.4941124,5176.7,1352.5,-3555.5,0
2026-04-02T16:21:17.797616+00:00,330.79,25.81,330.79,25.81,-97.8,436495202.4941124,5161.1,1351.2,-3544.8,0
2026-04-02T16:21:18.225501+00:00,330.66,25.85,330.66,25.85,-97.8,436495151.5759034,5143.0,1349.7,-3532.3,0
2026-04-02T16:21:18.633528+00:00,330.54,25.90,330.54,25.9,-97.8,436495151.5759034,5125.6,1348.2,-3520.4,0
2026-04-02T16:21:19.001193+00:00,330.43,25.94,330.43,25.94,-97.8,436495151.5759034,5109.8,1346.9,-3509.5,0
2026-04-02T16:21:19.424190+00:00,330.31,25.98,330.31,25.98,-97.8,436495100.0313697,5091.5,1345.5,-3497.0,0
2026-04-02T16:21:19.828170+00:00,330.19,26.02,330.19,26.02,-97.8,436495100.0313697,5074.1,1344.1,-3485.0,0
2026-04-02T16:21:20.192197+00:00,330.08,26.06,330.08,26.06,-97.8,436495100.0313697,5058.3,1342.8,-3474.2,0
2026-04-02T16:21:20.616212+00:00,329.95,26.11,329.95,26.11,-97.8,436495048.5405108,5039.9,1341.3,-3461.5,0
2026-04-02T16:21:21.020185+00:00,329.83,26.15,329.83,26.15,-97.8,436495048.5405108,5022.3,1339.9,-3449.4,0
2026-04-02T16:21:21.384206+00:00,329.72,26.19,329.72,26.19,-97.8,436495048.5405108,5006.4,1338.7,-3438.5,0
2026-04-02T16:21:21.808363+00:00,329.59,26.23,329.59,26.23,-97.8,436494996.51503646,4987.8,1337.2,-3425.8,0
2026-04-02T16:21:22.212249+00:00,329.47,26.28,329.47,26.28,-97.8,436494996.51503646,4970.0,1335.8,-3413.5,0
2026-04-02T16:21:22.576195+00:00,329.36,26.32,329.36,26.32,-97.8,436494996.51503646,4954.0,1334.6,-3402.5,0
2026-04-02T16:21:23.000188+00:00,329.23,26.36,329.23,26.36,-97.8,436494944.0025786,4935.2,1333.1,-3389.6,0
2026-04-02T16:21:23.404196+00:00,329.11,26.40,329.11,26.4,-97.8,436494944.0025786,4917.3,1331.8,-3377.3,0
2026-04-02T16:21:23.768833+00:00,329.00,26.44,329.0,26.44,-97.8,436494944.0025786,4901.1,1330.6,-3366.2,0
2026-04-02T16:21:24.192154+00:00,328.87,26.48,328.87,26.48,-97.8,436494890.9725676,4882.1,1329.1,-3353.2,0
2026-04-02T16:21:24.596161+00:00,328.75,26.53,328.75,26.53,-97.8,436494890.9725676,4864.0,1327.8,-3340.7,0
2026-04-02T16:21:24.960183+00:00,328.63,26.57,328.63,26.57,-97.8,436494890.9725676,4847.7,1326.6,-3329.5,0
2026-04-02T16:21:25.384184+00:00,328.50,26.61,328.5,26.61,-97.8,436494837.51386905,4828.6,1325.2,-3316.4,0
2026-04-02T16:21:25.788152+00:00,328.38,26.65,328.38,26.65,-97.8,436494837.51386905,4810.3,1323.8,-3303.8,0
2026-04-02T16:21:26.153833+00:00,328.27,26.69,328.27,26.69,-97.8,436494837.51386905,4793.8,1322.6,-3292.5,0
2026-04-02T16:21:26.576180+00:00,328.13,26.73,328.13,26.73,-97.8,436494783.45657176,4774.5,1321.2,-3279.2,0
2026-04-02T16:21:26.980172+00:00,328.01,26.77,328.01,26.77,-97.8,436494783.45657176,4756.1,1319.9,-3266.6,0
2026-04-02T16:21:27.344197+00:00,327.89,26.81,327.89,26.81,-97.8,436494783.45657176,4739.4,1318.7,-3255.1,0
2026-04-02T16:21:27.768212+00:00,327.76,26.86,327.76,26.86,-97.8,436494729.06585073,4719.9,1317.3,-3241.8,0
2026-04-02T16:21:28.172189+00:00,327.63,26.90,327.63,26.9,-97.8,436494729.06585073,4701.3,1316.0,-3229.0,0
2026-04-02T16:21:28.536191+00:00,327.52,26.94,327.52,26.94,-97.8,436494729.06585073,4684.5,1314.9,-3217.5,0
2026-04-02T16:21:28.960186+00:00,327.39,26.98,327.39,26.98,-97.8,436494674.1078118,4664.9,1313.5,-3204.0,0
2026-04-02T16:21:29.364151+00:00,327.26,27.02,327.26,27.02,-97.8,436494674.1078118,4646.1,1312.2,-3191.1,0
2026-04-02T16:21:29.728156+00:00,327.14,27.06,327.14,27.06,-97.8,436494674.1078118,4629.2,1311.0,-3179.4,0
2026-04-02T16:21:30.152150+00:00,327.01,27.10,327.01,27.1,-97.8,436494618.6620784,4609.4,1309.7,-3165.8,0
2026-04-02T16:21:30.556145+00:00,326.88,27.14,326.88,27.14,-97.8,436494618.6620784,4590.4,1308.4,-3152.8,0
2026-04-02T16:21:30.916247+00:00,326.76,27.18,326.76,27.18,-97.8,436494618.6620784,4573.3,1307.3,-3141.1,0
2026-04-02T16:21:31.340136+00:00,326.62,27.22,326.62,27.22,-97.8,436494562.90744823,4553.4,1305.9,-3127.4,0
2026-04-02T16:21:31.744131+00:00,326.49,27.26,326.49,27.26,-97.8,436494562.90744823,4534.3,1304.7,-3114.2,0
2026-04-02T16:21:32.108138+00:00,326.38,27.30,326.38,27.3,-97.8,436494562.90744823,4517.0,1303.6,-3102.4,0
2026-04-02T16:21:32.536188+00:00,326.24,27.34,326.24,27.34,-97.8,436494506.4877479,4496.9,1302.2,-3088.6,0
2026-04-02T16:21:32.936146+00:00,326.11,27.38,326.11,27.38,-97.8,436494506.4877479,4477.6,1301.0,-3075.3,0
2026-04-02T16:21:33.300131+00:00,325.99,27.42,325.99,27.42,-97.8,436494506.4877479,4460.4,1299.9,-3063.5,0
2026-04-02T16:21:33.724944+00:00,325.85,27.46,325.85,27.46,-97.8,436494449.573244,4440.0,1298.6,-3049.5,0
2026-04-02T16:21:34.129534+00:00,325.72,27.50,325.72,27.5,-97.8,436494449.573244,4420.6,1297.4,-3036.2,0
2026-04-02T16:21:34.493432+00:00,325.60,27.54,325.6,27.54,-97.8,436494449.573244,4403.1,1296.3,-3024.1,0
2026-04-02T16:21:34.921729+00:00,325.46,27.58,325.46,27.58,-97.8,436494392.1017305,4382.4,1295.0,-3009.9,0
2026-04-02T16:21:35.329509+00:00,325.33,27.62,325.33,27.62,-97.8,436494392.1017305,4362.6,1293.7,-2996.3,0
2026-04-02T16:21:35.698550+00:00,325.20,27.66,325.2,27.66,-97.8,436494392.1017305,4344.7,1292.6,-2984.0,0
2026-04-02T16:21:36.121559+00:00,325.06,27.70,325.06,27.7,-97.8,436494333.57236093,4324.0,1291.4,-2969.8,0
2026-04-02T16:21:36.529520+00:00,324.93,27.74,324.93,27.74,-97.8,436494333.57236093,4304.0,1290.2,-2956.1,0
2026-04-02T16:21:36.897514+00:00,324.81,27.77,324.81,27.77,-97.8,436494333.57236093,4286.0,1289.1,-2943.7,0
2026-04-02T16:21:37.325508+00:00,324.66,27.81,324.66,27.81,-97.8,436494274.84784263,4265.1,1287.8,-2929.4,0
2026-04-02T16:21:37.737994+00:00,324.53,27.85,324.53,27.85,-97.8,436494274.84784263,4245.0,1286.7,-2915.6,0
2026-04-02T16:21:38.097201+00:00,324.40,27.89,324.4,27.89,-97.8,436494274.84784263,4226.9,1285.6,-2903.1,0
2026-04-02T16:21:38.525532+00:00,324.26,27.93,324.26,27.93,-97.8,436494215.59723985,4205.6,1284.3,-2888.5,0
2026-04-02T16:21:38.933522+00:00,324.12,27.97,324.12,27.97,-97.8,436494215.59723985,4185.3,1283.2,-2874.6,0
2026-04-02T16:21:39.297511+00:00,324.00,28.01,324.0,28.01,-97.8,436494215.59723985,4167.2,1282.1,-2862.1,0
2026-04-02T16:21:39.725502+00:00,323.85,28.05,323.85,28.05,-97.8,436494155.828373,4145.8,1280.9,-2847.4,0
2026-04-02T16:21:40.133258+00:00,323.71,28.09,323.71,28.09,-97.8,436494155.828373,4125.3,1279.7,-2833.4,0
2026-04-02T16:21:40.498045+00:00,323.59,28.12,323.59,28.12,-97.8,436494155.828373,4106.8,1278.7,-2820.7,0
2026-04-02T16:21:40.925502+00:00,323.44,28.16,323.44,28.16,-97.8,436494095.5565269,4085.4,1277.5,-2806.0,0
2026-04-02T16:21:41.333488+00:00,323.30,28.20,323.3,28.2,-97.8,436494095.5565269,4064.8,1276.4,-2791.8,0
2026-04-02T16:21:41.701537+00:00,323.18,28.23,323.18,28.23,-97.8,436494095.5565269,4046.2,1275.3,-2779.0,0
2026-04-02T16:21:42.129323+00:00,323.03,28.27,323.03,28.27,-97.8,436494034.65160227,4024.6,1274.2,-2764.2,0
2026-04-02T16:21:42.538582+00:00,322.89,28.31,322.89,28.31,-97.8,436494034.65160227,4003.8,1273.0,-2749.9,0
2026-04-02T16:21:42.905440+00:00,322.76,28.35,322.76,28.35,-97.8,436494034.65160227,3985.0,1272.0,-2737.0,0
2026-04-02T16:21:43.329499+00:00,322.62,28.39,322.62,28.39,-97.8,436493973.2333899,3963.1,1270.9,-2722.0,0
2026-04-02T16:21:43.738706+00:00,322.47,28.42,322.47,28.42,-97.8,436493973.2333899,3942.3,1269.8,-2707.7,0
2026-04-02T16:21:44.101258+00:00,322.35,28.46,322.35,28.46,-97.8,436493973.2333899,3923.5,1268.8,-2694.7,0
2026-04-02T16:21:44.529523+00:00,322.20,28.50,322.2,28.5,-97.8,436493911.7579482,3901.4,1267.6,-2679.5,0
2026-04-02T16:21:44.937530+00:00,322.05,28.54,322.05,28.54,-97.8,436493911.7579482,3880.2,1266.5,-2665.0,0
2026-04-02T16:21:45.306605+00:00,321.93,28.57,321.93,28.57,-97.8,436493911.7579482,3861.1,1265.6,-2651.9,0
2026-04-02T16:21:45.729516+00:00,321.78,28.61,321.78,28.61,-97.8,436493849.30498487,3839.1,1264.4,-2636.8,0
2026-04-02T16:21:46.137234+00:00,321.63,28.65,321.63,28.65,-97.8,436493849.30498487,3817.8,1263.4,-2622.2,0
2026-04-02T16:21:46.505611+00:00,321.50,28.68,321.5,28.68,-97.8,436493849.30498487,3798.6,1262.4,-2609.0,0
2026-04-02T16:21:46.929210+00:00,321.35,28.72,321.35,28.72,-97.8,436493786.7037937,3776.4,1261.3,-2593.7,0
2026-04-02T16:21:47.337218+00:00,321.21,28.75,321.21,28.75,-97.8,436493786.7037937,3754.9,1260.2,-2579.0,0
2026-04-02T16:21:47.705566+00:00,321.08,28.79,321.08,28.79,-97.8,436493786.7037937,3735.6,1259.3,-2565.7,0
2026-04-02T16:21:48.138322+00:00,320.92,28.82,320.92,28.82,-97.8,436493723.58220565,3713.2,1258.2,-2550.3,0
2026-04-02T16:21:48.541273+00:00,320.78,28.86,320.78,28.86,-97.8,436493723.58220565,3691.6,1257.2,-2535.5,0
2026-04-02T16:21:48.905312+00:00,320.65,28.89,320.65,28.89,-97.8,436493723.58220565,3672.1,1256.2,-2522.1,0
2026-04-02T16:21:49.333498+00:00,320.49,28.93,320.49,28.93,-97.8,436493660.00278205,3649.3,1255.2,-2506.4,0
2026-04-02T16:21:49.741217+00:00,320.35,28.97,320.35,28.97,-97.8,436493660.00278205,3627.5,1254.1,-2491.5,0
2026-04-02T16:21:50.110570+00:00,320.21,29.00,320.21,29.0,-97.8,436493660.00278205,3607.9,1253.2,-2478.0,0
2026-04-02T16:21:50.533520+00:00,320.06,29.04,320.06,29.04,-97.8,436493595.65911436,3585.1,1252.2,-2462.4,0
2026-04-02T16:21:50.941497+00:00,319.91,29.07,319.91,29.07,-97.8,436493595.65911436,3563.2,1251.2,-2447.3,0
2026-04-02T16:21:51.309484+00:00,319.78,29.10,319.78,29.1,-97.8,436493595.65911436,3543.4,1250.3,-2433.7,0
2026-04-02T16:21:51.738563+00:00,319.62,29.14,319.62,29.14,-97.8,436493531.19458944,3520.5,1249.3,-2418.0,0
2026-04-02T16:21:52.146569+00:00,319.47,29.17,319.47,29.17,-97.8,436493531.19458944,3498.5,1248.3,-2402.8,0
2026-04-02T16:21:52.509497+00:00,319.34,29.21,319.34,29.21,-97.8,436493531.19458944,3478.5,1247.4,-2389.1,0
2026-04-02T16:21:52.937523+00:00,319.18,29.24,319.18,29.24,-97.8,436493466.2118004,3455.3,1246.4,-2373.2,0
2026-04-02T16:21:53.349898+00:00,319.03,29.28,319.03,29.28,-97.8,436493466.2118004,3433.2,1245.4,-2358.0,0
2026-04-02T16:21:53.711133+00:00,318.90,29.31,318.9,29.31,-97.8,436493466.2118004,3413.2,1244.6,-2344.3,0
2026-04-02T16:21:54.137373+00:00,318.74,29.34,318.74,29.34,-97.8,436493400.6844429,3389.8,1243.6,-2328.2,0
2026-04-02T16:21:54.545540+00:00,318.59,29.38,318.59,29.38,-97.8,436493400.6844429,3367.4,1242.6,-2312.8,0
2026-04-02T16:21:54.913550+00:00,318.45,29.41,318.45,29.41,-97.8,436493400.6844429,3347.2,1241.8,-2298.9,0
2026-04-02T16:21:55.337552+00:00,318.29,29.44,318.29,29.44,-97.8,436493334.6676138,3323.8,1240.8,-2282.9,0
2026-04-02T16:21:55.745563+00:00,318.14,29.47,318.14,29.47,-97.8,436493334.6676138,3301.3,1239.9,-2267.4,0
2026-04-02T16:21:56.113557+00:00,318.01,29.50,318.01,29.5,-97.8,436493334.6676138,3280.9,1239.0,-2253.4,0
2026-04-02T16:21:56.542561+00:00,317.85,29.54,317.85,29.54,-97.8,436493268.33620036,3257.4,1238.1,-2237.3,0
2026-04-02T16:21:56.945608+00:00,317.69,29.57,317.69,29.57,-97.8,436493268.33620036,3234.7,1237.2,-2221.7,0
2026-04-02T16:21:57.313502+00:00,317.56,29.60,317.56,29.6,-97.8,436493268.33620036,3214.2,1236.3,-2207.6,0
2026-04-02T16:21:57.741516+00:00,317.39,29.63,317.39,29.63,-97.8,436493201.5693456,3190.3,1235.4,-2191.2,0
2026-04-02T16:21:58.149515+00:00,317.24,29.67,317.24,29.67,-97.8,436493201.5693456,3167.7,1234.5,-2175.7,0
2026-04-02T16:21:58.517407+00:00,317.10,29.70,317.1,29.7,-97.8,436493201.5693456,3147.1,1233.7,-2161.5,0
2026-04-02T16:21:58.941540+00:00,316.94,29.73,316.94,29.73,-97.8,436493134.14275265,3123.1,1232.8,-2145.0,0
2026-04-02T16:21:59.349203+00:00,316.79,29.76,316.79,29.76,-97.8,436493134.14275265,3100.1,1231.9,-2129.2,0
2026-04-02T16:21:59.713476+00:00,316.65,29.79,316.65,29.79,-97.8,436493134.14275265,3079.6,1231.2,-2115.1,0
2026-04-02T16:22:00.141494+00:00,316.48,29.82,316.48,29.82,-97.8,436493066.73179996,3055.3,1230.3,-2098.5,0
2026-04-02T16:22:00.549535+00:00,316.33,29.85,316.33,29.85,-97.8,436493066.73179996,3032.2,1229.4,-2082.6,0
2026-04-02T16:22:00.918569+00:00,316.19,29.88,316.19,29.88,-97.8,436493066.73179996,3011.3,1228.6,-2068.3,0
2026-04-02T16:22:01.341700+00:00,316.03,29.91,316.03,29.91,-97.8,436492998.38633674,2987.2,1227.8,-2051.7,0
2026-04-02T16:22:01.749468+00:00,315.87,29.94,315.87,29.94,-97.8,436492998.38633674,2964.0,1226.9,-2035.7,0
2026-04-02T16:22:02.117467+00:00,315.73,29.97,315.73,29.97,-97.8,436492998.38633674,2942.9,1226.2,-2021.3,0
2026-04-02T16:22:02.546544+00:00,315.56,30.00,315.56,30.0,-97.8,436492929.9745798,2918.7,1225.3,-2004.6,0
2026-04-02T16:22:02.954567+00:00,315.41,30.03,315.41,30.03,-97.8,436492929.9745798,2895.3,1224.5,-1988.6,0
2026-04-02T16:22:03.317495+00:00,315.26,30.06,315.26,30.06,-97.8,436492929.9745798,2874.1,1223.8,-1974.0,0
2026-04-02T16:22:03.749103+00:00,315.10,30.09,315.1,30.09,-97.8,436492861.08685875,2849.5,1222.9,-1957.1,0
2026-04-02T16:22:04.153555+00:00,314.94,30.12,314.94,30.12,-97.8,436492861.08685875,2826.1,1222.2,-1941.1,0
2026-04-02T16:22:04.517430+00:00,314.80,30.15,314.8,30.15,-97.8,436492861.08685875,2805.0,1221.5,-1926.5,0
2026-04-02T16:22:04.945194+00:00,314.63,30.18,314.63,30.18,-97.8,436492791.800842,2780.1,1220.6,-1909.5,0
2026-04-02T16:22:05.353545+00:00,314.47,30.21,314.47,30.21,-97.8,436492791.800842,2756.5,1219.9,-1893.2,0
2026-04-02T16:22:05.717514+00:00,314.33,30.23,314.33,30.23,-97.8,436492791.800842,2735.1,1219.2,-1878.5,0
2026-04-02T16:22:06.145520+00:00,314.16,30.26,314.16,30.26,-97.8,436492722.11013144,2710.4,1218.4,-1861.6,0
2026-04-02T16:22:06.553528+00:00,314.00,30.29,314.0,30.29,-97.8,436492722.11013144,2686.6,1217.6,-1845.2,0
2026-04-02T16:22:06.922575+00:00,313.86,30.31,313.86,30.31,-97.8,436492722.11013144,2665.1,1216.9,-1830.4,0
2026-04-02T16:22:07.350591+00:00,313.69,30.34,313.69,30.34,-97.8,436492651.7365776,2640.2,1216.2,-1813.4,0
2026-04-02T16:22:07.758584+00:00,313.53,30.37,313.53,30.37,-97.8,436492651.7365776,2616.3,1215.4,-1796.9,0
2026-04-02T16:22:08.121228+00:00,313.38,30.40,313.38,30.4,-97.8,436492651.7365776,2594.7,1214.8,-1782.1,0
2026-04-02T16:22:08.549202+00:00,313.21,30.42,313.21,30.42,-97.8,436492581.3560922,2569.5,1214.0,-1764.8,0
2026-04-02T16:22:08.957563+00:00,313.05,30.45,313.05,30.45,-97.8,436492581.3560922,2545.6,1213.3,-1748.4,0
2026-04-02T16:22:09.321507+00:00,312.91,30.47,312.91,30.47,-97.8,436492581.3560922,2523.9,1212.7,-1733.5,0
2026-04-02T16:22:09.749513+00:00,312.73,30.50,312.73,30.5,-97.8,436492510.50177544,2498.6,1211.9,-1716.1,0
2026-04-02T16:22:10.157486+00:00,312.57,30.53,312.57,30.53,-97.8,436492510.50177544,2474.4,1211.2,-1699.5,0
2026-04-02T16:22:10.526301+00:00,312.42,30.55,312.42,30.55,-97.8,436492510.50177544,2452.5,1210.6,-1684.5,0
2026-04-02T16:22:10.949211+00:00,312.26,30.58,312.26,30.58,-97.8,436492439.01402473,2427.3,1209.9,-1667.1,0
2026-04-02T16:22:11.357228+00:00,312.09,30.60,312.09,30.6,-97.8,436492439.01402473,2403.0,1209.2,-1650.4,0
2026-04-02T16:22:11.726568+00:00,311.94,30.63,311.94,30.63,-97.8,436492439.01402473,2381.0,1208.6,-1635.4,0
2026-04-02T16:22:12.149354+00:00,311.77,30.65,311.77,30.65,-97.8,436492367.4310102,2355.7,1207.9,-1618.0,0
2026-04-02T16:22:12.557288+00:00,311.61,30.68,311.61,30.68,-97.8,436492367.4310102,2331.3,1207.3,-1601.2,0
2026-04-02T16:22:12.925498+00:00,311.46,30.70,311.46,30.7,-97.8,436492367.4310102,2309.2,1206.7,-1586.0,0
2026-04-02T16:22:13.354556+00:00,311.29,30.73,311.29,30.73,-97.8,436492295.5781996,2283.7,1206.0,-1568.5,0
2026-04-02T16:22:13.758648+00:00,311.12,30.75,311.12,30.75,-97.8,436492295.5781996,2259.2,1205.4,-1551.7,0
2026-04-02T16:22:14.128995+00:00,310.97,30.77,310.97,30.77,-97.8,436492295.5781996,2237.0,1204.8,-1536.4,0
2026-04-02T16:22:14.553554+00:00,310.80,30.80,310.8,30.8,-97.8,436492223.1056404,2211.2,1204.1,-1518.7,0
2026-04-02T16:22:14.961510+00:00,310.64,30.82,310.64,30.82,-97.8,436492223.1056404,2186.7,1203.5,-1501.9,0
2026-04-02T16:22:15.325513+00:00,310.49,30.84,310.49,30.84,-97.8,436492223.1056404,2164.5,1203.0,-1486.6,0
2026-04-02T16:22:15.753546+00:00,310.31,30.87,310.31,30.87,-97.8,436492150.724435,2138.5,1202.4,-1468.8,0
2026-04-02T16:22:16.161510+00:00,310.15,30.89,310.15,30.89,-97.8,436492150.724435,2113.7,1201.8,-1451.8,0
2026-04-02T16:22:16.525484+00:00,310.00,30.91,310.0,30.91,-97.8,436492150.724435,2091.6,1201.2,-1436.6,0
2026-04-02T16:22:16.953498+00:00,309.82,30.93,309.82,30.93,-97.8,436492077.8068369,2065.5,1200.6,-1418.7,0
2026-04-02T16:22:17.361491+00:00,309.65,30.95,309.65,30.95,-97.8,436492077.8068369,2040.7,1200.0,-1401.6,0
2026-04-02T16:22:17.730577+00:00,309.50,30.97,309.5,30.97,-97.8,436492077.8068369,2018.2,1199.5,-1386.1,0
2026-04-02T16:22:18.153232+00:00,309.33,31.00,309.33,31.0,-97.8,436492004.2622031,1992.3,1199.0,-1368.3,0
2026-04-02T16:22:18.561518+00:00,309.16,31.02,309.16,31.02,-97.8,436492004.2622031,1967.3,1198.4,-1351.2,0
2026-04-02T16:22:18.929500+00:00,309.01,31.04,309.01,31.04,-97.8,436492004.2622031,1944.7,1197.9,-1335.7,0
2026-04-02T16:22:19.362532+00:00,308.83,31.06,308.83,31.06,-97.8,436491930.7859959,1918.7,1197.3,-1317.8,0
2026-04-02T16:22:19.766710+00:00,308.66,31.08,308.66,31.08,-97.8,436491930.7859959,1893.6,1196.8,-1300.6,0
2026-04-02T16:22:20.129479+00:00,308.51,31.10,308.51,31.1,-97.8,436491930.7859959,1870.9,1196.3,-1285.0,0
2026-04-02T16:22:20.557505+00:00,308.33,31.12,308.33,31.12,-97.8,436491856.94775015,1844.5,1195.8,-1266.9,0
2026-04-02T16:22:20.965520+00:00,308.16,31.14,308.16,31.14,-97.8,436491856.94775015,1819.3,1195.3,-1249.5,0
2026-04-02T16:22:21.329567+00:00,308.01,31.15,308.01,31.15,-97.8,436491856.94775015,1796.9,1194.8,-1234.1,0
2026-04-02T16:22:21.757193+00:00,307.84,31.18,307.84,31.18,-97.8,436491782.81820303,1770.4,1194.3,-1215.9,0
2026-04-02T16:22:22.165512+00:00,307.67,31.19,307.67,31.19,-97.8,436491782.81820303,1745.1,1193.8,-1198.6,0
2026-04-02T16:22:22.529503+00:00,307.51,31.21,307.51,31.21,-97.8,436491782.81820303,1722.3,1193.4,-1182.9,0
2026-04-02T16:22:22.957507+00:00,307.33,31.23,307.33,31.23,-97.8,436491708.4199264,1695.9,1192.9,-1164.8,0
2026-04-02T16:22:23.365597+00:00,307.16,31.25,307.16,31.25,-97.8,436491708.4199264,1670.5,1192.4,-1147.4,0
2026-04-02T16:22:23.735718+00:00,307.01,31.26,307.01,31.26,-97.8,436491708.4199264,1647.6,1192.0,-1131.6,0
2026-04-02T16:22:24.157407+00:00,306.83,31.28,306.83,31.28,-97.8,436491633.3612006,1621.2,1191.5,-1113.5,0
2026-04-02T16:22:24.569958+00:00,306.66,31.30,306.66,31.3,-97.8,436491633.3612006,1595.7,1191.0,-1096.0,0
2026-04-02T16:22:24.934629+00:00,306.51,31.32,306.51,31.32,-97.8,436491633.3612006,1572.8,1190.6,-1080.2,0
2026-04-02T16:22:25.357197+00:00,306.33,31.33,306.33,31.33,-97.8,436491558.5061547,1546.2,1190.2,-1062.0,0
2026-04-02T16:22:25.765608+00:00,306.16,31.35,306.16,31.35,-97.8,436491558.5061547,1520.7,1189.8,-1044.5,0
2026-04-02T16:22:26.133514+00:00,306.00,31.37,306.0,31.37,-97.8,436491558.5061547,1497.6,1189.4,-1028.6,0
2026-04-02T16:22:26.562557+00:00,305.82,31.38,305.82,31.38,-97.8,436491483.4048623,1471.0,1188.9,-1010.3,0
2026-04-02T16:22:26.965628+00:00,305.65,31.40,305.65,31.4,-97.8,436491483.4048623,1445.4,1188.5,-992.7,0
2026-04-02T16:22:27.333197+00:00,305.49,31.41,305.49,31.41,-97.8,436491483.4048623,1422.3,1188.2,-976.9,0
2026-04-02T16:22:27.761530+00:00,305.31,31.43,305.31,31.43,-97.8,436491408.0210661,1395.3,1187.8,-958.4,0
2026-04-02T16:22:28.169515+00:00,305.14,31.44,305.14,31.44,-97.8,436491408.0210661,1369.9,1187.4,-940.9,0
2026-04-02T16:22:28.533513+00:00,304.99,31.46,304.99,31.46,-97.8,436491408.0210661,1346.7,1187.0,-924.9,0
2026-04-02T16:22:28.961517+00:00,304.80,31.47,304.8,31.47,-97.8,436491332.3707621,1319.7,1186.6,-906.4,0
2026-04-02T16:22:29.369216+00:00,304.63,31.49,304.63,31.49,-97.8,436491332.3707621,1293.9,1186.3,-888.7,0
2026-04-02T16:22:29.737177+00:00,304.48,31.50,304.48,31.5,-97.8,436491332.3707621,1270.9,1186.0,-872.9,0
2026-04-02T16:22:30.161259+00:00,304.29,31.51,304.29,31.51,-97.8,436491256.2955028,1243.8,1185.6,-854.3,0
2026-04-02T16:22:30.569285+00:00,304.12,31.53,304.12,31.53,-97.8,436491256.2955028,1217.9,1185.2,-836.5,0
2026-04-02T16:22:30.933212+00:00,303.96,31.54,303.96,31.54,-97.8,436491256.2955028,1194.6,1184.9,-820.5,0
2026-04-02T16:22:31.361565+00:00,303.78,31.55,303.78,31.55,-97.8,436491180.5084346,1167.7,1184.6,-802.0,0
2026-04-02T16:22:31.769517+00:00,303.61,31.56,303.61,31.56,-97.8,436491180.5084346,1141.8,1184.3,-784.2,0
2026-04-02T16:22:32.138272+00:00,303.45,31.58,303.45,31.58,-97.8,436491180.5084346,1118.4,1184.0,-768.2,0
2026-04-02T16:22:32.561187+00:00,303.27,31.59,303.27,31.59,-97.8,436491103.9562336,1091.5,1183.7,-749.6,0
2026-04-02T16:22:32.969197+00:00,303.09,31.60,303.09,31.6,-97.8,436491103.9562336,1065.5,1183.4,-731.8,0
2026-04-02T16:22:33.338248+00:00,302.94,31.61,302.94,31.61,-97.8,436491103.9562336,1042.0,1183.1,-715.7,0
2026-04-02T16:22:33.762173+00:00,302.76,31.62,302.76,31.62,-97.8,436491027.5484392,1015.0,1182.8,-697.1,0
2026-04-02T16:22:34.169511+00:00,302.58,31.63,302.58,31.63,-97.8,436491027.5484392,989.0,1182.5,-679.3,0
2026-04-02T16:22:34.537564+00:00,302.42,31.64,302.42,31.64,-97.8,436491027.5484392,965.5,1182.3,-663.1,0
2026-04-02T16:22:34.964956+00:00,302.24,31.65,302.24,31.65,-97.8,436490951.0149889,938.4,1182.0,-644.5,0
2026-04-02T16:22:35.369528+00:00,302.06,31.66,302.06,31.66,-97.8,436490951.0149889,912.3,1181.7,-626.6,0
2026-04-02T16:22:35.737571+00:00,301.91,31.67,301.91,31.67,-97.8,436490951.0149889,888.8,1181.5,-610.5,0
2026-04-02T16:22:36.165636+00:00,301.72,31.68,301.72,31.68,-97.8,436490874.2810578,861.7,1181.2,-591.8,0
2026-04-02T16:22:36.569504+00:00,301.55,31.69,301.55,31.69,-97.8,436490874.2810578,835.5,1181.0,-573.9,0
2026-04-02T16:22:36.939417+00:00,301.39,31.70,301.39,31.7,-97.8,436490874.2810578,812.0,1180.8,-557.7,0
2026-04-02T16:22:37.365506+00:00,301.21,31.71,301.21,31.71,-97.8,436490797.2957258,784.5,1180.6,-538.8,0
2026-04-02T16:22:37.773498+00:00,301.03,31.72,301.03,31.72,-97.8,436490797.2957258,758.6,1180.4,-521.0,0
2026-04-02T16:22:38.137484+00:00,300.87,31.72,300.87,31.72,-97.8,436490797.2957258,735.0,1180.2,-504.8,0
2026-04-02T16:22:38.565216+00:00,300.69,31.73,300.69,31.73,-97.8,436490720.4194321,707.5,1180.0,-485.9,0
2026-04-02T16:22:38.973584+00:00,300.51,31.74,300.51,31.74,-97.8,436490720.4194321,681.3,1179.8,-467.9,0
2026-04-02T16:22:39.337686+00:00,300.35,31.75,300.35,31.75,-97.8,436490720.4194321,657.9,1179.6,-451.9,0
2026-04-02T16:22:39.765547+00:00,300.17,31.75,300.17,31.75,-97.8,436490643.2873831,630.4,1179.4,-432.9,0
2026-04-02T16:22:40.177774+00:00,299.99,31.76,299.99,31.76,-97.8,436490643.2873831,604.1,1179.2,-414.9,0
2026-04-02T16:22:40.541243+00:00,299.83,31.77,299.83,31.77,-97.8,436490643.2873831,580.4,1179.1,-398.6,0
2026-04-02T16:22:40.965559+00:00,299.65,31.77,299.65,31.77,-97.8,436490565.84092754,553.1,1178.9,-379.9,0
2026-04-02T16:22:41.373513+00:00,299.47,31.78,299.47,31.78,-97.8,436490565.84092754,526.8,1178.8,-361.8,0
2026-04-02T16:22:41.741524+00:00,299.31,31.78,299.31,31.78,-97.8,436490565.84092754,503.1,1178.6,-345.6,0
2026-04-02T16:22:42.169571+00:00,299.13,31.79,299.13,31.79,-97.8,436490488.5058207,475.8,1178.5,-326.8,0
2026-04-02T16:22:42.578277+00:00,298.95,31.79,298.95,31.79,-97.8,436490488.5058207,449.5,1178.4,-308.7,0
2026-04-02T16:22:42.941518+00:00,298.79,31.80,298.79,31.8,-97.8,436490488.5058207,425.7,1178.2,-292.4,0
2026-04-02T16:22:43.369545+00:00,298.61,31.80,298.61,31.8,-97.8,436490411.10997415,398.1,1178.1,-273.4,0
2026-04-02T16:22:43.778619+00:00,298.43,31.80,298.43,31.8,-97.8,436490411.10997415,372.0,1178.0,-255.5,0
2026-04-02T16:22:44.141489+00:00,298.27,31.81,298.27,31.81,-97.8,436490411.10997415,348.3,1177.9,-239.2,0
2026-04-02T16:22:44.569505+00:00,298.09,31.81,298.09,31.81,-97.8,436490333.65161073,320.7,1177.8,-220.2,0
2026-04-02T16:22:44.977550+00:00,297.91,31.81,297.91,31.81,-97.8,436490333.65161073,294.3,1177.7,-202.1,0
2026-04-02T16:22:45.345088+00:00,297.75,31.82,297.75,31.82,-97.8,436490333.65161073,270.8,1177.7,-186.0,0
2026-04-02T16:22:45.769513+00:00,297.56,31.82,297.56,31.82,-97.8,436490255.89963526,243.1,1177.6,-167.0,0
2026-04-02T16:22:46.177512+00:00,297.39,31.82,297.39,31.82,-97.8,436490255.89963526,216.8,1177.5,-148.9,0
2026-04-02T16:22:46.541633+00:00,297.23,31.82,297.23,31.82,-97.8,436490255.89963526,193.0,1177.5,-132.5,0
2026-04-02T16:22:46.969484+00:00,297.04,31.83,297.04,31.83,-97.8,436490178.56678337,165.6,1177.4,-113.7,0
2026-04-02T16:22:47.377524+00:00,296.87,31.83,296.87,31.83,-97.8,436490178.56678337,139.2,1177.4,-95.6,0
2026-04-02T16:22:47.745516+00:00,296.71,31.83,296.71,31.83,-97.8,436490178.56678337,115.4,1177.4,-79.3,0
2026-04-02T16:22:48.173331+00:00,296.52,31.83,296.52,31.83,-97.8,436490100.7284417,88.0,1177.3,-60.4,0
2026-04-02T16:22:48.577505+00:00,296.34,31.83,296.34,31.83,-97.8,436490100.7284417,61.6,1177.3,-42.3,0
2026-04-02T16:22:48.945504+00:00,296.18,31.83,296.18,31.83,-97.8,436490100.7284417,37.8,1177.3,-26.0,0
2026-04-02T16:22:49.374564+00:00,296.00,31.83,296.0,31.83,-97.8,436490023.1251899,10.2,1177.3,-7.0,0
2026-04-02T16:22:49.777497+00:00,295.82,31.83,295.82,31.83,-97.8,436490023.1251899,-16.0,1177.3,11.0,0
2026-04-02T16:22:50.145510+00:00,295.66,31.83,295.66,31.83,-97.8,436490023.1251899,-39.8,1177.3,27.3,0
2026-04-02T16:22:50.577778+00:00,295.48,31.83,295.48,31.83,-97.8,436489945.51604235,-67.5,1177.3,46.4,0
2026-04-02T16:22:50.982616+00:00,295.30,31.83,295.3,31.83,-97.8,436489945.51604235,-93.6,1177.3,64.3,0
2026-04-02T16:22:51.345504+00:00,295.14,31.82,295.14,31.82,-97.8,436489945.51604235,-117.4,1177.4,80.6,0
2026-04-02T16:22:51.773209+00:00,294.95,31.82,294.95,31.82,-97.8,436489867.91833204,-145.1,1177.4,99.7,0
2026-04-02T16:22:52.181555+00:00,294.78,31.82,294.78,31.82,-97.8,436489867.91833204,-171.5,1177.4,117.8,0
2026-04-02T16:22:52.545498+00:00,294.62,31.82,294.62,31.82,-97.8,436489867.91833204,-194.9,1177.5,133.9,0
2026-04-02T16:22:52.973537+00:00,294.43,31.81,294.43,31.81,-97.8,436489790.3435769,-222.7,1177.5,152.9,0
2026-04-02T16:22:53.381250+00:00,294.26,31.81,294.26,31.81,-97.8,436489790.3435769,-249.0,1177.6,171.0,0
2026-04-02T16:22:53.750634+00:00,294.10,31.81,294.1,31.81,-97.8,436489790.3435769,-272.5,1177.7,187.2,0
2026-04-02T16:22:54.178579+00:00,293.91,31.80,293.91,31.8,-97.8,436489712.46852267,-300.2,1177.8,206.2,0
2026-04-02T16:22:54.581561+00:00,293.73,31.80,293.73,31.8,-97.8,436489712.46852267,-326.5,1177.9,224.3,0
2026-04-02T16:22:54.949584+00:00,293.57,31.80,293.57,31.8,-97.8,436489712.46852267,-350.3,1177.9,240.6,0
2026-04-02T16:22:55.378277+00:00,293.39,31.79,293.39,31.79,-97.8,436489635.04075116,-377.7,1178.0,259.4,0
2026-04-02T16:22:55.790144+00:00,293.21,31.79,293.21,31.79,-97.8,436489635.04075116,-404.0,1178.2,277.5,0
2026-04-02T16:22:56.149520+00:00,293.05,31.78,293.05,31.78,-97.8,436489635.04075116,-427.7,1178.3,293.7,0
2026-04-02T16:22:56.577510+00:00,292.87,31.78,292.87,31.78,-97.8,436489557.6142238,-455.4,1178.4,312.8,0
2026-04-02T16:22:56.985511+00:00,292.69,31.77,292.69,31.77,-97.8,436489557.6142238,-481.7,1178.5,330.8,0
2026-04-02T16:22:57.349547+00:00,292.53,31.77,292.53,31.77,-97.8,436489557.6142238,-505.1,1178.6,346.9,0
2026-04-02T16:22:57.777679+00:00,292.35,31.76,292.35,31.76,-97.8,436489480.2510798,-532.7,1178.8,365.9,0
2026-04-02T16:22:58.185500+00:00,292.17,31.75,292.17,31.75,-97.8,436489480.2510798,-559.0,1178.9,383.9,0
2026-04-02T16:22:58.549506+00:00,292.01,31.75,292.01,31.75,-97.8,436489480.2510798,-582.7,1179.1,400.2,0
2026-04-02T16:22:58.977202+00:00,291.83,31.74,291.83,31.74,-97.8,436489402.9795118,-610.0,1179.3,418.9,0
2026-04-02T16:22:59.385202+00:00,291.65,31.73,291.65,31.73,-97.8,436489402.9795118,-636.2,1179.4,437.0,0
2026-04-02T16:22:59.749559+00:00,291.49,31.72,291.49,31.72,-97.8,436489402.9795118,-659.9,1179.6,453.2,0
2026-04-02T16:23:00.177499+00:00,291.31,31.72,291.31,31.72,-97.8,436489325.7983201,-687.1,1179.8,471.9,0
2026-04-02T16:23:00.585505+00:00,291.13,31.71,291.13,31.71,-97.8,436489325.7983201,-713.3,1180.0,489.9,0
2026-04-02T16:23:00.954288+00:00,290.98,31.70,290.98,31.7,-97.8,436489325.7983201,-737.0,1180.2,506.2,0
2026-04-02T16:23:01.377468+00:00,290.79,31.69,290.79,31.69,-97.8,436489248.42988867,-764.2,1180.4,524.9,0
2026-04-02T16:23:01.785484+00:00,290.62,31.68,290.62,31.68,-97.8,436489248.42988867,-790.3,1180.6,542.8,0
2026-04-02T16:23:02.153483+00:00,290.46,31.67,290.46,31.67,-97.8,436489248.42988867,-813.9,1180.8,559.0,0
2026-04-02T16:23:02.582811+00:00,290.28,31.66,290.28,31.66,-97.8,436489171.5355551,-841.1,1181.1,577.7,0
2026-04-02T16:23:02.990246+00:00,290.10,31.65,290.1,31.65,-97.8,436489171.5355551,-867.2,1181.3,595.6,0
2026-04-02T16:23:03.353529+00:00,289.94,31.64,289.94,31.64,-97.8,436489171.5355551,-890.8,1181.5,611.8,0
2026-04-02T16:23:03.782699+00:00,289.76,31.63,289.76,31.63,-97.8,436489094.72324455,-918.1,1181.8,630.6,0
2026-04-02T16:23:04.189514+00:00,289.58,31.62,289.58,31.62,-97.8,436489094.72324455,-944.2,1182.0,648.5,0
2026-04-02T16:23:04.553500+00:00,289.43,31.61,289.43,31.61,-97.8,436489094.72324455,-967.5,1182.3,664.5,0
2026-04-02T16:23:04.981212+00:00,289.24,31.60,289.24,31.6,-97.8,436489018.0644937,-994.8,1182.6,683.2,0
2026-04-02T16:23:05.389202+00:00,289.07,31.59,289.07,31.59,-97.8,436489018.0644937,-1020.8,1182.9,701.1,0
2026-04-02T16:23:05.753531+00:00,288.91,31.58,288.91,31.58,-97.8,436489018.0644937,-1043.9,1183.1,717.0,0
2026-04-02T16:23:06.185123+00:00,288.73,31.56,288.73,31.56,-97.8,436488941.560369,-1071.3,1183.4,735.8,0
2026-04-02T16:23:06.589520+00:00,288.55,31.55,288.55,31.55,-97.8,436488941.560369,-1097.2,1183.7,753.6,0
2026-04-02T16:23:06.953714+00:00,288.40,31.54,288.4,31.54,-97.8,436488941.560369,-1120.6,1184.0,769.7,0
2026-04-02T16:23:07.381536+00:00,288.22,31.53,288.22,31.53,-97.8,436488865.2175354,-1147.6,1184.3,788.2,0
2026-04-02T16:23:07.789505+00:00,288.04,31.51,288.04,31.51,-97.8,436488865.2175354,-1173.5,1184.7,806.0,0
2026-04-02T16:23:08.158526+00:00,287.89,31.50,287.89,31.5,-97.8,436488865.2175354,-1196.8,1185.0,822.0,0
2026-04-02T16:23:08.581560+00:00,287.70,31.49,287.7,31.49,-97.8,436488788.76424176,-1223.7,1185.3,840.4,0
2026-04-02T16:23:08.989601+00:00,287.53,31.47,287.53,31.47,-97.8,436488788.76424176,-1249.5,1185.7,858.2,0
2026-04-02T16:23:09.357228+00:00,287.37,31.46,287.37,31.46,-97.8,436488788.76424176,-1272.8,1186.0,874.2,0
2026-04-02T16:23:09.785210+00:00,287.19,31.44,287.19,31.44,-97.8,436488712.8940843,-1299.6,1186.4,892.6,0
2026-04-02T16:23:10.194573+00:00,287.02,31.43,287.02,31.43,-97.8,436488712.8940843,-1325.4,1186.7,910.3,0
2026-04-02T16:23:10.557505+00:00,286.87,31.41,286.87,31.41,-97.8,436488712.8940843,-1348.6,1187.1,926.2,0
2026-04-02T16:23:10.985520+00:00,286.68,31.40,286.68,31.4,-97.8,436488637.1256778,-1375.6,1187.5,944.8,0
2026-04-02T16:23:11.397067+00:00,286.51,31.38,286.51,31.38,-97.8,436488637.1256778,-1401.0,1187.9,962.3,0
2026-04-02T16:23:11.757509+00:00,286.36,31.37,286.36,31.37,-97.8,436488637.1256778,-1424.1,1188.2,978.1,0
2026-04-02T16:23:12.185475+00:00,286.18,31.35,286.18,31.35,-97.8,436488561.59774166,-1451.0,1188.6,996.6,0
2026-04-02T16:23:12.593545+00:00,286.00,31.33,286.0,31.33,-97.8,436488561.59774166,-1476.7,1189.0,1014.2,0
2026-04-02T16:23:12.957504+00:00,285.85,31.32,285.85,31.32,-97.8,436488561.59774166,-1499.5,1189.4,1029.9,0
2026-04-02T16:23:13.385513+00:00,285.67,31.30,285.67,31.3,-97.8,436488486.2959685,-1526.3,1189.9,1048.3,0
2026-04-02T16:23:13.794634+00:00,285.50,31.28,285.5,31.28,-97.8,436488486.2959685,-1551.8,1190.3,1065.8,0
2026-04-02T16:23:14.157486+00:00,285.34,31.27,285.34,31.27,-97.8,436488486.2959685,-1574.8,1190.7,1081.6,0
2026-04-02T16:23:14.585517+00:00,285.17,31.25,285.17,31.25,-97.8,436488411.2351099,-1601.3,1191.1,1099.8,0
2026-04-02T16:23:14.993485+00:00,285.00,31.23,285.0,31.23,-97.8,436488411.2351099,-1626.8,1191.6,1117.3,0
2026-04-02T16:23:15.362583+00:00,284.84,31.21,284.84,31.21,-97.8,436488411.2351099,-1649.7,1192.0,1133.1,0
2026-04-02T16:23:15.785518+00:00,284.66,31.19,284.66,31.19,-97.8,436488336.0983602,-1676.1,1192.5,1151.2,0
2026-04-02T16:23:16.193198+00:00,284.49,31.17,284.49,31.17,-97.8,436488336.0983602,-1701.5,1193.0,1168.6,0
2026-04-02T16:23:16.564764+00:00,284.34,31.16,284.34,31.16,-97.8,436488336.0983602,-1724.3,1193.4,1184.3,0
2026-04-02T16:23:16.990550+00:00,284.16,31.14,284.16,31.14,-97.8,436488261.41731316,-1750.6,1193.9,1202.4,0
2026-04-02T16:23:17.398568+00:00,283.99,31.12,283.99,31.12,-97.8,436488261.41731316,-1775.9,1194.4,1219.7,0
2026-04-02T16:23:17.761502+00:00,283.84,31.10,283.84,31.1,-97.8,436488261.41731316,-1798.6,1194.9,1235.4,0
2026-04-02T16:23:18.189326+00:00,283.66,31.08,283.66,31.08,-97.8,436488187.34304047,-1825.1,1195.4,1253.5,0
2026-04-02T16:23:18.597544+00:00,283.50,31.06,283.5,31.06,-97.8,436488187.34304047,-1850.1,1195.9,1270.7,0
2026-04-02T16:23:18.961485+00:00,283.34,31.04,283.34,31.04,-97.8,436488187.34304047,-1872.7,1196.4,1286.2,0
2026-04-02T16:23:19.389485+00:00,283.17,31.01,283.17,31.01,-97.8,436488113.34519213,-1899.0,1196.9,1304.3,0
2026-04-02T16:23:19.797554+00:00,283.00,30.99,283.0,30.99,-97.8,436488113.34519213,-1924.1,1197.5,1321.5,0
2026-04-02T16:23:20.165246+00:00,282.85,30.97,282.85,30.97,-97.8,436488113.34519213,-1946.7,1197.9,1337.0,0
2026-04-02T16:23:20.589508+00:00,282.67,30.95,282.67,30.95,-97.8,436488039.4102607,-1972.7,1198.5,1354.9,0
2026-04-02T16:23:20.997518+00:00,282.50,30.93,282.5,30.93,-97.8,436488039.4102607,-1997.7,1199.1,1372.0,0
2026-04-02T16:23:21.365520+00:00,282.35,30.91,282.35,30.91,-97.8,436488039.4102607,-2020.2,1199.6,1387.5,0
2026-04-02T16:23:21.796835+00:00,282.18,30.88,282.18,30.88,-97.8,436487965.98737276,-2046.1,1200.2,1405.3,0
2026-04-02T16:23:22.201550+00:00,282.01,30.86,282.01,30.86,-97.8,436487965.98737276,-2071.0,1200.8,1422.4,0
2026-04-02T16:23:22.565515+00:00,281.86,30.84,281.86,30.84,-97.8,436487965.98737276,-2093.3,1201.3,1437.7,0
2026-04-02T16:23:22.993186+00:00,281.69,30.82,281.69,30.82,-97.8,436487892.8939985,-2119.3,1201.9,1455.6,0
2026-04-02T16:23:23.401200+00:00,281.52,30.79,281.52,30.79,-97.8,436487892.8939985,-2144.1,1202.5,1472.6,0
2026-04-02T16:23:23.766764+00:00,281.37,30.77,281.37,30.77,-97.8,436487892.8939985,-2166.4,1203.0,1487.9,0
2026-04-02T16:23:24.193203+00:00,281.20,30.75,281.2,30.75,-97.8,436487820.04447144,-2192.1,1203.7,1505.6,0
2026-04-02T16:23:24.601551+00:00,281.03,30.72,281.03,30.72,-97.8,436487820.04447144,-2216.7,1204.3,1522.5,0
2026-04-02T16:23:24.969530+00:00,280.88,30.70,280.88,30.7,-97.8,436487820.04447144,-2238.9,1204.9,1537.7,0
2026-04-02T16:23:25.393508+00:00,280.71,30.67,280.71,30.67,-97.8,436487747.4339928,-2264.4,1205.5,1555.3,0
2026-04-02T16:23:25.801508+00:00,280.55,30.65,280.55,30.65,-97.8,436487747.4339928,-2289.0,1206.1,1572.1,0
2026-04-02T16:23:26.169215+00:00,280.40,30.63,280.4,30.63,-97.8,436487747.4339928,-2311.1,1206.7,1587.3,0
2026-04-02T16:23:26.597505+00:00,280.23,30.60,280.23,30.6,-97.8,436487675.3487098,-2336.5,1207.4,1604.8,0
2026-04-02T16:23:27.009710+00:00,280.06,30.57,280.06,30.57,-97.8,436487675.3487098,-2360.9,1208.1,1621.6,0
2026-04-02T16:23:27.369213+00:00,279.92,30.55,279.92,30.55,-97.8,436487675.3487098,-2382.8,1208.7,1636.6,0
2026-04-02T16:23:27.797300+00:00,279.74,30.52,279.74,30.52,-97.8,436487603.59045225,-2408.4,1209.4,1654.2,0
2026-04-02T16:23:28.205496+00:00,279.58,30.50,279.58,30.5,-97.8,436487603.59045225,-2432.8,1210.0,1670.9,0
2026-04-02T16:23:28.569517+00:00,279.43,30.47,279.43,30.47,-97.8,436487603.59045225,-2454.3,1210.7,1685.7,0
2026-04-02T16:23:28.997555+00:00,279.26,30.45,279.26,30.45,-97.8,436487532.16686255,-2479.8,1211.4,1703.2,0
2026-04-02T16:23:29.405488+00:00,279.10,30.42,279.1,30.42,-97.8,436487532.16686255,-2503.9,1212.1,1719.8,0
2026-04-02T16:23:29.774566+00:00,278.95,30.39,278.95,30.39,-97.8,436487532.16686255,-2525.7,1212.7,1734.7,0
2026-04-02T16:23:30.197538+00:00,278.79,30.37,278.79,30.37,-97.8,436487460.8280506,-2550.8,1213.5,1751.9,0
2026-04-02T16:23:30.605502+00:00,278.62,30.34,278.62,30.34,-97.8,436487460.8280506,-2574.8,1214.2,1768.4,0
2026-04-02T16:23:30.973495+00:00,278.48,30.31,278.48,30.31,-97.8,436487460.8280506,-2596.5,1214.8,1783.3,0
2026-04-02T16:23:31.401520+00:00,278.31,30.28,278.31,30.28,-97.8,436487390.2245126,-2621.4,1215.6,1800.4,0
2026-04-02T16:23:31.809521+00:00,278.15,30.26,278.15,30.26,-97.8,436487390.2245126,-2645.3,1216.3,1816.9,0
2026-04-02T16:23:32.177117+00:00,278.01,30.23,278.01,30.23,-97.8,436487390.2245126,-2666.8,1217.0,1831.6,0
2026-04-02T16:23:32.601201+00:00,277.84,30.20,277.84,30.2,-97.8,436487319.7213927,-2691.8,1217.8,1848.8,0
2026-04-02T16:23:33.009206+00:00,277.68,30.17,277.68,30.17,-97.8,436487319.7213927,-2715.6,1218.5,1865.1,0
2026-04-02T16:23:33.373513+00:00,277.53,30.14,277.53,30.14,-97.8,436487319.7213927,-2737.0,1219.2,1879.9,0
2026-04-02T16:23:33.802410+00:00,277.37,30.11,277.37,30.11,-97.8,436487250.0303266,-2761.7,1220.0,1896.8,0
2026-04-02T16:23:34.209209+00:00,277.21,30.08,277.21,30.08,-97.8,436487250.0303266,-2785.3,1220.8,1913.0,0
2026-04-02T16:23:34.573898+00:00,277.07,30.06,277.07,30.06,-97.8,436487250.0303266,-2806.6,1221.5,1927.6,0
2026-04-02T16:23:35.001190+00:00,276.90,30.03,276.9,30.03,-97.8,436487180.5020623,-2831.1,1222.3,1944.5,0
2026-04-02T16:23:35.409611+00:00,276.74,30.00,276.74,30.0,-97.8,436487180.5020623,-2854.6,1223.1,1960.6,0
2026-04-02T16:23:35.777501+00:00,276.60,29.97,276.6,29.97,-97.8,436487180.5020623,-2875.8,1223.9,1975.2,0
2026-04-02T16:23:36.205555+00:00,276.44,29.94,276.44,29.94,-97.8,436487111.18192124,-2900.2,1224.7,1991.9,0
2026-04-02T16:23:36.614573+00:00,276.28,29.91,276.28,29.91,-97.8,436487111.18192124,-2923.5,1225.5,2008.0,0
2026-04-02T16:23:36.977527+00:00,276.14,29.88,276.14,29.88,-97.8,436487111.18192124,-2944.6,1226.3,2022.4,0
2026-04-02T16:23:37.410608+00:00,275.97,29.85,275.97,29.85,-97.8,436487042.48366165,-2969.0,1227.1,2039.2,0
2026-04-02T16:23:37.813536+00:00,275.82,29.81,275.82,29.81,-97.8,436487042.48366165,-2992.2,1228.0,2055.1,0
2026-04-02T16:23:38.177822+00:00,275.68,29.79,275.68,29.79,-97.8,436487042.48366165,-3012.9,1228.7,2069.3,0
2026-04-02T16:23:38.609220+00:00,275.51,29.75,275.51,29.75,-97.8,436486974.1812093,-3037.2,1229.6,2086.0,0
2026-04-02T16:23:39.017213+00:00,275.36,29.72,275.36,29.72,-97.8,436486974.1812093,-3060.3,1230.5,2101.9,0
2026-04-02T16:23:39.381549+00:00,275.22,29.69,275.22,29.69,-97.8,436486974.1812093,-3081.1,1231.2,2116.2,0
2026-04-02T16:23:39.809519+00:00,275.06,29.66,275.06,29.66,-97.8,436486906.1037647,-3105.2,1232.1,2132.8,0
2026-04-02T16:23:40.217523+00:00,274.90,29.63,274.9,29.63,-97.8,436486906.1037647,-3128.0,1233.0,2148.4,0
2026-04-02T16:23:40.581533+00:00,274.76,29.60,274.76,29.6,-97.8,436486906.1037647,-3148.6,1233.8,2162.5,0
2026-04-02T16:23:41.009557+00:00,274.60,29.56,274.6,29.56,-97.8,436486838.6661524,-3172.6,1234.7,2179.0,0
2026-04-02T16:23:41.417508+00:00,274.45,29.53,274.45,29.53,-97.8,436486838.6661524,-3195.4,1235.6,2194.7,0
2026-04-02T16:23:41.781503+00:00,274.31,29.50,274.31,29.5,-97.8,436486838.6661524,-3215.9,1236.4,2208.8,0
2026-04-02T16:23:42.209544+00:00,274.15,29.46,274.15,29.46,-97.8,436486771.6604269,-3239.5,1237.4,2225.0,0
2026-04-02T16:23:42.622106+00:00,274.00,29.43,274.0,29.43,-97.8,436486771.6604269,-3262.2,1238.3,2240.6,0
2026-04-02T16:23:42.986576+00:00,273.86,29.40,273.86,29.4,-97.8,436486771.6604269,-3282.6,1239.1,2254.6,0
2026-04-02T16:23:43.414547+00:00,273.70,29.37,273.7,29.37,-97.8,436486704.80826116,-3306.0,1240.1,2270.7,0
2026-04-02T16:23:43.818878+00:00,273.55,29.33,273.55,29.33,-97.8,436486704.80826116,-3328.5,1241.0,2286.1,0
2026-04-02T16:23:44.185507+00:00,273.42,29.30,273.42,29.3,-97.8,436486704.80826116,-3348.8,1241.8,2300.0,0
2026-04-02T16:23:44.613520+00:00,273.26,29.26,273.26,29.26,-97.8,436486638.73882353,-3372.3,1242.8,2316.2,0
2026-04-02T16:23:45.021517+00:00,273.11,29.23,273.11,29.23,-97.8,436486638.73882353,-3394.5,1243.8,2331.4,0
2026-04-02T16:23:45.385499+00:00,272.97,29.20,272.97,29.2,-97.8,436486638.73882353,-3414.5,1244.6,2345.2,0
2026-04-02T16:23:45.813531+00:00,272.82,29.16,272.82,29.16,-97.8,436486573.0586173,-3437.9,1245.6,2361.3,0
2026-04-02T16:23:46.221188+00:00,272.67,29.13,272.67,29.13,-97.8,436486573.0586173,-3460.1,1246.6,2376.5,0
2026-04-02T16:23:46.585671+00:00,272.53,29.10,272.53,29.1,-97.8,436486573.0586173,-3480.1,1247.5,2390.2,0
2026-04-02T16:23:47.013597+00:00,272.38,29.06,272.38,29.06,-97.8,436486507.8195398,-3503.1,1248.5,2406.0,0
2026-04-02T16:23:47.421232+00:00,272.23,29.02,272.23,29.02,-97.8,436486507.8195398,-3525.1,1249.5,2421.1,0
2026-04-02T16:23:47.793749+00:00,272.09,28.99,272.09,28.99,-97.8,436486507.8195398,-3545.0,1250.4,2434.8,0
2026-04-02T16:23:48.217340+00:00,271.94,28.95,271.94,28.95,-97.8,436486442.60889935,-3567.8,1251.4,2450.4,0
2026-04-02T16:23:48.625559+00:00,271.79,28.92,271.79,28.92,-97.8,436486442.60889935,-3589.7,1252.4,2465.5,0
2026-04-02T16:23:48.989498+00:00,271.66,28.89,271.66,28.89,-97.8,436486442.60889935,-3609.3,1253.3,2479.0,0
2026-04-02T16:23:49.417550+00:00,271.51,28.85,271.51,28.85,-97.8,436486378.52827376,-3632.2,1254.4,2494.7,0
2026-04-02T16:23:49.825225+00:00,271.36,28.81,271.36,28.81,-97.8,436486378.52827376,-3653.9,1255.4,2509.6,0
2026-04-02T16:23:50.189328+00:00,271.23,28.78,271.23,28.78,-97.8,436486378.52827376,-3673.3,1256.3,2522.9,0
2026-04-02T16:23:50.617208+00:00,271.08,28.74,271.08,28.74,-97.8,436486314.6907845,-3696.0,1257.4,2538.5,0
2026-04-02T16:23:51.025497+00:00,270.93,28.70,270.93,28.7,-97.8,436486314.6907845,-3717.6,1258.4,2553.3,0
2026-04-02T16:23:51.389227+00:00,270.80,28.67,270.8,28.67,-97.8,436486314.6907845,-3737.0,1259.4,2566.7,0
2026-04-02T16:23:51.817201+00:00,270.65,28.63,270.65,28.63,-97.8,436486251.3153963,-3759.3,1260.5,2582.0,0
2026-04-02T16:23:52.225199+00:00,270.50,28.59,270.5,28.59,-97.8,436486251.3153963,-3780.7,1261.5,2596.7,0
2026-04-02T16:23:52.589620+00:00,270.37,28.56,270.37,28.56,-97.8,436486251.3153963,-3800.0,1262.5,2609.9,0
2026-04-02T16:23:53.017567+00:00,270.22,28.52,270.22,28.52,-97.8,436486188.38398063,-3822.1,1263.6,2625.1,0
2026-04-02T16:23:53.425539+00:00,270.08,28.48,270.08,28.48,-97.8,436486188.38398063,-3843.4,1264.7,2639.7,0
2026-04-02T16:23:53.795751+00:00,269.95,28.45,269.95,28.45,-97.8,436486188.38398063,-3862.5,1265.6,2652.9,0
2026-04-02T16:23:54.217601+00:00,269.80,28.41,269.8,28.41,-97.8,436486125.6306516,-3884.5,1266.8,2668.0,0
2026-04-02T16:23:54.625599+00:00,269.66,28.37,269.66,28.37,-97.8,436486125.6306516,-3905.6,1267.9,2682.4,0
2026-04-02T16:23:54.993520+00:00,269.53,28.34,269.53,28.34,-97.8,436486125.6306516,-3924.5,1268.9,2695.5,0
2026-04-02T16:23:55.422550+00:00,269.38,28.30,269.38,28.3,-97.8,436486063.79015,-3946.3,1270.0,2710.5,0
2026-04-02T16:23:55.825554+00:00,269.24,28.26,269.24,28.26,-97.8,436486063.79015,-3967.3,1271.1,2724.8,0
2026-04-02T16:23:56.193535+00:00,269.12,28.22,269.12,28.22,-97.8,436486063.79015,-3986.1,1272.1,2737.8,0
2026-04-02T16:23:56.621539+00:00,268.97,28.18,268.97,28.18,-97.8,436486002.31328636,-4007.9,1273.3,2752.8,0
2026-04-02T16:23:57.029531+00:00,268.83,28.14,268.83,28.14,-97.8,436486002.31328636,-4028.5,1274.4,2766.9,0
2026-04-02T16:23:57.393557+00:00,268.70,28.11,268.7,28.11,-97.8,436486002.31328636,-4047.2,1275.4,2779.7,0
2026-04-02T16:23:57.821507+00:00,268.56,28.07,268.56,28.07,-97.8,436485941.3198516,-4068.9,1276.6,2794.6,0
2026-04-02T16:23:58.232727+00:00,268.42,28.03,268.42,28.03,-97.8,436485941.3198516,-4089.5,1277.8,2808.7,0
2026-04-02T16:23:58.593586+00:00,268.29,27.99,268.29,27.99,-97.8,436485941.3198516,-4107.7,1278.8,2821.3,0
2026-04-02T16:23:59.021544+00:00,268.15,27.95,268.15,27.95,-97.8,436485880.8098457,-4129.3,1280.0,2836.1,0
2026-04-02T16:23:59.429500+00:00,268.01,27.91,268.01,27.91,-97.8,436485880.8098457,-4149.7,1281.2,2850.1,0
2026-04-02T16:23:59.793518+00:00,267.88,27.88,267.88,27.88,-97.8,436485880.8098457,-4168.1,1282.2,2862.8,0
2026-04-02T16:24:00.221511+00:00,267.74,27.84,267.74,27.84,-97.8,436485820.79215515,-4189.2,1283.4,2877.3,0
2026-04-02T16:24:00.629233+00:00,267.60,27.80,267.6,27.8,-97.8,436485820.79215515,-4209.5,1284.6,2891.2,0
2026-04-02T16:24:00.998272+00:00,267.48,27.76,267.48,27.76,-97.8,436485820.79215515,-4227.7,1285.7,2903.7,0
2026-04-02T16:24:01.421502+00:00,267.34,27.72,267.34,27.72,-97.8,436485761.02648747,-4248.7,1286.9,2918.1,0
2026-04-02T16:24:01.829506+00:00,267.20,27.68,267.2,27.68,-97.8,436485761.02648747,-4268.8,1288.1,2931.9,0
2026-04-02T16:24:02.198248+00:00,267.08,27.64,267.08,27.64,-97.8,436485761.02648747,-4286.9,1289.2,2944.3,0
2026-04-02T16:24:02.621474+00:00,266.94,27.60,266.94,27.6,-97.8,436485701.98774034,-4307.6,1290.4,2958.6,0
2026-04-02T16:24:03.029214+00:00,266.80,27.56,266.8,27.56,-97.8,436485701.98774034,-4327.6,1291.6,2972.3,0
2026-04-02T16:24:03.397518+00:00,266.68,27.52,266.68,27.52,-97.8,436485701.98774034,-4345.5,1292.7,2984.6,0
2026-04-02T16:24:03.822206+00:00,266.54,27.48,266.54,27.48,-97.8,436485643.4733002,-4366.1,1294.0,2998.8,0
2026-04-02T16:24:04.229220+00:00,266.41,27.44,266.41,27.44,-97.8,436485643.4733002,-4385.9,1295.2,3012.3,0
2026-04-02T16:24:04.597549+00:00,266.29,27.40,266.29,27.4,-97.8,436485643.4733002,-4403.6,1296.3,3024.5,0
2026-04-02T16:24:05.026587+00:00,266.15,27.36,266.15,27.36,-97.8,436485585.41598475,-4424.1,1297.6,3038.6,0
2026-04-02T16:24:05.434534+00:00,266.01,27.32,266.01,27.32,-97.8,436485585.41598475,-4443.7,1298.9,3052.0,0
2026-04-02T16:24:05.797497+00:00,265.89,27.28,265.89,27.28,-97.8,436485585.41598475,-4461.3,1300.0,3064.1,0
2026-04-02T16:24:06.225584+00:00,265.76,27.24,265.76,27.24,-97.8,436485527.85809386,-4481.7,1301.3,3078.2,0
2026-04-02T16:24:06.633552+00:00,265.62,27.20,265.62,27.2,-97.8,436485527.85809386,-4501.2,1302.6,3091.5,0
2026-04-02T16:24:06.997482+00:00,265.51,27.16,265.51,27.16,-97.8,436485527.85809386,-4518.4,1303.7,3103.4,0
2026-04-02T16:24:07.425537+00:00,265.37,27.11,265.37,27.11,-97.8,436485470.7928739,-4538.7,1305.0,3117.3,0
2026-04-02T16:24:07.833487+00:00,265.24,27.07,265.24,27.07,-97.8,436485470.7928739,-4558.0,1306.3,3130.5,0
2026-04-02T16:24:08.197603+00:00,265.12,27.03,265.12,27.03,-97.8,436485470.7928739,-4575.3,1307.5,3142.4,0
2026-04-02T16:24:08.629427+00:00,264.98,26.99,264.98,26.99,-97.8,436485414.2167702,-4595.2,1308.8,3156.1,0
2026-04-02T16:24:09.033543+00:00,264.85,26.95,264.85,26.95,-97.8,436485414.2167702,-4614.3,1310.1,3169.2,0
2026-04-02T16:24:09.402257+00:00,264.74,26.91,264.74,26.91,-97.8,436485414.2167702,-4631.5,1311.3,3181.0,0
2026-04-02T16:24:09.825211+00:00,264.60,26.87,264.6,26.87,-97.8,436485357.92752457,-4651.2,1312.6,3194.6,0
2026-04-02T16:24:10.233220+00:00,264.47,26.83,264.47,26.83,-97.8,436485357.92752457,-4670.1,1313.9,3207.6,0
2026-04-02T16:24:10.601291+00:00,264.36,26.79,264.36,26.79,-97.8,436485357.92752457,-4687.2,1315.1,3219.3,0
2026-04-02T16:24:11.024169+00:00,264.22,26.74,264.22,26.74,-97.8,436485302.3964802,-4706.7,1316.5,3232.7,0
2026-04-02T16:24:11.428150+00:00,264.10,26.70,264.1,26.7,-97.8,436485302.3964802,-4725.4,1317.8,3245.6,0
2026-04-02T16:24:11.792177+00:00,263.98,26.66,263.98,26.66,-97.8,436485302.3964802,-4742.1,1319.0,3257.0,0
2026-04-02T16:24:12.216151+00:00,263.85,26.62,263.85,26.62,-97.8,436485247.73916245,-4761.5,1320.3,3270.3,0
2026-04-02T16:24:12.620146+00:00,263.72,26.58,263.72,26.58,-97.8,436485247.73916245,-4779.9,1321.7,3283.0,0
2026-04-02T16:24:12.984138+00:00,263.61,26.54,263.61,26.54,-97.8,436485247.73916245,-4796.4,1322.9,3294.3,0
2026-04-02T16:24:13.408172+00:00,263.48,26.49,263.48,26.49,-97.8,436485193.51728606,-4815.5,1324.3,3307.4,0
2026-04-02T16:24:13.812797+00:00,263.36,26.45,263.36,26.45,-97.8,436485193.51728606,-4833.7,1325.6,3319.9,0
2026-04-02T16:24:14.176140+00:00,263.25,26.41,263.25,26.41,-97.8,436485193.51728606,-4850.1,1326.8,3331.2,0
2026-04-02T16:24:14.601293+00:00,263.12,26.37,263.12,26.37,-97.8,436485139.78310406,-4869.1,1328.2,3344.2,0
2026-04-02T16:24:15.000185+00:00,262.99,26.33,262.99,26.33,-97.8,436485139.78310406,-4887.2,1329.6,3356.6,0
2026-04-02T16:24:15.364149+00:00,262.88,26.29,262.88,26.29,-97.8,436485139.78310406,-4903.4,1330.8,3367.8,0
2026-04-02T16:24:15.788142+00:00,262.75,26.24,262.75,26.24,-97.8,436485086.71541405,-4922.3,1332.2,3380.8,0
2026-04-02T16:24:16.197564+00:00,262.63,26.20,262.63,26.2,-97.8,436485086.71541405,-4940.2,1333.6,3393.1,0
2026-04-02T16:24:16.561249+00:00,262.52,26.16,262.52,26.16,-97.8,436485086.71541405,-4956.5,1334.8,3404.2,0
2026-04-02T16:24:16.989191+00:00,262.39,26.11,262.39,26.11,-97.8,436485033.7262812,-4975.1,1336.3,3417.1,0
2026-04-02T16:24:17.397474+00:00,262.27,26.07,262.27,26.07,-97.8,436485033.7262812,-4993.1,1337.7,3429.4,0
2026-04-02T16:24:17.761658+00:00,262.16,26.03,262.16,26.03,-97.8,436485033.7262812,-5009.2,1339.0,3440.4,0
2026-04-02T16:24:18.189176+00:00,262.03,25.99,262.03,25.99,-97.8,436484981.09154433,-5027.7,1340.4,3453.1,0
2026-04-02T16:24:18.597863+00:00,261.91,25.94,261.91,25.94,-97.8,436484981.09154433,-5045.4,1341.8,3465.3,0
2026-04-02T16:24:18.965542+00:00,261.80,25.90,261.8,25.9,-97.8,436484981.09154433,-5061.4,1343.1,3476.3,0
2026-04-02T16:24:19.389513+00:00,261.67,25.86,261.67,25.86,-97.8,436484928.8005397,-5079.7,1344.6,3488.9,0
2026-04-02T16:24:19.797501+00:00,261.55,25.81,261.55,25.81,-97.8,436484928.8005397,-5097.3,1346.0,3501.0,0
2026-04-02T16:24:20.165501+00:00,261.44,25.77,261.44,25.77,-97.8,436484928.8005397,-5113.1,1347.3,3511.8,0
2026-04-02T16:24:20.594589+00:00,261.32,25.73,261.32,25.73,-97.8,436484877.1738941,-5131.3,1348.8,3524.3,0
2026-04-02T16:24:21.006556+00:00,261.20,25.68,261.2,25.68,-97.8,436484877.1738941,-5148.7,1350.2,3536.2,0
2026-04-02T16:24:21.365501+00:00,261.09,25.64,261.09,25.64,-97.8,436484877.1738941,-5164.3,1351.5,3547.0,0
2026-04-02T16:24:21.793555+00:00,260.97,25.60,260.97,25.6,-97.8,436484826.03707576,-5182.5,1353.1,3559.5,0
2026-04-02T16:24:22.201502+00:00,260.85,25.55,260.85,25.55,-97.8,436484826.03707576,-5199.6,1354.5,3571.2,0
2026-04-02T16:24:22.565486+00:00,260.74,25.51,260.74,25.51,-97.8,436484826.03707576,-5215.0,1355.8,3581.8,0
2026-04-02T16:24:22.993506+00:00,260.62,25.47,260.62,25.47,-97.8,436484775.3915064,-5233.1,1357.3,3594.2,0
2026-04-02T16:24:23.401484+00:00,260.50,25.42,260.5,25.42,-97.8,436484775.3915064,-5250.1,1358.8,3605.9,0
2026-04-02T16:24:23.766621+00:00,260.40,25.38,260.4,25.38,-97.8,436484775.3915064,-5265.5,1360.1,3616.5,0
2026-04-02T16:24:24.193808+00:00,260.27,25.34,260.27,25.34,-97.8,436484725.18528855,-5283.1,1361.7,3628.6,0
2026-04-02T16:24:24.601482+00:00,260.16,25.29,260.16,25.29,-97.8,436484725.18528855,-5300.0,1363.2,3640.2,0
2026-04-02T16:24:24.970600+00:00,260.05,25.25,260.05,25.25,-97.8,436484725.18528855,-5315.3,1364.5,3650.7,0
2026-04-02T16:24:25.333508+00:00,259.95,25.21,259.95,25.21,-97.8,436484725.18528855,-5330.2,1365.8,3661.0,0
2026-04-02T16:24:25.801523+00:00,259.83,25.17,259.83,25.17,-97.8,436484652.9944333,-5347.0,1367.3,3672.5,0
2026-04-02T16:24:26.172849+00:00,259.71,25.12,259.71,25.12,-97.8,436484652.9944333,-5364.5,1368.9,3684.5,0
2026-04-02T16:24:26.533516+00:00,259.61,25.08,259.61,25.08,-97.8,436484652.9944333,-5379.3,1370.2,3694.7,0
2026-04-02T16:24:26.941601+00:00,259.50,25.04,259.5,25.04,-97.8,436484652.9944333,-5396.0,1371.8,3706.1,0
2026-04-02T16:24:27.309548+00:00,259.39,25.00,259.39,25.0,-97.8,436484652.9944333,-5410.9,1373.1,3716.3,0
2026-04-02T16:24:27.737480+00:00,259.27,24.95,259.27,24.95,-97.8,436484579.9415817,-5428.0,1374.7,3728.1,0
2026-04-02T16:24:28.146598+00:00,259.16,24.91,259.16,24.91,-97.8,436484579.9415817,-5444.5,1376.2,3739.4,0
2026-04-02T16:24:28.509548+00:00,259.06,24.86,259.06,24.86,-97.8,436484579.9415817,-5459.2,1377.6,3749.5,0
2026-04-02T16:24:28.877268+00:00,258.96,24.82,258.96,24.82,-97.8,436484579.9415817,-5473.9,1379.0,3759.6,0
2026-04-02T16:24:29.345236+00:00,258.85,24.78,258.85,24.78,-97.8,436484509.94037473,-5490.1,1380.5,3770.7,0
2026-04-02T16:24:29.713685+00:00,258.73,24.73,258.73,24.73,-97.8,436484509.94037473,-5507.2,1382.1,3782.5,0
2026-04-02T16:24:30.077535+00:00,258.63,24.69,258.63,24.69,-97.8,436484509.94037473,-5521.6,1383.5,3792.4,0
2026-04-02T16:24:30.485469+00:00,258.51,24.65,258.51,24.65,-97.8,436484509.94037473,-5537.8,1385.1,3803.5,0
2026-04-02T16:24:30.853510+00:00,258.41,24.61,258.41,24.61,-97.8,436484509.94037473,-5552.2,1386.5,3813.4,0
2026-04-02T16:24:31.282612+00:00,258.30,24.56,258.3,24.56,-97.8,436484438.8585621,-5569.0,1388.1,3824.9,0
2026-04-02T16:24:31.690644+00:00,258.19,24.51,258.19,24.51,-97.8,436484438.8585621,-5584.8,1389.6,3835.8,0
2026-04-02T16:24:32.053520+00:00,258.09,24.47,258.09,24.47,-97.8,436484438.8585621,-5599.2,1391.1,3845.6,0
2026-04-02T16:24:32.422564+00:00,257.99,24.43,257.99,24.43,-97.8,436484438.8585621,-5613.4,1392.5,3855.5,0
2026-04-02T16:24:32.889482+00:00,257.88,24.39,257.88,24.39,-97.8,436484370.9105058,-5629.1,1394.0,3866.2,0
2026-04-02T16:24:33.253354+00:00,257.77,24.34,257.77,24.34,-97.8,436484370.9105058,-5645.6,1395.7,3877.5,0
2026-04-02T16:24:33.622217+00:00,257.67,24.30,257.67,24.3,-97.8,436484370.9105058,-5659.7,1397.1,3887.3,0
2026-04-02T16:24:34.029255+00:00,257.56,24.26,257.56,24.26,-97.8,436484370.9105058,-5675.4,1398.7,3898.0,0
2026-04-02T16:24:34.393486+00:00,257.46,24.21,257.46,24.21,-97.8,436484370.9105058,-5689.3,1400.1,3907.5,0
2026-04-02T16:24:34.821506+00:00,257.35,24.17,257.35,24.17,-97.8,436484302.0798364,-5705.6,1401.8,3918.7,0
2026-04-02T16:24:35.229504+00:00,257.24,24.12,257.24,24.12,-97.8,436484302.0798364,-5721.0,1403.4,3929.4,0
2026-04-02T16:24:35.593690+00:00,257.14,24.08,257.14,24.08,-97.8,436484302.0798364,-5735.0,1404.9,3938.9,0
2026-04-02T16:24:35.961506+00:00,257.05,24.04,257.05,24.04,-97.8,436484302.0798364,-5748.7,1406.3,3948.3,0
2026-04-02T16:24:36.433775+00:00,256.94,24.00,256.94,24.0,-97.8,436484236.0029341,-5764.0,1407.9,3958.9,0
2026-04-02T16:24:36.797521+00:00,256.83,23.95,256.83,23.95,-97.8,436484236.0029341,-5780.0,1409.6,3969.9,0
2026-04-02T16:24:37.161503+00:00,256.73,23.91,256.73,23.91,-97.8,436484236.0029341,-5793.5,1411.0,3979.2,0
2026-04-02T16:24:37.569495+00:00,256.63,23.86,256.63,23.86,-97.8,436484236.0029341,-5808.8,1412.7,3989.6,0
2026-04-02T16:24:37.933753+00:00,256.53,23.82,256.53,23.82,-97.8,436484236.0029341,-5822.4,1414.1,3999.0,0
2026-04-02T16:24:38.361519+00:00,256.42,23.77,256.42,23.77,-97.8,436484169.3725769,-5838.0,1415.8,4009.7,0
2026-04-02T16:24:38.769524+00:00,256.32,23.73,256.32,23.73,-97.8,436484169.3725769,-5853.0,1417.5,4020.0,0
2026-04-02T16:24:39.137538+00:00,256.22,23.69,256.22,23.69,-97.8,436484169.3725769,-5866.5,1419.0,4029.3,0
2026-04-02T16:24:39.501489+00:00,256.13,23.65,256.13,23.65,-97.8,436484169.3725769,-5879.8,1420.4,4038.4,0
2026-04-02T16:24:39.969579+00:00,256.03,23.60,256.03,23.6,-97.8,436484105.2987051,-5894.7,1422.1,4048.6,0
2026-04-02T16:24:40.337587+00:00,255.92,23.55,255.92,23.55,-97.8,436484105.2987051,-5910.2,1423.8,4059.3,0
2026-04-02T16:24:40.701518+00:00,255.83,23.51,255.83,23.51,-97.8,436484105.2987051,-5923.4,1425.3,4068.3,0
2026-04-02T16:24:41.109200+00:00,255.72,23.47,255.72,23.47,-97.8,436484105.2987051,-5938.1,1427.0,4078.4,0
2026-04-02T16:24:41.482174+00:00,255.63,23.43,255.63,23.43,-97.8,436484105.2987051,-5951.3,1428.5,4087.5,0
2026-04-02T16:24:41.905257+00:00,255.52,23.38,255.52,23.38,-97.8,436484040.3884303,-5966.5,1430.2,4097.9,0
2026-04-02T16:24:42.313489+00:00,255.42,23.33,255.42,23.33,-97.8,436484040.3884303,-5981.1,1431.9,4107.9,0
2026-04-02T16:24:42.677499+00:00,255.33,23.29,255.33,23.29,-97.8,436484040.3884303,-5994.1,1433.4,4116.9,0
2026-04-02T16:24:43.045489+00:00,255.24,23.25,255.24,23.25,-97.8,436484040.3884303,-6007.2,1434.9,4125.9,0
2026-04-02T16:24:43.514897+00:00,255.13,23.21,255.13,23.21,-97.8,436483978.4345362,-6021.6,1436.6,4135.8,0
2026-04-02T16:24:43.877622+00:00,255.03,23.16,255.03,23.16,-97.8,436483978.4345362,-6036.6,1438.4,4146.1,0
2026-04-02T16:24:44.245503+00:00,254.94,23.12,254.94,23.12,-97.8,436483978.4345362,-6049.4,1439.9,4154.9,0
2026-04-02T16:24:44.653213+00:00,254.84,23.07,254.84,23.07,-97.8,436483978.4345362,-6063.6,1441.6,4164.7,0
2026-04-02T16:24:45.017530+00:00,254.75,23.03,254.75,23.03,-97.8,436483978.4345362,-6076.3,1443.1,4173.3,0
2026-04-02T16:24:45.445514+00:00,254.64,22.98,254.64,22.98,-97.8,436483915.8212594,-6091.2,1444.9,4183.6,0
2026-04-02T16:24:45.853605+00:00,254.54,22.94,254.54,22.94,-97.8,436483915.8212594,-6105.3,1446.6,4193.2,0
2026-04-02T16:24:46.217703+00:00,254.45,22.90,254.45,22.9,-97.8,436483915.8212594,-6117.9,1448.1,4201.9,0
2026-04-02T16:24:46.589541+00:00,254.37,22.86,254.37,22.86,-97.8,436483915.8212594,-6130.4,1449.7,4210.5,0
2026-04-02T16:24:47.053232+00:00,254.27,22.81,254.27,22.81,-97.8,436483855.61943936,-6144.4,1451.4,4220.1,0
2026-04-02T16:24:47.422599+00:00,254.16,22.76,254.16,22.76,-97.8,436483855.61943936,-6159.0,1453.2,4230.1,0
2026-04-02T16:24:47.785172+00:00,254.08,22.72,254.08,22.72,-97.8,436483855.61943936,-6171.3,1454.7,4238.6,0
2026-04-02T16:24:48.193224+00:00,253.98,22.68,253.98,22.68,-97.8,436483855.61943936,-6185.1,1456.5,4248.1,0
2026-04-02T16:24:48.557494+00:00,253.89,22.64,253.89,22.64,-97.8,436483855.61943936,-6197.6,1458.0,4256.6,0
2026-04-02T16:24:48.985312+00:00,253.79,22.59,253.79,22.59,-97.8,436483794.9533854,-6211.8,1459.8,4266.4,0
2026-04-02T16:24:49.393244+00:00,253.69,22.54,253.69,22.54,-97.8,436483794.9533854,-6225.5,1461.6,4275.8,0
2026-04-02T16:24:49.762275+00:00,253.61,22.50,253.61,22.5,-97.8,436483794.9533854,-6237.7,1463.1,4284.2,0
2026-04-02T16:24:50.127326+00:00,253.52,22.46,253.52,22.46,-97.8,436483794.9533854,-6249.8,1464.7,4292.6,0
2026-04-02T16:24:50.593482+00:00,253.42,22.42,253.42,22.42,-97.8,436483736.63125044,-6263.4,1466.5,4301.8,0
2026-04-02T16:24:50.961512+00:00,253.32,22.37,253.32,22.37,-97.8,436483736.63125044,-6277.5,1468.3,4311.5,0
2026-04-02T16:24:51.325478+00:00,253.24,22.33,253.24,22.33,-97.8,436483736.63125044,-6289.4,1469.9,4319.8,0
2026-04-02T16:24:51.737819+00:00,253.14,22.28,253.14,22.28,-97.8,436483736.63125044,-6302.9,1471.6,4329.0,0
2026-04-02T16:24:52.101506+00:00,253.06,22.24,253.06,22.24,-97.8,436483736.63125044,-6314.9,1473.2,4337.2,0
2026-04-02T16:24:52.530549+00:00,252.96,22.19,252.96,22.19,-97.8,436483677.7382429,-6328.7,1475.1,4346.7,0
2026-04-02T16:24:52.938565+00:00,252.86,22.15,252.86,22.15,-97.8,436483677.7382429,-6341.9,1476.8,4355.8,0
2026-04-02T16:24:53.302630+00:00,252.78,22.11,252.78,22.11,-97.8,436483677.7382429,-6353.8,1478.5,4364.0,0
2026-04-02T16:24:53.670583+00:00,252.69,22.07,252.69,22.07,-97.8,436483677.7382429,-6365.6,1480.1,4372.1,0
2026-04-02T16:24:54.137517+00:00,252.60,22.02,252.6,22.02,-97.8,436483621.38536954,-6378.6,1481.8,4381.0,0
2026-04-02T16:24:54.501605+00:00,252.50,21.97,252.5,21.97,-97.8,436483621.38536954,-6392.3,1483.7,4390.4,0
2026-04-02T16:24:54.869484+00:00,252.42,21.93,252.42,21.93,-97.8,436483621.38536954,-6404.0,1485.3,4398.4,0
2026-04-02T16:24:55.277516+00:00,252.33,21.89,252.33,21.89,-97.8,436483621.38536954,-6417.0,1487.1,4407.3,0
2026-04-02T16:24:55.641587+00:00,252.24,21.85,252.24,21.85,-97.8,436483621.38536954,-6428.5,1488.7,4415.2,0
2026-04-02T16:24:56.069480+00:00,252.15,21.80,252.15,21.8,-97.8,436483564.3542739,-6442.0,1490.6,4424.5,0
2026-04-02T16:24:56.477264+00:00,252.06,21.75,252.06,21.75,-97.8,436483564.3542739,-6454.8,1492.4,4433.3,0
2026-04-02T16:24:56.849881+00:00,251.97,21.71,251.97,21.71,-97.8,436483564.3542739,-6466.3,1494.1,4441.2,0
2026-04-02T16:24:57.209512+00:00,251.89,21.67,251.89,21.67,-97.8,436483564.3542739,-6477.6,1495.7,4449.0,0
2026-04-02T16:24:57.677502+00:00,251.80,21.63,251.8,21.63,-97.8,436483509.6720738,-6490.3,1497.5,4457.7,0
2026-04-02T16:24:58.045565+00:00,251.71,21.58,251.71,21.58,-97.8,436483509.6720738,-6503.6,1499.4,4466.8,0
2026-04-02T16:24:58.409207+00:00,251.62,21.54,251.62,21.54,-97.8,436483509.6720738,-6514.8,1501.0,4474.5,0
2026-04-02T16:24:58.817522+00:00,251.53,21.49,251.53,21.49,-97.8,436483509.6720738,-6527.3,1502.9,4483.1,0
2026-04-02T16:24:59.185528+00:00,251.45,21.45,251.45,21.45,-97.8,436483509.6720738,-6538.6,1504.5,4490.9,0
2026-04-02T16:24:59.614595+00:00,251.36,21.41,251.36,21.41,-97.8,436483454.46592206,-6551.5,1506.4,4499.8,0
2026-04-02T16:25:00.017682+00:00,251.27,21.36,251.27,21.36,-97.8,436483454.46592206,-6563.9,1508.2,4508.3,0
2026-04-02T16:25:00.385318+00:00,251.19,21.32,251.19,21.32,-97.8,436483454.46592206,-6575.1,1509.9,4515.9,0
2026-04-02T16:25:00.754376+00:00,251.11,21.28,251.11,21.28,-97.8,436483454.46592206,-6586.2,1511.6,4523.6,0
2026-04-02T16:25:01.221507+00:00,251.02,21.23,251.02,21.23,-97.8,436483401.6506103,-6598.3,1513.4,4531.9,0
2026-04-02T16:25:01.585613+00:00,250.93,21.19,250.93,21.19,-97.8,436483401.6506103,-6611.2,1515.3,4540.7,0
2026-04-02T16:25:01.958136+00:00,250.85,21.15,250.85,21.15,-97.8,436483401.6506103,-6622.2,1517.0,4548.3,0
2026-04-02T16:25:02.361506+00:00,250.76,21.10,250.76,21.1,-97.8,436483401.6506103,-6634.3,1518.9,4556.6,0
2026-04-02T16:25:02.725494+00:00,250.68,21.06,250.68,21.06,-97.8,436483401.6506103,-6645.1,1520.5,4564.0,0
2026-04-02T16:25:03.154648+00:00,250.59,21.01,250.59,21.01,-97.8,436483348.22532517,-6657.7,1522.5,4572.7,0
2026-04-02T16:25:03.561507+00:00,250.50,20.97,250.5,20.97,-97.8,436483348.22532517,-6669.7,1524.4,4580.9,0
2026-04-02T16:25:03.929202+00:00,250.43,20.93,250.43,20.93,-97.8,436483348.22532517,-6680.5,1526.0,4588.3,0
2026-04-02T16:25:04.293500+00:00,250.35,20.89,250.35,20.89,-97.8,436483348.22532517,-6691.1,1527.7,4595.6,0
2026-04-02T16:25:04.761481+00:00,250.26,20.84,250.26,20.84,-97.8,436483297.00177395,-6703.0,1529.6,4603.8,0
2026-04-02T16:25:05.125640+00:00,250.17,20.79,250.17,20.79,-97.8,436483297.00177395,-6715.4,1531.6,4612.3,0
2026-04-02T16:25:05.493499+00:00,250.10,20.75,250.1,20.75,-97.8,436483297.00177395,-6725.9,1533.2,4619.5,0
2026-04-02T16:25:05.901765+00:00,250.01,20.71,250.01,20.71,-97.8,436483297.00177395,-6737.7,1535.1,4627.6,0
2026-04-02T16:25:06.265570+00:00,249.93,20.67,249.93,20.67,-97.8,436483297.00177395,-6748.2,1536.8,4634.8,0
2026-04-02T16:25:06.693507+00:00,249.85,20.62,249.85,20.62,-97.8,436483245.41494024,-6760.3,1538.8,4643.2,0
2026-04-02T16:25:07.106067+00:00,249.76,20.58,249.76,20.58,-97.8,436483245.41494024,-6771.9,1540.7,4651.1,0
2026-04-02T16:25:07.465344+00:00,249.68,20.54,249.68,20.54,-97.8,436483245.41494024,-6782.4,1542.4,4658.3,0
2026-04-02T16:25:07.833192+00:00,249.61,20.50,249.61,20.5,-97.8,436483245.41494024,-6792.7,1544.1,4665.4,0
2026-04-02T16:25:08.241211+00:00,249.52,20.45,249.52,20.45,-97.8,436483245.41494024,-6804.1,1546.0,4673.3,0
2026-04-02T16:25:08.609541+00:00,249.45,20.41,249.45,20.41,-97.8,436483245.41494024,-6814.3,1547.7,4680.3,0
2026-04-02T16:25:09.037502+00:00,249.36,20.37,249.36,20.37,-97.8,436483179.18590003,-6826.3,1549.7,4688.5,0
2026-04-02T16:25:09.445627+00:00,249.28,20.32,249.28,20.32,-97.8,436483179.18590003,-6837.7,1551.6,4696.3,0
2026-04-02T16:25:09.809514+00:00,249.20,20.28,249.2,20.28,-97.8,436483179.18590003,-6847.9,1553.4,4703.3,0
2026-04-02T16:25:10.177504+00:00,249.13,20.24,249.13,20.24,-97.8,436483179.18590003,-6858.1,1555.1,4710.3,0
2026-04-02T16:25:10.585510+00:00,249.05,20.20,249.05,20.2,-97.8,436483179.18590003,-6869.3,1557.0,4718.0,0
2026-04-02T16:25:10.949500+00:00,248.97,20.16,248.97,20.16,-97.8,436483179.18590003,-6879.3,1558.7,4724.9,0
2026-04-02T16:25:11.377490+00:00,248.89,20.11,248.89,20.11,-97.8,436483114.50454307,-6891.0,1560.8,4732.9,0
2026-04-02T16:25:11.785542+00:00,248.81,20.06,248.81,20.06,-97.8,436483114.50454307,-6902.1,1562.7,4740.5,0
2026-04-02T16:25:12.152965+00:00,248.73,20.03,248.73,20.03,-97.8,436483114.50454307,-6912.0,1564.4,4747.3,0
2026-04-02T16:25:12.517593+00:00,248.66,19.98,248.66,19.98,-97.8,436483114.50454307,-6921.9,1566.2,4754.2,0
2026-04-02T16:25:12.926669+00:00,248.58,19.94,248.58,19.94,-97.8,436483114.50454307,-6932.9,1568.1,4761.7,0
2026-04-02T16:25:13.289696+00:00,248.51,19.90,248.51,19.9,-97.8,436483114.50454307,-6942.7,1569.8,4768.4,0
2026-04-02T16:25:13.717510+00:00,248.42,19.85,248.42,19.85,-97.8,436483051.22512966,-6954.1,1571.9,4776.3,0
2026-04-02T16:25:14.125290+00:00,248.34,19.81,248.34,19.81,-97.8,436483051.22512966,-6965.0,1573.8,4783.8,0
2026-04-02T16:25:14.494274+00:00,248.27,19.77,248.27,19.77,-97.8,436483051.22512966,-6974.8,1575.6,4790.5,0
2026-04-02T16:25:14.857187+00:00,248.20,19.73,248.2,19.73,-97.8,436483051.22512966,-6984.4,1577.3,4797.1,0
2026-04-02T16:25:15.265221+00:00,248.12,19.69,248.12,19.69,-97.8,436483051.22512966,-6995.2,1579.3,4804.5,0
2026-04-02T16:25:15.629515+00:00,248.05,19.65,248.05,19.65,-97.8,436483051.22512966,-7004.7,1581.1,4811.0,0
2026-04-02T16:25:16.057765+00:00,247.96,19.60,247.96,19.6,-97.8,436482989.33486336,-7015.9,1583.1,4818.7,0
2026-04-02T16:25:16.465506+00:00,247.88,19.56,247.88,19.56,-97.8,436482989.33486336,-7026.6,1585.1,4826.0,0
2026-04-02T16:25:16.829648+00:00,247.81,19.52,247.81,19.52,-97.8,436482989.33486336,-7036.1,1586.9,4832.6,0
2026-04-02T16:25:17.202166+00:00,247.74,19.48,247.74,19.48,-97.8,436482989.33486336,-7045.5,1588.6,4839.0,0
2026-04-02T16:25:17.605537+00:00,247.67,19.43,247.67,19.43,-97.8,436482989.33486336,-7056.0,1590.6,4846.3,0
2026-04-02T16:25:17.969500+00:00,247.60,19.39,247.6,19.39,-97.8,436482989.33486336,-7065.4,1592.4,4852.7,0
2026-04-02T16:25:18.397507+00:00,247.51,19.35,247.51,19.35,-97.8,436482928.7946431,-7076.3,1594.4,4860.2,0
2026-04-02T16:25:18.805517+00:00,247.44,19.30,247.44,19.3,-97.8,436482928.7946431,-7086.7,1596.4,4867.4,0
2026-04-02T16:25:19.174581+00:00,247.37,19.26,247.37,19.26,-97.8,436482928.7946431,-7096.1,1598.2,4873.8,0
2026-04-02T16:25:19.537501+00:00,247.30,19.22,247.3,19.22,-97.8,436482928.7946431,-7105.3,1600.0,4880.1,0
2026-04-02T16:25:19.945496+00:00,247.22,19.18,247.22,19.18,-97.8,436482928.7946431,-7115.6,1602.0,4887.2,0
2026-04-02T16:25:20.309639+00:00,247.15,19.14,247.15,19.14,-97.8,436482928.7946431,-7124.8,1603.8,4893.5,0
2026-04-02T16:25:20.737330+00:00,247.07,19.10,247.07,19.1,-97.8,436482869.5788757,-7135.4,1605.9,4900.8,0
2026-04-02T16:25:21.145315+00:00,247.00,19.05,247.0,19.05,-97.8,436482869.5788757,-7145.6,1607.9,4907.8,0
2026-04-02T16:25:21.514564+00:00,246.93,19.01,246.93,19.01,-97.8,436482869.5788757,-7154.8,1609.7,4914.1,0
2026-04-02T16:25:21.877532+00:00,246.86,18.97,246.86,18.97,-97.8,436482869.5788757,-7163.8,1611.5,4920.3,0
2026-04-02T16:25:22.290524+00:00,246.78,18.93,246.78,18.93,-97.8,436482869.5788757,-7173.8,1613.5,4927.2,0
2026-04-02T16:25:22.650657+00:00,246.72,18.89,246.72,18.89,-97.8,436482869.5788757,-7182.9,1615.3,4933.4,0
2026-04-02T16:25:23.077483+00:00,246.64,18.84,246.64,18.84,-97.8,436482811.64135104,-7193.2,1617.4,4940.5,0
2026-04-02T16:25:23.485622+00:00,246.56,18.80,246.56,18.8,-97.8,436482811.64135104,-7203.2,1619.4,4947.3,0
2026-04-02T16:25:23.854267+00:00,246.50,18.76,246.5,18.76,-97.8,436482811.64135104,-7212.1,1621.2,4953.5,0
2026-04-02T16:25:24.217519+00:00,246.43,18.72,246.43,18.72,-97.8,436482811.64135104,-7220.9,1623.0,4959.5,0
2026-04-02T16:25:24.625520+00:00,246.36,18.68,246.36,18.68,-97.8,436482811.64135104,-7230.8,1625.0,4966.3,0
2026-04-02T16:25:24.989554+00:00,246.29,18.64,246.29,18.64,-97.8,436482811.64135104,-7239.6,1626.9,4972.4,0
2026-04-02T16:25:25.417548+00:00,246.21,18.59,246.21,18.59,-97.8,436482755.03254473,-7249.8,1629.0,4979.3,0
2026-04-02T16:25:25.825546+00:00,246.14,18.55,246.14,18.55,-97.8,436482755.03254473,-7259.5,1631.0,4986.0,0
2026-04-02T16:25:26.189642+00:00,246.07,18.51,246.07,18.51,-97.8,436482755.03254473,-7268.2,1632.8,4992.0,0
2026-04-02T16:25:26.557569+00:00,246.01,18.47,246.01,18.47,-97.8,436482755.03254473,-7276.9,1634.7,4997.9,0
2026-04-02T16:25:26.965526+00:00,245.93,18.43,245.93,18.43,-97.8,436482755.03254473,-7286.5,1636.7,5004.5,0
2026-04-02T16:25:27.333747+00:00,245.87,18.39,245.87,18.39,-97.8,436482755.03254473,-7295.0,1638.5,5010.4,0
2026-04-02T16:25:27.757655+00:00,245.79,18.35,245.79,18.35,-97.8,436482699.54771054,-7305.1,1640.7,5017.3,0
2026-04-02T16:25:28.165530+00:00,245.72,18.30,245.72,18.3,-97.8,436482699.54771054,-7314.6,1642.7,5023.8,0
2026-04-02T16:25:28.529525+00:00,245.66,18.26,245.66,18.26,-97.8,436482699.54771054,-7323.1,1644.6,5029.7,0
2026-04-02T16:25:28.897502+00:00,245.59,18.23,245.59,18.23,-97.8,436482699.54771054,-7331.6,1646.4,5035.5,0
2026-04-02T16:25:29.305508+00:00,245.52,18.18,245.52,18.18,-97.8,436482699.54771054,-7341.0,1648.5,5042.0,0
2026-04-02T16:25:29.669492+00:00,245.46,18.14,245.46,18.14,-97.8,436482699.54771054,-7349.3,1650.3,5047.7,0
2026-04-02T16:25:30.097526+00:00,245.38,18.10,245.38,18.1,-97.8,436482645.48472583,-7359.1,1652.5,5054.4,0
2026-04-02T16:25:30.505553+00:00,245.31,18.06,245.31,18.06,-97.8,436482645.48472583,-7368.4,1654.5,5060.8,0
2026-04-02T16:25:30.869387+00:00,245.25,18.02,245.25,18.02,-97.8,436482645.48472583,-7376.8,1656.4,5066.6,0
2026-04-02T16:25:31.237516+00:00,245.18,17.98,245.18,17.98,-97.8,436482645.48472583,-7385.0,1658.2,5072.2,0
2026-04-02T16:25:31.645564+00:00,245.11,17.94,245.11,17.94,-97.8,436482645.48472583,-7394.2,1660.3,5078.5,0
2026-04-02T16:25:32.009208+00:00,245.05,17.90,245.05,17.9,-97.8,436482645.48472583,-7402.4,1662.2,5084.1,0
2026-04-02T16:25:32.441396+00:00,244.98,17.85,244.98,17.85,-97.8,436482592.52722913,-7412.0,1664.3,5090.7,0
2026-04-02T16:25:32.845656+00:00,244.91,17.81,244.91,17.81,-97.8,436482592.52722913,-7421.1,1666.4,5097.0,0
2026-04-02T16:25:33.209500+00:00,244.84,17.77,244.84,17.77,-97.8,436482592.52722913,-7429.2,1668.3,5102.6,0
2026-04-02T16:25:33.577515+00:00,244.78,17.73,244.78,17.73,-97.8,436482592.52722913,-7437.3,1670.1,5108.1,0
2026-04-02T16:25:33.985535+00:00,244.71,17.69,244.71,17.69,-97.8,436482592.52722913,-7446.3,1672.2,5114.3,0
2026-04-02T16:25:34.349531+00:00,244.65,17.65,244.65,17.65,-97.8,436482592.52722913,-7454.3,1674.1,5119.8,0
2026-04-02T16:25:34.777539+00:00,244.58,17.61,244.58,17.61,-97.8,436482540.7278289,-7463.7,1676.3,5126.2,0
2026-04-02T16:25:35.185539+00:00,244.51,17.57,244.51,17.57,-97.8,436482540.7278289,-7472.6,1678.4,5132.3,0
2026-04-02T16:25:35.549523+00:00,244.45,17.53,244.45,17.53,-97.8,436482540.7278289,-7480.6,1680.3,5137.8,0
2026-04-02T16:25:35.917542+00:00,244.39,17.49,244.39,17.49,-97.8,436482540.7278289,-7488.4,1682.1,5143.2,0
2026-04-02T16:25:36.325516+00:00,244.32,17.45,244.32,17.45,-97.8,436482540.7278289,-7497.2,1684.2,5149.3,0
2026-04-02T16:25:36.689583+00:00,244.26,17.41,244.26,17.41,-97.8,436482540.7278289,-7505.1,1686.1,5154.7,0
2026-04-02T16:25:37.117603+00:00,244.19,17.37,244.19,17.37,-97.8,436482490.08439237,-7514.2,1688.3,5161.0,0
2026-04-02T16:25:37.529076+00:00,244.12,17.32,244.12,17.32,-97.8,436482490.08439237,-7522.9,1690.4,5166.9,0
2026-04-02T16:25:37.889633+00:00,244.06,17.29,244.06,17.29,-97.8,436482490.08439237,-7530.7,1692.3,5172.3,0
2026-04-02T16:25:38.257511+00:00,244.00,17.25,244.0,17.25,-97.8,436482490.08439237,-7538.4,1694.2,5177.6,0
2026-04-02T16:25:38.665484+00:00,243.93,17.21,243.93,17.21,-97.8,436482490.08439237,-7547.0,1696.3,5183.5,0
2026-04-02T16:25:39.029191+00:00,243.87,17.17,243.87,17.17,-97.8,436482490.08439237,-7554.7,1698.2,5188.7,0
2026-04-02T16:25:39.397491+00:00,243.81,17.13,243.81,17.13,-97.8,436482490.08439237,-7562.4,1700.1,5194.0,0
2026-04-02T16:25:39.865545+00:00,243.75,17.09,243.75,17.09,-97.8,436482429.17946774,-7570.8,1702.2,5199.8,0
2026-04-02T16:25:40.229497+00:00,243.68,17.05,243.68,17.05,-97.8,436482429.17946774,-7579.8,1704.5,5206.0,0
2026-04-02T16:25:40.597213+00:00,243.62,17.01,243.62,17.01,-97.8,436482429.17946774,-7587.3,1706.4,5211.2,0
2026-04-02T16:25:41.005206+00:00,243.55,16.97,243.55,16.97,-97.8,436482429.17946774,-7595.8,1708.5,5217.0,0
2026-04-02T16:25:41.369480+00:00,243.49,16.93,243.49,16.93,-97.8,436482429.17946774,-7603.2,1710.4,5222.1,0
2026-04-02T16:25:41.737184+00:00,243.43,16.89,243.43,16.89,-97.8,436482429.17946774,-7610.7,1712.3,5227.2,0
2026-04-02T16:25:42.146197+00:00,243.37,16.85,243.37,16.85,-97.8,436482429.17946774,-7619.0,1714.4,5232.9,0
2026-04-02T16:25:42.509279+00:00,243.31,16.81,243.31,16.81,-97.8,436482429.17946774,-7626.5,1716.4,5238.0,0
2026-04-02T16:25:42.941507+00:00,243.24,16.77,243.24,16.77,-97.8,436482368.95703083,-7635.1,1718.6,5244.0,0
2026-04-02T16:25:43.345215+00:00,243.18,16.73,243.18,16.73,-97.8,436482368.95703083,-7643.3,1720.7,5249.6,0
2026-04-02T16:25:43.714564+00:00,243.12,16.69,243.12,16.69,-97.8,436482368.95703083,-7650.6,1722.6,5254.7,0
2026-04-02T16:25:44.077176+00:00,243.06,16.65,243.06,16.65,-97.8,436482368.95703083,-7658.0,1724.6,5259.7,0
2026-04-02T16:25:44.485211+00:00,243.00,16.61,243.0,16.61,-97.8,436482368.95703083,-7666.2,1726.7,5265.3,0
2026-04-02T16:25:44.854574+00:00,242.94,16.57,242.94,16.57,-97.8,436482368.95703083,-7673.4,1728.7,5270.3,0
2026-04-02T16:25:45.217186+00:00,242.88,16.54,242.88,16.54,-97.8,436482368.95703083,-7680.7,1730.6,5275.3,0
2026-04-02T16:25:45.685182+00:00,242.82,16.50,242.82,16.5,-97.8,436482311.2868139,-7688.7,1732.7,5280.8,0
2026-04-02T16:25:46.054630+00:00,242.75,16.45,242.75,16.45,-97.8,436482311.2868139,-7697.1,1735.0,5286.6,0
2026-04-02T16:25:46.417501+00:00,242.70,16.41,242.7,16.41,-97.8,436482311.2868139,-7704.2,1736.9,5291.5,0
2026-04-02T16:25:46.825229+00:00,242.63,16.37,242.63,16.37,-97.8,436482311.2868139,-7712.2,1739.1,5296.9,0
2026-04-02T16:25:47.193252+00:00,242.58,16.34,242.58,16.34,-97.8,436482311.2868139,-7719.3,1741.0,5301.8,0
2026-04-02T16:25:47.557199+00:00,242.52,16.30,242.52,16.3,-97.8,436482311.2868139,-7726.4,1743.0,5306.7,0
2026-04-02T16:25:47.969938+00:00,242.46,16.26,242.46,16.26,-97.8,436482311.2868139,-7734.3,1745.1,5312.1,0
2026-04-02T16:25:48.334569+00:00,242.40,16.22,242.4,16.22,-97.8,436482311.2868139,-7741.3,1747.1,5316.9,0
2026-04-02T16:25:48.757499+00:00,242.34,16.18,242.34,16.18,-97.8,436482254.3076158,-7749.4,1749.4,5322.5,0
2026-04-02T16:25:49.165554+00:00,242.28,16.14,242.28,16.14,-97.8,436482254.3076158,-7757.2,1751.5,5327.9,0
2026-04-02T16:25:49.533598+00:00,242.22,16.10,242.22,16.1,-97.8,436482254.3076158,-7764.2,1753.5,5332.7,0
2026-04-02T16:25:49.897605+00:00,242.17,16.06,242.17,16.06,-97.8,436482254.3076158,-7771.1,1755.4,5337.4,0
2026-04-02T16:25:50.305500+00:00,242.10,16.02,242.1,16.02,-97.8,436482254.3076158,-7778.8,1757.6,5342.7,0
2026-04-02T16:25:50.674563+00:00,242.05,15.99,242.05,15.99,-97.8,436482254.3076158,-7785.7,1759.6,5347.4,0
2026-04-02T16:25:51.037545+00:00,241.99,15.95,241.99,15.95,-97.8,436482254.3076158,-7792.5,1761.5,5352.1,0
2026-04-02T16:25:51.505481+00:00,241.93,15.91,241.93,15.91,-97.8,436482199.8763721,-7800.1,1763.7,5357.3,0
2026-04-02T16:25:51.874693+00:00,241.87,15.87,241.87,15.87,-97.8,436482199.8763721,-7808.1,1766.0,5362.8,0
2026-04-02T16:25:52.237542+00:00,241.82,15.83,241.82,15.83,-97.8,436482199.8763721,-7814.8,1768.0,5367.4,0
2026-04-02T16:25:52.645586+00:00,241.76,15.79,241.76,15.79,-97.8,436482199.8763721,-7822.3,1770.1,5372.6,0
2026-04-02T16:25:53.014594+00:00,241.70,15.75,241.7,15.75,-97.8,436482199.8763721,-7829.1,1772.1,5377.2,0
2026-04-02T16:25:53.377604+00:00,241.65,15.72,241.65,15.72,-97.8,436482199.8763721,-7835.8,1774.1,5381.8,0
2026-04-02T16:25:53.785521+00:00,241.59,15.68,241.59,15.68,-97.8,436482199.8763721,-7843.2,1776.3,5386.9,0
2026-04-02T16:25:54.149609+00:00,241.53,15.64,241.53,15.64,-97.8,436482199.8763721,-7849.9,1778.3,5391.5,0
2026-04-02T16:25:54.577509+00:00,241.47,15.60,241.47,15.6,-97.8,436482146.0885153,-7857.5,1780.5,5396.8,0
2026-04-02T16:25:54.985498+00:00,241.41,15.56,241.41,15.56,-97.8,436482146.0885153,-7864.9,1782.8,5401.8,0
2026-04-02T16:25:55.354551+00:00,241.36,15.52,241.36,15.52,-97.8,436482146.0885153,-7871.5,1784.7,5406.4,0
2026-04-02T16:25:55.717793+00:00,241.31,15.49,241.31,15.49,-97.8,436482146.0885153,-7878.0,1786.7,5410.8,0
2026-04-02T16:25:56.125482+00:00,241.25,15.45,241.25,15.45,-97.8,436482146.0885153,-7885.3,1788.9,5415.8,0
2026-04-02T16:25:56.489540+00:00,241.19,15.41,241.19,15.41,-97.8,436482146.0885153,-7891.8,1790.9,5420.3,0
2026-04-02T16:25:56.857535+00:00,241.14,15.37,241.14,15.37,-97.8,436482146.0885153,-7898.3,1792.9,5424.7,0
2026-04-02T16:25:57.325185+00:00,241.08,15.33,241.08,15.33,-97.8,436482094.5301185,-7905.5,1795.1,5429.7,0
2026-04-02T16:25:57.689488+00:00,241.02,15.29,241.02,15.29,-97.8,436482094.5301185,-7913.0,1797.4,5434.8,0
2026-04-02T16:25:58.061087+00:00,240.97,15.26,240.97,15.26,-97.8,436482094.5301185,-7919.4,1799.4,5439.2,0
2026-04-02T16:25:58.465508+00:00,240.91,15.22,240.91,15.22,-97.8,436482094.5301185,-7926.5,1801.6,5444.1,0
2026-04-02T16:25:58.829456+00:00,240.86,15.18,240.86,15.18,-97.8,436482094.5301185,-7932.8,1803.6,5448.4,0
2026-04-02T16:25:59.197509+00:00,240.81,15.14,240.81,15.14,-97.8,436482094.5301185,-7939.2,1805.6,5452.8,0
2026-04-02T16:25:59.605506+00:00,240.75,15.10,240.75,15.1,-97.8,436482094.5301185,-7946.2,1807.8,5457.6,0
2026-04-02T16:25:59.969479+00:00,240.70,15.07,240.7,15.07,-97.8,436482094.5301185,-7952.4,1809.8,5461.9,0
2026-04-02T16:26:00.397508+00:00,240.64,15.03,240.64,15.03,-97.8,436482043.67127174,-7959.8,1812.2,5467.0,0
2026-04-02T16:26:00.805682+00:00,240.58,14.99,240.58,14.99,-97.8,436482043.67127174,-7966.7,1814.4,5471.7,0
2026-04-02T16:26:01.169581+00:00,240.53,14.95,240.53,14.95,-97.8,436482043.67127174,-7973.0,1816.4,5476.0,0
2026-04-02T16:26:01.538649+00:00,240.48,14.92,240.48,14.92,-97.8,436482043.67127174,-7979.1,1818.4,5480.3,0
2026-04-02T16:26:01.945558+00:00,240.42,14.88,240.42,14.88,-97.8,436482043.67127174,-7986.0,1820.6,5485.0,0
2026-04-02T16:26:02.309521+00:00,240.37,14.84,240.37,14.84,-97.8,436482043.67127174,-7992.1,1822.6,5489.2,0
2026-04-02T16:26:02.677177+00:00,240.32,14.81,240.32,14.81,-97.8,436482043.67127174,-7998.3,1824.7,5493.4,0
2026-04-02T16:26:03.088844+00:00,240.27,14.77,240.27,14.77,-97.8,436482043.67127174,-8005.1,1826.9,5498.1,0
2026-04-02T16:26:03.449533+00:00,240.22,14.73,240.22,14.73,-97.8,436482043.67127174,-8011.1,1828.9,5502.2,0
2026-04-02T16:26:03.877388+00:00,240.16,14.69,240.16,14.69,-97.8,436481985.110977,-8018.2,1831.3,5507.1,0
2026-04-02T16:26:04.285250+00:00,240.10,14.65,240.1,14.65,-97.8,436481985.110977,-8024.9,1833.5,5511.7,0
2026-04-02T16:26:04.649510+00:00,240.05,14.62,240.05,14.62,-97.8,436481985.110977,-8030.9,1835.5,5515.8,0
2026-04-02T16:26:05.017552+00:00,240.00,14.58,240.0,14.58,-97.8,436481985.110977,-8036.9,1837.5,5520.0,0
2026-04-02T16:26:05.425531+00:00,239.95,14.54,239.95,14.54,-97.8,436481985.110977,-8043.5,1839.8,5524.5,0
2026-04-02T16:26:05.789523+00:00,239.90,14.51,239.9,14.51,-97.8,436481985.110977,-8049.5,1841.8,5528.6,0
2026-04-02T16:26:06.157228+00:00,239.85,14.47,239.85,14.47,-97.8,436481985.110977,-8055.5,1843.8,5532.7,0
2026-04-02T16:26:06.566580+00:00,239.80,14.43,239.8,14.43,-97.8,436481985.110977,-8062.0,1846.1,5537.2,0
2026-04-02T16:26:06.929402+00:00,239.75,14.40,239.75,14.4,-97.8,436481985.110977,-8067.9,1848.1,5541.2,0
2026-04-02T16:26:07.357494+00:00,239.69,14.36,239.69,14.36,-97.8,436481928.47942114,-8074.7,1850.5,5545.9,0
2026-04-02T16:26:07.765563+00:00,239.63,14.32,239.63,14.32,-97.8,436481928.47942114,-8081.2,1852.8,5550.4,0
2026-04-02T16:26:08.129504+00:00,239.59,14.28,239.59,14.28,-97.8,436481928.47942114,-8087.0,1854.8,5554.4,0
2026-04-02T16:26:08.497208+00:00,239.54,14.25,239.54,14.25,-97.8,436481928.47942114,-8092.8,1856.8,5558.4,0
2026-04-02T16:26:08.905232+00:00,239.48,14.21,239.48,14.21,-97.8,436481928.47942114,-8099.3,1859.1,5562.8,0
2026-04-02T16:26:09.269385+00:00,239.44,14.17,239.44,14.17,-97.8,436481928.47942114,-8105.0,1861.1,5566.7,0
2026-04-02T16:26:09.637180+00:00,239.39,14.14,239.39,14.14,-97.8,436481928.47942114,-8110.8,1863.2,5570.7,0
2026-04-02T16:26:10.045212+00:00,239.33,14.10,239.33,14.1,-97.8,436481928.47942114,-8117.1,1865.4,5575.0,0
2026-04-02T16:26:10.409514+00:00,239.29,14.07,239.29,14.07,-97.8,436481928.47942114,-8122.8,1867.5,5578.9,0
2026-04-02T16:26:10.837505+00:00,239.23,14.03,239.23,14.03,-97.8,436481873.70195705,-8129.4,1869.9,5583.5,0
2026-04-02T16:26:11.246640+00:00,239.18,13.99,239.18,13.99,-97.8,436481873.70195705,-8135.7,1872.1,5587.8,0
2026-04-02T16:26:11.609414+00:00,239.13,13.95,239.13,13.95,-97.8,436481873.70195705,-8141.3,1874.2,5591.6,0
2026-04-02T16:26:11.977548+00:00,239.08,13.92,239.08,13.92,-97.8,436481873.70195705,-8146.9,1876.2,5595.5,0
2026-04-02T16:26:12.385526+00:00,239.03,13.88,239.03,13.88,-97.8,436481873.70195705,-8153.1,1878.5,5599.8,0
2026-04-02T16:26:12.752715+00:00,238.98,13.85,238.98,13.85,-97.8,436481873.70195705,-8158.7,1880.5,5603.6,0
2026-04-02T16:26:13.117514+00:00,238.94,13.81,238.94,13.81,-97.8,436481873.70195705,-8164.2,1882.6,5607.4,0
2026-04-02T16:26:13.525541+00:00,238.88,13.77,238.88,13.77,-97.8,436481873.70195705,-8170.4,1884.9,5611.6,0
2026-04-02T16:26:13.889207+00:00,238.84,13.74,238.84,13.74,-97.8,436481873.70195705,-8175.9,1886.9,5615.4,0
2026-04-02T16:26:14.317479+00:00,238.78,13.70,238.78,13.7,-97.8,436481820.73166376,-8182.3,1889.4,5619.8,0
2026-04-02T16:26:14.725531+00:00,238.73,13.66,238.73,13.66,-97.8,436481820.73166376,-8188.4,1891.6,5624.0,0
2026-04-02T16:26:15.093222+00:00,238.69,13.63,238.69,13.63,-97.8,436481820.73166376,-8193.8,1893.7,5627.7,0
2026-04-02T16:26:15.457731+00:00,238.64,13.59,238.64,13.59,-97.8,436481820.73166376,-8199.2,1895.8,5631.4,0
2026-04-02T16:26:15.870571+00:00,238.59,13.55,238.59,13.55,-97.8,436481820.73166376,-8205.2,1898.1,5635.6,0
2026-04-02T16:26:16.233224+00:00,238.54,13.52,238.54,13.52,-97.8,436481820.73166376,-8210.7,1900.1,5639.3,0
2026-04-02T16:26:16.602334+00:00,238.50,13.49,238.5,13.49,-97.8,436481820.73166376,-8216.0,1902.2,5643.0,0
2026-04-02T16:26:17.005544+00:00,238.45,13.45,238.45,13.45,-97.8,436481820.73166376,-8221.9,1904.5,5647.0,0
2026-04-02T16:26:17.373533+00:00,238.40,13.41,238.4,13.41,-97.8,436481820.73166376,-8227.3,1906.6,5650.7,0
2026-04-02T16:26:17.805192+00:00,238.35,13.38,238.35,13.38,-97.8,436481769.4291999,-8233.5,1909.0,5655.0,0
2026-04-02T16:26:18.209513+00:00,238.30,13.34,238.3,13.34,-97.8,436481769.4291999,-8239.3,1911.3,5659.0,0
2026-04-02T16:26:18.573503+00:00,238.25,13.30,238.25,13.3,-97.8,436481769.4291999,-8244.6,1913.4,5662.6,0
2026-04-02T16:26:18.941523+00:00,238.21,13.27,238.21,13.27,-97.8,436481769.4291999,-8249.9,1915.4,5666.2,0
2026-04-02T16:26:19.349547+00:00,238.16,13.23,238.16,13.23,-97.8,436481769.4291999,-8255.6,1917.7,5670.2,0
2026-04-02T16:26:19.713509+00:00,238.11,13.20,238.11,13.2,-97.8,436481769.4291999,-8260.9,1919.8,5673.8,0
2026-04-02T16:26:20.081504+00:00,238.07,13.16,238.07,13.16,-97.8,436481769.4291999,-8266.1,1921.9,5677.4,0
2026-04-02T16:26:20.489573+00:00,238.02,13.13,238.02,13.13,-97.8,436481769.4291999,-8271.8,1924.2,5681.3,0
2026-04-02T16:26:20.854646+00:00,237.97,13.09,237.97,13.09,-97.8,436481769.4291999,-8276.9,1926.3,5684.8,0
2026-04-02T16:26:21.221654+00:00,237.93,13.06,237.93,13.06,-97.8,436481769.4291999,-8282.1,1928.4,5688.4,0
2026-04-02T16:26:21.689554+00:00,237.88,13.02,237.88,13.02,-97.8,436481712.183405,-8287.8,1930.7,5692.3,0
2026-04-02T16:26:22.053511+00:00,237.83,12.98,237.83,12.98,-97.8,436481712.183405,-8293.8,1933.1,5696.4,0
2026-04-02T16:26:22.421501+00:00,237.78,12.95,237.78,12.95,-97.8,436481712.183405,-8298.8,1935.2,5699.8,0
2026-04-02T16:26:22.832920+00:00,237.73,12.91,237.73,12.91,-97.8,436481712.183405,-8304.4,1937.5,5703.7,0
2026-04-02T16:26:23.193612+00:00,237.69,12.88,237.69,12.88,-97.8,436481712.183405,-8309.4,1939.6,5707.1,0
2026-04-02T16:26:23.561553+00:00,237.65,12.85,237.65,12.85,-97.8,436481712.183405,-8314.5,1941.7,5710.6,0
2026-04-02T16:26:23.969502+00:00,237.60,12.81,237.6,12.81,-97.8,436481712.183405,-8320.0,1944.1,5714.4,0
2026-04-02T16:26:24.333492+00:00,237.55,12.78,237.55,12.78,-97.8,436481712.183405,-8325.0,1946.2,5717.9,0
2026-04-02T16:26:24.701557+00:00,237.51,12.74,237.51,12.74,-97.8,436481712.183405,-8330.0,1948.2,5721.2,0
2026-04-02T16:26:25.109517+00:00,237.46,12.71,237.46,12.71,-97.8,436481712.183405,-8335.5,1950.6,5725.0,0
2026-04-02T16:26:25.473508+00:00,237.42,12.67,237.42,12.67,-97.8,436481712.183405,-8340.4,1952.7,5728.4,0
2026-04-02T16:26:25.901377+00:00,237.37,12.63,237.37,12.63,-97.8,436481656.57273716,-8346.1,1955.1,5732.3,0
2026-04-02T16:26:26.309233+00:00,237.32,12.60,237.32,12.6,-97.8,436481656.57273716,-8351.6,1957.5,5736.1,0
2026-04-02T16:26:26.678384+00:00,237.28,12.56,237.28,12.56,-97.8,436481656.57273716,-8356.5,1959.6,5739.4,0
2026-04-02T16:26:27.041187+00:00,237.24,12.53,237.24,12.53,-97.8,436481656.57273716,-8361.3,1961.7,5742.7,0
2026-04-02T16:26:27.449204+00:00,237.19,12.50,237.19,12.5,-97.8,436481656.57273716,-8366.7,1964.0,5746.4,0
2026-04-02T16:26:27.817220+00:00,237.15,12.46,237.15,12.46,-97.8,436481656.57273716,-8371.5,1966.1,5749.7,0
2026-04-02T16:26:28.181550+00:00,237.10,12.43,237.1,12.43,-97.8,436481656.57273716,-8376.3,1968.2,5753.0,0
2026-04-02T16:26:28.589528+00:00,237.06,12.39,237.06,12.39,-97.8,436481656.57273716,-8381.6,1970.6,5756.7,0
2026-04-02T16:26:28.958577+00:00,237.01,12.36,237.01,12.36,-97.8,436481656.57273716,-8386.4,1972.7,5760.0,0
2026-04-02T16:26:29.321227+00:00,236.97,12.33,236.97,12.33,-97.8,436481656.57273716,-8391.1,1974.8,5763.2,0
2026-04-02T16:26:29.789651+00:00,236.93,12.29,236.93,12.29,-97.8,436481603.6031547,-8396.4,1977.1,5766.9,0
2026-04-02T16:26:30.152172+00:00,236.88,12.25,236.88,12.25,-97.8,436481603.6031547,-8401.9,1979.6,5770.6,0
2026-04-02T16:26:30.516852+00:00,236.84,12.22,236.84,12.22,-97.8,436481603.6031547,-8406.6,1981.7,5773.8,0
2026-04-02T16:26:30.920195+00:00,236.79,12.18,236.79,12.18,-97.8,436481603.6031547,-8411.7,1984.0,5777.4,0
2026-04-02T16:26:31.284176+00:00,236.75,12.15,236.75,12.15,-97.8,436481603.6031547,-8416.4,1986.1,5780.6,0
2026-04-02T16:26:31.648182+00:00,236.71,12.12,236.71,12.12,-97.8,436481603.6031547,-8421.0,1988.2,5783.7,0
2026-04-02T16:26:32.052338+00:00,236.66,12.08,236.66,12.08,-97.8,436481603.6031547,-8426.1,1990.6,5787.2,0
2026-04-02T16:26:32.416155+00:00,236.62,12.05,236.62,12.05,-97.8,436481603.6031547,-8430.7,1992.7,5790.4,0
2026-04-02T16:26:32.779141+00:00,236.58,12.02,236.58,12.02,-97.8,436481603.6031547,-8435.2,1994.8,5793.5,0
2026-04-02T16:26:33.184171+00:00,236.53,11.98,236.53,11.98,-97.8,436481603.6031547,-8440.2,1997.1,5797.0,0
2026-04-02T16:26:33.548200+00:00,236.49,11.95,236.49,11.95,-97.8,436481603.6031547,-8444.8,1999.2,5800.1,0
2026-04-02T16:26:33.972181+00:00,236.45,11.91,236.45,11.91,-97.8,436481552.4279464,-8450.0,2001.7,5803.7,0
2026-04-02T16:26:34.376165+00:00,236.40,11.88,236.4,11.88,-97.8,436481552.4279464,-8455.0,2004.0,5807.1,0
2026-04-02T16:26:34.740156+00:00,236.36,11.85,236.36,11.85,-97.8,436481552.4279464,-8459.6,2006.2,5810.2,0
2026-04-02T16:26:35.104157+00:00,236.32,11.81,236.32,11.81,-97.8,436481552.4279464,-8464.0,2008.3,5813.3,0
2026-04-02T16:26:35.508174+00:00,236.28,11.78,236.28,11.78,-97.8,436481552.4279464,-8469.0,2010.6,5816.7,0
2026-04-02T16:26:35.872204+00:00,236.24,11.75,236.24,11.75,-97.8,436481552.4279464,-8473.4,2012.7,5819.7,0
2026-04-02T16:26:36.236198+00:00,236.20,11.72,236.2,11.72,-97.8,436481552.4279464,-8477.8,2014.8,5822.8,0
2026-04-02T16:26:36.640162+00:00,236.15,11.68,236.15,11.68,-97.8,436481552.4279464,-8482.7,2017.2,5826.1,0
2026-04-02T16:26:37.004692+00:00,236.11,11.65,236.11,11.65,-97.8,436481552.4279464,-8487.0,2019.3,5829.1,0
2026-04-02T16:26:37.368177+00:00,236.07,11.62,236.07,11.62,-97.8,436481552.4279464,-8491.4,2021.4,5832.1,0
2026-04-02T16:26:37.772189+00:00,236.03,11.58,236.03,11.58,-97.8,436481552.4279464,-8496.3,2023.8,5835.4,0
2026-04-02T16:26:38.136168+00:00,235.99,11.55,235.99,11.55,-97.8,436481552.4279464,-8500.6,2025.9,5838.4,0
2026-04-02T16:26:38.563899+00:00,235.94,11.51,235.94,11.51,-97.8,436481496.7234365,-8505.6,2028.4,5841.9,0
2026-04-02T16:26:38.964183+00:00,235.90,11.48,235.9,11.48,-97.8,436481496.7234365,-8510.4,2030.8,5845.2,0
2026-04-02T16:26:39.328163+00:00,235.86,11.45,235.86,11.45,-97.8,436481496.7234365,-8514.7,2032.9,5848.1,0
2026-04-02T16:26:39.692181+00:00,235.82,11.41,235.82,11.41,-97.8,436481496.7234365,-8519.0,2035.0,5851.1,0
2026-04-02T16:26:40.096817+00:00,235.78,11.38,235.78,11.38,-97.8,436481496.7234365,-8523.7,2037.4,5854.3,0
2026-04-02T16:26:40.460150+00:00,235.74,11.35,235.74,11.35,-97.8,436481496.7234365,-8528.0,2039.5,5857.2,0
2026-04-02T16:26:40.820136+00:00,235.70,11.32,235.7,11.32,-97.8,436481496.7234365,-8532.2,2041.6,5860.1,0
2026-04-02T16:26:41.224166+00:00,235.66,11.28,235.66,11.28,-97.8,436481496.7234365,-8536.9,2044.0,5863.3,0
2026-04-02T16:26:41.588156+00:00,235.62,11.25,235.62,11.25,-97.8,436481496.7234365,-8541.1,2046.1,5866.2,0
2026-04-02T16:26:41.952146+00:00,235.58,11.22,235.58,11.22,-97.8,436481496.7234365,-8545.3,2048.3,5869.1,0
2026-04-02T16:26:42.356158+00:00,235.54,11.18,235.54,11.18,-97.8,436481496.7234365,-8549.8,2050.6,5872.2,0
2026-04-02T16:26:42.720138+00:00,235.50,11.15,235.5,11.15,-97.8,436481496.7234365,-8554.0,2052.8,5875.1,0
2026-04-02T16:26:43.144140+00:00,235.46,11.12,235.46,11.12,-97.8,436481443.44033617,-8558.8,2055.3,5878.4,0
2026-04-02T16:26:43.548148+00:00,235.42,11.08,235.42,11.08,-97.8,436481443.44033617,-8563.4,2057.6,5881.6,0
2026-04-02T16:26:43.912161+00:00,235.38,11.05,235.38,11.05,-97.8,436481443.44033617,-8567.5,2059.8,5884.4,0
2026-04-02T16:26:44.277382+00:00,235.34,11.02,235.34,11.02,-97.8,436481443.44033617,-8571.6,2061.9,5887.2,0
2026-04-02T16:26:44.681295+00:00,235.30,10.99,235.3,10.99,-97.8,436481443.44033617,-8576.1,2064.3,5890.3,0
2026-04-02T16:26:45.045578+00:00,235.26,10.95,235.26,10.95,-97.8,436481443.44033617,-8580.2,2066.4,5893.1,0
2026-04-02T16:26:45.409505+00:00,235.22,10.92,235.22,10.92,-97.8,436481443.44033617,-8584.2,2068.6,5895.9,0
2026-04-02T16:26:45.817910+00:00,235.18,10.89,235.18,10.89,-97.8,436481443.44033617,-8588.8,2071.0,5899.0,0
2026-04-02T16:26:46.185521+00:00,235.14,10.86,235.14,10.86,-97.8,436481443.44033617,-8592.8,2073.2,5901.8,0
2026-04-02T16:26:46.549504+00:00,235.10,10.83,235.1,10.83,-97.8,436481443.44033617,-8596.8,2075.3,5904.5,0
2026-04-02T16:26:46.957512+00:00,235.06,10.79,235.06,10.79,-97.8,436481443.44033617,-8601.3,2077.7,5907.6,0
2026-04-02T16:26:47.325551+00:00,235.03,10.76,235.03,10.76,-97.8,436481443.44033617,-8605.3,2079.9,5910.4,0
2026-04-02T16:26:47.753518+00:00,234.98,10.72,234.98,10.72,-97.8,436481392.18834805,-8610.0,2082.4,5913.5,0
2026-04-02T16:26:48.161514+00:00,234.94,10.69,234.94,10.69,-97.8,436481392.18834805,-8614.4,2084.8,5916.6,0
2026-04-02T16:26:48.525505+00:00,234.90,10.66,234.9,10.66,-97.8,436481392.18834805,-8618.4,2087.0,5919.3,0
2026-04-02T16:26:48.893497+00:00,234.87,10.63,234.87,10.63,-97.8,436481392.18834805,-8622.3,2089.2,5922.0,0
2026-04-02T16:26:49.301544+00:00,234.83,10.59,234.83,10.59,-97.8,436481392.18834805,-8626.7,2091.6,5925.0,0
2026-04-02T16:26:49.666631+00:00,234.79,10.56,234.79,10.56,-97.8,436481392.18834805,-8630.6,2093.7,5927.7,0
2026-04-02T16:26:50.033570+00:00,234.75,10.53,234.75,10.53,-97.8,436481392.18834805,-8634.5,2095.9,5930.4,0
2026-04-02T16:26:50.441236+00:00,234.71,10.50,234.71,10.5,-97.8,436481392.18834805,-8638.8,2098.3,5933.4,0
2026-04-02T16:26:50.805530+00:00,234.67,10.47,234.67,10.47,-97.8,436481392.18834805,-8642.7,2100.5,5936.0,0
2026-04-02T16:26:51.173202+00:00,234.64,10.44,234.64,10.44,-97.8,436481392.18834805,-8646.6,2102.7,5938.7,0
2026-04-02T16:26:51.581227+00:00,234.60,10.40,234.6,10.4,-97.8,436481392.18834805,-8650.9,2105.1,5941.6,0
2026-04-02T16:26:51.945519+00:00,234.56,10.37,234.56,10.37,-97.8,436481392.18834805,-8654.7,2107.3,5944.2,0
2026-04-02T16:26:52.313206+00:00,234.52,10.34,234.52,10.34,-97.8,436481392.18834805,-8658.5,2109.5,5946.9,0
2026-04-02T16:26:52.781325+00:00,234.49,10.31,234.49,10.31,-97.8,436481337.3035343,-8662.7,2111.9,5949.8,0
2026-04-02T16:26:53.145495+00:00,234.44,10.27,234.44,10.27,-97.8,436481337.3035343,-8667.2,2114.4,5952.8,0
2026-04-02T16:26:53.513205+00:00,234.41,10.24,234.41,10.24,-97.8,436481337.3035343,-8670.9,2116.6,5955.4,0
2026-04-02T16:26:53.921508+00:00,234.37,10.21,234.37,10.21,-97.8,436481337.3035343,-8675.1,2119.0,5958.3,0
2026-04-02T16:26:54.289493+00:00,234.33,10.18,234.33,10.18,-97.8,436481337.3035343,-8678.8,2121.2,5960.8,0
2026-04-02T16:26:54.653216+00:00,234.30,10.15,234.3,10.15,-97.8,436481337.3035343,-8682.6,2123.4,5963.4,0
2026-04-02T16:26:55.061192+00:00,234.26,10.11,234.26,10.11,-97.8,436481337.3035343,-8686.7,2125.8,5966.3,0
2026-04-02T16:26:55.425519+00:00,234.22,10.08,234.22,10.08,-97.8,436481337.3035343,-8690.4,2128.0,5968.8,0
2026-04-02T16:26:55.793487+00:00,234.19,10.05,234.19,10.05,-97.8,436481337.3035343,-8694.1,2130.2,5971.3,0
2026-04-02T16:26:56.201508+00:00,234.15,10.02,234.15,10.02,-97.8,436481337.3035343,-8698.3,2132.7,5974.2,0
2026-04-02T16:26:56.565544+00:00,234.11,9.99,234.11,9.99,-97.8,436481337.3035343,-8701.9,2134.8,5976.7,0
2026-04-02T16:26:56.933506+00:00,234.08,9.96,234.08,9.96,-97.8,436481337.3035343,-8705.5,2137.0,5979.2,0
2026-04-02T16:26:57.341543+00:00,234.04,9.93,234.04,9.93,-97.8,436481337.3035343,-8709.6,2139.5,5982.0,0
2026-04-02T16:26:57.705599+00:00,234.00,9.90,234.0,9.9,-97.8,436481337.3035343,-8713.2,2141.6,5984.5,0
2026-04-02T16:26:58.133542+00:00,233.96,9.86,233.96,9.86,-97.8,436481284.54794025,-8717.4,2144.2,5987.4,0
2026-04-02T16:26:58.541201+00:00,233.92,9.83,233.92,9.83,-97.8,436481284.54794025,-8721.4,2146.6,5990.1,0
2026-04-02T16:26:58.909536+00:00,233.89,9.80,233.89,9.8,-97.8,436481284.54794025,-8725.1,2148.8,5992.6,0
2026-04-02T16:26:59.274690+00:00,233.85,9.77,233.85,9.77,-97.8,436481284.54794025,-8728.6,2151.0,5995.0,0
2026-04-02T16:26:59.681553+00:00,233.81,9.73,233.81,9.73,-97.8,436481284.54794025,-8732.6,2153.5,5997.8,0
2026-04-02T16:27:00.049322+00:00,233.78,9.70,233.78,9.7,-97.8,436481284.54794025,-8736.1,2155.7,6000.2,0
2026-04-02T16:27:00.413398+00:00,233.74,9.67,233.74,9.67,-97.8,436481284.54794025,-8739.7,2157.9,6002.6,0
2026-04-02T16:27:00.821502+00:00,233.71,9.64,233.71,9.64,-97.8,436481284.54794025,-8743.6,2160.3,6005.3,0
2026-04-02T16:27:01.189217+00:00,233.67,9.61,233.67,9.61,-97.8,436481284.54794025,-8747.1,2162.5,6007.7,0
2026-04-02T16:27:01.553524+00:00,233.64,9.58,233.64,9.58,-97.8,436481284.54794025,-8750.6,2164.7,6010.1,0
2026-04-02T16:27:01.961510+00:00,233.60,9.55,233.6,9.55,-97.8,436481284.54794025,-8754.5,2167.2,6012.8,0
2026-04-02T16:27:02.329509+00:00,233.57,9.52,233.57,9.52,-97.8,436481284.54794025,-8758.0,2169.4,6015.2,0
2026-04-02T16:27:02.693320+00:00,233.53,9.49,233.53,9.49,-97.8,436481284.54794025,-8761.4,2171.6,6017.5,0
2026-04-02T16:27:03.101553+00:00,233.49,9.46,233.49,9.46,-97.8,436481284.54794025,-8765.2,2174.0,6020.2,0
2026-04-02T16:27:03.469567+00:00,233.46,9.43,233.46,9.43,-97.8,436481284.54794025,-8768.7,2176.2,6022.6,0
2026-04-02T16:27:03.893744+00:00,233.42,9.39,233.42,9.39,-97.8,436481229.1789868,-8772.7,2178.8,6025.3,0
2026-04-02T16:27:04.301500+00:00,233.38,9.36,233.38,9.36,-97.8,436481229.1789868,-8776.5,2181.3,6027.9,0
2026-04-02T16:27:04.672744+00:00,233.35,9.33,233.35,9.33,-97.8,436481229.1789868,-8779.9,2183.5,6030.2,0
2026-04-02T16:27:05.033533+00:00,233.32,9.30,233.32,9.3,-97.8,436481229.1789868,-8783.2,2185.7,6032.6,0
2026-04-02T16:27:05.441475+00:00,233.28,9.27,233.28,9.27,-97.8,436481229.1789868,-8787.0,2188.1,6035.1,0
2026-04-02T16:27:05.809567+00:00,233.25,9.24,233.25,9.24,-97.8,436481229.1789868,-8790.4,2190.4,6037.5,0
2026-04-02T16:27:06.173179+00:00,233.21,9.21,233.21,9.21,-97.8,436481229.1789868,-8793.7,2192.5,6039.7,0
2026-04-02T16:27:06.581207+00:00,233.18,9.18,233.18,9.18,-97.8,436481229.1789868,-8797.4,2195.0,6042.3,0
2026-04-02T16:27:06.950553+00:00,233.14,9.15,233.14,9.15,-97.8,436481229.1789868,-8800.8,2197.2,6044.6,0
2026-04-02T16:27:07.313205+00:00,233.11,9.12,233.11,9.12,-97.8,436481229.1789868,-8804.1,2199.4,6046.9,0
2026-04-02T16:27:07.721498+00:00,233.07,9.09,233.07,9.09,-97.8,436481229.1789868,-8807.7,2201.9,6049.4,0
2026-04-02T16:27:08.085577+00:00,233.04,9.06,233.04,9.06,-97.8,436481229.1789868,-8811.0,2204.1,6051.7,0
2026-04-02T16:27:08.453526+00:00,233.01,9.03,233.01,9.03,-97.8,436481229.1789868,-8814.3,2206.3,6053.9,0
2026-04-02T16:27:08.862699+00:00,232.97,8.99,232.97,8.99,-97.8,436481229.1789868,-8817.9,2208.8,6056.4,0
2026-04-02T16:27:09.225567+00:00,232.94,8.97,232.94,8.97,-97.8,436481229.1789868,-8821.2,2211.0,6058.6,0
2026-04-02T16:27:09.653483+00:00,232.90,8.93,232.9,8.93,-97.8,436481176.80587023,-8825.0,2213.6,6061.2,0
2026-04-02T16:27:10.061570+00:00,232.87,8.90,232.87,8.9,-97.8,436481176.80587023,-8828.6,2216.1,6063.7,0
2026-04-02T16:27:10.430562+00:00,232.83,8.87,232.83,8.87,-97.8,436481176.80587023,-8831.8,2218.3,6065.9,0
2026-04-02T16:27:10.793411+00:00,232.80,8.84,232.8,8.84,-97.8,436481176.80587023,-8835.0,2220.5,6068.1,0
2026-04-02T16:27:11.201509+00:00,232.77,8.81,232.77,8.81,-97.8,436481176.80587023,-8838.6,2223.0,6070.5,0
2026-04-02T16:27:11.565772+00:00,232.73,8.78,232.73,8.78,-97.8,436481176.80587023,-8841.8,2225.2,6072.7,0
2026-04-02T16:27:11.933489+00:00,232.70,8.75,232.7,8.75,-97.8,436481176.80587023,-8844.9,2227.4,6074.9,0
2026-04-02T16:27:12.341498+00:00,232.67,8.72,232.67,8.72,-97.8,436481176.80587023,-8848.4,2229.9,6077.3,0
2026-04-02T16:27:12.705474+00:00,232.63,8.69,232.63,8.69,-97.8,436481176.80587023,-8851.6,2232.2,6079.5,0
2026-04-02T16:27:13.073492+00:00,232.60,8.66,232.6,8.66,-97.8,436481176.80587023,-8854.7,2234.4,6081.6,0
2026-04-02T16:27:13.481497+00:00,232.57,8.63,232.57,8.63,-97.8,436481176.80587023,-8858.2,2236.9,6084.0,0
2026-04-02T16:27:13.845479+00:00,232.54,8.60,232.54,8.6,-97.8,436481176.80587023,-8861.3,2239.1,6086.2,0
2026-04-02T16:27:14.213501+00:00,232.50,8.57,232.5,8.57,-97.8,436481176.80587023,-8864.4,2241.3,6088.3,0
2026-04-02T16:27:14.621541+00:00,232.47,8.54,232.47,8.54,-97.8,436481176.80587023,-8867.9,2243.8,6090.7,0
2026-04-02T16:27:14.989512+00:00,232.44,8.51,232.44,8.51,-97.8,436481176.80587023,-8870.9,2246.0,6092.8,0
2026-04-02T16:27:15.353521+00:00,232.41,8.48,232.41,8.48,-97.8,436481176.80587023,-8874.0,2248.3,6094.9,0
2026-04-02T16:27:15.821545+00:00,232.37,8.45,232.37,8.45,-97.8,436481122.56657624,-8877.4,2250.7,6097.2,0
2026-04-02T16:27:16.190598+00:00,232.33,8.42,232.33,8.42,-97.8,436481122.56657624,-8881.0,2253.3,6099.7,0
2026-04-02T16:27:16.553493+00:00,232.30,8.39,232.3,8.39,-97.8,436481122.56657624,-8884.0,2255.6,6101.8,0
2026-04-02T16:27:16.961512+00:00,232.27,8.36,232.27,8.36,-97.8,436481122.56657624,-8887.4,2258.1,6104.1,0
2026-04-02T16:27:17.325900+00:00,232.24,8.33,232.24,8.33,-97.8,436481122.56657624,-8890.4,2260.3,6106.1,0
2026-04-02T16:27:17.693533+00:00,232.21,8.30,232.21,8.3,-97.8,436481122.56657624,-8893.4,2262.5,6108.2,0
2026-04-02T16:27:18.101512+00:00,232.17,8.27,232.17,8.27,-97.8,436481122.56657624,-8896.7,2265.0,6110.5,0
2026-04-02T16:27:18.466673+00:00,232.14,8.24,232.14,8.24,-97.8,436481122.56657624,-8899.7,2267.3,6112.6,0
2026-04-02T16:27:18.833540+00:00,232.11,8.21,232.11,8.21,-97.8,436481122.56657624,-8902.7,2269.5,6114.6,0
2026-04-02T16:27:19.241569+00:00,232.08,8.18,232.08,8.18,-97.8,436481122.56657624,-8906.0,2272.0,6116.9,0
2026-04-02T16:27:19.605499+00:00,232.05,8.15,232.05,8.15,-97.8,436481122.56657624,-8908.9,2274.2,6118.9,0
2026-04-02T16:27:19.973209+00:00,232.02,8.13,232.02,8.13,-97.8,436481122.56657624,-8911.9,2276.5,6120.9,0
2026-04-02T16:27:20.381743+00:00,231.98,8.09,231.98,8.09,-97.8,436481122.56657624,-8915.2,2279.0,6123.2,0
2026-04-02T16:27:20.745506+00:00,231.95,8.07,231.95,8.07,-97.8,436481122.56657624,-8918.1,2281.2,6125.2,0
2026-04-02T16:27:21.113494+00:00,231.92,8.04,231.92,8.04,-97.8,436481122.56657624,-8921.0,2283.5,6127.2,0
2026-04-02T16:27:21.521199+00:00,231.89,8.01,231.89,8.01,-97.8,436481122.56657624,-8924.2,2285.9,6129.4,0
2026-04-02T16:27:21.885355+00:00,231.86,7.98,231.86,7.98,-97.8,436481122.56657624,-8927.1,2288.2,6131.4,0
2026-04-02T16:27:22.313199+00:00,231.82,7.95,231.82,7.95,-97.8,436481071.1247711,-8930.5,2290.8,6133.7,0
2026-04-02T16:27:22.721201+00:00,231.79,7.92,231.79,7.92,-97.8,436481071.1247711,-8933.7,2293.3,6135.9,0
2026-04-02T16:27:23.090563+00:00,231.76,7.89,231.76,7.89,-97.8,436481071.1247711,-8936.5,2295.5,6137.8,0
2026-04-02T16:27:23.453265+00:00,231.73,7.86,231.73,7.86,-97.8,436481071.1247711,-8939.4,2297.8,6139.8,0
2026-04-02T16:27:23.861202+00:00,231.70,7.83,231.7,7.83,-97.8,436481071.1247711,-8942.5,2300.3,6141.9,0
2026-04-02T16:27:24.225510+00:00,231.67,7.80,231.67,7.8,-97.8,436481071.1247711,-8945.4,2302.6,6143.9,0
2026-04-02T16:27:24.593190+00:00,231.64,7.77,231.64,7.77,-97.8,436481071.1247711,-8948.2,2304.8,6145.8,0
2026-04-02T16:27:25.001512+00:00,231.60,7.74,231.6,7.74,-97.8,436481071.1247711,-8951.3,2307.3,6148.0,0
2026-04-02T16:27:25.365572+00:00,231.57,7.72,231.57,7.72,-97.8,436481071.1247711,-8954.1,2309.6,6149.9,0
2026-04-02T16:27:25.737669+00:00,231.54,7.69,231.54,7.69,-97.8,436481071.1247711,-8956.9,2311.8,6151.8,0
2026-04-02T16:27:26.141288+00:00,231.51,7.66,231.51,7.66,-97.8,436481071.1247711,-8960.0,2314.3,6153.9,0
2026-04-02T16:27:26.505502+00:00,231.48,7.63,231.48,7.63,-97.8,436481071.1247711,-8962.7,2316.6,6155.8,0
2026-04-02T16:27:26.873551+00:00,231.45,7.60,231.45,7.6,-97.8,436481071.1247711,-8965.5,2318.8,6157.7,0
2026-04-02T16:27:27.281550+00:00,231.42,7.57,231.42,7.57,-97.8,436481071.1247711,-8968.5,2321.3,6159.8,0
2026-04-02T16:27:27.645543+00:00,231.39,7.54,231.39,7.54,-97.8,436481071.1247711,-8971.3,2323.6,6161.7,0
2026-04-02T16:27:28.015007+00:00,231.36,7.52,231.36,7.52,-97.8,436481071.1247711,-8974.0,2325.9,6163.6,0
2026-04-02T16:27:28.421511+00:00,231.33,7.49,231.33,7.49,-97.8,436481071.1247711,-8977.0,2328.4,6165.7,0
2026-04-02T16:27:28.785520+00:00,231.30,7.46,231.3,7.46,-97.8,436481071.1247711,-8979.8,2330.6,6167.5,0
2026-04-02T16:27:29.213551+00:00,231.27,7.43,231.27,7.43,-97.8,436481018.60307133,-8982.9,2333.3,6169.7,0
2026-04-02T16:27:29.621340+00:00,231.23,7.40,231.23,7.4,-97.8,436481018.60307133,-8985.9,2335.8,6171.7,0
2026-04-02T16:27:29.985512+00:00,231.20,7.37,231.2,7.37,-97.8,436481018.60307133,-8988.6,2338.0,6173.6,0
2026-04-02T16:27:30.353527+00:00,231.18,7.34,231.18,7.34,-97.8,436481018.60307133,-8991.2,2340.3,6175.4,0
2026-04-02T16:27:30.765953+00:00,231.14,7.31,231.14,7.31,-97.8,436481018.60307133,-8994.2,2342.8,6177.4,0
2026-04-02T16:27:31.125528+00:00,231.12,7.28,231.12,7.28,-97.8,436481018.60307133,-8996.8,2345.1,6179.2,0
2026-04-02T16:27:31.493526+00:00,231.09,7.26,231.09,7.26,-97.8,436481018.60307133,-8999.5,2347.3,6181.1,0
2026-04-02T16:27:31.901595+00:00,231.06,7.23,231.06,7.23,-97.8,436481018.60307133,-9002.4,2349.9,6183.1,0
2026-04-02T16:27:32.265435+00:00,231.03,7.20,231.03,7.2,-97.8,436481018.60307133,-9005.0,2352.1,6184.9,0
2026-04-02T16:27:32.633500+00:00,231.00,7.17,231.0,7.17,-97.8,436481018.60307133,-9007.6,2354.4,6186.7,0
2026-04-02T16:27:33.041510+00:00,230.97,7.14,230.97,7.14,-97.8,436481018.60307133,-9010.5,2356.9,6188.6,0
2026-04-02T16:27:33.405613+00:00,230.94,7.11,230.94,7.11,-97.8,436481018.60307133,-9013.1,2359.2,6190.4,0
2026-04-02T16:27:33.773247+00:00,230.91,7.09,230.91,7.09,-97.8,436481018.60307133,-9015.7,2361.4,6192.2,0
2026-04-02T16:27:34.181497+00:00,230.88,7.06,230.88,7.06,-97.8,436481018.60307133,-9018.6,2364.0,6194.2,0
2026-04-02T16:27:34.545492+00:00,230.85,7.03,230.85,7.03,-97.8,436481018.60307133,-9021.1,2366.2,6195.9,0
2026-04-02T16:27:34.913554+00:00,230.82,7.00,230.82,7.0,-97.8,436481018.60307133,-9023.7,2368.5,6197.7,0
2026-04-02T16:27:35.321567+00:00,230.79,6.97,230.79,6.97,-97.8,436481018.60307133,-9026.5,2371.0,6199.7,0
2026-04-02T16:27:35.685521+00:00,230.76,6.95,230.76,6.95,-97.8,436481018.60307133,-9029.0,2373.3,6201.4,0
2026-04-02T16:27:36.053945+00:00,230.74,6.92,230.74,6.92,-97.8,436481018.60307133,-9031.6,2375.6,6203.1,0
2026-04-02T16:27:36.521512+00:00,230.71,6.89,230.71,6.89,-97.8,436480965.59580994,-9034.4,2378.1,6205.1,0
2026-04-02T16:27:36.890281+00:00,230.67,6.86,230.67,6.86,-97.8,436480965.59580994,-9037.3,2380.8,6207.1,0
2026-04-02T16:27:37.253241+00:00,230.65,6.83,230.65,6.83,-97.8,436480965.59580994,-9039.8,2383.0,6208.8,0
2026-04-02T16:27:37.663022+00:00,230.62,6.80,230.62,6.8,-97.8,436480965.59580994,-9042.6,2385.6,6210.7,0
2026-04-02T16:27:38.025525+00:00,230.59,6.78,230.59,6.78,-97.8,436480965.59580994,-9045.1,2387.8,6212.4,0
2026-04-02T16:27:38.393487+00:00,230.56,6.75,230.56,6.75,-97.8,436480965.59580994,-9047.6,2390.1,6214.1,0
2026-04-02T16:27:38.801208+00:00,230.53,6.72,230.53,6.72,-97.8,436480965.59580994,-9050.3,2392.6,6216.0,0
2026-04-02T16:27:39.165584+00:00,230.50,6.69,230.5,6.69,-97.8,436480965.59580994,-9052.7,2394.9,6217.7,0
2026-04-02T16:27:39.533556+00:00,230.48,6.67,230.48,6.67,-97.8,436480965.59580994,-9055.2,2397.2,6219.3,0
2026-04-02T16:27:39.941509+00:00,230.45,6.64,230.45,6.64,-97.8,436480965.59580994,-9057.9,2399.7,6221.2,0
2026-04-02T16:27:40.305509+00:00,230.42,6.61,230.42,6.61,-97.8,436480965.59580994,-9060.3,2402.0,6222.9,0
2026-04-02T16:27:40.673546+00:00,230.39,6.58,230.39,6.58,-97.8,436480965.59580994,-9062.8,2404.3,6224.5,0
2026-04-02T16:27:41.092417+00:00,230.36,6.55,230.36,6.55,-97.8,436480965.59580994,-9065.5,2406.8,6226.4,0
2026-04-02T16:27:41.465512+00:00,230.33,6.53,230.33,6.53,-97.8,436480965.59580994,-9068.0,2409.2,6228.1,0
2026-04-02T16:27:41.833359+00:00,230.31,6.50,230.31,6.5,-97.8,436480965.59580994,-9070.4,2411.5,6229.8,0
2026-04-02T16:27:42.241811+00:00,230.28,6.47,230.28,6.47,-97.8,436480965.59580994,-9073.0,2414.0,6231.6,0
2026-04-02T16:27:42.605433+00:00,230.25,6.44,230.25,6.44,-97.8,436480965.59580994,-9075.4,2416.3,6233.2,0
2026-04-02T16:27:42.973243+00:00,230.22,6.42,230.22,6.42,-97.8,436480965.59580994,-9077.8,2418.6,6234.9,0
2026-04-02T16:27:43.381194+00:00,230.19,6.39,230.19,6.39,-97.8,436480965.59580994,-9080.4,2421.2,6236.7,0
2026-04-02T16:27:43.750547+00:00,230.17,6.36,230.17,6.36,-97.8,436480965.59580994,-9082.8,2423.4,6238.3,0
2026-04-02T16:27:44.113506+00:00,230.14,6.34,230.14,6.34,-97.8,436480965.59580994,-9085.1,2425.7,6239.9,0
2026-04-02T16:27:44.581486+00:00,230.11,6.31,230.11,6.31,-97.8,436480912.27289784,-9087.7,2428.3,6241.7,0
2026-04-02T16:27:44.949504+00:00,230.08,6.28,230.08,6.28,-97.8,436480912.27289784,-9090.4,2430.9,6243.6,0
2026-04-02T16:27:45.313700+00:00,230.05,6.25,230.05,6.25,-97.8,436480912.27289784,-9092.7,2433.2,6245.1,0
2026-04-02T16:27:45.721481+00:00,230.02,6.22,230.02,6.22,-97.8,436480912.27289784,-9095.3,2435.8,6246.9,0
2026-04-02T16:27:46.093063+00:00,230.00,6.19,230.0,6.19,-97.8,436480912.27289784,-9097.6,2438.1,6248.5,0
2026-04-02T16:27:46.453764+00:00,229.97,6.17,229.97,6.17,-97.8,436480912.27289784,-9099.9,2440.3,6250.1,0
2026-04-02T16:27:46.861538+00:00,229.94,6.14,229.94,6.14,-97.8,436480912.27289784,-9102.5,2442.9,6251.8,0
2026-04-02T16:27:47.230680+00:00,229.92,6.11,229.92,6.11,-97.8,436480912.27289784,-9104.8,2445.2,6253.4,0
2026-04-02T16:27:47.593515+00:00,229.89,6.09,229.89,6.09,-97.8,436480912.27289784,-9107.0,2447.5,6254.9,0
2026-04-02T16:27:48.001173+00:00,229.86,6.06,229.86,6.06,-97.8,436480912.27289784,-9109.5,2450.0,6256.7,0
2026-04-02T16:27:48.369203+00:00,229.83,6.03,229.83,6.03,-97.8,436480912.27289784,-9111.8,2452.3,6258.2,0
2026-04-02T16:27:48.733516+00:00,229.81,6.01,229.81,6.01,-97.8,436480912.27289784,-9114.0,2454.6,6259.7,0
2026-04-02T16:27:49.141503+00:00,229.78,5.98,229.78,5.98,-97.8,436480912.27289784,-9116.5,2457.1,6261.5,0
2026-04-02T16:27:49.509182+00:00,229.75,5.95,229.75,5.95,-97.8,436480912.27289784,-9118.8,2459.5,6263.0,0
2026-04-02T16:27:49.873649+00:00,229.73,5.93,229.73,5.93,-97.8,436480912.27289784,-9121.0,2461.7,6264.5,0
2026-04-02T16:27:50.281385+00:00,229.70,5.90,229.7,5.9,-97.8,436480912.27289784,-9123.4,2464.3,6266.2,0
2026-04-02T16:27:50.649520+00:00,229.67,5.87,229.67,5.87,-97.8,436480912.27289784,-9125.6,2466.6,6267.7,0
2026-04-02T16:27:51.017515+00:00,229.65,5.85,229.65,5.85,-97.8,436480912.27289784,-9127.8,2468.9,6269.2,0
2026-04-02T16:27:51.426260+00:00,229.62,5.82,229.62,5.82,-97.8,436480912.27289784,-9130.3,2471.4,6270.9,0
2026-04-02T16:27:51.789524+00:00,229.59,5.79,229.59,5.79,-97.8,436480912.27289784,-9132.5,2473.7,6272.4,0
2026-04-02T16:27:52.157575+00:00,229.57,5.77,229.57,5.77,-97.8,436480912.27289784,-9134.6,2476.1,6273.9,0
2026-04-02T16:27:52.561580+00:00,229.54,5.74,229.54,5.74,-97.8,436480912.27289784,-9137.0,2478.6,6275.5,0
2026-04-02T16:27:52.929453+00:00,229.52,5.71,229.52,5.71,-97.8,436480912.27289784,-9139.2,2480.9,6277.0,0
2026-04-02T16:27:53.357207+00:00,229.49,5.68,229.49,5.68,-97.8,436480859.46682817,-9141.7,2483.6,6278.8,0
2026-04-02T16:27:53.765192+00:00,229.46,5.65,229.46,5.65,-97.8,436480859.46682817,-9144.1,2486.1,6280.4,0
2026-04-02T16:27:54.129518+00:00,229.43,5.63,229.43,5.63,-97.8,436480859.46682817,-9146.2,2488.4,6281.9,0
2026-04-02T16:27:54.497196+00:00,229.41,5.60,229.41,5.6,-97.8,436480859.46682817,-9148.4,2490.7,6283.3,0
2026-04-02T16:27:54.905203+00:00,229.38,5.58,229.38,5.58,-97.8,436480859.46682817,-9150.7,2493.3,6284.9,0
2026-04-02T16:27:55.269398+00:00,229.36,5.55,229.36,5.55,-97.8,436480859.46682817,-9152.8,2495.6,6286.4,0
2026-04-02T16:27:55.637533+00:00,229.33,5.52,229.33,5.52,-97.8,436480859.46682817,-9154.9,2497.9,6287.8,0
2026-04-02T16:27:56.045249+00:00,229.30,5.50,229.3,5.5,-97.8,436480859.46682817,-9157.3,2500.5,6289.4,0
2026-04-02T16:27:56.414540+00:00,229.28,5.47,229.28,5.47,-97.8,436480859.46682817,-9159.3,2502.8,6290.9,0
2026-04-02T16:27:56.778651+00:00,229.25,5.45,229.25,5.45,-97.8,436480859.46682817,-9161.4,2505.1,6292.3,0
2026-04-02T16:27:57.185507+00:00,229.23,5.42,229.23,5.42,-97.8,436480859.46682817,-9163.7,2507.6,6293.9,0
2026-04-02T16:27:57.549547+00:00,229.20,5.39,229.2,5.39,-97.8,436480859.46682817,-9165.8,2509.9,6295.3,0
2026-04-02T16:27:57.917590+00:00,229.18,5.37,229.18,5.37,-97.8,436480859.46682817,-9167.9,2512.3,6296.7,0
2026-04-02T16:27:58.326568+00:00,229.15,5.34,229.15,5.34,-97.8,436480859.46682817,-9170.1,2514.8,6298.3,0
2026-04-02T16:27:58.689516+00:00,229.12,5.31,229.12,5.31,-97.8,436480859.46682817,-9172.2,2517.1,6299.7,0
2026-04-02T16:27:59.058256+00:00,229.10,5.29,229.1,5.29,-97.8,436480859.46682817,-9174.2,2519.4,6301.1,0
2026-04-02T16:27:59.461519+00:00,229.07,5.26,229.07,5.26,-97.8,436480859.46682817,-9176.5,2522.0,6302.6,0
2026-04-02T16:27:59.829573+00:00,229.05,5.24,229.05,5.24,-97.8,436480859.46682817,-9178.5,2524.3,6304.0,0
2026-04-02T16:28:00.193598+00:00,229.02,5.21,229.02,5.21,-97.8,436480859.46682817,-9180.5,2526.6,6305.4,0
2026-04-02T16:28:00.601187+00:00,229.00,5.18,229.0,5.18,-97.8,436480859.46682817,-9182.7,2529.2,6306.9,0
2026-04-02T16:28:00.969516+00:00,228.97,5.16,228.97,5.16,-97.8,436480859.46682817,-9184.7,2531.5,6308.3,0
2026-04-02T16:28:01.333493+00:00,228.95,5.13,228.95,5.13,-97.8,436480859.46682817,-9186.7,2533.8,6309.7,0
2026-04-02T16:28:01.741580+00:00,228.92,5.11,228.92,5.11,-97.8,436480859.46682817,-9188.9,2536.4,6311.2,0
2026-04-02T16:28:02.109522+00:00,228.90,5.08,228.9,5.08,-97.8,436480859.46682817,-9190.9,2538.7,6312.6,0
2026-04-02T16:28:02.538537+00:00,228.87,5.05,228.87,5.05,-97.8,436480807.8551121,-9193.2,2541.4,6314.1,0
2026-04-02T16:28:02.946535+00:00,228.84,5.02,228.84,5.02,-97.8,436480807.8551121,-9195.4,2543.9,6315.6,0
2026-04-02T16:28:03.309554+00:00,228.82,5.00,228.82,5.0,-97.8,436480807.8551121,-9197.4,2546.3,6317.0,0
2026-04-02T16:28:03.678575+00:00,228.80,4.97,228.8,4.97,-97.8,436480807.8551121,-9199.3,2548.6,6318.3,0
2026-04-02T16:28:04.081494+00:00,228.77,4.95,228.77,4.95,-97.8,436480807.8551121,-9201.5,2551.1,6319.8,0
2026-04-02T16:28:04.449529+00:00,228.75,4.92,228.75,4.92,-97.8,436480807.8551121,-9203.4,2553.5,6321.1,0
2026-04-02T16:28:04.818537+00:00,228.72,4.90,228.72,4.9,-97.8,436480807.8551121,-9205.3,2555.8,6322.5,0
2026-04-02T16:28:05.221483+00:00,228.70,4.87,228.7,4.87,-97.8,436480807.8551121,-9207.5,2558.3,6323.9,0
2026-04-02T16:28:05.589496+00:00,228.67,4.85,228.67,4.85,-97.8,436480807.8551121,-9209.4,2560.7,6325.2,0
2026-04-02T16:28:05.953515+00:00,228.65,4.82,228.65,4.82,-97.8,436480807.8551121,-9211.3,2563.0,6326.6,0
2026-04-02T16:28:06.362676+00:00,228.62,4.79,228.62,4.79,-97.8,436480807.8551121,-9213.4,2565.6,6328.0,0
2026-04-02T16:28:06.733256+00:00,228.60,4.77,228.6,4.77,-97.8,436480807.8551121,-9215.3,2567.9,6329.3,0
2026-04-02T16:28:07.093505+00:00,228.58,4.74,228.58,4.74,-97.8,436480807.8551121,-9217.2,2570.2,6330.6,0
2026-04-02T16:28:07.501542+00:00,228.55,4.72,228.55,4.72,-97.8,436480807.8551121,-9219.3,2572.8,6332.0,0
2026-04-02T16:28:07.869698+00:00,228.53,4.69,228.53,4.69,-97.8,436480807.8551121,-9221.1,2575.1,6333.3,0
2026-04-02T16:28:08.233555+00:00,228.50,4.67,228.5,4.67,-97.8,436480807.8551121,-9223.0,2577.4,6334.6,0
2026-04-02T16:28:08.641477+00:00,228.48,4.64,228.48,4.64,-97.8,436480807.8551121,-9225.1,2580.0,6336.0,0
2026-04-02T16:28:09.009553+00:00,228.45,4.62,228.45,4.62,-97.8,436480807.8551121,-9226.9,2582.3,6337.3,0
2026-04-02T16:28:09.373603+00:00,228.43,4.59,228.43,4.59,-97.8,436480807.8551121,-9228.8,2584.6,6338.6,0
2026-04-02T16:28:09.781204+00:00,228.40,4.57,228.4,4.57,-97.8,436480807.8551121,-9230.8,2587.2,6340.0,0
2026-04-02T16:28:10.149528+00:00,228.38,4.54,228.38,4.54,-97.8,436480807.8551121,-9232.7,2589.6,6341.2,0
2026-04-02T16:28:10.513505+00:00,228.36,4.52,228.36,4.52,-97.8,436480807.8551121,-9234.5,2591.9,6342.5,0
2026-04-02T16:28:10.921520+00:00,228.33,4.49,228.33,4.49,-97.8,436480807.8551121,-9236.5,2594.5,6343.9,0
2026-04-02T16:28:11.289526+00:00,228.31,4.47,228.31,4.47,-97.8,436480807.8551121,-9238.3,2596.8,6345.1,0
2026-04-02T16:28:11.653511+00:00,228.29,4.44,228.29,4.44,-97.8,436480807.8551121,-9240.1,2599.1,6346.3,0
2026-04-02T16:28:12.061679+00:00,228.26,4.41,228.26,4.41,-97.8,436480807.8551121,-9242.1,2601.7,6347.7,0
2026-04-02T16:28:12.429545+00:00,228.24,4.39,228.24,4.39,-97.8,436480807.8551121,-9243.9,2604.0,6349.0,0
2026-04-02T16:28:12.853499+00:00,228.21,4.36,228.21,4.36,-97.8,436480754.9644423,-9246.0,2606.7,6350.4,0
2026-04-02T16:28:13.261581+00:00,228.19,4.34,228.19,4.34,-97.8,436480754.9644423,-9248.0,2609.3,6351.7,0
2026-04-02T16:28:13.629271+00:00,228.16,4.31,228.16,4.31,-97.8,436480754.9644423,-9249.8,2611.6,6353.0,0
2026-04-02T16:28:13.997247+00:00,228.14,4.29,228.14,4.29,-97.8,436480754.9644423,-9251.5,2614.0,6354.2,0
2026-04-02T16:28:14.406297+00:00,228.12,4.26,228.12,4.26,-97.8,436480754.9644423,-9253.5,2616.5,6355.5,0
2026-04-02T16:28:14.769199+00:00,228.09,4.24,228.09,4.24,-97.8,436480754.9644423,-9255.2,2618.9,6356.7,0
2026-04-02T16:28:15.133271+00:00,228.07,4.21,228.07,4.21,-97.8,436480754.9644423,-9257.0,2621.2,6357.9,0
2026-04-02T16:28:15.541201+00:00,228.05,4.19,228.05,4.19,-97.8,436480754.9644423,-9258.9,2623.8,6359.3,0
2026-04-02T16:28:15.910653+00:00,228.02,4.16,228.02,4.16,-97.8,436480754.9644423,-9260.7,2626.1,6360.5,0
2026-04-02T16:28:16.278251+00:00,228.00,4.14,228.0,4.14,-97.8,436480754.9644423,-9262.4,2628.4,6361.6,0
2026-04-02T16:28:16.685199+00:00,227.98,4.11,227.98,4.11,-97.8,436480754.9644423,-9264.3,2631.0,6363.0,0
2026-04-02T16:28:17.053205+00:00,227.96,4.09,227.96,4.09,-97.8,436480754.9644423,-9266.0,2633.4,6364.1,0
2026-04-02T16:28:17.417221+00:00,227.93,4.06,227.93,4.06,-97.8,436480754.9644423,-9267.7,2635.7,6365.3,0
2026-04-02T16:28:17.826602+00:00,227.91,4.04,227.91,4.04,-97.8,436480754.9644423,-9269.6,2638.3,6366.6,0
2026-04-02T16:28:18.189548+00:00,227.89,4.01,227.89,4.01,-97.8,436480754.9644423,-9271.3,2640.6,6367.8,0
2026-04-02T16:28:18.558567+00:00,227.86,3.99,227.86,3.99,-97.8,436480754.9644423,-9273.0,2643.0,6368.9,0
2026-04-02T16:28:18.966586+00:00,227.84,3.96,227.84,3.96,-97.8,436480754.9644423,-9274.9,2645.6,6370.2,0
2026-04-02T16:28:19.329519+00:00,227.82,3.94,227.82,3.94,-97.8,436480754.9644423,-9276.6,2647.9,6371.4,0
2026-04-02T16:28:19.698598+00:00,227.80,3.92,227.8,3.92,-97.8,436480754.9644423,-9278.2,2650.3,6372.5,0
2026-04-02T16:28:20.106607+00:00,227.77,3.89,227.77,3.89,-97.8,436480754.9644423,-9280.1,2652.8,6373.8,0
2026-04-02T16:28:20.469514+00:00,227.75,3.87,227.75,3.87,-97.8,436480754.9644423,-9281.7,2655.2,6374.9,0
2026-04-02T16:28:20.838581+00:00,227.73,3.84,227.73,3.84,-97.8,436480754.9644423,-9283.4,2657.5,6376.1,0
2026-04-02T16:28:21.246584+00:00,227.70,3.82,227.7,3.82,-97.8,436480754.9644423,-9285.2,2660.1,6377.3,0
2026-04-02T16:28:21.609511+00:00,227.68,3.79,227.68,3.79,-97.8,436480754.9644423,-9286.9,2662.4,6378.5,0
2026-04-02T16:28:21.978567+00:00,227.66,3.77,227.66,3.77,-97.8,436480754.9644423,-9288.5,2664.8,6379.6,0
2026-04-02T16:28:22.386643+00:00,227.64,3.74,227.64,3.74,-97.8,436480754.9644423,-9290.3,2667.4,6380.8,0
2026-04-02T16:28:22.749517+00:00,227.61,3.72,227.61,3.72,-97.8,436480754.9644423,-9291.9,2669.7,6381.9,0
2026-04-02T16:28:23.118582+00:00,227.59,3.70,227.59,3.7,-97.8,436480754.9644423,-9293.6,2672.1,6383.1,0
2026-04-02T16:28:23.585507+00:00,227.57,3.67,227.57,3.67,-97.8,436480704.65158576,-9295.3,2674.6,6384.3,0
2026-04-02T16:28:23.949744+00:00,227.54,3.64,227.54,3.64,-97.8,436480704.65158576,-9297.2,2677.4,6385.6,0
2026-04-02T16:28:24.317532+00:00,227.52,3.62,227.52,3.62,-97.8,436480704.65158576,-9298.8,2679.7,6386.7,0
2026-04-02T16:28:24.725499+00:00,227.50,3.60,227.5,3.6,-97.8,436480704.65158576,-9300.6,2682.3,6387.9,0
2026-04-02T16:28:25.089759+00:00,227.48,3.57,227.48,3.57,-97.8,436480704.65158576,-9302.2,2684.7,6389.0,0
2026-04-02T16:28:25.458871+00:00,227.46,3.55,227.46,3.55,-97.8,436480704.65158576,-9303.8,2687.0,6390.1,0
2026-04-02T16:28:25.865520+00:00,227.43,3.52,227.43,3.52,-97.8,436480704.65158576,-9305.5,2689.6,6391.3,0
2026-04-02T16:28:26.229521+00:00,227.41,3.50,227.41,3.5,-97.8,436480704.65158576,-9307.1,2691.9,6392.3,0
2026-04-02T16:28:26.597522+00:00,227.39,3.48,227.39,3.48,-97.8,436480704.65158576,-9308.7,2694.3,6393.4,0
2026-04-02T16:28:27.005544+00:00,227.37,3.45,227.37,3.45,-97.8,436480704.65158576,-9310.4,2696.9,6394.6,0
2026-04-02T16:28:27.373482+00:00,227.35,3.43,227.35,3.43,-97.8,436480704.65158576,-9311.9,2699.2,6395.7,0
2026-04-02T16:28:27.737552+00:00,227.32,3.41,227.32,3.41,-97.8,436480704.65158576,-9313.5,2701.6,6396.7,0
2026-04-02T16:28:28.145550+00:00,227.30,3.38,227.3,3.38,-97.8,436480704.65158576,-9315.2,2704.2,6397.9,0
2026-04-02T16:28:28.509652+00:00,227.28,3.36,227.28,3.36,-97.8,436480704.65158576,-9316.7,2706.5,6399.0,0
2026-04-02T16:28:28.877544+00:00,227.26,3.33,227.26,3.33,-97.8,436480704.65158576,-9318.3,2708.9,6400.0,0
2026-04-02T16:28:29.285515+00:00,227.24,3.31,227.24,3.31,-97.8,436480704.65158576,-9320.0,2711.5,6401.2,0
2026-04-02T16:28:29.649508+00:00,227.22,3.29,227.22,3.29,-97.8,436480704.65158576,-9321.5,2713.8,6402.2,0
2026-04-02T16:28:30.017528+00:00,227.19,3.26,227.19,3.26,-97.8,436480704.65158576,-9323.0,2716.2,6403.3,0
2026-04-02T16:28:30.425517+00:00,227.17,3.24,227.17,3.24,-97.8,436480704.65158576,-9324.7,2718.8,6404.4,0
2026-04-02T16:28:30.789499+00:00,227.15,3.21,227.15,3.21,-97.8,436480704.65158576,-9326.2,2721.1,6405.5,0
2026-04-02T16:28:31.157525+00:00,227.13,3.19,227.13,3.19,-97.8,436480704.65158576,-9327.7,2723.5,6406.5,0
2026-04-02T16:28:31.565774+00:00,227.11,3.17,227.11,3.17,-97.8,436480704.65158576,-9329.3,2726.1,6407.6,0
2026-04-02T16:28:31.929517+00:00,227.09,3.14,227.09,3.14,-97.8,436480704.65158576,-9330.8,2728.4,6408.6,0
2026-04-02T16:28:32.297534+00:00,227.07,3.12,227.07,3.12,-97.8,436480704.65158576,-9332.3,2730.8,6409.7,0
2026-04-02T16:28:32.705707+00:00,227.04,3.10,227.04,3.1,-97.8,436480704.65158576,-9333.9,2733.4,6410.8,0
2026-04-02T16:28:33.069251+00:00,227.02,3.07,227.02,3.07,-97.8,436480704.65158576,-9335.4,2735.7,6411.8,0
2026-04-02T16:28:33.437586+00:00,227.00,3.05,227.0,3.05,-97.8,436480704.65158576,-9336.9,2738.1,6412.8,0
2026-04-02T16:28:33.846286+00:00,226.98,3.03,226.98,3.03,-97.8,436480704.65158576,-9338.5,2740.7,6413.9,0
2026-04-02T16:28:34.209189+00:00,226.96,3.00,226.96,3.0,-97.8,436480704.65158576,-9339.9,2743.0,6414.9,0
2026-04-02T16:28:34.573318+00:00,226.94,2.98,226.94,2.98,-97.8,436480704.65158576,-9341.4,2745.4,6415.9,0
2026-04-02T16:28:34.982215+00:00,226.92,2.96,226.92,2.96,-97.8,436480704.65158576,-9343.0,2748.0,6417.0,0
2026-04-02T16:28:35.349531+00:00,226.90,2.93,226.9,2.93,-97.8,436480704.65158576,-9344.4,2750.4,6418.0,0
2026-04-02T16:28:35.717193+00:00,226.88,2.91,226.88,2.91,-97.8,436480704.65158576,-9345.8,2752.7,6419.0,0
2026-04-02T16:28:36.185579+00:00,226.85,2.89,226.85,2.89,-97.8,436480652.5727921,-9347.4,2755.3,6420.1,0
2026-04-02T16:28:36.549728+00:00,226.83,2.86,226.83,2.86,-97.8,436480652.5727921,-9349.1,2758.1,6421.2,0
2026-04-02T16:28:36.917225+00:00,226.81,2.84,226.81,2.84,-97.8,436480652.5727921,-9350.5,2760.4,6422.2,0
2026-04-02T16:28:37.325254+00:00,226.79,2.81,226.79,2.81,-97.8,436480652.5727921,-9352.1,2763.0,6423.2,0
2026-04-02T16:28:37.697947+00:00,226.77,2.79,226.77,2.79,-97.8,436480652.5727921,-9353.5,2765.4,6424.2,0
2026-04-02T16:28:38.057497+00:00,226.75,2.77,226.75,2.77,-97.8,436480652.5727921,-9354.9,2767.7,6425.2,0
2026-04-02T16:28:38.465526+00:00,226.73,2.74,226.73,2.74,-97.8,436480652.5727921,-9356.4,2770.4,6426.2,0
2026-04-02T16:28:38.829640+00:00,226.71,2.72,226.71,2.72,-97.8,436480652.5727921,-9357.8,2772.7,6427.2,0
2026-04-02T16:28:39.197658+00:00,226.69,2.70,226.69,2.7,-97.8,436480652.5727921,-9359.2,2775.1,6428.1,0
2026-04-02T16:28:39.605520+00:00,226.66,2.67,226.66,2.67,-97.8,436480652.5727921,-9360.7,2777.7,6429.2,0
2026-04-02T16:28:39.969480+00:00,226.64,2.65,226.64,2.65,-97.8,436480652.5727921,-9362.1,2780.0,6430.1,0
2026-04-02T16:28:40.337498+00:00,226.62,2.63,226.62,2.63,-97.8,436480652.5727921,-9363.5,2782.4,6431.1,0
2026-04-02T16:28:40.745509+00:00,226.60,2.61,226.6,2.61,-97.8,436480652.5727921,-9365.0,2785.0,6432.1,0
2026-04-02T16:28:41.114243+00:00,226.58,2.58,226.58,2.58,-97.8,436480652.5727921,-9366.3,2787.4,6433.0,0
2026-04-02T16:28:41.477235+00:00,226.56,2.56,226.56,2.56,-97.8,436480652.5727921,-9367.7,2789.7,6434.0,0
2026-04-02T16:28:41.885244+00:00,226.54,2.54,226.54,2.54,-97.8,436480652.5727921,-9369.2,2792.4,6435.0,0
2026-04-02T16:28:42.253526+00:00,226.52,2.52,226.52,2.52,-97.8,436480652.5727921,-9370.5,2794.7,6435.9,0
2026-04-02T16:28:42.617218+00:00,226.50,2.49,226.5,2.49,-97.8,436480652.5727921,-9371.9,2797.1,6436.8,0
2026-04-02T16:28:43.025218+00:00,226.48,2.47,226.48,2.47,-97.8,436480652.5727921,-9373.3,2799.7,6437.8,0
2026-04-02T16:28:43.389561+00:00,226.46,2.45,226.46,2.45,-97.8,436480652.5727921,-9374.7,2802.1,6438.8,0
2026-04-02T16:28:43.758006+00:00,226.44,2.43,226.44,2.43,-97.8,436480652.5727921,-9376.0,2804.4,6439.7,0
2026-04-02T16:28:44.165513+00:00,226.42,2.40,226.42,2.4,-97.8,436480652.5727921,-9377.5,2807.0,6440.7,0
2026-04-02T16:28:44.530637+00:00,226.40,2.38,226.4,2.38,-97.8,436480652.5727921,-9378.8,2809.4,6441.6,0
2026-04-02T16:28:44.897524+00:00,226.38,2.36,226.38,2.36,-97.8,436480652.5727921,-9380.1,2811.8,6442.5,0
2026-04-02T16:28:45.306584+00:00,226.36,2.33,226.36,2.33,-97.8,436480652.5727921,-9381.5,2814.4,6443.5,0
2026-04-02T16:28:45.669497+00:00,226.34,2.31,226.34,2.31,-97.8,436480652.5727921,-9382.8,2816.7,6444.3,0
2026-04-02T16:28:46.038563+00:00,226.32,2.29,226.32,2.29,-97.8,436480652.5727921,-9384.1,2819.1,6445.2,0
2026-04-02T16:28:46.445564+00:00,226.30,2.27,226.3,2.27,-97.8,436480652.5727921,-9385.5,2821.7,6446.2,0
2026-04-02T16:28:46.809606+00:00,226.28,2.25,226.28,2.25,-97.8,436480652.5727921,-9386.8,2824.1,6447.1,0
2026-04-02T16:28:47.177535+00:00,226.26,2.22,226.26,2.22,-97.8,436480652.5727921,-9388.1,2826.5,6448.0,0
2026-04-02T16:28:47.585519+00:00,226.24,2.20,226.24,2.2,-97.8,436480652.5727921,-9389.5,2829.1,6449.0,0
2026-04-02T16:28:47.953111+00:00,226.22,2.18,226.22,2.18,-97.8,436480652.5727921,-9390.8,2831.4,6449.8,0
2026-04-02T16:28:48.317586+00:00,226.20,2.16,226.2,2.16,-97.8,436480652.5727921,-9392.0,2833.8,6450.7,0
2026-04-02T16:28:48.725493+00:00,226.18,2.13,226.18,2.13,-97.8,436480652.5727921,-9393.4,2836.4,6451.6,0
2026-04-02T16:28:49.089526+00:00,226.16,2.11,226.16,2.11,-97.8,436480652.5727921,-9394.7,2838.8,6452.5,0
2026-04-02T16:28:49.457532+00:00,226.14,2.09,226.14,2.09,-97.8,436480652.5727921,-9395.9,2841.2,6453.4,0
2026-04-02T16:28:49.865530+00:00,226.12,2.07,226.12,2.07,-97.8,436480652.5727921,-9397.3,2843.8,6454.3,0
2026-04-02T16:28:50.229501+00:00,226.10,2.05,226.1,2.05,-97.8,436480652.5727921,-9398.5,2846.1,6455.2,0
2026-04-02T16:28:50.657509+00:00,226.08,2.02,226.08,2.02,-97.8,436480600.69519013,-9400.0,2848.9,6456.1,0
2026-04-02T16:28:51.065517+00:00,226.06,2.00,226.06,2.0,-97.8,436480600.69519013,-9401.3,2851.5,6457.1,0
2026-04-02T16:28:51.429820+00:00,226.04,1.98,226.04,1.98,-97.8,436480600.69519013,-9402.6,2853.9,6457.9,0
2026-04-02T16:28:51.797506+00:00,226.02,1.95,226.02,1.95,-97.8,436480600.69519013,-9403.8,2856.3,6458.8,0
2026-04-02T16:28:52.205553+00:00,226.00,1.93,226.0,1.93,-97.8,436480600.69519013,-9405.1,2858.9,6459.7,0
2026-04-02T16:28:52.569343+00:00,225.98,1.91,225.98,1.91,-97.8,436480600.69519013,-9406.3,2861.3,6460.5,0
2026-04-02T16:28:52.937506+00:00,225.97,1.89,225.97,1.89,-97.8,436480600.69519013,-9407.5,2863.6,6461.3,0
2026-04-02T16:28:53.345534+00:00,225.94,1.87,225.94,1.87,-97.8,436480600.69519013,-9408.9,2866.3,6462.3,0
2026-04-02T16:28:53.709785+00:00,225.93,1.85,225.93,1.85,-97.8,436480600.69519013,-9410.1,2868.6,6463.1,0
2026-04-02T16:28:54.078751+00:00,225.91,1.82,225.91,1.82,-97.8,436480600.69519013,-9411.3,2871.0,6463.9,0
2026-04-02T16:28:54.485537+00:00,225.89,1.80,225.89,1.8,-97.8,436480600.69519013,-9412.6,2873.6,6464.8,0
2026-04-02T16:28:54.849187+00:00,225.87,1.78,225.87,1.78,-97.8,436480600.69519013,-9413.8,2876.0,6465.6,0
2026-04-02T16:28:55.217305+00:00,225.85,1.76,225.85,1.76,-97.8,436480600.69519013,-9414.9,2878.4,6466.4,0
2026-04-02T16:28:55.625244+00:00,225.83,1.74,225.83,1.74,-97.8,436480600.69519013,-9416.2,2881.0,6467.3,0
2026-04-02T16:28:55.993190+00:00,225.81,1.72,225.81,1.72,-97.8,436480600.69519013,-9417.4,2883.4,6468.1,0
2026-04-02T16:28:56.357251+00:00,225.79,1.69,225.79,1.69,-97.8,436480600.69519013,-9418.6,2885.7,6468.9,0
2026-04-02T16:28:56.765252+00:00,225.77,1.67,225.77,1.67,-97.8,436480600.69519013,-9419.9,2888.4,6469.8,0
2026-04-02T16:28:57.129501+00:00,225.75,1.65,225.75,1.65,-97.8,436480600.69519013,-9421.0,2890.8,6470.6,0
2026-04-02T16:28:57.497261+00:00,225.74,1.63,225.74,1.63,-97.8,436480600.69519013,-9422.2,2893.1,6471.4,0
2026-04-02T16:28:57.905261+00:00,225.72,1.61,225.72,1.61,-97.8,436480600.69519013,-9423.4,2895.8,6472.3,0
2026-04-02T16:28:58.273783+00:00,225.70,1.59,225.7,1.59,-97.8,436480600.69519013,-9424.6,2898.1,6473.0,0
2026-04-02T16:28:58.637555+00:00,225.68,1.57,225.68,1.57,-97.8,436480600.69519013,-9425.7,2900.5,6473.8,0
2026-04-02T16:28:59.045553+00:00,225.66,1.54,225.66,1.54,-97.8,436480600.69519013,-9427.0,2903.1,6474.7,0
2026-04-02T16:28:59.409506+00:00,225.64,1.52,225.64,1.52,-97.8,436480600.69519013,-9428.1,2905.5,6475.5,0
2026-04-02T16:28:59.777553+00:00,225.62,1.50,225.62,1.5,-97.8,436480600.69519013,-9429.2,2907.9,6476.2,0
2026-04-02T16:29:00.185529+00:00,225.60,1.48,225.6,1.48,-97.8,436480600.69519013,-9430.5,2910.5,6477.1,0
2026-04-02T16:29:00.549536+00:00,225.59,1.46,225.59,1.46,-97.8,436480600.69519013,-9431.6,2912.9,6477.8,0
2026-04-02T16:29:00.917243+00:00,225.57,1.44,225.57,1.44,-97.8,436480600.69519013,-9432.7,2915.3,6478.6,0
2026-04-02T16:29:01.325564+00:00,225.55,1.42,225.55,1.42,-97.8,436480600.69519013,-9433.9,2917.9,6479.5,0
2026-04-02T16:29:01.689501+00:00,225.53,1.40,225.53,1.4,-97.8,436480600.69519013,-9435.0,2920.3,6480.2,0
2026-04-02T16:29:02.057720+00:00,225.51,1.38,225.51,1.38,-97.8,436480600.69519013,-9436.1,2922.7,6481.0,0
2026-04-02T16:29:02.465513+00:00,225.49,1.35,225.49,1.35,-97.8,436480600.69519013,-9437.3,2925.3,6481.8,0
2026-04-02T16:29:02.829528+00:00,225.48,1.33,225.48,1.33,-97.8,436480600.69519013,-9438.4,2927.6,6482.5,0
2026-04-02T16:29:03.197507+00:00,225.46,1.31,225.46,1.31,-97.8,436480600.69519013,-9439.5,2930.0,6483.3,0
2026-04-02T16:29:03.606788+00:00,225.44,1.29,225.44,1.29,-97.8,436480600.69519013,-9440.7,2932.7,6484.1,0
2026-04-02T16:29:03.969520+00:00,225.42,1.27,225.42,1.27,-97.8,436480600.69519013,-9441.8,2935.0,6484.8,0
2026-04-02T16:29:04.337511+00:00,225.40,1.25,225.4,1.25,-97.8,436480600.69519013,-9442.8,2937.4,6485.6,0
2026-04-02T16:29:04.745510+00:00,225.38,1.23,225.38,1.23,-97.8,436480600.69519013,-9444.0,2940.1,6486.4,0
2026-04-02T16:29:05.109940+00:00,225.37,1.21,225.37,1.21,-97.8,436480600.69519013,-9445.1,2942.4,6487.1,0
2026-04-02T16:29:05.477506+00:00,225.35,1.19,225.35,1.19,-97.8,436480600.69519013,-9446.1,2944.8,6487.9,0
2026-04-02T16:29:05.885595+00:00,225.33,1.17,225.33,1.17,-97.8,436480600.69519013,-9447.3,2947.5,6488.7,0
2026-04-02T16:29:06.249496+00:00,225.31,1.15,225.31,1.15,-97.8,436480600.69519013,-9448.4,2949.8,6489.4,0
2026-04-02T16:29:06.617517+00:00,225.29,1.13,225.29,1.13,-97.8,436480600.69519013,-9449.4,2952.2,6490.1,0
2026-04-02T16:29:07.085549+00:00,225.27,1.10,225.27,1.1,-97.8,436480549.4389364,-9450.6,2954.8,6490.9,0
2026-04-02T16:29:07.449497+00:00,225.25,1.08,225.25,1.08,-97.8,436480549.4389364,-9451.8,2957.7,6491.7,0
2026-04-02T16:29:07.817515+00:00,225.24,1.06,225.24,1.06,-97.8,436480549.4389364,-9452.8,2960.0,6492.4,0
2026-04-02T16:29:08.225493+00:00,225.22,1.04,225.22,1.04,-97.8,436480549.4389364,-9454.0,2962.7,6493.2,0
2026-04-02T16:29:08.594161+00:00,225.20,1.02,225.2,1.02,-97.8,436480549.4389364,-9455.0,2965.0,6493.9,0
2026-04-02T16:29:08.957606+00:00,225.18,1.00,225.18,1.0,-97.8,436480549.4389364,-9456.0,2967.4,6494.6,0
2026-04-02T16:29:09.365543+00:00,225.16,0.98,225.16,0.98,-97.8,436480549.4389364,-9457.1,2970.0,6495.4,0
2026-04-02T16:29:09.729481+00:00,225.15,0.96,225.15,0.96,-97.8,436480549.4389364,-9458.1,2972.4,6496.1,0
2026-04-02T16:29:10.097505+00:00,225.13,0.94,225.13,0.94,-97.8,436480549.4389364,-9459.1,2974.8,6496.8,0
2026-04-02T16:29:10.505508+00:00,225.11,0.92,225.11,0.92,-97.8,436480549.4389364,-9460.3,2977.5,6497.5,0
2026-04-02T16:29:10.869498+00:00,225.09,0.90,225.09,0.9,-97.8,436480549.4389364,-9461.2,2979.8,6498.2,0
2026-04-02T16:29:11.237534+00:00,225.08,0.88,225.08,0.88,-97.8,436480549.4389364,-9462.2,2982.2,6498.9,0
2026-04-02T16:29:11.645525+00:00,225.06,0.86,225.06,0.86,-97.8,436480549.4389364,-9463.3,2984.9,6499.7,0
2026-04-02T16:29:12.009502+00:00,225.04,0.84,225.04,0.84,-97.8,436480549.4389364,-9464.3,2987.2,6500.3,0
2026-04-02T16:29:12.377500+00:00,225.02,0.82,225.02,0.82,-97.8,436480549.4389364,-9465.3,2989.6,6501.0,0
2026-04-02T16:29:12.785572+00:00,225.01,0.80,225.01,0.8,-97.8,436480549.4389364,-9466.4,2992.3,6501.8,0
2026-04-02T16:29:13.150673+00:00,224.99,0.78,224.99,0.78,-97.8,436480549.4389364,-9467.4,2994.7,6502.4,0
2026-04-02T16:29:13.517564+00:00,224.97,0.76,224.97,0.76,-97.8,436480549.4389364,-9468.4,2997.1,6503.1,0
2026-04-02T16:29:13.926606+00:00,224.95,0.74,224.95,0.74,-97.8,436480549.4389364,-9469.4,2999.7,6503.8,0
2026-04-02T16:29:14.289504+00:00,224.94,0.72,224.94,0.72,-97.8,436480549.4389364,-9470.4,3002.1,6504.5,0
2026-04-02T16:29:14.658610+00:00,224.92,0.70,224.92,0.7,-97.8,436480549.4389364,-9471.4,3004.5,6505.2,0
2026-04-02T16:29:15.061804+00:00,224.90,0.68,224.9,0.68,-97.8,436480549.4389364,-9472.4,3007.1,6505.9,0
2026-04-02T16:29:15.429512+00:00,224.88,0.66,224.88,0.66,-97.8,436480549.4389364,-9473.4,3009.5,6506.5,0
2026-04-02T16:29:15.794006+00:00,224.87,0.64,224.87,0.64,-97.8,436480549.4389364,-9474.3,3011.9,6507.2,0
2026-04-02T16:29:16.201488+00:00,224.85,0.62,224.85,0.62,-97.8,436480549.4389364,-9475.4,3014.5,6507.9,0
2026-04-02T16:29:16.569524+00:00,224.83,0.60,224.83,0.6,-97.8,436480549.4389364,-9476.3,3016.9,6508.6,0
2026-04-02T16:29:16.933561+00:00,224.82,0.58,224.82,0.58,-97.8,436480549.4389364,-9477.2,3019.3,6509.2,0
2026-04-02T16:29:17.341582+00:00,224.80,0.56,224.8,0.56,-97.8,436480549.4389364,-9478.3,3021.9,6509.9,0
2026-04-02T16:29:17.709617+00:00,224.78,0.54,224.78,0.54,-97.8,436480549.4389364,-9479.2,3024.3,6510.6,0
2026-04-02T16:29:18.073538+00:00,224.76,0.52,224.76,0.52,-97.8,436480549.4389364,-9480.1,3026.7,6511.2,0
2026-04-02T16:29:18.481306+00:00,224.75,0.50,224.75,0.5,-97.8,436480549.4389364,-9481.1,3029.4,6511.9,0
2026-04-02T16:29:18.853244+00:00,224.73,0.49,224.73,0.49,-97.8,436480549.4389364,-9482.1,3031.8,6512.5,0
2026-04-02T16:29:19.213588+00:00,224.71,0.47,224.71,0.47,-97.8,436480549.4389364,-9483.0,3034.1,6513.1,0
2026-04-02T16:29:19.621513+00:00,224.69,0.45,224.69,0.45,-97.8,436480549.4389364,-9484.0,3036.8,6513.8,0
2026-04-02T16:29:19.989210+00:00,224.68,0.43,224.68,0.43,-97.8,436480549.4389364,-9484.9,3039.2,6514.5,0
2026-04-02T16:29:20.353493+00:00,224.66,0.41,224.66,0.41,-97.8,436480549.4389364,-9485.8,3041.5,6515.1,0
2026-04-02T16:29:20.761511+00:00,224.64,0.39,224.64,0.39,-97.8,436480549.4389364,-9486.8,3044.2,6515.8,0
2026-04-02T16:29:21.129531+00:00,224.63,0.37,224.63,0.37,-97.8,436480549.4389364,-9487.7,3046.6,6516.4,0
2026-04-02T16:29:21.493186+00:00,224.61,0.35,224.61,0.35,-97.8,436480549.4389364,-9488.6,3049.0,6517.0,0
2026-04-02T16:29:21.906625+00:00,224.59,0.33,224.59,0.33,-97.8,436480549.4389364,-9489.5,3051.6,6517.7,0
2026-04-02T16:29:22.269583+00:00,224.58,0.31,224.58,0.31,-97.8,436480549.4389364,-9490.4,3054.0,6518.3,0
2026-04-02T16:29:22.639196+00:00,224.56,0.30,224.56,0.3,-97.8,436480549.4389364,-9491.3,3056.4,6518.9,0
2026-04-02T16:29:23.045244+00:00,224.54,0.28,224.54,0.28,-97.8,436480549.4389364,-9492.3,3059.1,6519.5,0
2026-04-02T16:29:23.409498+00:00,224.53,0.26,224.53,0.26,-97.8,436480549.4389364,-9493.2,3061.5,6520.1,0
2026-04-02T16:29:23.777519+00:00,224.51,0.24,224.51,0.24,-97.8,436480549.4389364,-9494.0,3063.9,6520.7,0
2026-04-02T16:29:24.185554+00:00,224.49,0.22,224.49,0.22,-97.8,436480549.4389364,-9495.0,3066.5,6521.4,0
2026-04-02T16:29:24.549205+00:00,224.48,0.20,224.48,0.2,-97.8,436480549.4389364,-9495.8,3068.9,6522.0,0
2026-04-02T16:29:24.917528+00:00,224.46,0.18,224.46,0.18,-97.8,436480549.4389364,-9496.7,3071.3,6522.6,0
2026-04-02T16:29:25.326618+00:00,224.44,0.16,224.44,0.16,-97.8,436480549.4389364,-9497.7,3074.0,6523.2,0
2026-04-02T16:29:25.689218+00:00,224.43,0.15,224.43,0.15,-97.8,436480549.4389364,-9498.5,3076.3,6523.8,0
2026-04-02T16:29:26.058324+00:00,224.41,0.13,224.41,0.13,-97.8,436480549.4389364,-9499.3,3078.7,6524.4,0
2026-04-02T16:29:26.465247+00:00,224.39,0.11,224.39,0.11,-97.8,436480549.4389364,-9500.3,3081.4,6525.0,0
2026-04-02T16:29:26.829255+00:00,224.38,0.09,224.38,0.09,-97.8,436480549.4389364,-9501.1,3083.8,6525.6,0
2026-04-02T16:29:27.257522+00:00,224.36,0.07,224.36,0.07,-97.8,436480498.36610126,-9502.1,3086.6,6526.3,0
2026-04-02T16:29:27.665495+00:00,224.34,0.05,224.34,0.05,-97.8,436480498.36610126,-9503.0,3089.2,6526.9,0
2026-04-02T16:29:28.029552+00:00,224.32,0.03,224.32,0.03,-97.8,436480498.36610126,-9503.8,3091.6,6527.5,0
2026-04-02T16:29:28.397598+00:00,224.31,0.02,224.31,0.02,-97.8,436480498.36610126,-9504.7,3094.0,6528.0,0
