t,az_cmd,el_cmd,az_act,el_act,rssi,freq_hz,doppler_hz,range_km,range_rate,packets
2026-04-09T11:26:59.304799+00:00,285.99,2.23,285.99,2.23,-82.7,439509909.7906934,9909.8,2402.8,-6759.7,0
2026-04-09T11:26:59.628835+00:00,286.00,2.25,286.0,2.25,-88.7,439509909.7906934,9909.7,2400.4,-6759.6,0
2026-04-09T11:26:59.952886+00:00,286.00,2.27,286.0,2.27,-90.7,439509909.7906934,9909.5,2398.2,-6759.5,0
2026-04-09T11:27:00.297662+00:00,286.00,2.29,286.0,2.29,-91.7,439509909.7906934,9909.4,2396.0,-6759.4,0
2026-04-09T11:27:00.620854+00:00,286.00,2.32,286.0,2.32,-88.7,439509909.7906934,9909.3,2393.7,-6759.3,0
2026-04-09T11:27:00.941263+00:00,286.00,2.34,286.0,2.34,-89.7,439509909.7906934,9909.1,2391.5,-6759.2,0
2026-04-09T11:27:01.265083+00:00,286.00,2.36,286.0,2.36,-89.7,439509909.7906934,9909.0,2389.3,-6759.1,0
2026-04-09T11:27:01.614248+00:00,286.00,2.38,286.0,2.38,-92.7,439509909.7906934,9908.9,2387.0,-6759.0,0
2026-04-09T11:27:01.941263+00:00,286.00,2.40,286.0,2.4,-89.7,439509909.7906934,9908.7,2384.8,-6759.0,0
2026-04-09T11:27:02.267307+00:00,286.00,2.42,286.0,2.42,-88.7,439509909.7906934,9908.6,2382.6,-6758.9,0
2026-04-09T11:27:02.609524+00:00,286.00,2.44,286.0,2.44,-91.7,439509909.7906934,9908.4,2380.2,-6758.8,0
2026-04-09T11:27:02.939517+00:00,286.01,2.46,286.01,2.46,-91.7,439509909.7906934,9908.3,2378.0,-6758.7,0
2026-04-09T11:27:03.262067+00:00,286.01,2.48,286.01,2.48,-87.7,439509909.7906934,9908.2,2375.9,-6758.6,0
2026-04-09T11:27:03.610012+00:00,286.01,2.50,286.01,2.5,-95.7,439509909.7906934,9908.0,2373.6,-6758.5,0
2026-04-09T11:27:03.934382+00:00,286.01,2.52,286.01,2.52,-90.7,439509909.7906934,9907.9,2371.3,-6758.4,0
2026-04-09T11:27:04.262407+00:00,286.01,2.54,286.01,2.54,-89.7,439509909.7906934,9907.7,2369.1,-6758.3,0
2026-04-09T11:27:04.585773+00:00,286.01,2.56,286.01,2.56,-89.7,439509909.7906934,9907.6,2366.9,-6758.2,0
2026-04-09T11:27:04.931676+00:00,286.01,2.59,286.01,2.59,-92.7,439509909.7906934,9907.4,2364.5,-6758.1,0
2026-04-09T11:27:05.258274+00:00,286.01,2.61,286.01,2.61,-89.7,439509909.7906934,9907.2,2362.4,-6757.9,0
2026-04-09T11:27:05.585538+00:00,286.01,2.63,286.01,2.63,-91.7,439509909.7906934,9907.1,2360.1,-6757.8,0
2026-04-09T11:27:05.930152+00:00,286.02,2.65,286.02,2.65,-93.7,439509909.7906934,9906.9,2357.9,-6757.7,0
2026-04-09T11:27:06.258277+00:00,286.02,2.67,286.02,2.67,-88.7,439509909.7906934,9906.8,2355.6,-6757.6,0
2026-04-09T11:27:06.581909+00:00,286.02,2.69,286.02,2.69,-90.7,439509909.7906934,9906.6,2353.4,-6757.5,0
2026-04-09T11:27:06.909957+00:00,286.02,2.71,286.02,2.71,-89.7,439509909.7906934,9906.5,2351.2,-6757.4,0
2026-04-09T11:27:07.253953+00:00,286.02,2.74,286.02,2.74,-85.7,439509909.7906934,9906.3,2348.8,-6757.3,0
2026-04-09T11:27:07.581744+00:00,286.02,2.76,286.02,2.76,-85.7,439509909.7906934,9906.1,2346.7,-6757.2,0
2026-04-09T11:27:07.906668+00:00,286.02,2.78,286.02,2.78,-88.7,439509909.7906934,9905.9,2344.4,-6757.1,0
2026-04-09T11:27:08.254069+00:00,286.02,2.80,286.02,2.8,-91.7,439509909.7906934,9905.8,2342.3,-6756.9,0
2026-04-09T11:27:08.582652+00:00,286.02,2.82,286.02,2.82,-89.7,439509909.7906934,9905.6,2339.9,-6756.8,0
2026-04-09T11:27:08.906230+00:00,286.02,2.84,286.02,2.84,-83.7,439509909.7906934,9905.4,2337.7,-6756.7,0
2026-04-09T11:27:09.254352+00:00,286.03,2.86,286.03,2.86,-89.7,439509909.7906934,9905.3,2335.5,-6756.6,0
2026-04-09T11:27:09.577885+00:00,286.03,2.89,286.03,2.89,-89.7,439509909.7906934,9905.1,2333.1,-6756.5,0
2026-04-09T11:27:09.905976+00:00,286.03,2.91,286.03,2.91,-91.7,439509909.7906934,9904.9,2331.0,-6756.3,0
2026-04-09T11:27:10.229958+00:00,286.03,2.93,286.03,2.93,-91.7,439509909.7906934,9904.7,2328.7,-6756.2,0
2026-04-09T11:27:10.578433+00:00,286.03,2.95,286.03,2.95,-89.7,439509909.7906934,9904.5,2326.4,-6756.1,0
2026-04-09T11:27:10.906953+00:00,286.03,2.97,286.03,2.97,-88.7,439509909.7906934,9904.4,2324.2,-6756.0,0
2026-04-09T11:27:11.226056+00:00,286.03,2.99,286.03,2.99,-88.7,439509909.7906934,9904.2,2322.0,-6755.8,0
2026-04-09T11:27:11.573506+00:00,286.03,3.01,286.03,3.01,-89.7,439509909.7906934,9904.0,2319.8,-6755.7,0
2026-04-09T11:27:11.898247+00:00,286.03,3.04,286.03,3.04,-88.7,439509909.7906934,9903.8,2317.5,-6755.6,0
2026-04-09T11:27:12.226109+00:00,286.03,3.06,286.03,3.06,-86.7,439509909.7906934,9903.6,2315.3,-6755.5,0
2026-04-09T11:27:12.549826+00:00,286.04,3.08,286.04,3.08,-89.7,439509909.7906934,9903.4,2313.1,-6755.3,0
2026-04-09T11:27:12.897925+00:00,286.04,3.10,286.04,3.1,-89.7,439509909.7906934,9903.2,2310.7,-6755.2,0
2026-04-09T11:27:13.227320+00:00,286.04,3.12,286.04,3.12,-87.7,439509909.7906934,9903.0,2308.5,-6755.1,0
2026-04-09T11:27:13.549947+00:00,286.04,3.15,286.04,3.15,-88.7,439509909.7906934,9902.8,2306.3,-6754.9,0
2026-04-09T11:27:13.897964+00:00,286.04,3.17,286.04,3.17,-91.7,439509909.7906934,9902.6,2304.0,-6754.8,0
2026-04-09T11:27:14.220855+00:00,286.04,3.19,286.04,3.19,-91.7,439509909.7906934,9902.4,2301.8,-6754.6,0
2026-04-09T11:27:14.544865+00:00,286.04,3.21,286.04,3.21,-93.7,439509909.7906934,9902.2,2299.6,-6754.5,0
2026-04-09T11:27:14.888902+00:00,286.04,3.23,286.04,3.23,-95.7,439509909.7906934,9902.0,2297.4,-6754.4,0
2026-04-09T11:27:15.212848+00:00,286.04,3.26,286.04,3.26,-91.7,439509909.7906934,9901.8,2295.1,-6754.2,0
2026-04-09T11:27:15.536979+00:00,286.05,3.28,286.05,3.28,-89.7,439509909.7906934,9901.6,2292.9,-6754.1,0
2026-04-09T11:27:15.856863+00:00,286.05,3.30,286.05,3.3,-91.7,439509909.7906934,9901.4,2290.7,-6753.9,0
2026-04-09T11:27:16.200871+00:00,286.05,3.32,286.05,3.32,-87.7,439509909.7906934,9901.2,2288.4,-6753.8,0
2026-04-09T11:27:16.524852+00:00,286.05,3.34,286.05,3.34,-92.7,439509909.7906934,9901.0,2286.2,-6753.7,0
2026-04-09T11:27:16.849499+00:00,286.05,3.37,286.05,3.37,-91.7,439509909.7906934,9900.7,2284.0,-6753.5,0
2026-04-09T11:27:17.192857+00:00,286.05,3.39,286.05,3.39,-94.7,439509909.7906934,9900.5,2281.8,-6753.4,0
2026-04-09T11:27:17.516853+00:00,286.05,3.41,286.05,3.41,-91.7,439509909.7906934,9900.3,2279.5,-6753.2,0
2026-04-09T11:27:17.840845+00:00,286.05,3.43,286.05,3.43,-89.7,439509909.7906934,9900.1,2277.3,-6753.1,0
2026-04-09T11:27:18.164865+00:00,286.05,3.45,286.05,3.45,-89.7,439509909.7906934,9899.9,2275.2,-6752.9,0
2026-04-09T11:27:18.508912+00:00,286.05,3.48,286.05,3.48,-97.7,439509909.7906934,9899.6,2272.8,-6752.8,0
2026-04-09T11:27:18.834028+00:00,286.06,3.50,286.06,3.5,-91.7,439509909.7906934,9899.4,2270.7,-6752.6,0
2026-04-09T11:27:19.152861+00:00,286.06,3.52,286.06,3.52,-90.7,439509909.7906934,9899.2,2268.5,-6752.4,0
2026-04-09T11:27:19.501985+00:00,286.06,3.54,286.06,3.54,-89.7,439509909.7906934,9899.0,2266.3,-6752.3,0
2026-04-09T11:27:19.825941+00:00,286.06,3.57,286.06,3.57,-91.7,439509909.7906934,9898.7,2263.9,-6752.1,0
2026-04-09T11:27:20.153819+00:00,286.06,3.59,286.06,3.59,-89.7,439509909.7906934,9898.5,2261.7,-6752.0,0
2026-04-09T11:27:20.478754+00:00,286.06,3.61,286.06,3.61,-89.7,439509909.7906934,9898.2,2259.5,-6751.8,0
2026-04-09T11:27:20.825956+00:00,286.06,3.63,286.06,3.63,-91.7,439509909.7906934,9898.0,2257.2,-6751.6,0
2026-04-09T11:27:21.155570+00:00,286.06,3.66,286.06,3.66,-88.7,439509909.7906934,9897.8,2255.0,-6751.5,0
2026-04-09T11:27:21.477983+00:00,286.06,3.68,286.06,3.68,-89.7,439509909.7906934,9897.5,2252.8,-6751.3,0
2026-04-09T11:27:21.827209+00:00,286.06,3.70,286.06,3.7,-88.7,439509909.7906934,9897.3,2250.6,-6751.1,0
2026-04-09T11:27:22.148932+00:00,286.07,3.73,286.07,3.73,-87.7,439509909.7906934,9897.0,2248.3,-6751.0,0
2026-04-09T11:27:22.473046+00:00,286.07,3.75,286.07,3.75,-89.7,439509909.7906934,9896.8,2246.1,-6750.8,0
2026-04-09T11:27:22.793074+00:00,286.07,3.77,286.07,3.77,-89.7,439509909.7906934,9896.5,2243.9,-6750.6,0
2026-04-09T11:27:23.141990+00:00,286.07,3.79,286.07,3.79,-89.7,439509909.7906934,9896.3,2241.6,-6750.5,0
2026-04-09T11:27:23.460940+00:00,286.07,3.82,286.07,3.82,-90.7,439509909.7906934,9896.0,2239.4,-6750.3,0
2026-04-09T11:27:23.784967+00:00,286.07,3.84,286.07,3.84,-85.7,439509909.7906934,9895.8,2237.2,-6750.1,0
2026-04-09T11:27:24.128833+00:00,286.07,3.86,286.07,3.86,-91.7,439509909.7906934,9895.5,2235.0,-6749.9,0
2026-04-09T11:27:24.452895+00:00,286.07,3.88,286.07,3.88,-91.7,439509909.7906934,9895.2,2232.7,-6749.8,0
2026-04-09T11:27:24.776867+00:00,286.07,3.91,286.07,3.91,-89.7,439509909.7906934,9895.0,2230.5,-6749.6,0
2026-04-09T11:27:25.101482+00:00,286.07,3.93,286.07,3.93,-86.7,439509909.7906934,9894.7,2228.3,-6749.4,0
2026-04-09T11:27:25.446076+00:00,286.08,3.95,286.08,3.95,-88.7,439509909.7906934,9894.5,2226.0,-6749.2,0
2026-04-09T11:27:25.764869+00:00,286.08,3.98,286.08,3.98,-86.7,439509909.7906934,9894.2,2223.8,-6749.0,0
2026-04-09T11:27:26.088854+00:00,286.08,4.00,286.08,4.0,-88.7,439509909.7906934,9893.9,2221.6,-6748.9,0
2026-04-09T11:27:26.432991+00:00,286.08,4.02,286.08,4.02,-92.7,439509909.7906934,9893.7,2219.4,-6748.7,0
2026-04-09T11:27:26.756886+00:00,286.08,4.04,286.08,4.04,-86.7,439509909.7906934,9893.4,2217.1,-6748.5,0
2026-04-09T11:27:27.082485+00:00,286.08,4.07,286.08,4.07,-86.7,439509909.7906934,9893.1,2214.9,-6748.3,0
2026-04-09T11:27:27.409979+00:00,286.08,4.09,286.08,4.09,-89.7,439509909.7906934,9892.8,2212.8,-6748.1,0
2026-04-09T11:27:27.759013+00:00,286.08,4.11,286.08,4.11,-89.7,439509909.7906934,9892.5,2210.4,-6747.9,0
2026-04-09T11:27:28.081532+00:00,286.08,4.14,286.08,4.14,-90.7,439509909.7906934,9892.3,2208.2,-6747.7,0
2026-04-09T11:27:28.406401+00:00,286.08,4.16,286.08,4.16,-88.7,439509909.7906934,9892.0,2206.0,-6747.5,0
2026-04-09T11:27:28.753981+00:00,286.09,4.18,286.09,4.18,-85.7,439509909.7906934,9891.7,2203.8,-6747.3,0
2026-04-09T11:27:29.082553+00:00,286.09,4.21,286.09,4.21,-91.7,439509909.7906934,9891.4,2201.5,-6747.1,0
2026-04-09T11:27:29.405932+00:00,286.09,4.23,286.09,4.23,-88.7,439509909.7906934,9891.1,2199.3,-6746.9,0
2026-04-09T11:27:29.754320+00:00,286.09,4.25,286.09,4.25,-87.7,439509909.7906934,9890.8,2197.1,-6746.7,0
2026-04-09T11:27:30.077767+00:00,286.09,4.28,286.09,4.28,-88.7,439509909.7906934,9890.5,2194.8,-6746.5,0
2026-04-09T11:27:30.407370+00:00,286.09,4.30,286.09,4.3,-91.7,439509909.7906934,9890.2,2192.5,-6746.3,0
2026-04-09T11:27:30.749909+00:00,286.09,4.33,286.09,4.33,-86.7,439509909.7906934,9889.9,2190.3,-6746.1,0
2026-04-09T11:27:31.077590+00:00,286.09,4.35,286.09,4.35,-89.7,439509909.7906934,9889.6,2188.0,-6745.9,0
2026-04-09T11:27:31.406837+00:00,286.09,4.37,286.09,4.37,-89.7,439509909.7906934,9889.3,2185.8,-6745.7,0
2026-04-09T11:27:31.726226+00:00,286.10,4.40,286.1,4.4,-91.7,439509909.7906934,9889.0,2183.6,-6745.5,0
2026-04-09T11:27:32.072865+00:00,286.10,4.42,286.1,4.42,-91.7,439509909.7906934,9888.7,2181.3,-6745.3,0
2026-04-09T11:27:32.403337+00:00,286.10,4.44,286.1,4.44,-89.7,439509909.7906934,9888.4,2179.1,-6745.1,0
2026-04-09T11:27:32.725983+00:00,286.10,4.47,286.1,4.47,-87.7,439509909.7906934,9888.1,2176.9,-6744.9,0
2026-04-09T11:27:33.073538+00:00,286.10,4.49,286.1,4.49,-88.7,439509909.7906934,9887.8,2174.7,-6744.6,0
2026-04-09T11:27:33.398948+00:00,286.10,4.52,286.1,4.52,-89.7,439509909.7906934,9887.4,2172.4,-6744.4,0
2026-04-09T11:27:33.723598+00:00,286.10,4.54,286.1,4.54,-89.7,439509909.7906934,9887.1,2170.1,-6744.2,0
2026-04-09T11:27:34.071845+00:00,286.10,4.56,286.1,4.56,-89.7,439509909.7906934,9886.8,2167.9,-6744.0,0
2026-04-09T11:27:34.397343+00:00,286.10,4.59,286.1,4.59,-88.7,439509909.7906934,9886.4,2165.6,-6743.8,0
2026-04-09T11:27:34.721041+00:00,286.10,4.61,286.1,4.61,-89.7,439509909.7906934,9886.1,2163.4,-6743.5,0
2026-04-09T11:27:35.048015+00:00,286.11,4.64,286.11,4.64,-92.7,439509909.7906934,9885.8,2161.2,-6743.3,0
2026-04-09T11:27:35.388846+00:00,286.11,4.66,286.11,4.66,-88.7,439509909.7906934,9885.5,2158.9,-6743.1,0
2026-04-09T11:27:35.712856+00:00,286.11,4.68,286.11,4.68,-90.7,439509909.7906934,9885.1,2156.7,-6742.9,0
2026-04-09T11:27:36.036867+00:00,286.11,4.71,286.11,4.71,-88.7,439509909.7906934,9884.8,2154.5,-6742.6,0
2026-04-09T11:27:36.380850+00:00,286.11,4.73,286.11,4.73,-86.7,439509909.7906934,9884.5,2152.3,-6742.4,0
2026-04-09T11:27:36.704841+00:00,286.11,4.76,286.11,4.76,-89.7,439509909.7906934,9884.1,2150.0,-6742.2,0
2026-04-09T11:27:37.028865+00:00,286.11,4.78,286.11,4.78,-90.7,439509909.7906934,9883.8,2147.9,-6741.9,0
2026-04-09T11:27:37.352847+00:00,286.11,4.80,286.11,4.8,-90.7,439509909.7906934,9883.5,2145.7,-6741.7,0
2026-04-09T11:27:37.696875+00:00,286.11,4.83,286.11,4.83,-89.7,439509909.7906934,9883.1,2143.4,-6741.5,0
2026-04-09T11:27:38.022185+00:00,286.11,4.85,286.11,4.85,-87.7,439509909.7906934,9882.8,2141.2,-6741.2,0
2026-04-09T11:27:38.340894+00:00,286.12,4.88,286.12,4.88,-87.7,439509909.7906934,9882.4,2139.0,-6741.0,0
2026-04-09T11:27:38.690275+00:00,286.12,4.90,286.12,4.9,-94.7,439509909.7906934,9882.1,2136.8,-6740.8,0
2026-04-09T11:27:39.013915+00:00,286.12,4.93,286.12,4.93,-88.7,439509909.7906934,9881.7,2134.5,-6740.5,0
2026-04-09T11:27:39.343295+00:00,286.12,4.95,286.12,4.95,-87.7,439509909.7906934,9881.3,2132.3,-6740.3,0
2026-04-09T11:27:39.665969+00:00,286.12,4.97,286.12,4.97,-91.7,439509909.7906934,9881.0,2130.1,-6740.0,0
2026-04-09T11:27:40.013989+00:00,286.12,5.00,286.12,5.0,-89.7,439509909.7906934,9880.6,2127.7,-6739.8,0
2026-04-09T11:27:40.337934+00:00,286.12,5.02,286.12,5.02,-85.7,439509909.7906934,9880.2,2125.6,-6739.5,0
2026-04-09T11:27:40.662481+00:00,286.12,5.05,286.12,5.05,-85.7,439509909.7906934,9879.9,2123.4,-6739.3,0
2026-04-09T11:27:41.010000+00:00,286.12,5.07,286.12,5.07,-86.7,439509909.7906934,9879.5,2121.2,-6739.0,0
2026-04-09T11:27:41.332907+00:00,286.12,5.10,286.12,5.1,-90.7,439509909.7906934,9879.1,2118.8,-6738.8,0
2026-04-09T11:27:41.661613+00:00,286.13,5.12,286.13,5.12,-93.7,439509909.7906934,9878.8,2116.6,-6738.5,0
2026-04-09T11:27:41.984907+00:00,286.13,5.15,286.13,5.15,-88.7,439509909.7906934,9878.4,2114.5,-6738.3,0
2026-04-09T11:27:42.327872+00:00,286.13,5.17,286.13,5.17,-89.7,439509909.7906934,9878.0,2112.1,-6738.0,0
2026-04-09T11:27:42.652900+00:00,286.13,5.20,286.13,5.2,-91.7,439509909.7906934,9877.6,2110.0,-6737.7,0
2026-04-09T11:27:42.977052+00:00,286.13,5.22,286.13,5.22,-87.7,439509909.7906934,9877.2,2107.8,-6737.5,0
2026-04-09T11:27:43.320911+00:00,286.13,5.25,286.13,5.25,-90.7,439509909.7906934,9876.9,2105.6,-6737.2,0
2026-04-09T11:27:43.644896+00:00,286.13,5.27,286.13,5.27,-93.7,439509909.7906934,9876.5,2103.2,-6736.9,0
2026-04-09T11:27:43.972981+00:00,286.13,5.30,286.13,5.3,-89.7,439509909.7906934,9876.1,2101.1,-6736.7,0
2026-04-09T11:27:44.300860+00:00,286.13,5.32,286.13,5.32,-92.7,439509909.7906934,9875.7,2098.9,-6736.4,0
2026-04-09T11:27:44.640883+00:00,286.13,5.35,286.13,5.35,-89.7,439509909.7906934,9875.3,2096.6,-6736.1,0
2026-04-09T11:27:44.965184+00:00,286.14,5.37,286.14,5.37,-91.7,439509909.7906934,9874.9,2094.4,-6735.9,0
2026-04-09T11:27:45.288955+00:00,286.14,5.40,286.14,5.4,-95.7,439509909.7906934,9874.5,2092.2,-6735.6,0
2026-04-09T11:27:45.631941+00:00,286.14,5.42,286.14,5.42,-89.7,439509909.7906934,9874.1,2090.0,-6735.3,0
2026-04-09T11:27:45.956913+00:00,286.14,5.45,286.14,5.45,-91.7,439509909.7906934,9873.7,2087.7,-6735.0,0
2026-04-09T11:27:46.280957+00:00,286.14,5.47,286.14,5.47,-93.7,439509909.7906934,9873.3,2085.5,-6734.8,0
2026-04-09T11:27:46.605066+00:00,286.14,5.50,286.14,5.5,-90.7,439509909.7906934,9872.9,2083.3,-6734.5,0
2026-04-09T11:27:46.949029+00:00,286.14,5.52,286.14,5.52,-93.7,439509909.7906934,9872.4,2081.0,-6734.2,0
2026-04-09T11:27:47.271865+00:00,286.14,5.55,286.14,5.55,-91.7,439509909.7906934,9872.0,2078.8,-6733.9,0
2026-04-09T11:27:47.597118+00:00,286.14,5.57,286.14,5.57,-91.7,439509909.7906934,9871.6,2076.6,-6733.6,0
2026-04-09T11:27:47.940894+00:00,286.14,5.60,286.14,5.6,-90.7,439509909.7906934,9871.2,2074.5,-6733.4,0
2026-04-09T11:27:48.264934+00:00,286.15,5.62,286.15,5.62,-92.7,439509909.7906934,9870.8,2072.1,-6733.1,0
2026-04-09T11:27:48.588899+00:00,286.15,5.65,286.15,5.65,-95.7,439509909.7906934,9870.3,2070.0,-6732.8,0
2026-04-09T11:27:48.913195+00:00,286.15,5.67,286.15,5.67,-93.7,439509909.7906934,9869.9,2067.8,-6732.5,0
2026-04-09T11:27:49.256903+00:00,286.15,5.70,286.15,5.7,-94.7,439509909.7906934,9869.5,2065.5,-6732.2,0
2026-04-09T11:27:49.580943+00:00,286.15,5.73,286.15,5.73,-91.7,439509909.7906934,9869.0,2063.3,-6731.9,0
2026-04-09T11:27:49.905792+00:00,286.15,5.75,286.15,5.75,-90.7,439509909.7906934,9868.6,2061.1,-6731.6,0
2026-04-09T11:27:50.248893+00:00,286.15,5.78,286.15,5.78,-94.7,439509909.7906934,9868.2,2058.9,-6731.3,0
2026-04-09T11:27:50.572861+00:00,286.15,5.80,286.15,5.8,-87.7,439509909.7906934,9867.7,2056.6,-6731.0,0
2026-04-09T11:27:50.896947+00:00,286.15,5.83,286.15,5.83,-95.7,439509909.7906934,9867.3,2054.4,-6730.7,0
2026-04-09T11:27:51.220964+00:00,286.15,5.85,286.15,5.85,-92.7,439509909.7906934,9866.8,2052.2,-6730.4,0
2026-04-09T11:27:51.564885+00:00,286.15,5.88,286.15,5.88,-89.7,439509909.7906934,9866.4,2049.9,-6730.1,0
2026-04-09T11:27:51.888897+00:00,286.16,5.90,286.16,5.9,-91.7,439509909.7906934,9865.9,2047.7,-6729.8,0
2026-04-09T11:27:52.212948+00:00,286.16,5.93,286.16,5.93,-89.7,439509909.7906934,9865.5,2045.6,-6729.5,0
2026-04-09T11:27:52.557212+00:00,286.16,5.96,286.16,5.96,-92.7,439509909.7906934,9865.0,2043.4,-6729.2,0
2026-04-09T11:27:52.880917+00:00,286.16,5.98,286.16,5.98,-88.7,439509909.7906934,9864.6,2041.1,-6728.8,0
2026-04-09T11:27:53.209119+00:00,286.16,6.01,286.16,6.01,-86.7,439509909.7906934,9864.1,2038.9,-6728.5,0
2026-04-09T11:27:53.528931+00:00,286.16,6.03,286.16,6.03,-95.7,439509909.7906934,9863.6,2036.7,-6728.2,0
2026-04-09T11:27:53.876065+00:00,286.16,6.06,286.16,6.06,-94.7,439509909.7906934,9863.2,2034.4,-6727.9,0
2026-04-09T11:27:54.196919+00:00,286.16,6.09,286.16,6.09,-92.7,439509909.7906934,9862.7,2032.2,-6727.6,0
2026-04-09T11:27:54.526320+00:00,286.16,6.11,286.16,6.11,-93.7,439509909.7906934,9862.2,2030.0,-6727.2,0
2026-04-09T11:27:54.868977+00:00,286.16,6.14,286.16,6.14,-89.7,439509909.7906934,9861.8,2027.9,-6726.9,0
2026-04-09T11:27:55.192854+00:00,286.17,6.16,286.17,6.16,-91.7,439509909.7906934,9861.3,2025.5,-6726.6,0
2026-04-09T11:27:55.518055+00:00,286.17,6.19,286.17,6.19,-87.7,439509909.7906934,9860.8,2023.4,-6726.3,0
2026-04-09T11:27:55.842245+00:00,286.17,6.22,286.17,6.22,-91.7,439509909.7906934,9860.3,2021.2,-6725.9,0
2026-04-09T11:27:56.184857+00:00,286.17,6.24,286.17,6.24,-89.7,439509909.7906934,9859.8,2018.9,-6725.6,0
2026-04-09T11:27:56.510208+00:00,286.17,6.27,286.17,6.27,-90.7,439509909.7906934,9859.3,2016.7,-6725.3,0
2026-04-09T11:27:56.857586+00:00,286.17,6.30,286.17,6.3,-95.7,439509859.0099087,9858.8,2014.3,-6724.9,0
2026-04-09T11:27:57.205957+00:00,286.17,6.33,286.17,6.33,-92.7,439509859.0099087,9858.3,2012.0,-6724.5,0
2026-04-09T11:27:57.530501+00:00,286.17,6.35,286.17,6.35,-91.7,439509859.0099087,9857.8,2009.8,-6724.2,0
2026-04-09T11:27:57.859055+00:00,286.17,6.38,286.17,6.38,-89.7,439509859.0099087,9857.3,2007.6,-6723.9,0
2026-04-09T11:27:58.202936+00:00,286.17,6.40,286.17,6.4,-87.7,439509859.0099087,9856.8,2005.3,-6723.5,0
2026-04-09T11:27:58.529889+00:00,286.18,6.43,286.18,6.43,-84.7,439509859.0099087,9856.3,2003.1,-6723.2,0
2026-04-09T11:27:58.853670+00:00,286.18,6.46,286.18,6.46,-87.7,439509859.0099087,9855.7,2000.9,-6722.8,0
2026-04-09T11:27:59.202029+00:00,286.18,6.48,286.18,6.48,-90.7,439509859.0099087,9855.2,1998.7,-6722.5,0
2026-04-09T11:27:59.530419+00:00,286.18,6.51,286.18,6.51,-89.7,439509859.0099087,9854.7,1996.4,-6722.1,0
2026-04-09T11:27:59.858924+00:00,286.18,6.54,286.18,6.54,-84.7,439509859.0099087,9854.2,1994.2,-6721.7,0
2026-04-09T11:28:00.181771+00:00,286.18,6.56,286.18,6.56,-87.7,439509859.0099087,9853.7,1992.0,-6721.4,0
2026-04-09T11:28:00.526863+00:00,286.18,6.59,286.18,6.59,-87.7,439509859.0099087,9853.1,1989.7,-6721.0,0
2026-04-09T11:28:00.853611+00:00,286.18,6.62,286.18,6.62,-88.7,439509859.0099087,9852.6,1987.5,-6720.7,0
2026-04-09T11:28:01.177984+00:00,286.18,6.65,286.18,6.65,-89.7,439509859.0099087,9852.1,1985.3,-6720.3,0
2026-04-09T11:28:01.525703+00:00,286.18,6.67,286.18,6.67,-88.7,439509859.0099087,9851.5,1983.1,-6719.9,0
2026-04-09T11:28:01.850128+00:00,286.19,6.70,286.19,6.7,-88.7,439509859.0099087,9851.0,1980.8,-6719.6,0
2026-04-09T11:28:02.177973+00:00,286.19,6.73,286.19,6.73,-87.7,439509859.0099087,9850.4,1978.6,-6719.2,0
2026-04-09T11:28:02.522026+00:00,286.19,6.75,286.19,6.75,-87.7,439509859.0099087,9849.9,1976.4,-6718.8,0
2026-04-09T11:28:02.849807+00:00,286.19,6.78,286.19,6.78,-85.7,439509859.0099087,9849.3,1974.1,-6718.4,0
2026-04-09T11:28:03.177946+00:00,286.19,6.81,286.19,6.81,-92.7,439509859.0099087,9848.8,1971.9,-6718.1,0
2026-04-09T11:28:03.506469+00:00,286.19,6.84,286.19,6.84,-88.7,439509859.0099087,9848.2,1969.7,-6717.7,0
2026-04-09T11:28:03.849814+00:00,286.19,6.87,286.19,6.87,-91.7,439509859.0099087,9847.6,1967.3,-6717.3,0
2026-04-09T11:28:04.178311+00:00,286.19,6.89,286.19,6.89,-89.7,439509859.0099087,9847.1,1965.2,-6716.9,0
2026-04-09T11:28:04.501936+00:00,286.19,6.92,286.19,6.92,-92.7,439509859.0099087,9846.5,1963.0,-6716.5,0
2026-04-09T11:28:04.850618+00:00,286.19,6.95,286.19,6.95,-95.7,439509859.0099087,9846.0,1960.8,-6716.2,0
2026-04-09T11:28:05.178070+00:00,286.20,6.98,286.2,6.98,-92.7,439509859.0099087,9845.4,1958.4,-6715.7,0
2026-04-09T11:28:05.502503+00:00,286.20,7.00,286.2,7.0,-90.7,439509859.0099087,9844.8,1956.2,-6715.4,0
2026-04-09T11:28:05.830529+00:00,286.20,7.03,286.2,7.03,-92.7,439509859.0099087,9844.2,1954.1,-6715.0,0
2026-04-09T11:28:06.173907+00:00,286.20,7.06,286.2,7.06,-90.7,439509859.0099087,9843.6,1951.7,-6714.5,0
2026-04-09T11:28:06.499290+00:00,286.20,7.09,286.2,7.09,-84.7,439509859.0099087,9843.1,1949.5,-6714.2,0
2026-04-09T11:28:06.826082+00:00,286.20,7.11,286.2,7.11,-86.7,439509859.0099087,9842.5,1947.4,-6713.8,0
2026-04-09T11:28:07.170070+00:00,286.20,7.14,286.2,7.14,-94.7,439509859.0099087,9841.9,1945.2,-6713.4,0
2026-04-09T11:28:07.497783+00:00,286.20,7.17,286.2,7.17,-89.7,439509859.0099087,9841.3,1942.9,-6712.9,0
2026-04-09T11:28:07.822331+00:00,286.20,7.20,286.2,7.2,-88.7,439509859.0099087,9840.7,1940.7,-6712.5,0
2026-04-09T11:28:08.150022+00:00,286.20,7.22,286.2,7.22,-90.7,439509859.0099087,9840.1,1938.5,-6712.1,0
2026-04-09T11:28:08.493784+00:00,286.21,7.25,286.21,7.25,-85.7,439509859.0099087,9839.5,1936.2,-6711.7,0
2026-04-09T11:28:08.822439+00:00,286.21,7.28,286.21,7.28,-89.7,439509859.0099087,9838.9,1934.0,-6711.3,0
2026-04-09T11:28:09.145743+00:00,286.21,7.31,286.21,7.31,-90.7,439509859.0099087,9838.3,1931.8,-6710.9,0
2026-04-09T11:28:09.493835+00:00,286.21,7.34,286.21,7.34,-88.7,439509859.0099087,9837.7,1929.6,-6710.5,0
2026-04-09T11:28:09.818687+00:00,286.21,7.37,286.21,7.37,-89.7,439509859.0099087,9837.0,1927.3,-6710.0,0
2026-04-09T11:28:10.145709+00:00,286.21,7.39,286.21,7.39,-89.7,439509859.0099087,9836.4,1925.1,-6709.6,0
2026-04-09T11:28:10.474526+00:00,286.21,7.42,286.21,7.42,-89.7,439509859.0099087,9835.8,1922.9,-6709.2,0
2026-04-09T11:28:10.818682+00:00,286.21,7.45,286.21,7.45,-88.7,439509859.0099087,9835.1,1920.6,-6708.8,0
2026-04-09T11:28:11.141694+00:00,286.21,7.48,286.21,7.48,-91.7,439509859.0099087,9834.5,1918.4,-6708.3,0
2026-04-09T11:28:11.469721+00:00,286.21,7.51,286.21,7.51,-87.7,439509859.0099087,9833.9,1916.2,-6707.9,0
2026-04-09T11:28:11.814292+00:00,286.21,7.53,286.21,7.53,-88.7,439509859.0099087,9833.3,1914.0,-6707.5,0
2026-04-09T11:28:12.141963+00:00,286.22,7.56,286.22,7.56,-89.7,439509859.0099087,9832.6,1911.7,-6707.0,0
2026-04-09T11:28:12.465915+00:00,286.22,7.59,286.22,7.59,-91.7,439509859.0099087,9832.0,1909.5,-6706.6,0
2026-04-09T11:28:12.814038+00:00,286.22,7.62,286.22,7.62,-91.7,439509859.0099087,9831.3,1907.3,-6706.2,0
2026-04-09T11:28:13.138290+00:00,286.22,7.65,286.22,7.65,-90.7,439509859.0099087,9830.6,1905.0,-6705.7,0
2026-04-09T11:28:13.465955+00:00,286.22,7.68,286.22,7.68,-88.7,439509859.0099087,9830.0,1902.8,-6705.3,0
2026-04-09T11:28:13.790319+00:00,286.22,7.71,286.22,7.71,-89.7,439509859.0099087,9829.4,1900.6,-6704.8,0
2026-04-09T11:28:14.138249+00:00,286.22,7.74,286.22,7.74,-84.7,439509859.0099087,9828.7,1898.3,-6704.3,0
2026-04-09T11:28:14.461950+00:00,286.22,7.76,286.22,7.76,-88.7,439509859.0099087,9828.0,1896.1,-6703.9,0
2026-04-09T11:28:14.791718+00:00,286.22,7.79,286.22,7.79,-90.7,439509859.0099087,9827.3,1893.9,-6703.4,0
2026-04-09T11:28:15.134271+00:00,286.22,7.82,286.22,7.82,-89.7,439509859.0099087,9826.6,1891.6,-6703.0,0
2026-04-09T11:28:15.461933+00:00,286.23,7.85,286.23,7.85,-87.7,439509859.0099087,9826.0,1889.4,-6702.5,0
2026-04-09T11:28:15.790462+00:00,286.23,7.88,286.23,7.88,-89.7,439509859.0099087,9825.3,1887.2,-6702.1,0
2026-04-09T11:28:16.133722+00:00,286.23,7.91,286.23,7.91,-92.7,439509859.0099087,9824.6,1885.1,-6701.6,0
2026-04-09T11:28:16.457706+00:00,286.23,7.94,286.23,7.94,-88.7,439509859.0099087,9823.9,1882.7,-6701.1,0
2026-04-09T11:28:16.787091+00:00,286.23,7.97,286.23,7.97,-88.7,439509859.0099087,9823.2,1880.6,-6700.6,0
2026-04-09T11:28:17.129703+00:00,286.23,8.00,286.23,8.0,-90.7,439509859.0099087,9822.6,1878.4,-6700.2,0
2026-04-09T11:28:17.457341+00:00,286.23,8.03,286.23,8.03,-85.7,439509859.0099087,9821.8,1876.1,-6699.7,0
2026-04-09T11:28:17.782577+00:00,286.23,8.05,286.23,8.05,-89.7,439509859.0099087,9821.1,1873.9,-6699.2,0
2026-04-09T11:28:18.110821+00:00,286.23,8.08,286.23,8.08,-89.7,439509859.0099087,9820.4,1871.7,-6698.7,0
2026-04-09T11:28:18.458719+00:00,286.23,8.11,286.23,8.11,-93.7,439509859.0099087,9819.7,1869.4,-6698.2,0
2026-04-09T11:28:18.783583+00:00,286.23,8.14,286.23,8.14,-88.7,439509859.0099087,9819.0,1867.2,-6697.8,0
2026-04-09T11:28:19.111308+00:00,286.24,8.17,286.24,8.17,-88.7,439509859.0099087,9818.3,1865.0,-6697.3,0
2026-04-09T11:28:19.453700+00:00,286.24,8.20,286.24,8.2,-90.7,439509859.0099087,9817.5,1862.7,-6696.8,0
2026-04-09T11:28:19.778999+00:00,286.24,8.23,286.24,8.23,-91.7,439509859.0099087,9816.8,1860.5,-6696.3,0
2026-04-09T11:28:20.105930+00:00,286.24,8.26,286.24,8.26,-88.7,439509859.0099087,9816.1,1858.3,-6695.8,0
2026-04-09T11:28:20.455032+00:00,286.24,8.29,286.24,8.29,-89.7,439509859.0099087,9815.4,1856.1,-6695.3,0
2026-04-09T11:28:20.778635+00:00,286.24,8.32,286.24,8.32,-89.7,439509859.0099087,9814.6,1853.8,-6694.8,0
2026-04-09T11:28:21.110910+00:00,286.24,8.35,286.24,8.35,-92.7,439509859.0099087,9813.9,1851.6,-6694.3,0
2026-04-09T11:28:21.429570+00:00,286.24,8.38,286.24,8.38,-87.7,439509859.0099087,9813.1,1849.4,-6693.8,0
2026-04-09T11:28:21.777977+00:00,286.24,8.41,286.24,8.41,-88.7,439509859.0099087,9812.4,1847.1,-6693.2,0
2026-04-09T11:28:22.101929+00:00,286.24,8.44,286.24,8.44,-86.7,439509859.0099087,9811.6,1844.9,-6692.7,0
2026-04-09T11:28:22.425756+00:00,286.25,8.47,286.25,8.47,-86.7,439509859.0099087,9810.9,1842.8,-6692.2,0
2026-04-09T11:28:22.774507+00:00,286.25,8.50,286.25,8.5,-89.7,439509859.0099087,9810.1,1840.6,-6691.7,0
2026-04-09T11:28:23.099195+00:00,286.25,8.53,286.25,8.53,-87.7,439509859.0099087,9809.3,1838.3,-6691.2,0
2026-04-09T11:28:23.445544+00:00,286.25,8.56,286.25,8.56,-89.7,439509808.8662101,9808.5,1836.0,-6690.6,0
2026-04-09T11:28:23.790516+00:00,286.25,8.59,286.25,8.59,-94.7,439509808.8662101,9807.8,1833.8,-6690.1,0
2026-04-09T11:28:24.117756+00:00,286.25,8.62,286.25,8.62,-85.7,439509808.8662101,9807.0,1831.5,-6689.5,0
2026-04-09T11:28:24.441724+00:00,286.25,8.65,286.25,8.65,-90.7,439509808.8662101,9806.2,1829.3,-6689.0,0
2026-04-09T11:28:24.770278+00:00,286.25,8.68,286.25,8.68,-88.7,439509808.8662101,9805.4,1827.1,-6688.5,0
2026-04-09T11:28:25.113721+00:00,286.25,8.71,286.25,8.71,-89.7,439509808.8662101,9804.6,1824.8,-6687.9,0
2026-04-09T11:28:25.441991+00:00,286.25,8.74,286.25,8.74,-89.7,439509808.8662101,9803.8,1822.6,-6687.4,0
2026-04-09T11:28:25.766267+00:00,286.25,8.77,286.25,8.77,-91.7,439509808.8662101,9803.0,1820.4,-6686.9,0
2026-04-09T11:28:26.118023+00:00,286.26,8.80,286.26,8.8,-92.7,439509808.8662101,9802.3,1818.3,-6686.3,0
2026-04-09T11:28:26.437527+00:00,286.26,8.84,286.26,8.84,-91.7,439509808.8662101,9801.4,1815.9,-6685.8,0
2026-04-09T11:28:26.762566+00:00,286.26,8.87,286.26,8.87,-91.7,439509808.8662101,9800.6,1813.8,-6685.2,0
2026-04-09T11:28:27.089982+00:00,286.26,8.90,286.26,8.9,-87.7,439509808.8662101,9799.8,1811.6,-6684.7,0
2026-04-09T11:28:27.437518+00:00,286.26,8.93,286.26,8.93,-89.7,439509808.8662101,9799.0,1809.3,-6684.1,0
2026-04-09T11:28:27.762278+00:00,286.26,8.96,286.26,8.96,-89.7,439509808.8662101,9798.2,1807.1,-6683.5,0
2026-04-09T11:28:28.089745+00:00,286.26,8.99,286.26,8.99,-88.7,439509808.8662101,9797.3,1804.9,-6683.0,0
2026-04-09T11:28:28.438966+00:00,286.26,9.02,286.26,9.02,-87.7,439509808.8662101,9796.5,1802.6,-6682.4,0
2026-04-09T11:28:28.762281+00:00,286.26,9.05,286.26,9.05,-86.7,439509808.8662101,9795.7,1800.4,-6681.8,0
2026-04-09T11:28:29.084982+00:00,286.26,9.08,286.26,9.08,-91.7,439509808.8662101,9794.8,1798.2,-6681.3,0
2026-04-09T11:28:29.428838+00:00,286.27,9.11,286.27,9.11,-92.7,439509808.8662101,9794.0,1796.1,-6680.7,0
2026-04-09T11:28:29.752831+00:00,286.27,9.14,286.27,9.14,-92.7,439509808.8662101,9793.1,1793.8,-6680.1,0
2026-04-09T11:28:30.076985+00:00,286.27,9.17,286.27,9.17,-91.7,439509808.8662101,9792.3,1791.6,-6679.5,0
2026-04-09T11:28:30.400898+00:00,286.27,9.20,286.27,9.2,-93.7,439509808.8662101,9791.4,1789.4,-6679.0,0
2026-04-09T11:28:30.744837+00:00,286.27,9.24,286.27,9.24,-87.7,439509808.8662101,9790.6,1787.2,-6678.4,0
2026-04-09T11:28:31.068942+00:00,286.27,9.27,286.27,9.27,-86.7,439509808.8662101,9789.7,1785.0,-6677.8,0
2026-04-09T11:28:31.393568+00:00,286.27,9.30,286.27,9.3,-89.7,439509808.8662101,9788.9,1782.8,-6677.2,0
2026-04-09T11:28:31.736844+00:00,286.27,9.33,286.27,9.33,-91.7,439509808.8662101,9788.0,1780.7,-6676.6,0
2026-04-09T11:28:32.061973+00:00,286.27,9.36,286.27,9.36,-90.7,439509808.8662101,9787.1,1778.4,-6676.0,0
2026-04-09T11:28:32.380870+00:00,286.27,9.39,286.27,9.39,-92.7,439509808.8662101,9786.2,1776.2,-6675.4,0
2026-04-09T11:28:32.704835+00:00,286.27,9.42,286.27,9.42,-91.7,439509808.8662101,9785.4,1774.1,-6674.8,0
2026-04-09T11:28:33.048864+00:00,286.28,9.46,286.28,9.46,-87.7,439509808.8662101,9784.4,1771.8,-6674.2,0
2026-04-09T11:28:33.372847+00:00,286.28,9.49,286.28,9.49,-89.7,439509808.8662101,9783.6,1769.6,-6673.6,0
2026-04-09T11:28:33.696859+00:00,286.28,9.52,286.28,9.52,-86.7,439509808.8662101,9782.7,1767.4,-6673.0,0
2026-04-09T11:28:34.042070+00:00,286.28,9.55,286.28,9.55,-92.7,439509808.8662101,9781.8,1765.3,-6672.4,0
2026-04-09T11:28:34.370413+00:00,286.28,9.58,286.28,9.58,-83.7,439509808.8662101,9780.9,1763.0,-6671.7,0
2026-04-09T11:28:34.694303+00:00,286.28,9.61,286.28,9.61,-87.7,439509808.8662101,9780.0,1760.8,-6671.1,0
2026-04-09T11:28:35.021936+00:00,286.28,9.64,286.28,9.64,-94.7,439509808.8662101,9779.1,1758.6,-6670.5,0
2026-04-09T11:28:35.365633+00:00,286.28,9.68,286.28,9.68,-89.7,439509808.8662101,9778.1,1756.3,-6669.8,0
2026-04-09T11:28:35.694232+00:00,286.28,9.71,286.28,9.71,-91.7,439509808.8662101,9777.2,1754.1,-6669.2,0
2026-04-09T11:28:36.018425+00:00,286.28,9.74,286.28,9.74,-90.7,439509808.8662101,9776.3,1752.0,-6668.6,0
2026-04-09T11:28:36.366008+00:00,286.28,9.77,286.28,9.77,-88.7,439509808.8662101,9775.3,1749.8,-6668.0,0
2026-04-09T11:28:36.690392+00:00,286.29,9.81,286.29,9.81,-89.7,439509808.8662101,9774.3,1747.5,-6667.3,0
2026-04-09T11:28:37.018412+00:00,286.29,9.84,286.29,9.84,-87.7,439509808.8662101,9773.4,1745.3,-6666.7,0
2026-04-09T11:28:37.362851+00:00,286.29,9.87,286.29,9.87,-91.7,439509808.8662101,9772.5,1743.1,-6666.0,0
2026-04-09T11:28:37.689989+00:00,286.29,9.90,286.29,9.9,-89.7,439509808.8662101,9771.5,1740.8,-6665.3,0
2026-04-09T11:28:38.013931+00:00,286.29,9.94,286.29,9.94,-89.7,439509808.8662101,9770.5,1738.7,-6664.7,0
2026-04-09T11:28:38.342186+00:00,286.29,9.97,286.29,9.97,-89.7,439509808.8662101,9769.6,1736.5,-6664.0,0
2026-04-09T11:28:38.685964+00:00,286.29,10.00,286.29,10.0,-88.7,439509808.8662101,9768.6,1734.2,-6663.4,0
2026-04-09T11:28:39.014152+00:00,286.29,10.03,286.29,10.03,-88.7,439509808.8662101,9767.6,1732.0,-6662.7,0
2026-04-09T11:28:39.338077+00:00,286.29,10.07,286.29,10.07,-86.7,439509808.8662101,9766.6,1729.8,-6662.0,0
2026-04-09T11:28:39.686982+00:00,286.29,10.10,286.29,10.1,-93.7,439509808.8662101,9765.7,1727.7,-6661.4,0
2026-04-09T11:28:40.010141+00:00,286.29,10.13,286.29,10.13,-91.7,439509808.8662101,9764.6,1725.4,-6660.7,0
2026-04-09T11:28:40.339053+00:00,286.30,10.16,286.3,10.16,-94.7,439509808.8662101,9763.6,1723.2,-6660.0,0
2026-04-09T11:28:40.661960+00:00,286.30,10.20,286.3,10.2,-88.7,439509808.8662101,9762.7,1721.0,-6659.3,0
2026-04-09T11:28:41.011398+00:00,286.30,10.23,286.3,10.23,-91.7,439509808.8662101,9761.6,1718.7,-6658.6,0
2026-04-09T11:28:41.334432+00:00,286.30,10.26,286.3,10.26,-90.7,439509808.8662101,9760.6,1716.5,-6657.9,0
2026-04-09T11:28:41.663353+00:00,286.30,10.30,286.3,10.3,-88.7,439509808.8662101,9759.6,1714.4,-6657.2,0
2026-04-09T11:28:42.011472+00:00,286.30,10.33,286.3,10.33,-89.7,439509808.8662101,9758.5,1712.1,-6656.5,0
2026-04-09T11:28:42.334385+00:00,286.30,10.36,286.3,10.36,-89.7,439509808.8662101,9757.5,1709.9,-6655.8,0
2026-04-09T11:28:42.682277+00:00,286.30,10.40,286.3,10.4,-86.7,439509756.88283557,9756.4,1707.6,-6655.1,0
2026-04-09T11:28:43.026322+00:00,286.30,10.43,286.3,10.43,-90.7,439509756.88283557,9755.4,1705.3,-6654.3,0
2026-04-09T11:28:43.353469+00:00,286.30,10.47,286.3,10.47,-88.7,439509756.88283557,9754.3,1703.1,-6653.6,0
2026-04-09T11:28:43.676857+00:00,286.31,10.50,286.31,10.5,-92.7,439509756.88283557,9753.3,1700.9,-6652.9,0
2026-04-09T11:28:44.020841+00:00,286.31,10.53,286.31,10.53,-90.7,439509756.88283557,9752.3,1698.8,-6652.2,0
2026-04-09T11:28:44.344885+00:00,286.31,10.57,286.31,10.57,-87.7,439509756.88283557,9751.2,1696.5,-6651.5,0
2026-04-09T11:28:44.668870+00:00,286.31,10.60,286.31,10.6,-87.7,439509756.88283557,9750.1,1694.4,-6650.8,0
2026-04-09T11:28:44.993076+00:00,286.31,10.63,286.31,10.63,-86.7,439509756.88283557,9749.1,1692.2,-6650.1,0
2026-04-09T11:28:45.338102+00:00,286.31,10.67,286.31,10.67,-91.7,439509756.88283557,9748.0,1689.9,-6649.3,0
2026-04-09T11:28:45.656825+00:00,286.31,10.70,286.31,10.7,-90.7,439509756.88283557,9746.9,1687.8,-6648.6,0
2026-04-09T11:28:45.980871+00:00,286.31,10.73,286.31,10.73,-86.7,439509756.88283557,9745.8,1685.6,-6647.9,0
2026-04-09T11:28:46.325213+00:00,286.31,10.77,286.31,10.77,-89.7,439509756.88283557,9744.8,1683.5,-6647.1,0
2026-04-09T11:28:46.648835+00:00,286.31,10.80,286.31,10.8,-89.7,439509756.88283557,9743.6,1681.2,-6646.3,0
2026-04-09T11:28:46.976686+00:00,286.31,10.84,286.31,10.84,-91.7,439509756.88283557,9742.6,1679.0,-6645.6,0
2026-04-09T11:28:47.297063+00:00,286.31,10.87,286.31,10.87,-85.7,439509756.88283557,9741.5,1676.9,-6644.9,0
2026-04-09T11:28:47.640842+00:00,286.32,10.90,286.32,10.9,-89.7,439509756.88283557,9740.3,1674.6,-6644.1,0
2026-04-09T11:28:47.965537+00:00,286.32,10.94,286.32,10.94,-86.7,439509756.88283557,9739.2,1672.5,-6643.3,0
2026-04-09T11:28:48.284990+00:00,286.32,10.97,286.32,10.97,-94.7,439509756.88283557,9738.1,1670.3,-6642.6,0
2026-04-09T11:28:48.633937+00:00,286.32,11.01,286.32,11.01,-94.7,439509756.88283557,9737.0,1668.2,-6641.8,0
2026-04-09T11:28:48.957926+00:00,286.32,11.04,286.32,11.04,-93.7,439509756.88283557,9735.8,1665.8,-6641.0,0
2026-04-09T11:28:49.286605+00:00,286.32,11.08,286.32,11.08,-89.7,439509756.88283557,9734.7,1663.7,-6640.3,0
2026-04-09T11:28:49.635047+00:00,286.32,11.11,286.32,11.11,-91.7,439509756.88283557,9733.6,1661.5,-6639.5,0
2026-04-09T11:28:49.957977+00:00,286.32,11.15,286.32,11.15,-88.7,439509756.88283557,9732.4,1659.2,-6638.7,0
2026-04-09T11:28:50.287471+00:00,286.32,11.18,286.32,11.18,-87.7,439509756.88283557,9731.2,1657.1,-6637.9,0
2026-04-09T11:28:50.609924+00:00,286.32,11.21,286.32,11.21,-89.7,439509756.88283557,9730.1,1654.9,-6637.1,0
2026-04-09T11:28:50.957740+00:00,286.32,11.25,286.32,11.25,-89.7,439509756.88283557,9728.9,1652.6,-6636.3,0
2026-04-09T11:28:51.281922+00:00,286.33,11.29,286.33,11.29,-85.7,439509756.88283557,9727.7,1650.4,-6635.5,0
2026-04-09T11:28:51.609984+00:00,286.33,11.32,286.33,11.32,-88.7,439509756.88283557,9726.5,1648.3,-6634.7,0
2026-04-09T11:28:51.953987+00:00,286.33,11.36,286.33,11.36,-91.7,439509756.88283557,9725.3,1646.0,-6633.8,0
2026-04-09T11:28:52.282363+00:00,286.33,11.39,286.33,11.39,-89.7,439509756.88283557,9724.1,1643.8,-6633.0,0
2026-04-09T11:28:52.606261+00:00,286.33,11.43,286.33,11.43,-83.7,439509756.88283557,9722.9,1641.6,-6632.2,0
2026-04-09T11:28:52.953710+00:00,286.33,11.46,286.33,11.46,-93.7,439509756.88283557,9721.8,1639.5,-6631.4,0
2026-04-09T11:28:53.278264+00:00,286.33,11.50,286.33,11.5,-89.7,439509756.88283557,9720.5,1637.2,-6630.5,0
2026-04-09T11:28:53.605965+00:00,286.33,11.53,286.33,11.53,-90.7,439509756.88283557,9719.3,1635.0,-6629.7,0
2026-04-09T11:28:53.929807+00:00,286.33,11.57,286.33,11.57,-85.7,439509756.88283557,9718.1,1632.9,-6628.9,0
2026-04-09T11:28:54.278290+00:00,286.33,11.60,286.33,11.6,-86.7,439509756.88283557,9716.8,1630.6,-6628.0,0
2026-04-09T11:28:54.601935+00:00,286.33,11.64,286.33,11.64,-89.7,439509756.88283557,9715.6,1628.4,-6627.2,0
2026-04-09T11:28:54.930117+00:00,286.34,11.68,286.34,11.68,-86.7,439509756.88283557,9714.3,1626.3,-6626.4,0
2026-04-09T11:28:55.279328+00:00,286.34,11.71,286.34,11.71,-87.7,439509756.88283557,9713.0,1623.9,-6625.5,0
2026-04-09T11:28:55.602307+00:00,286.34,11.75,286.34,11.75,-87.7,439509756.88283557,9711.8,1621.8,-6624.6,0
2026-04-09T11:28:55.931144+00:00,286.34,11.78,286.34,11.78,-89.7,439509756.88283557,9710.6,1619.6,-6623.8,0
2026-04-09T11:28:56.275529+00:00,286.34,11.82,286.34,11.82,-89.7,439509756.88283557,9709.2,1617.3,-6622.9,0
2026-04-09T11:28:56.601750+00:00,286.34,11.86,286.34,11.86,-89.7,439509756.88283557,9708.0,1615.2,-6622.0,0
2026-04-09T11:28:56.925747+00:00,286.34,11.89,286.34,11.89,-89.7,439509756.88283557,9706.7,1613.0,-6621.2,0
2026-04-09T11:28:57.298671+00:00,286.34,11.93,286.34,11.93,-89.7,439509705.9073458,9705.4,1610.7,-6620.2,0
2026-04-09T11:28:57.618405+00:00,286.34,11.97,286.34,11.97,-91.7,439509705.9073458,9704.0,1608.4,-6619.3,0
2026-04-09T11:28:57.945732+00:00,286.34,12.00,286.34,12.0,-91.7,439509705.9073458,9702.7,1606.3,-6618.4,0
2026-04-09T11:28:58.270233+00:00,286.34,12.04,286.34,12.04,-95.7,439509705.9073458,9701.4,1604.1,-6617.6,0
2026-04-09T11:28:58.617375+00:00,286.35,12.08,286.35,12.08,-90.7,439509705.9073458,9700.1,1601.8,-6616.6,0
2026-04-09T11:28:58.943855+00:00,286.35,12.11,286.35,12.11,-88.7,439509705.9073458,9698.8,1599.7,-6615.7,0
2026-04-09T11:28:59.268868+00:00,286.35,12.15,286.35,12.15,-89.7,439509705.9073458,9697.5,1597.5,-6614.8,0
2026-04-09T11:28:59.613204+00:00,286.35,12.19,286.35,12.19,-91.7,439509705.9073458,9696.1,1595.4,-6614.0,0
2026-04-09T11:28:59.937980+00:00,286.35,12.22,286.35,12.22,-89.7,439509705.9073458,9694.8,1593.1,-6613.0,0
2026-04-09T11:29:00.256832+00:00,286.35,12.26,286.35,12.26,-91.7,439509705.9073458,9693.4,1591.0,-6612.1,0
2026-04-09T11:29:00.580845+00:00,286.35,12.30,286.35,12.3,-88.7,439509705.9073458,9692.1,1588.8,-6611.2,0
2026-04-09T11:29:00.924847+00:00,286.35,12.33,286.35,12.33,-90.7,439509705.9073458,9690.7,1586.5,-6610.2,0
2026-04-09T11:29:01.248851+00:00,286.35,12.37,286.35,12.37,-86.7,439509705.9073458,9689.3,1584.4,-6609.3,0
2026-04-09T11:29:01.572863+00:00,286.35,12.41,286.35,12.41,-89.7,439509705.9073458,9688.0,1582.3,-6608.4,0
2026-04-09T11:29:01.916879+00:00,286.35,12.44,286.35,12.44,-91.7,439509705.9073458,9686.7,1580.1,-6607.5,0
2026-04-09T11:29:02.240849+00:00,286.35,12.48,286.35,12.48,-89.7,439509705.9073458,9685.2,1577.9,-6606.5,0
2026-04-09T11:29:02.568981+00:00,286.36,12.52,286.36,12.52,-90.7,439509705.9073458,9683.9,1575.7,-6605.6,0
2026-04-09T11:29:02.889257+00:00,286.36,12.56,286.36,12.56,-87.7,439509705.9073458,9682.5,1573.6,-6604.6,0
2026-04-09T11:29:03.232889+00:00,286.36,12.59,286.36,12.59,-86.7,439509705.9073458,9681.0,1571.3,-6603.6,0
2026-04-09T11:29:03.558384+00:00,286.36,12.63,286.36,12.63,-91.7,439509705.9073458,9679.6,1569.2,-6602.7,0
2026-04-09T11:29:03.876858+00:00,286.36,12.67,286.36,12.67,-86.7,439509705.9073458,9678.2,1567.0,-6601.7,0
2026-04-09T11:29:04.225911+00:00,286.36,12.71,286.36,12.71,-87.7,439509705.9073458,9676.8,1564.9,-6600.8,0
2026-04-09T11:29:04.551709+00:00,286.36,12.75,286.36,12.75,-91.7,439509705.9073458,9675.3,1562.6,-6599.7,0
2026-04-09T11:29:04.877932+00:00,286.36,12.78,286.36,12.78,-89.7,439509705.9073458,9673.9,1560.5,-6598.8,0
2026-04-09T11:29:05.201779+00:00,286.36,12.82,286.36,12.82,-91.7,439509705.9073458,9672.5,1558.3,-6597.8,0
2026-04-09T11:29:05.550237+00:00,286.36,12.86,286.36,12.86,-88.7,439509705.9073458,9670.9,1556.0,-6596.8,0
2026-04-09T11:29:05.879084+00:00,286.36,12.90,286.36,12.9,-87.7,439509705.9073458,9669.5,1553.9,-6595.8,0
2026-04-09T11:29:06.202284+00:00,286.37,12.93,286.37,12.93,-91.7,439509705.9073458,9668.1,1551.7,-6594.8,0
2026-04-09T11:29:06.549964+00:00,286.37,12.98,286.37,12.98,-88.7,439509705.9073458,9666.5,1549.4,-6593.7,0
2026-04-09T11:29:06.873729+00:00,286.37,13.01,286.37,13.01,-90.7,439509705.9073458,9665.0,1547.3,-6592.7,0
2026-04-09T11:29:07.201971+00:00,286.37,13.05,286.37,13.05,-94.7,439509705.9073458,9663.5,1545.1,-6591.7,0
2026-04-09T11:29:07.546372+00:00,286.37,13.09,286.37,13.09,-89.7,439509705.9073458,9662.0,1542.8,-6590.6,0
2026-04-09T11:29:07.874241+00:00,286.37,13.13,286.37,13.13,-97.7,439509705.9073458,9660.5,1540.7,-6589.6,0
2026-04-09T11:29:08.197948+00:00,286.37,13.17,286.37,13.17,-88.7,439509705.9073458,9659.0,1538.6,-6588.6,0
2026-04-09T11:29:08.546361+00:00,286.37,13.21,286.37,13.21,-88.7,439509705.9073458,9657.5,1536.4,-6587.6,0
2026-04-09T11:29:08.874022+00:00,286.37,13.25,286.37,13.25,-88.7,439509705.9073458,9655.9,1534.1,-6586.5,0
2026-04-09T11:29:09.217962+00:00,286.37,13.29,286.37,13.29,-92.7,439509654.89821213,9654.3,1531.9,-6585.4,0
2026-04-09T11:29:09.562577+00:00,286.37,13.33,286.37,13.33,-91.7,439509654.89821213,9652.7,1529.7,-6584.3,0
2026-04-09T11:29:09.889941+00:00,286.37,13.37,286.37,13.37,-91.7,439509654.89821213,9651.1,1527.4,-6583.2,0
2026-04-09T11:29:10.214123+00:00,286.38,13.41,286.38,13.41,-91.7,439509654.89821213,9649.5,1525.3,-6582.2,0
2026-04-09T11:29:10.542389+00:00,286.38,13.44,286.38,13.44,-91.7,439509654.89821213,9648.0,1523.1,-6581.1,0
2026-04-09T11:29:10.890533+00:00,286.38,13.49,286.38,13.49,-89.7,439509654.89821213,9646.3,1520.8,-6580.0,0
2026-04-09T11:29:11.213998+00:00,286.38,13.52,286.38,13.52,-91.7,439509654.89821213,9644.8,1518.7,-6578.9,0
2026-04-09T11:29:11.541931+00:00,286.38,13.56,286.38,13.56,-91.7,439509654.89821213,9643.2,1516.6,-6577.8,0
2026-04-09T11:29:11.889980+00:00,286.38,13.60,286.38,13.6,-91.7,439509654.89821213,9641.6,1514.4,-6576.7,0
2026-04-09T11:29:12.214352+00:00,286.38,13.64,286.38,13.64,-89.7,439509654.89821213,9639.9,1512.1,-6575.6,0
2026-04-09T11:29:12.541909+00:00,286.38,13.68,286.38,13.68,-89.7,439509654.89821213,9638.3,1510.0,-6574.5,0
2026-04-09T11:29:12.866767+00:00,286.38,13.72,286.38,13.72,-89.7,439509654.89821213,9636.7,1507.8,-6573.4,0
2026-04-09T11:29:13.214402+00:00,286.38,13.77,286.38,13.77,-85.7,439509654.89821213,9635.0,1505.6,-6572.2,0
2026-04-09T11:29:13.536839+00:00,286.38,13.80,286.38,13.8,-92.7,439509654.89821213,9633.3,1503.4,-6571.1,0
2026-04-09T11:29:13.860874+00:00,286.38,13.84,286.38,13.84,-89.7,439509654.89821213,9631.7,1501.3,-6570.0,0
2026-04-09T11:29:14.204858+00:00,286.39,13.88,286.39,13.88,-94.7,439509654.89821213,9630.1,1499.2,-6568.9,0
2026-04-09T11:29:14.528835+00:00,286.39,13.93,286.39,13.93,-91.7,439509654.89821213,9628.4,1496.9,-6567.7,0
2026-04-09T11:29:14.852954+00:00,286.39,13.97,286.39,13.97,-89.7,439509654.89821213,9626.7,1494.8,-6566.6,0
2026-04-09T11:29:15.176878+00:00,286.39,14.00,286.39,14.0,-88.7,439509654.89821213,9625.1,1492.7,-6565.5,0
2026-04-09T11:29:15.520830+00:00,286.39,14.05,286.39,14.05,-93.7,439509654.89821213,9623.3,1490.4,-6564.3,0
2026-04-09T11:29:15.845003+00:00,286.39,14.09,286.39,14.09,-88.7,439509654.89821213,9621.6,1488.3,-6563.1,0
2026-04-09T11:29:16.164849+00:00,286.39,14.13,286.39,14.13,-88.7,439509654.89821213,9620.0,1486.2,-6562.0,0
2026-04-09T11:29:16.508982+00:00,286.39,14.17,286.39,14.17,-94.7,439509654.89821213,9618.3,1484.0,-6560.8,0
2026-04-09T11:29:16.833229+00:00,286.39,14.21,286.39,14.21,-91.7,439509654.89821213,9616.5,1481.8,-6559.6,0
2026-04-09T11:29:17.156971+00:00,286.39,14.25,286.39,14.25,-92.7,439509654.89821213,9614.7,1479.6,-6558.4,0
2026-04-09T11:29:17.480838+00:00,286.39,14.29,286.39,14.29,-90.7,439509654.89821213,9613.0,1477.5,-6557.3,0
2026-04-09T11:29:17.825225+00:00,286.39,14.33,286.39,14.33,-91.7,439509654.89821213,9611.2,1475.3,-6556.0,0
2026-04-09T11:29:18.152645+00:00,286.40,14.37,286.4,14.37,-85.7,439509654.89821213,9609.5,1473.1,-6554.8,0
2026-04-09T11:29:18.474277+00:00,286.40,14.41,286.4,14.41,-91.7,439509654.89821213,9607.7,1471.0,-6553.6,0
2026-04-09T11:29:18.822321+00:00,286.40,14.45,286.4,14.45,-89.7,439509654.89821213,9606.0,1468.9,-6552.4,0
2026-04-09T11:29:19.165534+00:00,286.40,14.50,286.4,14.5,-88.7,439509604.73804957,9604.0,1466.5,-6551.1,0
2026-04-09T11:29:19.494358+00:00,286.40,14.54,286.4,14.54,-86.7,439509604.73804957,9602.2,1464.4,-6549.9,0
2026-04-09T11:29:19.838153+00:00,286.40,14.58,286.4,14.58,-85.7,439509604.73804957,9600.4,1462.2,-6548.6,0
2026-04-09T11:29:20.165765+00:00,286.40,14.63,286.4,14.63,-87.7,439509604.73804957,9598.5,1460.0,-6547.4,0
2026-04-09T11:29:20.489728+00:00,286.40,14.67,286.4,14.67,-88.7,439509604.73804957,9596.7,1457.8,-6546.1,0
2026-04-09T11:29:20.819511+00:00,286.40,14.71,286.4,14.71,-91.7,439509604.73804957,9594.9,1455.7,-6544.9,0
2026-04-09T11:29:21.163422+00:00,286.40,14.75,286.4,14.75,-89.7,439509604.73804957,9593.0,1453.4,-6543.6,0
2026-04-09T11:29:21.489741+00:00,286.40,14.80,286.4,14.8,-87.7,439509604.73804957,9591.1,1451.3,-6542.3,0
2026-04-09T11:29:21.813853+00:00,286.40,14.84,286.4,14.84,-90.7,439509604.73804957,9589.3,1449.2,-6541.1,0
2026-04-09T11:29:22.161963+00:00,286.41,14.88,286.41,14.88,-92.7,439509604.73804957,9587.4,1447.0,-6539.8,0
2026-04-09T11:29:22.486061+00:00,286.41,14.93,286.41,14.93,-88.7,439509604.73804957,9585.4,1444.8,-6538.4,0
2026-04-09T11:29:22.810872+00:00,286.41,14.97,286.41,14.97,-94.7,439509604.73804957,9583.6,1442.6,-6537.2,0
2026-04-09T11:29:23.138306+00:00,286.41,15.01,286.41,15.01,-88.7,439509604.73804957,9581.7,1440.5,-6535.9,0
2026-04-09T11:29:23.485954+00:00,286.41,15.05,286.41,15.05,-87.7,439509604.73804957,9579.7,1438.2,-6534.5,0
2026-04-09T11:29:23.810526+00:00,286.41,15.10,286.41,15.1,-89.7,439509604.73804957,9577.8,1436.1,-6533.2,0
2026-04-09T11:29:24.137709+00:00,286.41,15.14,286.41,15.14,-87.7,439509604.73804957,9575.8,1434.0,-6531.9,0
2026-04-09T11:29:24.482258+00:00,286.41,15.18,286.41,15.18,-93.7,439509604.73804957,9573.9,1431.8,-6530.6,0
2026-04-09T11:29:24.810204+00:00,286.41,15.23,286.41,15.23,-91.7,439509604.73804957,9571.9,1429.6,-6529.2,0
2026-04-09T11:29:25.137549+00:00,286.41,15.27,286.41,15.27,-90.7,439509604.73804957,9569.9,1427.5,-6527.8,0
2026-04-09T11:29:25.465634+00:00,286.41,15.31,286.41,15.31,-88.7,439509604.73804957,9568.0,1425.3,-6526.5,0
2026-04-09T11:29:25.814307+00:00,286.41,15.36,286.41,15.36,-86.7,439509604.73804957,9565.9,1423.1,-6525.1,0
2026-04-09T11:29:26.137796+00:00,286.42,15.40,286.42,15.4,-94.7,439509604.73804957,9563.9,1420.9,-6523.7,0
2026-04-09T11:29:26.466990+00:00,286.42,15.45,286.42,15.45,-89.7,439509604.73804957,9561.9,1418.8,-6522.4,0
2026-04-09T11:29:26.810856+00:00,286.42,15.49,286.42,15.49,-89.7,439509604.73804957,9559.8,1416.5,-6520.9,0
2026-04-09T11:29:27.139027+00:00,286.42,15.53,286.42,15.53,-92.7,439509604.73804957,9557.8,1414.4,-6519.6,0
2026-04-09T11:29:27.461747+00:00,286.42,15.58,286.42,15.58,-89.7,439509604.73804957,9555.8,1412.3,-6518.2,0
2026-04-09T11:29:27.830148+00:00,286.42,15.62,286.42,15.62,-89.7,439509554.4891244,9553.6,1410.0,-6516.7,0
2026-04-09T11:29:28.153918+00:00,286.42,15.67,286.42,15.67,-86.7,439509554.4891244,9551.4,1407.8,-6515.2,0
2026-04-09T11:29:28.482856+00:00,286.42,15.72,286.42,15.72,-88.7,439509554.4891244,9549.4,1405.7,-6513.9,0
2026-04-09T11:29:28.806546+00:00,286.42,15.76,286.42,15.76,-94.7,439509554.4891244,9547.4,1403.5,-6512.5,0
2026-04-09T11:29:29.153714+00:00,286.42,15.81,286.42,15.81,-88.7,439509554.4891244,9545.1,1401.3,-6511.0,0
2026-04-09T11:29:29.479312+00:00,286.42,15.85,286.42,15.85,-89.7,439509554.4891244,9543.1,1399.2,-6509.5,0
2026-04-09T11:29:29.803410+00:00,286.42,15.89,286.42,15.89,-89.7,439509554.4891244,9541.0,1397.0,-6508.1,0
2026-04-09T11:29:30.149809+00:00,286.42,15.94,286.42,15.94,-91.7,439509554.4891244,9538.9,1394.9,-6506.7,0
2026-04-09T11:29:30.477858+00:00,286.43,15.99,286.43,15.99,-90.7,439509554.4891244,9536.6,1392.7,-6505.2,0
2026-04-09T11:29:30.802101+00:00,286.43,16.03,286.43,16.03,-89.7,439509554.4891244,9534.5,1390.5,-6503.7,0
2026-04-09T11:29:31.129726+00:00,286.43,16.07,286.43,16.07,-87.7,439509554.4891244,9532.4,1388.4,-6502.2,0
2026-04-09T11:29:31.473745+00:00,286.43,16.12,286.43,16.12,-91.7,439509554.4891244,9530.1,1386.2,-6500.7,0
2026-04-09T11:29:31.802653+00:00,286.43,16.17,286.43,16.17,-91.7,439509554.4891244,9528.0,1384.1,-6499.2,0
2026-04-09T11:29:32.126233+00:00,286.43,16.21,286.43,16.21,-89.7,439509554.4891244,9525.8,1381.9,-6497.7,0
2026-04-09T11:29:32.478790+00:00,286.43,16.26,286.43,16.26,-90.7,439509554.4891244,9523.6,1379.8,-6496.3,0
2026-04-09T11:29:32.801988+00:00,286.43,16.31,286.43,16.31,-89.7,439509554.4891244,9521.3,1377.6,-6494.7,0
2026-04-09T11:29:33.125743+00:00,286.43,16.35,286.43,16.35,-87.7,439509554.4891244,9519.1,1375.4,-6493.2,0
2026-04-09T11:29:33.474040+00:00,286.43,16.40,286.43,16.4,-88.7,439509554.4891244,9516.9,1373.3,-6491.6,0
2026-04-09T11:29:33.798486+00:00,286.43,16.45,286.43,16.45,-86.7,439509554.4891244,9514.5,1371.1,-6490.0,0
2026-04-09T11:29:34.125725+00:00,286.43,16.49,286.43,16.49,-91.7,439509554.4891244,9512.3,1369.0,-6488.5,0
2026-04-09T11:29:34.449506+00:00,286.43,16.54,286.43,16.54,-92.7,439509554.4891244,9510.0,1366.8,-6487.0,0
2026-04-09T11:29:34.798415+00:00,286.44,16.59,286.44,16.59,-89.7,439509554.4891244,9507.6,1364.6,-6485.3,0
2026-04-09T11:29:35.122213+00:00,286.44,16.63,286.44,16.63,-88.7,439509554.4891244,9505.3,1362.5,-6483.8,0
2026-04-09T11:29:35.449535+00:00,286.44,16.68,286.44,16.68,-88.7,439509554.4891244,9503.1,1360.4,-6482.2,0
2026-04-09T11:29:35.818934+00:00,286.44,16.73,286.44,16.73,-88.7,439509501.6009442,9500.5,1358.0,-6480.5,0
2026-04-09T11:29:36.141980+00:00,286.44,16.78,286.44,16.78,-92.7,439509501.6009442,9498.1,1355.9,-6478.9,0
2026-04-09T11:29:36.471194+00:00,286.44,16.82,286.44,16.82,-89.7,439509501.6009442,9495.8,1353.8,-6477.3,0
2026-04-09T11:29:36.813841+00:00,286.44,16.87,286.44,16.87,-89.7,439509501.6009442,9493.4,1351.5,-6475.6,0
2026-04-09T11:29:37.141943+00:00,286.44,16.92,286.44,16.92,-87.7,439509501.6009442,9491.0,1349.4,-6474.0,0
2026-04-09T11:29:37.465359+00:00,286.44,16.97,286.44,16.97,-90.7,439509501.6009442,9488.6,1347.3,-6472.4,0
2026-04-09T11:29:37.859886+00:00,286.44,17.01,286.44,17.01,-92.7,439509501.6009442,9486.3,1345.2,-6470.8,0
2026-04-09T11:29:38.189947+00:00,286.44,17.07,286.44,17.07,-92.7,439509501.6009442,9483.4,1342.6,-6468.8,0
2026-04-09T11:29:38.514281+00:00,286.44,17.12,286.44,17.12,-85.7,439509501.6009442,9481.0,1340.5,-6467.2,0
2026-04-09T11:29:38.866211+00:00,286.44,17.16,286.44,17.16,-89.7,439509501.6009442,9478.6,1338.4,-6465.5,0
2026-04-09T11:29:39.185958+00:00,286.45,17.21,286.45,17.21,-89.7,439509501.6009442,9476.0,1336.2,-6463.8,0
2026-04-09T11:29:39.514144+00:00,286.45,17.26,286.45,17.26,-87.7,439509501.6009442,9473.6,1334.1,-6462.1,0
2026-04-09T11:29:39.858431+00:00,286.45,17.31,286.45,17.31,-91.7,439509501.6009442,9471.1,1332.0,-6460.4,0
2026-04-09T11:29:40.186012+00:00,286.45,17.36,286.45,17.36,-89.7,439509501.6009442,9468.5,1329.7,-6458.7,0
2026-04-09T11:29:40.508842+00:00,286.45,17.41,286.45,17.41,-87.7,439509501.6009442,9466.0,1327.6,-6457.0,0
2026-04-09T11:29:40.832940+00:00,286.45,17.46,286.45,17.46,-94.7,439509501.6009442,9463.6,1325.5,-6455.3,0
2026-04-09T11:29:41.176839+00:00,286.45,17.51,286.45,17.51,-83.7,439509501.6009442,9460.9,1323.3,-6453.5,0
2026-04-09T11:29:41.500839+00:00,286.45,17.56,286.45,17.56,-90.7,439509501.6009442,9458.4,1321.2,-6451.8,0
2026-04-09T11:29:41.826279+00:00,286.45,17.60,286.45,17.6,-90.7,439509501.6009442,9455.9,1319.1,-6450.1,0
2026-04-09T11:29:42.170027+00:00,286.45,17.65,286.45,17.65,-91.7,439509501.6009442,9453.4,1317.1,-6448.4,0
2026-04-09T11:29:42.488864+00:00,286.45,17.70,286.45,17.7,-89.7,439509501.6009442,9450.7,1314.8,-6446.5,0
2026-04-09T11:29:42.832951+00:00,286.45,17.75,286.45,17.75,-94.7,439509449.11291146,9448.0,1312.6,-6444.7,0
2026-04-09T11:29:43.176851+00:00,286.45,17.80,286.45,17.8,-88.7,439509449.11291146,9445.4,1310.5,-6442.9,0
2026-04-09T11:29:43.500854+00:00,286.46,17.86,286.46,17.86,-89.7,439509449.11291146,9442.7,1308.3,-6441.1,0
2026-04-09T11:29:43.825494+00:00,286.46,17.90,286.46,17.9,-91.7,439509449.11291146,9440.1,1306.2,-6439.3,0
2026-04-09T11:29:44.152662+00:00,286.46,17.95,286.46,17.95,-95.7,439509449.11291146,9437.5,1304.1,-6437.5,0
2026-04-09T11:29:44.493379+00:00,286.46,18.01,286.46,18.01,-89.7,439509449.11291146,9434.7,1301.9,-6435.6,0
2026-04-09T11:29:44.816952+00:00,286.46,18.05,286.46,18.05,-89.7,439509449.11291146,9432.1,1299.8,-6433.8,0
2026-04-09T11:29:45.140877+00:00,286.46,18.10,286.46,18.1,-88.7,439509449.11291146,9429.4,1297.8,-6432.0,0
2026-04-09T11:29:45.486895+00:00,286.46,18.15,286.46,18.15,-89.7,439509449.11291146,9426.8,1295.7,-6430.2,0
2026-04-09T11:29:45.815213+00:00,286.46,18.21,286.46,18.21,-87.7,439509449.11291146,9423.9,1293.5,-6428.2,0
2026-04-09T11:29:46.137945+00:00,286.46,18.26,286.46,18.26,-87.7,439509449.11291146,9421.2,1291.4,-6426.4,0
2026-04-09T11:29:46.485755+00:00,286.46,18.31,286.46,18.31,-90.7,439509449.11291146,9418.4,1289.3,-6424.5,0
2026-04-09T11:29:46.810132+00:00,286.46,18.36,286.46,18.36,-96.7,439509449.11291146,9415.5,1287.0,-6422.5,0
2026-04-09T11:29:47.137978+00:00,286.46,18.41,286.46,18.41,-93.7,439509449.11291146,9412.8,1285.0,-6420.7,0
2026-04-09T11:29:47.461945+00:00,286.46,18.46,286.46,18.46,-86.7,439509449.11291146,9410.1,1282.9,-6418.8,0
2026-04-09T11:29:47.810146+00:00,286.46,18.52,286.46,18.52,-89.7,439509449.11291146,9407.1,1280.6,-6416.8,0
2026-04-09T11:29:48.133912+00:00,286.47,18.57,286.47,18.57,-94.7,439509449.11291146,9404.3,1278.5,-6414.9,0
2026-04-09T11:29:48.461736+00:00,286.47,18.62,286.47,18.62,-89.7,439509449.11291146,9401.5,1276.5,-6412.9,0
2026-04-09T11:29:48.810135+00:00,286.47,18.67,286.47,18.67,-87.7,439509449.11291146,9398.6,1274.4,-6411.0,0
2026-04-09T11:29:49.133910+00:00,286.47,18.72,286.47,18.72,-91.7,439509449.11291146,9395.6,1272.1,-6408.9,0
2026-04-09T11:29:49.485040+00:00,286.47,18.78,286.47,18.78,-90.7,439509393.80308765,9392.6,1269.9,-6406.9,0
2026-04-09T11:29:49.826615+00:00,286.47,18.83,286.47,18.83,-90.7,439509393.80308765,9389.7,1267.8,-6404.9,0
2026-04-09T11:29:50.154294+00:00,286.47,18.89,286.47,18.89,-89.7,439509393.80308765,9386.6,1265.6,-6402.8,0
2026-04-09T11:29:50.477710+00:00,286.47,18.94,286.47,18.94,-88.7,439509393.80308765,9383.7,1263.5,-6400.8,0
2026-04-09T11:29:50.802506+00:00,286.47,18.99,286.47,18.99,-87.7,439509393.80308765,9380.8,1261.4,-6398.8,0
2026-04-09T11:29:51.149758+00:00,286.47,19.04,286.47,19.04,-89.7,439509393.80308765,9377.7,1259.2,-6396.7,0
2026-04-09T11:29:51.478031+00:00,286.47,19.10,286.47,19.1,-89.7,439509393.80308765,9374.7,1257.1,-6394.7,0
2026-04-09T11:29:51.805335+00:00,286.47,19.15,286.47,19.15,-89.7,439509393.80308765,9371.7,1255.1,-6392.7,0
2026-04-09T11:29:52.150980+00:00,286.47,19.21,286.47,19.21,-87.7,439509393.80308765,9368.6,1252.8,-6390.5,0
2026-04-09T11:29:52.473759+00:00,286.47,19.26,286.47,19.26,-89.7,439509393.80308765,9365.6,1250.8,-6388.5,0
2026-04-09T11:29:52.803555+00:00,286.48,19.31,286.48,19.31,-89.7,439509393.80308765,9362.5,1248.7,-6386.4,0
2026-04-09T11:29:53.146329+00:00,286.48,19.36,286.48,19.36,-90.7,439509393.80308765,9359.5,1246.6,-6384.3,0
2026-04-09T11:29:53.475343+00:00,286.48,19.42,286.48,19.42,-87.7,439509393.80308765,9356.3,1244.4,-6382.1,0
2026-04-09T11:29:53.798349+00:00,286.48,19.47,286.48,19.47,-87.7,439509393.80308765,9353.2,1242.3,-6380.0,0
2026-04-09T11:29:54.126822+00:00,286.48,19.53,286.48,19.53,-89.7,439509393.80308765,9350.1,1240.2,-6377.9,0
2026-04-09T11:29:54.470340+00:00,286.48,19.58,286.48,19.58,-86.7,439509393.80308765,9346.8,1238.0,-6375.7,0
2026-04-09T11:29:54.799694+00:00,286.48,19.64,286.48,19.64,-89.7,439509393.80308765,9343.7,1236.0,-6373.5,0
2026-04-09T11:29:55.121713+00:00,286.48,19.69,286.48,19.69,-87.7,439509393.80308765,9340.5,1233.8,-6371.4,0
2026-04-09T11:29:55.489961+00:00,286.48,19.75,286.48,19.75,-87.7,439509338.5526776,9337.2,1231.7,-6369.1,0
2026-04-09T11:29:55.814554+00:00,286.48,19.81,286.48,19.81,-88.7,439509338.5526776,9333.8,1229.5,-6366.8,0
2026-04-09T11:29:56.142986+00:00,286.48,19.86,286.48,19.86,-86.7,439509338.5526776,9330.6,1227.4,-6364.6,0
2026-04-09T11:29:56.465561+00:00,286.48,19.92,286.48,19.92,-91.7,439509338.5526776,9327.4,1225.3,-6362.4,0
2026-04-09T11:29:56.815510+00:00,286.48,19.98,286.48,19.98,-90.7,439509338.5526776,9324.0,1223.1,-6360.1,0
2026-04-09T11:29:57.138289+00:00,286.48,20.03,286.48,20.03,-88.7,439509338.5526776,9320.8,1221.1,-6357.9,0
2026-04-09T11:29:57.461537+00:00,286.48,20.09,286.48,20.09,-88.7,439509338.5526776,9317.5,1219.0,-6355.7,0
2026-04-09T11:29:57.810450+00:00,286.49,20.14,286.49,20.14,-91.7,439509338.5526776,9314.2,1216.9,-6353.4,0
2026-04-09T11:29:58.134334+00:00,286.49,20.20,286.49,20.2,-89.7,439509338.5526776,9310.7,1214.7,-6351.0,0
2026-04-09T11:29:58.460897+00:00,286.49,20.25,286.49,20.25,-90.7,439509338.5526776,9307.4,1212.6,-6348.8,0
2026-04-09T11:29:58.785004+00:00,286.49,20.31,286.49,20.31,-91.7,439509338.5526776,9304.1,1210.6,-6346.5,0
2026-04-09T11:29:59.128891+00:00,286.49,20.37,286.49,20.37,-92.7,439509338.5526776,9300.5,1208.4,-6344.1,0
2026-04-09T11:29:59.452859+00:00,286.49,20.42,286.49,20.42,-85.7,439509338.5526776,9297.2,1206.4,-6341.8,0
2026-04-09T11:29:59.776824+00:00,286.49,20.48,286.49,20.48,-86.7,439509338.5526776,9293.8,1204.3,-6339.5,0
2026-04-09T11:30:00.121035+00:00,286.49,20.54,286.49,20.54,-93.7,439509338.5526776,9290.4,1202.2,-6337.2,0
2026-04-09T11:30:00.445531+00:00,286.49,20.60,286.49,20.6,-91.7,439509338.5526776,9286.8,1200.1,-6334.7,0
2026-04-09T11:30:00.784942+00:00,286.49,20.66,286.49,20.66,-87.7,439509284.6007781,9283.1,1197.9,-6332.2,0
2026-04-09T11:30:01.128832+00:00,286.49,20.71,286.49,20.71,-97.7,439509284.6007781,9279.7,1195.8,-6329.9,0
2026-04-09T11:30:01.452893+00:00,286.49,20.77,286.49,20.77,-85.7,439509284.6007781,9276.0,1193.6,-6327.4,0
2026-04-09T11:30:01.777100+00:00,286.49,20.83,286.49,20.83,-89.7,439509284.6007781,9272.5,1191.6,-6325.0,0
2026-04-09T11:30:02.100836+00:00,286.49,20.89,286.49,20.89,-86.7,439509284.6007781,9269.0,1189.6,-6322.6,0
2026-04-09T11:30:02.444841+00:00,286.49,20.95,286.49,20.95,-86.7,439509284.6007781,9265.3,1187.4,-6320.1,0
2026-04-09T11:30:02.768826+00:00,286.49,21.00,286.49,21.0,-87.7,439509284.6007781,9261.8,1185.4,-6317.7,0
2026-04-09T11:30:03.088883+00:00,286.50,21.06,286.5,21.06,-89.7,439509284.6007781,9258.2,1183.3,-6315.2,0
2026-04-09T11:30:03.432851+00:00,286.50,21.12,286.5,21.12,-91.7,439509284.6007781,9254.6,1181.3,-6312.8,0
2026-04-09T11:30:03.762290+00:00,286.50,21.18,286.5,21.18,-93.7,439509284.6007781,9250.8,1179.1,-6310.2,0
2026-04-09T11:30:04.085734+00:00,286.50,21.24,286.5,21.24,-90.7,439509284.6007781,9247.1,1177.0,-6307.7,0
2026-04-09T11:30:04.413958+00:00,286.50,21.30,286.5,21.3,-88.7,439509284.6007781,9243.5,1175.0,-6305.2,0
2026-04-09T11:30:04.758290+00:00,286.50,21.36,286.5,21.36,-88.7,439509284.6007781,9239.6,1172.8,-6302.5,0
2026-04-09T11:30:05.089620+00:00,286.50,21.42,286.5,21.42,-90.7,439509284.6007781,9235.8,1170.7,-6300.0,0
2026-04-09T11:30:05.429741+00:00,286.50,21.48,286.5,21.48,-87.7,439509233.41841424,9231.8,1168.5,-6297.2,0
2026-04-09T11:30:05.778362+00:00,286.50,21.54,286.5,21.54,-87.7,439509233.41841424,9227.9,1166.4,-6294.5,0
2026-04-09T11:30:06.102042+00:00,286.50,21.60,286.5,21.6,-92.7,439509233.41841424,9224.1,1164.3,-6291.9,0
2026-04-09T11:30:06.429544+00:00,286.50,21.66,286.5,21.66,-90.7,439509233.41841424,9220.3,1162.3,-6289.4,0
2026-04-09T11:30:06.778295+00:00,286.50,21.72,286.5,21.72,-91.7,439509233.41841424,9216.5,1160.2,-6286.8,0
2026-04-09T11:30:07.101882+00:00,286.50,21.79,286.5,21.79,-89.7,439509233.41841424,9212.4,1158.0,-6284.0,0
2026-04-09T11:30:07.429553+00:00,286.50,21.85,286.5,21.85,-91.7,439509233.41841424,9208.5,1156.0,-6281.3,0
2026-04-09T11:30:07.754237+00:00,286.50,21.91,286.5,21.91,-88.7,439509233.41841424,9204.7,1154.0,-6278.7,0
2026-04-09T11:30:08.101752+00:00,286.50,21.97,286.5,21.97,-91.7,439509233.41841424,9200.5,1151.8,-6275.8,0
2026-04-09T11:30:08.425982+00:00,286.50,22.03,286.5,22.03,-86.7,439509233.41841424,9196.5,1149.7,-6273.2,0
2026-04-09T11:30:08.756487+00:00,286.51,22.09,286.51,22.09,-84.7,439509233.41841424,9192.6,1147.7,-6270.5,0
2026-04-09T11:30:09.098063+00:00,286.51,22.16,286.51,22.16,-89.7,439509233.41841424,9188.4,1145.5,-6267.6,0
2026-04-09T11:30:09.427421+00:00,286.51,22.22,286.51,22.22,-91.7,439509233.41841424,9184.4,1143.5,-6264.9,0
2026-04-09T11:30:09.750234+00:00,286.51,22.28,286.51,22.28,-89.7,439509233.41841424,9180.3,1141.4,-6262.1,0
2026-04-09T11:30:10.122653+00:00,286.51,22.35,286.51,22.35,-93.7,439509177.8093747,9176.1,1139.3,-6259.2,0
2026-04-09T11:30:10.445560+00:00,286.51,22.41,286.51,22.41,-91.7,439509177.8093747,9171.7,1137.1,-6256.2,0
2026-04-09T11:30:10.770367+00:00,286.51,22.47,286.51,22.47,-91.7,439509177.8093747,9167.6,1135.0,-6253.4,0
2026-04-09T11:30:11.097723+00:00,286.51,22.54,286.51,22.54,-90.7,439509177.8093747,9163.5,1133.0,-6250.6,0
2026-04-09T11:30:11.446577+00:00,286.51,22.60,286.51,22.6,-90.7,439509177.8093747,9159.1,1130.8,-6247.6,0
2026-04-09T11:30:11.770261+00:00,286.51,22.67,286.51,22.67,-93.7,439509177.8093747,9155.0,1128.8,-6244.8,0
2026-04-09T11:30:12.098013+00:00,286.51,22.73,286.51,22.73,-90.7,439509177.8093747,9150.7,1126.8,-6241.9,0
2026-04-09T11:30:12.441539+00:00,286.51,22.80,286.51,22.8,-91.7,439509177.8093747,9146.2,1124.6,-6238.8,0
2026-04-09T11:30:12.770379+00:00,286.51,22.86,286.51,22.86,-87.7,439509177.8093747,9142.0,1122.6,-6236.0,0
2026-04-09T11:30:13.093937+00:00,286.51,22.92,286.51,22.92,-91.7,439509177.8093747,9137.7,1120.5,-6233.0,0
2026-04-09T11:30:13.440969+00:00,286.51,22.99,286.51,22.99,-91.7,439509177.8093747,9133.5,1118.5,-6230.1,0
2026-04-09T11:30:13.764856+00:00,286.51,23.05,286.51,23.05,-91.7,439509177.8093747,9128.9,1116.4,-6227.0,0
2026-04-09T11:30:14.108885+00:00,286.51,23.12,286.51,23.12,-89.7,439509126.178903,9124.3,1114.2,-6223.9,0
2026-04-09T11:30:14.452847+00:00,286.52,23.18,286.52,23.18,-90.7,439509126.178903,9120.0,1112.2,-6221.0,0
2026-04-09T11:30:14.776855+00:00,286.52,23.25,286.52,23.25,-89.7,439509126.178903,9115.4,1110.1,-6217.8,0
2026-04-09T11:30:15.100835+00:00,286.52,23.32,286.52,23.32,-86.7,439509126.178903,9111.0,1108.1,-6214.8,0
2026-04-09T11:30:15.424911+00:00,286.52,23.38,286.52,23.38,-91.7,439509126.178903,9106.6,1106.0,-6211.8,0
2026-04-09T11:30:15.768836+00:00,286.52,23.45,286.52,23.45,-88.7,439509126.178903,9101.8,1103.9,-6208.6,0
2026-04-09T11:30:16.088997+00:00,286.52,23.51,286.52,23.51,-88.7,439509126.178903,9097.4,1101.9,-6205.5,0
2026-04-09T11:30:16.412836+00:00,286.52,23.58,286.52,23.58,-89.7,439509126.178903,9092.9,1099.9,-6202.5,0
2026-04-09T11:30:16.756839+00:00,286.52,23.65,286.52,23.65,-92.7,439509126.178903,9088.4,1097.9,-6199.4,0
2026-04-09T11:30:17.081512+00:00,286.52,23.71,286.52,23.71,-92.7,439509126.178903,9083.5,1095.7,-6196.1,0
2026-04-09T11:30:17.404860+00:00,286.52,23.78,286.52,23.78,-93.7,439509126.178903,9079.0,1093.7,-6193.0,0
2026-04-09T11:30:17.728959+00:00,286.52,23.85,286.52,23.85,-92.7,439509126.178903,9074.4,1091.8,-6189.9,0
2026-04-09T11:30:18.092839+00:00,286.52,23.92,286.52,23.92,-91.7,439509071.50401795,9069.2,1089.5,-6186.3,0
2026-04-09T11:30:18.416304+00:00,286.52,23.99,286.52,23.99,-90.7,439509071.50401795,9064.6,1087.5,-6183.2,0
2026-04-09T11:30:18.742043+00:00,286.52,24.05,286.52,24.05,-91.7,439509071.50401795,9059.9,1085.5,-6180.0,0
2026-04-09T11:30:19.090509+00:00,286.52,24.12,286.52,24.12,-91.7,439509071.50401795,9054.8,1083.3,-6176.5,0
2026-04-09T11:30:19.417956+00:00,286.52,24.19,286.52,24.19,-94.7,439509071.50401795,9050.1,1081.3,-6173.2,0
2026-04-09T11:30:19.742332+00:00,286.52,24.26,286.52,24.26,-89.7,439509071.50401795,9045.2,1079.3,-6170.0,0
2026-04-09T11:30:20.089922+00:00,286.52,24.33,286.52,24.33,-89.7,439509071.50401795,9040.1,1077.2,-6166.5,0
2026-04-09T11:30:20.413720+00:00,286.52,24.40,286.52,24.4,-90.7,439509071.50401795,9035.3,1075.2,-6163.2,0
2026-04-09T11:30:20.744546+00:00,286.52,24.47,286.52,24.47,-92.7,439509071.50401795,9030.4,1073.2,-6159.8,0
2026-04-09T11:30:21.086137+00:00,286.53,24.54,286.53,24.54,-89.7,439509071.50401795,9025.2,1071.0,-6156.3,0
2026-04-09T11:30:21.413537+00:00,286.53,24.61,286.53,24.61,-89.7,439509071.50401795,9020.3,1069.0,-6152.9,0
2026-04-09T11:30:21.738278+00:00,286.53,24.68,286.53,24.68,-88.7,439509071.50401795,9015.3,1067.0,-6149.5,0
2026-04-09T11:30:22.105926+00:00,286.53,24.75,286.53,24.75,-91.7,439509012.14762276,9010.0,1064.9,-6145.9,0
2026-04-09T11:30:22.434586+00:00,286.53,24.83,286.53,24.83,-88.7,439509012.14762276,9004.6,1062.8,-6142.3,0
2026-04-09T11:30:22.758285+00:00,286.53,24.89,286.53,24.89,-87.7,439509012.14762276,8999.6,1060.8,-6138.8,0
2026-04-09T11:30:23.087407+00:00,286.53,24.97,286.53,24.97,-95.7,439509012.14762276,8994.5,1058.8,-6135.3,0
2026-04-09T11:30:23.429727+00:00,286.53,25.04,286.53,25.04,-91.7,439509012.14762276,8989.1,1056.6,-6131.6,0
2026-04-09T11:30:23.758286+00:00,286.53,25.11,286.53,25.11,-92.7,439509012.14762276,8983.9,1054.6,-6128.1,0
2026-04-09T11:30:24.087038+00:00,286.53,25.18,286.53,25.18,-87.7,439509012.14762276,8978.7,1052.6,-6124.5,0
2026-04-09T11:30:24.433849+00:00,286.53,25.25,286.53,25.25,-92.7,439509012.14762276,8973.4,1050.6,-6121.0,0
2026-04-09T11:30:24.758244+00:00,286.53,25.33,286.53,25.33,-90.7,439509012.14762276,8967.8,1048.5,-6117.2,0
2026-04-09T11:30:25.085776+00:00,286.53,25.40,286.53,25.4,-89.7,439509012.14762276,8962.6,1046.5,-6113.6,0
2026-04-09T11:30:25.455061+00:00,286.53,25.47,286.53,25.47,-91.7,439508959.21005046,8957.0,1044.4,-6109.7,0
2026-04-09T11:30:25.780523+00:00,286.53,25.55,286.53,25.55,-89.7,439508959.21005046,8951.2,1042.3,-6105.8,0
2026-04-09T11:30:26.105765+00:00,286.53,25.62,286.53,25.62,-89.7,439508959.21005046,8945.9,1040.3,-6102.2,0
2026-04-09T11:30:26.449723+00:00,286.53,25.70,286.53,25.7,-90.7,439508959.21005046,8940.4,1038.3,-6098.5,0
2026-04-09T11:30:26.778444+00:00,286.53,25.77,286.53,25.77,-86.7,439508959.21005046,8934.7,1036.2,-6094.5,0
2026-04-09T11:30:27.101743+00:00,286.53,25.85,286.53,25.85,-89.7,439508959.21005046,8929.2,1034.2,-6090.8,0
2026-04-09T11:30:27.429802+00:00,286.53,25.92,286.53,25.92,-87.7,439508959.21005046,8923.7,1032.2,-6087.1,0
2026-04-09T11:30:27.774235+00:00,286.53,26.00,286.53,26.0,-86.7,439508959.21005046,8917.8,1030.1,-6083.1,0
2026-04-09T11:30:28.101757+00:00,286.53,26.07,286.53,26.07,-89.7,439508959.21005046,8912.2,1028.1,-6079.2,0
2026-04-09T11:30:28.425061+00:00,286.53,26.14,286.53,26.14,-93.7,439508959.21005046,8906.6,1026.1,-6075.4,0
2026-04-09T11:30:28.788922+00:00,286.54,26.22,286.54,26.22,-90.7,439508903.09563696,8900.6,1024.0,-6071.3,0
2026-04-09T11:30:29.113064+00:00,286.54,26.30,286.54,26.3,-85.7,439508903.09563696,8894.6,1021.9,-6067.2,0
2026-04-09T11:30:29.436847+00:00,286.54,26.37,286.54,26.37,-88.7,439508903.09563696,8889.0,1020.0,-6063.3,0
2026-04-09T11:30:29.760826+00:00,286.54,26.45,286.54,26.45,-86.7,439508903.09563696,8883.2,1018.0,-6059.5,0
2026-04-09T11:30:30.103852+00:00,286.54,26.53,286.54,26.53,-91.7,439508903.09563696,8877.1,1015.9,-6055.3,0
2026-04-09T11:30:30.428903+00:00,286.54,26.60,286.54,26.6,-90.7,439508903.09563696,8871.4,1014.0,-6051.3,0
2026-04-09T11:30:30.752842+00:00,286.54,26.68,286.54,26.68,-92.7,439508903.09563696,8865.5,1012.0,-6047.4,0
2026-04-09T11:30:31.096859+00:00,286.54,26.75,286.54,26.75,-92.7,439508903.09563696,8859.8,1010.1,-6043.4,0
2026-04-09T11:30:31.420844+00:00,286.54,26.83,286.54,26.83,-94.7,439508903.09563696,8853.5,1008.0,-6039.2,0
2026-04-09T11:30:31.740835+00:00,286.54,26.91,286.54,26.91,-89.7,439508903.09563696,8847.6,1006.0,-6035.1,0
2026-04-09T11:30:32.104861+00:00,286.54,26.99,286.54,26.99,-92.7,439508843.86737484,8841.2,1004.0,-6030.8,0
2026-04-09T11:30:32.432915+00:00,286.54,27.07,286.54,27.07,-88.7,439508843.86737484,8834.9,1001.9,-6026.5,0
2026-04-09T11:30:32.752836+00:00,286.54,27.15,286.54,27.15,-91.7,439508843.86737484,8828.8,999.9,-6022.3,0
2026-04-09T11:30:33.076871+00:00,286.54,27.22,286.54,27.22,-94.7,439508843.86737484,8822.8,998.0,-6018.2,0
2026-04-09T11:30:33.422307+00:00,286.54,27.31,286.54,27.31,-93.7,439508843.86737484,8816.3,995.9,-6013.8,0
2026-04-09T11:30:33.747709+00:00,286.54,27.38,286.54,27.38,-86.7,439508843.86737484,8810.1,994.0,-6009.6,0
2026-04-09T11:30:34.077746+00:00,286.54,27.46,286.54,27.46,-87.7,439508843.86737484,8803.9,992.0,-6005.3,0
2026-04-09T11:30:34.425737+00:00,286.54,27.55,286.54,27.55,-90.7,439508843.86737484,8797.1,989.9,-6000.7,0
2026-04-09T11:30:34.769979+00:00,286.54,27.63,286.54,27.63,-86.7,439508793.16175187,8790.5,987.9,-5996.2,0
2026-04-09T11:30:35.097742+00:00,286.54,27.71,286.54,27.71,-89.7,439508793.16175187,8784.1,985.9,-5991.8,0
2026-04-09T11:30:35.445537+00:00,286.54,27.79,286.54,27.79,-87.7,439508793.16175187,8777.3,983.8,-5987.2,0
2026-04-09T11:30:35.770264+00:00,286.54,27.87,286.54,27.87,-90.7,439508793.16175187,8770.8,981.8,-5982.8,0
2026-04-09T11:30:36.101217+00:00,286.54,27.95,286.54,27.95,-89.7,439508793.16175187,8764.4,979.9,-5978.4,0
2026-04-09T11:30:36.441551+00:00,286.54,28.04,286.54,28.04,-90.7,439508793.16175187,8757.5,977.8,-5973.7,0
2026-04-09T11:30:36.770252+00:00,286.54,28.12,286.54,28.12,-89.7,439508793.16175187,8751.0,975.9,-5969.2,0
2026-04-09T11:30:37.097984+00:00,286.54,28.20,286.54,28.2,-89.7,439508793.16175187,8744.3,973.9,-5964.7,0
2026-04-09T11:30:37.467016+00:00,286.54,28.28,286.54,28.28,-94.7,439508740.10320485,8737.3,971.9,-5959.9,0
2026-04-09T11:30:37.790793+00:00,286.54,28.37,286.54,28.37,-91.7,439508740.10320485,8730.2,969.8,-5955.1,0
2026-04-09T11:30:38.117947+00:00,286.54,28.45,286.54,28.45,-93.7,439508740.10320485,8723.4,967.9,-5950.4,0
2026-04-09T11:30:38.442264+00:00,286.55,28.53,286.55,28.53,-89.7,439508740.10320485,8716.7,965.9,-5945.9,0
2026-04-09T11:30:38.790281+00:00,286.55,28.62,286.55,28.62,-87.7,439508740.10320485,8709.4,963.9,-5940.9,0
2026-04-09T11:30:39.114361+00:00,286.55,28.71,286.55,28.71,-91.7,439508740.10320485,8702.6,961.9,-5936.2,0
2026-04-09T11:30:39.441987+00:00,286.55,28.79,286.55,28.79,-87.7,439508740.10320485,8695.7,960.0,-5931.5,0
2026-04-09T11:30:39.790043+00:00,286.55,28.87,286.55,28.87,-91.7,439508740.10320485,8688.7,958.0,-5926.8,0
2026-04-09T11:30:40.134267+00:00,286.55,28.97,286.55,28.97,-91.7,439508683.87497467,8680.9,955.9,-5921.5,0
2026-04-09T11:30:40.458648+00:00,286.55,29.05,286.55,29.05,-92.7,439508683.87497467,8673.9,953.9,-5916.6,0
2026-04-09T11:30:40.804878+00:00,286.55,29.13,286.55,29.13,-92.7,439508683.87497467,8666.9,952.0,-5911.9,0
2026-04-09T11:30:41.128849+00:00,286.55,29.22,286.55,29.22,-84.7,439508683.87497467,8659.4,950.0,-5906.7,0
2026-04-09T11:30:41.453969+00:00,286.55,29.31,286.55,29.31,-86.7,439508683.87497467,8652.2,948.1,-5901.9,0
2026-04-09T11:30:41.772847+00:00,286.55,29.39,286.55,29.39,-86.7,439508683.87497467,8645.1,946.2,-5897.0,0
2026-04-09T11:30:42.121529+00:00,286.55,29.48,286.55,29.48,-87.7,439508683.87497467,8637.4,944.1,-5891.8,0
2026-04-09T11:30:42.445007+00:00,286.55,29.57,286.55,29.57,-85.7,439508683.87497467,8630.2,942.2,-5886.8,0
2026-04-09T11:30:42.788961+00:00,286.55,29.66,286.55,29.66,-89.7,439508625.5264642,8622.4,940.2,-5881.5,0
2026-04-09T11:30:43.132904+00:00,286.55,29.75,286.55,29.75,-90.7,439508625.5264642,8614.6,938.2,-5876.2,0
2026-04-09T11:30:43.456913+00:00,286.55,29.83,286.55,29.83,-89.7,439508625.5264642,8607.2,936.3,-5871.2,0
2026-04-09T11:30:43.777185+00:00,286.55,29.92,286.55,29.92,-86.7,439508625.5264642,8599.8,934.4,-5866.1,0
2026-04-09T11:30:44.126356+00:00,286.55,30.01,286.55,30.01,-95.7,439508625.5264642,8592.3,932.5,-5861.0,0
2026-04-09T11:30:44.444912+00:00,286.55,30.10,286.55,30.1,-89.7,439508625.5264642,8584.3,930.5,-5855.5,0
2026-04-09T11:30:44.768903+00:00,286.55,30.19,286.55,30.19,-89.7,439508625.5264642,8576.7,928.6,-5850.4,0
2026-04-09T11:30:45.092846+00:00,286.55,30.27,286.55,30.27,-87.7,439508625.5264642,8569.1,926.7,-5845.1,0
2026-04-09T11:30:45.456897+00:00,286.55,30.37,286.55,30.37,-88.7,439508564.2981809,8560.4,924.5,-5839.3,0
2026-04-09T11:30:45.783634+00:00,286.55,30.46,286.55,30.46,-91.7,439508564.2981809,8552.7,922.7,-5834.0,0
2026-04-09T11:30:46.109722+00:00,286.55,30.55,286.55,30.55,-89.7,439508564.2981809,8544.9,920.8,-5828.7,0
2026-04-09T11:30:46.454195+00:00,286.55,30.65,286.55,30.65,-89.7,439508564.2981809,8536.5,918.7,-5822.9,0
2026-04-09T11:30:46.782398+00:00,286.55,30.73,286.55,30.73,-89.7,439508564.2981809,8528.6,916.9,-5817.6,0
2026-04-09T11:30:47.105957+00:00,286.55,30.83,286.55,30.83,-89.7,439508564.2981809,8520.6,914.9,-5812.1,0
2026-04-09T11:30:47.454264+00:00,286.55,30.92,286.55,30.92,-93.7,439508564.2981809,8512.6,913.1,-5806.6,0
2026-04-09T11:30:47.777926+00:00,286.55,31.01,286.55,31.01,-88.7,439508564.2981809,8504.0,911.0,-5800.8,0
2026-04-09T11:30:48.125783+00:00,286.55,31.11,286.55,31.11,-91.7,439508498.91452026,8495.4,909.0,-5794.9,0
2026-04-09T11:30:48.475187+00:00,286.55,31.20,286.55,31.2,-89.7,439508498.91452026,8487.2,907.2,-5789.3,0
2026-04-09T11:30:48.798292+00:00,286.55,31.30,286.55,31.3,-89.7,439508498.91452026,8478.5,905.2,-5783.3,0
2026-04-09T11:30:49.125722+00:00,286.55,31.39,286.55,31.39,-89.7,439508498.91452026,8470.1,903.3,-5777.6,0
2026-04-09T11:30:49.449939+00:00,286.55,31.48,286.55,31.48,-89.7,439508498.91452026,8461.8,901.4,-5772.0,0
2026-04-09T11:30:49.799797+00:00,286.55,31.58,286.55,31.58,-87.7,439508498.91452026,8452.8,899.4,-5765.8,0
2026-04-09T11:30:50.141701+00:00,286.55,31.68,286.55,31.68,-90.7,439508447.3749586,8443.7,897.4,-5759.7,0
2026-04-09T11:30:50.471013+00:00,286.55,31.77,286.55,31.77,-89.7,439508447.3749586,8435.3,895.5,-5753.9,0
2026-04-09T11:30:50.819200+00:00,286.55,31.88,286.55,31.88,-88.7,439508447.3749586,8426.1,893.5,-5747.6,0
2026-04-09T11:30:51.141743+00:00,286.55,31.97,286.55,31.97,-83.7,439508447.3749586,8417.6,891.7,-5741.8,0
2026-04-09T11:30:51.468724+00:00,286.55,32.06,286.55,32.06,-88.7,439508447.3749586,8408.8,889.8,-5735.8,0
2026-04-09T11:30:51.813685+00:00,286.55,32.16,286.55,32.16,-91.7,439508447.3749586,8400.1,887.9,-5729.9,0
2026-04-09T11:30:52.162586+00:00,286.55,32.27,286.55,32.27,-89.7,439508393.9670878,8390.1,885.8,-5723.1,0
2026-04-09T11:30:52.485934+00:00,286.55,32.36,286.55,32.36,-89.7,439508393.9670878,8381.2,883.9,-5717.0,0
2026-04-09T11:30:52.833546+00:00,286.55,32.46,286.55,32.46,-91.7,439508393.9670878,8372.4,882.1,-5711.0,0
2026-04-09T11:30:53.158463+00:00,286.55,32.56,286.55,32.56,-89.7,439508393.9670878,8362.8,880.1,-5704.4,0
2026-04-09T11:30:53.486337+00:00,286.55,32.66,286.55,32.66,-89.7,439508393.9670878,8353.8,878.2,-5698.3,0
2026-04-09T11:30:53.810977+00:00,286.55,32.76,286.55,32.76,-93.7,439508393.9670878,8344.6,876.4,-5692.0,0
2026-04-09T11:30:54.178350+00:00,286.55,32.87,286.55,32.87,-88.7,439508338.85841155,8334.3,874.3,-5685.0,0
2026-04-09T11:30:54.506789+00:00,286.55,32.97,286.55,32.97,-89.7,439508338.85841155,8325.1,872.4,-5678.7,0
2026-04-09T11:30:54.834099+00:00,286.55,33.06,286.55,33.06,-89.7,439508338.85841155,8315.7,870.6,-5672.3,0
2026-04-09T11:30:55.178478+00:00,286.55,33.17,286.55,33.17,-86.7,439508338.85841155,8305.7,868.6,-5665.5,0
2026-04-09T11:30:55.506465+00:00,286.55,33.27,286.55,33.27,-88.7,439508338.85841155,8296.4,866.8,-5659.1,0
2026-04-09T11:30:55.829964+00:00,286.55,33.37,286.55,33.37,-88.7,439508338.85841155,8286.8,864.9,-5652.6,0
2026-04-09T11:30:56.197925+00:00,286.55,33.48,286.55,33.48,-91.7,439508280.89143705,8276.7,863.0,-5645.7,0
2026-04-09T11:30:56.527230+00:00,286.55,33.58,286.55,33.58,-93.7,439508280.89143705,8266.5,861.0,-5638.8,0
2026-04-09T11:30:56.850495+00:00,286.55,33.68,286.55,33.68,-89.7,439508280.89143705,8256.9,859.2,-5632.2,0
2026-04-09T11:30:57.174194+00:00,286.55,33.78,286.55,33.78,-91.7,439508280.89143705,8247.1,857.3,-5625.5,0
2026-04-09T11:30:57.522171+00:00,286.55,33.89,286.55,33.89,-89.7,439508280.89143705,8236.7,855.4,-5618.4,0
2026-04-09T11:30:57.849881+00:00,286.55,34.00,286.55,34.0,-89.7,439508280.89143705,8226.8,853.6,-5611.7,0
2026-04-09T11:30:58.193929+00:00,286.55,34.10,286.55,34.1,-87.7,439508220.5099772,8216.3,851.6,-5604.5,0
2026-04-09T11:30:58.541865+00:00,286.55,34.21,286.55,34.21,-88.7,439508220.5099772,8205.6,849.7,-5597.2,0
2026-04-09T11:30:58.867427+00:00,286.55,34.32,286.55,34.32,-88.7,439508220.5099772,8195.5,847.9,-5590.3,0
2026-04-09T11:30:59.193756+00:00,286.55,34.42,286.55,34.42,-88.7,439508220.5099772,8185.4,846.0,-5583.5,0
2026-04-09T11:30:59.538357+00:00,286.55,34.53,286.55,34.53,-89.7,439508220.5099772,8175.2,844.2,-5576.5,0
2026-04-09T11:30:59.865555+00:00,286.55,34.64,286.55,34.64,-89.7,439508220.5099772,8164.3,842.3,-5569.1,0
2026-04-09T11:31:00.215183+00:00,286.55,34.75,286.55,34.75,-87.7,439508157.77273,8153.3,840.4,-5561.5,0
2026-04-09T11:31:00.557756+00:00,286.55,34.85,286.55,34.85,-91.7,439508157.77273,8143.0,838.6,-5554.5,0
2026-04-09T11:31:00.885955+00:00,286.55,34.97,286.55,34.97,-85.7,439508157.77273,8131.7,836.6,-5546.8,0
2026-04-09T11:31:01.210310+00:00,286.55,35.07,286.55,35.07,-88.7,439508157.77273,8121.1,834.8,-5539.6,0
2026-04-09T11:31:01.561525+00:00,286.55,35.18,286.55,35.18,-88.7,439508157.77273,8110.6,833.0,-5532.4,0
2026-04-09T11:31:01.885951+00:00,286.55,35.29,286.55,35.29,-90.7,439508157.77273,8099.1,831.1,-5524.6,0
2026-04-09T11:31:02.230380+00:00,286.55,35.41,286.55,35.41,-86.7,439508092.27668446,8087.7,829.2,-5516.8,0
2026-04-09T11:31:02.578240+00:00,286.55,35.52,286.55,35.52,-90.7,439508092.27668446,8076.8,827.4,-5509.4,0
2026-04-09T11:31:02.905732+00:00,286.55,35.63,286.55,35.63,-89.7,439508092.27668446,8065.2,825.5,-5501.4,0
2026-04-09T11:31:03.234496+00:00,286.55,35.74,286.55,35.74,-89.7,439508092.27668446,8054.1,823.7,-5493.9,0
2026-04-09T11:31:03.577994+00:00,286.55,35.85,286.55,35.85,-87.7,439508092.27668446,8043.0,821.9,-5486.3,0
2026-04-09T11:31:03.905523+00:00,286.55,35.97,286.55,35.97,-88.7,439508092.27668446,8031.2,820.0,-5478.3,0
2026-04-09T11:31:04.249959+00:00,286.55,36.09,286.55,36.09,-87.7,439508024.07839113,8019.2,818.1,-5470.1,0
2026-04-09T11:31:04.597944+00:00,286.55,36.20,286.55,36.2,-89.7,439508024.07839113,8008.0,816.3,-5462.4,0
2026-04-09T11:31:04.921745+00:00,286.55,36.31,286.55,36.31,-89.7,439508024.07839113,7995.8,814.4,-5454.1,0
2026-04-09T11:31:05.250147+00:00,286.55,36.43,286.55,36.43,-86.7,439508024.07839113,7984.4,812.6,-5446.4,0
2026-04-09T11:31:05.597925+00:00,286.55,36.54,286.55,36.54,-88.7,439508024.07839113,7972.8,810.9,-5438.4,0
2026-04-09T11:31:05.926551+00:00,286.55,36.66,286.55,36.66,-89.7,439508024.07839113,7960.4,809.0,-5430.0,0
2026-04-09T11:31:06.270036+00:00,286.55,36.78,286.55,36.78,-87.7,439507952.970976,7947.9,807.1,-5421.4,0
2026-04-09T11:31:06.621765+00:00,286.55,36.89,286.55,36.89,-91.7,439507952.970976,7936.2,805.3,-5413.5,0
2026-04-09T11:31:06.945987+00:00,286.54,37.01,286.54,37.01,-87.7,439507952.970976,7923.6,803.4,-5404.9,0
2026-04-09T11:31:07.265571+00:00,286.54,37.13,286.54,37.13,-85.7,439507952.970976,7911.7,801.7,-5396.7,0
2026-04-09T11:31:07.588841+00:00,286.54,37.24,286.54,37.24,-88.7,439507952.970976,7899.7,799.9,-5388.6,0
2026-04-09T11:31:07.932840+00:00,286.54,37.36,286.54,37.36,-87.7,439507952.970976,7886.9,798.1,-5379.9,0
2026-04-09T11:31:08.277027+00:00,286.54,37.49,286.54,37.49,-86.7,439507879.42330563,7874.1,796.2,-5371.1,0
2026-04-09T11:31:08.600839+00:00,286.54,37.60,286.54,37.6,-85.7,439507879.42330563,7861.9,794.5,-5362.8,0
2026-04-09T11:31:08.944826+00:00,286.54,37.72,286.54,37.72,-86.7,439507879.42330563,7849.0,792.7,-5354.0,0
2026-04-09T11:31:09.268942+00:00,286.54,37.84,286.54,37.84,-86.7,439507879.42330563,7836.5,790.9,-5345.4,0
2026-04-09T11:31:09.612829+00:00,286.54,37.97,286.54,37.97,-88.7,439507828.7405892,7823.4,789.1,-5336.5,0
2026-04-09T11:31:09.956845+00:00,286.54,38.09,286.54,38.09,-88.7,439507828.7405892,7810.1,787.3,-5327.5,0
2026-04-09T11:31:10.281248+00:00,286.54,38.21,286.54,38.21,-88.7,439507828.7405892,7797.5,785.5,-5318.9,0
2026-04-09T11:31:10.604857+00:00,286.54,38.33,286.54,38.33,-87.7,439507828.7405892,7784.8,783.8,-5310.2,0
2026-04-09T11:31:10.969005+00:00,286.54,38.45,286.54,38.45,-93.7,439507776.656283,7771.2,782.0,-5300.9,0
2026-04-09T11:31:11.292861+00:00,286.54,38.58,286.54,38.58,-91.7,439507776.656283,7757.5,780.2,-5291.6,0
2026-04-09T11:31:11.612840+00:00,286.54,38.70,286.54,38.7,-88.7,439507776.656283,7744.6,778.5,-5282.7,0
2026-04-09T11:31:11.941313+00:00,286.54,38.82,286.54,38.82,-89.7,439507776.656283,7731.4,776.7,-5273.8,0
2026-04-09T11:31:12.306391+00:00,286.54,38.96,286.54,38.96,-92.7,439507723.0916461,7716.7,774.8,-5263.7,0
2026-04-09T11:31:12.635001+00:00,286.54,39.08,286.54,39.08,-86.7,439507723.0916461,7703.3,773.1,-5254.6,0
2026-04-09T11:31:12.958304+00:00,286.54,39.20,286.54,39.2,-88.7,439507723.0916461,7690.0,771.4,-5245.5,0
2026-04-09T11:31:13.308731+00:00,286.54,39.33,286.54,39.33,-93.7,439507723.0916461,7675.5,769.6,-5235.6,0
2026-04-09T11:31:13.649920+00:00,286.54,39.47,286.54,39.47,-88.7,439507666.74602026,7661.1,767.8,-5225.8,0
2026-04-09T11:31:13.978751+00:00,286.53,39.59,286.53,39.59,-87.7,439507666.74602026,7647.4,766.1,-5216.4,0
2026-04-09T11:31:14.322157+00:00,286.53,39.72,286.53,39.72,-89.7,439507666.74602026,7632.7,764.3,-5206.5,0
2026-04-09T11:31:14.649970+00:00,286.53,39.85,286.53,39.85,-89.7,439507666.74602026,7618.8,762.6,-5197.0,0
2026-04-09T11:31:14.994551+00:00,286.53,39.98,286.53,39.98,-90.7,439507609.9179269,7604.0,760.8,-5186.9,0
2026-04-09T11:31:15.341981+00:00,286.53,40.12,286.53,40.12,-88.7,439507609.9179269,7589.0,759.0,-5176.6,0
2026-04-09T11:31:15.667173+00:00,286.53,40.24,286.53,40.24,-89.7,439507609.9179269,7574.7,757.3,-5166.9,0
2026-04-09T11:31:15.994363+00:00,286.53,40.37,286.53,40.37,-90.7,439507609.9179269,7560.5,755.6,-5157.2,0
2026-04-09T11:31:16.361982+00:00,286.53,40.51,286.53,40.51,-87.7,439507551.3503734,7545.3,753.8,-5146.8,0
2026-04-09T11:31:16.685987+00:00,286.53,40.64,286.53,40.64,-85.7,439507551.3503734,7529.9,752.1,-5136.3,0
2026-04-09T11:31:17.019089+00:00,286.53,40.77,286.53,40.77,-88.7,439507551.3503734,7515.2,750.4,-5126.3,0
2026-04-09T11:31:17.357963+00:00,286.53,40.90,286.53,40.9,-93.7,439507551.3503734,7500.4,748.7,-5116.2,0
2026-04-09T11:31:17.706086+00:00,286.53,41.05,286.53,41.05,-89.7,439507490.2602446,7483.8,746.8,-5104.9,0
2026-04-09T11:31:18.037756+00:00,286.53,41.18,286.53,41.18,-91.7,439507490.2602446,7468.9,745.2,-5094.7,0
2026-04-09T11:31:18.381761+00:00,286.52,41.31,286.52,41.31,-94.7,439507490.2602446,7453.8,743.5,-5084.4,0
2026-04-09T11:31:18.709973+00:00,286.52,41.46,286.52,41.46,-90.7,439507490.2602446,7437.6,741.7,-5073.3,0
2026-04-09T11:31:19.053799+00:00,286.52,41.60,286.52,41.6,-87.7,439507427.9632311,7421.3,740.0,-5062.3,0
2026-04-09T11:31:19.401711+00:00,286.52,41.73,286.52,41.73,-95.7,439507427.9632311,7406.1,738.3,-5051.9,0
2026-04-09T11:31:19.730522+00:00,286.52,41.87,286.52,41.87,-89.7,439507427.9632311,7389.7,736.6,-5040.7,0
2026-04-09T11:31:20.053819+00:00,286.52,42.01,286.52,42.01,-89.7,439507427.9632311,7374.0,734.9,-5030.0,0
2026-04-09T11:31:20.421954+00:00,286.52,42.15,286.52,42.15,-93.7,439507364.2903976,7357.5,733.2,-5018.7,0
2026-04-09T11:31:20.746525+00:00,286.52,42.30,286.52,42.3,-91.7,439507364.2903976,7340.7,731.4,-5007.3,0
2026-04-09T11:31:21.073011+00:00,286.52,42.43,286.52,42.43,-89.7,439507364.2903976,7324.9,729.8,-4996.5,0
2026-04-09T11:31:21.401733+00:00,286.52,42.57,286.52,42.57,-91.7,439507364.2903976,7308.8,728.2,-4985.5,0
2026-04-09T11:31:21.770557+00:00,286.52,42.72,286.52,42.72,-91.7,439507298.61897445,7290.6,726.3,-4973.1,0
2026-04-09T11:31:22.098474+00:00,286.51,42.86,286.51,42.86,-94.7,439507298.61897445,7274.6,724.7,-4962.2,0
2026-04-09T11:31:22.422984+00:00,286.51,43.00,286.51,43.0,-93.7,439507298.61897445,7258.2,723.1,-4951.0,0
2026-04-09T11:31:22.766370+00:00,286.51,43.15,286.51,43.15,-89.7,439507298.61897445,7240.7,721.4,-4939.1,0
2026-04-09T11:31:23.113744+00:00,286.51,43.30,286.51,43.3,-89.7,439507230.23742944,7223.1,719.7,-4927.0,0
2026-04-09T11:31:23.437914+00:00,286.51,43.44,286.51,43.44,-91.7,439507230.23742944,7206.3,718.1,-4915.6,0
2026-04-09T11:31:23.786454+00:00,286.51,43.59,286.51,43.59,-90.7,439507230.23742944,7188.6,716.4,-4903.5,0
2026-04-09T11:31:24.111418+00:00,286.51,43.73,286.51,43.73,-89.7,439507230.23742944,7171.6,714.8,-4891.9,0
2026-04-09T11:31:24.457909+00:00,286.51,43.88,286.51,43.88,-94.7,439507160.9217297,7153.6,713.1,-4879.6,0
2026-04-09T11:31:24.807256+00:00,286.51,44.03,286.51,44.03,-91.7,439507160.9217297,7135.3,711.4,-4867.1,0
2026-04-09T11:31:25.129720+00:00,286.50,44.17,286.5,44.17,-91.7,439507160.9217297,7118.2,709.8,-4855.5,0
2026-04-09T11:31:25.459026+00:00,286.50,44.32,286.5,44.32,-91.7,439507160.9217297,7100.6,708.2,-4843.5,0
2026-04-09T11:31:25.821944+00:00,286.50,44.48,286.5,44.48,-94.7,439507089.51295125,7081.1,706.5,-4830.2,0
2026-04-09T11:31:26.150275+00:00,286.50,44.63,286.5,44.63,-90.7,439507089.51295125,7063.4,704.9,-4818.1,0
2026-04-09T11:31:26.474305+00:00,286.50,44.77,286.5,44.77,-91.7,439507089.51295125,7045.6,703.3,-4805.9,0
2026-04-09T11:31:26.822224+00:00,286.50,44.93,286.5,44.93,-94.7,439507089.51295125,7026.6,701.7,-4793.0,0
2026-04-09T11:31:27.165963+00:00,286.50,45.08,286.5,45.08,-92.7,439507015.227263,7007.4,700.0,-4779.9,0
2026-04-09T11:31:27.494032+00:00,286.49,45.23,286.49,45.23,-93.7,439507015.227263,6989.4,698.5,-4767.7,0
2026-04-09T11:31:27.841743+00:00,286.49,45.39,286.49,45.39,-93.7,439507015.227263,6969.9,696.8,-4754.3,0
2026-04-09T11:31:28.166357+00:00,286.49,45.54,286.49,45.54,-91.7,439507015.227263,6951.7,695.3,-4741.9,0
2026-04-09T11:31:28.514039+00:00,286.49,45.70,286.49,45.7,-93.7,439506939.9014779,6931.9,693.6,-4728.4,0
2026-04-09T11:31:28.857922+00:00,286.49,45.86,286.49,45.86,-95.7,439506939.9014779,6912.2,692.0,-4715.0,0
2026-04-09T11:31:29.184887+00:00,286.49,46.01,286.49,46.01,-95.7,439506939.9014779,6893.3,690.4,-4702.1,0
2026-04-09T11:31:29.508932+00:00,286.49,46.16,286.49,46.16,-95.7,439506939.9014779,6874.6,688.9,-4689.3,0
2026-04-09T11:31:29.872845+00:00,286.48,46.32,286.48,46.32,-97.7,439506862.5656497,6854.5,687.3,-4675.6,0
2026-04-09T11:31:30.196864+00:00,286.48,46.48,286.48,46.48,-92.7,439506862.5656497,6834.3,685.7,-4661.8,0
2026-04-09T11:31:30.521265+00:00,286.48,46.63,286.48,46.63,-93.7,439506862.5656497,6815.1,684.2,-4648.8,0
2026-04-09T11:31:30.845999+00:00,286.48,46.79,286.48,46.79,-97.7,439506862.5656497,6795.8,682.7,-4635.6,0
2026-04-09T11:31:31.208843+00:00,286.48,46.96,286.48,46.96,-96.7,439506783.3851348,6773.9,681.0,-4620.6,0
2026-04-09T11:31:31.528855+00:00,286.48,47.11,286.48,47.11,-93.7,439506783.3851348,6754.4,679.5,-4607.3,0
2026-04-09T11:31:31.853226+00:00,286.47,47.27,286.47,47.27,-90.7,439506783.3851348,6734.6,678.0,-4593.8,0
2026-04-09T11:31:32.196868+00:00,286.47,47.43,286.47,47.43,-95.7,439506783.3851348,6713.6,676.4,-4579.5,0
2026-04-09T11:31:32.541491+00:00,286.47,47.60,286.47,47.6,-93.7,439506701.1559117,6692.4,674.9,-4565.0,0
2026-04-09T11:31:32.864858+00:00,286.47,47.76,286.47,47.76,-92.7,439506701.1559117,6672.2,673.4,-4551.3,0
2026-04-09T11:31:33.208857+00:00,286.47,47.93,286.47,47.93,-96.7,439506701.1559117,6650.7,671.8,-4536.6,0
2026-04-09T11:31:33.532984+00:00,286.46,48.08,286.46,48.08,-94.7,439506701.1559117,6630.3,670.4,-4522.7,0
2026-04-09T11:31:33.880680+00:00,286.46,48.25,286.46,48.25,-101.7,439506617.55659515,6608.8,668.8,-4508.0,0
2026-04-09T11:31:34.222330+00:00,286.46,48.42,286.46,48.42,-97.7,439506617.55659515,6586.9,667.3,-4493.1,0
2026-04-09T11:31:34.551602+00:00,286.46,48.58,286.46,48.58,-97.7,439506617.55659515,6565.8,665.8,-4478.7,0
2026-04-09T11:31:34.873777+00:00,286.46,48.74,286.46,48.74,-97.7,439506617.55659515,6544.9,664.4,-4464.4,0
2026-04-09T11:31:35.242688+00:00,286.45,48.92,286.45,48.92,-95.7,439506531.3523833,6522.1,662.8,-4448.9,0
2026-04-09T11:31:35.565828+00:00,286.45,49.09,286.45,49.09,-95.7,439506531.3523833,6499.4,661.3,-4433.4,0
2026-04-09T11:31:35.893557+00:00,286.45,49.26,286.45,49.26,-97.7,439506531.3523833,6478.0,659.8,-4418.8,0
2026-04-09T11:31:36.218300+00:00,286.45,49.42,286.45,49.42,-96.7,439506531.3523833,6456.2,658.4,-4403.9,0
2026-04-09T11:31:36.589771+00:00,286.45,49.61,286.45,49.61,-100.7,439506442.52180123,6431.7,656.8,-4387.2,0
2026-04-09T11:31:36.912898+00:00,286.44,49.78,286.44,49.78,-101.7,439506442.52180123,6409.7,655.4,-4372.2,0
2026-04-09T11:31:37.236969+00:00,286.44,49.94,286.44,49.94,-99.7,439506442.52180123,6387.4,653.9,-4357.0,0
2026-04-09T11:31:37.580861+00:00,286.44,50.12,286.44,50.12,-101.7,439506442.52180123,6364.1,652.4,-4341.1,0
2026-04-09T11:31:37.924845+00:00,286.44,50.30,286.44,50.3,-104.7,439506350.0233205,6340.5,650.9,-4325.0,0
2026-04-09T11:31:38.249040+00:00,286.43,50.47,286.43,50.47,-100.7,439506350.0233205,6318.1,649.6,-4309.7,0
2026-04-09T11:31:38.592840+00:00,286.43,50.65,286.43,50.65,-98.7,439506350.0233205,6294.1,648.1,-4293.3,0
2026-04-09T11:31:38.920882+00:00,286.43,50.81,286.43,50.81,-99.7,439506350.0233205,6271.4,646.7,-4277.9,0
2026-04-09T11:31:39.262078+00:00,286.43,51.00,286.43,51.0,-100.7,439506256.5398614,6247.0,645.2,-4261.2,0
2026-04-09T11:31:39.604848+00:00,286.42,51.18,286.42,51.18,-103.7,439506256.5398614,6222.6,643.7,-4244.5,0
2026-04-09T11:31:39.924861+00:00,286.42,51.35,286.42,51.35,-102.7,439506256.5398614,6199.4,642.4,-4228.8,0
2026-04-09T11:31:40.248895+00:00,286.42,51.52,286.42,51.52,-100.7,439506256.5398614,6176.0,641.0,-4212.8,0
2026-04-09T11:31:40.612876+00:00,286.42,51.71,286.42,51.71,-107.7,439506161.4078521,6151.1,639.6,-4195.8,0
2026-04-09T11:31:40.937500+00:00,286.41,51.89,286.41,51.89,-106.7,439506161.4078521,6125.9,638.1,-4178.6,0
2026-04-09T11:31:41.280897+00:00,286.41,52.08,286.41,52.08,-103.7,439506111.0837652,6100.6,636.7,-4161.4,0
2026-04-09T11:31:41.624843+00:00,286.41,52.25,286.41,52.25,-104.7,439506111.0837652,6076.7,635.3,-4145.0,0
2026-04-09T11:31:41.970383+00:00,286.40,52.45,286.4,52.45,-101.7,439506060.1655416,6049.8,633.9,-4126.7,0
2026-04-09T11:31:42.297992+00:00,286.40,52.63,286.4,52.63,-103.7,439506060.1655416,6025.3,632.5,-4110.0,0
2026-04-09T11:31:42.665753+00:00,286.40,52.82,286.4,52.82,-103.7,439506009.6216955,5998.8,631.1,-4091.9,0
2026-04-09T11:31:42.989966+00:00,286.39,53.01,286.39,53.01,-106.7,439506009.6216955,5972.5,629.7,-4074.0,0
2026-04-09T11:31:43.338042+00:00,286.39,53.20,286.39,53.2,-107.7,439505956.97188586,5946.1,628.3,-4056.0,0
2026-04-09T11:31:43.681837+00:00,286.39,53.38,286.39,53.38,-106.7,439505956.97188586,5920.9,626.9,-4038.8,0
2026-04-09T11:31:44.030302+00:00,286.38,53.58,286.38,53.58,-105.7,439505903.6173442,5892.6,625.5,-4019.5,0
2026-04-09T11:31:44.359022+00:00,286.38,53.77,286.38,53.77,-103.7,439505903.6173442,5867.1,624.1,-4002.1,0
2026-04-09T11:31:44.722001+00:00,286.38,53.96,286.38,53.96,-106.7,439505850.6948043,5840.0,622.8,-3983.6,0
2026-04-09T11:31:45.051073+00:00,286.37,54.16,286.37,54.16,-106.7,439505850.6948043,5812.5,621.4,-3964.8,0
2026-04-09T11:31:45.393939+00:00,286.37,54.35,286.37,54.35,-106.7,439505795.888565,5785.0,620.0,-3946.1,0
2026-04-09T11:31:45.742251+00:00,286.37,54.54,286.37,54.54,-106.7,439505795.888565,5758.8,618.7,-3928.2,0
2026-04-09T11:31:46.085854+00:00,286.36,54.75,286.36,54.75,-104.7,439505740.4280596,5729.0,617.3,-3907.9,0
2026-04-09T11:31:46.413918+00:00,286.36,54.94,286.36,54.94,-106.7,439505740.4280596,5702.8,616.0,-3890.0,0
2026-04-09T11:31:46.781829+00:00,286.36,55.14,286.36,55.14,-107.7,439505685.82511526,5674.2,614.7,-3870.5,0
2026-04-09T11:31:47.105762+00:00,286.35,55.34,286.35,55.34,-107.7,439505685.82511526,5646.0,613.4,-3851.2,0
2026-04-09T11:31:47.454264+00:00,286.35,55.54,286.35,55.54,-100.7,439505628.8502773,5617.1,612.0,-3831.5,0
2026-04-09T11:31:47.801686+00:00,286.34,55.73,286.34,55.73,-103.7,439505628.8502773,5589.8,610.8,-3812.9,0
2026-04-09T11:31:48.145706+00:00,286.34,55.94,286.34,55.94,-101.7,439505570.7816554,5559.2,609.4,-3792.1,0
2026-04-09T11:31:48.473926+00:00,286.34,56.14,286.34,56.14,-100.7,439505570.7816554,5531.6,608.1,-3773.2,0
2026-04-09T11:31:48.841607+00:00,286.33,56.34,286.33,56.34,-102.7,439505513.96000445,5502.3,606.8,-3753.2,0
2026-04-09T11:31:49.169677+00:00,286.33,56.55,286.33,56.55,-103.7,439505513.96000445,5472.2,605.5,-3732.7,0
2026-04-09T11:31:49.515888+00:00,286.32,56.75,286.32,56.75,-102.7,439505454.39780897,5442.5,604.2,-3712.4,0
2026-04-09T11:31:49.861741+00:00,286.32,56.95,286.32,56.95,-104.7,439505454.39780897,5414.2,603.0,-3693.1,0
2026-04-09T11:31:50.210628+00:00,286.31,57.17,286.31,57.17,-104.7,439505394.3903689,5382.4,601.7,-3671.4,0
2026-04-09T11:31:50.533917+00:00,286.31,57.37,286.31,57.37,-100.7,439505394.3903689,5353.3,600.5,-3651.6,0
2026-04-09T11:31:50.901551+00:00,286.30,57.58,286.3,57.58,-101.7,439505335.3654017,5322.8,599.2,-3630.8,0
2026-04-09T11:31:51.226918+00:00,286.30,57.78,286.3,57.78,-100.7,439505335.3654017,5292.3,598.0,-3610.0,0
2026-04-09T11:31:51.574340+00:00,286.29,58.00,286.29,58.0,-99.7,439505273.7455608,5261.2,596.7,-3588.8,0
2026-04-09T11:31:51.921028+00:00,286.29,58.20,286.29,58.2,-101.7,439505273.7455608,5231.8,595.6,-3568.7,0
2026-04-09T11:31:52.265876+00:00,286.28,58.42,286.28,58.42,-101.7,439505211.2577793,5198.7,594.3,-3546.2,0
2026-04-09T11:31:52.589973+00:00,286.28,58.62,286.28,58.62,-98.7,439505211.2577793,5169.3,593.1,-3526.1,0
2026-04-09T11:31:52.952832+00:00,286.27,58.83,286.27,58.83,-101.7,439505150.29292035,5137.7,591.9,-3504.5,0
2026-04-09T11:31:53.272912+00:00,286.27,59.05,286.27,59.05,-109.7,439505150.29292035,5106.1,590.7,-3483.0,0
2026-04-09T11:31:53.616836+00:00,286.26,59.26,286.26,59.26,-100.7,439505087.28974324,5074.1,589.5,-3461.1,0
2026-04-09T11:31:53.960834+00:00,286.26,59.47,286.26,59.47,-105.7,439505087.28974324,5043.8,588.4,-3440.5,0
2026-04-09T11:31:54.304869+00:00,286.25,59.70,286.25,59.7,-100.7,439505023.0510483,5009.6,587.1,-3417.2,0
2026-04-09T11:31:54.628836+00:00,286.24,59.90,286.24,59.9,-103.7,439505023.0510483,4979.0,586.0,-3396.3,0
2026-04-09T11:31:54.992859+00:00,286.24,60.12,286.24,60.12,-105.7,439504959.92260146,4946.4,584.9,-3374.0,0
2026-04-09T11:31:55.317060+00:00,286.23,60.34,286.23,60.34,-97.7,439504959.92260146,4913.5,583.7,-3351.6,0
2026-04-09T11:31:55.660851+00:00,286.22,60.56,286.22,60.56,-97.7,439504894.107655,4880.4,582.6,-3329.0,0
2026-04-09T11:31:56.005024+00:00,286.22,60.76,286.22,60.76,-104.7,439504894.107655,4849.5,581.5,-3308.0,0
2026-04-09T11:31:56.348862+00:00,286.21,61.00,286.21,61.0,-102.7,439504827.5439532,4814.1,580.3,-3283.8,0
2026-04-09T11:31:56.672851+00:00,286.20,61.21,286.2,61.21,-99.7,439504827.5439532,4782.0,579.2,-3261.9,0
2026-04-09T11:31:57.038990+00:00,286.20,61.43,286.2,61.43,-97.7,439504762.175325,4748.5,578.1,-3239.1,0
2026-04-09T11:31:57.366016+00:00,286.19,61.65,286.19,61.65,-95.7,439504762.175325,4714.2,577.0,-3215.6,0
2026-04-09T11:31:57.710288+00:00,286.18,61.88,286.18,61.88,-97.7,439504693.52785003,4679.4,575.9,-3191.9,0
2026-04-09T11:31:58.059003+00:00,286.18,62.09,286.18,62.09,-95.7,439504693.52785003,4647.1,574.9,-3169.9,0
2026-04-09T11:31:58.401715+00:00,286.17,62.34,286.17,62.34,-91.7,439504624.10370255,4609.9,573.7,-3144.5,0
2026-04-09T11:31:58.730312+00:00,286.16,62.55,286.16,62.55,-97.7,439504624.10370255,4577.1,572.7,-3122.2,0
2026-04-09T11:31:59.098193+00:00,286.15,62.78,286.15,62.78,-98.7,439504556.08472395,4542.2,571.6,-3098.3,0
2026-04-09T11:31:59.421934+00:00,286.14,63.01,286.14,63.01,-97.7,439504556.08472395,4506.2,570.5,-3073.8,0
2026-04-09T11:31:59.771162+00:00,286.14,63.24,286.14,63.24,-95.7,439504485.2396594,4470.7,569.5,-3049.5,0
2026-04-09T11:32:00.113919+00:00,286.13,63.46,286.13,63.46,-100.7,439504485.2396594,4436.8,568.5,-3026.4,0
2026-04-09T11:32:00.462229+00:00,286.12,63.70,286.12,63.7,-100.7,439504413.5549295,4398.8,567.4,-3000.5,0
2026-04-09T11:32:00.785959+00:00,286.11,63.92,286.11,63.92,-95.7,439504413.5549295,4364.6,566.4,-2977.2,0
2026-04-09T11:32:01.154082+00:00,286.10,64.16,286.1,64.16,-97.7,439504343.165489,4328.3,565.4,-2952.4,0
2026-04-09T11:32:01.482397+00:00,286.09,64.39,286.09,64.39,-95.7,439504343.165489,4291.5,564.4,-2927.3,0
2026-04-09T11:32:01.825676+00:00,286.08,64.63,286.08,64.63,-97.7,439504269.438504,4255.0,563.4,-2902.4,0
2026-04-09T11:32:02.174285+00:00,286.07,64.85,286.07,64.85,-100.7,439504269.438504,4219.8,562.4,-2878.4,0
2026-04-09T11:32:02.522522+00:00,286.06,65.10,286.06,65.1,-98.7,439504195.3965549,4180.2,561.3,-2851.4,0
2026-04-09T11:32:02.845596+00:00,286.05,65.33,286.05,65.33,-95.7,439504195.3965549,4144.9,560.4,-2827.3,0
2026-04-09T11:32:03.214165+00:00,286.04,65.57,286.04,65.57,-98.7,439504122.80809313,4107.4,559.4,-2801.7,0
2026-04-09T11:32:03.542035+00:00,286.03,65.81,286.03,65.81,-96.7,439504122.80809313,4069.5,558.5,-2775.9,0
2026-04-09T11:32:03.885573+00:00,286.02,66.05,286.02,66.05,-96.7,439504046.7088566,4031.7,557.5,-2750.1,0
2026-04-09T11:32:04.234183+00:00,286.01,66.28,286.01,66.28,-94.7,439504046.7088566,3995.4,556.6,-2725.4,0
2026-04-09T11:32:04.581801+00:00,286.00,66.53,286.0,66.53,-97.7,439503970.298951,3954.6,555.6,-2697.5,0
2026-04-09T11:32:04.905545+00:00,285.99,66.76,285.99,66.76,-97.7,439503970.298951,3918.7,554.8,-2673.0,0
2026-04-09T11:32:05.273992+00:00,285.97,67.00,285.97,67.0,-99.7,439503895.44239056,3879.5,553.8,-2646.3,0
2026-04-09T11:32:05.597953+00:00,285.96,67.25,285.96,67.25,-96.7,439503895.44239056,3840.5,552.9,-2619.7,0
2026-04-09T11:32:05.945902+00:00,285.95,67.49,285.95,67.49,-95.7,439503817.4680446,3801.4,552.0,-2593.0,0
2026-04-09T11:32:06.295160+00:00,285.94,67.73,285.94,67.73,-97.7,439503817.4680446,3764.3,551.2,-2567.7,0
2026-04-09T11:32:06.638629+00:00,285.92,67.99,285.92,67.99,-99.7,439503738.1805135,3722.6,550.2,-2539.3,0
2026-04-09T11:32:06.965466+00:00,285.91,68.22,285.91,68.22,-91.7,439503738.1805135,3685.1,549.4,-2513.7,0
2026-04-09T11:32:07.329727+00:00,285.90,68.47,285.9,68.47,-99.7,439503661.2269372,3645.3,548.6,-2486.5,0
2026-04-09T11:32:07.658366+00:00,285.88,68.72,285.88,68.72,-93.7,439503661.2269372,3605.1,547.7,-2459.1,0
2026-04-09T11:32:08.002171+00:00,285.87,68.96,285.87,68.96,-97.7,439503580.9150573,3565.0,546.9,-2431.8,0
2026-04-09T11:32:08.350202+00:00,285.85,69.20,285.85,69.2,-100.7,439503580.9150573,3526.7,546.1,-2405.7,0
2026-04-09T11:32:08.694021+00:00,285.83,69.47,285.83,69.47,-95.7,439503499.99078715,3483.4,545.2,-2376.1,0
2026-04-09T11:32:09.021842+00:00,285.82,69.70,285.82,69.7,-95.7,439503499.99078715,3445.3,544.4,-2350.1,0
2026-04-09T11:32:09.389959+00:00,285.80,69.96,285.8,69.96,-97.7,439503420.7308154,3403.9,543.6,-2321.9,0
2026-04-09T11:32:09.713981+00:00,285.79,70.21,285.79,70.21,-99.7,439503420.7308154,3363.2,542.8,-2294.1,0
2026-04-09T11:32:10.061814+00:00,285.77,70.46,285.77,70.46,-93.7,439503338.31189805,3321.4,542.0,-2265.6,0
2026-04-09T11:32:10.405928+00:00,285.75,70.70,285.75,70.7,-101.7,439503338.31189805,3282.1,541.3,-2238.8,0
2026-04-09T11:32:10.754212+00:00,285.73,70.97,285.73,70.97,-95.7,439503255.2050707,3238.1,540.5,-2208.8,0
2026-04-09T11:32:11.078025+00:00,285.71,71.22,285.71,71.22,-94.7,439503255.2050707,3198.5,539.8,-2181.8,0
2026-04-09T11:32:11.445950+00:00,285.69,71.47,285.69,71.47,-99.7,439503173.79010105,3156.6,539.0,-2153.2,0
2026-04-09T11:32:11.770180+00:00,285.67,71.73,285.67,71.73,-97.7,439503173.79010105,3114.2,538.3,-2124.3,0
2026-04-09T11:32:12.117547+00:00,285.65,71.99,285.65,71.99,-94.7,439503089.2623566,3071.9,537.5,-2095.4,0
2026-04-09T11:32:12.467101+00:00,285.63,72.23,285.63,72.23,-99.7,439503089.2623566,3032.1,536.9,-2068.2,0
2026-04-09T11:32:12.809535+00:00,285.61,72.50,285.61,72.5,-92.7,439503003.44361776,2986.6,536.1,-2037.2,0
2026-04-09T11:32:13.137744+00:00,285.58,72.75,285.58,72.75,-95.7,439503003.44361776,2945.9,535.4,-2009.5,0
2026-04-09T11:32:13.502297+00:00,285.56,73.01,285.56,73.01,-101.7,439502920.21778417,2903.1,534.8,-1980.3,0
2026-04-09T11:32:13.829641+00:00,285.53,73.27,285.53,73.27,-95.7,439502920.21778417,2859.7,534.1,-1950.7,0
2026-04-09T11:32:14.172926+00:00,285.51,73.53,285.51,73.53,-95.7,439502833.6952081,2815.9,533.4,-1920.8,0
2026-04-09T11:32:14.517006+00:00,285.48,73.78,285.48,73.78,-98.7,439502833.6952081,2775.1,532.8,-1893.0,0
2026-04-09T11:32:14.860952+00:00,285.45,74.06,285.45,74.06,-97.7,439502747.0804693,2729.1,532.1,-1861.6,0
2026-04-09T11:32:15.185543+00:00,285.43,74.30,285.43,74.3,-94.7,439502747.0804693,2688.0,531.5,-1833.5,0
2026-04-09T11:32:15.548905+00:00,285.40,74.57,285.4,74.57,-100.7,439502662.2506458,2644.2,530.9,-1803.6,0
2026-04-09T11:32:15.872896+00:00,285.37,74.83,285.37,74.83,-96.7,439502662.2506458,2600.2,530.3,-1773.7,0
2026-04-09T11:32:16.217204+00:00,285.34,75.09,285.34,75.09,-95.7,439502574.4154216,2556.7,529.7,-1743.9,0
2026-04-09T11:32:16.560894+00:00,285.30,75.34,285.3,75.34,-99.7,439502574.4154216,2515.1,529.1,-1715.6,0
2026-04-09T11:32:16.904849+00:00,285.27,75.62,285.27,75.62,-95.7,439502485.88924515,2468.0,528.5,-1683.5,0
2026-04-09T11:32:17.230084+00:00,285.23,75.87,285.23,75.87,-95.7,439502485.88924515,2426.2,527.9,-1655.0,0
2026-04-09T11:32:17.592874+00:00,285.20,76.13,285.2,76.13,-97.7,439502399.21831393,2381.4,527.4,-1624.4,0
2026-04-09T11:32:17.916854+00:00,285.16,76.40,285.16,76.4,-99.7,439502399.21831393,2336.7,526.8,-1593.9,0
2026-04-09T11:32:18.256853+00:00,285.12,76.67,285.12,76.67,-98.7,439502309.7057275,2291.6,526.3,-1563.1,0
2026-04-09T11:32:18.600844+00:00,285.08,76.92,285.08,76.92,-99.7,439502309.7057275,2249.1,525.8,-1534.2,0
2026-04-09T11:32:18.945071+00:00,285.03,77.20,285.03,77.2,-96.7,439502220.0034469,2201.2,525.2,-1501.5,0
2026-04-09T11:32:19.270931+00:00,284.99,77.45,284.99,77.45,-95.7,439502220.0034469,2158.5,524.7,-1472.4,0
2026-04-09T11:32:19.637920+00:00,284.94,77.72,284.94,77.72,-97.7,439502131.58893937,2113.0,524.2,-1441.3,0
2026-04-09T11:32:19.967034+00:00,284.89,78.00,284.89,78.0,-97.7,439502131.58893937,2067.0,523.7,-1409.9,0
2026-04-09T11:32:20.310062+00:00,284.84,78.27,284.84,78.27,-97.7,439502039.23827696,2021.2,523.3,-1378.7,0
2026-04-09T11:32:20.658316+00:00,284.78,78.52,284.78,78.52,-96.7,439502039.23827696,1977.5,522.8,-1348.9,0
2026-04-09T11:32:21.002653+00:00,284.72,78.81,284.72,78.81,-97.7,439501947.0076945,1928.1,522.3,-1315.2,0
2026-04-09T11:32:21.330054+00:00,284.66,79.07,284.66,79.07,-94.7,439501947.0076945,1884.8,521.9,-1285.7,0
2026-04-09T11:32:21.697955+00:00,284.60,79.34,284.6,79.34,-99.7,439501856.9258464,1837.9,521.5,-1253.7,0
2026-04-09T11:32:22.021926+00:00,284.53,79.61,284.53,79.61,-92.7,439501856.9258464,1791.8,521.0,-1222.2,0
2026-04-09T11:32:22.369929+00:00,284.46,79.89,284.46,79.89,-107.7,439501763.6830843,1744.6,520.6,-1190.0,0
2026-04-09T11:32:22.719541+00:00,284.39,80.15,284.39,80.15,-95.7,439501763.6830843,1700.3,520.2,-1159.8,0
2026-04-09T11:32:23.062295+00:00,284.30,80.44,284.3,80.44,-95.7,439501669.20462525,1650.9,519.8,-1126.1,0
2026-04-09T11:32:23.389935+00:00,284.22,80.70,284.22,80.7,-100.7,439501669.20462525,1606.3,519.5,-1095.7,0
2026-04-09T11:32:23.760156+00:00,284.13,80.98,284.13,80.98,-98.7,439501578.00787634,1559.3,519.1,-1063.6,0
2026-04-09T11:32:24.087297+00:00,284.03,81.26,284.03,81.26,-97.7,439501578.00787634,1511.3,518.7,-1030.9,0
2026-04-09T11:32:24.430339+00:00,283.93,81.53,283.93,81.53,-95.7,439501482.72822773,1464.1,518.4,-998.7,0
2026-04-09T11:32:24.777970+00:00,283.82,81.79,283.82,81.79,-98.7,439501482.72822773,1419.3,518.0,-968.1,0
2026-04-09T11:32:25.122068+00:00,283.70,82.09,283.7,82.09,-94.7,439501387.9918919,1368.6,517.7,-933.5,0
2026-04-09T11:32:25.449905+00:00,283.58,82.35,283.58,82.35,-97.7,439501387.9918919,1324.1,517.4,-903.2,0
2026-04-09T11:32:25.817205+00:00,283.44,82.63,283.44,82.63,-101.7,439501295.47408384,1276.0,517.1,-870.4,0
2026-04-09T11:32:26.146990+00:00,283.29,82.91,283.29,82.91,-97.7,439501295.47408384,1227.9,516.8,-837.6,0
2026-04-09T11:32:26.489917+00:00,283.14,83.18,283.14,83.18,-96.7,439501199.1483432,1180.3,516.5,-805.1,0
2026-04-09T11:32:26.837608+00:00,282.97,83.45,282.97,83.45,-97.7,439501199.1483432,1134.8,516.2,-774.1,0
2026-04-09T11:32:27.185969+00:00,282.77,83.74,282.77,83.74,-96.7,439501103.4156653,1083.7,516.0,-739.2,0
2026-04-09T11:32:27.510326+00:00,282.58,84.00,282.58,84.0,-100.7,439501103.4156653,1038.3,515.7,-708.2,0
2026-04-09T11:32:27.877544+00:00,282.35,84.28,282.35,84.28,-95.7,439501009.86849767,990.2,515.5,-675.5,0
2026-04-09T11:32:28.202242+00:00,282.10,84.56,282.1,84.56,-95.7,439501009.86849767,941.8,515.3,-642.4,0
2026-04-09T11:32:28.549756+00:00,281.83,84.84,281.83,84.84,-93.7,439500913.35977364,893.7,515.0,-609.6,0
2026-04-09T11:32:28.893567+00:00,281.53,85.10,281.53,85.1,-97.7,439500913.35977364,848.0,514.9,-578.4,0
2026-04-09T11:32:29.241322+00:00,281.17,85.40,281.17,85.4,-96.7,439500816.7661347,796.9,514.6,-543.6,0
2026-04-09T11:32:29.564838+00:00,280.81,85.66,280.81,85.66,-93.7,439500816.7661347,751.7,514.5,-512.7,0
2026-04-09T11:32:29.928837+00:00,280.37,85.94,280.37,85.94,-97.7,439500722.7384678,703.3,514.3,-479.7,0
2026-04-09T11:32:30.249095+00:00,279.86,86.21,279.86,86.21,-99.7,439500722.7384678,655.2,514.1,-446.9,0
2026-04-09T11:32:30.592991+00:00,279.28,86.49,279.28,86.49,-97.7,439500626.6800887,606.7,514.0,-413.8,0
2026-04-09T11:32:30.941970+00:00,278.64,86.75,278.64,86.75,-98.7,439500626.6800887,561.1,513.9,-382.8,0
2026-04-09T11:32:31.280940+00:00,277.78,87.05,277.78,87.05,-96.7,439500529.26544064,509.9,513.7,-347.8,0
2026-04-09T11:32:31.604855+00:00,276.86,87.31,276.86,87.31,-95.7,439500529.26544064,464.3,513.6,-316.7,0
2026-04-09T11:32:31.968828+00:00,275.67,87.58,275.67,87.58,-96.7,439500435.92662334,416.0,513.5,-283.8,0
2026-04-09T11:32:32.293687+00:00,274.17,87.85,274.17,87.85,-98.7,439500435.92662334,367.3,513.4,-250.6,0
2026-04-09T11:32:32.636838+00:00,272.23,88.13,272.23,88.13,-96.7,439500338.8074553,318.8,513.4,-217.5,0
2026-04-09T11:32:32.980851+00:00,269.81,88.38,269.81,88.38,-99.7,439500338.8074553,273.1,513.3,-186.3,0
2026-04-09T11:32:33.324921+00:00,266.02,88.66,266.02,88.66,-95.7,439500241.85402364,221.7,513.2,-151.3,0
2026-04-09T11:32:33.648869+00:00,261.11,88.90,261.11,88.9,-94.7,439500241.85402364,176.7,513.2,-120.5,0
2026-04-09T11:32:34.012877+00:00,252.80,89.14,252.8,89.14,-100.7,439500147.5236067,128.0,513.1,-87.3,0
2026-04-09T11:32:34.337828+00:00,238.61,89.35,238.61,89.35,-99.7,439500147.5236067,79.5,513.1,-54.2,0
2026-04-09T11:32:34.685741+00:00,213.59,89.50,213.59,89.5,-91.7,439500050.1868103,30.2,513.1,-20.6,0
2026-04-09T11:32:35.034161+00:00,182.81,89.50,182.81,89.5,-94.7,439500050.1868103,-16.0,513.1,10.9,0
2026-04-09T11:32:35.378013+00:00,156.14,89.36,156.14,89.36,-92.7,439499951.81038684,-67.6,513.1,46.1,0
2026-04-09T11:32:35.702445+00:00,142.33,89.16,142.33,89.16,-91.7,439499951.81038684,-113.8,513.1,77.6,0
2026-04-09T11:32:36.070028+00:00,133.75,88.92,133.75,88.92,-95.7,439499857.41144055,-162.5,513.2,110.8,0
2026-04-09T11:32:36.397940+00:00,128.35,88.66,128.35,88.66,-92.7,439499857.41144055,-211.5,513.2,144.3,0
2026-04-09T11:32:36.745637+00:00,124.70,88.39,124.7,88.39,-91.7,439499759.1937909,-260.8,513.3,177.9,0
2026-04-09T11:32:37.090279+00:00,122.28,88.13,122.28,88.13,-95.7,439499759.1937909,-306.3,513.3,208.9,0
2026-04-09T11:32:37.437920+00:00,120.20,87.84,120.2,87.84,-95.7,439499661.5107523,-358.4,513.4,244.5,0
2026-04-09T11:32:37.762536+00:00,118.78,87.58,118.78,87.58,-95.7,439499661.5107523,-404.5,513.5,275.9,0
2026-04-09T11:32:38.130137+00:00,117.58,87.31,117.58,87.31,-101.7,439499566.7367014,-453.1,513.6,309.1,0
2026-04-09T11:32:38.459006+00:00,116.61,87.03,116.61,87.03,-97.7,439499566.7367014,-502.0,513.7,342.4,0
2026-04-09T11:32:38.801697+00:00,115.80,86.75,115.8,86.75,-91.7,439499468.6669371,-550.5,513.8,375.5,0
2026-04-09T11:32:39.150260+00:00,115.15,86.49,115.15,86.49,-94.7,439499468.6669371,-596.5,514.0,406.9,0
2026-04-09T11:32:39.493934+00:00,114.53,86.19,114.53,86.19,-95.7,439499371.46994525,-648.4,514.1,442.3,0
2026-04-09T11:32:39.821661+00:00,114.06,85.93,114.06,85.93,-95.7,439499371.46994525,-693.7,514.3,473.2,0
2026-04-09T11:32:40.190270+00:00,113.62,85.65,113.62,85.65,-97.7,439499277.2361202,-742.7,514.4,506.6,0
2026-04-09T11:32:40.514508+00:00,113.23,85.37,113.23,85.37,-95.7,439499277.2361202,-791.3,514.6,539.7,0
2026-04-09T11:32:40.862365+00:00,112.89,85.09,112.89,85.09,-94.7,439499180.164935,-839.5,514.8,572.7,0
2026-04-09T11:32:41.210061+00:00,112.60,84.83,112.6,84.83,-94.7,439499180.164935,-885.3,515.0,603.9,0
2026-04-09T11:32:41.557776+00:00,112.31,84.53,112.31,84.53,-97.7,439499082.9429786,-936.8,515.2,639.0,0
2026-04-09T11:32:41.881730+00:00,112.08,84.27,112.08,84.27,-97.7,439499082.9429786,-981.7,515.5,669.7,0
2026-04-09T11:32:42.250373+00:00,111.85,83.99,111.85,83.99,-96.7,439498989.30060583,-1030.4,515.7,702.9,0
2026-04-09T11:32:42.574350+00:00,111.65,83.71,111.65,83.71,-96.7,439498989.30060583,-1078.7,515.9,735.8,0
2026-04-09T11:32:42.921941+00:00,111.46,83.43,111.46,83.43,-91.7,439498892.99911386,-1126.6,516.2,768.5,0
2026-04-09T11:32:43.271859+00:00,111.30,83.17,111.3,83.17,-97.7,439498892.99911386,-1171.9,516.5,799.4,0
2026-04-09T11:32:43.613791+00:00,111.13,82.87,111.13,82.87,-97.7,439498796.30069566,-1222.4,516.8,833.8,0
2026-04-09T11:32:43.941594+00:00,110.99,82.61,110.99,82.61,-93.7,439498796.30069566,-1267.6,517.0,864.7,0
2026-04-09T11:32:44.310217+00:00,110.85,82.33,110.85,82.33,-99.7,439498703.7753713,-1316.1,517.3,897.7,0
2026-04-09T11:32:44.638254+00:00,110.73,82.05,110.73,82.05,-95.7,439498703.7753713,-1363.6,517.7,930.1,0
2026-04-09T11:32:44.987397+00:00,110.61,81.78,110.61,81.78,-94.7,439498607.8471832,-1411.0,518.0,962.5,0
2026-04-09T11:32:45.330712+00:00,110.51,81.52,110.51,81.52,-95.7,439498607.8471832,-1455.8,518.3,993.0,0
2026-04-09T11:32:45.681821+00:00,110.40,81.22,110.4,81.22,-95.7,439498512.86692935,-1506.4,518.7,1027.5,0
2026-04-09T11:32:46.002478+00:00,110.31,80.96,110.31,80.96,-92.7,439498512.86692935,-1551.1,519.0,1058.0,0
2026-04-09T11:32:46.369946+00:00,110.22,80.68,110.22,80.68,-91.7,439498421.10378206,-1598.1,519.4,1090.1,0
2026-04-09T11:32:46.694550+00:00,110.13,80.41,110.13,80.41,-95.7,439498421.10378206,-1645.3,519.8,1122.3,0
2026-04-09T11:32:47.042468+00:00,110.05,80.13,110.05,80.13,-92.7,439498326.9588986,-1692.2,520.2,1154.3,0
2026-04-09T11:32:47.389931+00:00,109.98,79.88,109.98,79.88,-101.7,439498326.9588986,-1736.4,520.5,1184.5,0
2026-04-09T11:32:47.734416+00:00,109.90,79.59,109.9,79.59,-97.7,439498232.7982669,-1785.7,521.0,1218.1,0
2026-04-09T11:32:48.062294+00:00,109.84,79.33,109.84,79.33,-94.7,439498232.7982669,-1829.8,521.4,1248.2,0
2026-04-09T11:32:48.429926+00:00,109.77,79.05,109.77,79.05,-95.7,439498142.1874226,-1876.8,521.8,1280.2,0
2026-04-09T11:32:48.754449+00:00,109.71,78.78,109.71,78.78,-97.7,439498142.1874226,-1923.3,522.3,1311.9,0
2026-04-09T11:32:49.101986+00:00,109.65,78.51,109.65,78.51,-93.7,439498049.3700407,-1969.5,522.7,1343.4,0
2026-04-09T11:32:49.446970+00:00,109.60,78.25,109.6,78.25,-99.7,439498049.3700407,-2012.6,523.2,1372.8,0
2026-04-09T11:32:49.794273+00:00,109.55,77.96,109.55,77.96,-95.7,439497956.99432427,-2061.7,523.7,1406.3,0
2026-04-09T11:32:50.118001+00:00,109.50,77.71,109.5,77.71,-97.7,439497956.99432427,-2105.1,524.2,1435.9,0
2026-04-09T11:32:50.491413+00:00,109.45,77.44,109.45,77.44,-98.7,439497867.97780615,-2150.7,524.7,1467.1,0
2026-04-09T11:32:50.814657+00:00,109.40,77.17,109.4,77.17,-95.7,439497867.97780615,-2196.4,525.2,1498.2,0
2026-04-09T11:32:51.161948+00:00,109.36,76.89,109.36,76.89,-96.7,439497776.07775694,-2242.4,525.7,1529.6,0
2026-04-09T11:32:51.506412+00:00,109.32,76.64,109.32,76.64,-97.7,439497776.07775694,-2285.3,526.2,1558.9,0
2026-04-09T11:32:51.853696+00:00,109.28,76.36,109.28,76.36,-95.7,439497685.3786868,-2333.0,526.8,1591.4,0
2026-04-09T11:32:52.178212+00:00,109.24,76.10,109.24,76.1,-99.7,439497685.3786868,-2375.8,527.3,1620.6,0
2026-04-09T11:32:52.546735+00:00,109.20,75.84,109.2,75.84,-96.7,439497597.83623594,-2420.5,527.9,1651.1,0
2026-04-09T11:32:52.873723+00:00,109.17,75.57,109.17,75.57,-95.7,439497597.83623594,-2465.4,528.4,1681.7,0
2026-04-09T11:32:53.218378+00:00,109.13,75.30,109.13,75.3,-94.7,439497507.78409475,-2510.0,529.0,1712.1,0
2026-04-09T11:32:53.566275+00:00,109.10,75.05,109.1,75.05,-101.7,439497507.78409475,-2552.0,529.6,1740.8,0
2026-04-09T11:32:53.913935+00:00,109.07,74.77,109.07,74.77,-98.7,439497418.70279425,-2599.4,530.2,1773.1,0
2026-04-09T11:32:54.242154+00:00,109.04,74.52,109.04,74.52,-97.7,439497418.70279425,-2641.2,530.8,1801.6,0
2026-04-09T11:32:54.609758+00:00,109.01,74.26,109.01,74.26,-95.7,439497332.3652596,-2685.0,531.5,1831.5,0
2026-04-09T11:32:54.932934+00:00,108.98,73.99,108.98,73.99,-96.7,439497332.3652596,-2729.1,532.1,1861.6,0
2026-04-09T11:32:55.276974+00:00,108.95,73.73,108.95,73.73,-98.7,439497244.7571315,-2772.7,532.7,1891.3,0
2026-04-09T11:32:55.620859+00:00,108.93,73.49,108.93,73.49,-97.7,439497244.7571315,-2813.4,533.4,1919.1,0
2026-04-09T11:32:55.964950+00:00,108.90,73.21,108.9,73.21,-96.7,439497158.12915,-2859.2,534.1,1950.3,0
2026-04-09T11:32:56.288899+00:00,108.88,72.97,108.88,72.97,-97.7,439497158.12915,-2899.6,534.7,1977.9,0
2026-04-09T11:32:56.652896+00:00,108.85,72.71,108.85,72.71,-94.7,439497074.61716443,-2942.6,535.4,2007.2,0
2026-04-09T11:32:56.976894+00:00,108.83,72.45,108.83,72.45,-97.7,439497074.61716443,-2985.2,536.1,2036.2,0
2026-04-09T11:32:57.320927+00:00,108.81,72.19,108.81,72.19,-97.7,439496989.28071415,-3028.3,536.8,2065.7,0
2026-04-09T11:32:57.668926+00:00,108.79,71.94,108.79,71.94,-99.7,439496989.28071415,-3068.2,537.5,2092.9,0
2026-04-09T11:32:58.014755+00:00,108.76,71.67,108.76,71.67,-101.7,439496904.1169572,-3112.8,538.2,2123.3,0
2026-04-09T11:32:58.336916+00:00,108.75,71.43,108.75,71.43,-101.7,439496904.1169572,-3152.2,538.9,2150.2,0
2026-04-09T11:32:58.700900+00:00,108.73,71.18,108.73,71.18,-100.7,439496822.56454873,-3194.3,539.7,2178.9,0
2026-04-09T11:32:59.024970+00:00,108.71,70.92,108.71,70.92,-97.7,439496822.56454873,-3236.4,540.4,2207.6,0
2026-04-09T11:32:59.367915+00:00,108.69,70.67,108.69,70.67,-98.7,439496739.243689,-3277.4,541.2,2235.6,0
2026-04-09T11:32:59.717011+00:00,108.67,70.43,108.67,70.43,-101.7,439496739.243689,-3316.7,541.9,2262.4,0
2026-04-09T11:33:00.061434+00:00,108.65,70.16,108.65,70.16,-97.7,439496656.1565469,-3360.8,542.8,2292.5,0
2026-04-09T11:33:00.384914+00:00,108.64,69.92,108.64,69.92,-102.7,439496656.1565469,-3399.4,543.5,2318.8,0
2026-04-09T11:33:00.748961+00:00,108.62,69.67,108.62,69.67,-97.7,439496576.6628576,-3439.7,544.3,2346.3,0
2026-04-09T11:33:01.072935+00:00,108.60,69.42,108.6,69.42,-94.7,439496576.6628576,-3480.8,545.1,2374.3,0
2026-04-09T11:33:01.416987+00:00,108.59,69.17,108.59,69.17,-99.7,439496495.4644256,-3521.2,545.9,2401.9,0
2026-04-09T11:33:01.760928+00:00,108.57,68.94,108.57,68.94,-97.7,439496495.4644256,-3559.1,546.7,2427.8,0
2026-04-09T11:33:02.104920+00:00,108.56,68.67,108.56,68.67,-100.7,439496415.03658175,-3601.5,547.6,2456.7,0
2026-04-09T11:33:02.429077+00:00,108.54,68.44,108.54,68.44,-97.7,439496415.03658175,-3639.1,548.4,2482.3,0
2026-04-09T11:33:02.792893+00:00,108.53,68.20,108.53,68.2,-99.7,439496337.61127526,-3678.8,549.3,2509.4,0
2026-04-09T11:33:03.116908+00:00,108.52,67.95,108.52,67.95,-99.7,439496337.61127526,-3718.3,550.1,2536.3,0
2026-04-09T11:33:03.466057+00:00,108.50,67.70,108.5,67.7,-97.7,439496258.65517217,-3757.6,551.0,2563.1,0
2026-04-09T11:33:03.808962+00:00,108.49,67.47,108.49,67.47,-100.7,439496258.65517217,-3794.3,551.9,2588.2,0
2026-04-09T11:33:04.152887+00:00,108.48,67.22,108.48,67.22,-99.7,439496179.96034604,-3835.7,552.8,2616.4,0
2026-04-09T11:33:04.476922+00:00,108.47,66.99,108.47,66.99,-99.7,439496179.96034604,-3872.1,553.7,2641.2,0
2026-04-09T11:33:04.841782+00:00,108.45,66.75,108.45,66.75,-97.7,439496104.7508828,-3910.8,554.6,2667.6,0
2026-04-09T11:33:05.165036+00:00,108.44,66.50,108.44,66.5,-97.7,439496104.7508828,-3949.0,555.5,2693.7,0
2026-04-09T11:33:05.509120+00:00,108.43,66.26,108.43,66.26,-102.7,439496028.0045384,-3987.3,556.4,2719.8,0
2026-04-09T11:33:05.852885+00:00,108.42,66.04,108.42,66.04,-100.7,439496028.0045384,-4023.0,557.3,2744.2,0
2026-04-09T11:33:06.197213+00:00,108.41,65.78,108.41,65.78,-101.7,439495952.08067954,-4063.1,558.3,2771.5,0
2026-04-09T11:33:06.521621+00:00,108.40,65.56,108.4,65.56,-101.7,439495952.08067954,-4098.4,559.2,2795.6,0
2026-04-09T11:33:06.884882+00:00,108.39,65.32,108.39,65.32,-100.7,439495878.99650735,-4136.0,560.2,2821.2,0
2026-04-09T11:33:07.207809+00:00,108.38,65.09,108.38,65.09,-98.7,439495878.99650735,-4173.1,561.2,2846.6,0
2026-04-09T11:33:07.552991+00:00,108.37,64.85,108.37,64.85,-99.7,439495804.77309614,-4210.7,562.2,2872.2,0
2026-04-09T11:33:07.896975+00:00,108.36,64.63,108.36,64.63,-98.7,439495804.77309614,-4244.9,563.1,2895.5,0
2026-04-09T11:33:08.240841+00:00,108.35,64.38,108.35,64.38,-97.7,439495730.99313986,-4284.2,564.1,2922.3,0
2026-04-09T11:33:08.564847+00:00,108.34,64.16,108.34,64.16,-97.7,439495730.99313986,-4318.5,565.1,2945.7,0
2026-04-09T11:33:08.929083+00:00,108.33,63.92,108.33,63.92,-99.7,439495660.26654476,-4354.7,566.1,2970.5,0
2026-04-09T11:33:09.252943+00:00,108.32,63.69,108.32,63.69,-101.7,439495660.26654476,-4390.8,567.1,2995.1,0
2026-04-09T11:33:09.596834+00:00,108.31,63.46,108.31,63.46,-97.7,439495588.1598347,-4426.7,568.2,3019.5,0
2026-04-09T11:33:09.940936+00:00,108.30,63.24,108.3,63.24,-98.7,439495588.1598347,-4460.3,569.2,3042.5,0
2026-04-09T11:33:10.284937+00:00,108.30,63.00,108.3,63.0,-101.7,439495516.8501982,-4497.8,570.3,3068.1,0
2026-04-09T11:33:10.608832+00:00,108.29,62.79,108.29,62.79,-96.7,439495516.8501982,-4531.0,571.3,3090.7,0
2026-04-09T11:33:10.972860+00:00,108.28,62.56,108.28,62.56,-99.7,439495448.3770273,-4566.1,572.3,3114.7,0
2026-04-09T11:33:11.297023+00:00,108.27,62.33,108.27,62.33,-97.7,439495448.3770273,-4601.1,573.4,3138.5,0
2026-04-09T11:33:11.644990+00:00,108.26,62.10,108.26,62.1,-97.7,439495378.59031326,-4635.7,574.5,3162.1,0
2026-04-09T11:33:11.988875+00:00,108.26,61.89,108.26,61.89,-99.7,439495378.59031326,-4668.1,575.5,3184.2,0
2026-04-09T11:33:12.332947+00:00,108.25,61.65,108.25,61.65,-99.7,439495309.248128,-4704.5,576.7,3209.1,0
2026-04-09T11:33:12.656858+00:00,108.24,61.44,108.24,61.44,-99.7,439495309.248128,-4736.6,577.7,3230.9,0
2026-04-09T11:33:13.020890+00:00,108.24,61.22,108.24,61.22,-99.7,439495243.0437715,-4771.0,578.9,3254.4,0
2026-04-09T11:33:13.344868+00:00,108.23,61.00,108.23,61.0,-95.7,439495243.0437715,-4804.7,580.0,3277.4,0
2026-04-09T11:33:13.688869+00:00,108.22,60.77,108.22,60.77,-96.7,439495175.6296669,-4838.2,581.1,3300.3,0
2026-04-09T11:33:14.032855+00:00,108.22,60.57,108.22,60.57,-98.7,439495175.6296669,-4869.6,582.2,3321.7,0
2026-04-09T11:33:14.376865+00:00,108.21,60.33,108.21,60.33,-93.7,439495109.00297236,-4904.7,583.4,3345.6,0
2026-04-09T11:33:14.700957+00:00,108.20,60.13,108.2,60.13,-95.7,439495109.00297236,-4935.7,584.5,3366.8,0
2026-04-09T11:33:15.071053+00:00,108.20,59.91,108.2,59.91,-95.7,439495045.060272,-4968.5,585.6,3389.1,0
2026-04-09T11:33:15.393758+00:00,108.19,59.69,108.19,59.69,-95.7,439495045.060272,-5001.3,586.8,3411.5,0
2026-04-09T11:33:15.742454+00:00,108.19,59.47,108.19,59.47,-95.7,439494979.51662403,-5033.8,588.0,3433.7,0
2026-04-09T11:33:16.090000+00:00,108.18,59.27,108.18,59.27,-99.7,439494979.51662403,-5064.4,589.1,3454.5,0
2026-04-09T11:33:16.437540+00:00,108.17,59.04,108.17,59.04,-93.7,439494914.4600965,-5098.3,590.4,3477.7,0
2026-04-09T11:33:16.763091+00:00,108.17,58.84,108.17,58.84,-95.7,439494914.4600965,-5128.4,591.5,3498.2,0
2026-04-09T11:33:17.130993+00:00,108.16,58.62,108.16,58.62,-97.7,439494852.3219966,-5160.1,592.7,3519.8,0
2026-04-09T11:33:17.453911+00:00,108.16,58.41,108.16,58.41,-95.7,439494852.3219966,-5191.8,594.0,3541.4,0
2026-04-09T11:33:17.798933+00:00,108.15,58.19,108.15,58.19,-100.7,439494789.31703,-5223.5,595.2,3563.1,0
2026-04-09T11:33:18.145902+00:00,108.15,57.99,108.15,57.99,-99.7,439494789.31703,-5252.6,596.4,3582.9,0
2026-04-09T11:33:18.494371+00:00,108.14,57.77,108.14,57.77,-98.7,439494726.98279345,-5285.7,597.7,3605.5,0
2026-04-09T11:33:18.817747+00:00,108.14,57.57,108.14,57.57,-95.7,439494726.98279345,-5314.8,598.9,3625.3,0
2026-04-09T11:33:19.186011+00:00,108.13,57.36,108.13,57.36,-96.7,439494667.21801883,-5345.3,600.1,3646.1,0
2026-04-09T11:33:19.511500+00:00,108.13,57.15,108.13,57.15,-97.7,439494667.21801883,-5375.8,601.4,3666.9,0
2026-04-09T11:33:19.858345+00:00,108.12,56.94,108.12,56.94,-101.7,439494606.2520861,-5405.9,602.7,3687.5,0
2026-04-09T11:33:20.206286+00:00,108.12,56.75,108.12,56.75,-95.7,439494606.2520861,-5434.3,603.9,3706.9,0
2026-04-09T11:33:20.549783+00:00,108.11,56.53,108.11,56.53,-101.7,439494545.75931513,-5466.2,605.2,3728.6,0
2026-04-09T11:33:20.877961+00:00,108.11,56.34,108.11,56.34,-97.7,439494545.75931513,-5493.8,606.5,3747.5,0
2026-04-09T11:33:21.246166+00:00,108.10,56.13,108.1,56.13,-100.7,439494488.45483875,-5523.2,607.8,3767.5,0
2026-04-09T11:33:21.575029+00:00,108.10,55.93,108.1,55.93,-98.7,439494488.45483875,-5552.9,609.1,3787.8,0
2026-04-09T11:33:21.917908+00:00,108.10,55.72,108.1,55.72,-92.7,439494429.4975173,-5581.9,610.4,3807.5,0
2026-04-09T11:33:22.266262+00:00,108.09,55.53,108.09,55.53,-96.7,439494429.4975173,-5609.3,611.6,3826.2,0
2026-04-09T11:33:22.614750+00:00,108.09,55.32,108.09,55.32,-94.7,439494371.7982622,-5639.9,613.1,3847.1,0
2026-04-09T11:33:22.937930+00:00,108.08,55.13,108.08,55.13,-96.7,439494371.7982622,-5666.5,614.3,3865.2,0
2026-04-09T11:33:23.306132+00:00,108.08,54.93,108.08,54.93,-95.7,439494316.44477296,-5695.1,615.7,3884.8,0
2026-04-09T11:33:23.630616+00:00,108.08,54.73,108.08,54.73,-97.7,439494316.44477296,-5723.4,617.0,3904.0,0
2026-04-09T11:33:23.977941+00:00,108.07,54.53,108.07,54.53,-98.7,439494260.0952101,-5751.4,618.4,3923.2,0
2026-04-09T11:33:24.328042+00:00,108.07,54.35,108.07,54.35,-95.7,439494260.0952101,-5777.5,619.6,3941.0,0
2026-04-09T11:33:24.673781+00:00,108.06,54.14,108.06,54.14,-96.7,439494204.0903181,-5806.6,621.1,3960.8,0
2026-04-09T11:33:25.001354+00:00,108.06,53.95,108.06,53.95,-96.7,439494204.0903181,-5832.9,622.4,3978.8,0
2026-04-09T11:33:25.365795+00:00,108.06,53.76,108.06,53.76,-97.7,439494150.75904083,-5860.2,623.8,3997.4,0
2026-04-09T11:33:25.690227+00:00,108.05,53.56,108.05,53.56,-97.7,439494150.75904083,-5887.2,625.2,4015.8,0
2026-04-09T11:33:26.043053+00:00,108.05,53.37,108.05,53.37,-98.7,439494096.8933985,-5914.1,626.6,4034.1,0
2026-04-09T11:33:26.385968+00:00,108.05,53.19,108.05,53.19,-94.7,439494096.8933985,-5939.3,627.9,4051.3,0
2026-04-09T11:33:26.734445+00:00,108.04,52.98,108.04,52.98,-95.7,439494043.21566087,-5967.6,629.4,4070.6,0
2026-04-09T11:33:27.062082+00:00,108.04,52.80,108.04,52.8,-95.7,439494043.21566087,-5992.5,630.7,4087.6,0
2026-04-09T11:33:27.429721+00:00,108.04,52.61,108.04,52.61,-92.7,439493991.7405237,-6018.9,632.1,4105.6,0
2026-04-09T11:33:27.754554+00:00,108.04,52.42,108.04,52.42,-96.7,439493991.7405237,-6045.0,633.6,4123.4,0
2026-04-09T11:33:28.102012+00:00,108.03,52.23,108.03,52.23,-94.7,439493939.7206419,-6070.8,635.0,4141.0,0
2026-04-09T11:33:28.450800+00:00,108.03,52.06,108.03,52.06,-96.7,439493939.7206419,-6095.0,636.3,4157.5,0
2026-04-09T11:33:28.794485+00:00,108.03,51.86,108.03,51.86,-95.7,439493888.1352673,-6122.2,637.9,4176.1,0
2026-04-09T11:33:29.122362+00:00,108.02,51.68,108.02,51.68,-93.7,439493888.1352673,-6145.8,639.2,4192.2,0
2026-04-09T11:33:29.466166+00:00,108.02,51.51,108.02,51.51,-97.7,439493888.1352673,-6169.7,640.6,4208.5,0
2026-04-09T11:33:29.794525+00:00,108.02,51.32,108.02,51.32,-91.7,439493888.1352673,-6194.5,642.1,4225.4,0
2026-04-09T11:33:30.137958+00:00,108.02,51.14,108.02,51.14,-94.7,439493790.542244,-6219.5,643.5,4242.5,0
2026-04-09T11:33:30.485943+00:00,108.01,50.97,108.01,50.97,-98.7,439493790.542244,-6242.6,644.9,4258.2,0
2026-04-09T11:33:30.814537+00:00,108.01,50.79,108.01,50.79,-95.7,439493790.542244,-6267.2,646.4,4275.0,0
2026-04-09T11:33:31.138347+00:00,108.01,50.61,108.01,50.61,-97.7,439493790.542244,-6290.2,647.8,4290.7,0
2026-04-09T11:33:31.506440+00:00,108.00,50.43,108.0,50.43,-94.7,439493695.51474553,-6314.3,649.3,4307.1,0
2026-04-09T11:33:31.834210+00:00,108.00,50.25,108.0,50.25,-97.7,439493695.51474553,-6338.4,650.8,4323.5,0
2026-04-09T11:33:32.159407+00:00,108.00,50.08,108.0,50.08,-95.7,439493695.51474553,-6361.0,652.2,4338.9,0
2026-04-09T11:33:32.486657+00:00,108.00,49.92,108.0,49.92,-91.7,439493695.51474553,-6383.1,653.6,4354.1,0
2026-04-09T11:33:32.855035+00:00,108.00,49.73,108.0,49.73,-95.7,439493602.7005849,-6407.9,655.2,4371.0,0
2026-04-09T11:33:33.178282+00:00,107.99,49.56,107.99,49.56,-97.7,439493602.7005849,-6430.0,656.6,4386.0,0
2026-04-09T11:33:33.502666+00:00,107.99,49.40,107.99,49.4,-92.7,439493602.7005849,-6452.0,658.1,4401.0,0
2026-04-09T11:33:33.849835+00:00,107.99,49.22,107.99,49.22,-100.7,439493602.7005849,-6474.9,659.6,4416.7,0
2026-04-09T11:33:34.197948+00:00,107.99,49.04,107.99,49.04,-94.7,439493511.3939565,-6498.0,661.1,4432.4,0
2026-04-09T11:33:34.522048+00:00,107.98,48.88,107.98,48.88,-91.7,439493511.3939565,-6519.4,662.6,4447.0,0
2026-04-09T11:33:34.869747+00:00,107.98,48.71,107.98,48.71,-93.7,439493511.3939565,-6541.9,664.1,4462.4,0
2026-04-09T11:33:35.194410+00:00,107.98,48.54,107.98,48.54,-96.7,439493511.3939565,-6563.1,665.6,4476.8,0
2026-04-09T11:33:35.542352+00:00,107.98,48.37,107.98,48.37,-92.7,439493423.754511,-6585.3,667.1,4492.0,0
2026-04-09T11:33:35.889728+00:00,107.98,48.20,107.98,48.2,-96.7,439493423.754511,-6607.5,668.7,4507.1,0
2026-04-09T11:33:36.213978+00:00,107.97,48.04,107.97,48.04,-98.7,439493423.754511,-6628.0,670.2,4521.1,0
2026-04-09T11:33:36.543108+00:00,107.97,47.88,107.97,47.88,-97.7,439493423.754511,-6648.7,671.6,4535.2,0
2026-04-09T11:33:36.909331+00:00,107.97,47.70,107.97,47.7,-95.7,439493338.22174513,-6671.5,673.3,4550.8,0
2026-04-09T11:33:37.228987+00:00,107.97,47.55,107.97,47.55,-95.7,439493338.22174513,-6691.8,674.8,4564.7,0
2026-04-09T11:33:37.552894+00:00,107.97,47.39,107.97,47.39,-93.7,439493338.22174513,-6711.9,676.3,4578.3,0
2026-04-09T11:33:37.896841+00:00,107.96,47.22,107.96,47.22,-96.7,439493338.22174513,-6733.0,677.9,4592.7,0
2026-04-09T11:33:38.241060+00:00,107.96,47.06,107.96,47.06,-95.7,439493254.70761204,-6753.9,679.4,4607.0,0
2026-04-09T11:33:38.564836+00:00,107.96,46.90,107.96,46.9,-95.7,439493254.70761204,-6773.5,680.9,4620.4,0
2026-04-09T11:33:38.908853+00:00,107.96,46.74,107.96,46.74,-95.7,439493254.70761204,-6794.0,682.5,4634.3,0
2026-04-09T11:33:39.233245+00:00,107.96,46.59,107.96,46.59,-95.7,439493254.70761204,-6813.5,684.0,4647.7,0
2026-04-09T11:33:39.576880+00:00,107.96,46.43,107.96,46.43,-93.7,439493174.48914766,-6833.7,685.6,4661.4,0
2026-04-09T11:33:39.920849+00:00,107.95,46.26,107.95,46.26,-96.7,439493174.48914766,-6853.9,687.2,4675.2,0
2026-04-09T11:33:40.245117+00:00,107.95,46.11,107.95,46.11,-94.7,439493174.48914766,-6872.8,688.7,4688.1,0
2026-04-09T11:33:40.570544+00:00,107.95,45.96,107.95,45.96,-95.7,439493174.48914766,-6891.6,690.2,4700.9,0
2026-04-09T11:33:40.933964+00:00,107.95,45.80,107.95,45.8,-96.7,439493096.39382684,-6911.5,691.9,4714.5,0
2026-04-09T11:33:41.253007+00:00,107.95,45.64,107.95,45.64,-94.7,439493096.39382684,-6931.1,693.5,4727.9,0
2026-04-09T11:33:41.576837+00:00,107.95,45.50,107.95,45.5,-94.7,439493096.39382684,-6949.6,695.0,4740.5,0
2026-04-09T11:33:41.907504+00:00,107.95,45.35,107.95,45.35,-91.7,439493096.39382684,-6967.9,696.6,4752.9,0
2026-04-09T11:33:42.269952+00:00,107.94,45.18,107.94,45.18,-89.7,439493020.4245129,-6988.3,698.3,4766.9,0
2026-04-09T11:33:42.594108+00:00,107.94,45.03,107.94,45.03,-95.7,439493020.4245129,-7006.6,699.9,4779.4,0
2026-04-09T11:33:42.921936+00:00,107.94,44.89,107.94,44.89,-95.7,439493020.4245129,-7024.4,701.4,4791.5,0
2026-04-09T11:33:43.271273+00:00,107.94,44.73,107.94,44.73,-96.7,439493020.4245129,-7043.6,703.1,4804.6,0
2026-04-09T11:33:43.619058+00:00,107.94,44.58,107.94,44.58,-95.7,439492945.0751054,-7062.3,704.7,4817.3,0
2026-04-09T11:33:43.941730+00:00,107.94,44.43,107.94,44.43,-97.7,439492945.0751054,-7080.0,706.3,4829.4,0
2026-04-09T11:33:44.290007+00:00,107.94,44.28,107.94,44.28,-92.7,439492945.0751054,-7098.8,708.0,4842.2,0
2026-04-09T11:33:44.617105+00:00,107.93,44.13,107.93,44.13,-94.7,439492945.0751054,-7116.3,709.6,4854.2,0
2026-04-09T11:33:44.961970+00:00,107.93,43.98,107.93,43.98,-93.7,439492872.754363,-7134.6,711.3,4866.6,0
2026-04-09T11:33:45.311139+00:00,107.93,43.83,107.93,43.83,-92.7,439492872.754363,-7152.6,712.9,4879.0,0
2026-04-09T11:33:45.633547+00:00,107.93,43.69,107.93,43.69,-95.7,439492872.754363,-7169.7,714.5,4890.6,0
2026-04-09T11:33:45.962332+00:00,107.93,43.54,107.93,43.54,-94.7,439492872.754363,-7186.8,716.2,4902.3,0
2026-04-09T11:33:46.327042+00:00,107.93,43.39,107.93,43.39,-92.7,439492802.46012753,-7205.6,717.9,4915.1,0
2026-04-09T11:33:46.653987+00:00,107.93,43.24,107.93,43.24,-96.7,439492802.46012753,-7222.4,719.6,4926.5,0
2026-04-09T11:33:46.978359+00:00,107.93,43.10,107.93,43.1,-94.7,439492802.46012753,-7239.0,721.2,4937.9,0
2026-04-09T11:33:47.326155+00:00,107.92,42.96,107.92,42.96,-92.7,439492802.46012753,-7256.5,722.9,4949.8,0
2026-04-09T11:33:47.669935+00:00,107.92,42.81,107.92,42.81,-95.7,439492733.1637552,-7273.9,724.6,4961.7,0
2026-04-09T11:33:47.998534+00:00,107.92,42.67,107.92,42.67,-92.7,439492733.1637552,-7290.0,726.2,4972.7,0
2026-04-09T11:33:48.347252+00:00,107.92,42.52,107.92,42.52,-89.7,439492733.1637552,-7307.2,727.9,4984.4,0
2026-04-09T11:33:48.669470+00:00,107.92,42.39,107.92,42.39,-94.7,439492733.1637552,-7323.1,729.6,4995.2,0
2026-04-09T11:33:49.019392+00:00,107.92,42.24,107.92,42.24,-95.7,439492666.79296887,-7340.1,731.3,5006.9,0
2026-04-09T11:33:49.362145+00:00,107.92,42.10,107.92,42.1,-95.7,439492666.79296887,-7357.0,733.0,5018.3,0
2026-04-09T11:33:49.689983+00:00,107.92,41.96,107.92,41.96,-94.7,439492666.79296887,-7372.5,734.7,5028.9,0
2026-04-09T11:33:50.017950+00:00,107.92,41.83,107.92,41.83,-95.7,439492666.79296887,-7388.2,736.3,5039.6,0
2026-04-09T11:33:50.381745+00:00,107.92,41.69,107.92,41.69,-93.7,439492601.98698086,-7404.5,738.1,5050.8,0
2026-04-09T11:33:50.706402+00:00,107.91,41.55,107.91,41.55,-95.7,439492601.98698086,-7420.8,739.8,5061.9,0
2026-04-09T11:33:51.034036+00:00,107.91,41.41,107.91,41.41,-93.7,439492601.98698086,-7436.0,741.5,5072.2,0
2026-04-09T11:33:51.357741+00:00,107.91,41.28,107.91,41.28,-95.7,439492601.98698086,-7451.2,743.1,5082.6,0
2026-04-09T11:33:51.726267+00:00,107.91,41.13,107.91,41.13,-93.7,439492539.38287747,-7468.1,745.0,5094.1,0
2026-04-09T11:33:52.048845+00:00,107.91,41.00,107.91,41.0,-97.7,439492539.38287747,-7483.1,746.6,5104.4,0
2026-04-09T11:33:52.372867+00:00,107.91,40.87,107.91,40.87,-90.7,439492539.38287747,-7497.8,748.3,5114.4,0
2026-04-09T11:33:52.716889+00:00,107.91,40.74,107.91,40.74,-93.7,439492539.38287747,-7513.2,750.0,5124.9,0
2026-04-09T11:33:53.060859+00:00,107.91,40.60,107.91,40.6,-97.7,439492477.6191553,-7528.6,751.8,5135.4,0
2026-04-09T11:33:53.384862+00:00,107.91,40.47,107.91,40.47,-97.7,439492477.6191553,-7543.0,753.5,5145.2,0
2026-04-09T11:33:53.728965+00:00,107.91,40.34,107.91,40.34,-95.7,439492477.6191553,-7558.2,755.2,5155.6,0
2026-04-09T11:33:54.052866+00:00,107.91,40.21,107.91,40.21,-97.7,439492477.6191553,-7572.4,756.9,5165.3,0
2026-04-09T11:33:54.396836+00:00,107.91,40.07,107.91,40.07,-97.7,439492418.57486075,-7587.5,758.7,5175.6,0
2026-04-09T11:33:54.737252+00:00,107.90,39.94,107.9,39.94,-92.7,439492418.57486075,-7602.4,760.5,5185.7,0
2026-04-09T11:33:55.060872+00:00,107.90,39.82,107.9,39.82,-91.7,439492418.57486075,-7616.3,762.2,5195.2,0
2026-04-09T11:33:55.384958+00:00,107.90,39.69,107.9,39.69,-92.7,439492418.57486075,-7630.1,763.8,5204.7,0
2026-04-09T11:33:55.748901+00:00,107.90,39.56,107.9,39.56,-98.7,439492361.29651207,-7644.7,765.6,5214.6,0
2026-04-09T11:33:56.072871+00:00,107.90,39.43,107.9,39.43,-95.7,439492361.29651207,-7659.2,767.4,5224.5,0
2026-04-09T11:33:56.396836+00:00,107.90,39.30,107.9,39.3,-94.7,439492361.29651207,-7672.8,769.1,5233.8,0
2026-04-09T11:33:56.720918+00:00,107.90,39.18,107.9,39.18,-95.7,439492361.29651207,-7686.2,770.8,5243.0,0
2026-04-09T11:33:57.089764+00:00,107.90,39.04,107.9,39.04,-93.7,439492305.41903734,-7701.3,772.7,5253.2,0
2026-04-09T11:33:57.414958+00:00,107.90,38.92,107.9,38.92,-94.7,439492305.41903734,-7714.5,774.4,5262.2,0
2026-04-09T11:33:57.744043+00:00,107.90,38.80,107.9,38.8,-89.7,439492305.41903734,-7727.9,776.2,5271.3,0
2026-04-09T11:33:58.085720+00:00,107.90,38.67,107.9,38.67,-93.7,439492305.41903734,-7741.8,778.0,5280.8,0
2026-04-09T11:33:58.433928+00:00,107.90,38.54,107.9,38.54,-91.7,439492249.8944653,-7755.8,779.8,5290.4,0
2026-04-09T11:33:58.758445+00:00,107.90,38.42,107.9,38.42,-92.7,439492249.8944653,-7768.8,781.6,5299.3,0
2026-04-09T11:33:59.105183+00:00,107.90,38.29,107.9,38.29,-94.7,439492249.8944653,-7782.5,783.4,5308.6,0
2026-04-09T11:33:59.428846+00:00,107.90,38.17,107.9,38.17,-95.7,439492249.8944653,-7795.2,785.1,5317.2,0
2026-04-09T11:33:59.774112+00:00,107.90,38.05,107.9,38.05,-92.7,439492196.7600406,-7808.6,786.9,5326.4,0
2026-04-09T11:34:00.122080+00:00,107.90,37.92,107.9,37.92,-90.7,439492196.7600406,-7822.0,788.8,5335.5,0
2026-04-09T11:34:00.436838+00:00,107.89,37.81,107.89,37.81,-94.7,439492196.7600406,-7834.4,790.5,5344.0,0
2026-04-09T11:34:00.761888+00:00,107.89,37.69,107.89,37.69,-89.7,439492196.7600406,-7846.8,792.2,5352.5,0
2026-04-09T11:34:01.124848+00:00,107.89,37.57,107.89,37.57,-97.7,439492145.4431012,-7859.9,794.1,5361.4,0
2026-04-09T11:34:01.448847+00:00,107.89,37.44,107.89,37.44,-91.7,439492145.4431012,-7872.9,795.9,5370.3,0
2026-04-09T11:34:01.772889+00:00,107.89,37.33,107.89,37.33,-96.7,439492145.4431012,-7885.0,797.7,5378.5,0
2026-04-09T11:34:02.096838+00:00,107.89,37.21,107.89,37.21,-95.7,439492145.4431012,-7896.9,799.4,5386.7,0
2026-04-09T11:34:02.440849+00:00,107.89,37.09,107.89,37.09,-92.7,439492145.4431012,-7909.7,801.2,5395.4,0
2026-04-09T11:34:02.765104+00:00,107.89,36.98,107.89,36.98,-91.7,439492145.4431012,-7921.5,803.0,5403.4,0
2026-04-09T11:34:03.109982+00:00,107.89,36.86,107.89,36.86,-92.7,439492070.9269166,-7934.1,804.8,5412.0,0
2026-04-09T11:34:03.453989+00:00,107.89,36.74,107.89,36.74,-89.7,439492070.9269166,-7946.6,806.7,5420.5,0
2026-04-09T11:34:03.773042+00:00,107.89,36.63,107.89,36.63,-94.7,439492070.9269166,-7958.2,808.5,5428.4,0
2026-04-09T11:34:04.101980+00:00,107.89,36.51,107.89,36.51,-89.7,439492070.9269166,-7969.8,810.2,5436.4,0
2026-04-09T11:34:04.445952+00:00,107.89,36.40,107.89,36.4,-95.7,439492070.9269166,-7981.4,812.0,5444.3,0
2026-04-09T11:34:04.774433+00:00,107.89,36.28,107.89,36.28,-94.7,439492070.9269166,-7993.5,813.9,5452.6,0
2026-04-09T11:34:05.118106+00:00,107.89,36.17,107.89,36.17,-99.7,439491999.178836,-8005.6,815.8,5460.8,0
2026-04-09T11:34:05.466317+00:00,107.89,36.05,107.89,36.05,-96.7,439491999.178836,-8017.0,817.6,5468.6,0
2026-04-09T11:34:05.795232+00:00,107.89,35.94,107.89,35.94,-96.7,439491999.178836,-8029.0,819.5,5476.8,0
2026-04-09T11:34:06.121935+00:00,107.89,35.83,107.89,35.83,-99.7,439491999.178836,-8040.2,821.3,5484.4,0
2026-04-09T11:34:06.466125+00:00,107.89,35.71,107.89,35.71,-95.7,439491999.178836,-8051.4,823.1,5492.0,0
2026-04-09T11:34:06.794128+00:00,107.89,35.60,107.89,35.6,-96.7,439491999.178836,-8063.0,824.9,5500.0,0
2026-04-09T11:34:07.138267+00:00,107.89,35.48,107.89,35.48,-93.7,439491929.9547622,-8074.8,826.9,5508.0,0
2026-04-09T11:34:07.486136+00:00,107.89,35.38,107.89,35.38,-93.7,439491929.9547622,-8085.6,828.6,5515.3,0
2026-04-09T11:34:07.813924+00:00,107.89,35.26,107.89,35.26,-94.7,439491929.9547622,-8097.1,830.6,5523.2,0
2026-04-09T11:34:08.141924+00:00,107.89,35.15,107.89,35.15,-97.7,439491929.9547622,-8107.9,832.4,5530.6,0
2026-04-09T11:34:08.491438+00:00,107.89,35.05,107.89,35.05,-95.7,439491929.9547622,-8118.6,834.2,5537.9,0
2026-04-09T11:34:08.814659+00:00,107.89,34.93,107.89,34.93,-97.7,439491929.9547622,-8129.9,836.1,5545.6,0
2026-04-09T11:34:09.163065+00:00,107.89,34.82,107.89,34.82,-94.7,439491863.4823284,-8141.0,838.0,5553.2,0
2026-04-09T11:34:09.505894+00:00,107.89,34.71,107.89,34.71,-92.7,439491863.4823284,-8151.4,839.8,5560.2,0
2026-04-09T11:34:09.833620+00:00,107.89,34.60,107.89,34.6,-91.7,439491863.4823284,-8162.5,841.8,5567.8,0
2026-04-09T11:34:10.162952+00:00,107.89,34.50,107.89,34.5,-91.7,439491863.4823284,-8172.8,843.6,5574.9,0
2026-04-09T11:34:10.486605+00:00,107.89,34.39,107.89,34.39,-91.7,439491863.4823284,-8183.0,845.4,5581.8,0
2026-04-09T11:34:10.833647+00:00,107.89,34.28,107.89,34.28,-92.7,439491863.4823284,-8193.9,847.4,5589.2,0
2026-04-09T11:34:11.178281+00:00,107.88,34.17,107.88,34.17,-89.7,439491799.7128583,-8204.5,849.3,5596.5,0
2026-04-09T11:34:11.506430+00:00,107.88,34.07,107.88,34.07,-92.7,439491799.7128583,-8214.6,851.1,5603.4,0
2026-04-09T11:34:11.853784+00:00,107.88,33.96,107.88,33.96,-88.7,439491799.7128583,-8225.3,853.1,5610.6,0
2026-04-09T11:34:12.178271+00:00,107.88,33.86,107.88,33.86,-89.7,439491799.7128583,-8235.0,854.9,5617.3,0
2026-04-09T11:34:12.502671+00:00,107.88,33.76,107.88,33.76,-95.7,439491799.7128583,-8245.0,856.7,5624.1,0
2026-04-09T11:34:12.849735+00:00,107.88,33.65,107.88,33.65,-99.7,439491799.7128583,-8254.7,858.5,5630.7,0
2026-04-09T11:34:13.199027+00:00,107.88,33.54,107.88,33.54,-91.7,439491738.55973667,-8265.6,860.6,5638.1,0
2026-04-09T11:34:13.522410+00:00,107.88,33.44,107.88,33.44,-91.7,439491738.55973667,-8275.2,862.4,5644.7,0
2026-04-09T11:34:13.869533+00:00,107.88,33.34,107.88,33.34,-96.7,439491738.55973667,-8284.8,864.3,5651.2,0
2026-04-09T11:34:14.195640+00:00,107.88,33.23,107.88,33.23,-92.7,439491738.55973667,-8294.9,866.3,5658.1,0
2026-04-09T11:34:14.523547+00:00,107.88,33.13,107.88,33.13,-89.7,439491738.55973667,-8304.3,868.1,5664.6,0
2026-04-09T11:34:14.846121+00:00,107.88,33.04,107.88,33.04,-88.7,439491738.55973667,-8313.7,869.9,5670.9,0
2026-04-09T11:34:15.218962+00:00,107.88,32.92,107.88,32.92,-89.7,439491680.38159317,-8324.2,872.0,5678.1,0
2026-04-09T11:34:15.538064+00:00,107.88,32.82,107.88,32.82,-95.7,439491680.38159317,-8333.5,873.9,5684.4,0
2026-04-09T11:34:15.865520+00:00,107.88,32.73,107.88,32.73,-95.7,439491680.38159317,-8342.6,875.7,5690.7,0
2026-04-09T11:34:16.215372+00:00,107.88,32.62,107.88,32.62,-92.7,439491680.38159317,-8352.3,877.7,5697.3,0
2026-04-09T11:34:16.538022+00:00,107.88,32.53,107.88,32.53,-94.7,439491680.38159317,-8361.4,879.6,5703.5,0
2026-04-09T11:34:16.865545+00:00,107.88,32.43,107.88,32.43,-88.7,439491680.38159317,-8370.5,881.4,5709.7,0
2026-04-09T11:34:17.230786+00:00,107.88,32.33,107.88,32.33,-93.7,439491623.83338827,-8379.9,883.4,5716.1,0
2026-04-09T11:34:17.557810+00:00,107.88,32.22,107.88,32.22,-91.7,439491623.83338827,-8389.4,885.4,5722.6,0
2026-04-09T11:34:17.881535+00:00,107.88,32.13,107.88,32.13,-95.7,439491623.83338827,-8398.3,887.3,5728.7,0
2026-04-09T11:34:18.230079+00:00,107.88,32.03,107.88,32.03,-91.7,439491623.83338827,-8407.1,889.1,5734.6,0
2026-04-09T11:34:18.553941+00:00,107.88,31.93,107.88,31.93,-99.7,439491623.83338827,-8416.3,891.1,5741.0,0
2026-04-09T11:34:18.882064+00:00,107.88,31.84,107.88,31.84,-89.7,439491623.83338827,-8424.9,893.0,5746.8,0
2026-04-09T11:34:19.246390+00:00,107.88,31.74,107.88,31.74,-91.7,439491569.57296723,-8434.0,895.0,5753.0,0
2026-04-09T11:34:19.574294+00:00,107.88,31.64,107.88,31.64,-95.7,439491569.57296723,-8443.1,897.0,5759.2,0
2026-04-09T11:34:19.897987+00:00,107.88,31.54,107.88,31.54,-94.7,439491569.57296723,-8451.7,898.8,5765.1,0
2026-04-09T11:34:20.231143+00:00,107.88,31.45,107.88,31.45,-94.7,439491569.57296723,-8460.1,900.7,5770.8,0
2026-04-09T11:34:20.569960+00:00,107.88,31.35,107.88,31.35,-92.7,439491569.57296723,-8469.0,902.7,5776.9,0
2026-04-09T11:34:20.898332+00:00,107.88,31.26,107.88,31.26,-93.7,439491569.57296723,-8477.3,904.6,5782.5,0
2026-04-09T11:34:21.246776+00:00,107.88,31.16,107.88,31.16,-90.7,439491517.4263841,-8486.1,906.6,5788.6,0
2026-04-09T11:34:21.590261+00:00,107.88,31.07,107.88,31.07,-93.7,439491517.4263841,-8494.8,908.6,5794.5,0
2026-04-09T11:34:21.919111+00:00,107.88,30.97,107.88,30.97,-97.7,439491517.4263841,-8503.0,910.5,5800.1,0
2026-04-09T11:34:22.242068+00:00,107.88,30.88,107.88,30.88,-95.7,439491517.4263841,-8511.1,912.4,5805.6,0
2026-04-09T11:34:22.590606+00:00,107.88,30.79,107.88,30.79,-92.7,439491517.4263841,-8519.2,914.3,5811.1,0
2026-04-09T11:34:22.918951+00:00,107.88,30.70,107.88,30.7,-94.7,439491517.4263841,-8527.7,916.3,5816.9,0
2026-04-09T11:34:23.261827+00:00,107.88,30.60,107.88,30.6,-95.7,439491467.19034386,-8536.1,918.3,5822.7,0
2026-04-09T11:34:23.610327+00:00,107.88,30.51,107.88,30.51,-95.7,439491467.19034386,-8544.1,920.2,5828.1,0
2026-04-09T11:34:23.933922+00:00,107.88,30.42,107.88,30.42,-91.7,439491467.19034386,-8552.4,922.3,5833.8,0
2026-04-09T11:34:24.262430+00:00,107.88,30.33,107.88,30.33,-94.7,439491467.19034386,-8560.2,924.1,5839.1,0
2026-04-09T11:34:24.606192+00:00,107.88,30.24,107.88,30.24,-95.7,439491467.19034386,-8568.0,926.1,5844.4,0
2026-04-09T11:34:24.933926+00:00,107.88,30.14,107.88,30.14,-97.7,439491467.19034386,-8576.1,928.1,5850.0,0
2026-04-09T11:34:25.263515+00:00,107.88,30.06,107.88,30.06,-89.7,439491467.19034386,-8583.8,930.0,5855.2,0
2026-04-09T11:34:25.586328+00:00,107.89,29.97,107.89,29.97,-94.7,439491467.19034386,-8591.3,931.9,5860.3,0
2026-04-09T11:34:25.954293+00:00,107.89,29.87,107.89,29.87,-91.7,439491403.8160103,-8599.9,934.1,5866.2,0
2026-04-09T11:34:26.278636+00:00,107.89,29.78,107.89,29.78,-92.7,439491403.8160103,-8607.4,936.0,5871.3,0
2026-04-09T11:34:26.605905+00:00,107.89,29.70,107.89,29.7,-90.7,439491403.8160103,-8614.8,937.9,5876.4,0
2026-04-09T11:34:26.950237+00:00,107.89,29.61,107.89,29.61,-94.7,439491403.8160103,-8622.7,939.9,5881.7,0
2026-04-09T11:34:27.278009+00:00,107.89,29.52,107.89,29.52,-93.7,439491403.8160103,-8630.1,941.8,5886.8,0
2026-04-09T11:34:27.601948+00:00,107.89,29.43,107.89,29.43,-93.7,439491403.8160103,-8637.4,943.8,5891.8,0
2026-04-09T11:34:27.950270+00:00,107.89,29.35,107.89,29.35,-95.7,439491403.8160103,-8644.6,945.7,5896.7,0
2026-04-09T11:34:28.274090+00:00,107.89,29.26,107.89,29.26,-94.7,439491403.8160103,-8652.3,947.7,5901.9,0
2026-04-09T11:34:28.621948+00:00,107.89,29.17,107.89,29.17,-92.7,439491343.1696945,-8659.9,949.8,5907.1,0
2026-04-09T11:34:28.970834+00:00,107.89,29.08,107.89,29.08,-95.7,439491343.1696945,-8667.0,951.7,5912.0,0
2026-04-09T11:34:29.294425+00:00,107.89,28.99,107.89,28.99,-91.7,439491343.1696945,-8674.5,953.7,5917.1,0
2026-04-09T11:34:29.618265+00:00,107.89,28.91,107.89,28.91,-92.7,439491343.1696945,-8681.6,955.7,5921.9,0
2026-04-09T11:34:29.945926+00:00,107.89,28.83,107.89,28.83,-95.7,439491343.1696945,-8688.6,957.6,5926.7,0
2026-04-09T11:34:30.299445+00:00,107.89,28.74,107.89,28.74,-95.7,439491343.1696945,-8696.0,959.7,5931.7,0
2026-04-09T11:34:30.617794+00:00,107.89,28.66,107.89,28.66,-93.7,439491343.1696945,-8702.9,961.6,5936.4,0
2026-04-09T11:34:30.943569+00:00,107.89,28.57,107.89,28.57,-91.7,439491343.1696945,-8709.8,963.5,5941.1,0
2026-04-09T11:34:31.313964+00:00,107.89,28.49,107.89,28.49,-97.7,439491285.940022,-8717.0,965.6,5946.0,0
2026-04-09T11:34:31.637658+00:00,107.89,28.40,107.89,28.4,-92.7,439491285.940022,-8724.2,967.6,5950.9,0
2026-04-09T11:34:31.961918+00:00,107.89,28.32,107.89,28.32,-91.7,439491285.940022,-8731.0,969.6,5955.6,0
2026-04-09T11:34:32.290723+00:00,107.89,28.24,107.89,28.24,-90.7,439491285.940022,-8737.6,971.5,5960.1,0
2026-04-09T11:34:32.634328+00:00,107.89,28.15,107.89,28.15,-91.7,439491285.940022,-8744.7,973.6,5965.0,0
2026-04-09T11:34:32.962293+00:00,107.89,28.07,107.89,28.07,-95.7,439491285.940022,-8751.3,975.5,5969.4,0
2026-04-09T11:34:33.285956+00:00,107.89,27.99,107.89,27.99,-93.7,439491285.940022,-8757.9,977.5,5973.9,0
2026-04-09T11:34:33.633758+00:00,107.89,27.91,107.89,27.91,-95.7,439491285.940022,-8764.3,979.4,5978.4,0
2026-04-09T11:34:33.978144+00:00,107.89,27.82,107.89,27.82,-97.7,439491231.12197155,-8771.7,981.6,5983.4,0
2026-04-09T11:34:34.305816+00:00,107.89,27.74,107.89,27.74,-94.7,439491231.12197155,-8778.1,983.6,5987.7,0
2026-04-09T11:34:34.649715+00:00,107.89,27.66,107.89,27.66,-92.7,439491231.12197155,-8784.5,985.5,5992.1,0
2026-04-09T11:34:34.978568+00:00,107.89,27.57,107.89,27.57,-97.7,439491231.12197155,-8791.2,987.6,5996.7,0
2026-04-09T11:34:35.306122+00:00,107.89,27.50,107.89,27.5,-92.7,439491231.12197155,-8797.6,989.6,6001.0,0
2026-04-09T11:34:35.629730+00:00,107.89,27.42,107.89,27.42,-90.7,439491231.12197155,-8803.8,991.5,6005.3,0
2026-04-09T11:34:35.979352+00:00,107.89,27.33,107.89,27.33,-92.7,439491231.12197155,-8810.5,993.6,6009.8,0
2026-04-09T11:34:36.302286+00:00,107.89,27.26,107.89,27.26,-97.7,439491231.12197155,-8816.6,995.5,6014.0,0
2026-04-09T11:34:36.651008+00:00,107.89,27.17,107.89,27.17,-91.7,439491179.4134747,-8823.2,997.6,6018.5,0
2026-04-09T11:34:36.992908+00:00,107.89,27.09,107.89,27.09,-91.7,439491179.4134747,-8829.7,999.7,6022.9,0
2026-04-09T11:34:37.316929+00:00,107.89,27.01,107.89,27.01,-94.7,439491179.4134747,-8835.8,1001.7,6027.1,0
2026-04-09T11:34:37.640849+00:00,107.89,26.94,107.89,26.94,-94.7,439491179.4134747,-8841.8,1003.6,6031.2,0
2026-04-09T11:34:37.985015+00:00,107.89,26.86,107.89,26.86,-96.7,439491179.4134747,-8847.7,1005.6,6035.2,0
2026-04-09T11:34:38.309086+00:00,107.89,26.78,107.89,26.78,-91.7,439491179.4134747,-8854.0,1007.6,6039.5,0
2026-04-09T11:34:38.632845+00:00,107.89,26.71,107.89,26.71,-93.7,439491179.4134747,-8859.9,1009.6,6043.6,0
2026-04-09T11:34:38.956851+00:00,107.89,26.63,107.89,26.63,-93.7,439491179.4134747,-8865.8,1011.6,6047.6,0
2026-04-09T11:34:39.302206+00:00,107.89,26.55,107.89,26.55,-93.7,439491179.4134747,-8872.0,1013.6,6051.8,0
2026-04-09T11:34:39.624852+00:00,107.90,26.48,107.9,26.48,-89.7,439491179.4134747,-8877.8,1015.6,6055.7,0
2026-04-09T11:34:39.965008+00:00,107.90,26.40,107.9,26.4,-91.7,439491118.5230617,-8883.9,1017.7,6059.9,0
2026-04-09T11:34:40.313298+00:00,107.90,26.32,107.9,26.32,-93.7,439491118.5230617,-8890.0,1019.8,6064.1,0
2026-04-09T11:34:40.632873+00:00,107.90,26.24,107.9,26.24,-94.7,439491118.5230617,-8895.7,1021.7,6067.9,0
2026-04-09T11:34:40.956844+00:00,107.90,26.17,107.9,26.17,-95.7,439491118.5230617,-8901.4,1023.7,6071.8,0
2026-04-09T11:34:41.300999+00:00,107.90,26.10,107.9,26.1,-92.7,439491118.5230617,-8907.0,1025.7,6075.6,0
2026-04-09T11:34:41.624851+00:00,107.90,26.02,107.9,26.02,-95.7,439491118.5230617,-8912.9,1027.8,6079.7,0
2026-04-09T11:34:41.950338+00:00,107.90,25.94,107.9,25.94,-95.7,439491118.5230617,-8918.5,1029.7,6083.5,0
2026-04-09T11:34:42.278337+00:00,107.90,25.87,107.9,25.87,-95.7,439491118.5230617,-8924.0,1031.7,6087.2,0
2026-04-09T11:34:42.622159+00:00,107.90,25.79,107.9,25.79,-90.7,439491118.5230617,-8929.9,1033.8,6091.3,0
2026-04-09T11:34:42.950542+00:00,107.90,25.72,107.9,25.72,-95.7,439491118.5230617,-8935.3,1035.8,6095.0,0
2026-04-09T11:34:43.294815+00:00,107.90,25.65,107.9,25.65,-95.7,439491061.191026,-8941.1,1037.9,6098.9,0
2026-04-09T11:34:43.642061+00:00,107.90,25.57,107.9,25.57,-94.7,439491061.191026,-8946.9,1040.0,6102.9,0
2026-04-09T11:34:43.970118+00:00,107.90,25.50,107.9,25.5,-92.7,439491061.191026,-8952.3,1042.0,6106.5,0
2026-04-09T11:34:44.293981+00:00,107.90,25.42,107.9,25.42,-95.7,439491061.191026,-8957.6,1044.0,6110.2,0
2026-04-09T11:34:44.641795+00:00,107.90,25.35,107.9,25.35,-93.7,439491061.191026,-8963.0,1046.0,6113.8,0
2026-04-09T11:34:44.965937+00:00,107.90,25.28,107.9,25.28,-95.7,439491061.191026,-8968.6,1048.1,6117.7,0
2026-04-09T11:34:45.290337+00:00,107.90,25.21,107.9,25.21,-94.7,439491061.191026,-8973.8,1050.1,6121.2,0
2026-04-09T11:34:45.622696+00:00,107.90,25.14,107.9,25.14,-96.7,439491061.191026,-8979.0,1052.1,6124.8,0
2026-04-09T11:34:45.963020+00:00,107.90,25.06,107.9,25.06,-91.7,439491061.191026,-8984.6,1054.2,6128.6,0
2026-04-09T11:34:46.290192+00:00,107.90,24.99,107.9,24.99,-95.7,439491061.191026,-8989.7,1056.2,6132.1,0
2026-04-09T11:34:46.634033+00:00,107.90,24.91,107.9,24.91,-95.7,439491007.01578844,-8995.2,1058.4,6135.8,0
2026-04-09T11:34:46.982082+00:00,107.90,24.84,107.9,24.84,-93.7,439491007.01578844,-9000.6,1060.5,6139.5,0
2026-04-09T11:34:47.309638+00:00,107.90,24.77,107.9,24.77,-93.7,439491007.01578844,-9005.7,1062.5,6143.0,0
2026-04-09T11:34:47.635084+00:00,107.90,24.70,107.9,24.7,-93.7,439491007.01578844,-9010.7,1064.5,6146.4,0
2026-04-09T11:34:47.981925+00:00,107.90,24.63,107.9,24.63,-90.7,439491007.01578844,-9016.0,1066.6,6150.0,0
2026-04-09T11:34:48.306816+00:00,107.91,24.56,107.91,24.56,-90.7,439491007.01578844,-9021.0,1068.6,6153.4,0
2026-04-09T11:34:48.634351+00:00,107.91,24.49,107.91,24.49,-96.7,439491007.01578844,-9026.0,1070.6,6156.8,0
2026-04-09T11:34:48.978615+00:00,107.91,24.42,107.91,24.42,-95.7,439491007.01578844,-9030.9,1072.6,6160.2,0
2026-04-09T11:34:49.306060+00:00,107.91,24.35,107.91,24.35,-92.7,439491007.01578844,-9036.1,1074.8,6163.7,0
2026-04-09T11:34:49.629947+00:00,107.91,24.28,107.91,24.28,-91.7,439491007.01578844,-9041.0,1076.8,6167.0,0
2026-04-09T11:34:49.998361+00:00,107.91,24.21,107.91,24.21,-94.7,439490956.0059389,-9046.1,1078.9,6170.5,0
2026-04-09T11:34:50.326240+00:00,107.91,24.14,107.91,24.14,-92.7,439490956.0059389,-9051.2,1081.1,6174.0,0
2026-04-09T11:34:50.653916+00:00,107.91,24.07,107.91,24.07,-92.7,439490956.0059389,-9056.0,1083.1,6177.3,0
2026-04-09T11:34:50.979055+00:00,107.91,24.00,107.91,24.0,-95.7,439490956.0059389,-9060.7,1085.1,6180.5,0
2026-04-09T11:34:51.322278+00:00,107.91,23.93,107.91,23.93,-93.7,439490956.0059389,-9065.7,1087.2,6183.9,0
2026-04-09T11:34:51.649965+00:00,107.91,23.86,107.91,23.86,-89.7,439490956.0059389,-9070.4,1089.2,6187.1,0
2026-04-09T11:34:51.973807+00:00,107.91,23.80,107.91,23.8,-91.7,439490956.0059389,-9075.1,1091.2,6190.3,0
2026-04-09T11:34:52.322105+00:00,107.91,23.73,107.91,23.73,-95.7,439490956.0059389,-9079.7,1093.3,6193.5,0
2026-04-09T11:34:52.645946+00:00,107.91,23.66,107.91,23.66,-91.7,439490956.0059389,-9084.7,1095.4,6196.8,0
2026-04-09T11:34:52.973712+00:00,107.91,23.60,107.91,23.6,-91.7,439490956.0059389,-9089.2,1097.4,6199.9,0
2026-04-09T11:34:53.298363+00:00,107.91,23.53,107.91,23.53,-94.7,439490956.0059389,-9093.8,1099.5,6203.1,0
2026-04-09T11:34:53.646308+00:00,107.91,23.46,107.91,23.46,-91.7,439490956.0059389,-9098.6,1101.6,6206.3,0
2026-04-09T11:34:53.995334+00:00,107.91,23.39,107.91,23.39,-93.7,439490898.5514967,-9103.4,1103.8,6209.6,0
2026-04-09T11:34:54.318023+00:00,107.91,23.33,107.91,23.33,-92.7,439490898.5514967,-9107.9,1105.8,6212.7,0
2026-04-09T11:34:54.666374+00:00,107.91,23.26,107.91,23.26,-95.7,439490898.5514967,-9112.6,1107.9,6215.9,0
2026-04-09T11:34:54.990216+00:00,107.91,23.19,107.91,23.19,-95.7,439490898.5514967,-9117.0,1110.0,6218.9,0
2026-04-09T11:34:55.318158+00:00,107.91,23.13,107.91,23.13,-92.7,439490898.5514967,-9121.4,1112.0,6221.9,0
2026-04-09T11:34:55.666611+00:00,107.92,23.06,107.92,23.06,-90.7,439490898.5514967,-9126.1,1114.2,6225.1,0
2026-04-09T11:34:55.991587+00:00,107.92,23.00,107.92,23.0,-96.7,439490898.5514967,-9130.4,1116.2,6228.0,0
2026-04-09T11:34:56.314052+00:00,107.92,22.93,107.92,22.93,-91.7,439490898.5514967,-9134.7,1118.2,6231.0,0
2026-04-09T11:34:56.661924+00:00,107.92,22.87,107.92,22.87,-91.7,439490898.5514967,-9139.0,1120.2,6233.9,0
2026-04-09T11:34:56.991134+00:00,107.92,22.80,107.92,22.8,-90.7,439490898.5514967,-9143.6,1122.4,6237.0,0
2026-04-09T11:34:57.314751+00:00,107.92,22.74,107.92,22.74,-93.7,439490898.5514967,-9147.8,1124.4,6239.9,0
2026-04-09T11:34:57.661970+00:00,107.92,22.67,107.92,22.67,-95.7,439490898.5514967,-9152.0,1126.5,6242.8,0
2026-04-09T11:34:58.006347+00:00,107.92,22.60,107.92,22.6,-94.7,439490845.0326727,-9156.8,1128.8,6246.0,0
2026-04-09T11:34:58.334478+00:00,107.92,22.54,107.92,22.54,-91.7,439490845.0326727,-9160.9,1130.8,6248.9,0
2026-04-09T11:34:58.678223+00:00,107.92,22.48,107.92,22.48,-92.7,439490845.0326727,-9165.1,1132.9,6251.7,0
2026-04-09T11:34:59.005642+00:00,107.92,22.41,107.92,22.41,-91.7,439490845.0326727,-9169.4,1135.0,6254.7,0
2026-04-09T11:34:59.333617+00:00,107.92,22.35,107.92,22.35,-92.7,439490845.0326727,-9173.6,1137.1,6257.5,0
2026-04-09T11:34:59.658030+00:00,107.92,22.29,107.92,22.29,-89.7,439490845.0326727,-9177.6,1139.1,6260.3,0
2026-04-09T11:35:00.006417+00:00,107.92,22.22,107.92,22.22,-92.7,439490845.0326727,-9182.0,1141.3,6263.2,0
2026-04-09T11:35:00.334118+00:00,107.92,22.16,107.92,22.16,-94.7,439490845.0326727,-9186.0,1143.3,6266.0,0
2026-04-09T11:35:00.658420+00:00,107.92,22.10,107.92,22.1,-91.7,439490845.0326727,-9190.0,1145.3,6268.7,0
2026-04-09T11:35:01.006573+00:00,107.92,22.03,107.92,22.03,-90.7,439490845.0326727,-9194.3,1147.5,6271.6,0
2026-04-09T11:35:01.330344+00:00,107.92,21.97,107.92,21.97,-92.7,439490845.0326727,-9198.2,1149.6,6274.3,0
2026-04-09T11:35:01.659109+00:00,107.92,21.91,107.92,21.91,-92.7,439490845.0326727,-9202.1,1151.6,6277.0,0
2026-04-09T11:35:02.002367+00:00,107.92,21.85,107.92,21.85,-89.7,439490845.0326727,-9206.3,1153.8,6279.8,0
2026-04-09T11:35:02.329890+00:00,107.93,21.79,107.93,21.79,-96.7,439490845.0326727,-9210.2,1155.8,6282.5,0
2026-04-09T11:35:02.673927+00:00,107.93,21.72,107.93,21.72,-88.7,439490787.33986,-9214.3,1158.0,6285.3,0
2026-04-09T11:35:03.022502+00:00,107.93,21.66,107.93,21.66,-94.7,439490787.33986,-9218.4,1160.2,6288.1,0
2026-04-09T11:35:03.349946+00:00,107.93,21.60,107.93,21.6,-91.7,439490787.33986,-9222.2,1162.3,6290.7,0
2026-04-09T11:35:03.674294+00:00,107.93,21.54,107.93,21.54,-93.7,439490787.33986,-9226.0,1164.3,6293.3,0
2026-04-09T11:35:04.021941+00:00,107.93,21.48,107.93,21.48,-93.7,439490787.33986,-9230.1,1166.5,6296.0,0
2026-04-09T11:35:04.347020+00:00,107.93,21.42,107.93,21.42,-91.7,439490787.33986,-9233.8,1168.5,6298.6,0
2026-04-09T11:35:04.674035+00:00,107.93,21.36,107.93,21.36,-92.7,439490787.33986,-9237.6,1170.6,6301.1,0
2026-04-09T11:35:05.017952+00:00,107.93,21.30,107.93,21.3,-90.7,439490787.33986,-9241.3,1172.7,6303.7,0
2026-04-09T11:35:05.346094+00:00,107.93,21.24,107.93,21.24,-93.7,439490787.33986,-9245.2,1174.8,6306.4,0
2026-04-09T11:35:05.670395+00:00,107.93,21.18,107.93,21.18,-92.7,439490787.33986,-9248.9,1176.9,6308.9,0
2026-04-09T11:35:05.997372+00:00,107.93,21.12,107.93,21.12,-89.7,439490787.33986,-9252.5,1178.9,6311.3,0
2026-04-09T11:35:06.342000+00:00,107.93,21.06,107.93,21.06,-93.7,439490787.33986,-9256.4,1181.1,6314.0,0
2026-04-09T11:35:06.669975+00:00,107.93,21.00,107.93,21.0,-95.7,439490787.33986,-9260.0,1183.2,6316.5,0
2026-04-09T11:35:06.992865+00:00,107.93,20.94,107.93,20.94,-93.7,439490787.33986,-9263.6,1185.3,6318.9,0
2026-04-09T11:35:07.356904+00:00,107.93,20.88,107.93,20.88,-94.7,439490734.1431583,-9267.4,1187.4,6321.5,0
2026-04-09T11:35:07.680866+00:00,107.93,20.82,107.93,20.82,-90.7,439490734.1431583,-9271.2,1189.6,6324.1,0
2026-04-09T11:35:08.004981+00:00,107.93,20.76,107.93,20.76,-89.7,439490734.1431583,-9274.6,1191.6,6326.4,0
2026-04-09T11:35:08.328935+00:00,107.94,20.71,107.94,20.71,-93.7,439490734.1431583,-9278.1,1193.7,6328.8,0
2026-04-09T11:35:08.672884+00:00,107.94,20.65,107.94,20.65,-90.7,439490734.1431583,-9281.8,1195.9,6331.3,0
2026-04-09T11:35:08.992893+00:00,107.94,20.59,107.94,20.59,-89.7,439490734.1431583,-9285.3,1197.9,6333.7,0
2026-04-09T11:35:09.317047+00:00,107.94,20.53,107.94,20.53,-90.7,439490734.1431583,-9288.7,1200.0,6336.0,0
2026-04-09T11:35:09.660913+00:00,107.94,20.48,107.94,20.48,-94.7,439490734.1431583,-9292.1,1202.0,6338.4,0
2026-04-09T11:35:09.984971+00:00,107.94,20.42,107.94,20.42,-89.7,439490734.1431583,-9295.7,1204.2,6340.8,0
2026-04-09T11:35:10.309089+00:00,107.94,20.36,107.94,20.36,-92.7,439490734.1431583,-9299.1,1206.3,6343.1,0
2026-04-09T11:35:10.632847+00:00,107.94,20.31,107.94,20.31,-91.7,439490734.1431583,-9302.5,1208.3,6345.4,0
2026-04-09T11:35:10.976844+00:00,107.94,20.25,107.94,20.25,-88.7,439490734.1431583,-9306.0,1210.5,6347.8,0
2026-04-09T11:35:11.305119+00:00,107.94,20.19,107.94,20.19,-91.7,439490734.1431583,-9309.4,1212.6,6350.1,0
2026-04-09T11:35:11.624860+00:00,107.94,20.14,107.94,20.14,-90.7,439490734.1431583,-9312.6,1214.6,6352.4,0
2026-04-09T11:35:11.970035+00:00,107.94,20.08,107.94,20.08,-91.7,439490734.1431583,-9315.9,1216.6,6354.6,0
2026-04-09T11:35:12.297329+00:00,107.94,20.02,107.94,20.02,-95.7,439490734.1431583,-9319.4,1218.8,6357.0,0
2026-04-09T11:35:12.643177+00:00,107.94,19.97,107.94,19.97,-94.7,439490678.5112123,-9322.9,1221.1,6359.3,0
2026-04-09T11:35:12.990235+00:00,107.94,19.91,107.94,19.91,-91.7,439490678.5112123,-9326.1,1223.1,6361.6,0
2026-04-09T11:35:13.314215+00:00,107.94,19.85,107.94,19.85,-92.7,439490678.5112123,-9329.6,1225.3,6363.9,0
2026-04-09T11:35:13.641949+00:00,107.94,19.80,107.94,19.8,-89.7,439490678.5112123,-9332.8,1227.4,6366.1,0
2026-04-09T11:35:13.966068+00:00,107.95,19.74,107.95,19.74,-92.7,439490678.5112123,-9336.0,1229.5,6368.3,0
2026-04-09T11:35:14.312980+00:00,107.95,19.69,107.95,19.69,-88.7,439490678.5112123,-9339.4,1231.7,6370.6,0
2026-04-09T11:35:14.632841+00:00,107.95,19.63,107.95,19.63,-89.7,439490678.5112123,-9342.5,1233.7,6372.7,0
2026-04-09T11:35:14.956832+00:00,107.95,19.58,107.95,19.58,-93.7,439490678.5112123,-9345.6,1235.8,6374.9,0
2026-04-09T11:35:15.301122+00:00,107.95,19.52,107.95,19.52,-92.7,439490678.5112123,-9348.7,1237.9,6377.0,0
2026-04-09T11:35:15.624859+00:00,107.95,19.47,107.95,19.47,-86.7,439490678.5112123,-9352.0,1240.1,6379.2,0
2026-04-09T11:35:15.948852+00:00,107.95,19.41,107.95,19.41,-89.7,439490678.5112123,-9355.1,1242.1,6381.3,0
2026-04-09T11:35:16.272960+00:00,107.95,19.36,107.95,19.36,-91.7,439490678.5112123,-9358.2,1244.2,6383.4,0
2026-04-09T11:35:16.616892+00:00,107.95,19.31,107.95,19.31,-89.7,439490678.5112123,-9361.4,1246.4,6385.6,0
2026-04-09T11:35:16.940839+00:00,107.95,19.25,107.95,19.25,-95.7,439490678.5112123,-9364.4,1248.4,6387.6,0
2026-04-09T11:35:17.264967+00:00,107.95,19.20,107.95,19.2,-88.7,439490678.5112123,-9367.4,1250.5,6389.7,0
2026-04-09T11:35:17.608846+00:00,107.95,19.15,107.95,19.15,-94.7,439490678.5112123,-9370.4,1252.6,6391.7,0
2026-04-09T11:35:17.953973+00:00,107.95,19.09,107.95,19.09,-91.7,439490627.5271326,-9373.7,1254.9,6394.0,0
2026-04-09T11:35:18.272857+00:00,107.95,19.04,107.95,19.04,-89.7,439490627.5271326,-9376.7,1257.0,6396.0,0
2026-04-09T11:35:18.616847+00:00,107.95,18.98,107.95,18.98,-94.7,439490627.5271326,-9379.7,1259.1,6398.1,0
2026-04-09T11:35:18.940838+00:00,107.95,18.93,107.95,18.93,-92.7,439490627.5271326,-9382.8,1261.3,6400.2,0
2026-04-09T11:35:19.266358+00:00,107.96,18.88,107.96,18.88,-91.7,439490627.5271326,-9385.7,1263.3,6402.2,0
2026-04-09T11:35:19.593960+00:00,107.96,18.83,107.96,18.83,-92.7,439490627.5271326,-9388.6,1265.4,6404.1,0
2026-04-09T11:35:19.938366+00:00,107.96,18.77,107.96,18.77,-91.7,439490627.5271326,-9391.6,1267.6,6406.2,0
2026-04-09T11:35:20.267917+00:00,107.96,18.72,107.96,18.72,-93.7,439490627.5271326,-9394.5,1269.7,6408.2,0
2026-04-09T11:35:20.589943+00:00,107.96,18.67,107.96,18.67,-91.7,439490627.5271326,-9397.4,1271.8,6410.2,0
2026-04-09T11:35:20.938327+00:00,107.96,18.62,107.96,18.62,-92.7,439490627.5271326,-9400.2,1273.9,6412.1,0
2026-04-09T11:35:21.262128+00:00,107.96,18.56,107.96,18.56,-92.7,439490627.5271326,-9403.3,1276.1,6414.2,0
2026-04-09T11:35:21.594762+00:00,107.96,18.51,107.96,18.51,-90.7,439490627.5271326,-9406.1,1278.2,6416.1,0
2026-04-09T11:35:21.913592+00:00,107.96,18.46,107.96,18.46,-89.7,439490627.5271326,-9408.9,1280.3,6418.0,0
2026-04-09T11:35:22.262415+00:00,107.96,18.41,107.96,18.41,-90.7,439490627.5271326,-9411.9,1282.5,6420.0,0
2026-04-09T11:35:22.590167+00:00,107.96,18.36,107.96,18.36,-93.7,439490627.5271326,-9414.6,1284.6,6421.9,0
2026-04-09T11:35:22.913746+00:00,107.96,18.30,107.96,18.3,-92.7,439490627.5271326,-9417.4,1286.7,6423.8,0
2026-04-09T11:35:23.262784+00:00,107.96,18.25,107.96,18.25,-93.7,439490627.5271326,-9420.3,1288.9,6425.8,0
2026-04-09T11:35:23.586454+00:00,107.96,18.20,107.96,18.2,-99.7,439490627.5271326,-9423.1,1291.0,6427.7,0
2026-04-09T11:35:23.933942+00:00,107.96,18.15,107.96,18.15,-89.7,439490575.22020406,-9426.0,1293.3,6429.6,0
2026-04-09T11:35:24.278374+00:00,107.97,18.09,107.97,18.09,-95.7,439490575.22020406,-9428.8,1295.5,6431.6,0
2026-04-09T11:35:24.606722+00:00,107.97,18.04,107.97,18.04,-90.7,439490575.22020406,-9431.5,1297.6,6433.4,0
2026-04-09T11:35:24.934336+00:00,107.97,17.99,107.97,17.99,-90.7,439490575.22020406,-9434.2,1299.7,6435.3,0
2026-04-09T11:35:25.278452+00:00,107.97,17.94,107.97,17.94,-93.7,439490575.22020406,-9437.0,1301.9,6437.2,0
2026-04-09T11:35:25.605966+00:00,107.97,17.89,107.97,17.89,-91.7,439490575.22020406,-9439.7,1304.0,6439.0,0
2026-04-09T11:35:25.929554+00:00,107.97,17.84,107.97,17.84,-88.7,439490575.22020406,-9442.3,1306.1,6440.8,0
2026-04-09T11:35:26.278070+00:00,107.97,17.79,107.97,17.79,-91.7,439490575.22020406,-9444.9,1308.2,6442.6,0
2026-04-09T11:35:26.611128+00:00,107.97,17.74,107.97,17.74,-91.7,439490575.22020406,-9447.7,1310.5,6444.5,0
2026-04-09T11:35:26.929747+00:00,107.97,17.69,107.97,17.69,-89.7,439490575.22020406,-9450.3,1312.6,6446.2,0
2026-04-09T11:35:27.258840+00:00,107.97,17.64,107.97,17.64,-93.7,439490575.22020406,-9452.8,1314.7,6448.0,0
2026-04-09T11:35:27.602004+00:00,107.97,17.59,107.97,17.59,-91.7,439490575.22020406,-9455.6,1316.9,6449.8,0
2026-04-09T11:35:27.929985+00:00,107.97,17.54,107.97,17.54,-93.7,439490575.22020406,-9458.1,1319.0,6451.6,0
2026-04-09T11:35:28.254533+00:00,107.97,17.49,107.97,17.49,-89.7,439490575.22020406,-9460.7,1321.1,6453.3,0
2026-04-09T11:35:28.602037+00:00,107.97,17.45,107.97,17.45,-92.7,439490575.22020406,-9463.2,1323.2,6455.0,0
2026-04-09T11:35:28.929454+00:00,107.97,17.39,107.97,17.39,-95.7,439490575.22020406,-9465.8,1325.4,6456.9,0
2026-04-09T11:35:29.255202+00:00,107.98,17.35,107.98,17.35,-90.7,439490575.22020406,-9468.4,1327.6,6458.6,0
2026-04-09T11:35:29.602047+00:00,107.98,17.30,107.98,17.3,-91.7,439490575.22020406,-9470.8,1329.7,6460.3,0
2026-04-09T11:35:29.924857+00:00,107.98,17.25,107.98,17.25,-91.7,439490575.22020406,-9473.5,1331.9,6462.1,0
2026-04-09T11:35:30.248930+00:00,107.98,17.20,107.98,17.2,-90.7,439490575.22020406,-9475.9,1334.0,6463.7,0
2026-04-09T11:35:30.612849+00:00,107.98,17.15,107.98,17.15,-96.7,439490522.5847109,-9478.5,1336.2,6465.5,0
2026-04-09T11:35:30.936845+00:00,107.98,17.10,107.98,17.1,-93.7,439490522.5847109,-9481.0,1338.4,6467.2,0
2026-04-09T11:35:31.260878+00:00,107.98,17.05,107.98,17.05,-92.7,439490522.5847109,-9483.4,1340.5,6468.8,0
2026-04-09T11:35:31.580925+00:00,107.98,17.01,107.98,17.01,-88.7,439490522.5847109,-9485.8,1342.6,6470.5,0
2026-04-09T11:35:31.924876+00:00,107.98,16.96,107.98,16.96,-91.7,439490522.5847109,-9488.3,1344.8,6472.2,0
2026-04-09T11:35:32.248988+00:00,107.98,16.91,107.98,16.91,-93.7,439490522.5847109,-9490.7,1346.9,6473.8,0
2026-04-09T11:35:32.572828+00:00,107.98,16.86,107.98,16.86,-88.7,439490522.5847109,-9493.0,1349.0,6475.4,0
2026-04-09T11:35:32.916868+00:00,107.98,16.82,107.98,16.82,-93.7,439490522.5847109,-9495.4,1351.1,6477.0,0
2026-04-09T11:35:33.241228+00:00,107.98,16.77,107.98,16.77,-94.7,439490522.5847109,-9497.8,1353.4,6478.7,0
2026-04-09T11:35:33.564856+00:00,107.98,16.72,107.98,16.72,-92.7,439490522.5847109,-9500.2,1355.5,6480.3,0
2026-04-09T11:35:33.888857+00:00,107.98,16.68,107.98,16.68,-93.7,439490522.5847109,-9502.4,1357.5,6481.8,0
2026-04-09T11:35:34.232928+00:00,107.99,16.63,107.99,16.63,-92.7,439490522.5847109,-9504.9,1359.8,6483.5,0
2026-04-09T11:35:34.556854+00:00,107.99,16.58,107.99,16.58,-91.7,439490522.5847109,-9507.1,1361.9,6485.0,0
2026-04-09T11:35:34.883438+00:00,107.99,16.53,107.99,16.53,-90.7,439490522.5847109,-9509.4,1364.0,6486.6,0
2026-04-09T11:35:35.226017+00:00,107.99,16.49,107.99,16.49,-94.7,439490522.5847109,-9511.7,1366.1,6488.1,0
2026-04-09T11:35:35.554113+00:00,107.99,16.44,107.99,16.44,-94.7,439490522.5847109,-9514.1,1368.3,6489.8,0
2026-04-09T11:35:35.878020+00:00,107.99,16.39,107.99,16.39,-91.7,439490522.5847109,-9516.3,1370.5,6491.3,0
2026-04-09T11:35:36.205749+00:00,107.99,16.35,107.99,16.35,-94.7,439490522.5847109,-9518.6,1372.6,6492.8,0
2026-04-09T11:35:36.550116+00:00,107.99,16.30,107.99,16.3,-89.7,439490522.5847109,-9520.9,1374.8,6494.4,0
2026-04-09T11:35:36.882476+00:00,107.99,16.26,107.99,16.26,-89.7,439490522.5847109,-9523.1,1376.9,6495.9,0
2026-04-09T11:35:37.202316+00:00,107.99,16.21,107.99,16.21,-88.7,439490522.5847109,-9525.3,1379.0,6497.4,0
2026-04-09T11:35:37.551487+00:00,107.99,16.16,107.99,16.16,-92.7,439490522.5847109,-9527.5,1381.2,6498.9,0
2026-04-09T11:35:37.893598+00:00,107.99,16.11,107.99,16.11,-92.7,439490470.9578183,-9529.9,1383.5,6500.6,0
2026-04-09T11:35:38.222980+00:00,107.99,16.07,107.99,16.07,-91.7,439490470.9578183,-9532.1,1385.7,6502.1,0
2026-04-09T11:35:38.565777+00:00,107.99,16.02,107.99,16.02,-97.7,439490470.9578183,-9534.3,1387.8,6503.5,0
2026-04-09T11:35:38.893971+00:00,108.00,15.98,108.0,15.98,-91.7,439490470.9578183,-9536.5,1390.0,6505.1,0
2026-04-09T11:35:39.217988+00:00,108.00,15.93,108.0,15.93,-97.7,439490470.9578183,-9538.7,1392.1,6506.5,0
2026-04-09T11:35:39.545945+00:00,108.00,15.89,108.0,15.89,-93.7,439490470.9578183,-9540.8,1394.3,6508.0,0
2026-04-09T11:35:39.894084+00:00,108.00,15.84,108.0,15.84,-90.7,439490470.9578183,-9543.1,1396.5,6509.5,0
2026-04-09T11:35:40.218614+00:00,108.00,15.80,108.0,15.8,-94.7,439490470.9578183,-9545.1,1398.6,6510.9,0
2026-04-09T11:35:40.546022+00:00,108.00,15.75,108.0,15.75,-93.7,439490470.9578183,-9547.2,1400.8,6512.4,0
2026-04-09T11:35:40.893742+00:00,108.00,15.71,108.0,15.71,-91.7,439490470.9578183,-9549.3,1402.9,6513.8,0
2026-04-09T11:35:41.218270+00:00,108.00,15.66,108.0,15.66,-92.7,439490470.9578183,-9551.5,1405.2,6515.3,0
2026-04-09T11:35:41.546414+00:00,108.00,15.62,108.0,15.62,-94.7,439490470.9578183,-9553.6,1407.3,6516.7,0
2026-04-09T11:35:41.893889+00:00,108.00,15.57,108.0,15.57,-97.7,439490470.9578183,-9555.6,1409.4,6518.1,0
2026-04-09T11:35:42.218306+00:00,108.00,15.53,108.0,15.53,-91.7,439490470.9578183,-9557.8,1411.7,6519.6,0
2026-04-09T11:35:42.546573+00:00,108.00,15.48,108.0,15.48,-90.7,439490470.9578183,-9559.8,1413.8,6520.9,0
2026-04-09T11:35:42.869985+00:00,108.00,15.44,108.0,15.44,-93.7,439490470.9578183,-9561.8,1415.9,6522.3,0
2026-04-09T11:35:43.218279+00:00,108.00,15.39,108.0,15.39,-88.7,439490470.9578183,-9563.9,1418.2,6523.8,0
2026-04-09T11:35:43.542422+00:00,108.01,15.35,108.01,15.35,-89.7,439490470.9578183,-9565.9,1420.3,6525.1,0
2026-04-09T11:35:43.870127+00:00,108.01,15.31,108.01,15.31,-91.7,439490470.9578183,-9567.9,1422.5,6526.5,0
2026-04-09T11:35:44.212956+00:00,108.01,15.26,108.01,15.26,-94.7,439490470.9578183,-9569.9,1424.6,6527.8,0
2026-04-09T11:35:44.536861+00:00,108.01,15.22,108.01,15.22,-94.7,439490470.9578183,-9572.0,1426.8,6529.3,0
2026-04-09T11:35:44.860967+00:00,108.01,15.18,108.01,15.18,-95.7,439490470.9578183,-9573.9,1429.0,6530.6,0
2026-04-09T11:35:45.184878+00:00,108.01,15.13,108.01,15.13,-91.7,439490470.9578183,-9575.8,1431.0,6531.9,0
2026-04-09T11:35:45.528867+00:00,108.01,15.09,108.01,15.09,-91.7,439490470.9578183,-9577.9,1433.3,6533.3,0
2026-04-09T11:35:45.873548+00:00,108.01,15.04,108.01,15.04,-90.7,439490420.92936796,-9579.9,1435.5,6534.6,0
2026-04-09T11:35:46.197987+00:00,108.01,15.00,108.01,15.0,-91.7,439490420.92936796,-9581.8,1437.7,6535.9,0
2026-04-09T11:35:46.540858+00:00,108.01,14.96,108.01,14.96,-91.7,439490420.92936796,-9583.8,1439.9,6537.3,0
2026-04-09T11:35:46.860990+00:00,108.01,14.91,108.01,14.91,-94.7,439490420.92936796,-9585.7,1442.0,6538.6,0
2026-04-09T11:35:47.188847+00:00,108.01,14.87,108.01,14.87,-93.7,439490420.92936796,-9587.5,1444.1,6539.9,0
2026-04-09T11:35:47.528961+00:00,108.01,14.83,108.01,14.83,-96.7,439490420.92936796,-9589.4,1446.3,6541.1,0
2026-04-09T11:35:47.852937+00:00,108.01,14.79,108.01,14.79,-92.7,439490420.92936796,-9591.4,1448.5,6542.5,0
2026-04-09T11:35:48.176908+00:00,108.02,14.75,108.02,14.75,-94.7,439490420.92936796,-9593.2,1450.6,6543.7,0
2026-04-09T11:35:48.500872+00:00,108.02,14.70,108.02,14.7,-87.7,439490420.92936796,-9595.0,1452.8,6545.0,0
2026-04-09T11:35:48.844945+00:00,108.02,14.66,108.02,14.66,-91.7,439490420.92936796,-9597.0,1455.0,6546.3,0
2026-04-09T11:35:49.170366+00:00,108.02,14.62,108.02,14.62,-91.7,439490420.92936796,-9598.8,1457.1,6547.5,0
2026-04-09T11:35:49.498072+00:00,108.02,14.58,108.02,14.58,-95.7,439490420.92936796,-9600.6,1459.2,6548.8,0
2026-04-09T11:35:49.846078+00:00,108.02,14.54,108.02,14.54,-89.7,439490420.92936796,-9602.4,1461.4,6550.0,0
2026-04-09T11:35:50.169984+00:00,108.02,14.49,108.02,14.49,-91.7,439490420.92936796,-9604.3,1463.7,6551.3,0
2026-04-09T11:35:50.498747+00:00,108.02,14.45,108.02,14.45,-92.7,439490420.92936796,-9606.1,1465.8,6552.5,0
2026-04-09T11:35:50.822797+00:00,108.02,14.41,108.02,14.41,-91.7,439490420.92936796,-9607.9,1467.9,6553.8,0
2026-04-09T11:35:51.169994+00:00,108.02,14.37,108.02,14.37,-90.7,439490420.92936796,-9609.8,1470.2,6555.0,0
2026-04-09T11:35:51.499089+00:00,108.02,14.32,108.02,14.32,-88.7,439490420.92936796,-9611.5,1472.4,6556.2,0
2026-04-09T11:35:51.822223+00:00,108.02,14.28,108.02,14.28,-93.7,439490420.92936796,-9613.3,1474.5,6557.4,0
2026-04-09T11:35:52.170174+00:00,108.02,14.24,108.02,14.24,-93.7,439490420.92936796,-9615.0,1476.6,6558.6,0
2026-04-09T11:35:52.498009+00:00,108.03,14.20,108.03,14.2,-94.7,439490420.92936796,-9616.9,1478.9,6559.9,0
2026-04-09T11:35:52.821789+00:00,108.03,14.16,108.03,14.16,-91.7,439490420.92936796,-9618.6,1481.0,6561.1,0
2026-04-09T11:35:53.169770+00:00,108.03,14.12,108.03,14.12,-89.7,439490420.92936796,-9620.3,1483.2,6562.2,0
2026-04-09T11:35:53.495136+00:00,108.03,14.08,108.03,14.08,-95.7,439490420.92936796,-9622.1,1485.4,6563.5,0
2026-04-09T11:35:53.822076+00:00,108.03,14.04,108.03,14.04,-95.7,439490420.92936796,-9623.9,1487.6,6564.6,0
2026-04-09T11:35:54.170679+00:00,108.03,13.99,108.03,13.99,-95.7,439490420.92936796,-9625.6,1489.8,6565.8,0
2026-04-09T11:35:54.494239+00:00,108.03,13.95,108.03,13.95,-92.7,439490420.92936796,-9627.4,1492.0,6567.0,0
2026-04-09T11:35:54.821814+00:00,108.03,13.91,108.03,13.91,-92.7,439490420.92936796,-9629.0,1494.2,6568.2,0
2026-04-09T11:35:55.189796+00:00,108.03,13.87,108.03,13.87,-91.7,439490369.9252451,-9630.8,1496.4,6569.4,0
2026-04-09T11:35:55.514173+00:00,108.03,13.83,108.03,13.83,-95.7,439490369.9252451,-9632.6,1498.7,6570.6,0
2026-04-09T11:35:55.841601+00:00,108.03,13.79,108.03,13.79,-89.7,439490369.9252451,-9634.2,1500.9,6571.7,0
2026-04-09T11:35:56.165751+00:00,108.03,13.75,108.03,13.75,-92.7,439490369.9252451,-9635.8,1503.0,6572.8,0
2026-04-09T11:35:56.514795+00:00,108.03,13.71,108.03,13.71,-89.7,439490369.9252451,-9637.6,1505.3,6574.0,0
2026-04-09T11:35:56.843859+00:00,108.04,13.67,108.04,13.67,-92.7,439490369.9252451,-9639.2,1507.4,6575.1,0
2026-04-09T11:35:57.165901+00:00,108.04,13.63,108.04,13.63,-91.7,439490369.9252451,-9640.8,1509.6,6576.2,0
2026-04-09T11:35:57.518018+00:00,108.04,13.59,108.04,13.59,-95.7,439490369.9252451,-9642.4,1511.7,6577.3,0
2026-04-09T11:35:57.838260+00:00,108.04,13.55,108.04,13.55,-91.7,439490369.9252451,-9644.1,1514.0,6578.5,0
2026-04-09T11:35:58.165794+00:00,108.04,13.51,108.04,13.51,-94.7,439490369.9252451,-9645.7,1516.1,6579.6,0
2026-04-09T11:35:58.490289+00:00,108.04,13.47,108.04,13.47,-89.7,439490369.9252451,-9647.3,1518.3,6580.6,0
2026-04-09T11:35:58.837554+00:00,108.04,13.43,108.04,13.43,-94.7,439490369.9252451,-9649.0,1520.6,6581.8,0
2026-04-09T11:35:59.160901+00:00,108.04,13.39,108.04,13.39,-92.7,439490369.9252451,-9650.5,1522.7,6582.8,0
2026-04-09T11:35:59.484923+00:00,108.04,13.35,108.04,13.35,-95.7,439490369.9252451,-9652.1,1524.9,6583.9,0
2026-04-09T11:35:59.828970+00:00,108.04,13.31,108.04,13.31,-95.7,439490369.9252451,-9653.6,1527.0,6585.0,0
2026-04-09T11:36:00.152924+00:00,108.04,13.27,108.04,13.27,-93.7,439490369.9252451,-9655.3,1529.3,6586.1,0
2026-04-09T11:36:00.476861+00:00,108.04,13.23,108.04,13.23,-93.7,439490369.9252451,-9656.8,1531.4,6587.1,0
2026-04-09T11:36:00.800931+00:00,108.04,13.19,108.04,13.19,-95.7,439490369.9252451,-9658.3,1533.5,6588.1,0
2026-04-09T11:36:01.144834+00:00,108.05,13.15,108.05,13.15,-90.7,439490369.9252451,-9659.9,1535.8,6589.2,0
2026-04-09T11:36:01.468871+00:00,108.05,13.12,108.05,13.12,-89.7,439490369.9252451,-9661.4,1537.9,6590.2,0
2026-04-09T11:36:01.794156+00:00,108.05,13.08,108.05,13.08,-90.7,439490369.9252451,-9662.9,1540.0,6591.3,0
2026-04-09T11:36:02.136862+00:00,108.05,13.04,108.05,13.04,-97.7,439490369.9252451,-9664.4,1542.2,6592.3,0
2026-04-09T11:36:02.457538+00:00,108.05,13.00,108.05,13.0,-91.7,439490369.9252451,-9666.0,1544.4,6593.4,0
2026-04-09T11:36:02.785259+00:00,108.05,12.96,108.05,12.96,-88.7,439490369.9252451,-9667.4,1546.6,6594.4,0
2026-04-09T11:36:03.104870+00:00,108.05,12.92,108.05,12.92,-90.7,439490369.9252451,-9668.9,1548.7,6595.4,0
2026-04-09T11:36:03.448861+00:00,108.05,12.88,108.05,12.88,-93.7,439490369.9252451,-9670.5,1551.0,6596.4,0
2026-04-09T11:36:03.772068+00:00,108.05,12.85,108.05,12.85,-91.7,439490369.9252451,-9671.9,1553.1,6597.4,0
2026-04-09T11:36:04.098399+00:00,108.05,12.81,108.05,12.81,-91.7,439490369.9252451,-9673.3,1555.3,6598.4,0
2026-04-09T11:36:04.445932+00:00,108.05,12.77,108.05,12.77,-94.7,439490369.9252451,-9674.8,1557.4,6599.4,0
2026-04-09T11:36:04.770217+00:00,108.05,12.73,108.05,12.73,-92.7,439490369.9252451,-9676.3,1559.7,6600.4,0
2026-04-09T11:36:05.098302+00:00,108.05,12.69,108.05,12.69,-95.7,439490369.9252451,-9677.7,1561.8,6601.4,0
2026-04-09T11:36:05.422268+00:00,108.06,12.66,108.06,12.66,-95.7,439490369.9252451,-9679.2,1564.0,6602.4,0
2026-04-09T11:36:05.770503+00:00,108.06,12.62,108.06,12.62,-94.7,439490369.9252451,-9680.7,1566.3,6603.4,0
2026-04-09T11:36:06.094366+00:00,108.06,12.58,108.06,12.58,-90.7,439490369.9252451,-9682.1,1568.4,6604.4,0
2026-04-09T11:36:06.442349+00:00,108.06,12.54,108.06,12.54,-91.7,439490317.02990663,-9683.6,1570.7,6605.4,0
2026-04-09T11:36:06.790253+00:00,108.06,12.50,108.06,12.5,-91.7,439490317.02990663,-9685.1,1573.0,6606.4,0
2026-04-09T11:36:07.117991+00:00,108.06,12.46,108.06,12.46,-91.7,439490317.02990663,-9686.5,1575.2,6607.3,0
2026-04-09T11:36:07.441730+00:00,108.06,12.43,108.06,12.43,-93.7,439490317.02990663,-9687.8,1577.3,6608.3,0
2026-04-09T11:36:07.794511+00:00,108.06,12.39,108.06,12.39,-92.7,439490317.02990663,-9689.2,1579.5,6609.2,0
2026-04-09T11:36:08.119198+00:00,108.06,12.35,108.06,12.35,-92.7,439490317.02990663,-9690.7,1581.8,6610.2,0
2026-04-09T11:36:08.441744+00:00,108.06,12.31,108.06,12.31,-95.7,439490317.02990663,-9692.0,1584.0,6611.2,0
2026-04-09T11:36:08.772143+00:00,108.06,12.28,108.06,12.28,-92.7,439490317.02990663,-9693.4,1586.1,6612.1,0
2026-04-09T11:36:09.118917+00:00,108.06,12.24,108.06,12.24,-95.7,439490317.02990663,-9694.8,1588.4,6613.1,0
2026-04-09T11:36:09.442024+00:00,108.06,12.20,108.06,12.2,-91.7,439490317.02990663,-9696.2,1590.5,6614.0,0
2026-04-09T11:36:09.770395+00:00,108.07,12.17,108.07,12.17,-89.7,439490317.02990663,-9697.5,1592.7,6614.9,0
2026-04-09T11:36:10.113652+00:00,108.07,12.13,108.07,12.13,-93.7,439490317.02990663,-9698.8,1594.9,6615.8,0
2026-04-09T11:36:10.441960+00:00,108.07,12.09,108.07,12.09,-94.7,439490317.02990663,-9700.2,1597.2,6616.7,0
2026-04-09T11:36:10.767084+00:00,108.07,12.06,108.07,12.06,-90.7,439490317.02990663,-9701.6,1599.3,6617.6,0
2026-04-09T11:36:11.093727+00:00,108.07,12.02,108.07,12.02,-96.7,439490317.02990663,-9702.9,1601.5,6618.5,0
2026-04-09T11:36:11.438000+00:00,108.07,11.98,108.07,11.98,-91.7,439490317.02990663,-9704.2,1603.8,6619.5,0
2026-04-09T11:36:11.766037+00:00,108.07,11.95,108.07,11.95,-93.7,439490317.02990663,-9705.5,1605.9,6620.4,0
2026-04-09T11:36:12.089755+00:00,108.07,11.91,108.07,11.91,-94.7,439490317.02990663,-9706.8,1608.1,6621.2,0
2026-04-09T11:36:12.437948+00:00,108.07,11.87,108.07,11.87,-97.7,439490317.02990663,-9708.1,1610.2,6622.1,0
2026-04-09T11:36:12.761754+00:00,108.07,11.84,108.07,11.84,-95.7,439490317.02990663,-9709.5,1612.5,6623.0,0
2026-04-09T11:36:13.093252+00:00,108.07,11.80,108.07,11.8,-89.7,439490317.02990663,-9710.7,1614.7,6623.9,0
2026-04-09T11:36:13.413951+00:00,108.07,11.76,108.07,11.76,-96.7,439490317.02990663,-9712.0,1616.9,6624.8,0
2026-04-09T11:36:13.762420+00:00,108.08,11.73,108.08,11.73,-88.7,439490317.02990663,-9713.3,1619.1,6625.7,0
2026-04-09T11:36:14.085086+00:00,108.08,11.69,108.08,11.69,-94.7,439490317.02990663,-9714.6,1621.3,6626.5,0
2026-04-09T11:36:14.408840+00:00,108.08,11.66,108.08,11.66,-91.7,439490317.02990663,-9715.8,1623.5,6627.4,0
2026-04-09T11:36:14.752878+00:00,108.08,11.62,108.08,11.62,-94.7,439490317.02990663,-9717.1,1625.6,6628.2,0
2026-04-09T11:36:15.076862+00:00,108.08,11.58,108.08,11.58,-95.7,439490317.02990663,-9718.4,1627.9,6629.1,0
2026-04-09T11:36:15.399878+00:00,108.08,11.55,108.08,11.55,-89.7,439490317.02990663,-9719.6,1630.0,6629.9,0
2026-04-09T11:36:15.729057+00:00,108.08,11.51,108.08,11.51,-93.7,439490317.02990663,-9720.8,1632.2,6630.8,0
2026-04-09T11:36:16.072862+00:00,108.08,11.48,108.08,11.48,-89.7,439490317.02990663,-9722.1,1634.5,6631.6,0
2026-04-09T11:36:16.396915+00:00,108.08,11.44,108.08,11.44,-91.7,439490317.02990663,-9723.3,1636.6,6632.5,0
2026-04-09T11:36:16.720894+00:00,108.08,11.41,108.08,11.41,-89.7,439490317.02990663,-9724.5,1638.8,6633.3,0
2026-04-09T11:36:17.064840+00:00,108.08,11.37,108.08,11.37,-95.7,439490317.02990663,-9725.6,1640.9,6634.1,0
2026-04-09T11:36:17.388975+00:00,108.08,11.34,108.08,11.34,-95.7,439490317.02990663,-9726.9,1643.2,6634.9,0
2026-04-09T11:36:17.712871+00:00,108.08,11.30,108.08,11.3,-89.7,439490317.02990663,-9728.1,1645.3,6635.7,0
2026-04-09T11:36:18.037034+00:00,108.09,11.27,108.09,11.27,-95.7,439490317.02990663,-9729.2,1647.5,6636.5,0
2026-04-09T11:36:18.380879+00:00,108.09,11.23,108.09,11.23,-93.7,439490317.02990663,-9730.5,1649.8,6637.4,0
2026-04-09T11:36:18.704856+00:00,108.09,11.20,108.09,11.2,-95.7,439490317.02990663,-9731.7,1652.0,6638.2,0
2026-04-09T11:36:19.029719+00:00,108.09,11.16,108.09,11.16,-94.7,439490317.02990663,-9732.8,1654.1,6638.9,0
2026-04-09T11:36:19.378119+00:00,108.09,11.13,108.09,11.13,-95.7,439490317.02990663,-9734.0,1656.3,6639.7,0
2026-04-09T11:36:19.721610+00:00,108.09,11.09,108.09,11.09,-94.7,439490265.2462479,-9735.2,1658.7,6640.6,0
2026-04-09T11:36:20.046188+00:00,108.09,11.06,108.09,11.06,-91.7,439490265.2462479,-9736.4,1660.9,6641.4,0
2026-04-09T11:36:20.393979+00:00,108.09,11.02,108.09,11.02,-97.7,439490265.2462479,-9737.5,1663.0,6642.2,0
2026-04-09T11:36:20.722439+00:00,108.09,10.99,108.09,10.99,-90.7,439490265.2462479,-9738.7,1665.3,6643.0,0
2026-04-09T11:36:21.045969+00:00,108.09,10.95,108.09,10.95,-89.7,439490265.2462479,-9739.9,1667.5,6643.8,0
2026-04-09T11:36:21.370258+00:00,108.09,10.92,108.09,10.92,-92.7,439490265.2462479,-9741.0,1669.6,6644.5,0
2026-04-09T11:36:21.717583+00:00,108.09,10.88,108.09,10.88,-90.7,439490265.2462479,-9742.1,1671.9,6645.3,0
2026-04-09T11:36:22.041919+00:00,108.10,10.85,108.1,10.85,-93.7,439490265.2462479,-9743.3,1674.1,6646.1,0
2026-04-09T11:36:22.368976+00:00,108.10,10.82,108.1,10.82,-92.7,439490265.2462479,-9744.4,1676.3,6646.8,0
2026-04-09T11:36:22.712878+00:00,108.10,10.78,108.1,10.78,-94.7,439490265.2462479,-9745.4,1678.4,6647.6,0
2026-04-09T11:36:23.037969+00:00,108.10,10.75,108.1,10.75,-95.7,439490265.2462479,-9746.6,1680.7,6648.4,0
2026-04-09T11:36:23.356884+00:00,108.10,10.71,108.1,10.71,-96.7,439490265.2462479,-9747.7,1682.9,6649.1,0
2026-04-09T11:36:23.680873+00:00,108.10,10.68,108.1,10.68,-89.7,439490265.2462479,-9748.8,1685.0,6649.8,0
2026-04-09T11:36:24.024920+00:00,108.10,10.64,108.1,10.64,-91.7,439490265.2462479,-9749.9,1687.3,6650.6,0
2026-04-09T11:36:24.348868+00:00,108.10,10.61,108.1,10.61,-92.7,439490265.2462479,-9751.0,1689.5,6651.3,0
2026-04-09T11:36:24.672849+00:00,108.10,10.58,108.1,10.58,-95.7,439490265.2462479,-9752.0,1691.6,6652.1,0
2026-04-09T11:36:25.016926+00:00,108.10,10.55,108.1,10.55,-95.7,439490265.2462479,-9753.0,1693.7,6652.8,0
2026-04-09T11:36:25.340956+00:00,108.10,10.51,108.1,10.51,-90.7,439490265.2462479,-9754.2,1696.1,6653.5,0
2026-04-09T11:36:25.664845+00:00,108.10,10.48,108.1,10.48,-94.7,439490265.2462479,-9755.2,1698.2,6654.2,0
2026-04-09T11:36:25.988881+00:00,108.11,10.44,108.11,10.44,-89.7,439490265.2462479,-9756.2,1700.3,6654.9,0
2026-04-09T11:36:26.333987+00:00,108.11,10.41,108.11,10.41,-95.7,439490265.2462479,-9757.3,1702.6,6655.7,0
2026-04-09T11:36:26.656899+00:00,108.11,10.38,108.11,10.38,-91.7,439490265.2462479,-9758.4,1704.8,6656.4,0
2026-04-09T11:36:26.976845+00:00,108.11,10.34,108.11,10.34,-95.7,439490265.2462479,-9759.4,1706.9,6657.1,0
2026-04-09T11:36:27.327049+00:00,108.11,10.31,108.11,10.31,-96.7,439490265.2462479,-9760.4,1709.1,6657.8,0
2026-04-09T11:36:27.650248+00:00,108.11,10.28,108.11,10.28,-89.7,439490265.2462479,-9761.5,1711.4,6658.5,0
2026-04-09T11:36:27.979332+00:00,108.11,10.24,108.11,10.24,-93.7,439490265.2462479,-9762.5,1713.6,6659.2,0
2026-04-09T11:36:28.302440+00:00,108.11,10.21,108.11,10.21,-91.7,439490265.2462479,-9763.5,1715.7,6659.9,0
2026-04-09T11:36:28.649790+00:00,108.11,10.18,108.11,10.18,-91.7,439490265.2462479,-9764.6,1718.1,6660.6,0
2026-04-09T11:36:28.974408+00:00,108.11,10.14,108.11,10.14,-92.7,439490265.2462479,-9765.6,1720.2,6661.3,0
2026-04-09T11:36:29.303497+00:00,108.11,10.11,108.11,10.11,-91.7,439490265.2462479,-9766.6,1722.4,6662.0,0
2026-04-09T11:36:29.645778+00:00,108.11,10.08,108.11,10.08,-94.7,439490265.2462479,-9767.6,1724.7,6662.7,0
2026-04-09T11:36:29.974274+00:00,108.12,10.05,108.12,10.05,-94.7,439490265.2462479,-9768.6,1726.9,6663.4,0
2026-04-09T11:36:30.298084+00:00,108.12,10.01,108.12,10.01,-95.7,439490265.2462479,-9769.6,1729.1,6664.0,0
2026-04-09T11:36:30.645756+00:00,108.12,9.98,108.12,9.98,-93.7,439490265.2462479,-9770.5,1731.2,6664.7,0
2026-04-09T11:36:30.970268+00:00,108.12,9.95,108.12,9.95,-95.7,439490265.2462479,-9771.6,1733.5,6665.4,0
2026-04-09T11:36:31.297773+00:00,108.12,9.92,108.12,9.92,-94.7,439490265.2462479,-9772.5,1735.7,6666.1,0
2026-04-09T11:36:31.622656+00:00,108.12,9.88,108.12,9.88,-91.7,439490265.2462479,-9773.5,1737.9,6666.7,0
2026-04-09T11:36:31.970488+00:00,108.12,9.85,108.12,9.85,-91.7,439490265.2462479,-9774.5,1740.2,6667.4,0
2026-04-09T11:36:32.294321+00:00,108.12,9.82,108.12,9.82,-91.7,439490265.2462479,-9775.5,1742.4,6668.1,0
2026-04-09T11:36:32.621985+00:00,108.12,9.79,108.12,9.79,-93.7,439490265.2462479,-9776.4,1744.5,6668.7,0
2026-04-09T11:36:32.970408+00:00,108.12,9.75,108.12,9.75,-91.7,439490265.2462479,-9777.3,1746.7,6669.3,0
2026-04-09T11:36:33.294311+00:00,108.12,9.72,108.12,9.72,-91.7,439490265.2462479,-9778.3,1749.0,6670.0,0
2026-04-09T11:36:33.622067+00:00,108.12,9.69,108.12,9.69,-92.7,439490265.2462479,-9779.3,1751.2,6670.7,0
2026-04-09T11:36:33.970823+00:00,108.13,9.66,108.13,9.66,-92.7,439490265.2462479,-9780.2,1753.4,6671.3,0
2026-04-09T11:36:34.294295+00:00,108.13,9.62,108.13,9.62,-94.7,439490265.2462479,-9781.2,1755.7,6671.9,0
2026-04-09T11:36:34.626156+00:00,108.13,9.59,108.13,9.59,-90.7,439490265.2462479,-9782.1,1757.9,6672.6,0
2026-04-09T11:36:34.946782+00:00,108.13,9.56,108.13,9.56,-92.7,439490265.2462479,-9783.0,1760.0,6673.2,0
2026-04-09T11:36:35.294298+00:00,108.13,9.53,108.13,9.53,-92.7,439490265.2462479,-9784.0,1762.4,6673.9,0
2026-04-09T11:36:35.619135+00:00,108.13,9.50,108.13,9.5,-94.7,439490265.2462479,-9784.9,1764.5,6674.5,0
2026-04-09T11:36:35.945951+00:00,108.13,9.46,108.13,9.46,-92.7,439490265.2462479,-9785.8,1766.7,6675.1,0
2026-04-09T11:36:36.314990+00:00,108.13,9.43,108.13,9.43,-96.7,439490213.66445243,-9786.7,1769.0,6675.7,0
2026-04-09T11:36:36.638311+00:00,108.13,9.40,108.13,9.4,-92.7,439490213.66445243,-9787.7,1771.3,6676.4,0
2026-04-09T11:36:36.966293+00:00,108.13,9.37,108.13,9.37,-91.7,439490213.66445243,-9788.5,1773.5,6677.0,0
2026-04-09T11:36:37.290281+00:00,108.13,9.34,108.13,9.34,-99.7,439490213.66445243,-9789.4,1775.7,6677.6,0
2026-04-09T11:36:37.637548+00:00,108.13,9.30,108.13,9.3,-93.7,439490213.66445243,-9790.4,1778.0,6678.2,0
2026-04-09T11:36:37.962884+00:00,108.14,9.27,108.14,9.27,-94.7,439490213.66445243,-9791.2,1780.2,6678.8,0
2026-04-09T11:36:38.289886+00:00,108.14,9.24,108.14,9.24,-94.7,439490213.66445243,-9792.1,1782.3,6679.4,0
2026-04-09T11:36:38.633977+00:00,108.14,9.21,108.14,9.21,-92.7,439490213.66445243,-9793.0,1784.5,6680.0,0
2026-04-09T11:36:38.962306+00:00,108.14,9.18,108.14,9.18,-96.7,439490213.66445243,-9793.9,1786.8,6680.6,0
2026-04-09T11:36:39.286276+00:00,108.14,9.15,108.14,9.15,-95.7,439490213.66445243,-9794.7,1789.0,6681.2,0
2026-04-09T11:36:39.613581+00:00,108.14,9.12,108.14,9.12,-88.7,439490213.66445243,-9795.6,1791.2,6681.8,0
2026-04-09T11:36:39.962383+00:00,108.14,9.08,108.14,9.08,-91.7,439490213.66445243,-9796.5,1793.5,6682.4,0
2026-04-09T11:36:40.285953+00:00,108.14,9.05,108.14,9.05,-91.7,439490213.66445243,-9797.3,1795.7,6683.0,0
2026-04-09T11:36:40.615038+00:00,108.14,9.02,108.14,9.02,-97.7,439490213.66445243,-9798.1,1797.9,6683.5,0
2026-04-09T11:36:40.958139+00:00,108.14,8.99,108.14,8.99,-90.7,439490213.66445243,-9799.0,1800.2,6684.1,0
2026-04-09T11:36:41.288606+00:00,108.14,8.96,108.14,8.96,-94.7,439490213.66445243,-9799.8,1802.4,6684.7,0
2026-04-09T11:36:41.610318+00:00,108.14,8.93,108.14,8.93,-93.7,439490213.66445243,-9800.7,1804.6,6685.3,0
2026-04-09T11:36:41.958130+00:00,108.15,8.90,108.15,8.9,-95.7,439490213.66445243,-9801.5,1806.7,6685.8,0
2026-04-09T11:36:42.281999+00:00,108.15,8.87,108.15,8.87,-91.7,439490213.66445243,-9802.4,1809.1,6686.4,0
2026-04-09T11:36:42.610579+00:00,108.15,8.84,108.15,8.84,-97.7,439490213.66445243,-9803.2,1811.2,6686.9,0
2026-04-09T11:36:42.957756+00:00,108.15,8.81,108.15,8.81,-92.7,439490213.66445243,-9804.0,1813.4,6687.5,0
2026-04-09T11:36:43.282296+00:00,108.15,8.77,108.15,8.77,-92.7,439490213.66445243,-9804.8,1815.7,6688.1,0
2026-04-09T11:36:43.611583+00:00,108.15,8.74,108.15,8.74,-94.7,439490213.66445243,-9805.6,1817.9,6688.6,0
2026-04-09T11:36:43.935000+00:00,108.15,8.71,108.15,8.71,-96.7,439490213.66445243,-9806.4,1820.1,6689.2,0
2026-04-09T11:36:44.281865+00:00,108.15,8.68,108.15,8.68,-95.7,439490213.66445243,-9807.3,1822.4,6689.7,0
2026-04-09T11:36:44.610799+00:00,108.15,8.65,108.15,8.65,-89.7,439490213.66445243,-9808.0,1824.6,6690.3,0
2026-04-09T11:36:44.937599+00:00,108.15,8.62,108.15,8.62,-92.7,439490213.66445243,-9808.8,1826.8,6690.8,0
2026-04-09T11:36:45.282092+00:00,108.15,8.59,108.15,8.59,-95.7,439490213.66445243,-9809.6,1829.1,6691.4,0
2026-04-09T11:36:45.600945+00:00,108.15,8.56,108.15,8.56,-94.7,439490213.66445243,-9810.4,1831.3,6691.9,0
2026-04-09T11:36:45.924843+00:00,108.16,8.53,108.16,8.53,-93.7,439490213.66445243,-9811.2,1833.4,6692.4,0
2026-04-09T11:36:46.268862+00:00,108.16,8.50,108.16,8.5,-96.7,439490213.66445243,-9811.9,1835.6,6692.9,0
2026-04-09T11:36:46.592860+00:00,108.16,8.47,108.16,8.47,-92.7,439490213.66445243,-9812.7,1837.9,6693.5,0
2026-04-09T11:36:46.916920+00:00,108.16,8.44,108.16,8.44,-94.7,439490213.66445243,-9813.5,1840.1,6694.0,0
2026-04-09T11:36:47.240956+00:00,108.16,8.41,108.16,8.41,-93.7,439490213.66445243,-9814.2,1842.2,6694.5,0
2026-04-09T11:36:47.584852+00:00,108.16,8.38,108.16,8.38,-95.7,439490213.66445243,-9815.0,1844.5,6695.0,0
2026-04-09T11:36:47.908963+00:00,108.16,8.35,108.16,8.35,-91.7,439490213.66445243,-9815.8,1846.7,6695.6,0
2026-04-09T11:36:48.232902+00:00,108.16,8.32,108.16,8.32,-89.7,439490213.66445243,-9816.5,1848.9,6696.1,0
2026-04-09T11:36:48.576845+00:00,108.16,8.29,108.16,8.29,-99.7,439490213.66445243,-9817.2,1851.0,6696.6,0
2026-04-09T11:36:48.900858+00:00,108.16,8.26,108.16,8.26,-91.7,439490213.66445243,-9818.0,1853.3,6697.1,0
2026-04-09T11:36:49.224917+00:00,108.16,8.23,108.16,8.23,-92.7,439490213.66445243,-9818.7,1855.5,6697.6,0
2026-04-09T11:36:49.550016+00:00,108.17,8.21,108.17,8.21,-92.7,439490213.66445243,-9819.5,1857.7,6698.1,0
2026-04-09T11:36:49.888981+00:00,108.17,8.17,108.17,8.17,-97.7,439490213.66445243,-9820.2,1860.0,6698.6,0
2026-04-09T11:36:50.214422+00:00,108.17,8.15,108.17,8.15,-94.7,439490213.66445243,-9820.9,1862.1,6699.1,0
2026-04-09T11:36:50.542301+00:00,108.17,8.12,108.17,8.12,-95.7,439490213.66445243,-9821.7,1864.3,6699.6,0
2026-04-09T11:36:50.890258+00:00,108.17,8.09,108.17,8.09,-97.7,439490213.66445243,-9822.4,1866.5,6700.0,0
2026-04-09T11:36:51.214457+00:00,108.17,8.06,108.17,8.06,-90.7,439490213.66445243,-9823.1,1868.8,6700.6,0
2026-04-09T11:36:51.543364+00:00,108.17,8.03,108.17,8.03,-95.7,439490213.66445243,-9823.8,1871.0,6701.0,0
2026-04-09T11:36:51.865008+00:00,108.17,8.00,108.17,8.0,-92.7,439490213.66445243,-9824.5,1873.2,6701.5,0
2026-04-09T11:36:52.209520+00:00,108.17,7.97,108.17,7.97,-94.7,439490213.66445243,-9825.3,1875.5,6702.0,0
2026-04-09T11:36:52.532897+00:00,108.17,7.94,108.17,7.94,-91.7,439490213.66445243,-9826.0,1877.7,6702.5,0
2026-04-09T11:36:52.856964+00:00,108.17,7.91,108.17,7.91,-92.7,439490213.66445243,-9826.6,1879.8,6703.0,0
2026-04-09T11:36:53.200869+00:00,108.17,7.88,108.17,7.88,-95.7,439490213.66445243,-9827.3,1882.0,6703.4,0
2026-04-09T11:36:53.524872+00:00,108.18,7.85,108.18,7.85,-94.7,439490213.66445243,-9828.0,1884.3,6703.9,0
2026-04-09T11:36:53.848900+00:00,108.18,7.83,108.18,7.83,-94.7,439490213.66445243,-9828.7,1886.5,6704.4,0
2026-04-09T11:36:54.172877+00:00,108.18,7.80,108.18,7.8,-90.7,439490213.66445243,-9829.4,1888.7,6704.8,0
2026-04-09T11:36:54.516831+00:00,108.18,7.77,108.18,7.77,-91.7,439490213.66445243,-9830.1,1891.0,6705.3,0
2026-04-09T11:36:54.841040+00:00,108.18,7.74,108.18,7.74,-95.7,439490213.66445243,-9830.7,1893.1,6705.8,0
2026-04-09T11:36:55.164868+00:00,108.18,7.71,108.18,7.71,-92.7,439490213.66445243,-9831.4,1895.3,6706.2,0
2026-04-09T11:36:55.508891+00:00,108.18,7.68,108.18,7.68,-95.7,439490213.66445243,-9832.1,1897.5,6706.7,0
2026-04-09T11:36:55.832865+00:00,108.18,7.65,108.18,7.65,-93.7,439490213.66445243,-9832.8,1899.8,6707.1,0
2026-04-09T11:36:56.156863+00:00,108.18,7.62,108.18,7.62,-91.7,439490213.66445243,-9833.4,1902.0,6707.6,0
2026-04-09T11:36:56.480910+00:00,108.18,7.60,108.18,7.6,-95.7,439490213.66445243,-9834.1,1904.1,6708.0,0
2026-04-09T11:36:56.826661+00:00,108.18,7.57,108.18,7.57,-97.7,439490213.66445243,-9834.7,1906.4,6708.5,0
2026-04-09T11:36:57.149952+00:00,108.18,7.54,108.18,7.54,-92.7,439490213.66445243,-9835.4,1908.6,6708.9,0
2026-04-09T11:36:57.477965+00:00,108.19,7.51,108.19,7.51,-93.7,439490213.66445243,-9836.0,1910.8,6709.4,0
2026-04-09T11:36:57.822507+00:00,108.19,7.48,108.19,7.48,-95.7,439490213.66445243,-9836.7,1913.0,6709.8,0
2026-04-09T11:36:58.170329+00:00,108.19,7.45,108.19,7.45,-97.7,439490162.89583665,-9837.4,1915.5,6710.3,0
2026-04-09T11:36:58.494278+00:00,108.19,7.42,108.19,7.42,-93.7,439490162.89583665,-9838.0,1917.7,6710.7,0
2026-04-09T11:36:58.842079+00:00,108.19,7.40,108.19,7.4,-97.7,439490162.89583665,-9838.6,1919.8,6711.1,0
2026-04-09T11:36:59.166250+00:00,108.19,7.37,108.19,7.37,-94.7,439490162.89583665,-9839.3,1922.2,6711.6,0
2026-04-09T11:36:59.494279+00:00,108.19,7.34,108.19,7.34,-94.7,439490162.89583665,-9839.9,1924.3,6712.0,0
2026-04-09T11:36:59.842030+00:00,108.19,7.31,108.19,7.31,-98.7,439490162.89583665,-9840.5,1926.5,6712.4,0
2026-04-09T11:37:00.166371+00:00,108.19,7.28,108.19,7.28,-97.7,439490162.89583665,-9841.2,1928.9,6712.9,0
2026-04-09T11:37:00.492329+00:00,108.19,7.25,108.19,7.25,-96.7,439490162.89583665,-9841.8,1931.1,6713.3,0
2026-04-09T11:37:00.812922+00:00,108.19,7.23,108.19,7.23,-95.7,439490162.89583665,-9842.4,1933.2,6713.7,0
2026-04-09T11:37:01.156831+00:00,108.20,7.20,108.2,7.2,-91.7,439490162.89583665,-9843.0,1935.5,6714.1,0
2026-04-09T11:37:01.480884+00:00,108.20,7.17,108.2,7.17,-91.7,439490162.89583665,-9843.6,1937.7,6714.6,0
2026-04-09T11:37:01.804913+00:00,108.20,7.14,108.2,7.14,-94.7,439490162.89583665,-9844.2,1939.9,6715.0,0
2026-04-09T11:37:02.148846+00:00,108.20,7.12,108.2,7.12,-99.7,439490162.89583665,-9844.8,1942.0,6715.4,0
2026-04-09T11:37:02.473625+00:00,108.20,7.09,108.2,7.09,-91.7,439490162.89583665,-9845.4,1944.4,6715.8,0
2026-04-09T11:37:02.796928+00:00,108.20,7.06,108.2,7.06,-93.7,439490162.89583665,-9846.0,1946.5,6716.2,0
2026-04-09T11:37:03.120839+00:00,108.20,7.03,108.2,7.03,-95.7,439490162.89583665,-9846.6,1948.7,6716.6,0
2026-04-09T11:37:03.464837+00:00,108.20,7.00,108.2,7.0,-95.7,439490162.89583665,-9847.2,1951.0,6717.0,0
2026-04-09T11:37:03.788988+00:00,108.20,6.98,108.2,6.98,-98.7,439490162.89583665,-9847.8,1953.2,6717.4,0
2026-04-09T11:37:04.108954+00:00,108.20,6.95,108.2,6.95,-97.7,439490162.89583665,-9848.4,1955.4,6717.8,0
2026-04-09T11:37:04.457978+00:00,108.20,6.92,108.2,6.92,-98.7,439490162.89583665,-9848.9,1957.5,6718.2,0
2026-04-09T11:37:04.780998+00:00,108.20,6.89,108.2,6.89,-98.7,439490162.89583665,-9849.5,1959.9,6718.6,0
2026-04-09T11:37:05.100868+00:00,108.21,6.87,108.21,6.87,-97.7,439490162.89583665,-9850.1,1962.0,6719.0,0
2026-04-09T11:37:05.426247+00:00,108.21,6.84,108.21,6.84,-94.7,439490162.89583665,-9850.6,1964.2,6719.3,0
2026-04-09T11:37:05.774309+00:00,108.21,6.81,108.21,6.81,-89.7,439490162.89583665,-9851.2,1966.5,6719.7,0
2026-04-09T11:37:06.102740+00:00,108.21,6.78,108.21,6.78,-93.7,439490162.89583665,-9851.8,1968.7,6720.1,0
2026-04-09T11:37:06.426377+00:00,108.21,6.76,108.21,6.76,-95.7,439490162.89583665,-9852.3,1970.9,6720.5,0
2026-04-09T11:37:06.774219+00:00,108.21,6.73,108.21,6.73,-97.7,439490162.89583665,-9852.9,1973.1,6720.9,0
2026-04-09T11:37:07.100864+00:00,108.21,6.70,108.21,6.7,-95.7,439490162.89583665,-9853.5,1975.4,6721.3,0
2026-04-09T11:37:07.424926+00:00,108.21,6.68,108.21,6.68,-95.7,439490162.89583665,-9854.0,1977.6,6721.6,0
2026-04-09T11:37:07.745353+00:00,108.21,6.65,108.21,6.65,-95.7,439490162.89583665,-9854.6,1979.8,6722.0,0
2026-04-09T11:37:08.088848+00:00,108.21,6.62,108.21,6.62,-94.7,439490162.89583665,-9855.1,1982.1,6722.4,0
2026-04-09T11:37:08.412842+00:00,108.21,6.59,108.21,6.59,-97.7,439490162.89583665,-9855.7,1984.3,6722.8,0
2026-04-09T11:37:08.737535+00:00,108.22,6.57,108.22,6.57,-94.7,439490162.89583665,-9856.2,1986.5,6723.1,0
2026-04-09T11:37:09.080857+00:00,108.22,6.54,108.22,6.54,-99.7,439490162.89583665,-9856.7,1988.7,6723.5,0
2026-04-09T11:37:09.404844+00:00,108.22,6.51,108.22,6.51,-93.7,439490162.89583665,-9857.3,1991.0,6723.9,0
2026-04-09T11:37:09.728970+00:00,108.22,6.49,108.22,6.49,-92.7,439490162.89583665,-9857.8,1993.1,6724.2,0
2026-04-09T11:37:10.052987+00:00,108.22,6.46,108.22,6.46,-95.7,439490162.89583665,-9858.3,1995.3,6724.6,0
2026-04-09T11:37:10.396846+00:00,108.22,6.43,108.22,6.43,-99.7,439490162.89583665,-9858.8,1997.6,6724.9,0
2026-04-09T11:37:10.720876+00:00,108.22,6.41,108.22,6.41,-92.7,439490162.89583665,-9859.4,1999.8,6725.3,0
2026-04-09T11:37:11.040985+00:00,108.22,6.38,108.22,6.38,-94.7,439490162.89583665,-9859.9,2002.0,6725.6,0
2026-04-09T11:37:11.385063+00:00,108.22,6.36,108.22,6.36,-97.7,439490162.89583665,-9860.4,2004.1,6726.0,0
2026-04-09T11:37:11.708932+00:00,108.22,6.33,108.22,6.33,-99.7,439490162.89583665,-9860.9,2006.5,6726.3,0
2026-04-09T11:37:12.032961+00:00,108.22,6.30,108.22,6.3,-93.7,439490162.89583665,-9861.4,2008.6,6726.7,0
2026-04-09T11:37:12.358324+00:00,108.22,6.28,108.22,6.28,-94.7,439490162.89583665,-9861.9,2010.8,6727.0,0
2026-04-09T11:37:12.706331+00:00,108.23,6.25,108.23,6.25,-97.7,439490162.89583665,-9862.4,2013.1,6727.4,0
2026-04-09T11:37:13.035413+00:00,108.23,6.22,108.23,6.22,-97.7,439490162.89583665,-9862.9,2015.3,6727.7,0
2026-04-09T11:37:13.357567+00:00,108.23,6.20,108.23,6.2,-91.7,439490162.89583665,-9863.4,2017.5,6728.0,0
2026-04-09T11:37:13.705972+00:00,108.23,6.17,108.23,6.17,-96.7,439490162.89583665,-9863.9,2019.7,6728.4,0
2026-04-09T11:37:14.029706+00:00,108.23,6.14,108.23,6.14,-95.7,439490162.89583665,-9864.4,2022.1,6728.7,0
2026-04-09T11:37:14.353004+00:00,108.23,6.12,108.23,6.12,-92.7,439490162.89583665,-9864.9,2024.2,6729.1,0
2026-04-09T11:37:14.676851+00:00,108.23,6.09,108.23,6.09,-93.7,439490162.89583665,-9865.4,2026.4,6729.4,0
2026-04-09T11:37:15.020839+00:00,108.23,6.06,108.23,6.06,-95.7,439490162.89583665,-9865.9,2028.7,6729.7,0
2026-04-09T11:37:15.344922+00:00,108.23,6.04,108.23,6.04,-97.7,439490162.89583665,-9866.4,2030.9,6730.1,0
2026-04-09T11:37:15.668876+00:00,108.23,6.01,108.23,6.01,-92.7,439490162.89583665,-9866.8,2033.1,6730.4,0
2026-04-09T11:37:16.013250+00:00,108.23,5.99,108.23,5.99,-100.7,439490162.89583665,-9867.3,2035.3,6730.7,0
2026-04-09T11:37:16.336938+00:00,108.24,5.96,108.24,5.96,-93.7,439490162.89583665,-9867.8,2037.6,6731.0,0
2026-04-09T11:37:16.660841+00:00,108.24,5.93,108.24,5.93,-95.7,439490162.89583665,-9868.2,2039.7,6731.3,0
2026-04-09T11:37:16.985725+00:00,108.24,5.91,108.24,5.91,-93.7,439490162.89583665,-9868.7,2041.9,6731.6,0
2026-04-09T11:37:17.329236+00:00,108.24,5.88,108.24,5.88,-96.7,439490162.89583665,-9869.2,2044.3,6732.0,0
2026-04-09T11:37:17.648903+00:00,108.24,5.86,108.24,5.86,-97.7,439490162.89583665,-9869.6,2046.4,6732.3,0
2026-04-09T11:37:17.972857+00:00,108.24,5.83,108.24,5.83,-94.7,439490162.89583665,-9870.1,2048.6,6732.6,0
2026-04-09T11:37:18.317083+00:00,108.24,5.81,108.24,5.81,-92.7,439490162.89583665,-9870.5,2050.8,6732.9,0
2026-04-09T11:37:18.640834+00:00,108.24,5.78,108.24,5.78,-98.7,439490162.89583665,-9871.0,2053.1,6733.2,0
2026-04-09T11:37:18.964859+00:00,108.24,5.75,108.24,5.75,-91.7,439490162.89583665,-9871.4,2055.3,6733.5,0
2026-04-09T11:37:19.294652+00:00,108.24,5.73,108.24,5.73,-96.7,439490162.89583665,-9871.9,2057.4,6733.8,0
2026-04-09T11:37:19.637997+00:00,108.24,5.70,108.24,5.7,-95.7,439490162.89583665,-9872.3,2059.8,6734.1,0
2026-04-09T11:37:19.966275+00:00,108.24,5.68,108.24,5.68,-91.7,439490162.89583665,-9872.8,2062.0,6734.4,0
2026-04-09T11:37:20.290728+00:00,108.25,5.65,108.25,5.65,-97.7,439490162.89583665,-9873.2,2064.2,6734.7,0
2026-04-09T11:37:20.637797+00:00,108.25,5.63,108.25,5.63,-97.7,439490162.89583665,-9873.7,2066.4,6735.0,0
2026-04-09T11:37:20.969724+00:00,108.25,5.60,108.25,5.6,-93.7,439490162.89583665,-9874.1,2068.7,6735.3,0
2026-04-09T11:37:21.290653+00:00,108.25,5.57,108.25,5.57,-94.7,439490162.89583665,-9874.5,2070.9,6735.6,0
2026-04-09T11:37:21.618806+00:00,108.25,5.55,108.25,5.55,-95.7,439490162.89583665,-9875.0,2073.1,6735.9,0
2026-04-09T11:37:21.961697+00:00,108.25,5.52,108.25,5.52,-96.7,439490162.89583665,-9875.4,2075.4,6736.2,0
2026-04-09T11:37:22.290035+00:00,108.25,5.50,108.25,5.5,-94.7,439490162.89583665,-9875.8,2077.6,6736.5,0
2026-04-09T11:37:22.618354+00:00,108.25,5.47,108.25,5.47,-92.7,439490162.89583665,-9876.3,2079.9,6736.8,0
2026-04-09T11:37:22.961978+00:00,108.25,5.45,108.25,5.45,-91.7,439490162.89583665,-9876.7,2082.1,6737.1,0
2026-04-09T11:37:23.290036+00:00,108.25,5.42,108.25,5.42,-94.7,439490162.89583665,-9877.1,2084.4,6737.4,0
2026-04-09T11:37:23.613960+00:00,108.25,5.40,108.25,5.4,-93.7,439490162.89583665,-9877.5,2086.6,6737.7,0
2026-04-09T11:37:23.941970+00:00,108.26,5.37,108.26,5.37,-91.7,439490162.89583665,-9877.9,2088.8,6737.9,0
2026-04-09T11:37:24.286094+00:00,108.26,5.35,108.26,5.35,-91.7,439490162.89583665,-9878.3,2091.1,6738.2,0
2026-04-09T11:37:24.613965+00:00,108.26,5.32,108.26,5.32,-93.7,439490162.89583665,-9878.7,2093.3,6738.5,0
2026-04-09T11:37:24.941526+00:00,108.26,5.30,108.26,5.3,-95.7,439490162.89583665,-9879.1,2095.5,6738.8,0
2026-04-09T11:37:25.287929+00:00,108.26,5.27,108.26,5.27,-95.7,439490162.89583665,-9879.5,2097.7,6739.1,0
2026-04-09T11:37:25.613997+00:00,108.26,5.24,108.26,5.24,-92.7,439490162.89583665,-9880.0,2100.0,6739.3,0
2026-04-09T11:37:25.943037+00:00,108.26,5.22,108.26,5.22,-91.7,439490162.89583665,-9880.4,2102.3,6739.6,0
2026-04-09T11:37:26.269690+00:00,108.26,5.20,108.26,5.2,-95.7,439490162.89583665,-9880.7,2104.4,6739.9,0
2026-04-09T11:37:26.615387+00:00,108.26,5.17,108.26,5.17,-97.7,439490162.89583665,-9881.2,2106.8,6740.2,0
2026-04-09T11:37:26.938035+00:00,108.26,5.14,108.26,5.14,-94.7,439490162.89583665,-9881.5,2109.0,6740.4,0
2026-04-09T11:37:27.262189+00:00,108.26,5.12,108.26,5.12,-93.7,439490162.89583665,-9881.9,2111.2,6740.7,0
2026-04-09T11:37:27.609929+00:00,108.27,5.10,108.27,5.1,-91.7,439490162.89583665,-9882.3,2113.4,6740.9,0
2026-04-09T11:37:27.933723+00:00,108.27,5.07,108.27,5.07,-96.7,439490162.89583665,-9882.7,2115.7,6741.2,0
2026-04-09T11:37:28.262495+00:00,108.27,5.05,108.27,5.05,-91.7,439490162.89583665,-9883.1,2117.9,6741.5,0
2026-04-09T11:37:28.589972+00:00,108.27,5.02,108.27,5.02,-92.7,439490162.89583665,-9883.5,2120.1,6741.7,0
2026-04-09T11:37:28.933974+00:00,108.27,5.00,108.27,5.0,-91.7,439490162.89583665,-9883.8,2122.5,6742.0,0
2026-04-09T11:37:29.260851+00:00,108.27,4.97,108.27,4.97,-93.7,439490162.89583665,-9884.2,2124.6,6742.2,0
2026-04-09T11:37:29.580889+00:00,108.27,4.95,108.27,4.95,-91.7,439490162.89583665,-9884.6,2126.8,6742.5,0
2026-04-09T11:37:29.924844+00:00,108.27,4.92,108.27,4.92,-97.7,439490162.89583665,-9884.9,2129.0,6742.7,0
2026-04-09T11:37:30.249187+00:00,108.27,4.90,108.27,4.9,-95.7,439490162.89583665,-9885.3,2131.3,6743.0,0
2026-04-09T11:37:30.572862+00:00,108.27,4.87,108.27,4.87,-98.7,439490162.89583665,-9885.7,2133.5,6743.2,0
2026-04-09T11:37:30.896838+00:00,108.27,4.85,108.27,4.85,-96.7,439490162.89583665,-9886.0,2135.7,6743.5,0
2026-04-09T11:37:31.240946+00:00,108.28,4.82,108.28,4.82,-91.7,439490162.89583665,-9886.4,2138.0,6743.7,0
2026-04-09T11:37:31.564864+00:00,108.28,4.80,108.28,4.8,-92.7,439490162.89583665,-9886.8,2140.2,6744.0,0
2026-04-09T11:37:31.888943+00:00,108.28,4.78,108.28,4.78,-93.7,439490162.89583665,-9887.1,2142.4,6744.2,0
2026-04-09T11:37:32.232864+00:00,108.28,4.75,108.28,4.75,-99.7,439490162.89583665,-9887.4,2144.5,6744.4,0
2026-04-09T11:37:32.576835+00:00,108.28,4.73,108.28,4.73,-94.7,439490112.3212102,-9887.8,2147.0,6744.7,0
2026-04-09T11:37:32.900854+00:00,108.28,4.70,108.28,4.7,-95.7,439490112.3212102,-9888.2,2149.2,6744.9,0
2026-04-09T11:37:33.245228+00:00,108.28,4.68,108.28,4.68,-94.7,439490112.3212102,-9888.5,2151.4,6745.2,0
2026-04-09T11:37:33.569519+00:00,108.28,4.65,108.28,4.65,-92.7,439490112.3212102,-9888.9,2153.7,6745.4,0
2026-04-09T11:37:33.888851+00:00,108.28,4.63,108.28,4.63,-94.7,439490112.3212102,-9889.2,2155.9,6745.6,0
2026-04-09T11:37:34.219066+00:00,108.28,4.61,108.28,4.61,-94.7,439490112.3212102,-9889.5,2158.1,6745.9,0
2026-04-09T11:37:34.562320+00:00,108.28,4.58,108.28,4.58,-93.7,439490112.3212102,-9889.9,2160.4,6746.1,0
2026-04-09T11:37:34.889515+00:00,108.29,4.56,108.29,4.56,-92.7,439490112.3212102,-9890.2,2162.6,6746.3,0
2026-04-09T11:37:35.214253+00:00,108.29,4.53,108.29,4.53,-92.7,439490112.3212102,-9890.5,2164.8,6746.5,0
2026-04-09T11:37:35.562275+00:00,108.29,4.51,108.29,4.51,-94.7,439490112.3212102,-9890.9,2167.0,6746.8,0
2026-04-09T11:37:35.885533+00:00,108.29,4.49,108.29,4.49,-95.7,439490112.3212102,-9891.2,2169.3,6747.0,0
2026-04-09T11:37:36.214407+00:00,108.29,4.46,108.29,4.46,-89.7,439490112.3212102,-9891.5,2171.5,6747.2,0
2026-04-09T11:37:36.558207+00:00,108.29,4.44,108.29,4.44,-95.7,439490112.3212102,-9891.8,2173.7,6747.4,0
2026-04-09T11:37:36.885017+00:00,108.29,4.41,108.29,4.41,-93.7,439490112.3212102,-9892.2,2176.1,6747.7,0
2026-04-09T11:37:37.208857+00:00,108.29,4.39,108.29,4.39,-93.7,439490112.3212102,-9892.5,2178.3,6747.9,0
2026-04-09T11:37:37.533096+00:00,108.29,4.37,108.29,4.37,-93.7,439490112.3212102,-9892.8,2180.4,6748.1,0
2026-04-09T11:37:37.876901+00:00,108.29,4.34,108.29,4.34,-89.7,439490112.3212102,-9893.1,2182.8,6748.3,0
2026-04-09T11:37:38.200850+00:00,108.29,4.32,108.29,4.32,-91.7,439490112.3212102,-9893.4,2184.9,6748.5,0
2026-04-09T11:37:38.524856+00:00,108.29,4.30,108.29,4.3,-93.7,439490112.3212102,-9893.7,2187.1,6748.7,0
2026-04-09T11:37:38.868936+00:00,108.30,4.27,108.3,4.27,-93.7,439490112.3212102,-9894.0,2189.3,6748.9,0
2026-04-09T11:37:39.188874+00:00,108.30,4.25,108.3,4.25,-94.7,439490112.3212102,-9894.3,2191.6,6749.1,0
2026-04-09T11:37:39.512860+00:00,108.30,4.23,108.3,4.23,-91.7,439490112.3212102,-9894.6,2193.8,6749.4,0
2026-04-09T11:37:39.836945+00:00,108.30,4.20,108.3,4.2,-91.7,439490112.3212102,-9894.9,2196.0,6749.6,0
2026-04-09T11:37:40.180853+00:00,108.30,4.18,108.3,4.18,-90.7,439490112.3212102,-9895.2,2198.3,6749.8,0
2026-04-09T11:37:40.504844+00:00,108.30,4.16,108.3,4.16,-95.7,439490112.3212102,-9895.5,2200.5,6750.0,0
2026-04-09T11:37:40.828978+00:00,108.30,4.13,108.3,4.13,-93.7,439490112.3212102,-9895.8,2202.7,6750.2,0
2026-04-09T11:37:41.172871+00:00,108.30,4.11,108.3,4.11,-93.7,439490112.3212102,-9896.1,2204.9,6750.4,0
2026-04-09T11:37:41.496980+00:00,108.30,4.09,108.3,4.09,-94.7,439490112.3212102,-9896.4,2207.2,6750.6,0
2026-04-09T11:37:41.821550+00:00,108.30,4.06,108.3,4.06,-91.7,439490112.3212102,-9896.7,2209.4,6750.7,0
2026-04-09T11:37:42.149913+00:00,108.30,4.04,108.3,4.04,-91.7,439490112.3212102,-9897.0,2211.6,6750.9,0
2026-04-09T11:37:42.494012+00:00,108.31,4.02,108.31,4.02,-97.7,439490112.3212102,-9897.3,2213.9,6751.1,0
2026-04-09T11:37:42.818406+00:00,108.31,3.99,108.31,3.99,-95.7,439490112.3212102,-9897.6,2216.1,6751.3,0
2026-04-09T11:37:43.146535+00:00,108.31,3.97,108.31,3.97,-93.7,439490112.3212102,-9897.8,2218.3,6751.5,0
2026-04-09T11:37:43.493973+00:00,108.31,3.95,108.31,3.95,-97.7,439490112.3212102,-9898.1,2220.5,6751.7,0
2026-04-09T11:37:43.818245+00:00,108.31,3.92,108.31,3.92,-92.7,439490112.3212102,-9898.4,2222.8,6751.9,0
2026-04-09T11:37:44.146488+00:00,108.31,3.90,108.31,3.9,-93.7,439490112.3212102,-9898.7,2225.1,6752.1,0
2026-04-09T11:37:44.469724+00:00,108.31,3.88,108.31,3.88,-88.7,439490112.3212102,-9898.9,2227.2,6752.3,0
2026-04-09T11:37:44.818437+00:00,108.31,3.85,108.31,3.85,-90.7,439490112.3212102,-9899.2,2229.6,6752.5,0
2026-04-09T11:37:45.141942+00:00,108.31,3.83,108.31,3.83,-93.7,439490112.3212102,-9899.5,2231.8,6752.6,0
2026-04-09T11:37:45.466046+00:00,108.31,3.81,108.31,3.81,-91.7,439490112.3212102,-9899.7,2234.0,6752.8,0
2026-04-09T11:37:45.817588+00:00,108.31,3.79,108.31,3.79,-96.7,439490112.3212102,-9900.0,2236.2,6753.0,0
2026-04-09T11:37:46.141880+00:00,108.32,3.76,108.32,3.76,-90.7,439490112.3212102,-9900.3,2238.5,6753.2,0
2026-04-09T11:37:46.469931+00:00,108.32,3.74,108.32,3.74,-91.7,439490112.3212102,-9900.5,2240.8,6753.4,0
2026-04-09T11:37:46.819531+00:00,108.32,3.72,108.32,3.72,-95.7,439490112.3212102,-9900.8,2243.0,6753.5,0
2026-04-09T11:37:47.141954+00:00,108.32,3.69,108.32,3.69,-93.7,439490112.3212102,-9901.1,2245.3,6753.7,0
2026-04-09T11:37:47.471055+00:00,108.32,3.67,108.32,3.67,-91.7,439490112.3212102,-9901.3,2247.5,6753.9,0
2026-04-09T11:37:47.794160+00:00,108.32,3.65,108.32,3.65,-90.7,439490112.3212102,-9901.5,2249.7,6754.1,0
2026-04-09T11:37:48.141950+00:00,108.32,3.62,108.32,3.62,-93.7,439490112.3212102,-9901.8,2252.1,6754.2,0
2026-04-09T11:37:48.466434+00:00,108.32,3.60,108.32,3.6,-93.7,439490112.3212102,-9902.1,2254.3,6754.4,0
2026-04-09T11:37:48.794216+00:00,108.32,3.58,108.32,3.58,-94.7,439490112.3212102,-9902.3,2256.5,6754.6,0
2026-04-09T11:37:49.137773+00:00,108.32,3.56,108.32,3.56,-95.7,439490112.3212102,-9902.6,2258.8,6754.7,0
2026-04-09T11:37:49.465942+00:00,108.32,3.53,108.32,3.53,-88.7,439490112.3212102,-9902.8,2261.0,6754.9,0
2026-04-09T11:37:49.789768+00:00,108.33,3.51,108.33,3.51,-91.7,439490112.3212102,-9903.0,2263.2,6755.1,0
2026-04-09T11:37:50.138965+00:00,108.33,3.49,108.33,3.49,-95.7,439490112.3212102,-9903.3,2265.4,6755.2,0
2026-04-09T11:37:50.461961+00:00,108.33,3.47,108.33,3.47,-92.7,439490112.3212102,-9903.5,2267.7,6755.4,0
2026-04-09T11:37:50.790522+00:00,108.33,3.44,108.33,3.44,-94.7,439490112.3212102,-9903.7,2269.9,6755.6,0
2026-04-09T11:37:51.114062+00:00,108.33,3.42,108.33,3.42,-94.7,439490112.3212102,-9904.0,2272.2,6755.7,0
2026-04-09T11:37:51.461940+00:00,108.33,3.40,108.33,3.4,-89.7,439490112.3212102,-9904.2,2274.5,6755.9,0
2026-04-09T11:37:51.788336+00:00,108.33,3.38,108.33,3.38,-91.7,439490112.3212102,-9904.4,2276.7,6756.0,0
2026-04-09T11:37:52.109013+00:00,108.33,3.35,108.33,3.35,-92.7,439490112.3212102,-9904.7,2278.9,6756.2,0
2026-04-09T11:37:52.452848+00:00,108.33,3.33,108.33,3.33,-93.7,439490112.3212102,-9904.9,2281.1,6756.3,0
2026-04-09T11:37:52.776976+00:00,108.33,3.31,108.33,3.31,-94.7,439490112.3212102,-9905.1,2283.4,6756.5,0
2026-04-09T11:37:53.100867+00:00,108.33,3.29,108.33,3.29,-89.7,439490112.3212102,-9905.3,2285.6,6756.6,0
2026-04-09T11:37:53.424862+00:00,108.34,3.27,108.34,3.27,-91.7,439490112.3212102,-9905.5,2287.8,6756.8,0
2026-04-09T11:37:53.769221+00:00,108.34,3.24,108.34,3.24,-94.7,439490112.3212102,-9905.8,2290.1,6756.9,0
2026-04-09T11:37:54.092848+00:00,108.34,3.22,108.34,3.22,-92.7,439490112.3212102,-9906.0,2292.3,6757.1,0
2026-04-09T11:37:54.416851+00:00,108.34,3.20,108.34,3.2,-94.7,439490112.3212102,-9906.2,2294.4,6757.2,0
2026-04-09T11:37:54.760857+00:00,108.34,3.18,108.34,3.18,-94.7,439490112.3212102,-9906.4,2296.6,6757.4,0
2026-04-09T11:37:55.084886+00:00,108.34,3.16,108.34,3.16,-89.7,439490112.3212102,-9906.6,2299.0,6757.5,0
2026-04-09T11:37:55.408905+00:00,108.34,3.13,108.34,3.13,-89.7,439490112.3212102,-9906.8,2301.2,6757.7,0
2026-04-09T11:37:55.730376+00:00,108.34,3.11,108.34,3.11,-91.7,439490112.3212102,-9907.0,2303.3,6757.8,0
2026-04-09T11:37:56.072853+00:00,108.34,3.09,108.34,3.09,-92.7,439490112.3212102,-9907.2,2305.7,6757.9,0
2026-04-09T11:37:56.396852+00:00,108.34,3.07,108.34,3.07,-89.7,439490112.3212102,-9907.4,2307.9,6758.1,0
2026-04-09T11:37:56.720951+00:00,108.34,3.05,108.34,3.05,-91.7,439490112.3212102,-9907.6,2310.1,6758.2,0
2026-04-09T11:37:57.069750+00:00,108.35,3.03,108.35,3.03,-91.7,439490112.3212102,-9907.8,2312.2,6758.3,0
2026-04-09T11:37:57.393977+00:00,108.35,3.00,108.35,3.0,-92.7,439490112.3212102,-9908.0,2314.6,6758.5,0
2026-04-09T11:37:57.723762+00:00,108.35,2.98,108.35,2.98,-91.7,439490112.3212102,-9908.2,2316.8,6758.6,0
2026-04-09T11:37:58.069770+00:00,108.35,2.96,108.35,2.96,-95.7,439490112.3212102,-9908.4,2319.0,6758.7,0
2026-04-09T11:37:58.395494+00:00,108.35,2.94,108.35,2.94,-92.7,439490112.3212102,-9908.6,2321.3,6758.9,0
2026-04-09T11:37:58.722197+00:00,108.35,2.92,108.35,2.92,-92.7,439490112.3212102,-9908.8,2323.5,6759.0,0
2026-04-09T11:37:59.067050+00:00,108.35,2.90,108.35,2.9,-91.7,439490112.3212102,-9909.0,2325.8,6759.1,0
2026-04-09T11:37:59.394014+00:00,108.35,2.87,108.35,2.87,-92.7,439490112.3212102,-9909.2,2328.1,6759.3,0
2026-04-09T11:37:59.712870+00:00,108.35,2.85,108.35,2.85,-92.7,439490112.3212102,-9909.4,2330.3,6759.4,0
2026-04-09T11:38:00.036859+00:00,108.35,2.83,108.35,2.83,-89.7,439490112.3212102,-9909.5,2332.5,6759.5,0
2026-04-09T11:38:00.380867+00:00,108.35,2.81,108.35,2.81,-91.7,439490112.3212102,-9909.7,2334.8,6759.6,0
2026-04-09T11:38:00.704845+00:00,108.36,2.79,108.36,2.79,-91.7,439490112.3212102,-9909.9,2337.0,6759.8,0
2026-04-09T11:38:01.028867+00:00,108.36,2.77,108.36,2.77,-91.7,439490112.3212102,-9910.1,2339.2,6759.9,0
2026-04-09T11:38:01.373220+00:00,108.36,2.75,108.36,2.75,-94.7,439490112.3212102,-9910.3,2341.3,6760.0,0
2026-04-09T11:38:01.696852+00:00,108.36,2.72,108.36,2.72,-93.7,439490112.3212102,-9910.4,2343.7,6760.1,0
2026-04-09T11:38:02.021359+00:00,108.36,2.70,108.36,2.7,-90.7,439490112.3212102,-9910.6,2345.8,6760.2,0
2026-04-09T11:38:02.346037+00:00,108.36,2.68,108.36,2.68,-90.7,439490112.3212102,-9910.8,2348.0,6760.4,0
2026-04-09T11:38:02.684953+00:00,108.36,2.66,108.36,2.66,-94.7,439490112.3212102,-9911.0,2350.4,6760.5,0
2026-04-09T11:38:03.012642+00:00,108.36,2.64,108.36,2.64,-92.7,439490112.3212102,-9911.1,2352.6,6760.6,0
2026-04-09T11:38:03.332958+00:00,108.36,2.62,108.36,2.62,-88.7,439490112.3212102,-9911.3,2354.7,6760.7,0
2026-04-09T11:38:03.676873+00:00,108.36,2.60,108.36,2.6,-92.7,439490112.3212102,-9911.4,2356.9,6760.8,0
2026-04-09T11:38:04.000936+00:00,108.36,2.58,108.36,2.58,-92.7,439490112.3212102,-9911.6,2359.3,6760.9,0
2026-04-09T11:38:04.331188+00:00,108.37,2.55,108.37,2.55,-93.7,439490112.3212102,-9911.8,2361.5,6761.0,0
2026-04-09T11:38:04.653947+00:00,108.37,2.53,108.37,2.53,-91.7,439490112.3212102,-9911.9,2363.6,6761.1,0
2026-04-09T11:38:05.002381+00:00,108.37,2.51,108.37,2.51,-93.7,439490112.3212102,-9912.1,2366.0,6761.3,0
2026-04-09T11:38:05.330134+00:00,108.37,2.49,108.37,2.49,-93.7,439490112.3212102,-9912.2,2368.2,6761.4,0
2026-04-09T11:38:05.657948+00:00,108.37,2.47,108.37,2.47,-91.7,439490112.3212102,-9912.4,2370.4,6761.5,0
2026-04-09T11:38:06.002693+00:00,108.37,2.45,108.37,2.45,-91.7,439490112.3212102,-9912.6,2372.8,6761.6,0
2026-04-09T11:38:06.330069+00:00,108.37,2.43,108.37,2.43,-89.7,439490112.3212102,-9912.7,2375.0,6761.7,0
2026-04-09T11:38:06.655431+00:00,108.37,2.41,108.37,2.41,-88.7,439490112.3212102,-9912.9,2377.2,6761.8,0
2026-04-09T11:38:07.000917+00:00,108.37,2.39,108.37,2.39,-93.7,439490112.3212102,-9913.0,2379.4,6761.9,0
2026-04-09T11:38:07.324992+00:00,108.37,2.37,108.37,2.37,-92.7,439490112.3212102,-9913.2,2381.7,6762.0,0
2026-04-09T11:38:07.650125+00:00,108.37,2.35,108.37,2.35,-93.7,439490112.3212102,-9913.3,2383.9,6762.1,0
2026-04-09T11:38:07.968863+00:00,108.38,2.32,108.38,2.32,-89.7,439490112.3212102,-9913.4,2386.1,6762.2,0
2026-04-09T11:38:08.312957+00:00,108.38,2.30,108.38,2.3,-91.7,439490112.3212102,-9913.6,2388.4,6762.3,0
2026-04-09T11:38:08.641012+00:00,108.38,2.28,108.38,2.28,-93.7,439490112.3212102,-9913.7,2390.6,6762.4,0
2026-04-09T11:38:08.961029+00:00,108.38,2.26,108.38,2.26,-91.7,439490112.3212102,-9913.9,2392.8,6762.5,0
2026-04-09T11:38:09.304954+00:00,108.38,2.24,108.38,2.24,-95.7,439490112.3212102,-9914.0,2395.0,6762.5,0
2026-04-09T11:38:09.632903+00:00,108.38,2.22,108.38,2.22,-93.7,439490112.3212102,-9914.1,2397.3,6762.6,0
2026-04-09T11:38:09.952961+00:00,108.38,2.20,108.38,2.2,-97.7,439490112.3212102,-9914.3,2399.5,6762.7,0
2026-04-09T11:38:10.277011+00:00,108.38,2.18,108.38,2.18,-91.7,439490112.3212102,-9914.4,2401.7,6762.8,0
2026-04-09T11:38:10.620883+00:00,108.38,2.16,108.38,2.16,-91.7,439490112.3212102,-9914.5,2404.0,6762.9,0
2026-04-09T11:38:10.944970+00:00,108.38,2.14,108.38,2.14,-90.7,439490112.3212102,-9914.6,2406.2,6763.0,0
2026-04-09T11:38:11.268928+00:00,108.38,2.12,108.38,2.12,-91.7,439490112.3212102,-9914.8,2408.4,6763.1,0
2026-04-09T11:38:11.617040+00:00,108.39,2.10,108.39,2.1,-93.7,439490112.3212102,-9914.9,2410.6,6763.2,0
2026-04-09T11:38:11.937235+00:00,108.39,2.08,108.39,2.08,-91.7,439490112.3212102,-9915.0,2412.9,6763.3,0
2026-04-09T11:38:12.266063+00:00,108.39,2.06,108.39,2.06,-91.7,439490112.3212102,-9915.1,2415.1,6763.3,0
2026-04-09T11:38:12.590049+00:00,108.39,2.04,108.39,2.04,-91.7,439490112.3212102,-9915.3,2417.3,6763.4,0
2026-04-09T11:38:12.934070+00:00,108.39,2.02,108.39,2.02,-94.7,439490112.3212102,-9915.4,2419.6,6763.5,0
2026-04-09T11:38:13.260710+00:00,108.39,2.00,108.39,2.0,-94.7,439490112.3212102,-9915.5,2421.8,6763.6,0
2026-04-09T11:38:13.580895+00:00,108.39,1.98,108.39,1.98,-89.7,439490112.3212102,-9915.6,2424.0,6763.7,0
2026-04-09T11:38:13.924884+00:00,108.39,1.96,108.39,1.96,-92.7,439490112.3212102,-9915.7,2426.2,6763.7,0
2026-04-09T11:38:14.248878+00:00,108.39,1.94,108.39,1.94,-92.7,439490112.3212102,-9915.8,2428.5,6763.8,0
2026-04-09T11:38:14.572933+00:00,108.39,1.92,108.39,1.92,-95.7,439490112.3212102,-9916.0,2430.7,6763.9,0
2026-04-09T11:38:14.898671+00:00,108.39,1.90,108.39,1.9,-91.7,439490112.3212102,-9916.1,2432.9,6764.0,0
2026-04-09T11:38:15.242031+00:00,108.40,1.88,108.4,1.88,-89.7,439490112.3212102,-9916.2,2435.2,6764.0,0
2026-04-09T11:38:15.560891+00:00,108.40,1.86,108.4,1.86,-89.7,439490112.3212102,-9916.3,2437.4,6764.1,0
2026-04-09T11:38:15.884969+00:00,108.40,1.84,108.4,1.84,-93.7,439490112.3212102,-9916.4,2439.6,6764.2,0
2026-04-09T11:38:16.229402+00:00,108.40,1.82,108.4,1.82,-93.7,439490112.3212102,-9916.5,2441.8,6764.3,0
2026-04-09T11:38:16.556900+00:00,108.40,1.80,108.4,1.8,-89.7,439490112.3212102,-9916.6,2444.1,6764.3,0
2026-04-09T11:38:16.881034+00:00,108.40,1.78,108.4,1.78,-91.7,439490112.3212102,-9916.7,2446.3,6764.4,0
2026-04-09T11:38:17.201082+00:00,108.40,1.76,108.4,1.76,-92.7,439490112.3212102,-9916.8,2448.5,6764.5,0
2026-04-09T11:38:17.550010+00:00,108.40,1.74,108.4,1.74,-97.7,439490112.3212102,-9916.9,2450.9,6764.5,0
2026-04-09T11:38:17.869039+00:00,108.40,1.72,108.4,1.72,-96.7,439490112.3212102,-9917.0,2453.0,6764.6,0
2026-04-09T11:38:18.193434+00:00,108.40,1.70,108.4,1.7,-95.7,439490112.3212102,-9917.1,2455.2,6764.7,0
2026-04-09T11:38:18.546078+00:00,108.40,1.68,108.4,1.68,-91.7,439490112.3212102,-9917.2,2457.4,6764.7,0
2026-04-09T11:38:18.864936+00:00,108.41,1.66,108.41,1.66,-92.7,439490112.3212102,-9917.3,2459.8,6764.8,0
2026-04-09T11:38:19.188943+00:00,108.41,1.64,108.41,1.64,-93.7,439490112.3212102,-9917.4,2462.0,6764.8,0
2026-04-09T11:38:19.512917+00:00,108.41,1.62,108.41,1.62,-93.7,439490112.3212102,-9917.4,2464.2,6764.9,0
2026-04-09T11:38:19.857316+00:00,108.41,1.60,108.41,1.6,-93.7,439490112.3212102,-9917.5,2466.5,6765.0,0
2026-04-09T11:38:20.185308+00:00,108.41,1.58,108.41,1.58,-89.7,439490112.3212102,-9917.6,2468.7,6765.0,0
2026-04-09T11:38:20.508894+00:00,108.41,1.56,108.41,1.56,-94.7,439490112.3212102,-9917.7,2470.9,6765.1,0
2026-04-09T11:38:20.848994+00:00,108.41,1.54,108.41,1.54,-93.7,439490112.3212102,-9917.8,2473.1,6765.1,0
2026-04-09T11:38:21.173085+00:00,108.41,1.52,108.41,1.52,-95.7,439490112.3212102,-9917.9,2475.4,6765.2,0
2026-04-09T11:38:21.496909+00:00,108.41,1.51,108.41,1.51,-92.7,439490112.3212102,-9918.0,2477.6,6765.3,0
2026-04-09T11:38:21.825335+00:00,108.41,1.49,108.41,1.49,-93.7,439490112.3212102,-9918.0,2479.8,6765.3,0
2026-04-09T11:38:22.168994+00:00,108.41,1.47,108.41,1.47,-92.7,439490112.3212102,-9918.1,2482.1,6765.4,0
2026-04-09T11:38:22.493024+00:00,108.42,1.45,108.42,1.45,-95.7,439490112.3212102,-9918.2,2484.3,6765.4,0
2026-04-09T11:38:22.816872+00:00,108.42,1.43,108.42,1.43,-91.7,439490112.3212102,-9918.3,2486.5,6765.5,0
2026-04-09T11:38:23.161513+00:00,108.42,1.41,108.42,1.41,-94.7,439490112.3212102,-9918.3,2488.7,6765.5,0
2026-04-09T11:38:23.489015+00:00,108.42,1.39,108.42,1.39,-92.7,439490112.3212102,-9918.4,2491.0,6765.6,0
2026-04-09T11:38:23.808938+00:00,108.42,1.37,108.42,1.37,-93.7,439490112.3212102,-9918.5,2493.2,6765.6,0
2026-04-09T11:38:24.132845+00:00,108.42,1.35,108.42,1.35,-91.7,439490112.3212102,-9918.5,2495.4,6765.7,0
2026-04-09T11:38:24.478174+00:00,108.42,1.33,108.42,1.33,-89.7,439490112.3212102,-9918.6,2497.7,6765.7,0
2026-04-09T11:38:24.797006+00:00,108.42,1.31,108.42,1.31,-92.7,439490112.3212102,-9918.7,2499.9,6765.7,0
2026-04-09T11:38:25.120878+00:00,108.42,1.30,108.42,1.3,-93.7,439490112.3212102,-9918.7,2502.1,6765.8,0
2026-04-09T11:38:25.464854+00:00,108.42,1.28,108.42,1.28,-91.7,439490112.3212102,-9918.8,2504.3,6765.8,0
2026-04-09T11:38:25.788862+00:00,108.42,1.26,108.42,1.26,-95.7,439490112.3212102,-9918.9,2506.6,6765.9,0
2026-04-09T11:38:26.112864+00:00,108.43,1.24,108.43,1.24,-91.7,439490112.3212102,-9918.9,2508.8,6765.9,0
2026-04-09T11:38:26.436882+00:00,108.43,1.22,108.43,1.22,-87.7,439490112.3212102,-9919.0,2511.0,6766.0,0
2026-04-09T11:38:26.780977+00:00,108.43,1.20,108.43,1.2,-94.7,439490112.3212102,-9919.1,2513.3,6766.0,0
2026-04-09T11:38:27.109989+00:00,108.43,1.18,108.43,1.18,-89.7,439490112.3212102,-9919.1,2515.5,6766.0,0
2026-04-09T11:38:27.433933+00:00,108.43,1.16,108.43,1.16,-92.7,439490112.3212102,-9919.2,2517.7,6766.1,0
2026-04-09T11:38:27.782087+00:00,108.43,1.15,108.43,1.15,-92.7,439490112.3212102,-9919.2,2519.9,6766.1,0
2026-04-09T11:38:28.106259+00:00,108.43,1.13,108.43,1.13,-91.7,439490112.3212102,-9919.3,2522.3,6766.2,0
2026-04-09T11:38:28.435081+00:00,108.43,1.11,108.43,1.11,-91.7,439490112.3212102,-9919.3,2524.5,6766.2,0
2026-04-09T11:38:28.762531+00:00,108.43,1.09,108.43,1.09,-89.7,439490112.3212102,-9919.4,2526.7,6766.2,0
2026-04-09T11:38:29.105766+00:00,108.43,1.07,108.43,1.07,-89.7,439490112.3212102,-9919.4,2529.0,6766.3,0
2026-04-09T11:38:29.430269+00:00,108.43,1.05,108.43,1.05,-90.7,439490112.3212102,-9919.5,2531.3,6766.3,0
2026-04-09T11:38:29.758754+00:00,108.44,1.03,108.44,1.03,-89.7,439490112.3212102,-9919.5,2533.4,6766.3,0
2026-04-09T11:38:30.102283+00:00,108.44,1.02,108.44,1.02,-88.7,439490112.3212102,-9919.6,2535.7,6766.3,0
2026-04-09T11:38:30.429956+00:00,108.44,1.00,108.44,1.0,-90.7,439490112.3212102,-9919.6,2538.0,6766.4,0
2026-04-09T11:38:30.754725+00:00,108.44,0.98,108.44,0.98,-89.7,439490112.3212102,-9919.6,2540.2,6766.4,0
2026-04-09T11:38:31.085963+00:00,108.44,0.96,108.44,0.96,-92.7,439490112.3212102,-9919.7,2542.4,6766.4,0
2026-04-09T11:38:31.435016+00:00,108.44,0.94,108.44,0.94,-89.7,439490112.3212102,-9919.7,2544.8,6766.5,0
2026-04-09T11:38:31.758481+00:00,108.44,0.92,108.44,0.92,-91.7,439490112.3212102,-9919.8,2547.0,6766.5,0
2026-04-09T11:38:32.085973+00:00,108.44,0.90,108.44,0.9,-91.7,439490112.3212102,-9919.8,2549.2,6766.5,0
2026-04-09T11:38:32.429924+00:00,108.44,0.89,108.44,0.89,-91.7,439490112.3212102,-9919.8,2551.5,6766.5,0
2026-04-09T11:38:32.757902+00:00,108.44,0.87,108.44,0.87,-90.7,439490112.3212102,-9919.9,2553.7,6766.6,0
2026-04-09T11:38:33.087377+00:00,108.44,0.85,108.44,0.85,-91.7,439490112.3212102,-9919.9,2556.0,6766.6,0
2026-04-09T11:38:33.430057+00:00,108.45,0.83,108.45,0.83,-94.7,439490112.3212102,-9919.9,2558.3,6766.6,0
2026-04-09T11:38:33.757236+00:00,108.45,0.81,108.45,0.81,-87.7,439490112.3212102,-9920.0,2560.5,6766.6,0
2026-04-09T11:38:34.082037+00:00,108.45,0.79,108.45,0.79,-85.7,439490112.3212102,-9920.0,2562.7,6766.6,0
2026-04-09T11:38:34.420999+00:00,108.45,0.78,108.45,0.78,-92.7,439490112.3212102,-9920.0,2564.9,6766.7,0
2026-04-09T11:38:34.744928+00:00,108.45,0.76,108.45,0.76,-88.7,439490112.3212102,-9920.1,2567.2,6766.7,0
2026-04-09T11:38:35.068852+00:00,108.45,0.74,108.45,0.74,-90.7,439490112.3212102,-9920.1,2569.4,6766.7,0
2026-04-09T11:38:35.392840+00:00,108.45,0.72,108.45,0.72,-89.7,439490112.3212102,-9920.1,2571.6,6766.7,0
2026-04-09T11:38:35.737195+00:00,108.45,0.70,108.45,0.7,-87.7,439490112.3212102,-9920.1,2573.9,6766.7,0
2026-04-09T11:38:36.060835+00:00,108.45,0.69,108.45,0.69,-93.7,439490112.3212102,-9920.1,2576.1,6766.7,0
2026-04-09T11:38:36.384856+00:00,108.45,0.67,108.45,0.67,-89.7,439490112.3212102,-9920.2,2578.3,6766.8,0
2026-04-09T11:38:36.729117+00:00,108.45,0.65,108.45,0.65,-90.7,439490112.3212102,-9920.2,2580.5,6766.8,0
2026-04-09T11:38:37.052898+00:00,108.46,0.63,108.46,0.63,-91.7,439490112.3212102,-9920.2,2582.8,6766.8,0
2026-04-09T11:38:37.376939+00:00,108.46,0.62,108.46,0.62,-91.7,439490112.3212102,-9920.2,2585.0,6766.8,0
2026-04-09T11:38:37.700911+00:00,108.46,0.60,108.46,0.6,-91.7,439490112.3212102,-9920.2,2587.2,6766.8,0
2026-04-09T11:38:38.044892+00:00,108.46,0.58,108.46,0.58,-91.7,439490112.3212102,-9920.2,2589.5,6766.8,0
2026-04-09T11:38:38.368900+00:00,108.46,0.56,108.46,0.56,-91.7,439490112.3212102,-9920.3,2591.7,6766.8,0
2026-04-09T11:38:38.689567+00:00,108.46,0.55,108.46,0.55,-90.7,439490112.3212102,-9920.3,2593.9,6766.8,0
2026-04-09T11:38:39.037289+00:00,108.46,0.53,108.46,0.53,-89.7,439490112.3212102,-9920.3,2596.1,6766.8,0
2026-04-09T11:38:39.365956+00:00,108.46,0.51,108.46,0.51,-91.7,439490112.3212102,-9920.3,2598.5,6766.8,0
2026-04-09T11:38:39.690640+00:00,108.46,0.49,108.46,0.49,-89.7,439490112.3212102,-9920.3,2600.7,6766.8,0
2026-04-09T11:38:40.014210+00:00,108.46,0.48,108.46,0.48,-89.7,439490112.3212102,-9920.3,2602.9,6766.9,0
2026-04-09T11:38:40.362021+00:00,108.46,0.46,108.46,0.46,-89.7,439490112.3212102,-9920.3,2605.2,6766.9,0
2026-04-09T11:38:40.690364+00:00,108.47,0.44,108.47,0.44,-92.7,439490112.3212102,-9920.3,2607.4,6766.9,0
2026-04-09T11:38:41.012942+00:00,108.47,0.43,108.47,0.43,-87.7,439490112.3212102,-9920.3,2609.6,6766.9,0
2026-04-09T11:38:41.361768+00:00,108.47,0.41,108.47,0.41,-89.7,439490112.3212102,-9920.3,2611.8,6766.9,0
2026-04-09T11:38:41.686272+00:00,108.47,0.39,108.47,0.39,-89.7,439490112.3212102,-9920.3,2614.2,6766.9,0
2026-04-09T11:38:42.014437+00:00,108.47,0.37,108.47,0.37,-88.7,439490112.3212102,-9920.3,2616.4,6766.9,0
2026-04-09T11:38:42.338164+00:00,108.47,0.36,108.47,0.36,-91.7,439490112.3212102,-9920.3,2618.6,6766.9,0
2026-04-09T11:38:42.686304+00:00,108.47,0.34,108.47,0.34,-92.7,439490112.3212102,-9920.3,2620.9,6766.9,0
2026-04-09T11:38:43.014301+00:00,108.47,0.32,108.47,0.32,-87.7,439490112.3212102,-9920.3,2623.1,6766.9,0
2026-04-09T11:38:43.338009+00:00,108.47,0.31,108.47,0.31,-88.7,439490112.3212102,-9920.3,2625.4,6766.8,0
2026-04-09T11:38:43.685997+00:00,108.47,0.29,108.47,0.29,-91.7,439490112.3212102,-9920.3,2627.6,6766.8,0
2026-04-09T11:38:44.014803+00:00,108.47,0.27,108.47,0.27,-85.7,439490112.3212102,-9920.3,2629.9,6766.8,0
2026-04-09T11:38:44.338039+00:00,108.48,0.25,108.48,0.25,-90.7,439490112.3212102,-9920.3,2632.1,6766.8,0
2026-04-09T11:38:44.662246+00:00,108.48,0.24,108.48,0.24,-91.7,439490112.3212102,-9920.3,2634.3,6766.8,0
2026-04-09T11:38:45.010195+00:00,108.48,0.22,108.48,0.22,-89.7,439490112.3212102,-9920.2,2636.7,6766.8,0
2026-04-09T11:38:45.338062+00:00,108.48,0.20,108.48,0.2,-85.7,439490112.3212102,-9920.2,2638.9,6766.8,0
2026-04-09T11:38:45.662001+00:00,108.48,0.19,108.48,0.19,-88.7,439490112.3212102,-9920.2,2641.1,6766.8,0
2026-04-09T11:38:46.010337+00:00,108.48,0.17,108.48,0.17,-86.7,439490112.3212102,-9920.2,2643.3,6766.8,0
2026-04-09T11:38:46.333840+00:00,108.48,0.15,108.48,0.15,-88.7,439490112.3212102,-9920.2,2645.6,6766.8,0
2026-04-09T11:38:46.662306+00:00,108.48,0.14,108.48,0.14,-88.7,439490112.3212102,-9920.2,2647.8,6766.8,0
2026-04-09T11:38:46.986381+00:00,108.48,0.12,108.48,0.12,-85.7,439490112.3212102,-9920.2,2650.0,6766.8,0
2026-04-09T11:38:47.334276+00:00,108.48,0.10,108.48,0.1,-90.7,439490112.3212102,-9920.1,2652.4,6766.7,0
2026-04-09T11:38:47.663088+00:00,108.49,0.09,108.49,0.09,-88.7,439490112.3212102,-9920.1,2654.6,6766.7,0
2026-04-09T11:38:47.986977+00:00,108.49,0.07,108.49,0.07,-91.7,439490112.3212102,-9920.1,2656.8,6766.7,0
2026-04-09T11:38:48.334054+00:00,108.49,0.05,108.49,0.05,-89.7,439490112.3212102,-9920.1,2659.2,6766.7,0
2026-04-09T11:38:48.657949+00:00,108.49,0.04,108.49,0.04,-88.7,439490112.3212102,-9920.0,2661.4,6766.7,0
2026-04-09T11:38:48.986596+00:00,108.49,0.02,108.49,0.02,-87.7,439490112.3212102,-9920.0,2663.6,6766.7,0
2026-04-09T11:38:49.330353+00:00,108.49,0.01,108.49,0.01,-92.7,439490112.3212102,-9920.0,2665.8,6766.6,0
