t,az_cmd,el_cmd,az_act,el_act,rssi,freq_hz,doppler_hz,range_km,range_rate,packets
2026-04-01T21:05:21.350560+00:00,151.22,0.00,151.22,0.0,-88.8,437360264.5701873,10264.8,2642.9,-7036.1,0
2026-04-01T21:05:21.714936+00:00,151.21,0.03,151.21,0.03,-88.8,437360264.5701873,10264.5,2639.6,-7035.9,0
2026-04-01T21:05:22.138626+00:00,151.20,0.05,151.2,0.05,-88.8,437370528.8783696,10264.4,2636.6,-7035.7,0
2026-04-01T21:05:22.602587+00:00,151.19,0.07,151.19,0.07,-88.8,437380792.98150605,10264.3,2633.8,-7035.5,0
2026-04-01T21:05:22.972019+00:00,151.18,0.09,151.18,0.09,-88.8,437380792.98150605,10264.0,2630.8,-7035.2,0
2026-04-01T21:05:23.439672+00:00,151.17,0.12,151.17,0.12,-88.8,437391056.8332663,10263.9,2627.8,-7035.0,0
2026-04-01T21:05:23.863967+00:00,151.16,0.14,151.16,0.14,-88.8,437401320.46282953,10263.9,2624.9,-7034.8,0
2026-04-01T21:05:24.222647+00:00,151.14,0.16,151.14,0.16,-88.8,437401320.46282953,10263.5,2621.9,-7034.6,0
2026-04-01T21:05:24.690542+00:00,151.13,0.18,151.13,0.18,-88.8,437411583.83241105,10263.4,2618.7,-7034.3,0
2026-04-01T21:05:25.114527+00:00,151.12,0.20,151.12,0.2,-88.8,437421846.96477896,10263.4,2616.1,-7034.1,0
2026-04-01T21:05:25.518520+00:00,151.11,0.22,151.11,0.22,-88.8,437421846.96477896,10263.0,2613.1,-7033.9,0
2026-04-01T21:05:25.943618+00:00,151.10,0.25,151.1,0.25,-88.8,437432109.78509873,10262.9,2609.9,-7033.6,0
2026-04-01T21:05:26.377043+00:00,151.09,0.27,151.09,0.27,-88.8,437442372.3852443,10262.8,2607.3,-7033.4,0
2026-04-01T21:05:26.779919+00:00,151.08,0.29,151.08,0.29,-88.8,437442372.3852443,10262.5,2604.0,-7033.2,0
2026-04-01T21:05:27.202600+00:00,151.07,0.32,151.07,0.32,-88.8,437452634.6526178,10262.3,2601.0,-7032.9,0
2026-04-01T21:05:27.631640+00:00,151.06,0.34,151.06,0.34,-88.8,437462896.68835837,10262.3,2598.4,-7032.7,0
2026-04-01T21:05:28.034524+00:00,151.04,0.36,151.04,0.36,-88.8,437462896.68835837,10261.9,2595.1,-7032.4,0
2026-04-01T21:05:28.458547+00:00,151.03,0.38,151.03,0.38,-88.8,437473158.37772447,10261.8,2592.2,-7032.2,0
2026-04-01T21:05:28.882646+00:00,151.02,0.40,151.02,0.4,-88.8,437483419.82185906,10261.7,2589.6,-7032.0,0
2026-04-01T21:05:29.286623+00:00,151.01,0.43,151.01,0.43,-88.8,437483419.82185906,10261.3,2586.3,-7031.7,0
2026-04-01T21:05:29.710802+00:00,151.00,0.45,151.0,0.45,-88.8,437493680.90316415,10261.1,2583.4,-7031.4,0
2026-04-01T21:05:30.134507+00:00,150.99,0.47,150.99,0.47,-88.8,437503941.7256365,10261.1,2580.8,-7031.2,0
2026-04-01T21:05:30.538545+00:00,150.98,0.50,150.98,0.5,-88.8,437503941.7256365,10260.6,2577.5,-7030.9,0
2026-04-01T21:05:30.962522+00:00,150.97,0.52,150.97,0.52,-88.8,437514202.16739607,10260.5,2574.5,-7030.7,0
2026-04-01T21:05:31.392615+00:00,150.96,0.54,150.96,0.54,-88.8,437524462.3324434,10260.4,2572.0,-7030.4,0
2026-04-01T21:05:31.793583+00:00,150.94,0.57,150.94,0.57,-88.8,437524462.3324434,10260.0,2568.7,-7030.2,0
2026-04-01T21:05:32.220441+00:00,150.93,0.59,150.93,0.59,-88.8,437534722.0996042,10259.8,2565.7,-7029.9,0
2026-04-01T21:05:32.642567+00:00,150.92,0.61,150.92,0.61,-88.8,437544981.5743077,10259.7,2563.1,-7029.6,0
2026-04-01T21:05:33.050555+00:00,150.91,0.64,150.91,0.64,-88.8,437544981.5743077,10259.3,2559.9,-7029.3,0
2026-04-01T21:05:33.474533+00:00,150.90,0.66,150.9,0.66,-88.8,437555240.6325222,10259.1,2556.9,-7029.1,0
2026-04-01T21:05:33.898544+00:00,150.89,0.68,150.89,0.68,-88.8,437565499.3882328,10259.0,2554.3,-7028.8,0
2026-04-01T21:05:34.303080+00:00,150.87,0.71,150.87,0.71,-88.8,437565499.3882328,10258.5,2551.1,-7028.5,0
2026-04-01T21:05:34.726519+00:00,150.86,0.73,150.86,0.73,-88.8,437575757.7088491,10258.4,2548.1,-7028.2,0
2026-04-01T21:05:35.150521+00:00,150.85,0.75,150.85,0.75,-88.8,437586015.7126361,10258.2,2545.5,-7028.0,0
2026-04-01T21:05:35.554536+00:00,150.84,0.78,150.84,0.78,-88.8,437586015.7126361,10257.8,2542.3,-7027.7,0
2026-04-01T21:05:35.978537+00:00,150.83,0.80,150.83,0.8,-88.8,437596273.26343286,10257.6,2539.3,-7027.4,0
2026-04-01T21:05:36.405826+00:00,150.82,0.82,150.82,0.82,-88.8,437606530.4780833,10257.5,2536.7,-7027.1,0
2026-04-01T21:05:36.811726+00:00,150.80,0.85,150.8,0.85,-88.8,437606530.4780833,10257.0,2533.5,-7026.8,0
2026-04-01T21:05:37.235882+00:00,150.79,0.87,150.79,0.87,-88.8,437616787.2197059,10256.8,2530.5,-7026.5,0
2026-04-01T21:05:37.659588+00:00,150.78,0.89,150.78,0.89,-88.8,437627043.6144145,10256.6,2527.9,-7026.2,0
2026-04-01T21:05:38.067868+00:00,150.77,0.92,150.77,0.92,-88.8,437627043.6144145,10256.1,2524.6,-7025.9,0
2026-04-01T21:05:38.495373+00:00,150.76,0.95,150.76,0.95,-88.8,437637299.51320326,10255.9,2521.6,-7025.6,0
2026-04-01T21:05:38.923406+00:00,150.75,0.97,150.75,0.97,-88.8,437647555.0457543,10255.8,2519.1,-7025.3,0
2026-04-01T21:05:39.332212+00:00,150.73,0.99,150.73,0.99,-88.8,437647555.0457543,10255.3,2515.7,-7024.9,0
2026-04-01T21:05:39.759570+00:00,150.72,1.02,150.72,1.02,-88.8,437657810.0587765,10255.0,2512.7,-7024.6,0
2026-04-01T21:05:40.188891+00:00,150.71,1.04,150.71,1.04,-88.8,437668064.6897977,10254.9,2510.2,-7024.3,0
2026-04-01T21:05:40.596916+00:00,150.70,1.07,150.7,1.07,-88.8,437668064.6897977,10254.4,2506.9,-7024.0,0
2026-04-01T21:05:41.019575+00:00,150.68,1.09,150.68,1.09,-88.8,437678318.7805285,10254.1,2503.9,-7023.7,0
2026-04-01T21:05:41.450258+00:00,150.67,1.11,150.67,1.11,-88.8,437688572.4742045,10253.9,2501.3,-7023.4,0
2026-04-01T21:05:41.850552+00:00,150.66,1.14,150.66,1.14,-88.8,437688572.4742045,10253.4,2498.0,-7023.0,0
2026-04-01T21:05:42.274931+00:00,150.65,1.17,150.65,1.17,-88.8,437698825.62036955,10253.2,2495.0,-7022.7,0
2026-04-01T21:05:42.698548+00:00,150.64,1.19,150.64,1.19,-88.8,437709078.35014635,10253.0,2492.5,-7022.4,0
2026-04-01T21:05:43.102513+00:00,150.62,1.22,150.62,1.22,-88.8,437709078.35014635,10252.4,2489.2,-7022.0,0
2026-04-01T21:05:43.531661+00:00,150.61,1.24,150.61,1.24,-88.8,437719330.5173478,10252.2,2486.2,-7021.7,0
2026-04-01T21:05:43.954576+00:00,150.60,1.26,150.6,1.26,-88.8,437729582.2523888,10252.0,2483.7,-7021.4,0
2026-04-01T21:05:44.358576+00:00,150.59,1.29,150.59,1.29,-88.8,437729582.2523888,10251.4,2480.4,-7021.0,0
2026-04-01T21:05:44.782942+00:00,150.57,1.32,150.57,1.32,-88.8,437739833.3990929,10251.1,2477.5,-7020.6,0
2026-04-01T21:05:45.206512+00:00,150.56,1.34,150.56,1.34,-88.8,437750084.10213864,10250.9,2474.9,-7020.3,0
2026-04-01T21:05:45.610571+00:00,150.55,1.37,150.55,1.37,-88.8,437750084.10213864,10250.4,2471.6,-7020.0,0
2026-04-01T21:05:46.034522+00:00,150.54,1.39,150.54,1.39,-88.8,437760334.1967858,10250.1,2468.7,-7019.6,0
2026-04-01T21:05:46.467169+00:00,150.53,1.41,150.53,1.41,-88.8,437770583.8262922,10249.9,2466.1,-7019.3,0
2026-04-01T21:05:46.871266+00:00,150.51,1.44,150.51,1.44,-88.8,437770583.8262922,10249.3,2462.8,-7018.9,0
2026-04-01T21:05:47.299986+00:00,150.50,1.47,150.5,1.47,-88.8,437780832.8209174,10249.0,2459.8,-7018.5,0
2026-04-01T21:05:47.722705+00:00,150.49,1.49,150.49,1.49,-88.8,437791081.3296284,10248.7,2457.2,-7018.2,0
2026-04-01T21:05:48.126524+00:00,150.47,1.52,150.47,1.52,-88.8,437791081.3296284,10248.2,2454.0,-7017.8,0
2026-04-01T21:05:48.550539+00:00,150.46,1.54,150.46,1.54,-88.8,437801329.19408387,10247.8,2451.0,-7017.4,0
2026-04-01T21:05:48.974508+00:00,150.45,1.57,150.45,1.57,-88.8,437811576.5589788,10247.6,2448.4,-7017.1,0
2026-04-01T21:05:49.382533+00:00,150.44,1.60,150.44,1.6,-88.8,437811576.5589788,10247.0,2445.2,-7016.7,0
2026-04-01T21:05:49.802631+00:00,150.42,1.62,150.42,1.62,-88.8,437821823.2531282,10246.7,2442.2,-7016.3,0
2026-04-01T21:05:50.227009+00:00,150.41,1.64,150.41,1.64,-88.8,437832069.4362068,10246.4,2439.6,-7015.9,0
2026-04-01T21:05:50.634564+00:00,150.40,1.67,150.4,1.67,-88.8,437832069.4362068,10245.8,2436.4,-7015.5,0
2026-04-01T21:05:51.058556+00:00,150.39,1.70,150.39,1.7,-88.8,437842314.9270376,10245.5,2433.4,-7015.1,0
2026-04-01T21:05:51.482574+00:00,150.37,1.72,150.37,1.72,-88.8,437852559.8895799,10245.2,2430.9,-7014.8,0
2026-04-01T21:05:51.887150+00:00,150.36,1.75,150.36,1.75,-88.8,437852559.8895799,10244.6,2427.6,-7014.3,0
2026-04-01T21:05:52.311051+00:00,150.35,1.78,150.35,1.78,-88.8,437862804.1376547,10244.2,2424.6,-7013.9,0
2026-04-01T21:05:52.740102+00:00,150.34,1.80,150.34,1.8,-88.8,437873047.8338015,10243.9,2422.0,-7013.6,0
2026-04-01T21:05:53.142541+00:00,150.32,1.83,150.32,1.83,-88.8,437873047.8338015,10243.3,2418.8,-7013.1,0
2026-04-01T21:05:53.571682+00:00,150.31,1.86,150.31,1.86,-88.8,437883290.79611,10242.9,2415.8,-7012.7,0
2026-04-01T21:05:53.994527+00:00,150.30,1.88,150.3,1.88,-88.8,437893533.18783885,10242.6,2413.2,-7012.4,0
2026-04-01T21:05:54.398513+00:00,150.28,1.91,150.28,1.91,-88.8,437893533.18783885,10242.0,2410.0,-7011.9,0
2026-04-01T21:05:54.822557+00:00,150.27,1.93,150.27,1.93,-88.8,437903774.82278895,10241.6,2407.0,-7011.5,0
2026-04-01T21:05:55.246646+00:00,150.26,1.96,150.26,1.96,-88.8,437914015.87492347,10241.3,2404.5,-7011.1,0
2026-04-01T21:05:55.650529+00:00,150.24,1.99,150.24,1.99,-88.8,437914015.87492347,10240.6,2401.2,-7010.6,0
2026-04-01T21:05:56.074525+00:00,150.23,2.01,150.23,2.01,-88.8,437924256.14804816,10240.2,2398.2,-7010.2,0
2026-04-01T21:05:56.502214+00:00,150.22,2.04,150.22,2.04,-88.8,437934495.8139929,10239.9,2395.7,-7009.8,0
2026-04-01T21:05:56.902555+00:00,150.20,2.07,150.2,2.07,-88.8,437934495.8139929,10239.2,2392.4,-7009.4,0
2026-04-01T21:05:57.326530+00:00,150.19,2.09,150.19,2.09,-88.8,437944734.68439883,10238.8,2389.4,-7008.9,0
2026-04-01T21:05:57.754045+00:00,150.18,2.12,150.18,2.12,-88.8,437954972.9289628,10238.5,2386.9,-7008.5,0
2026-04-01T21:05:58.163942+00:00,150.16,2.15,150.16,2.15,-88.8,437954972.9289628,10237.8,2383.6,-7008.0,0
2026-04-01T21:05:58.591895+00:00,150.15,2.18,150.15,2.18,-88.8,437965210.3400564,10237.3,2380.6,-7007.6,0
2026-04-01T21:05:59.015876+00:00,150.14,2.20,150.14,2.2,-88.8,437975447.1080684,10237.0,2378.0,-7007.2,0
2026-04-01T21:05:59.427421+00:00,150.12,2.23,150.12,2.23,-88.8,437975447.1080684,10236.3,2374.8,-7006.7,0
2026-04-01T21:05:59.855786+00:00,150.11,2.26,150.11,2.26,-88.8,437985683.01465917,10235.8,2371.8,-7006.2,0
2026-04-01T21:06:00.278524+00:00,150.10,2.28,150.1,2.28,-88.8,437995918.2587848,10235.5,2369.2,-7005.8,0
2026-04-01T21:06:00.682549+00:00,150.08,2.31,150.08,2.31,-88.8,437995918.2587848,10234.7,2365.9,-7005.3,0
2026-04-01T21:06:01.106521+00:00,150.07,2.34,150.07,2.34,-88.8,438006152.63136804,10234.3,2362.9,-7004.8,0
2026-04-01T21:06:01.534199+00:00,150.06,2.36,150.06,2.36,-88.8,438016386.3199593,10233.9,2360.4,-7004.4,0
2026-04-01T21:06:01.939657+00:00,150.04,2.39,150.04,2.39,-88.8,438016386.3199593,10233.2,2357.1,-7003.9,0
2026-04-01T21:06:02.363151+00:00,150.03,2.42,150.03,2.42,-88.8,438026619.1111896,10232.7,2354.2,-7003.4,0
2026-04-01T21:06:02.786797+00:00,150.01,2.44,150.01,2.44,-88.8,438036851.2083118,10232.3,2351.6,-7003.0,0
2026-04-01T21:06:03.190551+00:00,150.00,2.48,150.0,2.48,-88.8,438036851.2083118,10231.6,2348.4,-7002.5,0
2026-04-01T21:06:03.614505+00:00,149.98,2.50,149.98,2.5,-88.8,438047082.3851042,10231.1,2345.4,-7002.0,0
2026-04-01T21:06:04.038528+00:00,149.97,2.53,149.97,2.53,-88.8,438057312.845541,10230.7,2342.9,-7001.6,0
2026-04-01T21:06:04.442542+00:00,149.96,2.56,149.96,2.56,-88.8,438057312.845541,10229.9,2339.6,-7001.0,0
2026-04-01T21:06:04.866526+00:00,149.94,2.59,149.94,2.59,-88.8,438067542.36196154,10229.4,2336.6,-7000.5,0
2026-04-01T21:06:05.296087+00:00,149.93,2.61,149.93,2.61,-88.8,438077771.1347803,10229.0,2334.1,-7000.1,0
2026-04-01T21:06:05.703897+00:00,149.92,2.64,149.92,2.64,-88.8,438077771.1347803,10228.2,2330.8,-6999.5,0
2026-04-01T21:06:06.126525+00:00,149.90,2.67,149.9,2.67,-88.8,438087998.929189,10227.7,2327.8,-6999.0,0
2026-04-01T21:06:06.554176+00:00,149.89,2.69,149.89,2.69,-88.8,438098225.9620204,10227.3,2325.2,-6998.6,0
2026-04-01T21:06:06.959654+00:00,149.87,2.73,149.87,2.73,-88.8,438098225.9620204,10226.4,2322.0,-6998.0,0
2026-04-01T21:06:07.383201+00:00,149.86,2.75,149.86,2.75,-88.8,438108451.99916744,10225.9,2319.0,-6997.5,0
2026-04-01T21:06:07.806536+00:00,149.85,2.78,149.85,2.78,-88.8,438118677.26103956,10225.5,2316.5,-6997.0,0
2026-04-01T21:06:08.210729+00:00,149.83,2.81,149.83,2.81,-88.8,438118677.26103956,10224.7,2313.2,-6996.4,0
2026-04-01T21:06:08.634529+00:00,149.82,2.84,149.82,2.84,-88.8,438128901.50281423,10224.1,2310.3,-6995.9,0
2026-04-01T21:06:09.058530+00:00,149.80,2.86,149.8,2.86,-88.8,438139124.9463367,10223.7,2307.7,-6995.5,0
2026-04-01T21:06:09.462530+00:00,149.79,2.89,149.79,2.89,-88.8,438139124.9463367,10222.8,2304.5,-6994.9,0
2026-04-01T21:06:09.886540+00:00,149.77,2.92,149.77,2.92,-88.8,438149347.34463054,10222.3,2301.5,-6994.3,0
2026-04-01T21:06:10.310734+00:00,149.76,2.95,149.76,2.95,-88.8,438159568.91598153,10221.8,2298.9,-6993.8,0
2026-04-01T21:06:10.714550+00:00,149.74,2.98,149.74,2.98,-88.8,438159568.91598153,10220.9,2295.7,-6993.2,0
2026-04-01T21:06:11.143873+00:00,149.73,3.01,149.73,3.01,-88.8,438169789.4233909,10220.4,2292.7,-6992.7,0
2026-04-01T21:06:11.574764+00:00,149.72,3.03,149.72,3.03,-88.8,438180009.0744483,10219.9,2290.2,-6992.2,0
2026-04-01T21:06:11.978556+00:00,149.70,3.07,149.7,3.07,-88.8,438180009.0744483,10219.0,2286.9,-6991.6,0
2026-04-01T21:06:12.402546+00:00,149.68,3.10,149.68,3.1,-88.8,438190227.6200092,10218.4,2283.9,-6991.0,0
2026-04-01T21:06:12.827226+00:00,149.67,3.12,149.67,3.12,-88.8,438200445.30264115,10217.9,2281.4,-6990.5,0
2026-04-01T21:06:13.230812+00:00,149.65,3.15,149.65,3.15,-88.8,438200445.30264115,10217.0,2278.1,-6989.9,0
2026-04-01T21:06:13.654531+00:00,149.64,3.18,149.64,3.18,-88.8,438210661.8596272,10216.4,2275.1,-6989.3,0
2026-04-01T21:06:14.078523+00:00,149.63,3.21,149.63,3.21,-88.8,438220877.5242663,10215.9,2272.6,-6988.8,0
2026-04-01T21:06:14.482522+00:00,149.61,3.24,149.61,3.24,-88.8,438220877.5242663,10215.0,2269.4,-6988.2,0
2026-04-01T21:06:14.910533+00:00,149.60,3.27,149.6,3.27,-88.8,438231092.045247,10214.3,2266.4,-6987.6,0
2026-04-01T21:06:15.334552+00:00,149.58,3.29,149.58,3.29,-88.8,438241305.65088177,10213.8,2263.9,-6987.1,0
2026-04-01T21:06:15.738741+00:00,149.57,3.33,149.57,3.33,-88.8,438241305.65088177,10212.9,2260.6,-6986.4,0
2026-04-01T21:06:16.162528+00:00,149.55,3.36,149.55,3.36,-88.8,438251518.07628393,10212.3,2257.6,-6985.8,0
2026-04-01T21:06:16.590237+00:00,149.54,3.38,149.54,3.38,-88.8,438261729.5633362,10211.7,2255.1,-6985.3,0
2026-04-01T21:06:16.991919+00:00,149.52,3.42,149.52,3.42,-88.8,438261729.5633362,10210.8,2251.8,-6984.7,0
2026-04-01T21:06:17.419055+00:00,149.50,3.44,149.5,3.44,-88.8,438271939.8485657,10210.1,2248.9,-6984.0,0
2026-04-01T21:06:17.846261+00:00,149.49,3.47,149.49,3.47,-88.8,438282149.16601264,10209.6,2246.3,-6983.5,0
2026-04-01T21:06:18.255906+00:00,149.47,3.50,149.47,3.5,-88.8,438282149.16601264,10208.6,2243.0,-6982.8,0
2026-04-01T21:06:18.683933+00:00,149.46,3.53,149.46,3.53,-88.8,438292357.2364855,10207.9,2240.0,-6982.2,0
2026-04-01T21:06:19.107868+00:00,149.45,3.56,149.45,3.56,-88.8,438302564.32472813,10207.3,2237.5,-6981.7,0
2026-04-01T21:06:19.515416+00:00,149.43,3.59,149.43,3.59,-88.8,438302564.32472813,10206.3,2234.2,-6981.0,0
2026-04-01T21:06:19.944083+00:00,149.41,3.62,149.41,3.62,-88.8,438312770.1372575,10205.6,2231.2,-6980.3,0
2026-04-01T21:06:20.371204+00:00,149.40,3.65,149.4,3.65,-88.8,438322974.9338307,10205.0,2228.7,-6979.8,0
2026-04-01T21:06:20.785097+00:00,149.38,3.68,149.38,3.68,-88.8,438322974.9338307,10204.0,2225.4,-6979.1,0
2026-04-01T21:06:21.207616+00:00,149.36,3.71,149.36,3.71,-88.8,438333178.4130955,10203.3,2222.4,-6978.4,0
2026-04-01T21:06:21.639244+00:00,149.35,3.74,149.35,3.74,-88.8,438343380.866231,10202.7,2219.9,-6977.8,0
2026-04-01T21:06:22.043655+00:00,149.33,3.77,149.33,3.77,-88.8,438343380.866231,10201.6,2216.6,-6977.1,0
2026-04-01T21:06:22.476069+00:00,149.32,3.80,149.32,3.8,-88.8,438353581.9818753,10200.9,2213.6,-6976.4,0
2026-04-01T21:06:22.899772+00:00,149.30,3.83,149.3,3.83,-88.8,438363782.0326565,10200.3,2211.0,-6975.9,0
2026-04-01T21:06:23.307184+00:00,149.29,3.86,149.29,3.86,-88.8,438363782.0326565,10199.2,2207.8,-6975.1,0
2026-04-01T21:06:23.730930+00:00,149.27,3.90,149.27,3.9,-88.8,438373980.7186191,10198.5,2204.8,-6974.5,0
2026-04-01T21:06:24.154545+00:00,149.26,3.92,149.26,3.92,-88.8,438384178.33239406,10197.9,2202.3,-6973.9,0
2026-04-01T21:06:24.558529+00:00,149.24,3.96,149.24,3.96,-88.8,438384178.33239406,10196.8,2199.0,-6973.1,0
2026-04-01T21:06:24.982513+00:00,149.22,3.99,149.22,3.99,-88.8,438394374.5611592,10196.0,2196.1,-6972.4,0
2026-04-01T21:06:25.406531+00:00,149.21,4.01,149.21,4.01,-88.8,438404569.6911314,10195.4,2193.6,-6971.9,0
2026-04-01T21:06:25.810836+00:00,149.19,4.05,149.19,4.05,-88.8,438404569.6911314,10194.2,2190.3,-6971.1,0
2026-04-01T21:06:26.240056+00:00,149.17,4.08,149.17,4.08,-88.8,438414763.4044738,10193.5,2187.3,-6970.4,0
2026-04-01T21:06:26.666170+00:00,149.16,4.10,149.16,4.1,-88.8,438424955.98527235,10192.8,2184.8,-6969.8,0
2026-04-01T21:06:27.066546+00:00,149.14,4.14,149.14,4.14,-88.8,438424955.98527235,10191.7,2181.6,-6969.0,0
2026-04-01T21:06:27.490529+00:00,149.12,4.17,149.12,4.17,-88.8,438435147.1192434,10190.9,2178.6,-6968.3,0
2026-04-01T21:06:27.914559+00:00,149.11,4.20,149.11,4.2,-88.8,438445337.1033377,10190.2,2176.1,-6967.7,0
2026-04-01T21:06:28.324272+00:00,149.09,4.23,149.09,4.23,-88.8,438445337.1033377,10189.1,2172.8,-6966.9,0
2026-04-01T21:06:28.750529+00:00,149.08,4.26,149.08,4.26,-88.8,438455525.59397745,10188.2,2169.8,-6966.2,0
2026-04-01T21:06:29.174517+00:00,149.06,4.29,149.06,4.29,-88.8,438465712.9031206,10187.5,2167.3,-6965.5,0
2026-04-01T21:06:29.579972+00:00,149.04,4.32,149.04,4.32,-88.8,438465712.9031206,10186.4,2164.1,-6964.7,0
2026-04-01T21:06:30.007667+00:00,149.03,4.36,149.03,4.36,-88.8,438475898.6971691,10185.5,2161.1,-6964.0,0
2026-04-01T21:06:30.430533+00:00,149.01,4.38,149.01,4.38,-88.8,438486083.28238076,10184.8,2158.5,-6963.4,0
2026-04-01T21:06:30.834553+00:00,148.99,4.42,148.99,4.42,-88.8,438486083.28238076,10183.6,2155.3,-6962.5,0
2026-04-01T21:06:31.258693+00:00,148.98,4.45,148.98,4.45,-88.8,438496266.3237118,10182.8,2152.4,-6961.8,0
2026-04-01T21:06:31.686232+00:00,148.96,4.48,148.96,4.48,-88.8,438506448.1360026,10182.0,2149.8,-6961.1,0
2026-04-01T21:06:32.086576+00:00,148.94,4.51,148.94,4.51,-88.8,438506448.1360026,10180.8,2146.6,-6960.3,0
2026-04-01T21:06:32.510554+00:00,148.93,4.54,148.93,4.54,-88.8,438516628.3706225,10179.9,2143.6,-6959.5,0
2026-04-01T21:06:32.934568+00:00,148.91,4.57,148.91,4.57,-88.8,438526807.3381388,10179.2,2141.1,-6958.9,0
2026-04-01T21:06:33.338784+00:00,148.89,4.61,148.89,4.61,-88.8,438526807.3381388,10178.0,2137.9,-6958.0,0
2026-04-01T21:06:33.769075+00:00,148.87,4.64,148.87,4.64,-88.8,438536984.7049012,10177.1,2134.9,-6957.2,0
2026-04-01T21:06:34.195737+00:00,148.86,4.67,148.86,4.67,-88.8,438547160.76577616,10176.3,2132.3,-6956.6,0
2026-04-01T21:06:34.603793+00:00,148.84,4.70,148.84,4.7,-88.8,438547160.76577616,10175.0,2129.1,-6955.7,0
2026-04-01T21:06:35.026527+00:00,148.82,4.73,148.82,4.73,-88.8,438557335.1678098,10174.1,2126.1,-6954.9,0
2026-04-01T21:06:35.450524+00:00,148.81,4.76,148.81,4.76,-88.8,438567508.2501642,10173.3,2123.6,-6954.2,0
2026-04-01T21:06:35.859677+00:00,148.79,4.80,148.79,4.8,-88.8,438567508.2501642,10172.0,2120.4,-6953.3,0
2026-04-01T21:06:36.282705+00:00,148.77,4.83,148.77,4.83,-88.8,438577679.64915377,10171.1,2117.4,-6952.5,0
2026-04-01T21:06:36.710414+00:00,148.76,4.86,148.76,4.86,-88.8,438587849.71038365,10170.3,2114.9,-6951.8,0
2026-04-01T21:06:37.110511+00:00,148.74,4.89,148.74,4.89,-88.8,438587849.71038365,10169.0,2111.7,-6950.9,0
2026-04-01T21:06:37.534530+00:00,148.72,4.93,148.72,4.93,-88.8,438598018.0565775,10168.0,2108.7,-6950.1,0
2026-04-01T21:06:37.958522+00:00,148.70,4.95,148.7,4.95,-88.8,438608185.03264,10167.2,2106.2,-6949.4,0
2026-04-01T21:06:38.362549+00:00,148.68,4.99,148.68,4.99,-88.8,438608185.03264,10165.9,2103.0,-6948.5,0
2026-04-01T21:06:38.786713+00:00,148.67,5.02,148.67,5.02,-88.8,438618350.25841767,10164.9,2100.0,-6947.6,0
2026-04-01T21:06:39.210529+00:00,148.65,5.05,148.65,5.05,-88.8,438628514.0731137,10164.1,2097.5,-6946.9,0
2026-04-01T21:06:39.614514+00:00,148.63,5.09,148.63,5.09,-88.8,438628514.0731137,10162.7,2094.2,-6946.0,0
2026-04-01T21:06:40.043649+00:00,148.61,5.12,148.61,5.12,-88.8,438638676.11298543,10161.7,2091.3,-6945.1,0
2026-04-01T21:06:40.466525+00:00,148.60,5.15,148.6,5.15,-88.8,438648836.71153486,10160.8,2088.8,-6944.4,0
2026-04-01T21:06:40.870734+00:00,148.58,5.18,148.58,5.18,-88.8,438648836.71153486,10159.5,2085.5,-6943.4,0
2026-04-01T21:06:41.294592+00:00,148.56,5.22,148.56,5.22,-88.8,438658995.48571056,10158.4,2082.6,-6942.6,0
2026-04-01T21:06:41.723060+00:00,148.54,5.25,148.54,5.25,-88.8,438669152.80117714,10157.6,2080.1,-6941.8,0
2026-04-01T21:06:42.122522+00:00,148.52,5.28,148.52,5.28,-88.8,438669152.80117714,10156.1,2076.8,-6940.8,0
2026-04-01T21:06:42.546515+00:00,148.50,5.32,148.5,5.32,-88.8,438679308.25557345,10155.1,2073.9,-6940.0,0
2026-04-01T21:06:42.974525+00:00,148.49,5.34,148.49,5.34,-88.8,438689462.2074336,10154.2,2071.3,-6939.2,0
2026-04-01T21:06:43.378552+00:00,148.47,5.38,148.47,5.38,-88.8,438689462.2074336,10152.8,2068.1,-6938.2,0
2026-04-01T21:06:43.802680+00:00,148.45,5.41,148.45,5.41,-88.8,438699614.2600909,10151.7,2065.2,-6937.3,0
2026-04-01T21:06:44.227330+00:00,148.43,5.44,148.43,5.44,-88.8,438709764.7913856,10150.8,2062.7,-6936.5,0
2026-04-01T21:06:44.630523+00:00,148.41,5.48,148.41,5.48,-88.8,438709764.7913856,10149.3,2059.4,-6935.5,0
2026-04-01T21:06:45.055642+00:00,148.39,5.51,148.39,5.51,-88.8,438719913.38533884,10148.2,2056.5,-6934.6,0
2026-04-01T21:06:45.483596+00:00,148.38,5.54,148.38,5.54,-88.8,438730060.4126603,10147.3,2053.9,-6933.8,0
2026-04-01T21:06:45.890540+00:00,148.36,5.58,148.36,5.58,-88.8,438730060.4126603,10145.8,2050.7,-6932.8,0
2026-04-01T21:06:46.314541+00:00,148.34,5.61,148.34,5.61,-88.8,438740205.4509176,10144.6,2047.7,-6931.8,0
2026-04-01T21:06:46.742555+00:00,148.32,5.64,148.32,5.64,-88.8,438750348.89084244,10143.7,2045.2,-6931.0,0
2026-04-01T21:06:47.146528+00:00,148.30,5.68,148.3,5.68,-88.8,438750348.89084244,10142.2,2042.0,-6930.0,0
2026-04-01T21:06:47.570529+00:00,148.28,5.71,148.28,5.71,-88.8,438760490.31426847,10141.0,2039.1,-6929.1,0
2026-04-01T21:06:47.994524+00:00,148.27,5.74,148.27,5.74,-88.8,438770630.1062267,10140.0,2036.5,-6928.2,0
2026-04-01T21:06:48.398536+00:00,148.24,5.78,148.24,5.78,-88.8,438770630.1062267,10138.5,2033.3,-6927.2,0
2026-04-01T21:06:48.822566+00:00,148.22,5.82,148.22,5.82,-88.8,438780767.85496086,10137.3,2030.4,-6926.2,0
2026-04-01T21:06:49.246649+00:00,148.21,5.85,148.21,5.85,-88.8,438790903.93837154,10136.3,2027.8,-6925.4,0
2026-04-01T21:06:49.650518+00:00,148.19,5.88,148.19,5.88,-88.8,438790903.93837154,10134.8,2024.6,-6924.3,0
2026-04-01T21:06:50.078536+00:00,148.17,5.92,148.17,5.92,-88.8,438801037.9382491,10133.5,2021.7,-6923.3,0
2026-04-01T21:06:50.502530+00:00,148.15,5.95,148.15,5.95,-88.8,438811170.238941,10132.5,2019.2,-6922.5,0
2026-04-01T21:06:50.908358+00:00,148.13,5.99,148.13,5.99,-88.8,438811170.238941,10130.9,2016.0,-6921.4,0
2026-04-01T21:06:51.330544+00:00,148.11,6.02,148.11,6.02,-88.8,438821300.39362794,10129.7,2013.0,-6920.4,0
2026-04-01T21:06:51.758385+00:00,148.09,6.05,148.09,6.05,-88.8,438831428.8216921,10128.7,2010.5,-6919.5,0
2026-04-01T21:06:52.162512+00:00,148.07,6.09,148.07,6.09,-88.8,438831428.8216921,10127.0,2007.3,-6918.4,0
2026-04-01T21:06:52.586545+00:00,148.05,6.12,148.05,6.12,-88.8,438841555.0677148,10125.8,2004.3,-6917.4,0
2026-04-01T21:06:53.010526+00:00,148.03,6.15,148.03,6.15,-88.8,438851679.55895764,10124.7,2001.8,-6916.5,0
2026-04-01T21:06:53.414517+00:00,148.01,6.19,148.01,6.19,-88.8,438851679.55895764,10123.1,1998.6,-6915.4,0
2026-04-01T21:06:53.838669+00:00,147.99,6.23,147.99,6.23,-88.8,438861801.82639825,10121.8,1995.6,-6914.3,0
2026-04-01T21:06:54.267685+00:00,147.97,6.26,147.97,6.26,-88.8,438871922.28945255,10120.7,1993.1,-6913.4,0
2026-04-01T21:06:54.671193+00:00,147.95,6.30,147.95,6.3,-88.8,438871922.28945255,10119.0,1989.9,-6912.3,0
2026-04-01T21:06:55.094559+00:00,147.93,6.33,147.93,6.33,-88.8,438882040.48193246,10117.7,1987.0,-6911.2,0
2026-04-01T21:06:55.518613+00:00,147.91,6.36,147.91,6.36,-88.8,438892156.85114807,10116.6,1984.5,-6910.3,0
2026-04-01T21:06:55.925892+00:00,147.89,6.40,147.89,6.4,-88.8,438892156.85114807,10114.9,1981.2,-6909.1,0
2026-04-01T21:06:56.350598+00:00,147.87,6.44,147.87,6.44,-88.8,438902270.8951467,10113.5,1978.3,-6908.1,0
2026-04-01T21:06:56.778413+00:00,147.85,6.47,147.85,6.47,-88.8,438912383.07483757,10112.4,1975.8,-6907.1,0
2026-04-01T21:06:57.178592+00:00,147.83,6.51,147.83,6.51,-88.8,438912383.07483757,10110.7,1972.6,-6905.9,0
2026-04-01T21:06:57.602551+00:00,147.81,6.54,147.81,6.54,-88.8,438922492.8968205,10109.3,1969.6,-6904.8,0
2026-04-01T21:06:58.030588+00:00,147.79,6.57,147.79,6.57,-88.8,438932600.8041516,10108.1,1967.1,-6903.9,0
2026-04-01T21:06:58.434566+00:00,147.77,6.61,147.77,6.61,-88.8,438932600.8041516,10106.4,1963.9,-6902.7,0
2026-04-01T21:06:58.858693+00:00,147.75,6.65,147.75,6.65,-88.8,438942706.3084091,10105.0,1961.0,-6901.6,0
2026-04-01T21:06:59.286560+00:00,147.73,6.68,147.73,6.68,-88.8,438952809.86053044,10103.8,1958.5,-6900.6,0
2026-04-01T21:06:59.690563+00:00,147.71,6.72,147.71,6.72,-88.8,438952809.86053044,10102.0,1955.3,-6899.4,0
2026-04-01T21:07:00.102590+00:00,147.69,6.75,147.69,6.75,-88.8,438962910.9620598,10100.5,1952.3,-6898.2,0
2026-04-01T21:07:00.530580+00:00,147.67,6.78,147.67,6.78,-88.8,438973010.128298,10099.4,1949.9,-6897.3,0
2026-04-01T21:07:00.930702+00:00,147.65,6.82,147.65,6.82,-88.8,438973010.128298,10097.6,1946.7,-6896.0,0
2026-04-01T21:07:01.358768+00:00,147.63,6.86,147.63,6.86,-88.8,438983106.8042848,10096.1,1943.8,-6894.9,0
2026-04-01T21:07:01.790586+00:00,147.61,6.89,147.61,6.89,-88.8,438993201.4288387,10094.9,1941.2,-6893.9,0
2026-04-01T21:07:02.194593+00:00,147.58,6.93,147.58,6.93,-88.8,438993201.4288387,10093.0,1938.0,-6892.6,0
2026-04-01T21:07:02.618756+00:00,147.56,6.97,147.56,6.97,-88.8,439003293.4984462,10091.5,1935.0,-6891.4,0
2026-04-01T21:07:03.047083+00:00,147.54,7.00,147.54,7.0,-88.8,439013383.49770284,10090.2,1932.5,-6890.4,0
2026-04-01T21:07:03.454961+00:00,147.52,7.04,147.52,7.04,-88.8,439013383.49770284,10088.3,1929.3,-6889.1,0
2026-04-01T21:07:03.881554+00:00,147.50,7.08,147.5,7.08,-88.8,439023470.88445884,10086.8,1926.4,-6887.9,0
2026-04-01T21:07:04.306834+00:00,147.48,7.11,147.48,7.11,-88.8,439033556.1604893,10085.5,1923.8,-6886.9,0
2026-04-01T21:07:04.710546+00:00,147.45,7.15,147.45,7.15,-88.8,439033556.1604893,10083.6,1920.7,-6885.5,0
2026-04-01T21:07:05.139176+00:00,147.43,7.19,147.43,7.19,-88.8,439043638.79434305,10082.0,1917.7,-6884.3,0
2026-04-01T21:07:05.562589+00:00,147.41,7.22,147.41,7.22,-88.8,439053719.27637494,10080.7,1915.2,-6883.3,0
2026-04-01T21:07:05.966541+00:00,147.39,7.26,147.39,7.26,-88.8,439053719.27637494,10078.7,1912.0,-6881.9,0
2026-04-01T21:07:06.397271+00:00,147.37,7.30,147.37,7.3,-88.8,439063797.0636648,10077.2,1909.1,-6880.7,0
2026-04-01T21:07:06.819382+00:00,147.35,7.33,147.35,7.33,-88.8,439073872.6565983,10075.8,1906.6,-6879.6,0
2026-04-01T21:07:07.227958+00:00,147.32,7.37,147.32,7.37,-88.8,439073872.6565983,10073.8,1903.3,-6878.2,0
2026-04-01T21:07:07.655927+00:00,147.30,7.41,147.3,7.41,-88.8,439083945.47933155,10072.2,1900.4,-6877.0,0
2026-04-01T21:07:08.084123+00:00,147.28,7.44,147.28,7.44,-88.8,439094016.0537224,10070.8,1897.9,-6875.9,0
2026-04-01T21:07:08.491908+00:00,147.26,7.48,147.26,7.48,-88.8,439094016.0537224,10068.8,1894.6,-6874.5,0
2026-04-01T21:07:08.919671+00:00,147.23,7.52,147.23,7.52,-88.8,439104083.80532724,10067.1,1891.7,-6873.2,0
2026-04-01T21:07:09.342543+00:00,147.22,7.55,147.22,7.55,-88.8,439114149.2839165,10065.7,1889.2,-6872.1,0
2026-04-01T21:07:09.746992+00:00,147.19,7.59,147.19,7.59,-88.8,439114149.2839165,10063.6,1886.0,-6870.7,0
2026-04-01T21:07:10.170531+00:00,147.17,7.63,147.17,7.63,-88.8,439124211.90786666,10062.0,1883.1,-6869.4,0
2026-04-01T21:07:10.594522+00:00,147.15,7.66,147.15,7.66,-88.8,439134272.22768676,10060.6,1880.6,-6868.2,0
2026-04-01T21:07:10.998521+00:00,147.12,7.70,147.12,7.7,-88.8,439134272.22768676,10058.4,1877.4,-6866.8,0
2026-04-01T21:07:11.422533+00:00,147.10,7.74,147.1,7.74,-88.8,439144329.64169794,10056.7,1874.5,-6865.5,0
2026-04-01T21:07:11.847048+00:00,147.08,7.77,147.08,7.77,-88.8,439154384.68684125,10055.3,1872.0,-6864.3,0
2026-04-01T21:07:12.250562+00:00,147.05,7.82,147.05,7.82,-88.8,439154384.68684125,10053.1,1868.8,-6862.9,0
2026-04-01T21:07:12.674535+00:00,147.03,7.86,147.03,7.86,-88.8,439164436.78930134,10051.4,1865.9,-6861.5,0
2026-04-01T21:07:13.103661+00:00,147.01,7.89,147.01,7.89,-88.8,439174486.47674274,10049.9,1863.4,-6860.3,0
2026-04-01T21:07:13.506536+00:00,146.99,7.93,146.99,7.93,-88.8,439174486.47674274,10047.7,1860.2,-6858.9,0
2026-04-01T21:07:13.931621+00:00,146.96,7.97,146.96,7.97,-88.8,439184533.14742434,10046.0,1857.3,-6857.5,0
2026-04-01T21:07:14.358535+00:00,146.94,8.00,146.94,8.0,-88.8,439194577.3562118,10044.4,1854.8,-6856.3,0
2026-04-01T21:07:14.762921+00:00,146.92,8.04,146.92,8.04,-88.8,439194577.3562118,10042.2,1851.6,-6854.8,0
2026-04-01T21:07:15.186774+00:00,146.89,8.08,146.89,8.08,-88.8,439204618.489888,10040.4,1848.7,-6853.4,0
2026-04-01T21:07:15.615209+00:00,146.87,8.12,146.87,8.12,-88.8,439214657.1169317,10038.9,1846.2,-6852.2,0
2026-04-01T21:07:16.018520+00:00,146.85,8.16,146.85,8.16,-88.8,439214657.1169317,10036.6,1843.0,-6850.6,0
2026-04-01T21:07:16.442546+00:00,146.82,8.20,146.82,8.2,-88.8,439224692.61336434,10034.8,1840.1,-6849.2,0
2026-04-01T21:07:16.866784+00:00,146.80,8.23,146.8,8.23,-88.8,439234725.57272536,10033.2,1837.6,-6848.0,0
2026-04-01T21:07:17.274406+00:00,146.77,8.27,146.77,8.27,-88.8,439234725.57272536,10030.9,1834.4,-6846.4,0
2026-04-01T21:07:17.694536+00:00,146.75,8.31,146.75,8.31,-88.8,439244755.32235885,10029.0,1831.5,-6845.0,0
2026-04-01T21:07:18.118527+00:00,146.73,8.35,146.73,8.35,-88.8,439254782.4865888,10027.4,1829.0,-6843.7,0
2026-04-01T21:07:18.526534+00:00,146.70,8.39,146.7,8.39,-88.8,439254782.4865888,10025.1,1825.8,-6842.1,0
2026-04-01T21:07:18.950532+00:00,146.68,8.43,146.68,8.43,-88.8,439264806.4005951,10023.1,1822.9,-6840.7,0
2026-04-01T21:07:19.375596+00:00,146.66,8.46,146.66,8.46,-88.8,439274827.68014234,10021.5,1820.4,-6839.4,0
2026-04-01T21:07:19.784203+00:00,146.63,8.51,146.63,8.51,-88.8,439274827.68014234,10019.1,1817.2,-6837.8,0
2026-04-01T21:07:20.206766+00:00,146.60,8.55,146.6,8.55,-88.8,439284845.61816466,10017.2,1814.3,-6836.3,0
2026-04-01T21:07:20.630528+00:00,146.58,8.58,146.58,8.58,-88.8,439294860.8604986,10015.5,1811.8,-6835.0,0
2026-04-01T21:07:21.034519+00:00,146.56,8.63,146.56,8.63,-88.8,439294860.8604986,10013.0,1808.6,-6833.3,0
2026-04-01T21:07:21.458538+00:00,146.53,8.67,146.53,8.67,-88.8,439304872.75084215,10011.1,1805.7,-6831.8,0
2026-04-01T21:07:21.882549+00:00,146.51,8.70,146.51,8.7,-88.8,439314881.8842595,10009.4,1803.3,-6830.5,0
2026-04-01T21:07:22.290909+00:00,146.48,8.74,146.48,8.74,-88.8,439314881.8842595,10006.9,1800.1,-6828.8,0
2026-04-01T21:07:22.715667+00:00,146.46,8.78,146.46,8.78,-88.8,439324887.5786558,10004.9,1797.2,-6827.3,0
2026-04-01T21:07:23.138515+00:00,146.43,8.82,146.43,8.82,-88.8,439334890.487791,10003.1,1794.7,-6825.9,0
2026-04-01T21:07:23.542516+00:00,146.41,8.86,146.41,8.86,-88.8,439334890.487791,10000.6,1791.5,-6824.2,0
2026-04-01T21:07:23.966549+00:00,146.38,8.90,146.38,8.9,-88.8,439344889.8973373,9998.6,1788.6,-6822.6,0
2026-04-01T21:07:24.390823+00:00,146.36,8.94,146.36,8.94,-88.8,439354886.4668053,9996.8,1786.2,-6821.3,0
2026-04-01T21:07:24.794665+00:00,146.33,8.98,146.33,8.98,-88.8,439354886.4668053,9994.2,1783.0,-6819.5,0
2026-04-01T21:07:25.223947+00:00,146.31,9.02,146.31,9.02,-88.8,439364879.4696658,9992.1,1780.1,-6817.9,0
2026-04-01T21:07:25.651565+00:00,146.28,9.06,146.28,9.06,-88.8,439374869.5339682,9990.3,1777.6,-6816.5,0
2026-04-01T21:07:26.055297+00:00,146.25,9.11,146.25,9.11,-88.8,439374869.5339682,9987.7,1774.4,-6814.7,0
2026-04-01T21:07:26.478536+00:00,146.23,9.15,146.23,9.15,-88.8,439384855.9624844,9985.5,1771.5,-6813.1,0
2026-04-01T21:07:26.907711+00:00,146.21,9.18,146.21,9.18,-88.8,439394839.4240794,9983.7,1769.0,-6811.7,0
2026-04-01T21:07:27.315423+00:00,146.18,9.23,146.18,9.23,-88.8,439394839.4240794,9981.0,1765.9,-6809.9,0
2026-04-01T21:07:27.734844+00:00,146.15,9.27,146.15,9.27,-88.8,439404819.1570827,9978.9,1763.0,-6808.3,0
2026-04-01T21:07:28.158529+00:00,146.13,9.30,146.13,9.3,-88.8,439414795.9126855,9977.0,1760.5,-6806.8,0
2026-04-01T21:07:28.562545+00:00,146.10,9.35,146.1,9.35,-88.8,439414795.9126855,9974.3,1757.3,-6805.0,0
2026-04-01T21:07:28.986528+00:00,146.07,9.39,146.07,9.39,-88.8,439424768.90055484,9972.1,1754.4,-6803.3,0
2026-04-01T21:07:29.410530+00:00,146.05,9.43,146.05,9.43,-88.8,439434738.803206,9970.1,1751.9,-6801.9,0
2026-04-01T21:07:29.819861+00:00,146.02,9.47,146.02,9.47,-88.8,439434738.803206,9967.4,1748.8,-6800.0,0
2026-04-01T21:07:30.242763+00:00,145.99,9.51,145.99,9.51,-88.8,439444704.8588917,9965.1,1745.9,-6798.3,0
2026-04-01T21:07:30.666527+00:00,145.97,9.55,145.97,9.55,-88.8,439454667.8031177,9963.2,1743.4,-6796.8,0
2026-04-01T21:07:31.075912+00:00,145.94,9.60,145.94,9.6,-88.8,439454667.8031177,9960.4,1740.3,-6794.9,0
2026-04-01T21:07:31.503587+00:00,145.91,9.64,145.91,9.64,-88.8,439464626.80324084,9958.0,1737.3,-6793.1,0
2026-04-01T21:07:31.930532+00:00,145.89,9.67,145.89,9.67,-88.8,439474582.60910934,9956.0,1734.9,-6791.6,0
2026-04-01T21:07:32.339480+00:00,145.86,9.72,145.86,9.72,-88.8,439474582.60910934,9953.2,1731.7,-6789.7,0
2026-04-01T21:07:32.754656+00:00,145.83,9.76,145.83,9.76,-88.8,439484534.37801594,9950.8,1728.8,-6787.9,0
2026-04-01T21:07:33.182528+00:00,145.81,9.80,145.81,9.8,-88.8,439494482.9385748,9948.8,1726.3,-6786.4,0
2026-04-01T21:07:33.586515+00:00,145.78,9.85,145.78,9.85,-88.8,439494482.9385748,9945.9,1723.2,-6784.4,0
2026-04-01T21:07:34.010535+00:00,145.75,9.89,145.75,9.89,-88.8,439504427.44159746,9943.5,1720.3,-6782.6,0
2026-04-01T21:07:34.434520+00:00,145.72,9.93,145.72,9.93,-88.8,439514368.6205285,9941.4,1717.8,-6781.0,0
2026-04-01T21:07:34.838542+00:00,145.69,9.97,145.69,9.97,-88.8,439514368.6205285,9938.5,1714.7,-6779.0,0
2026-04-01T21:07:35.263021+00:00,145.66,10.02,145.66,10.02,-88.8,439524305.69127584,9936.0,1711.8,-6777.2,0
2026-04-01T21:07:35.690537+00:00,145.64,10.05,145.64,10.05,-88.8,439534239.3744284,9933.9,1709.3,-6775.6,0
2026-04-01T21:07:36.098536+00:00,145.61,10.10,145.61,10.1,-88.8,439534239.3744284,9930.9,1706.2,-6773.6,0
2026-04-01T21:07:36.523231+00:00,145.58,10.14,145.58,10.14,-88.8,439544168.8228567,9928.4,1703.3,-6771.7,0
2026-04-01T21:07:36.951426+00:00,145.56,10.18,145.56,10.18,-88.8,439554094.82017314,9926.2,1700.8,-6770.1,0
2026-04-01T21:07:37.360638+00:00,145.52,10.23,145.52,10.23,-88.8,439554094.82017314,9923.2,1697.7,-6768.0,0
2026-04-01T21:07:37.787926+00:00,145.50,10.27,145.5,10.27,-88.8,439564016.48770565,9920.6,1694.8,-6766.1,0
2026-04-01T21:07:38.210573+00:00,145.47,10.31,145.47,10.31,-88.8,439573934.65205187,9918.4,1692.3,-6764.4,0
2026-04-01T21:07:38.614573+00:00,145.44,10.36,145.44,10.36,-88.8,439573934.65205187,9915.3,1689.1,-6762.3,0
2026-04-01T21:07:39.038536+00:00,145.41,10.40,145.41,10.4,-88.8,439583848.4488156,9912.7,1686.2,-6760.4,0
2026-04-01T21:07:39.462563+00:00,145.38,10.44,145.38,10.44,-88.8,439593758.66310346,9910.4,1683.8,-6758.7,0
2026-04-01T21:07:39.870527+00:00,145.35,10.49,145.35,10.49,-88.8,439593758.66310346,9907.3,1680.6,-6756.5,0
2026-04-01T21:07:40.294740+00:00,145.32,10.53,145.32,10.53,-88.8,439603664.4283274,9904.6,1677.8,-6754.6,0
2026-04-01T21:07:40.718634+00:00,145.30,10.57,145.3,10.57,-88.8,439613566.5704359,9902.4,1675.3,-6752.9,0
2026-04-01T21:07:41.122526+00:00,145.26,10.62,145.26,10.62,-88.8,439613566.5704359,9899.2,1672.2,-6750.7,0
2026-04-01T21:07:41.546537+00:00,145.23,10.66,145.23,10.66,-88.8,439623464.17983854,9896.5,1669.3,-6748.7,0
2026-04-01T21:07:41.970528+00:00,145.21,10.70,145.21,10.7,-88.8,439633358.0989845,9894.1,1666.9,-6747.0,0
2026-04-01T21:07:42.378026+00:00,145.18,10.75,145.18,10.75,-88.8,439633358.0989845,9890.9,1663.7,-6744.7,0
2026-04-01T21:07:42.798812+00:00,145.15,10.80,145.15,10.8,-88.8,439643247.3759915,9888.1,1660.9,-6742.7,0
2026-04-01T21:07:43.227900+00:00,145.12,10.83,145.12,10.83,-88.8,439653132.8877104,9885.7,1658.4,-6740.9,0
2026-04-01T21:07:43.639619+00:00,145.09,10.89,145.09,10.89,-88.8,439653132.8877104,9882.4,1655.2,-6738.6,0
2026-04-01T21:07:44.062569+00:00,145.06,10.93,145.06,10.93,-88.8,439663013.6328019,9879.5,1652.4,-6736.6,0
2026-04-01T21:07:44.486536+00:00,145.03,10.97,145.03,10.97,-88.8,439672890.5253851,9877.1,1649.9,-6734.7,0
2026-04-01T21:07:44.894682+00:00,145.00,11.02,145.0,11.02,-88.8,439672890.5253851,9873.7,1646.8,-6732.4,0
2026-04-01T21:07:45.318548+00:00,144.96,11.06,144.96,11.06,-88.8,439682762.62637156,9870.9,1643.9,-6730.3,0
2026-04-01T21:07:45.743159+00:00,144.94,11.10,144.94,11.1,-88.8,439692630.8248558,9868.4,1641.5,-6728.5,0
2026-04-01T21:07:46.146524+00:00,144.90,11.15,144.9,11.15,-88.8,439692630.8248558,9865.0,1638.3,-6726.2,0
2026-04-01T21:07:46.570538+00:00,144.87,11.20,144.87,11.2,-88.8,439702494.14303255,9862.0,1635.5,-6724.0,0
2026-04-01T21:07:46.995169+00:00,144.85,11.24,144.85,11.24,-88.8,439712353.4535588,9859.5,1633.0,-6722.2,0
2026-04-01T21:07:47.402286+00:00,144.81,11.29,144.81,11.29,-88.8,439712353.4535588,9856.0,1629.9,-6719.8,0
2026-04-01T21:07:47.828178+00:00,144.78,11.33,144.78,11.33,-88.8,439722207.79505074,9853.1,1627.0,-6717.6,0
2026-04-01T21:07:48.250516+00:00,144.75,11.37,144.75,11.37,-88.8,439732058.0824541,9850.5,1624.6,-6715.7,0
2026-04-01T21:07:48.654522+00:00,144.72,11.42,144.72,11.42,-88.8,439732058.0824541,9847.0,1621.5,-6713.3,0
2026-04-01T21:07:49.079962+00:00,144.69,11.47,144.69,11.47,-88.8,439741903.3063532,9843.9,1618.6,-6711.1,0
2026-04-01T21:07:49.507588+00:00,144.66,11.51,144.66,11.51,-88.8,439751744.3666883,9841.3,1616.2,-6709.1,0
2026-04-01T21:07:49.915940+00:00,144.62,11.56,144.62,11.56,-88.8,439751744.3666883,9837.6,1613.0,-6706.6,0
2026-04-01T21:07:50.343046+00:00,144.59,11.61,144.59,11.61,-88.8,439761580.2274907,9834.5,1610.2,-6704.3,0
2026-04-01T21:07:50.772403+00:00,144.56,11.65,144.56,11.65,-88.8,439771411.8610737,9831.9,1607.7,-6702.4,0
2026-04-01T21:07:51.174545+00:00,144.53,11.70,144.53,11.7,-88.8,439771411.8610737,9828.1,1604.6,-6699.8,0
2026-04-01T21:07:51.598526+00:00,144.49,11.75,144.49,11.75,-88.8,439781238.2092141,9825.0,1601.7,-6697.5,0
2026-04-01T21:07:52.022528+00:00,144.46,11.79,144.46,11.79,-88.8,439791060.23710024,9822.2,1599.3,-6695.5,0
2026-04-01T21:07:52.435562+00:00,144.43,11.84,144.43,11.84,-88.8,439791060.23710024,9818.5,1596.2,-6693.0,0
2026-04-01T21:07:52.854538+00:00,144.40,11.89,144.4,11.89,-88.8,439800876.8714135,9815.3,1593.3,-6690.6,0
2026-04-01T21:07:53.278973+00:00,144.37,11.93,144.37,11.93,-88.8,439810689.1790956,9812.5,1590.9,-6688.6,0
2026-04-01T21:07:53.682652+00:00,144.33,11.98,144.33,11.98,-88.8,439810689.1790956,9808.7,1587.8,-6686.0,0
2026-04-01T21:07:54.106528+00:00,144.30,12.03,144.3,12.03,-88.8,439820496.0316223,9805.4,1585.0,-6683.6,0
2026-04-01T21:07:54.530510+00:00,144.27,12.07,144.27,12.07,-88.8,439830298.43508947,9802.6,1582.5,-6681.6,0
2026-04-01T21:07:54.934555+00:00,144.23,12.12,144.23,12.12,-88.8,439830298.43508947,9798.7,1579.4,-6678.9,0
2026-04-01T21:07:55.358907+00:00,144.20,12.17,144.2,12.17,-88.8,439840095.28240556,9795.4,1576.6,-6676.5,0
2026-04-01T21:07:55.787677+00:00,144.17,12.21,144.17,12.21,-88.8,439849887.5617955,9792.5,1574.1,-6674.4,0
2026-04-01T21:07:56.191895+00:00,144.13,12.27,144.13,12.27,-88.8,439849887.5617955,9788.5,1571.0,-6671.7,0
2026-04-01T21:07:56.619876+00:00,144.09,12.31,144.09,12.31,-88.8,439859674.1675437,9785.1,1568.2,-6669.2,0
2026-04-01T21:07:57.047621+00:00,144.07,12.36,144.07,12.36,-88.8,439869456.0922103,9782.1,1565.7,-6667.0,0
2026-04-01T21:07:57.459408+00:00,144.03,12.41,144.03,12.41,-88.8,439869456.0922103,9778.1,1562.6,-6664.2,0
2026-04-01T21:07:57.878541+00:00,143.99,12.46,143.99,12.46,-88.8,439879232.1770074,9774.6,1559.8,-6661.7,0
2026-04-01T21:07:58.303844+00:00,143.96,12.50,143.96,12.5,-88.8,439889003.59578913,9771.6,1557.4,-6659.5,0
2026-04-01T21:07:58.705608+00:00,143.92,12.55,143.92,12.55,-88.8,439889003.59578913,9767.6,1554.3,-6656.8,0
2026-04-01T21:07:59.130541+00:00,143.89,12.60,143.89,12.6,-88.8,439898769.14673007,9764.0,1551.4,-6654.2,0
2026-04-01T21:07:59.554528+00:00,143.86,12.65,143.86,12.65,-88.8,439908529.85542434,9760.9,1549.0,-6652.0,0
2026-04-01T21:07:59.962576+00:00,143.82,12.70,143.82,12.7,-88.8,439908529.85542434,9756.8,1545.9,-6649.1,0
2026-04-01T21:08:00.386649+00:00,143.78,12.75,143.78,12.75,-88.8,439918284.5780177,9753.1,1543.1,-6646.5,0
2026-04-01T21:08:00.810560+00:00,143.75,12.79,143.75,12.79,-88.8,439928034.41179335,9750.0,1540.7,-6644.2,0
2026-04-01T21:08:01.214671+00:00,143.71,12.85,143.71,12.85,-88.8,439928034.41179335,9745.8,1537.6,-6641.4,0
2026-04-01T21:08:01.638528+00:00,143.68,12.90,143.68,12.9,-88.8,439937778.14549035,9742.1,1534.8,-6638.7,0
2026-04-01T21:08:02.062529+00:00,143.65,12.94,143.65,12.94,-88.8,439947516.8592364,9738.9,1532.3,-6636.4,0
2026-04-01T21:08:02.472966+00:00,143.61,13.00,143.61,13.0,-88.8,439947516.8592364,9734.6,1529.3,-6633.4,0
2026-04-01T21:08:02.898536+00:00,143.57,13.05,143.57,13.05,-88.8,439957249.3366928,9730.9,1526.5,-6630.7,0
2026-04-01T21:08:03.322566+00:00,143.54,13.09,143.54,13.09,-88.8,439966976.72323465,9727.6,1524.0,-6628.4,0
2026-04-01T21:08:03.732300+00:00,143.50,13.14,143.5,13.14,-88.8,439966976.72323465,9723.2,1520.9,-6625.4,0
2026-04-01T21:08:04.150541+00:00,143.46,13.20,143.46,13.2,-88.8,439976697.7222073,9719.3,1518.1,-6622.6,0
2026-04-01T21:08:04.574598+00:00,143.43,13.24,143.43,13.24,-88.8,439986413.5628696,9716.1,1515.7,-6620.2,0
2026-04-01T21:08:04.982540+00:00,143.39,13.29,143.39,13.29,-88.8,439986413.5628696,9711.6,1512.6,-6617.2,0
2026-04-01T21:08:05.406560+00:00,143.35,13.35,143.35,13.35,-88.8,439996122.95352197,9707.7,1509.8,-6614.3,0
2026-04-01T21:08:05.829770+00:00,143.32,13.39,143.32,13.39,-88.8,440005827.0317447,9704.3,1507.4,-6611.9,0
2026-04-01T21:08:06.238544+00:00,143.28,13.45,143.28,13.45,-88.8,440005827.0317447,9699.7,1504.3,-6608.8,0
2026-04-01T21:08:06.662555+00:00,143.24,13.50,143.24,13.5,-88.8,440015524.5351543,9695.7,1501.5,-6605.9,0
2026-04-01T21:08:07.086523+00:00,143.21,13.54,143.21,13.54,-88.8,440025216.62502337,9692.3,1499.1,-6603.4,0
2026-04-01T21:08:07.495674+00:00,143.16,13.60,143.16,13.6,-88.8,440025216.62502337,9687.7,1496.0,-6600.3,0
2026-04-01T21:08:07.921018+00:00,143.12,13.65,143.12,13.65,-88.8,440034902.00450575,9683.6,1493.2,-6597.4,0
2026-04-01T21:08:08.347227+00:00,143.09,13.70,143.09,13.7,-88.8,440044581.87576896,9680.1,1490.8,-6594.8,0
2026-04-01T21:08:08.759988+00:00,143.05,13.75,143.05,13.75,-88.8,440044581.87576896,9675.3,1487.7,-6591.6,0
2026-04-01T21:08:09.178522+00:00,143.01,13.81,143.01,13.81,-88.8,440054254.82364607,9671.1,1484.9,-6588.6,0
2026-04-01T21:08:09.602517+00:00,142.98,13.85,142.98,13.85,-88.8,440063922.2037242,9667.6,1482.5,-6586.0,0
2026-04-01T21:08:10.006544+00:00,142.93,13.91,142.93,13.91,-88.8,440063922.2037242,9662.8,1479.5,-6582.8,0
2026-04-01T21:08:10.430594+00:00,142.89,13.96,142.89,13.96,-88.8,440073582.67029524,9658.6,1476.6,-6579.7,0
2026-04-01T21:08:10.854700+00:00,142.86,14.01,142.86,14.01,-88.8,440083237.40483415,9654.9,1474.3,-6577.1,0
2026-04-01T21:08:11.259973+00:00,142.82,14.06,142.82,14.06,-88.8,440083237.40483415,9650.0,1471.2,-6573.8,0
2026-04-01T21:08:11.686514+00:00,142.78,14.12,142.78,14.12,-88.8,440092885.075899,9645.7,1468.4,-6570.7,0
2026-04-01T21:08:12.110523+00:00,142.74,14.16,142.74,14.16,-88.8,440102526.92163396,9642.1,1466.0,-6568.1,0
2026-04-01T21:08:12.514532+00:00,142.70,14.22,142.7,14.22,-88.8,440102526.92163396,9637.1,1463.0,-6564.6,0
2026-04-01T21:08:12.938534+00:00,142.66,14.27,142.66,14.27,-88.8,440112161.5431532,9632.7,1460.2,-6561.5,0
2026-04-01T21:08:13.362571+00:00,142.62,14.32,142.62,14.32,-88.8,440121790.2539119,9628.9,1457.8,-6558.8,0
2026-04-01T21:08:13.770432+00:00,142.58,14.38,142.58,14.38,-88.8,440121790.2539119,9623.8,1454.7,-6555.3,0
2026-04-01T21:08:14.195660+00:00,142.54,14.43,142.54,14.43,-88.8,440131411.55818456,9619.3,1452.0,-6552.1,0
2026-04-01T21:08:14.623880+00:00,142.50,14.48,142.5,14.48,-88.8,440141026.7909782,9615.4,1449.5,-6549.3,0
2026-04-01T21:08:15.026533+00:00,142.45,14.54,142.45,14.54,-88.8,440141026.7909782,9610.2,1446.5,-6545.8,0
2026-04-01T21:08:15.450525+00:00,142.41,14.60,142.41,14.6,-88.8,440150634.5210106,9605.7,1443.7,-6542.5,0
2026-04-01T21:08:15.878556+00:00,142.38,14.64,142.38,14.64,-88.8,440160236.0632685,9601.8,1441.3,-6539.7,0
2026-04-01T21:08:16.282672+00:00,142.33,14.70,142.33,14.7,-88.8,440160236.0632685,9596.5,1438.3,-6536.1,0
2026-04-01T21:08:16.706569+00:00,142.29,14.76,142.29,14.76,-88.8,440169829.9555734,9591.8,1435.5,-6532.8,0
2026-04-01T21:08:17.130532+00:00,142.25,14.80,142.25,14.8,-88.8,440179417.5868033,9587.8,1433.1,-6530.0,0
2026-04-01T21:08:17.534545+00:00,142.21,14.86,142.21,14.86,-88.8,440179417.5868033,9582.5,1430.1,-6526.3,0
2026-04-01T21:08:17.958563+00:00,142.16,14.92,142.16,14.92,-88.8,440188997.42445236,9577.7,1427.3,-6522.9,0
2026-04-01T21:08:18.383316+00:00,142.13,14.97,142.13,14.97,-88.8,440198570.8330742,9573.6,1424.9,-6520.0,0
2026-04-01T21:08:18.786695+00:00,142.08,15.03,142.08,15.03,-88.8,440198570.8330742,9568.1,1421.9,-6516.3,0
2026-04-01T21:08:19.210559+00:00,142.04,15.08,142.04,15.08,-88.8,440208136.3410279,9563.3,1419.2,-6512.8,0
2026-04-01T21:08:19.634527+00:00,142.00,15.13,142.0,15.13,-88.8,440217695.2971468,9559.2,1416.8,-6509.9,0
2026-04-01T21:08:20.042571+00:00,141.95,15.19,141.95,15.19,-88.8,440217695.2971468,9553.6,1413.8,-6506.1,0
2026-04-01T21:08:20.466527+00:00,141.91,15.25,141.91,15.25,-88.8,440227246.15371716,9548.7,1411.0,-6502.6,0
2026-04-01T21:08:20.890848+00:00,141.87,15.30,141.87,15.3,-88.8,440236790.3779257,9544.4,1408.6,-6499.6,0
2026-04-01T21:08:21.294529+00:00,141.82,15.36,141.82,15.36,-88.8,440236790.3779257,9538.7,1405.6,-6495.7,0
2026-04-01T21:08:21.719081+00:00,141.78,15.42,141.78,15.42,-88.8,440246326.3466991,9533.7,1402.9,-6492.1,0
2026-04-01T21:08:22.142529+00:00,141.74,15.47,141.74,15.47,-88.8,440255855.50218207,9529.4,1400.5,-6489.0,0
2026-04-01T21:08:22.550550+00:00,141.69,15.53,141.69,15.53,-88.8,440255855.50218207,9523.6,1397.5,-6485.1,0
2026-04-01T21:08:22.974528+00:00,141.64,15.59,141.64,15.59,-88.8,440265376.24273175,9518.4,1394.7,-6481.4,0
2026-04-01T21:08:23.398546+00:00,141.61,15.63,141.61,15.63,-88.8,440274890.0377946,9514.0,1392.3,-6478.3,0
2026-04-01T21:08:23.805894+00:00,141.56,15.70,141.56,15.7,-88.8,440274890.0377946,9508.1,1389.3,-6474.3,0
2026-04-01T21:08:24.226775+00:00,141.51,15.76,141.51,15.76,-88.8,440284395.2619869,9502.9,1386.6,-6470.6,0
2026-04-01T21:08:24.655658+00:00,141.47,15.80,141.47,15.8,-88.8,440293893.44863164,9498.4,1384.2,-6467.4,0
2026-04-01T21:08:25.059882+00:00,141.42,15.87,141.42,15.87,-88.8,440293893.44863164,9492.4,1381.2,-6463.3,0
2026-04-01T21:08:25.487566+00:00,141.37,15.93,141.37,15.93,-88.8,440303382.86900455,9487.0,1378.5,-6459.5,0
2026-04-01T21:08:25.915664+00:00,141.33,15.98,141.33,15.98,-88.8,440312865.08445144,9482.4,1376.1,-6456.2,0
2026-04-01T21:08:26.318793+00:00,141.28,16.04,141.28,16.04,-88.8,440312865.08445144,9476.2,1373.1,-6452.0,0
2026-04-01T21:08:26.742541+00:00,141.24,16.10,141.24,16.1,-88.8,440322338.32958883,9470.8,1370.4,-6448.2,0
2026-04-01T21:08:27.166531+00:00,141.19,16.15,141.19,16.15,-88.8,440331804.2705239,9466.1,1368.0,-6444.9,0
2026-04-01T21:08:27.570530+00:00,141.14,16.21,141.14,16.21,-88.8,440331804.2705239,9459.9,1365.0,-6440.6,0
2026-04-01T21:08:27.994530+00:00,141.10,16.27,141.1,16.27,-88.8,440341261.1195592,9454.4,1362.3,-6436.7,0
2026-04-01T21:08:28.418530+00:00,141.05,16.32,141.05,16.32,-88.8,440350710.5163305,9449.6,1360.0,-6433.3,0
2026-04-01T21:08:28.826256+00:00,141.00,16.39,141.0,16.39,-88.8,440350710.5163305,9443.2,1357.0,-6429.0,0
2026-04-01T21:08:29.246714+00:00,140.95,16.45,140.95,16.45,-88.8,440360150.59129244,9437.5,1354.2,-6425.0,0
2026-04-01T21:08:29.670619+00:00,140.91,16.50,140.91,16.5,-88.8,440369583.06159824,9432.7,1351.9,-6421.5,0
2026-04-01T21:08:30.078521+00:00,140.86,16.57,140.86,16.57,-88.8,440369583.06159824,9426.2,1348.9,-6417.1,0
2026-04-01T21:08:30.502553+00:00,140.81,16.63,140.81,16.63,-88.8,440379006.0812828,9420.4,1346.2,-6413.0,0
2026-04-01T21:08:30.927200+00:00,140.77,16.68,140.77,16.68,-88.8,440388421.3510687,9415.5,1343.9,-6409.5,0
2026-04-01T21:08:31.335663+00:00,140.71,16.74,140.71,16.74,-88.8,440388421.3510687,9408.8,1340.9,-6405.0,0
2026-04-01T21:08:31.763612+00:00,140.66,16.81,140.66,16.81,-88.8,440397826.9079877,9402.9,1338.1,-6400.8,0
2026-04-01T21:08:32.192223+00:00,140.62,16.86,140.62,16.86,-88.8,440407224.5166583,9397.8,1335.8,-6397.2,0
2026-04-01T21:08:32.599911+00:00,140.56,16.92,140.56,16.92,-88.8,440407224.5166583,9391.0,1332.8,-6392.6,0
2026-04-01T21:08:33.023361+00:00,140.51,16.99,140.51,16.99,-88.8,440416612.16093636,9385.0,1330.1,-6388.4,0
2026-04-01T21:08:33.451606+00:00,140.47,17.04,140.47,17.04,-88.8,440425991.7030563,9379.7,1327.7,-6384.7,0
2026-04-01T21:08:33.862841+00:00,140.41,17.11,140.41,17.11,-88.8,440425991.7030563,9372.8,1324.7,-6380.0,0
2026-04-01T21:08:34.287514+00:00,140.36,17.17,140.36,17.17,-88.8,440435361.09808576,9366.6,1322.0,-6375.6,0
2026-04-01T21:08:34.716145+00:00,140.32,17.22,140.32,17.22,-88.8,440444722.214067,9361.3,1319.6,-6371.9,0
2026-04-01T21:08:35.118525+00:00,140.26,17.29,140.26,17.29,-88.8,440444722.214067,9354.3,1316.7,-6367.1,0
2026-04-01T21:08:35.542534+00:00,140.21,17.35,140.21,17.35,-88.8,440454073.1071191,9348.0,1314.0,-6362.7,0
2026-04-01T21:08:35.966540+00:00,140.16,17.41,140.16,17.41,-88.8,440463415.55066603,9342.6,1311.7,-6358.9,0
2026-04-01T21:08:36.374542+00:00,140.11,17.47,140.11,17.47,-88.8,440463415.55066603,9335.5,1308.7,-6354.0,0
2026-04-01T21:08:36.797601+00:00,140.05,17.54,140.05,17.54,-88.8,440472747.5655822,9329.1,1306.0,-6349.5,0
2026-04-01T21:08:37.222524+00:00,140.01,17.59,140.01,17.59,-88.8,440482071.0250752,9323.7,1303.7,-6345.7,0
2026-04-01T21:08:37.626526+00:00,139.95,17.66,139.95,17.66,-88.8,440482071.0250752,9316.4,1300.8,-6340.7,0
2026-04-01T21:08:38.050531+00:00,139.90,17.72,139.9,17.72,-88.8,440491383.84877294,9309.8,1298.1,-6336.1,0
2026-04-01T21:08:38.474531+00:00,139.85,17.78,139.85,17.78,-88.8,440500687.881253,9304.2,1295.7,-6332.2,0
2026-04-01T21:08:38.888155+00:00,139.79,17.85,139.79,17.85,-88.8,440500687.881253,9296.8,1292.8,-6327.1,0
2026-04-01T21:08:39.307362+00:00,139.74,17.91,139.74,17.91,-88.8,440509980.9746007,9290.2,1290.1,-6322.5,0
2026-04-01T21:08:39.730949+00:00,139.69,17.97,139.69,17.97,-88.8,440519265.2568552,9284.5,1287.8,-6318.5,0
2026-04-01T21:08:40.139903+00:00,139.63,18.04,139.63,18.04,-88.8,440519265.2568552,9276.9,1284.9,-6313.3,0
2026-04-01T21:08:40.562560+00:00,139.58,18.10,139.58,18.1,-88.8,440528538.3819848,9270.0,1282.2,-6308.5,0
2026-04-01T21:08:40.990522+00:00,139.53,18.16,139.53,18.16,-88.8,440537802.38483083,9264.2,1279.9,-6304.4,0
2026-04-01T21:08:41.394526+00:00,139.47,18.23,139.47,18.23,-88.8,440537802.38483083,9256.5,1276.9,-6299.2,0
2026-04-01T21:08:41.818780+00:00,139.41,18.29,139.41,18.29,-88.8,440547055.10005903,9249.6,1274.3,-6294.3,0
2026-04-01T21:08:42.242514+00:00,139.36,18.35,139.36,18.35,-88.8,440556298.5496741,9243.6,1272.0,-6290.2,0
2026-04-01T21:08:42.646534+00:00,139.30,18.42,139.3,18.42,-88.8,440556298.5496741,9235.8,1269.1,-6284.8,0
2026-04-01T21:08:43.070549+00:00,139.25,18.49,139.25,18.49,-88.8,440565530.48429,9228.7,1266.4,-6279.9,0
2026-04-01T21:08:43.494550+00:00,139.20,18.54,139.2,18.54,-88.8,440574752.9654497,9222.7,1264.1,-6275.6,0
2026-04-01T21:08:43.902323+00:00,139.13,18.62,139.13,18.62,-88.8,440574752.9654497,9214.7,1261.2,-6270.2,0
2026-04-01T21:08:44.322542+00:00,139.08,18.68,139.08,18.68,-88.8,440583963.6353083,9207.4,1258.5,-6265.1,0
2026-04-01T21:08:44.747073+00:00,139.03,18.74,139.03,18.74,-88.8,440593164.658094,9201.2,1256.2,-6260.8,0
2026-04-01T21:08:45.150529+00:00,138.96,18.81,138.96,18.81,-88.8,440593164.658094,9193.0,1253.3,-6255.2,0
2026-04-01T21:08:45.579920+00:00,138.90,18.88,138.9,18.88,-88.8,440602353.7677065,9185.7,1250.7,-6250.1,0
2026-04-01T21:08:46.006548+00:00,138.85,18.94,138.85,18.94,-88.8,440611532.88662094,9179.3,1248.4,-6245.6,0
2026-04-01T21:08:46.410667+00:00,138.79,19.01,138.79,19.01,-88.8,440611532.88662094,9171.0,1245.5,-6239.9,0
2026-04-01T21:08:46.834548+00:00,138.73,19.08,138.73,19.08,-88.8,440620699.7845044,9163.5,1242.9,-6234.7,0
2026-04-01T21:08:47.258957+00:00,138.68,19.14,138.68,19.14,-88.8,440629856.6451204,9157.1,1240.6,-6230.2,0
2026-04-01T21:08:47.662523+00:00,138.61,19.21,138.61,19.21,-88.8,440629856.6451204,9148.5,1237.7,-6224.4,0
2026-04-01T21:08:48.086538+00:00,138.55,19.28,138.55,19.28,-88.8,440639001.03063613,9140.8,1235.0,-6219.0,0
2026-04-01T21:08:48.510524+00:00,138.50,19.34,138.5,19.34,-88.8,440648135.0839839,9134.2,1232.8,-6214.4,0
2026-04-01T21:08:48.914559+00:00,138.43,19.41,138.43,19.41,-88.8,440648135.0839839,9125.6,1229.9,-6208.5,0
2026-04-01T21:08:49.338681+00:00,138.37,19.48,138.37,19.48,-88.8,440657256.4971164,9117.8,1227.3,-6203.1,0
2026-04-01T21:08:49.763203+00:00,138.32,19.54,138.32,19.54,-88.8,440666367.3814672,9111.1,1225.0,-6198.4,0
2026-04-01T21:08:50.171661+00:00,138.25,19.61,138.25,19.61,-88.8,440666367.3814672,9102.2,1222.1,-6192.4,0
2026-04-01T21:08:50.594532+00:00,138.19,19.68,138.19,19.68,-88.8,440675465.25591093,9094.3,1219.5,-6186.8,0
2026-04-01T21:08:51.023291+00:00,138.14,19.74,138.14,19.74,-88.8,440684552.4034879,9087.3,1217.2,-6182.0,0
2026-04-01T21:08:51.433063+00:00,138.07,19.82,138.07,19.82,-88.8,440684552.4034879,9078.3,1214.3,-6175.9,0
2026-04-01T21:08:51.859723+00:00,138.00,19.89,138.0,19.89,-88.8,440693626.1692627,9070.1,1211.7,-6170.2,0
2026-04-01T21:08:52.282662+00:00,137.95,19.95,137.95,19.95,-88.8,440702689.0200984,9063.0,1209.4,-6165.2,0
2026-04-01T21:08:52.686548+00:00,137.88,20.03,137.88,20.03,-88.8,440702689.0200984,9053.8,1206.6,-6159.0,0
2026-04-01T21:08:53.110548+00:00,137.82,20.10,137.82,20.1,-88.8,440711738.34472567,9045.5,1204.0,-6153.2,0
2026-04-01T21:08:53.534534+00:00,137.76,20.16,137.76,20.16,-88.8,440720776.4758737,9038.3,1201.7,-6148.2,0
2026-04-01T21:08:53.942208+00:00,137.69,20.24,137.69,20.24,-88.8,440720776.4758737,9028.9,1198.9,-6141.8,0
2026-04-01T21:08:54.362710+00:00,137.62,20.31,137.62,20.31,-88.8,440729800.8086111,9020.5,1196.3,-6135.9,0
2026-04-01T21:08:54.786665+00:00,137.57,20.37,137.57,20.37,-88.8,440738813.79131895,9013.2,1194.0,-6130.8,0
2026-04-01T21:08:55.195741+00:00,137.50,20.45,137.5,20.45,-88.8,440738813.79131895,9003.6,1191.2,-6124.3,0
2026-04-01T21:08:55.618531+00:00,137.43,20.52,137.43,20.52,-88.8,440747812.66246164,8994.9,1188.6,-6118.3,0
2026-04-01T21:08:56.042548+00:00,137.37,20.58,137.37,20.58,-88.8,440756799.9774646,8987.5,1186.4,-6113.1,0
2026-04-01T21:08:56.446529+00:00,137.30,20.66,137.3,20.66,-88.8,440756799.9774646,8977.7,1183.5,-6106.4,0
2026-04-01T21:08:56.871906+00:00,137.23,20.73,137.23,20.73,-88.8,440765772.9186748,8968.9,1180.9,-6100.3,0
2026-04-01T21:08:57.299523+00:00,137.17,20.79,137.17,20.79,-88.8,440774733.9525903,8961.2,1178.7,-6095.0,0
2026-04-01T21:08:57.708109+00:00,137.10,20.88,137.1,20.88,-88.8,440774733.9525903,8951.1,1175.8,-6088.1,0
2026-04-01T21:08:58.136965+00:00,137.03,20.95,137.03,20.95,-88.8,440783680.1903516,8942.0,1173.2,-6081.8,0
2026-04-01T21:08:58.560174+00:00,136.97,21.01,136.97,21.01,-88.8,440792614.31247354,8934.3,1171.0,-6076.4,0
2026-04-01T21:08:58.970558+00:00,136.90,21.09,136.9,21.09,-88.8,440792614.31247354,8924.0,1168.2,-6069.4,0
2026-04-01T21:08:59.395266+00:00,136.83,21.17,136.83,21.17,-88.8,440801533.2763315,8914.7,1165.6,-6063.0,0
2026-04-01T21:08:59.824344+00:00,136.77,21.23,136.77,21.23,-88.8,440810439.83360666,8906.7,1163.4,-6057.4,0
2026-04-01T21:09:00.232292+00:00,136.69,21.31,136.69,21.31,-88.8,440810439.83360666,8896.3,1160.5,-6050.3,0
2026-04-01T21:09:00.654530+00:00,136.62,21.39,136.62,21.39,-88.8,440819330.97097254,8886.9,1158.0,-6043.8,0
2026-04-01T21:09:01.078527+00:00,136.56,21.45,136.56,21.45,-88.8,440828209.57303405,8878.8,1155.8,-6038.2,0
2026-04-01T21:09:01.482538+00:00,136.48,21.53,136.48,21.53,-88.8,440828209.57303405,8868.1,1153.0,-6030.9,0
2026-04-01T21:09:01.906572+00:00,136.41,21.61,136.41,21.61,-88.8,440837072.5624367,8858.5,1150.4,-6024.2,0
2026-04-01T21:09:02.330534+00:00,136.34,21.67,136.34,21.67,-88.8,440845922.62213373,8850.2,1148.2,-6018.5,0
2026-04-01T21:09:02.734539+00:00,136.26,21.76,136.26,21.76,-88.8,440845922.62213373,8839.4,1145.4,-6011.1,0
2026-04-01T21:09:03.158536+00:00,136.19,21.83,136.19,21.83,-88.8,440854756.8361801,8829.6,1142.8,-6004.4,0
2026-04-01T21:09:03.587655+00:00,136.13,21.90,136.13,21.9,-88.8,440863577.8466978,8821.2,1140.7,-5998.5,0
2026-04-01T21:09:03.994182+00:00,136.05,21.98,136.05,21.98,-88.8,440863577.8466978,8810.1,1137.9,-5991.0,0
2026-04-01T21:09:04.414550+00:00,135.97,22.06,135.97,22.06,-88.8,440872382.49921936,8800.1,1135.3,-5984.1,0
2026-04-01T21:09:04.838750+00:00,135.91,22.12,135.91,22.12,-88.8,440881173.859602,8791.5,1133.2,-5978.1,0
2026-04-01T21:09:05.247852+00:00,135.83,22.21,135.83,22.21,-88.8,440881173.859602,8780.2,1130.4,-5970.4,0
2026-04-01T21:09:05.675604+00:00,135.75,22.29,135.75,22.29,-88.8,440889948.4723755,8769.8,1127.8,-5963.2,0
2026-04-01T21:09:06.099897+00:00,135.69,22.35,135.69,22.35,-88.8,440898709.35395116,8761.1,1125.6,-5957.1,0
2026-04-01T21:09:06.512948+00:00,135.60,22.44,135.6,22.44,-88.8,440898709.35395116,8749.4,1122.9,-5949.3,0
2026-04-01T21:09:06.938583+00:00,135.52,22.52,135.52,22.52,-88.8,440907453.014229,8738.8,1120.3,-5941.9,0
2026-04-01T21:09:07.362540+00:00,135.46,22.59,135.46,22.59,-88.8,440916182.68443334,8729.8,1118.1,-5935.7,0
2026-04-01T21:09:07.766685+00:00,135.37,22.67,135.37,22.67,-88.8,440916182.68443334,8718.1,1115.4,-5927.7,0
2026-04-01T21:09:08.190743+00:00,135.29,22.75,135.29,22.75,-88.8,440924895.02799416,8707.3,1112.8,-5920.3,0
2026-04-01T21:09:08.614546+00:00,135.23,22.82,135.23,22.82,-88.8,440933593.023473,8698.2,1110.7,-5913.9,0
2026-04-01T21:09:09.021748+00:00,135.14,22.91,135.14,22.91,-88.8,440933593.023473,8686.2,1107.9,-5905.8,0
2026-04-01T21:09:09.442521+00:00,135.06,22.99,135.06,22.99,-88.8,440942273.3499497,8675.3,1105.4,-5898.3,0
2026-04-01T21:09:09.866532+00:00,134.99,23.05,134.99,23.05,-88.8,440950939.10674053,8665.9,1103.3,-5891.8,0
2026-04-01T21:09:10.271097+00:00,134.91,23.14,134.91,23.14,-88.8,440950939.10674053,8653.7,1100.6,-5883.4,0
2026-04-01T21:09:10.695263+00:00,134.83,23.22,134.83,23.22,-88.8,440959586.89234746,8642.6,1098.1,-5875.8,0
2026-04-01T21:09:11.122519+00:00,134.76,23.29,134.76,23.29,-88.8,440968219.7214465,8633.0,1095.9,-5869.1,0
2026-04-01T21:09:11.526526+00:00,134.67,23.38,134.67,23.38,-88.8,440968219.7214465,8620.5,1093.2,-5860.7,0
2026-04-01T21:09:11.951532+00:00,134.58,23.46,134.58,23.46,-88.8,440976834.1148196,8609.2,1090.7,-5852.8,0
2026-04-01T21:09:12.379788+00:00,134.51,23.53,134.51,23.53,-88.8,440985433.2186741,8599.3,1088.6,-5846.0,0
2026-04-01T21:09:12.787772+00:00,134.42,23.62,134.42,23.62,-88.8,440985433.2186741,8586.4,1085.8,-5837.2,0
2026-04-01T21:09:13.215918+00:00,134.34,23.70,134.34,23.7,-88.8,440994013.3446304,8574.7,1083.3,-5829.2,0
2026-04-01T21:09:13.644972+00:00,134.26,23.77,134.26,23.77,-88.8,441002577.8932556,8564.7,1081.2,-5822.3,0
2026-04-01T21:09:14.050394+00:00,134.17,23.86,134.17,23.86,-88.8,441002577.8932556,8551.6,1078.5,-5813.3,0
2026-04-01T21:09:14.470527+00:00,134.09,23.95,134.09,23.95,-88.8,441011122.98710734,8539.6,1076.0,-5805.1,0
2026-04-01T21:09:14.895016+00:00,134.01,24.02,134.01,24.02,-88.8,441019652.24665785,8529.4,1073.9,-5798.1,0
2026-04-01T21:09:15.304348+00:00,133.92,24.11,133.92,24.11,-88.8,441019652.24665785,8516.1,1071.2,-5789.0,0
2026-04-01T21:09:15.726796+00:00,133.83,24.19,133.83,24.19,-88.8,441028161.80579644,8504.0,1068.8,-5780.7,0
2026-04-01T21:09:16.150526+00:00,133.76,24.27,133.76,24.27,-88.8,441036655.1278146,8493.5,1066.6,-5773.4,0
2026-04-01T21:09:16.554529+00:00,133.66,24.36,133.66,24.36,-88.8,441036655.1278146,8479.9,1064.0,-5764.2,0
2026-04-01T21:09:16.982543+00:00,133.57,24.44,133.57,24.44,-88.8,441045128.50518423,8467.6,1061.5,-5755.7,0
2026-04-01T21:09:17.406530+00:00,133.50,24.51,133.5,24.51,-88.8,441053585.2483139,8456.9,1059.4,-5748.3,0
2026-04-01T21:09:17.810620+00:00,133.40,24.61,133.4,24.61,-88.8,441053585.2483139,8442.9,1056.7,-5738.8,0
2026-04-01T21:09:18.234684+00:00,133.31,24.69,133.31,24.69,-88.8,441062021.4943492,8430.3,1054.3,-5730.1,0
2026-04-01T21:09:18.662519+00:00,133.23,24.76,133.23,24.76,-88.8,441070440.7542243,8419.4,1052.2,-5722.6,0
2026-04-01T21:09:19.076150+00:00,133.13,24.86,133.13,24.86,-88.8,441070440.7542243,8405.2,1049.6,-5713.0,0
2026-04-01T21:09:19.494525+00:00,133.04,24.94,133.04,24.94,-88.8,441078838.7784304,8392.2,1047.1,-5704.0,0
2026-04-01T21:09:19.918580+00:00,132.96,25.02,132.96,25.02,-88.8,441087219.62541866,8381.0,1045.0,-5696.3,0
2026-04-01T21:09:20.327807+00:00,132.86,25.11,132.86,25.11,-88.8,441087219.62541866,8366.5,1042.4,-5686.5,0
2026-04-01T21:09:20.750532+00:00,132.77,25.20,132.77,25.2,-88.8,441095579.0476675,8353.4,1040.0,-5677.4,0
2026-04-01T21:09:21.175179+00:00,132.69,25.27,132.69,25.27,-88.8,441103920.90189946,8342.0,1037.9,-5669.6,0
2026-04-01T21:09:21.578538+00:00,132.58,25.37,132.58,25.37,-88.8,441103920.90189946,8327.2,1035.3,-5659.5,0
2026-04-01T21:09:22.002526+00:00,132.49,25.46,132.49,25.46,-88.8,441112240.9202983,8313.8,1032.9,-5650.3,0
2026-04-01T21:09:22.426666+00:00,132.41,25.53,132.41,25.53,-88.8,441120542.958278,8302.2,1030.8,-5642.3,0
2026-04-01T21:09:22.830525+00:00,132.30,25.63,132.3,25.63,-88.8,441120542.958278,8287.0,1028.2,-5632.0,0
2026-04-01T21:09:23.254714+00:00,132.20,25.72,132.2,25.72,-88.8,441128822.68749183,8273.2,1025.8,-5622.5,0
2026-04-01T21:09:23.678517+00:00,132.12,25.79,132.12,25.79,-88.8,441137083.9160585,8261.4,1023.8,-5614.4,0
2026-04-01T21:09:24.091445+00:00,132.01,25.89,132.01,25.89,-88.8,441137083.9160585,8246.0,1021.2,-5603.9,0
2026-04-01T21:09:24.511613+00:00,131.92,25.98,131.92,25.98,-88.8,441145322.1904269,8231.9,1018.8,-5594.2,0
2026-04-01T21:09:24.939444+00:00,131.83,26.06,131.83,26.06,-88.8,441153541.72478485,8219.7,1016.7,-5585.8,0
2026-04-01T21:09:25.347571+00:00,131.72,26.15,131.72,26.15,-88.8,441153541.72478485,8203.9,1014.1,-5575.1,0
2026-04-01T21:09:25.775602+00:00,131.62,26.24,131.62,26.24,-88.8,441161737.80961406,8189.5,1011.8,-5565.2,0
2026-04-01T21:09:26.204002+00:00,131.53,26.32,131.53,26.32,-88.8,441169914.61540765,8177.0,1009.7,-5556.6,0
2026-04-01T21:09:26.611945+00:00,131.42,26.42,131.42,26.42,-88.8,441169914.61540765,8160.7,1007.1,-5545.5,0
2026-04-01T21:09:27.039379+00:00,131.32,26.51,131.32,26.51,-88.8,441178067.3110136,8145.8,1004.7,-5535.3,0
2026-04-01T21:09:27.464014+00:00,131.23,26.59,131.23,26.59,-88.8,441186200.32573146,8133.2,1002.7,-5526.6,0
2026-04-01T21:09:27.870556+00:00,131.12,26.69,131.12,26.69,-88.8,441186200.32573146,8116.6,1000.1,-5515.3,0
2026-04-01T21:09:28.294977+00:00,131.01,26.78,131.01,26.78,-88.8,441194308.9029463,8101.5,997.8,-5505.0,0
2026-04-01T21:09:28.728281+00:00,130.92,26.86,130.92,26.86,-88.8,441202397.31689537,8088.6,995.8,-5496.1,0
2026-04-01T21:09:29.135019+00:00,130.80,26.96,130.8,26.96,-88.8,441202397.31689537,8071.6,993.2,-5484.6,0
2026-04-01T21:09:29.554525+00:00,130.70,27.06,130.7,27.06,-88.8,441210460.5995002,8056.2,990.8,-5474.0,0
2026-04-01T21:09:29.978521+00:00,130.61,27.14,130.61,27.14,-88.8,441218503.45341754,8043.0,988.9,-5464.9,0
2026-04-01T21:09:30.386527+00:00,130.49,27.24,130.49,27.24,-88.8,441218503.45341754,8025.9,986.3,-5453.3,0
2026-04-01T21:09:30.810664+00:00,130.38,27.33,130.38,27.33,-88.8,441226520.94199896,8010.2,984.0,-5442.6,0
2026-04-01T21:09:31.234519+00:00,130.29,27.41,130.29,27.41,-88.8,441234517.54025906,7996.7,982.0,-5433.3,0
2026-04-01T21:09:31.639179+00:00,130.17,27.51,130.17,27.51,-88.8,441234517.54025906,7979.2,979.5,-5421.4,0
2026-04-01T21:09:32.062537+00:00,130.06,27.61,130.06,27.61,-88.8,441242488.1992419,7963.2,977.2,-5410.5,0
2026-04-01T21:09:32.486581+00:00,129.96,27.69,129.96,27.69,-88.8,441250437.3861956,7949.3,975.2,-5400.9,0
2026-04-01T21:09:32.892947+00:00,129.84,27.79,129.84,27.79,-88.8,441250437.3861956,7931.5,972.7,-5388.8,0
2026-04-01T21:09:33.318536+00:00,129.73,27.89,129.73,27.89,-88.8,441258360.1619155,7915.1,970.4,-5377.6,0
2026-04-01T21:09:33.742774+00:00,129.63,27.97,129.63,27.97,-88.8,441266261.07284963,7901.1,968.5,-5367.9,0
2026-04-01T21:09:34.150390+00:00,129.51,28.07,129.51,28.07,-88.8,441266261.07284963,7882.8,966.0,-5355.5,0
2026-04-01T21:09:34.570537+00:00,129.39,28.17,129.39,28.17,-88.8,441274134.7843149,7866.0,963.7,-5344.0,0
2026-04-01T21:09:34.994539+00:00,129.29,28.25,129.29,28.25,-88.8,441281986.2137465,7851.6,961.8,-5334.1,0
2026-04-01T21:09:35.398592+00:00,129.17,28.36,129.17,28.36,-88.8,441281986.2137465,7832.9,959.3,-5321.4,0
2026-04-01T21:09:35.822845+00:00,129.05,28.45,129.05,28.45,-88.8,441289810.1735961,7815.9,957.0,-5309.8,0
2026-04-01T21:09:36.250531+00:00,128.95,28.53,128.95,28.53,-88.8,441297611.21203494,7801.2,955.1,-5299.7,0
2026-04-01T21:09:36.654541+00:00,128.82,28.64,128.82,28.64,-88.8,441297611.21203494,7782.1,952.7,-5286.7,0
2026-04-01T21:09:37.078571+00:00,128.70,28.74,128.7,28.74,-88.8,441305384.026304,7764.7,950.4,-5274.8,0
2026-04-01T21:09:37.502532+00:00,128.60,28.82,128.6,28.82,-88.8,441313133.5873404,7749.7,948.5,-5264.5,0
2026-04-01T21:09:37.907432+00:00,128.47,28.93,128.47,28.93,-88.8,441313133.5873404,7730.2,946.1,-5251.3,0
2026-04-01T21:09:38.334535+00:00,128.35,29.03,128.35,29.03,-88.8,441320854.2716132,7712.3,943.8,-5239.0,0
2026-04-01T21:09:38.757798+00:00,128.24,29.11,128.24,29.11,-88.8,441328550.90788853,7696.8,941.9,-5228.4,0
2026-04-01T21:09:39.166163+00:00,128.11,29.22,128.11,29.22,-88.8,441328550.90788853,7676.9,939.5,-5214.9,0
2026-04-01T21:09:39.586524+00:00,127.98,29.32,127.98,29.32,-88.8,441336218.097392,7658.7,937.3,-5202.4,0
2026-04-01T21:09:40.010518+00:00,127.87,29.40,127.87,29.4,-88.8,441343860.9961011,7643.0,935.4,-5191.7,0
2026-04-01T21:09:40.418554+00:00,127.74,29.51,127.74,29.51,-88.8,441343860.9961011,7622.7,933.0,-5177.9,0
2026-04-01T21:09:40.842564+00:00,127.61,29.61,127.61,29.61,-88.8,441351473.8075371,7604.2,930.8,-5165.2,0
2026-04-01T21:09:41.266982+00:00,127.50,29.70,127.5,29.7,-88.8,441359061.8287267,7588.2,928.9,-5154.2,0
2026-04-01T21:09:41.670529+00:00,127.36,29.81,127.36,29.81,-88.8,441359061.8287267,7567.4,926.5,-5140.2,0
2026-04-01T21:09:42.095257+00:00,127.23,29.91,127.23,29.91,-88.8,441366619.10626477,7548.5,924.3,-5127.2,0
2026-04-01T21:09:42.518542+00:00,127.12,29.99,127.12,29.99,-88.8,441374151.0581072,7532.1,922.5,-5116.0,0
2026-04-01T21:09:42.922540+00:00,126.98,30.10,126.98,30.1,-88.8,441374151.0581072,7510.7,920.1,-5101.5,0
2026-04-01T21:09:43.348056+00:00,126.85,30.21,126.85,30.21,-88.8,441381651.60554224,7491.3,917.9,-5088.2,0
2026-04-01T21:09:43.774561+00:00,126.73,30.29,126.73,30.29,-88.8,441389126.0969562,7474.6,916.1,-5076.8,0
2026-04-01T21:09:44.181849+00:00,126.59,30.40,126.59,30.4,-88.8,441389126.0969562,7453.0,913.7,-5062.1,0
2026-04-01T21:09:44.602527+00:00,126.46,30.51,126.46,30.51,-88.8,441396568.3498818,7433.2,911.6,-5048.6,0
2026-04-01T21:09:45.026534+00:00,126.34,30.59,126.34,30.59,-88.8,441403984.36419463,7416.1,909.7,-5036.9,0
2026-04-01T21:09:45.430529+00:00,126.19,30.71,126.19,30.71,-88.8,441403984.36419463,7393.8,907.4,-5021.7,0
2026-04-01T21:09:45.854687+00:00,126.05,30.81,126.05,30.81,-88.8,441411367.57762647,7373.6,905.2,-5007.9,0
2026-04-01T21:09:46.278978+00:00,125.93,30.90,125.93,30.9,-88.8,441418723.60129195,7356.1,903.4,-4996.0,0
2026-04-01T21:09:46.686526+00:00,125.78,31.01,125.78,31.01,-88.8,441418723.60129195,7333.6,901.1,-4980.6,0
2026-04-01T21:09:47.110527+00:00,125.64,31.11,125.64,31.11,-88.8,441426046.15090156,7312.9,899.0,-4966.5,0
2026-04-01T21:09:47.534526+00:00,125.52,31.20,125.52,31.2,-88.8,441433341.1246035,7295.1,897.2,-4954.3,0
2026-04-01T21:09:47.938538+00:00,125.37,31.32,125.37,31.32,-88.8,441433341.1246035,7272.0,894.9,-4938.7,0
2026-04-01T21:09:48.362730+00:00,125.23,31.42,125.23,31.42,-88.8,441440601.90860134,7251.0,892.8,-4924.3,0
2026-04-01T21:09:48.791962+00:00,125.10,31.51,125.1,31.51,-88.8,441447834.3142192,7232.5,891.0,-4911.7,0
2026-04-01T21:09:49.203811+00:00,124.94,31.63,124.94,31.63,-88.8,441447834.3142192,7208.8,888.7,-4895.6,0
2026-04-01T21:09:49.622527+00:00,124.80,31.73,124.8,31.73,-88.8,441455031.3218998,7187.0,886.6,-4880.7,0
2026-04-01T21:09:50.046521+00:00,124.67,31.82,124.67,31.82,-88.8,441462199.63253015,7168.4,884.8,-4868.0,0
2026-04-01T21:09:50.454538+00:00,124.51,31.94,124.51,31.94,-88.8,441462199.63253015,7144.4,882.6,-4851.7,0
2026-04-01T21:09:50.878600+00:00,124.36,32.04,124.36,32.04,-88.8,441469332.2838435,7122.3,880.5,-4836.6,0
2026-04-01T21:09:51.302630+00:00,124.23,32.13,124.23,32.13,-88.8,441476435.5512783,7103.4,878.8,-4823.7,0
2026-04-01T21:09:51.706660+00:00,124.07,32.25,124.07,32.25,-88.8,441476435.5512783,7078.8,876.5,-4807.0,0
2026-04-01T21:09:52.130527+00:00,123.92,32.36,123.92,32.36,-88.8,441483502.38388026,7056.4,874.5,-4791.7,0
2026-04-01T21:09:52.555180+00:00,123.79,32.45,123.79,32.45,-88.8,441490539.2118654,7036.9,872.8,-4778.4,0
2026-04-01T21:09:52.958514+00:00,123.62,32.57,123.62,32.57,-88.8,441490539.2118654,7011.7,870.5,-4761.2,0
2026-04-01T21:09:53.382680+00:00,123.46,32.67,123.46,32.67,-88.8,441497538.85460556,6988.7,868.5,-4745.6,0
2026-04-01T21:09:53.806644+00:00,123.33,32.76,123.33,32.76,-88.8,441504507.6353591,6968.9,866.8,-4732.0,0
2026-04-01T21:09:54.219914+00:00,123.16,32.88,123.16,32.88,-88.8,441504507.6353591,6943.3,864.6,-4714.7,0
2026-04-01T21:09:54.639870+00:00,123.00,32.99,123.0,32.99,-88.8,441511438.1301908,6919.9,862.6,-4698.7,0
2026-04-01T21:09:55.071883+00:00,122.86,33.08,122.86,33.08,-88.8,441518337.1795591,6899.2,860.9,-4684.6,0
2026-04-01T21:09:55.479602+00:00,122.68,33.20,122.68,33.2,-88.8,441518337.1795591,6872.8,858.7,-4666.7,0
2026-04-01T21:09:55.908421+00:00,122.52,33.31,122.52,33.31,-88.8,441525197.16152734,6848.8,856.7,-4650.3,0
2026-04-01T21:09:56.331333+00:00,122.38,33.41,122.38,33.41,-88.8,441532025.0188648,6828.0,855.0,-4636.1,0
2026-04-01T21:09:56.740350+00:00,122.20,33.53,122.2,33.53,-88.8,441532025.0188648,6801.1,852.8,-4617.8,0
2026-04-01T21:09:57.167897+00:00,122.03,33.64,122.03,33.64,-88.8,441538812.93593436,6776.3,850.8,-4600.9,0
2026-04-01T21:09:57.595973+00:00,121.89,33.73,121.89,33.73,-88.8,441545568.07575786,6755.2,849.2,-4586.6,0
2026-04-01T21:09:58.002601+00:00,121.70,33.85,121.7,33.85,-88.8,441545568.07575786,6727.8,847.0,-4567.9,0
2026-04-01T21:09:58.426537+00:00,121.53,33.96,121.53,33.96,-88.8,441552282.3426916,6702.6,845.1,-4550.7,0
2026-04-01T21:09:58.851089+00:00,121.39,34.05,121.39,34.05,-88.8,441558963.30340767,6681.1,843.4,-4536.0,0
2026-04-01T21:09:59.258444+00:00,121.20,34.17,121.2,34.17,-88.8,441558963.30340767,6653.3,841.3,-4517.2,0
2026-04-01T21:09:59.678527+00:00,121.03,34.28,121.03,34.28,-88.8,441565602.74694043,6627.8,839.4,-4499.8,0
2026-04-01T21:10:00.102528+00:00,120.88,34.38,120.88,34.38,-88.8,441572208.1855235,6605.5,837.8,-4484.6,0
2026-04-01T21:10:00.506527+00:00,120.69,34.50,120.69,34.5,-88.8,441572208.1855235,6577.2,835.7,-4465.4,0
2026-04-01T21:10:00.930534+00:00,120.51,34.61,120.51,34.61,-88.8,441578771.7423599,6551.2,833.8,-4447.6,0
2026-04-01T21:10:01.354606+00:00,120.36,34.71,120.36,34.71,-88.8,441585300.34806925,6528.7,832.2,-4432.3,0
2026-04-01T21:10:01.763908+00:00,120.17,34.83,120.17,34.83,-88.8,441585300.34806925,6499.8,830.1,-4412.7,0
2026-04-01T21:10:02.186530+00:00,119.99,34.94,119.99,34.94,-88.8,441591785.8717109,6473.2,828.3,-4394.6,0
2026-04-01T21:10:02.610578+00:00,119.83,35.03,119.83,35.03,-88.8,441598236.0668819,6450.3,826.7,-4379.0,0
2026-04-01T21:10:03.016581+00:00,119.63,35.15,119.63,35.15,-88.8,441598236.0668819,6420.7,824.6,-4358.9,0
2026-04-01T21:10:03.443642+00:00,119.45,35.27,119.45,35.27,-88.8,441604642.25074506,6393.4,822.8,-4340.3,0
2026-04-01T21:10:03.871609+00:00,119.29,35.36,119.29,35.36,-88.8,441611011.9088238,6369.7,821.2,-4324.2,0
2026-04-01T21:10:04.284135+00:00,119.08,35.49,119.08,35.49,-88.8,441611011.9088238,6339.4,819.2,-4303.5,0
2026-04-01T21:10:04.709037+00:00,118.89,35.60,118.89,35.6,-88.8,441617336.1659531,6311.5,817.3,-4284.5,0
2026-04-01T21:10:05.130525+00:00,118.73,35.70,118.73,35.7,-88.8,441623623.63638026,6287.6,815.8,-4268.3,0
2026-04-01T21:10:05.534521+00:00,118.52,35.82,118.52,35.82,-88.8,441623623.63638026,6256.6,813.8,-4247.2,0
2026-04-01T21:10:05.958534+00:00,118.33,35.93,118.33,35.93,-88.8,441629865.46267843,6228.4,812.0,-4228.0,0
2026-04-01T21:10:06.382584+00:00,118.16,36.03,118.16,36.03,-88.8,441636069.40051466,6204.0,810.4,-4211.4,0
2026-04-01T21:10:06.787211+00:00,117.95,36.15,117.95,36.15,-88.8,441636069.40051466,6172.7,808.5,-4190.1,0
2026-04-01T21:10:07.215669+00:00,117.75,36.26,117.75,36.26,-88.8,441642226.96910363,6143.9,806.7,-4170.6,0
2026-04-01T21:10:07.638525+00:00,117.58,36.36,117.58,36.36,-88.8,441648345.93871164,6119.1,805.2,-4153.6,0
2026-04-01T21:10:08.042534+00:00,117.37,36.48,117.37,36.48,-88.8,441648345.93871164,6087.1,803.3,-4132.0,0
2026-04-01T21:10:08.466524+00:00,117.17,36.59,117.17,36.59,-88.8,441654417.39455605,6057.7,801.5,-4112.0,0
2026-04-01T21:10:08.890603+00:00,116.99,36.69,116.99,36.69,-88.8,441660449.7196124,6032.4,800.0,-4094.7,0
2026-04-01T21:10:09.298186+00:00,116.77,36.81,116.77,36.81,-88.8,441660449.7196124,5999.8,798.1,-4072.6,0
2026-04-01T21:10:09.718843+00:00,116.57,36.93,116.57,36.93,-88.8,441666433.3295034,5969.6,796.4,-4052.0,0
2026-04-01T21:10:10.147912+00:00,116.39,37.02,116.39,37.02,-88.8,441672377.00305784,5943.8,794.9,-4034.4,0
2026-04-01T21:10:10.555876+00:00,116.16,37.15,116.16,37.15,-88.8,441672377.00305784,5910.1,793.0,-4011.6,0
2026-04-01T21:10:10.980154+00:00,115.95,37.26,115.95,37.26,-88.8,441678270.889825,5879.7,791.4,-3990.9,0
2026-04-01T21:10:11.411419+00:00,115.77,37.36,115.77,37.36,-88.8,441684123.9015803,5853.1,789.9,-3972.8,0
2026-04-01T21:10:11.819342+00:00,115.53,37.49,115.53,37.49,-88.8,441684123.9015803,5818.6,788.0,-3949.4,0
2026-04-01T21:10:12.246832+00:00,115.32,37.60,115.32,37.6,-88.8,441689925.9048803,5787.1,786.3,-3928.0,0
2026-04-01T21:10:12.676628+00:00,115.13,37.70,115.13,37.7,-88.8,441695686.2037883,5760.4,784.9,-3909.7,0
2026-04-01T21:10:13.078618+00:00,114.89,37.82,114.89,37.82,-88.8,441695686.2037883,5725.5,783.1,-3886.1,0
2026-04-01T21:10:13.503166+00:00,114.68,37.93,114.68,37.93,-88.8,441701394.86602175,5693.8,781.4,-3864.5,0
2026-04-01T21:10:13.926548+00:00,114.49,38.03,114.49,38.03,-88.8,441707061.2653169,5666.5,780.0,-3845.9,0
2026-04-01T21:10:14.337816+00:00,114.24,38.15,114.24,38.15,-88.8,441707061.2653169,5631.2,778.3,-3822.0,0
2026-04-01T21:10:14.754582+00:00,114.02,38.27,114.02,38.27,-88.8,441712674.7936034,5598.7,776.6,-3799.8,0
2026-04-01T21:10:15.183653+00:00,113.83,38.37,113.83,38.37,-88.8,441718245.49859035,5570.8,775.2,-3780.9,0
2026-04-01T21:10:15.586541+00:00,113.58,38.49,113.58,38.49,-88.8,441718245.49859035,5534.9,773.5,-3756.5,0
2026-04-01T21:10:16.010527+00:00,113.35,38.60,113.35,38.6,-88.8,441723762.9129554,5502.0,771.9,-3734.2,0
2026-04-01T21:10:16.434542+00:00,113.15,38.70,113.15,38.7,-88.8,441729236.4576787,5473.6,770.6,-3714.8,0
2026-04-01T21:10:16.838527+00:00,112.90,38.82,112.9,38.82,-88.8,441729236.4576787,5437.1,768.8,-3690.0,0
2026-04-01T21:10:17.262924+00:00,112.67,38.93,112.67,38.93,-88.8,441734655.71840674,5403.6,767.3,-3667.3,0
2026-04-01T21:10:17.686529+00:00,112.47,39.03,112.47,39.03,-88.8,441740029.9789328,5374.3,765.9,-3647.4,0
2026-04-01T21:10:18.095891+00:00,112.21,39.15,112.21,39.15,-88.8,441740029.9789328,5337.1,764.2,-3622.1,0
2026-04-01T21:10:18.523884+00:00,111.97,39.27,111.97,39.27,-88.8,441745348.83758765,5302.7,762.7,-3598.7,0
2026-04-01T21:10:18.951235+00:00,111.76,39.36,111.76,39.36,-88.8,441750621.96187097,5273.2,761.4,-3578.6,0
2026-04-01T21:10:19.364471+00:00,111.49,39.49,111.49,39.49,-88.8,441750621.96187097,5235.0,759.7,-3552.7,0
2026-04-01T21:10:19.787590+00:00,111.25,39.60,111.25,39.6,-88.8,441755837.6752872,5199.6,758.2,-3528.7,0
2026-04-01T21:10:20.210640+00:00,111.03,39.70,111.03,39.7,-88.8,441761006.8974652,5169.3,756.9,-3508.0,0
2026-04-01T21:10:20.618533+00:00,110.76,39.82,110.76,39.82,-88.8,441761006.8974652,5130.8,755.3,-3481.9,0
2026-04-01T21:10:21.042561+00:00,110.52,39.93,110.52,39.93,-88.8,441766118.83987546,5095.4,753.8,-3457.8,0
2026-04-01T21:10:21.466537+00:00,110.30,40.03,110.3,40.03,-88.8,441771183.63565314,5064.9,752.6,-3437.1,0
2026-04-01T21:10:21.870532+00:00,110.03,40.15,110.03,40.15,-88.8,441771183.63565314,5025.6,751.0,-3410.5,0
2026-04-01T21:10:22.293936+00:00,109.77,40.26,109.77,40.26,-88.8,441776190.1344687,4989.3,749.5,-3385.8,0
2026-04-01T21:10:22.718679+00:00,109.55,40.35,109.55,40.35,-88.8,441781148.3045614,4958.2,748.3,-3364.6,0
2026-04-01T21:10:23.122561+00:00,109.27,40.47,109.27,40.47,-88.8,441781148.3045614,4918.4,746.7,-3337.6,0
2026-04-01T21:10:23.550517+00:00,109.01,40.58,109.01,40.58,-88.8,441786047.52564734,4881.7,745.3,-3312.7,0
2026-04-01T21:10:23.975155+00:00,108.79,40.68,108.79,40.68,-88.8,441790897.615823,4850.1,744.1,-3291.2,0
2026-04-01T21:10:24.382232+00:00,108.50,40.80,108.5,40.8,-88.8,441790897.615823,4809.6,742.6,-3263.7,0
2026-04-01T21:10:24.802671+00:00,108.24,40.91,108.24,40.91,-88.8,441795687.0601678,4772.3,741.2,-3238.4,0
2026-04-01T21:10:25.228045+00:00,108.01,41.00,108.01,41.0,-88.8,441800427.2060594,4740.2,740.0,-3216.6,0
2026-04-01T21:10:25.634548+00:00,107.71,41.12,107.71,41.12,-88.8,441800427.2060594,4698.6,738.5,-3188.3,0
2026-04-01T21:10:26.058526+00:00,107.44,41.23,107.44,41.23,-88.8,441805105.68026817,4660.7,737.2,-3162.6,0
2026-04-01T21:10:26.482548+00:00,107.21,41.32,107.21,41.32,-88.8,441809733.723209,4628.1,736.0,-3140.4,0
2026-04-01T21:10:26.886678+00:00,106.91,41.44,106.91,41.44,-88.8,441809733.723209,4586.2,734.6,-3112.0,0
2026-04-01T21:10:27.310534+00:00,106.63,41.55,106.63,41.55,-88.8,441814299.4165337,4547.3,733.3,-3085.6,0
2026-04-01T21:10:27.734821+00:00,106.39,41.64,106.39,41.64,-88.8,441818813.5108718,4514.1,732.2,-3063.0,0
2026-04-01T21:10:28.138536+00:00,106.09,41.75,106.09,41.75,-88.8,441818813.5108718,4471.5,730.7,-3034.1,0
2026-04-01T21:10:28.562558+00:00,105.80,41.86,105.8,41.86,-88.8,441823264.63633126,4432.5,729.5,-3007.6,0
2026-04-01T21:10:28.990524+00:00,105.56,41.95,105.56,41.95,-88.8,441827663.32071024,4398.7,728.4,-2984.7,0
2026-04-01T21:10:29.394578+00:00,105.25,42.07,105.25,42.07,-88.8,441827663.32071024,4355.1,727.0,-2955.1,0
2026-04-01T21:10:29.818784+00:00,104.96,42.17,104.96,42.17,-88.8,441831997.6707415,4315.4,725.7,-2928.1,0
2026-04-01T21:10:30.242543+00:00,104.71,42.26,104.71,42.26,-88.8,441836278.75811774,4281.1,724.7,-2904.8,0
2026-04-01T21:10:30.651883+00:00,104.39,42.38,104.39,42.38,-88.8,441836278.75811774,4237.2,723.3,-2875.0,0
2026-04-01T21:10:31.079869+00:00,104.10,42.48,104.1,42.48,-88.8,441840494.38603276,4196.5,722.1,-2847.3,0
2026-04-01T21:10:31.507598+00:00,103.84,42.57,103.84,42.57,-88.8,441844655.6627534,4161.3,721.1,-2823.5,0
2026-04-01T21:10:31.915848+00:00,103.51,42.68,103.51,42.68,-88.8,441844655.6627534,4116.4,719.7,-2793.0,0
2026-04-01T21:10:32.343033+00:00,103.22,42.78,103.22,42.78,-88.8,441848750.13937855,4075.3,718.6,-2765.1,0
2026-04-01T21:10:32.772193+00:00,102.96,42.87,102.96,42.87,-88.8,441852789.856709,4039.8,717.6,-2740.9,0
2026-04-01T21:10:33.174522+00:00,102.62,42.98,102.62,42.98,-88.8,441852789.856709,3994.1,716.3,-2710.0,0
2026-04-01T21:10:33.598534+00:00,102.31,43.09,102.31,43.09,-88.8,441856761.90686536,3952.2,715.1,-2681.5,0
2026-04-01T21:10:34.022533+00:00,102.05,43.17,102.05,43.17,-88.8,441860678.26001173,3916.4,714.2,-2657.2,0
2026-04-01T21:10:34.430301+00:00,101.71,43.28,101.71,43.28,-88.8,441860678.26001173,3870.5,712.9,-2626.0,0
2026-04-01T21:10:34.854538+00:00,101.40,43.38,101.4,43.38,-88.8,441864526.3894853,3828.4,711.8,-2597.4,0
2026-04-01T21:10:35.278715+00:00,101.13,43.46,101.13,43.46,-88.8,441868318.4312289,3792.1,710.9,-2572.8,0
2026-04-01T21:10:35.682553+00:00,100.79,43.57,100.79,43.57,-88.8,441868318.4312289,3745.5,709.7,-2541.2,0
2026-04-01T21:10:36.106519+00:00,100.47,43.66,100.47,43.66,-88.8,441872041.2549444,3702.8,708.6,-2512.2,0
2026-04-01T21:10:36.530554+00:00,100.20,43.75,100.2,43.75,-88.8,441875707.25086457,3666.0,707.7,-2487.2,0
2026-04-01T21:10:36.934544+00:00,99.85,43.85,99.85,43.85,-88.8,441875707.25086457,3618.9,706.6,-2455.2,0
2026-04-01T21:10:37.358720+00:00,99.53,43.95,99.53,43.95,-88.8,441879303.1089371,3575.2,705.5,-2425.6,0
2026-04-01T21:10:37.782571+00:00,99.25,44.03,99.25,44.03,-88.8,441882840.9648606,3537.9,704.6,-2400.3,0
2026-04-01T21:10:38.191901+00:00,98.89,44.13,98.89,44.13,-88.8,441882840.9648606,3490.1,703.5,-2367.8,0
2026-04-01T21:10:38.619600+00:00,98.56,44.22,98.56,44.22,-88.8,441886307.60375035,3445.8,702.5,-2337.8,0
2026-04-01T21:10:39.042537+00:00,98.28,44.30,98.28,44.3,-88.8,441889715.6055967,3408.0,701.7,-2312.1,0
2026-04-01T21:10:39.453790+00:00,97.91,44.40,97.91,44.4,-88.8,441889715.6055967,3359.2,700.6,-2279.0,0
2026-04-01T21:10:39.874557+00:00,97.58,44.49,97.58,44.49,-88.8,441893050.92514914,3314.9,699.6,-2248.9,0
2026-04-01T21:10:40.298519+00:00,97.29,44.57,97.29,44.57,-88.8,441896327.52413195,3276.6,698.8,-2222.9,0
2026-04-01T21:10:40.702528+00:00,96.92,44.66,96.92,44.66,-88.8,441896327.52413195,3227.6,697.8,-2189.7,0
2026-04-01T21:10:41.126526+00:00,96.58,44.75,96.58,44.75,-88.8,441899531.2779646,3182.7,696.9,-2159.2,0
2026-04-01T21:10:41.550525+00:00,96.29,44.83,96.29,44.83,-88.8,441902675.2590447,3144.0,696.1,-2132.9,0
2026-04-01T21:10:41.954546+00:00,95.91,44.92,95.91,44.92,-88.8,441902675.2590447,3094.4,695.1,-2099.3,0
2026-04-01T21:10:42.378782+00:00,95.56,45.01,95.56,45.01,-88.8,441905745.5401878,3048.6,694.2,-2068.2,0
2026-04-01T21:10:42.806556+00:00,95.27,45.08,95.27,45.08,-88.8,441908754.9268175,3009.4,693.5,-2041.6,0
2026-04-01T21:10:43.210533+00:00,94.88,45.17,94.88,45.17,-88.8,441908754.9268175,2959.3,692.5,-2007.6,0
2026-04-01T21:10:43.634589+00:00,94.53,45.25,94.53,45.25,-88.8,441911689.7757109,2913.3,691.7,-1976.4,0
2026-04-01T21:10:44.067906+00:00,94.23,45.32,94.23,45.32,-88.8,441914563.04258376,2873.3,691.0,-1949.2,0
2026-04-01T21:10:44.479362+00:00,93.83,45.41,93.83,45.41,-88.8,441914563.04258376,2821.6,690.1,-1914.1,0
2026-04-01T21:10:44.904238+00:00,93.48,45.49,93.48,45.49,-88.8,441917359.5407314,2775.3,689.3,-1882.7,0
2026-04-01T21:10:45.326541+00:00,93.17,45.56,93.17,45.56,-88.8,441920094.36502284,2734.8,688.6,-1855.3,0
2026-04-01T21:10:45.730920+00:00,92.77,45.64,92.77,45.64,-88.8,441920094.36502284,2683.6,687.7,-1820.5,0
2026-04-01T21:10:46.154527+00:00,92.41,45.72,92.41,45.72,-88.8,441922753.0061019,2636.7,687.0,-1788.7,0
2026-04-01T21:10:46.578594+00:00,92.10,45.78,92.1,45.78,-88.8,441925348.8208521,2595.8,686.3,-1761.0,0
2026-04-01T21:10:46.982554+00:00,91.70,45.86,91.7,45.86,-88.8,441925348.8208521,2544.1,685.5,-1725.9,0
2026-04-01T21:10:47.406548+00:00,91.33,45.94,91.33,45.94,-88.8,441927868.206882,2496.7,684.8,-1693.7,0
2026-04-01T21:10:47.830793+00:00,91.01,46.00,91.01,46.0,-88.8,441930324.1279369,2455.9,684.2,-1666.0,0
2026-04-01T21:10:48.234591+00:00,90.61,46.07,90.61,46.07,-88.8,441930324.1279369,2403.7,683.4,-1630.6,0
2026-04-01T21:10:48.658940+00:00,90.24,46.14,90.24,46.14,-88.8,441932702.8870492,2355.9,682.7,-1598.2,0
2026-04-01T21:10:49.086541+00:00,89.91,46.20,89.91,46.2,-88.8,441935017.6047213,2314.7,682.1,-1570.2,0
2026-04-01T21:10:49.493185+00:00,89.50,46.28,89.5,46.28,-88.8,441935017.6047213,2262.0,681.4,-1534.5,0
2026-04-01T21:10:49.915622+00:00,89.13,46.34,89.13,46.34,-88.8,441937253.72067964,2213.8,680.8,-1501.8,0
2026-04-01T21:10:50.347031+00:00,88.80,46.40,88.8,46.4,-88.8,441939425.4788571,2171.8,680.2,-1473.2,0
2026-04-01T21:10:50.757809+00:00,88.38,46.47,88.38,46.47,-88.8,441939425.4788571,2118.2,679.5,-1436.9,0
2026-04-01T21:10:51.178520+00:00,87.99,46.53,87.99,46.53,-88.8,441941517.043766,2069.1,678.9,-1403.6,0
2026-04-01T21:10:51.602557+00:00,87.67,46.58,87.67,46.58,-88.8,441943544.33559376,2027.3,678.4,-1375.2,0
2026-04-01T21:10:52.010517+00:00,87.24,46.65,87.24,46.65,-88.8,441943544.33559376,1973.3,677.8,-1338.6,0
2026-04-01T21:10:52.434601+00:00,86.85,46.71,86.85,46.71,-88.8,441945491.5939893,1924.3,677.2,-1305.3,0
2026-04-01T21:10:52.859461+00:00,86.52,46.76,86.52,46.76,-88.8,441947373.6950993,1882.1,676.8,-1276.7,0
2026-04-01T21:10:53.267825+00:00,86.09,46.82,86.09,46.82,-88.8,441947373.6950993,1827.7,676.2,-1239.8,0
2026-04-01T21:10:53.690570+00:00,85.70,46.87,85.7,46.87,-88.8,441949175.02838904,1778.4,675.7,-1206.3,0
2026-04-01T21:10:54.114564+00:00,85.37,46.92,85.37,46.92,-88.8,441950910.8957905,1735.9,675.2,-1177.5,0
2026-04-01T21:10:54.522208+00:00,84.94,46.98,84.94,46.98,-88.8,441950910.8957905,1681.6,674.7,-1140.7,0
2026-04-01T21:10:54.942531+00:00,84.54,47.03,84.54,47.03,-88.8,441952565.6366777,1631.9,674.2,-1107.0,0
2026-04-01T21:10:55.367173+00:00,84.20,47.07,84.2,47.07,-88.8,441954154.7772208,1589.1,673.8,-1078.0,0
2026-04-01T21:10:55.770829+00:00,83.76,47.12,83.76,47.12,-88.8,441954154.7772208,1534.1,673.3,-1040.6,0
2026-04-01T21:10:56.199659+00:00,83.37,47.17,83.37,47.17,-88.8,441955662.67626774,1484.0,672.9,-1006.7,0
2026-04-01T21:10:56.627932+00:00,83.02,47.21,83.02,47.21,-88.8,441957103.2298594,1440.6,672.5,-977.2,0
2026-04-01T21:10:57.034524+00:00,82.58,47.26,82.58,47.26,-88.8,441957103.2298594,1385.1,672.1,-939.6,0
2026-04-01T21:10:57.458543+00:00,82.18,47.30,82.18,47.3,-88.8,441958461.6748897,1334.9,671.7,-905.5,0
2026-04-01T21:10:57.882542+00:00,81.83,47.33,81.83,47.33,-88.8,441959753.3303083,1291.7,671.3,-876.2,0
2026-04-01T21:10:58.286820+00:00,81.39,47.38,81.39,47.38,-88.8,441959753.3303083,1236.5,671.0,-838.7,0
2026-04-01T21:10:58.710621+00:00,80.98,47.42,80.98,47.42,-88.8,441960962.86657476,1185.9,670.6,-804.4,0
2026-04-01T21:10:59.134526+00:00,80.63,47.45,80.63,47.45,-88.8,441962104.84392184,1142.0,670.3,-774.6,0
2026-04-01T21:10:59.538550+00:00,80.19,47.49,80.19,47.49,-88.8,441962104.84392184,1086.5,670.0,-737.0,0
2026-04-01T21:10:59.966563+00:00,79.78,47.52,79.78,47.52,-88.8,441963164.8772157,1035.8,669.7,-702.6,0
2026-04-01T21:11:00.390727+00:00,79.43,47.55,79.43,47.55,-88.8,441964157.04248464,992.2,669.4,-673.0,0
2026-04-01T21:11:00.794599+00:00,78.98,47.58,78.98,47.58,-88.8,441964157.04248464,936.5,669.1,-635.2,0
2026-04-01T21:11:01.218560+00:00,78.57,47.61,78.57,47.61,-88.8,441965066.43522954,885.6,668.8,-600.7,0
2026-04-01T21:11:01.642513+00:00,78.22,47.63,78.22,47.63,-88.8,441965908.20094323,841.8,668.6,-571.0,0
2026-04-01T21:11:02.051957+00:00,77.77,47.66,77.77,47.66,-88.8,441965908.20094323,785.8,668.4,-533.0,0
2026-04-01T21:11:02.476602+00:00,77.35,47.69,77.35,47.69,-88.8,441966666.2563044,734.3,668.1,-498.1,0
2026-04-01T21:11:02.903998+00:00,76.99,47.71,76.99,47.71,-88.8,441967356.14541966,689.9,668.0,-468.0,0
2026-04-01T21:11:03.315657+00:00,76.54,47.73,76.54,47.73,-88.8,441967356.14541966,633.4,667.8,-429.6,0
2026-04-01T21:11:03.745523+00:00,76.12,47.75,76.12,47.75,-88.8,441967961.649966,581.6,667.6,-394.5,0
2026-04-01T21:11:04.172946+00:00,75.76,47.77,75.76,47.77,-88.8,441968498.8264402,537.2,667.4,-364.4,0
2026-04-01T21:11:04.579438+00:00,75.30,47.78,75.3,47.78,-88.8,441968498.8264402,480.5,667.3,-325.9,0
2026-04-01T21:11:05.003476+00:00,74.88,47.80,74.88,47.8,-88.8,441968951.4418805,428.7,667.2,-290.8,0
2026-04-01T21:11:05.431796+00:00,74.52,47.81,74.52,47.81,-88.8,441969335.34104633,383.9,667.1,-260.4,0
2026-04-01T21:11:05.840333+00:00,74.06,47.82,74.06,47.82,-88.8,441969335.34104633,327.3,666.9,-222.0,0
2026-04-01T21:11:06.268024+00:00,73.64,47.83,73.64,47.83,-88.8,441969635.13726515,275.5,666.9,-186.8,0
2026-04-01T21:11:06.690524+00:00,73.28,47.84,73.28,47.84,-88.8,441969865.9606889,230.8,666.8,-156.6,0
2026-04-01T21:11:07.094524+00:00,72.83,47.85,72.83,47.85,-88.8,441969865.9606889,174.5,666.7,-118.4,0
2026-04-01T21:11:07.523653+00:00,72.41,47.86,72.41,47.86,-88.8,441970013.5903485,123.0,666.7,-83.4,0
2026-04-01T21:11:07.946516+00:00,72.05,47.86,72.05,47.86,-88.8,441970092.44281614,78.9,666.7,-53.5,0
2026-04-01T21:11:08.350592+00:00,71.59,47.86,71.59,47.86,-88.8,441970092.44281614,22.5,666.6,-15.3,0
2026-04-01T21:11:08.714529+00:00,71.24,47.86,71.24,47.86,-88.8,441970092.44281614,-21.7,666.6,14.7,0
2026-04-01T21:11:09.138525+00:00,70.88,47.86,70.88,47.86,-88.8,441970026.6858466,-65.8,666.7,44.6,0
2026-04-01T21:11:09.542543+00:00,70.42,47.86,70.42,47.86,-88.8,441970026.6858466,-122.2,666.7,82.9,0
2026-04-01T21:11:09.966547+00:00,70.00,47.86,70.0,47.86,-88.8,441969877.1051254,-173.7,666.7,117.8,0
2026-04-01T21:11:10.390643+00:00,69.65,47.85,69.65,47.85,-88.8,441969659.25579196,-217.8,666.8,147.8,0
2026-04-01T21:11:10.794622+00:00,69.19,47.85,69.19,47.85,-88.8,441969659.25579196,-274.1,666.8,186.0,0
2026-04-01T21:11:11.218628+00:00,68.77,47.84,68.77,47.84,-88.8,441969357.7448065,-326.1,666.9,221.2,0
2026-04-01T21:11:11.647561+00:00,68.41,47.83,68.41,47.83,-88.8,441968987.5306552,-370.2,667.0,251.1,0
2026-04-01T21:11:12.055589+00:00,67.95,47.82,67.95,47.82,-88.8,441968987.5306552,-426.9,667.1,289.6,0
2026-04-01T21:11:12.482556+00:00,67.53,47.80,67.53,47.8,-88.8,441968533.1830737,-478.8,667.3,324.8,0
2026-04-01T21:11:12.906532+00:00,67.18,47.79,67.18,47.79,-88.8,441968010.403986,-522.8,667.4,354.6,0
2026-04-01T21:11:13.310792+00:00,66.72,47.77,66.72,47.77,-88.8,441968010.403986,-578.9,667.6,392.7,0
2026-04-01T21:11:13.734581+00:00,66.30,47.75,66.3,47.75,-88.8,441967404.1985821,-630.6,667.8,427.8,0
2026-04-01T21:11:14.158523+00:00,65.95,47.74,65.95,47.74,-88.8,441966729.59923834,-674.6,667.9,457.6,0
2026-04-01T21:11:14.562522+00:00,65.50,47.72,65.5,47.72,-88.8,441966729.59923834,-730.6,668.1,495.6,0
2026-04-01T21:11:14.994245+00:00,65.08,47.69,65.08,47.69,-88.8,441965972.32350004,-781.7,668.4,530.2,0
2026-04-01T21:11:15.415197+00:00,64.73,47.67,64.73,47.67,-88.8,441965146.325316,-826.0,668.6,560.3,0
2026-04-01T21:11:15.818673+00:00,64.28,47.64,64.28,47.64,-88.8,441965146.325316,-881.8,668.8,598.2,0
2026-04-01T21:11:16.243593+00:00,63.87,47.62,63.87,47.62,-88.8,441964237.87406886,-932.8,669.1,632.7,0
2026-04-01T21:11:16.670536+00:00,63.51,47.59,63.51,47.59,-88.8,441963261.4263651,-976.4,669.3,662.3,0
2026-04-01T21:11:17.074536+00:00,63.07,47.56,63.07,47.56,-88.8,441963261.4263651,-1032.1,669.6,700.1,0
2026-04-01T21:11:17.499886+00:00,62.66,47.53,62.66,47.53,-88.8,441962202.35776114,-1082.8,669.9,734.5,0
2026-04-01T21:11:17.927194+00:00,62.30,47.50,62.3,47.5,-88.8,441961075.5139546,-1126.8,670.2,764.4,0
2026-04-01T21:11:18.335308+00:00,61.86,47.46,61.86,47.46,-88.8,441961075.5139546,-1182.7,670.6,802.3,0
2026-04-01T21:11:18.763826+00:00,61.45,47.43,61.45,47.43,-88.8,441959865.84710866,-1233.3,670.9,836.6,0
2026-04-01T21:11:19.186535+00:00,61.10,47.39,61.1,47.39,-88.8,441958588.84052116,-1277.0,671.2,866.2,0
2026-04-01T21:11:19.590531+00:00,60.66,47.35,60.66,47.35,-88.8,441958588.84052116,-1332.2,671.7,903.7,0
2026-04-01T21:11:20.030417+00:00,60.25,47.31,60.25,47.31,-88.8,441957229.95353687,-1382.9,672.0,938.1,0
2026-04-01T21:11:20.458529+00:00,59.89,47.27,59.89,47.27,-88.8,441955802.0309921,-1427.9,672.4,968.6,0
2026-04-01T21:11:20.862769+00:00,59.45,47.23,59.45,47.23,-88.8,441955802.0309921,-1483.2,672.9,1006.1,0
2026-04-01T21:11:21.290532+00:00,59.05,47.18,59.05,47.18,-88.8,441954292.6677752,-1533.2,673.3,1040.0,0
2026-04-01T21:11:21.715069+00:00,58.71,47.14,58.71,47.14,-88.8,441952716.1571836,-1576.5,673.7,1069.4,0
2026-04-01T21:11:22.118519+00:00,58.27,47.09,58.27,47.09,-88.8,441952716.1571836,-1631.0,674.2,1106.4,0
2026-04-01T21:11:22.546536+00:00,57.88,47.04,57.88,47.04,-88.8,441951059.15253514,-1680.7,674.7,1140.1,0
2026-04-01T21:11:22.970525+00:00,57.54,47.00,57.54,47.0,-88.8,441949335.8407406,-1723.3,675.1,1169.0,0
2026-04-01T21:11:23.374537+00:00,57.11,46.94,57.11,46.94,-88.8,441949335.8407406,-1777.5,675.6,1205.7,0
2026-04-01T21:11:23.798790+00:00,56.72,46.89,56.72,46.89,-88.8,441947532.08932763,-1826.9,676.2,1239.2,0
2026-04-01T21:11:24.227934+00:00,56.38,46.84,56.38,46.84,-88.8,441945662.4443603,-1869.6,676.6,1268.3,0
2026-04-01T21:11:24.630533+00:00,55.95,46.78,55.95,46.78,-88.8,441945662.4443603,-1923.9,677.2,1305.1,0
2026-04-01T21:11:25.058447+00:00,55.56,46.72,55.56,46.72,-88.8,441943712.94791865,-1972.9,677.8,1338.3,0
2026-04-01T21:11:25.482529+00:00,55.23,46.67,55.23,46.67,-88.8,441941698.0623355,-2014.9,678.3,1366.8,0
2026-04-01T21:11:25.887046+00:00,54.81,46.61,54.81,46.61,-88.8,441941698.0623355,-2068.5,678.9,1403.1,0
2026-04-01T21:11:26.310561+00:00,54.43,46.55,54.43,46.55,-88.8,441939603.8350928,-2116.9,679.5,1436.0,0
2026-04-01T21:11:26.735544+00:00,54.10,46.50,54.1,46.5,-88.8,441937445.2483364,-2158.6,680.1,1464.3,0
2026-04-01T21:11:27.138523+00:00,53.68,46.43,53.68,46.43,-88.8,441937445.2483364,-2211.6,680.7,1500.2,0
2026-04-01T21:11:27.562522+00:00,53.30,46.36,53.3,46.36,-88.8,441935208.01610565,-2260.3,681.4,1533.3,0
2026-04-01T21:11:27.986524+00:00,52.98,46.31,52.98,46.31,-88.8,441932906.42982227,-2301.6,682.0,1561.3,0
2026-04-01T21:11:28.394532+00:00,52.57,46.23,52.57,46.23,-88.8,441932906.42982227,-2354.1,682.7,1596.9,0
2026-04-01T21:11:28.818613+00:00,52.20,46.17,52.2,46.17,-88.8,441930526.8796172,-2401.9,683.4,1629.4,0
2026-04-01T21:11:29.242963+00:00,51.88,46.11,51.88,46.11,-88.8,441928084.0016036,-2442.9,684.0,1657.2,0
2026-04-01T21:11:29.651609+00:00,51.47,46.03,51.47,46.03,-88.8,441928084.0016036,-2495.4,684.8,1692.8,0
2026-04-01T21:11:30.078154+00:00,51.10,45.96,51.1,45.96,-88.8,441925563.2658648,-2543.4,685.5,1725.4,0
2026-04-01T21:11:30.498524+00:00,50.78,45.90,50.78,45.9,-88.8,441922979.48386824,-2583.8,686.1,1752.8,0
2026-04-01T21:11:30.906546+00:00,50.38,45.82,50.38,45.82,-88.8,441922979.48386824,-2635.3,686.9,1787.8,0
2026-04-01T21:11:31.332016+00:00,50.02,45.74,50.02,45.74,-88.8,441920319.1699527,-2682.3,687.7,1819.6,0
2026-04-01T21:11:31.754547+00:00,49.71,45.68,49.71,45.68,-88.8,441917596.73382884,-2722.4,688.4,1846.9,0
2026-04-01T21:11:32.158550+00:00,49.32,45.59,49.32,45.59,-88.8,441917596.73382884,-2773.5,689.2,1881.5,0
2026-04-01T21:11:32.582536+00:00,48.96,45.52,48.96,45.52,-88.8,441914798.5262957,-2819.9,690.0,1913.0,0
2026-04-01T21:11:33.006527+00:00,48.65,45.45,48.65,45.45,-88.8,441911938.8129896,-2859.7,690.7,1940.0,0
2026-04-01T21:11:33.410530+00:00,48.27,45.36,48.27,45.36,-88.8,441911938.8129896,-2910.2,691.6,1974.3,0
2026-04-01T21:11:33.834656+00:00,47.91,45.28,47.91,45.28,-88.8,441909004.14844126,-2956.6,692.5,2005.8,0
2026-04-01T21:11:34.258564+00:00,47.61,45.21,47.61,45.21,-88.8,441906008.22217345,-2995.9,693.2,2032.4,0
2026-04-01T21:11:34.662605+00:00,47.23,45.12,47.23,45.12,-88.8,441906008.22217345,-3045.9,694.2,2066.3,0
2026-04-01T21:11:35.119924+00:00,46.88,45.04,46.88,45.04,-88.8,441902938.5660047,-3091.3,695.1,2097.2,0
2026-04-01T21:11:35.539970+00:00,46.57,44.96,46.57,44.96,-88.8,441899805.7594927,-3132.8,695.9,2125.3,0
2026-04-01T21:11:35.946795+00:00,46.19,44.87,46.19,44.87,-88.8,441899805.7594927,-3182.3,696.9,2158.9,0
2026-04-01T21:11:36.370677+00:00,45.85,44.78,45.85,44.78,-88.8,441896599.224574,-3227.5,697.8,2189.6,0
2026-04-01T21:11:36.794617+00:00,45.56,44.71,45.56,44.71,-88.8,441893333.2919594,-3265.9,698.6,2215.7,0
2026-04-01T21:11:37.199661+00:00,45.18,44.61,45.18,44.61,-88.8,441893333.2919594,-3315.1,699.7,2249.1,0
2026-04-01T21:11:37.622520+00:00,44.85,44.52,44.85,44.52,-88.8,441889994.8132164,-3359.5,700.6,2279.2,0
2026-04-01T21:11:38.046537+00:00,44.56,44.44,44.56,44.44,-88.8,441886597.3095562,-3397.5,701.5,2305.0,0
2026-04-01T21:11:38.450542+00:00,44.20,44.35,44.2,44.35,-88.8,441886597.3095562,-3445.7,702.5,2337.7,0
2026-04-01T21:11:38.874550+00:00,43.87,44.25,43.87,44.25,-88.8,441883128.7087643,-3489.5,703.5,2367.4,0
2026-04-01T21:11:39.298982+00:00,43.59,44.18,43.59,44.18,-88.8,441879601.7142833,-3527.0,704.4,2392.9,0
2026-04-01T21:11:39.708036+00:00,43.23,44.07,43.23,44.07,-88.8,441879601.7142833,-3574.6,705.5,2425.2,0
2026-04-01T21:11:40.130537+00:00,42.91,43.98,42.91,43.98,-88.8,441876003.9381772,-3617.8,706.5,2454.5,0
2026-04-01T21:11:40.554544+00:00,42.63,43.90,42.63,43.9,-88.8,441872349.06936395,-3654.8,707.4,2479.7,0
2026-04-01T21:11:40.959673+00:00,42.28,43.80,42.28,43.8,-88.8,441872349.06936395,-3701.8,708.6,2511.5,0
2026-04-01T21:11:41.387089+00:00,41.96,43.70,41.96,43.7,-88.8,441868624.39806783,-3744.9,709.7,2540.8,0
2026-04-01T21:11:41.816480+00:00,41.69,43.62,41.69,43.62,-88.8,441864842.56695247,-3781.8,710.6,2565.8,0
2026-04-01T21:11:42.224033+00:00,41.34,43.51,41.34,43.51,-88.8,441864842.56695247,-3828.5,711.8,2597.6,0
2026-04-01T21:11:42.651880+00:00,41.03,43.41,41.03,43.41,-88.8,441860991.4390138,-3871.0,712.9,2626.4,0
2026-04-01T21:11:43.075974+00:00,40.76,43.33,40.76,43.33,-88.8,441857084.37317806,-3907.0,713.9,2650.9,0
2026-04-01T21:11:43.483663+00:00,40.42,43.22,40.42,43.22,-88.8,441857084.37317806,-3953.2,715.2,2682.2,0
2026-04-01T21:11:43.911728+00:00,40.11,43.12,40.11,43.12,-88.8,441853109.01785064,-3995.1,716.3,2710.6,0
2026-04-01T21:11:44.338566+00:00,39.85,43.03,39.85,43.03,-88.8,441849078.0998898,-4030.9,717.3,2734.9,0
2026-04-01T21:11:44.742912+00:00,39.51,42.92,39.51,42.92,-88.8,441849078.0998898,-4076.3,718.6,2765.8,0
2026-04-01T21:11:45.170241+00:00,39.21,42.82,39.21,42.82,-88.8,441844980.34132445,-4117.2,719.8,2793.5,0
2026-04-01T21:11:45.590544+00:00,38.96,42.74,38.96,42.74,-88.8,441840828.10753316,-4152.2,720.8,2817.3,0
2026-04-01T21:11:45.999678+00:00,38.63,42.63,38.63,42.63,-88.8,441840828.10753316,-4196.6,722.1,2847.4,0
2026-04-01T21:11:46.422551+00:00,38.34,42.52,38.34,42.52,-88.8,441836609.9642493,-4236.9,723.3,2874.8,0
2026-04-01T21:11:46.846694+00:00,38.09,42.44,38.09,42.44,-88.8,441832338.63178444,-4271.3,724.4,2898.2,0
2026-04-01T21:11:47.250711+00:00,37.77,42.32,37.77,42.32,-88.8,441832338.63178444,-4315.0,725.7,2927.8,0
2026-04-01T21:11:47.675294+00:00,37.48,42.22,37.48,42.22,-88.8,441828002.4260288,-4354.7,727.0,2954.8,0
2026-04-01T21:11:48.098528+00:00,37.24,42.13,37.24,42.13,-88.8,441823613.7554739,-4388.6,728.1,2977.8,0
2026-04-01T21:11:48.502524+00:00,36.93,42.01,36.93,42.01,-88.8,441823613.7554739,-4431.7,729.4,3007.1,0
2026-04-01T21:11:48.926562+00:00,36.64,41.91,36.64,41.91,-88.8,441819161.2345409,-4471.1,730.7,3033.9,0
2026-04-01T21:11:49.351731+00:00,36.40,41.82,36.4,41.82,-88.8,441814656.6691847,-4504.5,731.8,3056.5,0
2026-04-01T21:11:49.762642+00:00,36.09,41.70,36.09,41.7,-88.8,441814656.6691847,-4546.9,733.3,3085.3,0
2026-04-01T21:11:50.190929+00:00,35.81,41.60,35.81,41.6,-88.8,441810088.8744937,-4585.7,734.6,3111.7,0
2026-04-01T21:11:50.610523+00:00,35.58,41.50,35.58,41.5,-88.8,441805469.8764061,-4618.9,735.7,3134.2,0
2026-04-01T21:11:51.018523+00:00,35.28,41.39,35.28,41.39,-88.8,441805469.8764061,-4660.7,737.2,3162.6,0
2026-04-01T21:11:51.442535+00:00,35.00,41.28,35.0,41.28,-88.8,441800789.0378592,-4698.5,738.6,3188.3,0
2026-04-01T21:11:51.866559+00:00,34.77,41.19,34.77,41.19,-88.8,441796058.16687167,-4730.8,739.7,3210.2,0
2026-04-01T21:11:52.270560+00:00,34.48,41.07,34.48,41.07,-88.8,441796058.16687167,-4771.9,741.2,3238.1,0
2026-04-01T21:11:52.694538+00:00,34.21,40.96,34.21,40.96,-88.8,441791266.45463276,-4809.4,742.6,3263.6,0
2026-04-01T21:11:53.123654+00:00,33.99,40.87,33.99,40.87,-88.8,441786425.167093,-4841.2,743.8,3285.2,0
2026-04-01T21:11:53.526532+00:00,33.70,40.75,33.7,40.75,-88.8,441786425.167093,-4881.6,745.3,3312.6,0
2026-04-01T21:11:53.950551+00:00,33.44,40.64,33.44,40.64,-88.8,441781524.0720605,-4918.2,746.7,3337.5,0
2026-04-01T21:11:54.374806+00:00,33.22,40.55,33.22,40.55,-88.8,441776574.5913896,-4949.4,748.0,3358.7,0
2026-04-01T21:11:54.779800+00:00,32.94,40.43,32.94,40.43,-88.8,441776574.5913896,-4989.1,749.5,3385.6,0
2026-04-01T21:11:55.206566+00:00,32.68,40.32,32.68,40.32,-88.8,441771566.1621272,-5025.4,751.0,3410.3,0
2026-04-01T21:11:55.626535+00:00,32.46,40.22,32.46,40.22,-88.8,441766509.9569285,-5056.1,752.2,3431.2,0
2026-04-01T21:11:56.030537+00:00,32.19,40.10,32.19,40.1,-88.8,441766509.9569285,-5095.2,753.8,3457.7,0
2026-04-01T21:11:56.454727+00:00,31.94,39.99,31.94,39.99,-88.8,441761396.2790364,-5130.5,755.3,3481.7,0
2026-04-01T21:11:56.883900+00:00,31.72,39.90,31.72,39.9,-88.8,441756235.5252082,-5160.7,756.6,3502.2,0
2026-04-01T21:11:57.286551+00:00,31.45,39.77,31.45,39.77,-88.8,441756235.5252082,-5199.0,758.2,3528.3,0
2026-04-01T21:11:57.710690+00:00,31.21,39.66,31.21,39.66,-88.8,441751017.96294683,-5233.8,759.7,3551.9,0
2026-04-01T21:11:58.139163+00:00,31.00,39.57,31.0,39.57,-88.8,441745754.47120297,-5263.4,761.0,3572.0,0
2026-04-01T21:11:58.542547+00:00,30.74,39.45,30.74,39.45,-88.8,441745754.47120297,-5301.4,762.7,3597.8,0
2026-04-01T21:11:58.966533+00:00,30.50,39.33,30.5,39.33,-88.8,441740434.85903126,-5335.5,764.2,3621.0,0
2026-04-01T21:11:59.395673+00:00,30.29,39.24,30.29,39.24,-88.8,441735069.8205909,-5365.0,765.5,3641.0,0
2026-04-01T21:11:59.798797+00:00,30.03,39.12,30.03,39.12,-88.8,441735069.8205909,-5402.0,767.2,3666.1,0
2026-04-01T21:12:00.231281+00:00,29.80,39.00,29.8,39.0,-88.8,441729649.95121497,-5435.6,768.8,3689.0,0
2026-04-01T21:12:00.655899+00:00,29.59,38.91,29.59,38.91,-88.8,441724185.182886,-5464.7,770.2,3708.8,0
2026-04-01T21:12:01.058542+00:00,29.34,38.78,29.34,38.78,-88.8,441724185.182886,-5501.3,771.9,3733.7,0
2026-04-01T21:12:01.486534+00:00,29.11,38.67,29.11,38.67,-88.8,441718666.6144354,-5534.2,773.5,3756.1,0
2026-04-01T21:12:01.910531+00:00,28.92,38.57,28.92,38.57,-88.8,441713104.2567358,-5562.3,774.9,3775.1,0
2026-04-01T21:12:02.314670+00:00,28.67,38.45,28.67,38.45,-88.8,441713104.2567358,-5597.9,776.6,3799.3,0
2026-04-01T21:12:02.738516+00:00,28.44,38.34,28.44,38.34,-88.8,441707489.07033956,-5630.2,778.2,3821.3,0
2026-04-01T21:12:03.162527+00:00,28.25,38.24,28.25,38.24,-88.8,441701831.21694344,-5657.8,779.6,3840.1,0
2026-04-01T21:12:03.566524+00:00,28.01,38.12,28.01,38.12,-88.8,441701831.21694344,-5692.8,781.4,3863.8,0
2026-04-01T21:12:03.990526+00:00,27.79,38.01,27.79,38.01,-88.8,441696121.5224261,-5724.8,783.1,3885.6,0
2026-04-01T21:12:04.414549+00:00,27.60,37.91,27.6,37.91,-88.8,441690369.6457152,-5751.8,784.5,3904.0,0
2026-04-01T21:12:04.818632+00:00,27.37,37.79,27.37,37.79,-88.8,441690369.6457152,-5786.1,786.3,3927.3,0
2026-04-01T21:12:05.245509+00:00,27.15,37.68,27.15,37.68,-88.8,441684567.1862852,-5817.2,788.0,3948.4,0
2026-04-01T21:12:05.670576+00:00,26.97,37.58,26.97,37.58,-88.8,441678723.2941893,-5843.8,789.4,3966.5,0
2026-04-01T21:12:06.075008+00:00,26.73,37.46,26.73,37.46,-88.8,441678723.2941893,-5877.8,791.3,3989.6,0
2026-04-01T21:12:06.502594+00:00,26.52,37.34,26.52,37.34,-88.8,441672829.5094123,-5908.3,793.0,4010.3,0
2026-04-01T21:12:06.926740+00:00,26.35,37.25,26.35,37.25,-88.8,441666895.16160977,-5934.3,794.4,4028.0,0
2026-04-01T21:12:07.333867+00:00,26.12,37.13,26.12,37.13,-88.8,441666895.16160977,-5967.4,796.3,4050.5,0
2026-04-01T21:12:07.759788+00:00,25.91,37.01,25.91,37.01,-88.8,441660911.62265444,-5997.5,798.1,4071.0,0
2026-04-01T21:12:08.181498+00:00,25.74,36.92,25.74,36.92,-88.8,441654888.50213796,-6023.0,799.5,4088.4,0
2026-04-01T21:12:08.586047+00:00,25.51,36.79,25.51,36.79,-88.8,441654888.50213796,-6055.5,801.4,4110.4,0
2026-04-01T21:12:09.010609+00:00,25.31,36.68,25.31,36.68,-88.8,441648817.40593684,-6085.0,803.2,4130.5,0
2026-04-01T21:12:09.438836+00:00,25.14,36.58,25.14,36.58,-88.8,441642707.22942704,-6110.1,804.7,4147.6,0
2026-04-01T21:12:09.842566+00:00,24.92,36.46,24.92,36.46,-88.8,441642707.22942704,-6141.9,806.6,4169.2,0
2026-04-01T21:12:10.266724+00:00,24.72,36.35,24.72,36.35,-88.8,441636549.9783001,-6170.9,808.4,4189.0,0
2026-04-01T21:12:10.695696+00:00,24.56,36.25,24.56,36.25,-88.8,441630354.4422972,-6195.4,810.0,4205.7,0
2026-04-01T21:12:11.098567+00:00,24.34,36.13,24.34,36.13,-88.8,441630354.4422972,-6226.6,811.9,4226.8,0
2026-04-01T21:12:11.522552+00:00,24.15,36.02,24.15,36.02,-88.8,441624112.7546386,-6254.8,813.7,4246.0,0
2026-04-01T21:12:11.949484+00:00,23.99,35.92,23.99,35.92,-88.8,441617833.5393703,-6279.1,815.3,4262.6,0
2026-04-01T21:12:12.362279+00:00,23.78,35.80,23.78,35.8,-88.8,441617833.5393703,-6309.9,817.3,4283.5,0
2026-04-01T21:12:12.782676+00:00,23.59,35.69,23.59,35.69,-88.8,441611508.57460266,-6337.8,819.1,4302.5,0
2026-04-01T21:12:13.210575+00:00,23.43,35.59,23.43,35.59,-88.8,441605147.0696274,-6361.4,820.7,4318.6,0
2026-04-01T21:12:13.614627+00:00,23.22,35.47,23.22,35.47,-88.8,441605147.0696274,-6391.4,822.7,4338.9,0
2026-04-01T21:12:14.038568+00:00,23.04,35.36,23.04,35.36,-88.8,441598741.2242538,-6418.5,824.5,4357.4,0
2026-04-01T21:12:14.466574+00:00,22.88,35.27,22.88,35.27,-88.8,441592299.3261181,-6441.8,826.1,4373.3,0
2026-04-01T21:12:14.869620+00:00,22.68,35.15,22.68,35.15,-88.8,441592299.3261181,-6471.1,828.2,4393.2,0
2026-04-01T21:12:15.294553+00:00,22.50,35.03,22.5,35.03,-88.8,441585814.0427582,-6497.7,830.0,4411.3,0
2026-04-01T21:12:15.724139+00:00,22.34,34.94,22.34,34.94,-88.8,441579293.3702642,-6520.6,831.7,4426.9,0
2026-04-01T21:12:16.126544+00:00,22.15,34.82,22.15,34.82,-88.8,441579293.3702642,-6549.3,833.7,4446.4,0
2026-04-01T21:12:16.550529+00:00,21.97,34.71,21.97,34.71,-88.8,441572730.1274148,-6575.4,835.6,4464.1,0
2026-04-01T21:12:16.974535+00:00,21.82,34.61,21.82,34.61,-88.8,441566132.27265173,-6597.8,837.3,4479.4,0
2026-04-01T21:12:17.382366+00:00,21.63,34.49,21.63,34.49,-88.8,441566132.27265173,-6625.9,839.3,4498.6,0
2026-04-01T21:12:17.802662+00:00,21.46,34.38,21.46,34.38,-88.8,441559492.71557015,-6651.4,841.3,4515.9,0
2026-04-01T21:12:18.226536+00:00,21.31,34.29,21.31,34.29,-88.8,441552819.48195946,-6673.1,842.9,4530.7,0
2026-04-01T21:12:18.635659+00:00,21.12,34.17,21.12,34.17,-88.8,441552819.48195946,-6700.8,845.0,4549.5,0
2026-04-01T21:12:19.059186+00:00,20.95,34.06,20.95,34.06,-88.8,441546105.31116074,-6725.7,846.9,4566.5,0
2026-04-01T21:12:19.482538+00:00,20.81,33.97,20.81,33.97,-88.8,441539358.2222343,-6747.0,848.6,4581.0,0
2026-04-01T21:12:19.886675+00:00,20.63,33.85,20.63,33.85,-88.8,441539358.2222343,-6774.1,850.7,4599.4,0
2026-04-01T21:12:20.310630+00:00,20.46,33.74,20.46,33.74,-88.8,441532571.089925,-6798.5,852.7,4616.1,0
2026-04-01T21:12:20.734814+00:00,20.32,33.65,20.32,33.65,-88.8,441525751.428192,-6819.6,854.4,4630.4,0
2026-04-01T21:12:21.143885+00:00,20.14,33.53,20.14,33.53,-88.8,441525751.428192,-6846.1,856.5,4648.4,0
2026-04-01T21:12:21.571617+00:00,19.97,33.42,19.97,33.42,-88.8,441518892.46221304,-6870.2,858.5,4664.9,0
2026-04-01T21:12:21.999901+00:00,19.84,33.33,19.84,33.33,-88.8,441512001.6790925,-6890.7,860.2,4678.9,0
2026-04-01T21:12:22.411672+00:00,19.66,33.21,19.66,33.21,-88.8,441512001.6790925,-6916.9,862.4,4696.6,0
2026-04-01T21:12:22.830577+00:00,19.50,33.10,19.5,33.1,-88.8,441505071.7907614,-6940.5,864.4,4712.8,0
2026-04-01T21:12:23.254796+00:00,19.36,33.01,19.36,33.01,-88.8,441498111.20669603,-6960.5,866.2,4726.4,0
2026-04-01T21:12:23.658527+00:00,19.19,32.89,19.19,32.89,-88.8,441498111.20669603,-6985.9,868.4,4743.7,0
2026-04-01T21:12:24.082521+00:00,19.04,32.79,19.04,32.79,-88.8,441491113.0107841,-7008.9,870.4,4759.3,0
2026-04-01T21:12:24.506529+00:00,18.90,32.70,18.9,32.7,-88.8,441484084.4688619,-7028.4,872.1,4772.7,0
2026-04-01T21:12:24.910578+00:00,18.74,32.58,18.74,32.58,-88.8,441484084.4688619,-7053.3,874.3,4789.6,0
2026-04-01T21:12:25.335996+00:00,18.58,32.47,18.58,32.47,-88.8,441477019.0943128,-7075.8,876.4,4805.0,0
2026-04-01T21:12:25.762551+00:00,18.45,32.38,18.45,32.38,-88.8,441469923.79607385,-7095.2,878.1,4818.2,0
2026-04-01T21:12:26.166520+00:00,18.29,32.27,18.29,32.27,-88.8,441469923.79607385,-7119.6,880.4,4834.7,0
2026-04-01T21:12:26.590532+00:00,18.14,32.16,18.14,32.16,-88.8,441462792.4321482,-7141.6,882.4,4849.8,0
2026-04-01T21:12:27.014533+00:00,18.01,32.07,18.01,32.07,-88.8,441455631.9637188,-7160.4,884.2,4862.6,0
2026-04-01T21:12:27.424271+00:00,17.85,31.96,17.85,31.96,-88.8,441455631.9637188,-7184.2,886.5,4878.8,0
2026-04-01T21:12:27.847684+00:00,17.70,31.85,17.7,31.85,-88.8,441448435.88298386,-7206.0,888.5,4893.7,0
2026-04-01T21:12:28.276338+00:00,17.58,31.76,17.58,31.76,-88.8,441441211.20338094,-7224.6,890.3,4906.4,0
2026-04-01T21:12:28.678527+00:00,17.42,31.65,17.42,31.65,-88.8,441441211.20338094,-7248.1,892.6,4922.4,0
2026-04-01T21:12:29.102548+00:00,17.28,31.54,17.28,31.54,-88.8,441433951.96158373,-7269.2,894.7,4936.8,0
2026-04-01T21:12:29.531172+00:00,17.15,31.45,17.15,31.45,-88.8,441426664.6308117,-7287.2,896.5,4949.1,0
2026-04-01T21:12:29.934616+00:00,17.00,31.34,17.0,31.34,-88.8,441426664.6308117,-7310.1,898.8,4964.6,0
2026-04-01T21:12:30.358768+00:00,16.86,31.24,16.86,31.24,-88.8,441419343.4485135,-7330.8,900.9,4978.7,0
2026-04-01T21:12:30.782677+00:00,16.74,31.15,16.74,31.15,-88.8,441411994.9689157,-7348.4,902.8,4990.8,0
2026-04-01T21:12:31.186534+00:00,16.59,31.04,16.59,31.04,-88.8,441411994.9689157,-7370.8,905.1,5006.0,0
2026-04-01T21:12:31.614535+00:00,16.45,30.93,16.45,30.93,-88.8,441404613.34839046,-7391.2,907.2,5019.9,0
2026-04-01T21:12:32.038514+00:00,16.33,30.85,16.33,30.85,-88.8,441397204.61394894,-7408.6,909.1,5031.9,0
2026-04-01T21:12:32.445789+00:00,16.18,30.73,16.18,30.73,-88.8,441397204.61394894,-7430.6,911.4,5046.8,0
2026-04-01T21:12:32.866531+00:00,16.05,30.63,16.05,30.63,-88.8,441389763.4793222,-7450.3,913.6,5060.3,0
2026-04-01T21:12:33.291319+00:00,15.93,30.55,15.93,30.55,-88.8,441382296.14814556,-7467.2,915.4,5071.8,0
2026-04-01T21:12:33.699852+00:00,15.79,30.44,15.79,30.44,-88.8,441382296.14814556,-7488.7,917.8,5086.4,0
2026-04-01T21:12:34.127651+00:00,15.66,30.33,15.66,30.33,-88.8,441374796.9921002,-7508.3,919.9,5099.8,0
2026-04-01T21:12:34.550533+00:00,15.54,30.25,15.54,30.25,-88.8,441367272.1017304,-7524.8,921.8,5111.1,0
2026-04-01T21:12:34.954531+00:00,15.40,30.14,15.4,30.14,-88.8,441367272.1017304,-7545.8,924.2,5125.4,0
2026-04-01T21:12:35.378547+00:00,15.27,30.04,15.27,30.04,-88.8,441359716.1314112,-7564.8,926.3,5138.3,0
2026-04-01T21:12:35.802693+00:00,15.16,29.95,15.16,29.95,-88.8,441352135.09094125,-7580.9,928.2,5149.4,0
2026-04-01T21:12:36.206660+00:00,15.02,29.84,15.02,29.84,-88.8,441352135.09094125,-7601.7,930.6,5163.5,0
2026-04-01T21:12:36.630576+00:00,14.89,29.74,14.89,29.74,-88.8,441344523.6118517,-7620.3,932.8,5176.2,0
2026-04-01T21:12:37.054546+00:00,14.79,29.66,14.79,29.66,-88.8,441336887.4226501,-7636.1,934.7,5187.0,0
2026-04-01T21:12:37.462558+00:00,14.65,29.55,14.65,29.55,-88.8,441336887.4226501,-7656.2,937.1,5200.7,0
2026-04-01T21:12:37.886621+00:00,14.52,29.45,14.52,29.45,-88.8,441329221.441134,-7674.4,939.3,5213.2,0
2026-04-01T21:12:38.310612+00:00,14.42,29.37,14.42,29.37,-88.8,441321531.44446903,-7689.9,941.2,5223.8,0
2026-04-01T21:12:38.714517+00:00,14.28,29.26,14.28,29.26,-88.8,441321531.44446903,-7709.6,943.7,5237.2,0
2026-04-01T21:12:39.144939+00:00,14.16,29.16,14.16,29.16,-88.8,441313812.2844736,-7727.4,945.9,5249.4,0
2026-04-01T21:12:39.567938+00:00,14.06,29.08,14.06,29.08,-88.8,441306069.42829484,-7742.7,947.8,5259.9,0
2026-04-01T21:12:39.975172+00:00,13.93,28.97,13.93,28.97,-88.8,441306069.42829484,-7762.2,950.3,5273.1,0
2026-04-01T21:12:40.398562+00:00,13.80,28.87,13.8,28.87,-88.8,441298297.8551456,-7779.8,952.5,5285.1,0
2026-04-01T21:12:40.822539+00:00,13.70,28.79,13.7,28.79,-88.8,441290503.13403124,-7794.6,954.5,5295.3,0
2026-04-01T21:12:41.226730+00:00,13.57,28.69,13.57,28.69,-88.8,441290503.13403124,-7813.5,956.9,5308.1,0
2026-04-01T21:12:41.654527+00:00,13.46,28.59,13.46,28.59,-88.8,441282680.6223804,-7830.5,959.2,5319.8,0
2026-04-01T21:12:42.078548+00:00,13.36,28.51,13.36,28.51,-88.8,441274835.4368807,-7845.0,961.1,5329.8,0
2026-04-01T21:12:42.486345+00:00,13.23,28.40,13.23,28.4,-88.8,441274835.4368807,-7863.6,963.6,5342.3,0
2026-04-01T21:12:42.906535+00:00,13.12,28.31,13.12,28.31,-88.8,441266962.75758517,-7880.3,965.9,5353.8,0
2026-04-01T21:12:43.330544+00:00,13.02,28.23,13.02,28.23,-88.8,441259068.18180686,-7894.4,967.8,5363.5,0
2026-04-01T21:12:43.734725+00:00,12.89,28.12,12.89,28.12,-88.8,441259068.18180686,-7912.6,970.3,5375.8,0
2026-04-01T21:12:44.158539+00:00,12.78,28.03,12.78,28.03,-88.8,441251146.8308043,-7929.0,972.6,5387.1,0
2026-04-01T21:12:44.582571+00:00,12.68,27.95,12.68,27.95,-88.8,441243203.7533082,-7942.9,974.6,5396.6,0
2026-04-01T21:12:44.991963+00:00,12.56,27.84,12.56,27.84,-88.8,441243203.7533082,-7960.7,977.1,5408.7,0
2026-04-01T21:12:45.419024+00:00,12.45,27.75,12.45,27.75,-88.8,441235234.4178666,-7976.7,979.4,5419.7,0
2026-04-01T21:12:45.848630+00:00,12.36,27.67,12.36,27.67,-88.8,441227243.86151075,-7990.4,981.4,5429.1,0
2026-04-01T21:12:46.251829+00:00,12.24,27.57,12.24,27.57,-88.8,441227243.86151075,-8007.9,983.9,5441.0,0
2026-04-01T21:12:46.679580+00:00,12.13,27.47,12.13,27.47,-88.8,441219227.46453965,-8023.7,986.2,5451.8,0
2026-04-01T21:12:47.107987+00:00,12.03,27.39,12.03,27.39,-88.8,441211190.1387465,-8037.2,988.2,5461.1,0
2026-04-01T21:12:47.518838+00:00,11.92,27.29,11.92,27.29,-88.8,441211190.1387465,-8054.3,990.8,5472.7,0
2026-04-01T21:12:47.943593+00:00,11.81,27.20,11.81,27.2,-88.8,441203127.4176541,-8069.8,993.1,5483.3,0
2026-04-01T21:12:48.370558+00:00,11.72,27.12,11.72,27.12,-88.8,441195044.47730565,-8082.8,995.1,5492.3,0
2026-04-01T21:12:48.774771+00:00,11.60,27.02,11.6,27.02,-88.8,441195044.47730565,-8099.6,997.7,5503.7,0
2026-04-01T21:12:49.198530+00:00,11.50,26.93,11.5,26.93,-88.8,441186936.8276418,-8114.6,1000.1,5513.9,0
2026-04-01T21:12:49.622527+00:00,11.41,26.85,11.41,26.85,-88.8,441178809.3886734,-8127.3,1002.1,5522.7,0
2026-04-01T21:12:50.026521+00:00,11.30,26.75,11.3,26.75,-88.8,441178809.3886734,-8143.6,1004.6,5533.8,0
2026-04-01T21:12:50.451155+00:00,11.20,26.66,11.2,26.66,-88.8,441170657.9033029,-8158.3,1007.0,5543.8,0
2026-04-01T21:12:50.874959+00:00,11.11,26.58,11.11,26.58,-88.8,441162487.03480864,-8170.7,1009.0,5552.4,0
2026-04-01T21:12:51.278538+00:00,11.00,26.49,11.0,26.49,-88.8,441162487.03480864,-8186.8,1011.6,5563.4,0
2026-04-01T21:12:51.702745+00:00,10.90,26.40,10.9,26.4,-88.8,441154292.6268289,-8201.2,1014.0,5573.2,0
2026-04-01T21:12:52.126628+00:00,10.81,26.32,10.81,26.32,-88.8,441146079.10533607,-8213.4,1016.0,5581.6,0
2026-04-01T21:12:52.534559+00:00,10.70,26.22,10.7,26.22,-88.8,441146079.10533607,-8229.0,1018.6,5592.2,0
2026-04-01T21:12:52.958540+00:00,10.60,26.13,10.6,26.13,-88.8,441137842.5440363,-8243.0,1021.0,5601.9,0
2026-04-01T21:12:53.383670+00:00,10.52,26.06,10.52,26.06,-88.8,441129587.41182566,-8255.0,1023.0,5610.1,0
2026-04-01T21:12:53.792324+00:00,10.41,25.96,10.41,25.96,-88.8,441129587.41182566,-8270.4,1025.6,5620.6,0
2026-04-01T21:12:54.214928+00:00,10.31,25.87,10.31,25.87,-88.8,441121309.5310638,-8284.3,1028.0,5630.1,0
2026-04-01T21:12:54.642529+00:00,10.23,25.80,10.23,25.8,-88.8,441113013.4006452,-8296.0,1030.1,5638.2,0
2026-04-01T21:12:55.046522+00:00,10.13,25.70,10.13,25.7,-88.8,441113013.4006452,-8311.0,1032.7,5648.4,0
2026-04-01T21:12:55.470536+00:00,10.03,25.61,10.03,25.61,-88.8,441104695.18793184,-8324.4,1035.1,5657.6,0
2026-04-01T21:12:55.894529+00:00,9.95,25.54,9.95,25.54,-88.8,441096359.1796775,-8335.9,1037.2,5665.5,0
2026-04-01T21:12:56.298630+00:00,9.85,25.44,9.85,25.44,-88.8,441096359.1796775,-8350.5,1039.8,5675.5,0
2026-04-01T21:12:56.722513+00:00,9.75,25.36,9.75,25.36,-88.8,441088001.54983413,-8363.8,1042.2,5684.6,0
2026-04-01T21:12:57.146517+00:00,9.67,25.28,9.67,25.28,-88.8,441079626.3766332,-8375.0,1044.3,5692.3,0
2026-04-01T21:12:57.550546+00:00,9.57,25.19,9.57,25.19,-88.8,441079626.3766332,-8389.4,1046.9,5702.1,0
2026-04-01T21:12:57.978549+00:00,9.48,25.10,9.48,25.1,-88.8,441071230.1631897,-8402.3,1049.4,5711.0,0
2026-04-01T21:12:58.402615+00:00,9.40,25.03,9.4,25.03,-88.8,441062816.7713184,-8413.2,1051.4,5718.5,0
2026-04-01T21:12:58.807590+00:00,9.31,24.94,9.31,24.94,-88.8,441062816.7713184,-8427.3,1054.1,5728.1,0
2026-04-01T21:12:59.236525+00:00,9.22,24.85,9.22,24.85,-88.8,441054382.62379354,-8439.9,1056.5,5736.8,0
2026-04-01T21:12:59.664936+00:00,9.14,24.78,9.14,24.78,-88.8,441045931.69218075,-8450.8,1058.6,5744.2,0
2026-04-01T21:13:00.066519+00:00,9.04,24.69,9.04,24.69,-88.8,441045931.69218075,-8464.8,1061.3,5753.8,0
2026-04-01T21:13:00.490520+00:00,8.95,24.60,8.95,24.6,-88.8,441037460.3591458,-8477.1,1063.8,5762.3,0
2026-04-01T21:13:00.915178+00:00,8.88,24.53,8.88,24.53,-88.8,441028972.563762,-8487.6,1065.9,5769.5,0
2026-04-01T21:13:01.318707+00:00,8.78,24.44,8.78,24.44,-88.8,441028972.563762,-8501.1,1068.6,5778.7,0
2026-04-01T21:13:01.742640+00:00,8.69,24.36,8.69,24.36,-88.8,441020465.0149362,-8513.2,1071.0,5787.0,0
2026-04-01T21:13:02.170545+00:00,8.62,24.29,8.62,24.29,-88.8,441011941.35346174,-8523.5,1073.1,5794.1,0
2026-04-01T21:13:02.574546+00:00,8.52,24.20,8.52,24.2,-88.8,441011941.35346174,-8536.7,1075.8,5803.1,0
2026-04-01T21:13:02.998537+00:00,8.44,24.11,8.44,24.11,-88.8,441003398.24669564,-8548.5,1078.3,5811.3,0
2026-04-01T21:13:03.422543+00:00,8.37,24.04,8.37,24.04,-88.8,440994839.4710315,-8558.6,1080.4,5818.2,0
2026-04-01T21:13:03.826686+00:00,8.27,23.95,8.27,23.95,-88.8,440994839.4710315,-8571.6,1083.1,5827.0,0
2026-04-01T21:13:04.250709+00:00,8.19,23.87,8.19,23.87,-88.8,440986261.64940155,-8583.1,1085.6,5835.0,0
2026-04-01T21:13:04.674532+00:00,8.12,23.80,8.12,23.8,-88.8,440977668.3799086,-8593.1,1087.7,5841.9,0
2026-04-01T21:13:05.083594+00:00,8.03,23.71,8.03,23.71,-88.8,440977668.3799086,-8605.8,1090.4,5850.5,0
2026-04-01T21:13:05.511904+00:00,7.95,23.63,7.95,23.63,-88.8,440969056.4321271,-8617.2,1092.9,5858.4,0
2026-04-01T21:13:05.938538+00:00,7.87,23.56,7.87,23.56,-88.8,440960429.3810196,-8626.9,1095.1,5865.1,0
2026-04-01T21:13:06.342542+00:00,7.79,23.47,7.79,23.47,-88.8,440960429.3810196,-8639.4,1097.8,5873.6,0
2026-04-01T21:13:06.766849+00:00,7.70,23.39,7.7,23.39,-88.8,440951783.97041476,-8650.5,1100.3,5881.3,0
2026-04-01T21:13:07.190524+00:00,7.64,23.32,7.64,23.32,-88.8,440943123.85196733,-8659.9,1102.4,5887.8,0
2026-04-01T21:13:07.594536+00:00,7.55,23.24,7.55,23.24,-88.8,440943123.85196733,-8672.1,1105.2,5896.1,0
2026-04-01T21:13:08.018534+00:00,7.47,23.16,7.47,23.16,-88.8,440934445.8543591,-8683.0,1107.7,5903.6,0
2026-04-01T21:13:08.442545+00:00,7.40,23.09,7.4,23.09,-88.8,440925753.45312697,-8692.2,1109.8,5910.0,0
2026-04-01T21:13:08.846701+00:00,7.31,23.00,7.31,23.0,-88.8,440925753.45312697,-8704.2,1112.6,5918.1,0
2026-04-01T21:13:09.274568+00:00,7.24,22.92,7.24,22.92,-88.8,440917043.5359514,-8714.9,1115.1,5925.5,0
2026-04-01T21:13:09.698529+00:00,7.17,22.86,7.17,22.86,-88.8,440908319.41807044,-8723.9,1117.3,5931.8,0
2026-04-01T21:13:10.102522+00:00,7.08,22.77,7.08,22.77,-88.8,440908319.41807044,-8735.6,1120.0,5939.7,0
2026-04-01T21:13:10.526518+00:00,7.01,22.69,7.01,22.69,-88.8,440899578.1517286,-8746.0,1122.5,5946.9,0
2026-04-01T21:13:10.957021+00:00,6.94,22.63,6.94,22.63,-88.8,440890822.97302294,-8755.0,1124.7,5953.1,0
2026-04-01T21:13:11.361811+00:00,6.86,22.54,6.86,22.54,-88.8,440890822.97302294,-8766.5,1127.5,5960.9,0
2026-04-01T21:13:11.786948+00:00,6.78,22.46,6.78,22.46,-88.8,440882050.9192209,-8776.7,1130.1,5968.0,0
2026-04-01T21:13:12.210642+00:00,6.72,22.40,6.72,22.4,-88.8,440873265.3203467,-8785.4,1132.2,5974.1,0
2026-04-01T21:13:12.617772+00:00,6.64,22.31,6.64,22.31,-88.8,440873265.3203467,-8796.6,1135.0,5981.7,0
2026-04-01T21:13:13.038541+00:00,6.56,22.24,6.56,22.24,-88.8,440864463.19509715,-8806.7,1137.5,5988.6,0
2026-04-01T21:13:13.462541+00:00,6.50,22.17,6.5,22.17,-88.8,440855647.9006322,-8815.1,1139.7,5994.5,0
2026-04-01T21:13:13.866699+00:00,6.42,22.09,6.42,22.09,-88.8,440855647.9006322,-8826.1,1142.5,6002.0,0
2026-04-01T21:13:14.290784+00:00,6.34,22.01,6.34,22.01,-88.8,440846816.48805976,-8836.0,1145.1,6008.8,0
2026-04-01T21:13:14.714701+00:00,6.28,21.95,6.28,21.95,-88.8,440837972.0113796,-8844.3,1147.3,6014.6,0
2026-04-01T21:13:15.122531+00:00,6.20,21.86,6.2,21.86,-88.8,440837972.0113796,-8855.1,1150.1,6021.9,0
2026-04-01T21:13:15.546533+00:00,6.13,21.79,6.13,21.79,-88.8,440829111.7537303,-8864.6,1152.6,6028.5,0
2026-04-01T21:13:15.970561+00:00,6.07,21.73,6.07,21.73,-88.8,440820238.7862038,-8872.8,1154.8,6034.2,0
2026-04-01T21:13:16.375945+00:00,5.99,21.64,5.99,21.64,-88.8,440820238.7862038,-8883.3,1157.6,6041.4,0
2026-04-01T21:13:16.802633+00:00,5.92,21.57,5.92,21.57,-88.8,440811350.3238215,-8892.8,1160.2,6047.9,0
2026-04-01T21:13:17.226763+00:00,5.86,21.50,5.86,21.5,-88.8,440802449.2680981,-8900.9,1162.4,6053.5,0
2026-04-01T21:13:17.639430+00:00,5.78,21.42,5.78,21.42,-88.8,440802449.2680981,-8911.2,1165.2,6060.6,0
2026-04-01T21:13:18.058534+00:00,5.71,21.35,5.71,21.35,-88.8,440793532.96052194,-8920.4,1167.8,6066.9,0
2026-04-01T21:13:18.482538+00:00,5.65,21.29,5.65,21.29,-88.8,440784604.5673964,-8928.2,1170.0,6072.4,0
2026-04-01T21:13:18.886669+00:00,5.58,21.21,5.58,21.21,-88.8,440784604.5673964,-8938.3,1172.8,6079.3,0
2026-04-01T21:13:19.310645+00:00,5.51,21.13,5.51,21.13,-88.8,440775661.33624154,-8947.3,1175.4,6085.5,0
2026-04-01T21:13:19.734645+00:00,5.45,21.07,5.45,21.07,-88.8,440766706.16184217,-8955.0,1177.6,6090.8,0
2026-04-01T21:13:20.138518+00:00,5.38,20.99,5.38,20.99,-88.8,440766706.16184217,-8965.0,1180.5,6097.7,0
2026-04-01T21:13:20.562546+00:00,5.31,20.92,5.31,20.92,-88.8,440757736.45263124,-8973.8,1183.1,6103.8,0
2026-04-01T21:13:20.986538+00:00,5.25,20.86,5.25,20.86,-88.8,440748754.9532241,-8981.3,1185.3,6109.0,0
2026-04-01T21:13:21.394531+00:00,5.18,20.78,5.18,20.78,-88.8,440748754.9532241,-8991.0,1188.1,6115.6,0
2026-04-01T21:13:21.820897+00:00,5.11,20.71,5.11,20.71,-88.8,440739759.21716017,-8999.7,1190.7,6121.6,0
2026-04-01T21:13:22.243927+00:00,5.06,20.65,5.06,20.65,-88.8,440730752.0126162,-9007.0,1192.9,6126.7,0
2026-04-01T21:13:22.656533+00:00,4.98,20.57,4.98,20.57,-88.8,440730752.0126162,-9016.6,1195.8,6133.3,0
2026-04-01T21:13:23.078565+00:00,4.92,20.50,4.92,20.5,-88.8,440721730.65130466,-9025.2,1198.4,6139.2,0
2026-04-01T21:13:23.502538+00:00,4.86,20.43,4.86,20.43,-88.8,440712698.0994044,-9032.4,1200.7,6144.2,0
2026-04-01T21:13:23.906596+00:00,4.79,20.36,4.79,20.36,-88.8,440712698.0994044,-9041.7,1203.5,6150.6,0
2026-04-01T21:13:24.330533+00:00,4.73,20.29,4.73,20.29,-88.8,440703651.87832123,-9050.0,1206.1,6156.3,0
2026-04-01T21:13:24.758970+00:00,4.67,20.23,4.67,20.23,-88.8,440694594.57437533,-9057.1,1208.4,6161.3,0
2026-04-01T21:13:25.162524+00:00,4.60,20.15,4.6,20.15,-88.8,440694594.57437533,-9066.3,1211.3,6167.5,0
2026-04-01T21:13:25.586532+00:00,4.54,20.08,4.54,20.08,-88.8,440685523.87559295,-9074.4,1213.9,6173.2,0
2026-04-01T21:13:26.010526+00:00,4.49,20.02,4.49,20.02,-88.8,440676442.3897061,-9081.3,1216.1,6178.0,0
2026-04-01T21:13:26.414526+00:00,4.42,19.94,4.42,19.94,-88.8,440676442.3897061,-9090.3,1219.0,6184.1,0
2026-04-01T21:13:26.838547+00:00,4.36,19.88,4.36,19.88,-88.8,440667347.7818521,-9098.2,1221.6,6189.7,0
2026-04-01T21:13:27.263033+00:00,4.30,19.82,4.3,19.82,-88.8,440658242.606529,-9105.0,1223.9,6194.4,0
2026-04-01T21:13:27.670579+00:00,4.24,19.74,4.24,19.74,-88.8,440658242.606529,-9113.8,1226.7,6200.4,0
2026-04-01T21:13:28.096964+00:00,4.17,19.67,4.17,19.67,-88.8,440649124.4902023,-9121.7,1229.4,6205.9,0
2026-04-01T21:13:28.522518+00:00,4.12,19.61,4.12,19.61,-88.8,440639996.01596326,-9128.3,1231.7,6210.5,0
2026-04-01T21:13:28.926519+00:00,4.06,19.54,4.06,19.54,-88.8,440639996.01596326,-9137.0,1234.6,6216.4,0
2026-04-01T21:13:29.350753+00:00,3.99,19.47,3.99,19.47,-88.8,440630854.8677792,-9144.6,1237.2,6221.7,0
2026-04-01T21:13:29.774528+00:00,3.94,19.41,3.94,19.41,-88.8,440621703.574077,-9151.1,1239.5,6226.3,0
2026-04-01T21:13:30.178525+00:00,3.88,19.34,3.88,19.34,-88.8,440621703.574077,-9159.6,1242.4,6232.0,0
2026-04-01T21:13:30.602523+00:00,3.82,19.27,3.82,19.27,-88.8,440612539.9251215,-9167.0,1245.0,6237.3,0
2026-04-01T21:13:31.026519+00:00,3.77,19.21,3.77,19.21,-88.8,440603366.2568892,-9173.5,1247.3,6241.8,0
2026-04-01T21:13:31.430541+00:00,3.70,19.14,3.7,19.14,-88.8,440603366.2568892,-9181.8,1250.2,6247.4,0
2026-04-01T21:13:31.858548+00:00,3.65,19.07,3.65,19.07,-88.8,440594180.55492467,-9189.1,1252.8,6252.5,0
2026-04-01T21:13:32.284654+00:00,3.60,19.02,3.6,19.02,-88.8,440584985.03740096,-9195.3,1255.1,6256.9,0
2026-04-01T21:13:32.690232+00:00,3.53,18.94,3.53,18.94,-88.8,440584985.03740096,-9203.5,1258.0,6262.4,0
2026-04-01T21:13:33.110528+00:00,3.47,18.88,3.47,18.88,-88.8,440575777.5851667,-9210.6,1260.7,6267.4,0
2026-04-01T21:13:33.535901+00:00,3.43,18.82,3.43,18.82,-88.8,440566560.6466411,-9216.7,1263.0,6271.7,0
2026-04-01T21:13:33.948287+00:00,3.36,18.75,3.36,18.75,-88.8,440566560.6466411,-9224.8,1265.9,6277.2,0
2026-04-01T21:13:34.371602+00:00,3.31,18.68,3.31,18.68,-88.8,440557331.90612954,-9231.9,1268.6,6282.2,0
2026-04-01T21:13:34.799396+00:00,3.26,18.63,3.26,18.63,-88.8,440548093.7660191,-9237.9,1270.9,6286.4,0
2026-04-01T21:13:35.208288+00:00,3.19,18.56,3.19,18.56,-88.8,440548093.7660191,-9245.8,1273.8,6291.8,0
2026-04-01T21:13:35.635933+00:00,3.14,18.49,3.14,18.49,-88.8,440538844.1266861,-9252.8,1276.5,6296.7,0
2026-04-01T21:13:36.062532+00:00,3.09,18.43,3.09,18.43,-88.8,440529585.20743215,-9258.7,1278.9,6300.8,0
2026-04-01T21:13:36.470524+00:00,3.03,18.36,3.03,18.36,-88.8,440529585.20743215,-9266.5,1281.8,6306.1,0
2026-04-01T21:13:36.894523+00:00,2.97,18.30,2.97,18.3,-88.8,440520315.05221653,-9273.2,1284.5,6310.8,0
2026-04-01T21:13:37.318633+00:00,2.93,18.24,2.93,18.24,-88.8,440511035.9053447,-9279.0,1286.8,6314.8,0
2026-04-01T21:13:37.726425+00:00,2.87,18.17,2.87,18.17,-88.8,440511035.9053447,-9286.5,1289.7,6320.0,0
2026-04-01T21:13:38.146644+00:00,2.81,18.11,2.81,18.11,-88.8,440501745.73765916,-9293.2,1292.4,6324.6,0
2026-04-01T21:13:38.574518+00:00,2.77,18.05,2.77,18.05,-88.8,440492446.754616,-9298.8,1294.7,6328.6,0
2026-04-01T21:13:38.978521+00:00,2.71,17.99,2.71,17.99,-88.8,440492446.754616,-9306.2,1297.7,6333.6,0
2026-04-01T21:13:39.402581+00:00,2.65,17.92,2.65,17.92,-88.8,440483137.0318803,-9312.7,1300.4,6338.2,0
2026-04-01T21:13:39.831110+00:00,2.61,17.87,2.61,17.87,-88.8,440473818.60620314,-9318.2,1302.7,6342.1,0
2026-04-01T21:13:40.230521+00:00,2.55,17.80,2.55,17.8,-88.8,440473818.60620314,-9325.5,1305.6,6347.0,0
2026-04-01T21:13:40.654529+00:00,2.50,17.74,2.5,17.74,-88.8,440464489.7111559,-9331.8,1308.3,6351.5,0
2026-04-01T21:13:41.083913+00:00,2.45,17.68,2.45,17.68,-88.8,440455152.28223467,-9337.2,1310.6,6355.3,0
2026-04-01T21:13:41.491674+00:00,2.40,17.61,2.4,17.61,-88.8,440455152.28223467,-9344.4,1313.6,6360.2,0
2026-04-01T21:13:41.919532+00:00,2.34,17.55,2.34,17.55,-88.8,440445804.44905573,-9350.6,1316.3,6364.6,0
2026-04-01T21:13:42.347432+00:00,2.30,17.50,2.3,17.5,-88.8,440436448.26826555,-9356.0,1318.6,6368.3,0
2026-04-01T21:13:42.759287+00:00,2.24,17.43,2.24,17.43,-88.8,440436448.26826555,-9363.0,1321.6,6373.1,0
2026-04-01T21:13:43.178523+00:00,2.19,17.37,2.19,17.37,-88.8,440427081.7734238,-9369.2,1324.4,6377.5,0
2026-04-01T21:13:43.602509+00:00,2.15,17.32,2.15,17.32,-88.8,440417707.2111796,-9374.4,1326.7,6381.1,0
2026-04-01T21:13:44.006522+00:00,2.09,17.25,2.09,17.25,-88.8,440417707.2111796,-9381.2,1329.6,6385.8,0
2026-04-01T21:13:44.430527+00:00,2.04,17.19,2.04,17.19,-88.8,440408322.7249099,-9387.2,1332.4,6390.0,0
2026-04-01T21:13:44.854705+00:00,2.00,17.13,2.0,17.13,-88.8,440398930.19890463,-9392.3,1334.7,6393.6,0
2026-04-01T21:13:45.263682+00:00,1.94,17.07,1.94,17.07,-88.8,440398930.19890463,-9399.0,1337.7,6398.2,0
2026-04-01T21:13:45.686568+00:00,1.89,17.01,1.89,17.01,-88.8,440389527.92079484,-9404.9,1340.4,6402.3,0
2026-04-01T21:13:46.110534+00:00,1.85,16.96,1.85,16.96,-88.8,440380117.8357488,-9409.9,1342.7,6405.9,0
2026-04-01T21:13:46.514549+00:00,1.80,16.89,1.8,16.89,-88.8,440380117.8357488,-9416.5,1345.7,6410.3,0
2026-04-01T21:13:46.938569+00:00,1.75,16.83,1.75,16.83,-88.8,440370698.20563537,-9422.2,1348.4,6414.4,0
2026-04-01T21:13:47.362545+00:00,1.71,16.78,1.71,16.78,-88.8,440361270.90165144,-9427.1,1350.7,6417.9,0
2026-04-01T21:13:47.772092+00:00,1.65,16.71,1.65,16.71,-88.8,440361270.90165144,-9433.5,1353.7,6422.2,0
2026-04-01T21:13:48.195872+00:00,1.61,16.65,1.61,16.65,-88.8,440351834.15919524,-9439.3,1356.5,6426.3,0
2026-04-01T21:13:48.623962+00:00,1.56,16.60,1.56,16.6,-88.8,440342389.85726714,-9444.1,1358.8,6429.7,0
2026-04-01T21:13:49.032951+00:00,1.51,16.54,1.51,16.54,-88.8,440342389.85726714,-9450.4,1361.8,6434.0,0
2026-04-01T21:13:49.460948+00:00,1.46,16.48,1.46,16.48,-88.8,440332936.28871065,-9456.0,1364.6,6438.0,0
2026-04-01T21:13:49.887662+00:00,1.42,16.43,1.42,16.43,-88.8,440323475.3195263,-9460.8,1366.9,6441.3,0
2026-04-01T21:13:50.290838+00:00,1.37,16.36,1.37,16.36,-88.8,440323475.3195263,-9467.0,1370.0,6445.6,0
2026-04-01T21:13:50.714533+00:00,1.32,16.30,1.32,16.3,-88.8,440314005.29067194,-9472.5,1372.7,6449.4,0
2026-04-01T21:13:51.138516+00:00,1.28,16.25,1.28,16.25,-88.8,440304528.0451068,-9477.0,1375.0,6452.7,0
2026-04-01T21:13:51.542531+00:00,1.23,16.19,1.23,16.19,-88.8,440304528.0451068,-9483.1,1378.0,6456.8,0
2026-04-01T21:13:51.966585+00:00,1.19,16.13,1.19,16.13,-88.8,440295041.95827174,-9488.5,1380.8,6460.6,0
2026-04-01T21:13:52.391165+00:00,1.15,16.08,1.15,16.08,-88.8,440285548.77478784,-9493.0,1383.1,6463.8,0
2026-04-01T21:13:52.798628+00:00,1.10,16.02,1.1,16.02,-88.8,440285548.77478784,-9499.0,1386.2,6467.9,0
2026-04-01T21:13:53.219579+00:00,1.05,15.96,1.05,15.96,-88.8,440276046.8780472,-9504.2,1388.9,6471.6,0
2026-04-01T21:13:53.642529+00:00,1.01,15.91,1.01,15.91,-88.8,440266538.024062,-9508.6,1391.3,6474.8,0
2026-04-01T21:13:54.050537+00:00,0.96,15.85,0.96,15.85,-88.8,440266538.024062,-9514.5,1394.3,6478.8,0
2026-04-01T21:13:54.474524+00:00,0.92,15.79,0.92,15.79,-88.8,440257020.6744472,-9519.6,1397.0,6482.4,0
2026-04-01T21:13:54.899882+00:00,0.88,15.74,0.88,15.74,-88.8,440247496.4990787,-9524.0,1399.4,6485.5,0
2026-04-01T21:13:55.308151+00:00,0.83,15.68,0.83,15.68,-88.8,440247496.4990787,-9529.8,1402.4,6489.4,0
2026-04-01T21:13:55.737007+00:00,0.79,15.62,0.79,15.62,-88.8,440237963.9187587,-9534.8,1405.2,6493.0,0
2026-04-01T21:13:56.158522+00:00,0.75,15.58,0.75,15.58,-88.8,440228424.61475843,-9539.1,1407.5,6496.1,0
2026-04-01T21:13:56.562597+00:00,0.70,15.51,0.7,15.51,-88.8,440228424.61475843,-9544.8,1410.6,6499.9,0
2026-04-01T21:13:56.990562+00:00,0.66,15.46,0.66,15.46,-88.8,440218877.1377222,-9549.7,1413.3,6503.4,0
2026-04-01T21:13:57.414536+00:00,0.62,15.41,0.62,15.41,-88.8,440209322.9996225,-9553.9,1415.7,6506.4,0
2026-04-01T21:13:57.822583+00:00,0.57,15.35,0.57,15.35,-88.8,440209322.9996225,-9559.5,1418.8,6510.2,0
2026-04-01T21:13:58.246849+00:00,0.53,15.29,0.53,15.29,-88.8,440199760.8436541,-9564.3,1421.5,6513.6,0
2026-04-01T21:13:58.670536+00:00,0.49,15.24,0.49,15.24,-88.8,440190192.2476755,-9568.4,1423.9,6516.6,0
2026-04-01T21:13:59.074534+00:00,0.44,15.18,0.44,15.18,-88.8,440190192.2476755,-9573.8,1426.9,6520.3,0
2026-04-01T21:13:59.498545+00:00,0.40,15.13,0.4,15.13,-88.8,440180615.78538245,-9578.6,1429.7,6523.6,0
2026-04-01T21:13:59.922531+00:00,0.37,15.08,0.37,15.08,-88.8,440171033.0051616,-9582.6,1432.1,6526.5,0
2026-04-01T21:14:00.326537+00:00,0.32,15.02,0.32,15.02,-88.8,440171033.0051616,-9588.0,1435.1,6530.2,0
2026-04-01T21:14:00.750681+00:00,0.28,14.97,0.28,14.97,-88.8,440161442.5072894,-9592.6,1437.9,6533.5,0
2026-04-01T21:14:01.179924+00:00,0.24,14.92,0.24,14.92,-88.8,440151845.7648013,-9596.5,1440.3,6536.3,0
2026-04-01T21:14:01.587944+00:00,0.20,14.86,0.2,14.86,-88.8,440151845.7648013,-9601.8,1443.3,6539.9,0
2026-04-01T21:14:02.014555+00:00,0.15,14.80,0.15,14.8,-88.8,440142241.3895009,-9606.4,1446.1,6543.2,0
2026-04-01T21:14:02.438554+00:00,0.12,14.76,0.12,14.76,-88.8,440132630.90812004,-9610.3,1448.5,6546.0,0
2026-04-01T21:14:02.842697+00:00,0.07,14.70,0.07,14.7,-88.8,440132630.90812004,-9615.4,1451.5,6549.5,0
2026-04-01T21:14:03.266557+00:00,0.03,14.64,0.03,14.64,-88.8,440123012.99703175,-9619.9,1454.3,6552.7,0
2026-04-01T21:14:03.691231+00:00,360.00,14.60,360.0,14.6,-88.8,440113389.0796634,-9623.7,1456.7,6555.4,0
2026-04-01T21:14:04.094600+00:00,359.95,14.54,359.95,14.54,-88.8,440113389.0796634,-9628.8,1459.8,6558.8,0
2026-04-01T21:14:04.522555+00:00,359.91,14.49,359.91,14.49,-88.8,440103757.91630864,-9633.1,1462.5,6562.0,0
2026-04-01T21:14:04.946531+00:00,359.88,14.44,359.88,14.44,-88.8,440094120.8600739,-9636.8,1464.9,6564.6,0
2026-04-01T21:14:05.350548+00:00,359.83,14.38,359.83,14.38,-88.8,440094120.8600739,-9641.8,1468.0,6568.0,0
2026-04-01T21:14:05.774559+00:00,359.79,14.33,359.79,14.33,-88.8,440084476.6526636,-9646.1,1470.8,6571.1,0
2026-04-01T21:14:06.198537+00:00,359.76,14.28,359.76,14.28,-88.8,440074826.70446163,-9649.7,1473.2,6573.7,0
2026-04-01T21:14:06.602572+00:00,359.72,14.23,359.72,14.23,-88.8,440074826.70446163,-9654.6,1476.2,6577.0,0
2026-04-01T21:14:07.030916+00:00,359.68,14.17,359.68,14.17,-88.8,440065169.7385823,-9658.8,1479.0,6580.0,0
2026-04-01T21:14:07.454671+00:00,359.64,14.13,359.64,14.13,-88.8,440055507.09724855,-9662.4,1481.4,6582.6,0
2026-04-01T21:14:07.858544+00:00,359.60,14.07,359.6,14.07,-88.8,440055507.09724855,-9667.3,1484.5,6585.9,0
2026-04-01T21:14:08.287726+00:00,359.56,14.02,359.56,14.02,-88.8,440045837.57243335,-9671.4,1487.3,6588.9,0
2026-04-01T21:14:08.711076+00:00,359.53,13.97,359.53,13.97,-88.8,440036162.48120743,-9674.9,1489.7,6591.4,0
2026-04-01T21:14:09.114530+00:00,359.49,13.92,359.49,13.92,-88.8,440036162.48120743,-9679.6,1492.8,6594.6,0
2026-04-01T21:14:09.538542+00:00,359.45,13.86,359.45,13.86,-88.8,440026480.6327909,-9683.6,1495.6,6597.5,0
2026-04-01T21:14:09.962544+00:00,359.42,13.82,359.42,13.82,-88.8,440016793.3606728,-9687.1,1498.0,6600.0,0
2026-04-01T21:14:10.371656+00:00,359.37,13.76,359.37,13.76,-88.8,440016793.3606728,-9691.7,1501.0,6603.2,0
2026-04-01T21:14:10.794718+00:00,359.34,13.71,359.34,13.71,-88.8,440007099.4096165,-9695.7,1503.8,6606.0,0
2026-04-01T21:14:11.218692+00:00,359.30,13.67,359.3,13.67,-88.8,439997400.1503136,-9699.0,1506.3,6608.4,0
2026-04-01T21:14:11.622548+00:00,359.26,13.61,359.26,13.61,-88.8,439997400.1503136,-9703.6,1509.3,6611.5,0
2026-04-01T21:14:12.050353+00:00,359.23,13.56,359.23,13.56,-88.8,439987694.3834736,-9707.5,1512.2,6614.4,0
2026-04-01T21:14:12.471581+00:00,359.19,13.52,359.19,13.52,-88.8,439977983.35789114,-9710.8,1514.6,6616.8,0
2026-04-01T21:14:12.879283+00:00,359.15,13.46,359.15,13.46,-88.8,439977983.35789114,-9715.3,1517.6,6619.8,0
2026-04-01T21:14:13.307829+00:00,359.12,13.41,359.12,13.41,-88.8,439968265.93882036,-9719.1,1520.5,6622.6,0
2026-04-01T21:14:13.736231+00:00,359.08,13.37,359.08,13.37,-88.8,439958543.32984877,-9722.4,1522.9,6624.9,0
2026-04-01T21:14:14.143183+00:00,359.04,13.31,359.04,13.31,-88.8,439958543.32984877,-9726.8,1526.0,6627.9,0
2026-04-01T21:14:14.566548+00:00,359.01,13.26,359.01,13.26,-88.8,439948814.39914274,-9730.6,1528.8,6630.6,0
2026-04-01T21:14:14.990551+00:00,358.98,13.22,358.98,13.22,-88.8,439939080.42332137,-9733.8,1531.3,6633.0,0
2026-04-01T21:14:15.394531+00:00,358.94,13.16,358.94,13.16,-88.8,439939080.42332137,-9738.0,1534.3,6635.9,0
2026-04-01T21:14:15.823840+00:00,358.90,13.11,358.9,13.11,-88.8,439929340.33579725,-9741.7,1537.1,6638.6,0
2026-04-01T21:14:16.242531+00:00,358.87,13.07,358.87,13.07,-88.8,439919595.28056216,-9744.8,1539.6,6640.8,0
2026-04-01T21:14:16.650526+00:00,358.83,13.02,358.83,13.02,-88.8,439919595.28056216,-9749.1,1542.6,6643.7,0
2026-04-01T21:14:17.078576+00:00,358.80,12.97,358.8,12.97,-88.8,439909844.1896383,-9752.7,1545.5,6646.3,0
2026-04-01T21:14:17.498549+00:00,358.76,12.92,358.76,12.92,-88.8,439900088.2585499,-9755.7,1547.9,6648.5,0
2026-04-01T21:14:17.902569+00:00,358.73,12.87,358.73,12.87,-88.8,439900088.2585499,-9759.9,1551.0,6651.4,0
2026-04-01T21:14:18.326541+00:00,358.69,12.82,358.69,12.82,-88.8,439890326.40359586,-9763.4,1553.8,6653.9,0
2026-04-01T21:14:18.754712+00:00,358.66,12.78,358.66,12.78,-88.8,439880559.7650727,-9766.4,1556.2,6656.1,0
2026-04-01T21:14:19.159903+00:00,358.62,12.72,358.62,12.72,-88.8,439880559.7650727,-9770.5,1559.3,6658.9,0
2026-04-01T21:14:19.587742+00:00,358.59,12.68,358.59,12.68,-88.8,439870787.2987288,-9774.0,1562.2,6661.4,0
2026-04-01T21:14:20.010545+00:00,358.56,12.63,358.56,12.63,-88.8,439861010.14695334,-9776.9,1564.6,6663.6,0
2026-04-01T21:14:20.419662+00:00,358.52,12.58,358.52,12.58,-88.8,439861010.14695334,-9781.0,1567.7,6666.3,0
2026-04-01T21:14:20.842788+00:00,358.49,12.53,358.49,12.53,-88.8,439851227.248341,-9784.4,1570.5,6668.8,0
2026-04-01T21:14:21.266767+00:00,358.46,12.49,358.46,12.49,-88.8,439841439.7867765,-9787.2,1573.0,6670.9,0
2026-04-01T21:14:21.670574+00:00,358.42,12.44,358.42,12.44,-88.8,439841439.7867765,-9791.2,1576.1,6673.6,0
2026-04-01T21:14:22.098184+00:00,358.39,12.39,358.39,12.39,-88.8,439831646.7223854,-9794.5,1578.9,6676.0,0
2026-04-01T21:14:22.518547+00:00,358.36,12.35,358.36,12.35,-88.8,439821849.13511723,-9797.4,1581.4,6678.1,0
2026-04-01T21:14:22.922557+00:00,358.32,12.30,358.32,12.3,-88.8,439821849.13511723,-9801.2,1584.5,6680.7,0
2026-04-01T21:14:23.350688+00:00,358.29,12.25,358.29,12.25,-88.8,439812046.0847145,-9804.5,1587.3,6683.1,0
2026-04-01T21:14:23.770548+00:00,358.26,12.21,358.26,12.21,-88.8,439802238.59806085,-9807.3,1589.7,6685.2,0
2026-04-01T21:14:24.179667+00:00,358.22,12.16,358.22,12.16,-88.8,439802238.59806085,-9811.1,1592.8,6687.7,0
2026-04-01T21:14:24.603274+00:00,358.19,12.11,358.19,12.11,-88.8,439792425.70413357,-9814.3,1595.7,6690.1,0
2026-04-01T21:14:25.027893+00:00,358.16,12.07,358.16,12.07,-88.8,439782608.49495083,-9817.0,1598.1,6692.1,0
2026-04-01T21:14:25.435610+00:00,358.13,12.02,358.13,12.02,-88.8,439782608.49495083,-9820.7,1601.2,6694.6,0
2026-04-01T21:14:25.862538+00:00,358.09,11.97,358.09,11.97,-88.8,439772785.948669,-9823.9,1604.1,6697.0,0
2026-04-01T21:14:26.286682+00:00,358.07,11.93,358.07,11.93,-88.8,439762959.1386303,-9826.6,1606.5,6698.9,0
2026-04-01T21:14:26.690527+00:00,358.03,11.88,358.03,11.88,-88.8,439762959.1386303,-9830.2,1609.6,6701.4,0
2026-04-01T21:14:27.118740+00:00,358.00,11.83,358.0,11.83,-88.8,439753127.1275516,-9833.4,1612.5,6703.7,0
2026-04-01T21:14:27.538536+00:00,357.97,11.79,357.97,11.79,-88.8,439743290.92282444,-9836.0,1615.0,6705.6,0
2026-04-01T21:14:27.946552+00:00,357.93,11.74,357.93,11.74,-88.8,439743290.92282444,-9839.6,1618.1,6708.1,0
2026-04-01T21:14:28.370998+00:00,357.90,11.69,357.9,11.69,-88.8,439733449.6129875,-9842.6,1620.9,6710.3,0
2026-04-01T21:14:28.794565+00:00,357.88,11.65,357.88,11.65,-88.8,439723604.1874758,-9845.2,1623.4,6712.2,0
2026-04-01T21:14:29.203789+00:00,357.84,11.60,357.84,11.6,-88.8,439723604.1874758,-9848.7,1626.5,6714.6,0
2026-04-01T21:14:29.626535+00:00,357.81,11.56,357.81,11.56,-88.8,439713753.7413096,-9851.7,1629.3,6716.8,0
2026-04-01T21:14:30.050531+00:00,357.78,11.52,357.78,11.52,-88.8,439703899.2932375,-9854.2,1631.8,6718.7,0
2026-04-01T21:14:30.454527+00:00,357.75,11.47,357.75,11.47,-88.8,439703899.2932375,-9857.7,1634.9,6721.0,0
2026-04-01T21:14:30.883589+00:00,357.72,11.42,357.72,11.42,-88.8,439694039.92757076,-9860.6,1637.8,6723.2,0
2026-04-01T21:14:31.312001+00:00,357.69,11.38,357.69,11.38,-88.8,439684176.5656102,-9863.1,1640.3,6725.0,0
2026-04-01T21:14:31.720271+00:00,357.66,11.33,357.66,11.33,-88.8,439684176.5656102,-9866.6,1643.4,6727.4,0
2026-04-01T21:14:32.146575+00:00,357.63,11.29,357.63,11.29,-88.8,439674308.33324325,-9869.5,1646.3,6729.5,0
2026-04-01T21:14:32.566531+00:00,357.60,11.25,357.6,11.25,-88.8,439664436.2233378,-9871.9,1648.7,6731.3,0
2026-04-01T21:14:32.970526+00:00,357.57,11.20,357.57,11.2,-88.8,439664436.2233378,-9875.2,1651.9,6733.6,0
2026-04-01T21:14:33.394533+00:00,357.54,11.15,357.54,11.15,-88.8,439654559.4033465,-9878.0,1654.7,6735.7,0
2026-04-01T21:14:33.819126+00:00,357.51,11.11,357.51,11.11,-88.8,439644678.76439875,-9880.4,1657.2,6737.4,0
2026-04-01T21:14:34.226516+00:00,357.48,11.06,357.48,11.06,-88.8,439644678.76439875,-9883.7,1660.3,6739.7,0
2026-04-01T21:14:34.650540+00:00,357.45,11.02,357.45,11.02,-88.8,439634793.47254884,-9886.5,1663.1,6741.7,0
2026-04-01T21:14:35.075175+00:00,357.42,10.98,357.42,10.98,-88.8,439624904.4596974,-9888.8,1665.6,6743.4,0
2026-04-01T21:14:35.478542+00:00,357.39,10.93,357.39,10.93,-88.8,439624904.4596974,-9892.0,1668.7,6745.6,0
2026-04-01T21:14:35.903035+00:00,357.36,10.89,357.36,10.89,-88.8,439615010.8790412,-9894.7,1671.6,6747.6,0
2026-04-01T21:14:36.326560+00:00,357.33,10.85,357.33,10.85,-88.8,439605113.6194726,-9897.0,1674.1,6749.4,0
2026-04-01T21:14:36.730656+00:00,357.30,10.80,357.3,10.8,-88.8,439605113.6194726,-9900.2,1677.2,6751.5,0
2026-04-01T21:14:37.164366+00:00,357.27,10.76,357.27,10.76,-88.8,439595211.9015279,-9902.9,1680.1,6753.5,0
2026-04-01T21:14:37.586549+00:00,357.25,10.72,357.25,10.72,-88.8,439585306.543886,-9905.1,1682.6,6755.2,0
2026-04-01T21:14:37.990548+00:00,357.22,10.67,357.22,10.67,-88.8,439585306.543886,-9908.3,1685.7,6757.3,0
2026-04-01T21:14:38.414555+00:00,357.19,10.63,357.19,10.63,-88.8,439575396.7871629,-9910.9,1688.6,6759.3,0
2026-04-01T21:14:38.838849+00:00,357.16,10.59,357.16,10.59,-88.8,439565483.5130006,-9913.1,1691.0,6760.9,0
2026-04-01T21:14:39.242602+00:00,357.13,10.54,357.13,10.54,-88.8,439565483.5130006,-9916.1,1694.2,6763.0,0
2026-04-01T21:14:39.666519+00:00,357.10,10.50,357.1,10.5,-88.8,439555565.9162215,-9918.7,1697.0,6764.9,0
2026-04-01T21:14:40.094575+00:00,357.08,10.46,357.08,10.46,-88.8,439545644.8419112,-9920.9,1699.5,6766.5,0
2026-04-01T21:14:40.498521+00:00,357.05,10.41,357.05,10.41,-88.8,439545644.8419112,-9923.9,1702.7,6768.6,0
2026-04-01T21:14:40.922538+00:00,357.02,10.37,357.02,10.37,-88.8,439535719.5250164,-9926.4,1705.5,6770.4,0
2026-04-01T21:14:41.346537+00:00,356.99,10.33,356.99,10.33,-88.8,439525790.81988597,-9928.5,1708.0,6772.0,0
2026-04-01T21:14:41.750824+00:00,356.96,10.29,356.96,10.29,-88.8,439525790.81988597,-9931.4,1711.1,6774.1,0
2026-04-01T21:14:42.177771+00:00,356.94,10.24,356.94,10.24,-88.8,439515857.94717795,-9933.9,1714.0,6775.9,0
2026-04-01T21:14:42.603681+00:00,356.91,10.21,356.91,10.21,-88.8,439505921.725405,-9936.0,1716.5,6777.5,0
2026-04-01T21:14:43.011896+00:00,356.88,10.16,356.88,10.16,-88.8,439505921.725405,-9938.9,1719.7,6779.5,0
2026-04-01T21:14:43.435610+00:00,356.85,10.12,356.85,10.12,-88.8,439495981.3809847,-9941.3,1722.5,6781.3,0
2026-04-01T21:14:43.863237+00:00,356.83,10.08,356.83,10.08,-88.8,439486037.7560122,-9943.4,1725.0,6782.8,0
2026-04-01T21:14:44.272399+00:00,356.80,10.03,356.8,10.03,-88.8,439486037.7560122,-9946.3,1728.2,6784.8,0
2026-04-01T21:14:44.699698+00:00,356.77,9.99,356.77,9.99,-88.8,439476090.0812303,-9948.7,1731.1,6786.6,0
2026-04-01T21:14:45.122539+00:00,356.75,9.95,356.75,9.95,-88.8,439466139.1571755,-9950.7,1733.6,6788.1,0
2026-04-01T21:14:45.531179+00:00,356.72,9.91,356.72,9.91,-88.8,439466139.1571755,-9953.5,1736.8,6790.0,0
2026-04-01T21:14:45.954552+00:00,356.69,9.86,356.69,9.86,-88.8,439456184.2998006,-9955.8,1739.6,6791.8,0
2026-04-01T21:14:46.378793+00:00,356.67,9.83,356.67,9.83,-88.8,439446226.30387205,-9957.8,1742.1,6793.2,0
2026-04-01T21:14:46.782590+00:00,356.64,9.78,356.64,9.78,-88.8,439446226.30387205,-9960.5,1745.3,6795.1,0
2026-04-01T21:14:47.210593+00:00,356.61,9.74,356.61,9.74,-88.8,439436264.439559,-9962.8,1748.2,6796.8,0
2026-04-01T21:14:47.630534+00:00,356.59,9.71,356.59,9.71,-88.8,439426299.467233,-9964.7,1750.7,6798.3,0
2026-04-01T21:14:48.034536+00:00,356.56,9.66,356.56,9.66,-88.8,439426299.467233,-9967.5,1753.8,6800.2,0
2026-04-01T21:14:48.458533+00:00,356.53,9.62,356.53,9.62,-88.8,439416330.721508,-9969.7,1756.7,6801.8,0
2026-04-01T21:14:48.882567+00:00,356.51,9.58,356.51,9.58,-88.8,439406358.92478323,-9971.6,1759.2,6803.3,0
2026-04-01T21:14:49.286681+00:00,356.48,9.54,356.48,9.54,-88.8,439406358.92478323,-9974.2,1762.3,6805.1,0
2026-04-01T21:14:49.711846+00:00,356.46,9.50,356.46,9.5,-88.8,439396383.42171854,-9976.4,1765.2,6806.7,0
2026-04-01T21:14:50.139917+00:00,356.43,9.46,356.43,9.46,-88.8,439386404.9253725,-9978.3,1767.7,6808.2,0
2026-04-01T21:14:50.547903+00:00,356.41,9.42,356.41,9.42,-88.8,439386404.9253725,-9980.9,1770.9,6810.0,0
2026-04-01T21:14:50.976135+00:00,356.38,9.37,356.38,9.37,-88.8,439376422.73963934,-9983.1,1773.8,6811.6,0
2026-04-01T21:14:51.399589+00:00,356.36,9.34,356.36,9.34,-88.8,439366437.62262875,-9984.9,1776.3,6813.0,0
2026-04-01T21:14:51.807509+00:00,356.33,9.29,356.33,9.29,-88.8,439366437.62262875,-9987.5,1779.5,6814.8,0
2026-04-01T21:14:52.239392+00:00,356.30,9.25,356.3,9.25,-88.8,439356448.88684994,-9989.6,1782.4,6816.4,0
2026-04-01T21:14:52.658633+00:00,356.28,9.22,356.28,9.22,-88.8,439346457.2517314,-9991.4,1784.9,6817.7,0
2026-04-01T21:14:53.066526+00:00,356.25,9.17,356.25,9.17,-88.8,439346457.2517314,-9993.9,1788.0,6819.5,0
2026-04-01T21:14:53.490516+00:00,356.23,9.13,356.23,9.13,-88.8,439336462.09206676,-9996.0,1790.9,6821.0,0
2026-04-01T21:14:53.914551+00:00,356.21,9.10,356.21,9.1,-88.8,439326464.12009,-9997.7,1793.4,6822.4,0
2026-04-01T21:14:54.323724+00:00,356.18,9.05,356.18,9.05,-88.8,439326464.12009,-10000.2,1796.6,6824.1,0
2026-04-01T21:14:54.743019+00:00,356.15,9.01,356.15,9.01,-88.8,439316462.6641071,-10002.3,1799.5,6825.6,0
2026-04-01T21:14:55.170522+00:00,356.13,8.98,356.13,8.98,-88.8,439306458.4592138,-10004.0,1802.0,6826.9,0
2026-04-01T21:14:55.574523+00:00,356.10,8.93,356.1,8.93,-88.8,439306458.4592138,-10006.4,1805.2,6828.6,0
2026-04-01T21:14:55.999162+00:00,356.08,8.89,356.08,8.89,-88.8,439296450.85735446,-10008.4,1808.1,6830.1,0
2026-04-01T21:14:56.422535+00:00,356.06,8.86,356.06,8.86,-88.8,439286440.530622,-10010.1,1810.6,6831.4,0
2026-04-01T21:14:56.826671+00:00,356.03,8.82,356.03,8.82,-88.8,439286440.530622,-10012.5,1813.7,6833.1,0
2026-04-01T21:14:57.254576+00:00,356.01,8.78,356.01,8.78,-88.8,439276426.8889426,-10014.5,1816.6,6834.6,0
2026-04-01T21:14:57.679909+00:00,355.99,8.74,355.99,8.74,-88.8,439266410.5736083,-10016.1,1819.1,6835.8,0
2026-04-01T21:14:58.087905+00:00,355.96,8.70,355.96,8.7,-88.8,439266410.5736083,-10018.5,1822.3,6837.4,0
2026-04-01T21:14:58.515588+00:00,355.94,8.66,355.94,8.66,-88.8,439256390.9580809,-10020.4,1825.3,6838.9,0
2026-04-01T21:14:58.939322+00:00,355.91,8.63,355.91,8.63,-88.8,439246368.72583276,-10022.0,1827.7,6840.2,0
2026-04-01T21:14:59.348708+00:00,355.89,8.58,355.89,8.58,-88.8,439246368.72583276,-10024.3,1830.9,6841.8,0
2026-04-01T21:14:59.775927+00:00,355.86,8.54,355.86,8.54,-88.8,439236343.25035065,-10026.2,1833.9,6843.2,0
2026-04-01T21:15:00.202542+00:00,355.84,8.51,355.84,8.51,-88.8,439226315.19289464,-10027.8,1836.4,6844.5,0
2026-04-01T21:15:00.606529+00:00,355.82,8.47,355.82,8.47,-88.8,439226315.19289464,-10030.1,1839.6,6846.0,0
2026-04-01T21:15:01.030521+00:00,355.79,8.43,355.79,8.43,-88.8,439216283.98277754,-10032.0,1842.5,6847.4,0
2026-04-01T21:15:01.458573+00:00,355.77,8.39,355.77,8.39,-88.8,439206250.24760103,-10033.5,1845.0,6848.6,0
2026-04-01T21:15:01.863682+00:00,355.75,8.35,355.75,8.35,-88.8,439206250.24760103,-10035.7,1848.2,6850.2,0
2026-04-01T21:15:02.291021+00:00,355.72,8.31,355.72,8.31,-88.8,439196213.4124082,-10037.6,1851.1,6851.6,0
2026-04-01T21:15:02.710746+00:00,355.70,8.28,355.7,8.28,-88.8,439186174.1240825,-10039.1,1853.6,6852.8,0
2026-04-01T21:15:03.114523+00:00,355.68,8.24,355.68,8.24,-88.8,439186174.1240825,-10041.3,1856.8,6854.3,0
2026-04-01T21:15:03.538546+00:00,355.66,8.20,355.66,8.2,-88.8,439176131.7983895,-10043.0,1859.7,6855.6,0
2026-04-01T21:15:03.962524+00:00,355.64,8.16,355.64,8.16,-88.8,439166087.0421221,-10044.5,1862.2,6856.8,0
2026-04-01T21:15:04.371654+00:00,355.61,8.12,355.61,8.12,-88.8,439166087.0421221,-10046.7,1865.4,6858.3,0
2026-04-01T21:15:04.794654+00:00,355.59,8.08,355.59,8.08,-88.8,439156039.29968244,-10048.4,1868.3,6859.6,0
2026-04-01T21:15:05.225630+00:00,355.57,8.05,355.57,8.05,-88.8,439145989.1942835,-10049.9,1870.8,6860.8,0
2026-04-01T21:15:05.626521+00:00,355.54,8.01,355.54,8.01,-88.8,439145989.1942835,-10052.0,1874.0,6862.2,0
2026-04-01T21:15:06.050535+00:00,355.52,7.97,355.52,7.97,-88.8,439135936.14674497,-10053.7,1876.9,6863.5,0
2026-04-01T21:15:06.479185+00:00,355.50,7.94,355.5,7.94,-88.8,439125880.75950676,-10055.2,1879.4,6864.7,0
2026-04-01T21:15:06.882569+00:00,355.48,7.90,355.48,7.9,-88.8,439125880.75950676,-10057.2,1882.6,6866.1,0
2026-04-01T21:15:07.310599+00:00,355.45,7.86,355.45,7.86,-88.8,439115822.5013331,-10058.9,1885.5,6867.4,0
2026-04-01T21:15:07.731178+00:00,355.43,7.83,355.43,7.83,-88.8,439105761.9703404,-10060.3,1888.0,6868.5,0
2026-04-01T21:15:08.134543+00:00,355.41,7.79,355.41,7.79,-88.8,439105761.9703404,-10062.4,1891.2,6869.9,0
2026-04-01T21:15:08.562536+00:00,355.39,7.75,355.39,7.75,-88.8,439095698.61743313,-10064.0,1894.1,6871.2,0
2026-04-01T21:15:08.986538+00:00,355.37,7.72,355.37,7.72,-88.8,439085633.0128054,-10065.4,1896.6,6872.3,0
2026-04-01T21:15:09.390538+00:00,355.34,7.67,355.34,7.67,-88.8,439085633.0128054,-10067.4,1899.8,6873.7,0
2026-04-01T21:15:09.815025+00:00,355.32,7.64,355.32,7.64,-88.8,439075564.64385843,-10069.0,1902.8,6874.9,0
2026-04-01T21:15:10.238509+00:00,355.30,7.60,355.3,7.6,-88.8,439065494.0664535,-10070.3,1905.3,6876.0,0
2026-04-01T21:15:10.647901+00:00,355.28,7.56,355.28,7.56,-88.8,439065494.0664535,-10072.3,1908.5,6877.4,0
2026-04-01T21:15:11.074557+00:00,355.26,7.53,355.26,7.53,-88.8,439055420.7694427,-10073.9,1911.4,6878.6,0
2026-04-01T21:15:11.498524+00:00,355.24,7.49,355.24,7.49,-88.8,439045345.3122344,-10075.2,1913.9,6879.6,0
2026-04-01T21:15:11.902572+00:00,355.21,7.45,355.21,7.45,-88.8,439045345.3122344,-10077.2,1917.1,6881.0,0
2026-04-01T21:15:12.330050+00:00,355.19,7.42,355.19,7.42,-88.8,439035267.1937122,-10078.7,1920.1,6882.2,0
2026-04-01T21:15:12.750956+00:00,355.17,7.39,355.17,7.39,-88.8,439025186.95037264,-10080.0,1922.6,6883.2,0
2026-04-01T21:15:13.159684+00:00,355.15,7.34,355.15,7.34,-88.8,439025186.95037264,-10081.9,1925.8,6884.5,0
2026-04-01T21:15:13.582528+00:00,355.13,7.31,355.13,7.31,-88.8,439015104.0911307,-10083.4,1928.7,6885.7,0
2026-04-01T21:15:14.006564+00:00,355.11,7.28,355.11,7.28,-88.8,439005019.1681861,-10084.7,1931.2,6886.7,0
2026-04-01T21:15:14.410540+00:00,355.09,7.24,355.09,7.24,-88.8,439005019.1681861,-10086.6,1934.4,6888.0,0
2026-04-01T21:15:14.834991+00:00,355.07,7.20,355.07,7.2,-88.8,438994931.68332213,-10088.1,1937.3,6889.2,0
2026-04-01T21:15:15.258737+00:00,355.05,7.17,355.05,7.17,-88.8,438984842.1551042,-10089.3,1939.8,6890.2,0
2026-04-01T21:15:15.662522+00:00,355.03,7.13,355.03,7.13,-88.8,438984842.1551042,-10091.1,1943.0,6891.5,0
2026-04-01T21:15:16.091965+00:00,355.00,7.09,355.0,7.09,-88.8,438974750.12895155,-10092.6,1945.9,6892.6,0
2026-04-01T21:15:16.514530+00:00,354.99,7.06,354.99,7.06,-88.8,438964656.09694755,-10093.8,1948.5,6893.6,0
2026-04-01T21:15:16.919174+00:00,354.96,7.02,354.96,7.02,-88.8,438964656.09694755,-10095.6,1951.7,6894.8,0
2026-04-01T21:15:17.346374+00:00,354.94,6.99,354.94,6.99,-88.8,438954559.5973801,-10097.1,1954.6,6896.0,0
2026-04-01T21:15:17.766530+00:00,354.93,6.95,354.93,6.95,-88.8,438944461.135177,-10098.2,1957.1,6896.9,0
2026-04-01T21:15:18.170537+00:00,354.90,6.92,354.9,6.92,-88.8,438944461.135177,-10100.0,1960.3,6898.2,0
2026-04-01T21:15:18.598598+00:00,354.88,6.88,354.88,6.88,-88.8,438934360.26937723,-10101.4,1963.2,6899.3,0
2026-04-01T21:15:19.022529+00:00,354.86,6.85,354.86,6.85,-88.8,438924257.4755699,-10102.6,1965.8,6900.2,0
2026-04-01T21:15:19.426543+00:00,354.84,6.81,354.84,6.81,-88.8,438924257.4755699,-10104.3,1969.0,6901.4,0
2026-04-01T21:15:19.850557+00:00,354.82,6.77,354.82,6.77,-88.8,438914152.3092376,-10105.7,1971.9,6902.5,0
2026-04-01T21:15:20.279127+00:00,354.80,6.74,354.8,6.74,-88.8,438904045.253809,-10106.8,1974.4,6903.4,0
2026-04-01T21:15:20.683649+00:00,354.78,6.70,354.78,6.7,-88.8,438904045.253809,-10108.5,1977.6,6904.6,0
2026-04-01T21:15:21.106545+00:00,354.76,6.67,354.76,6.67,-88.8,438893935.86621416,-10109.9,1980.6,6905.7,0
2026-04-01T21:15:21.531564+00:00,354.75,6.64,354.75,6.64,-88.8,438883824.6455834,-10111.0,1983.1,6906.6,0
2026-04-01T21:15:21.939239+00:00,354.72,6.60,354.72,6.6,-88.8,438883824.6455834,-10112.7,1986.3,6907.8,0
2026-04-01T21:15:22.371363+00:00,354.70,6.56,354.7,6.56,-88.8,438873711.1245595,-10114.0,1989.3,6908.8,0
2026-04-01T21:15:22.790545+00:00,354.69,6.53,354.69,6.53,-88.8,438863595.79295516,-10115.1,1991.8,6909.7,0
2026-04-01T21:15:23.194717+00:00,354.66,6.49,354.66,6.49,-88.8,438863595.79295516,-10116.8,1995.0,6910.9,0
2026-04-01T21:15:23.618531+00:00,354.64,6.46,354.64,6.46,-88.8,438853478.21917266,-10118.1,1997.9,6911.9,0
2026-04-01T21:15:24.042527+00:00,354.63,6.43,354.63,6.43,-88.8,438843358.8658367,-10119.1,2000.5,6912.8,0
2026-04-01T21:15:24.451657+00:00,354.61,6.39,354.61,6.39,-88.8,438843358.8658367,-10120.8,2003.7,6913.9,0
2026-04-01T21:15:24.874547+00:00,354.59,6.36,354.59,6.36,-88.8,438833237.3142331,-10122.0,2006.6,6914.9,0
2026-04-01T21:15:25.298581+00:00,354.57,6.33,354.57,6.33,-88.8,438823114.0355393,-10123.0,2009.1,6915.8,0
2026-04-01T21:15:25.702801+00:00,354.55,6.29,354.55,6.29,-88.8,438823114.0355393,-10124.7,2012.3,6916.9,0
2026-04-01T21:15:26.126528+00:00,354.53,6.25,354.53,6.25,-88.8,438812988.6024801,-10125.9,2015.3,6917.9,0
2026-04-01T21:15:26.550529+00:00,354.51,6.22,354.51,6.22,-88.8,438802861.4747729,-10126.9,2017.8,6918.7,0
2026-04-01T21:15:26.954530+00:00,354.49,6.19,354.49,6.19,-88.8,438802861.4747729,-10128.5,2021.0,6919.8,0
2026-04-01T21:15:27.384367+00:00,354.47,6.15,354.47,6.15,-88.8,438792732.23659503,-10129.7,2023.9,6920.8,0
2026-04-01T21:15:27.807171+00:00,354.46,6.12,354.46,6.12,-88.8,438782601.32191145,-10130.7,2026.5,6921.7,0
2026-04-01T21:15:28.210526+00:00,354.44,6.08,354.44,6.08,-88.8,438782601.32191145,-10132.2,2029.7,6922.7,0
2026-04-01T21:15:28.634538+00:00,354.42,6.05,354.42,6.05,-88.8,438772468.33850133,-10133.4,2032.6,6923.7,0
2026-04-01T21:15:29.058578+00:00,354.40,6.02,354.4,6.02,-88.8,438762333.7131603,-10134.4,2035.2,6924.5,0
2026-04-01T21:15:29.466528+00:00,354.38,5.98,354.38,5.98,-88.8,438762333.7131603,-10135.9,2038.4,6925.6,0
2026-04-01T21:15:29.891048+00:00,354.36,5.95,354.36,5.95,-88.8,438752197.05868566,-10137.1,2041.3,6926.5,0
2026-04-01T21:15:30.314537+00:00,354.35,5.92,354.35,5.92,-88.8,438742058.8082822,-10138.0,2043.8,6927.3,0
2026-04-01T21:15:30.718705+00:00,354.32,5.88,354.32,5.88,-88.8,438742058.8082822,-10139.5,2047.0,6928.3,0
2026-04-01T21:15:31.142541+00:00,354.31,5.85,354.31,5.85,-88.8,438731918.56833065,-10140.7,2050.0,6929.3,0
2026-04-01T21:15:31.566539+00:00,354.29,5.82,354.29,5.82,-88.8,438721776.7655819,-10141.6,2052.5,6930.1,0
2026-04-01T21:15:31.970534+00:00,354.27,5.78,354.27,5.78,-88.8,438721776.7655819,-10143.1,2055.7,6931.1,0
2026-04-01T21:15:32.403086+00:00,354.25,5.75,354.25,5.75,-88.8,438711633.01357824,-10144.2,2058.7,6932.0,0
2026-04-01T21:15:32.823085+00:00,354.24,5.72,354.24,5.72,-88.8,438701487.7176118,-10145.1,2061.2,6932.8,0
2026-04-01T21:15:33.232065+00:00,354.22,5.68,354.22,5.68,-88.8,438701487.7176118,-10146.5,2064.5,6933.8,0
2026-04-01T21:15:33.659879+00:00,354.20,5.65,354.2,5.65,-88.8,438691340.4933851,-10147.6,2067.4,6934.7,0
2026-04-01T21:15:34.087902+00:00,354.18,5.62,354.18,5.62,-88.8,438681191.7618893,-10148.5,2069.9,6935.4,0
2026-04-01T21:15:34.495675+00:00,354.16,5.58,354.16,5.58,-88.8,438681191.7618893,-10149.9,2073.2,6936.4,0
2026-04-01T21:15:34.918610+00:00,354.14,5.55,354.14,5.55,-88.8,438671041.13026834,-10151.0,2076.2,6937.3,0
2026-04-01T21:15:35.342601+00:00,354.13,5.52,354.13,5.52,-88.8,438660889.0223499,-10151.9,2078.7,6938.1,0
2026-04-01T21:15:35.746947+00:00,354.11,5.48,354.11,5.48,-88.8,438660889.0223499,-10153.3,2081.9,6939.0,0
2026-04-01T21:15:36.175664+00:00,354.09,5.45,354.09,5.45,-88.8,438650735.0903051,-10154.3,2084.9,6939.9,0
2026-04-01T21:15:36.598541+00:00,354.08,5.42,354.08,5.42,-88.8,438640579.7093545,-10155.1,2087.4,6940.6,0
2026-04-01T21:15:37.002527+00:00,354.06,5.39,354.06,5.39,-88.8,438640579.7093545,-10156.5,2090.6,6941.6,0
2026-04-01T21:15:37.435706+00:00,354.04,5.35,354.04,5.35,-88.8,438630422.53168356,-10157.5,2093.6,6942.4,0
2026-04-01T21:15:37.855278+00:00,354.02,5.33,354.02,5.33,-88.8,438620263.9339224,-10158.4,2096.1,6943.1,0
2026-04-01T21:15:38.258744+00:00,354.00,5.29,354.0,5.29,-88.8,438620263.9339224,-10159.7,2099.3,6944.1,0
2026-04-01T21:15:38.682530+00:00,353.99,5.26,353.99,5.26,-88.8,438610103.5747002,-10160.7,2102.3,6944.9,0
2026-04-01T21:15:39.106526+00:00,353.97,5.23,353.97,5.23,-88.8,438599941.837771,-10161.5,2104.8,6945.6,0
2026-04-01T21:15:39.510564+00:00,353.95,5.19,353.95,5.19,-88.8,438599941.837771,-10162.8,2108.0,6946.5,0
2026-04-01T21:15:39.934553+00:00,353.93,5.16,353.93,5.16,-88.8,438589778.376062,-10163.8,2111.0,6947.3,0
2026-04-01T21:15:40.359205+00:00,353.92,5.13,353.92,5.13,-88.8,438579613.55401975,-10164.6,2113.5,6948.0,0
2026-04-01T21:15:40.767938+00:00,353.90,5.10,353.9,5.1,-88.8,438579613.55401975,-10165.9,2116.8,6948.9,0
2026-04-01T21:15:41.190580+00:00,353.88,5.06,353.88,5.06,-88.8,438569447.03815854,-10166.8,2119.7,6949.7,0
2026-04-01T21:15:41.614536+00:00,353.87,5.04,353.87,5.04,-88.8,438559279.2057635,-10167.6,2122.2,6950.4,0
2026-04-01T21:15:42.018544+00:00,353.85,5.00,353.85,5.0,-88.8,438559279.2057635,-10168.9,2125.5,6951.3,0
2026-04-01T21:15:42.442548+00:00,353.83,4.97,353.83,4.97,-88.8,438549109.71907574,-10169.8,2128.4,6952.1,0
2026-04-01T21:15:42.866602+00:00,353.82,4.94,353.82,4.94,-88.8,438538938.9403603,-10170.5,2130.9,6952.8,0
2026-04-01T21:15:43.270547+00:00,353.80,4.91,353.8,4.91,-88.8,438538938.9403603,-10171.8,2134.2,6953.6,0
2026-04-01T21:15:43.694536+00:00,353.78,4.87,353.78,4.87,-88.8,438528766.5411576,-10172.7,2137.1,6954.4,0
2026-04-01T21:15:44.118552+00:00,353.77,4.85,353.77,4.85,-88.8,438518592.86657184,-10173.4,2139.7,6955.1,0
2026-04-01T21:15:44.522531+00:00,353.75,4.81,353.75,4.81,-88.8,438518592.86657184,-10174.7,2142.9,6955.9,0
2026-04-01T21:15:44.953269+00:00,353.73,4.78,353.73,4.78,-88.8,438508417.61672664,-10175.5,2145.9,6956.7,0
2026-04-01T21:15:45.378531+00:00,353.72,4.75,353.72,4.75,-88.8,438498241.1088528,-10176.3,2148.4,6957.3,0
2026-04-01T21:15:45.783012+00:00,353.70,4.72,353.7,4.72,-88.8,438498241.1088528,-10177.5,2151.6,6958.1,0
2026-04-01T21:15:46.206839+00:00,353.68,4.68,353.68,4.68,-88.8,438488063.0466577,-10178.3,2154.6,6958.9,0
2026-04-01T21:15:46.630553+00:00,353.67,4.66,353.67,4.66,-88.8,438477883.76592463,-10179.0,2157.2,6959.5,0
2026-04-01T21:15:47.034533+00:00,353.65,4.62,353.65,4.62,-88.8,438477883.76592463,-10180.2,2160.4,6960.3,0
2026-04-01T21:15:47.458543+00:00,353.64,4.59,353.64,4.59,-88.8,438467702.97537124,-10181.1,2163.3,6961.1,0
2026-04-01T21:15:47.882558+00:00,353.62,4.56,353.62,4.56,-88.8,438457520.9914802,-10181.7,2165.9,6961.7,0
2026-04-01T21:15:48.292420+00:00,353.60,4.53,353.6,4.53,-88.8,438457520.9914802,-10182.9,2169.1,6962.5,0
2026-04-01T21:15:48.714531+00:00,353.59,4.50,353.59,4.5,-88.8,438447337.51512545,-10183.7,2172.1,6963.2,0
2026-04-01T21:15:49.138529+00:00,353.57,4.47,353.57,4.47,-88.8,438437152.8870538,-10184.4,2174.6,6963.8,0
2026-04-01T21:15:49.542540+00:00,353.56,4.44,353.56,4.44,-88.8,438437152.8870538,-10185.5,2177.8,6964.6,0
2026-04-01T21:15:49.966529+00:00,353.54,4.41,353.54,4.41,-88.8,438426966.8031514,-10186.3,2180.8,6965.3,0
2026-04-01T21:15:50.396176+00:00,353.53,4.38,353.53,4.38,-88.8,438416779.58772296,-10187.0,2183.3,6965.9,0
2026-04-01T21:15:50.802566+00:00,353.51,4.34,353.51,4.34,-88.8,438416779.58772296,-10188.1,2186.6,6966.7,0
2026-04-01T21:15:51.225591+00:00,353.49,4.31,353.49,4.31,-88.8,438406590.9295268,-10188.9,2189.5,6967.4,0
2026-04-01T21:15:51.650524+00:00,353.48,4.29,353.48,4.29,-88.8,438396401.1657045,-10189.5,2192.1,6968.0,0
2026-04-01T21:15:52.054596+00:00,353.46,4.25,353.46,4.25,-88.8,438396401.1657045,-10190.6,2195.3,6968.7,0
2026-04-01T21:15:52.482376+00:00,353.44,4.22,353.44,4.22,-88.8,438386210.00930405,-10191.4,2198.3,6969.4,0
2026-04-01T21:15:52.902541+00:00,353.43,4.19,353.43,4.19,-88.8,438376017.76317525,-10192.0,2200.8,6970.0,0
2026-04-01T21:15:53.312225+00:00,353.41,4.16,353.41,4.16,-88.8,438376017.76317525,-10193.1,2204.1,6970.8,0
2026-04-01T21:15:53.735679+00:00,353.40,4.13,353.4,4.13,-88.8,438365824.1510884,-10193.8,2207.0,6971.4,0
2026-04-01T21:15:54.158531+00:00,353.38,4.10,353.38,4.1,-88.8,438355629.48801506,-10194.4,2209.6,6972.0,0
2026-04-01T21:15:54.562543+00:00,353.37,4.07,353.37,4.07,-88.8,438355629.48801506,-10195.5,2212.8,6972.7,0
2026-04-01T21:15:54.986525+00:00,353.35,4.04,353.35,4.04,-88.8,438345433.49273795,-10196.2,2215.8,6973.4,0
2026-04-01T21:15:55.411563+00:00,353.34,4.01,353.34,4.01,-88.8,438335236.46664655,-10196.8,2218.3,6973.9,0
2026-04-01T21:15:55.819377+00:00,353.32,3.98,353.32,3.98,-88.8,438335236.46664655,-10197.8,2221.6,6974.6,0
2026-04-01T21:15:56.247755+00:00,353.31,3.95,353.31,3.95,-88.8,438325038.1271075,-10198.5,2224.5,6975.3,0
2026-04-01T21:15:56.675595+00:00,353.29,3.92,353.29,3.92,-88.8,438314838.7647864,-10199.1,2227.1,6975.9,0
2026-04-01T21:15:57.078536+00:00,353.28,3.89,353.28,3.89,-88.8,438314838.7647864,-10200.2,2230.4,6976.6,0
2026-04-01T21:15:57.506138+00:00,353.26,3.86,353.26,3.86,-88.8,438304638.1299017,-10200.8,2233.3,6977.2,0
2026-04-01T21:15:57.926550+00:00,353.25,3.83,353.25,3.83,-88.8,438294436.5038221,-10201.4,2235.9,6977.7,0
2026-04-01T21:15:58.334544+00:00,353.23,3.80,353.23,3.8,-88.8,438294436.5038221,-10202.4,2239.1,6978.4,0
2026-04-01T21:15:58.759426+00:00,353.22,3.77,353.22,3.77,-88.8,438284233.63392013,-10203.1,2242.1,6979.0,0
2026-04-01T21:15:59.182554+00:00,353.20,3.74,353.2,3.74,-88.8,438274029.80440485,-10203.6,2244.6,6979.6,0
2026-04-01T21:15:59.586533+00:00,353.19,3.71,353.19,3.71,-88.8,438274029.80440485,-10204.6,2247.9,6980.2,0
2026-04-01T21:16:00.010534+00:00,353.17,3.68,353.17,3.68,-88.8,438263824.7598031,-10205.2,2250.8,6980.8,0
2026-04-01T21:16:00.434538+00:00,353.16,3.66,353.16,3.66,-88.8,438253618.7785982,-10205.7,2253.4,6981.4,0
2026-04-01T21:16:00.838707+00:00,353.14,3.62,353.14,3.62,-88.8,438253618.7785982,-10206.7,2256.6,6982.0,0
2026-04-01T21:16:01.262539+00:00,353.13,3.59,353.13,3.59,-88.8,438243411.6096099,-10207.3,2259.6,6982.6,0
2026-04-01T21:16:01.686583+00:00,353.11,3.57,353.11,3.57,-88.8,438233203.5198864,-10207.9,2262.1,6983.1,0
2026-04-01T21:16:02.095881+00:00,353.10,3.54,353.1,3.54,-88.8,438233203.5198864,-10208.8,2265.4,6983.8,0
2026-04-01T21:16:02.528646+00:00,353.08,3.51,353.08,3.51,-88.8,438222994.26753694,-10209.4,2268.4,6984.4,0
2026-04-01T21:16:02.951662+00:00,353.07,3.48,353.07,3.48,-88.8,438212784.1188817,-10209.9,2270.9,6984.9,0
2026-04-01T21:16:03.359041+00:00,353.05,3.45,353.05,3.45,-88.8,438212784.1188817,-10210.9,2274.2,6985.5,0
2026-04-01T21:16:03.786415+00:00,353.04,3.42,353.04,3.42,-88.8,438202572.8220475,-10211.5,2277.2,6986.1,0
2026-04-01T21:16:04.215936+00:00,353.03,3.39,353.03,3.39,-88.8,438192360.64119977,-10211.9,2279.8,6986.6,0
2026-04-01T21:16:04.623905+00:00,353.01,3.36,353.01,3.36,-88.8,438192360.64119977,-10212.9,2283.0,6987.2,0
2026-04-01T21:16:05.051675+00:00,353.00,3.33,353.0,3.33,-88.8,438182147.34588724,-10213.4,2286.0,6987.8,0
2026-04-01T21:16:05.474528+00:00,352.98,3.31,352.98,3.31,-88.8,438171933.19883347,-10213.9,2288.6,6988.2,0
2026-04-01T21:16:05.878713+00:00,352.97,3.27,352.97,3.27,-88.8,438171933.19883347,-10214.8,2291.8,6988.9,0
2026-04-01T21:16:06.302548+00:00,352.95,3.24,352.95,3.24,-88.8,438161717.97387755,-10215.4,2294.8,6989.4,0
2026-04-01T21:16:06.726793+00:00,352.94,3.22,352.94,3.22,-88.8,438151501.9244508,-10215.8,2297.3,6989.9,0
2026-04-01T21:16:07.130533+00:00,352.93,3.19,352.93,3.19,-88.8,438151501.9244508,-10216.7,2300.6,6990.5,0
2026-04-01T21:16:07.554534+00:00,352.91,3.16,352.91,3.16,-88.8,438141284.8229738,-10217.2,2303.5,6991.0,0
2026-04-01T21:16:07.978538+00:00,352.90,3.13,352.9,3.13,-88.8,438131066.9107328,-10217.7,2306.1,6991.5,0
2026-04-01T21:16:08.382566+00:00,352.88,3.10,352.88,3.1,-88.8,438131066.9107328,-10218.5,2309.3,6992.1,0
2026-04-01T21:16:08.806663+00:00,352.87,3.07,352.87,3.07,-88.8,438120847.98013884,-10219.1,2312.3,6992.6,0
2026-04-01T21:16:09.231519+00:00,352.86,3.05,352.86,3.05,-88.8,438110628.25962013,-10219.5,2314.8,6993.0,0
2026-04-01T21:16:09.638543+00:00,352.84,3.02,352.84,3.02,-88.8,438110628.25962013,-10220.3,2318.1,6993.6,0
2026-04-01T21:16:10.063904+00:00,352.83,2.99,352.83,2.99,-88.8,438100407.5387415,-10220.8,2321.1,6994.1,0
2026-04-01T21:16:10.490566+00:00,352.82,2.96,352.82,2.96,-88.8,438090186.0559092,-10221.2,2323.6,6994.6,0
2026-04-01T21:16:10.894527+00:00,352.80,2.93,352.8,2.93,-88.8,438090186.0559092,-10222.1,2326.9,6995.1,0
2026-04-01T21:16:11.318829+00:00,352.79,2.90,352.79,2.9,-88.8,438079963.59142,-10222.6,2329.8,6995.6,0
2026-04-01T21:16:11.742537+00:00,352.78,2.88,352.78,2.88,-88.8,438069740.38580805,-10223.0,2332.4,6996.1,0
2026-04-01T21:16:12.146521+00:00,352.76,2.85,352.76,2.85,-88.8,438069740.38580805,-10223.8,2335.6,6996.6,0
2026-04-01T21:16:12.574381+00:00,352.75,2.82,352.75,2.82,-88.8,438059516.2300817,-10224.3,2338.6,6997.1,0
2026-04-01T21:16:12.994535+00:00,352.73,2.80,352.73,2.8,-88.8,438049291.3547728,-10224.6,2341.1,6997.5,0
2026-04-01T21:16:13.398556+00:00,352.72,2.77,352.72,2.77,-88.8,438049291.3547728,-10225.4,2344.4,6998.1,0
2026-04-01T21:16:13.822547+00:00,352.71,2.74,352.71,2.74,-88.8,438039065.55232483,-10225.9,2347.4,6998.6,0
2026-04-01T21:16:14.246703+00:00,352.69,2.71,352.69,2.71,-88.8,438028839.04184234,-10226.3,2349.9,6999.0,0
2026-04-01T21:16:14.650549+00:00,352.68,2.68,352.68,2.68,-88.8,438028839.04184234,-10227.0,2353.2,6999.5,0
2026-04-01T21:16:15.078564+00:00,352.67,2.65,352.67,2.65,-88.8,438018611.6364671,-10227.5,2356.2,7000.0,0
2026-04-01T21:16:15.503584+00:00,352.65,2.63,352.65,2.63,-88.8,438008383.5431631,-10227.9,2358.7,7000.4,0
2026-04-01T21:16:15.911288+00:00,352.64,2.60,352.64,2.6,-88.8,438008383.5431631,-10228.6,2362.0,7000.9,0
2026-04-01T21:16:16.339998+00:00,352.63,2.57,352.63,2.57,-88.8,437998154.56509197,-10229.1,2365.0,7001.4,0
2026-04-01T21:16:16.767142+00:00,352.61,2.55,352.61,2.55,-88.8,437987924.9127742,-10229.4,2367.5,7001.8,0
2026-04-01T21:16:17.175955+00:00,352.60,2.52,352.6,2.52,-88.8,437987924.9127742,-10230.2,2370.8,7002.3,0
2026-04-01T21:16:17.607053+00:00,352.59,2.49,352.59,2.49,-88.8,437977694.3986534,-10230.6,2373.8,7002.8,0
2026-04-01T21:16:18.026520+00:00,352.58,2.47,352.58,2.47,-88.8,437967463.2382321,-10230.9,2376.4,7003.2,0
2026-04-01T21:16:18.430535+00:00,352.56,2.44,352.56,2.44,-88.8,437967463.2382321,-10231.6,2379.6,7003.7,0
2026-04-01T21:16:18.854555+00:00,352.55,2.41,352.55,2.41,-88.8,437957231.24752736,-10232.1,2382.6,7004.1,0
2026-04-01T21:16:19.283808+00:00,352.54,2.38,352.54,2.38,-88.8,437946998.62704986,-10232.4,2385.2,7004.5,0
2026-04-01T21:16:19.687278+00:00,352.52,2.35,352.52,2.35,-88.8,437946998.62704986,-10233.1,2388.4,7005.0,0
2026-04-01T21:16:20.110530+00:00,352.51,2.33,352.51,2.33,-88.8,437936765.1978172,-10233.5,2391.4,7005.4,0
2026-04-01T21:16:20.534525+00:00,352.50,2.30,352.5,2.3,-88.8,437926531.16674876,-10233.8,2393.9,7005.8,0
2026-04-01T21:16:20.938574+00:00,352.48,2.27,352.48,2.27,-88.8,437926531.16674876,-10234.5,2397.2,7006.2,0
2026-04-01T21:16:21.362543+00:00,352.47,2.25,352.47,2.25,-88.8,437916296.3491624,-10234.9,2400.2,7006.7,0
2026-04-01T21:16:21.787089+00:00,352.46,2.22,352.46,2.22,-88.8,437906060.9455471,-10235.2,2402.7,7007.0,0
2026-04-01T21:16:22.190519+00:00,352.45,2.19,352.45,2.19,-88.8,437906060.9455471,-10235.8,2406.0,7007.5,0
2026-04-01T21:16:22.622392+00:00,352.43,2.17,352.43,2.17,-88.8,437895824.779787,-10236.2,2409.0,7007.9,0
2026-04-01T21:16:23.043391+00:00,352.42,2.14,352.42,2.14,-88.8,437885588.0395222,-10236.5,2411.5,7008.3,0
2026-04-01T21:16:23.451403+00:00,352.41,2.11,352.41,2.11,-88.8,437885588.0395222,-10237.2,2414.8,7008.7,0
2026-04-01T21:16:23.879352+00:00,352.39,2.09,352.39,2.09,-88.8,437875350.55292344,-10237.5,2417.8,7009.2,0
2026-04-01T21:16:24.306689+00:00,352.38,2.06,352.38,2.06,-88.8,437865112.51118684,-10237.8,2420.3,7009.5,0
2026-04-01T21:16:24.710831+00:00,352.37,2.03,352.37,2.03,-88.8,437865112.51118684,-10238.5,2423.6,7009.9,0
2026-04-01T21:16:25.134524+00:00,352.36,2.01,352.36,2.01,-88.8,437854873.7460557,-10238.8,2426.6,7010.3,0
2026-04-01T21:16:25.558524+00:00,352.35,1.98,352.35,1.98,-88.8,437844634.4480025,-10239.1,2429.1,7010.7,0
2026-04-01T21:16:25.962529+00:00,352.33,1.96,352.33,1.96,-88.8,437844634.4480025,-10239.7,2432.4,7011.1,0
2026-04-01T21:16:26.386567+00:00,352.32,1.93,352.32,1.93,-88.8,437834394.45448184,-10240.0,2435.4,7011.5,0
2026-04-01T21:16:26.810809+00:00,352.31,1.91,352.31,1.91,-88.8,437824153.9402667,-10240.3,2438.0,7011.8,0
2026-04-01T21:16:27.216522+00:00,352.30,1.88,352.3,1.88,-88.8,437824153.9402667,-10240.9,2441.2,7012.3,0
2026-04-01T21:16:27.642038+00:00,352.28,1.85,352.28,1.85,-88.8,437813912.75422823,-10241.2,2444.2,7012.7,0
2026-04-01T21:16:28.062538+00:00,352.27,1.83,352.27,1.83,-88.8,437803671.0675642,-10241.4,2446.7,7013.0,0
2026-04-01T21:16:28.470539+00:00,352.26,1.80,352.26,1.8,-88.8,437803671.0675642,-10242.0,2450.0,7013.4,0
2026-04-01T21:16:28.894529+00:00,352.25,1.77,352.25,1.77,-88.8,437793428.72701204,-10242.4,2453.0,7013.8,0
2026-04-01T21:16:29.319953+00:00,352.24,1.75,352.24,1.75,-88.8,437783185.90589947,-10242.6,2455.5,7014.1,0
2026-04-01T21:16:29.728114+00:00,352.22,1.72,352.22,1.72,-88.8,437783185.90589947,-10243.2,2458.8,7014.5,0
2026-04-01T21:16:30.151187+00:00,352.21,1.70,352.21,1.7,-88.8,437772942.4445524,-10243.5,2461.8,7014.9,0
2026-04-01T21:16:30.574551+00:00,352.20,1.67,352.2,1.67,-88.8,437762698.51628965,-10243.7,2464.4,7015.2,0
2026-04-01T21:16:30.978541+00:00,352.19,1.65,352.19,1.65,-88.8,437762698.51628965,-10244.3,2467.6,7015.6,0
2026-04-01T21:16:31.411678+00:00,352.17,1.62,352.17,1.62,-88.8,437752453.9806946,-10244.5,2470.6,7015.9,0
2026-04-01T21:16:31.834555+00:00,352.16,1.60,352.16,1.6,-88.8,437742208.98826003,-10244.8,2473.2,7016.2,0
2026-04-01T21:16:32.238558+00:00,352.15,1.57,352.15,1.57,-88.8,437742208.98826003,-10245.3,2476.4,7016.6,0
2026-04-01T21:16:32.666208+00:00,352.14,1.54,352.14,1.54,-88.8,437731963.40356606,-10245.6,2479.4,7017.0,0
2026-04-01T21:16:33.086545+00:00,352.13,1.52,352.13,1.52,-88.8,437721717.3877917,-10245.8,2481.9,7017.3,0
2026-04-01T21:16:33.490548+00:00,352.12,1.49,352.12,1.49,-88.8,437721717.3877917,-10246.3,2485.2,7017.6,0
2026-04-01T21:16:33.914545+00:00,352.10,1.47,352.1,1.47,-88.8,437711470.80053097,-10246.6,2488.2,7018.0,0
2026-04-01T21:16:34.342806+00:00,352.09,1.45,352.09,1.45,-88.8,437701223.79439896,-10246.8,2490.8,7018.3,0
2026-04-01T21:16:34.746852+00:00,352.08,1.42,352.08,1.42,-88.8,437701223.79439896,-10247.3,2494.0,7018.6,0
2026-04-01T21:16:35.175609+00:00,352.07,1.39,352.07,1.39,-88.8,437690976.2354115,-10247.6,2497.0,7019.0,0
2026-04-01T21:16:35.604990+00:00,352.06,1.37,352.06,1.37,-88.8,437680728.2740366,-10247.7,2499.6,7019.2,0
2026-04-01T21:16:36.010552+00:00,352.05,1.34,352.05,1.34,-88.8,437680728.2740366,-10248.3,2502.9,7019.6,0
2026-04-01T21:16:36.434522+00:00,352.03,1.32,352.03,1.32,-88.8,437670479.7713052,-10248.5,2505.9,7019.9,0
2026-04-01T21:16:36.858569+00:00,352.02,1.30,352.02,1.3,-88.8,437660230.88623154,-10248.6,2508.4,7020.2,0
2026-04-01T21:16:37.262523+00:00,352.01,1.27,352.01,1.27,-88.8,437660230.88623154,-10249.2,2511.7,7020.6,0
2026-04-01T21:16:37.690256+00:00,352.00,1.24,352.0,1.24,-88.8,437649981.4884057,-10249.4,2514.7,7020.9,0
2026-04-01T21:16:38.110527+00:00,351.99,1.22,351.99,1.22,-88.8,437639731.72043777,-10249.5,2517.2,7021.1,0
2026-04-01T21:16:38.514559+00:00,351.98,1.20,351.98,1.2,-88.8,437639731.72043777,-10250.0,2520.5,7021.5,0
2026-04-01T21:16:38.942540+00:00,351.96,1.17,351.96,1.17,-88.8,437629481.4619022,-10250.2,2523.5,7021.8,0
2026-04-01T21:16:39.366543+00:00,351.96,1.15,351.96,1.15,-88.8,437619230.8475603,-10250.4,2526.0,7022.1,0
2026-04-01T21:16:39.770644+00:00,351.94,1.12,351.94,1.12,-88.8,437619230.8475603,-10250.9,2529.3,7022.4,0
2026-04-01T21:16:40.194697+00:00,351.93,1.10,351.93,1.1,-88.8,437608979.7584167,-10251.1,2532.3,7022.7,0
2026-04-01T21:16:40.619184+00:00,351.92,1.08,351.92,1.08,-88.8,437598728.3292253,-10251.2,2534.9,7022.9,0
2026-04-01T21:16:41.027981+00:00,351.91,1.05,351.91,1.05,-88.8,437598728.3292253,-10251.7,2538.1,7023.3,0
2026-04-01T21:16:41.455593+00:00,351.90,1.03,351.9,1.03,-88.8,437588476.4417079,-10251.9,2541.1,7023.6,0
2026-04-01T21:16:41.882535+00:00,351.89,1.00,351.89,1.0,-88.8,437578224.2270474,-10252.0,2543.7,7023.8,0
2026-04-01T21:16:42.290640+00:00,351.88,0.98,351.88,0.98,-88.8,437578224.2270474,-10252.4,2547.0,7024.1,0
2026-04-01T21:16:42.720164+00:00,351.86,0.95,351.86,0.95,-88.8,437567971.5712464,-10252.6,2550.0,7024.4,0
2026-04-01T21:16:43.138535+00:00,351.85,0.93,351.85,0.93,-88.8,437557718.60619307,-10252.7,2552.6,7024.6,0
2026-04-01T21:16:43.542565+00:00,351.84,0.91,351.84,0.91,-88.8,437557718.60619307,-10253.2,2555.8,7025.0,0
2026-04-01T21:16:43.970539+00:00,351.83,0.88,351.83,0.88,-88.8,437547465.2250209,-10253.3,2558.8,7025.2,0
2026-04-01T21:16:44.394568+00:00,351.82,0.86,351.82,0.86,-88.8,437537211.5489204,-10253.4,2561.3,7025.5,0
2026-04-01T21:16:44.798524+00:00,351.81,0.83,351.81,0.83,-88.8,437537211.5489204,-10253.9,2564.6,7025.8,0
2026-04-01T21:16:45.222707+00:00,351.80,0.81,351.8,0.81,-88.8,437526957.4717416,-10254.0,2567.6,7026.0,0
2026-04-01T21:16:45.646527+00:00,351.79,0.79,351.79,0.79,-88.8,437516703.1182314,-10254.1,2570.1,7026.3,0
2026-04-01T21:16:46.050534+00:00,351.78,0.76,351.78,0.76,-88.8,437516703.1182314,-10254.5,2573.4,7026.5,0
2026-04-01T21:16:46.474517+00:00,351.77,0.74,351.77,0.74,-88.8,437506448.38081837,-10254.7,2576.4,7026.8,0
2026-04-01T21:16:46.903402+00:00,351.76,0.72,351.76,0.72,-88.8,437496193.377829,-10254.8,2579.0,7027.0,0
2026-04-01T21:16:47.312896+00:00,351.74,0.69,351.74,0.69,-88.8,437496193.377829,-10255.2,2582.2,7027.3,0
2026-04-01T21:16:47.744870+00:00,351.73,0.67,351.73,0.67,-88.8,437485938.0031213,-10255.3,2585.2,7027.6,0
2026-04-01T21:16:48.162521+00:00,351.72,0.65,351.72,0.65,-88.8,437475682.38000333,-10255.4,2587.8,7027.8,0
2026-04-01T21:16:48.566513+00:00,351.71,0.62,351.71,0.62,-88.8,437475682.38000333,-10255.8,2591.1,7028.1,0
2026-04-01T21:16:48.990535+00:00,351.70,0.60,351.7,0.6,-88.8,437465426.40803707,-10255.9,2594.1,7028.3,0
2026-04-01T21:16:49.414551+00:00,351.69,0.58,351.69,0.58,-88.8,437455170.19912285,-10256.0,2596.7,7028.5,0
2026-04-01T21:16:49.823710+00:00,351.68,0.56,351.68,0.56,-88.8,437455170.19912285,-10256.4,2599.9,7028.8,0
2026-04-01T21:16:50.247280+00:00,351.67,0.53,351.67,0.53,-88.8,437444913.6578141,-10256.5,2602.9,7029.0,0
2026-04-01T21:16:50.670537+00:00,351.66,0.51,351.66,0.51,-88.8,437434656.89814234,-10256.5,2605.5,7029.2,0
2026-04-01T21:16:51.075177+00:00,351.65,0.49,351.65,0.49,-88.8,437434656.89814234,-10256.9,2608.7,7029.5,0
2026-04-01T21:16:51.498531+00:00,351.64,0.47,351.64,0.47,-88.8,437424399.8232391,-10257.0,2611.7,7029.7,0
2026-04-01T21:16:51.922639+00:00,351.63,0.45,351.63,0.45,-88.8,437414142.5400049,-10257.0,2614.3,7029.9,0
2026-04-01T21:16:52.327385+00:00,351.62,0.42,351.62,0.42,-88.8,437414142.5400049,-10257.4,2617.5,7030.2,0
2026-04-01T21:16:52.759783+00:00,351.61,0.40,351.61,0.4,-88.8,437403884.96154916,-10257.5,2620.5,7030.4,0
2026-04-01T21:16:53.179599+00:00,351.60,0.38,351.6,0.38,-88.8,437393627.1890667,-10257.5,2623.1,7030.6,0
2026-04-01T21:16:53.582521+00:00,351.59,0.35,351.59,0.35,-88.8,437393627.1890667,-10257.9,2626.4,7030.8,0
2026-04-01T21:16:54.006569+00:00,351.58,0.33,351.58,0.33,-88.8,437383369.13567,-10258.0,2629.4,7031.0,0
2026-04-01T21:16:54.434547+00:00,351.57,0.31,351.57,0.31,-88.8,437373110.90041095,-10258.0,2631.9,7031.2,0
2026-04-01T21:16:54.838816+00:00,351.55,0.29,351.55,0.29,-88.8,437373110.90041095,-10258.3,2635.2,7031.5,0
2026-04-01T21:16:55.262552+00:00,351.54,0.26,351.54,0.26,-88.8,437362852.4006794,-10258.4,2638.2,7031.7,0
2026-04-01T21:16:55.686545+00:00,351.54,0.25,351.54,0.25,-88.8,437352593.7362339,-10258.4,2640.7,7031.9,0
2026-04-01T21:16:56.090541+00:00,351.52,0.22,351.52,0.22,-88.8,437352593.7362339,-10258.8,2644.0,7032.1,0
2026-04-01T21:16:56.514565+00:00,351.51,0.20,351.51,0.2,-88.8,437342334.8230423,-10258.8,2647.0,7032.3,0
2026-04-01T21:16:56.938540+00:00,351.51,0.18,351.51,0.18,-88.8,437332075.7551588,-10258.8,2649.5,7032.5,0
2026-04-01T21:16:57.342546+00:00,351.49,0.16,351.49,0.16,-88.8,437332075.7551588,-10259.1,2652.8,7032.7,0
2026-04-01T21:16:57.770055+00:00,351.48,0.13,351.48,0.13,-88.8,437321816.4578144,-10259.2,2655.8,7032.9,0
2026-04-01T21:16:58.190530+00:00,351.47,0.12,351.47,0.12,-88.8,437311557.01864696,-10259.2,2658.4,7033.0,0
2026-04-01T21:16:58.599955+00:00,351.46,0.09,351.46,0.09,-88.8,437311557.01864696,-10259.5,2661.6,7033.3,0
2026-04-01T21:16:59.028008+00:00,351.45,0.07,351.45,0.07,-88.8,437301297.36217785,-10259.5,2664.6,7033.4,0
2026-04-01T21:16:59.455182+00:00,351.44,0.05,351.44,0.05,-88.8,437291037.57532775,-10259.5,2667.2,7033.6,0
2026-04-01T21:16:59.864149+00:00,351.43,0.03,351.43,0.03,-88.8,437291037.57532775,-10259.8,2670.5,7033.8,0
2026-04-01T21:17:00.286561+00:00,351.42,0.01,351.42,0.01,-88.8,437280777.58475745,-10259.9,2673.5,7034.0,0
