t,az_cmd,el_cmd,az_act,el_act,rssi,freq_hz,doppler_hz,range_km,range_rate,packets
2026-04-09T11:18:20.716991+00:00,11.48,1.91,11.48,1.91,-91.7,437010859.6588244,10859.7,1797.8,-7450.0,0
2026-04-09T11:18:21.042960+00:00,11.48,1.93,11.48,1.93,-91.7,437010859.6588244,10859.5,1795.1,-7449.9,0
2026-04-09T11:18:21.364866+00:00,11.48,1.95,11.48,1.95,-92.7,437010859.6588244,10859.4,1792.7,-7449.8,0
2026-04-09T11:18:21.708943+00:00,11.47,1.97,11.47,1.97,-91.7,437010859.6588244,10859.2,1790.3,-7449.7,0
2026-04-09T11:18:22.033839+00:00,11.47,2.00,11.47,2.0,-88.7,437010859.6588244,10859.1,1787.7,-7449.6,0
2026-04-09T11:18:22.362268+00:00,11.47,2.02,11.47,2.02,-90.7,437010859.6588244,10858.9,1785.3,-7449.5,0
2026-04-09T11:18:22.709015+00:00,11.46,2.04,11.46,2.04,-90.7,437010859.6588244,10858.8,1782.8,-7449.4,0
2026-04-09T11:18:23.033743+00:00,11.46,2.07,11.46,2.07,-91.7,437010859.6588244,10858.6,1780.3,-7449.3,0
2026-04-09T11:18:23.357925+00:00,11.46,2.09,11.46,2.09,-89.7,437010859.6588244,10858.4,1777.8,-7449.1,0
2026-04-09T11:18:23.682303+00:00,11.45,2.11,11.45,2.11,-92.7,437010859.6588244,10858.3,1775.4,-7449.0,0
2026-04-09T11:18:24.030331+00:00,11.45,2.13,11.45,2.13,-95.7,437010859.6588244,10858.1,1772.8,-7448.9,0
2026-04-09T11:18:24.358798+00:00,11.45,2.16,11.45,2.16,-94.7,437010859.6588244,10857.9,1770.4,-7448.8,0
2026-04-09T11:18:24.682317+00:00,11.44,2.18,11.44,2.18,-89.7,437010859.6588244,10857.8,1768.0,-7448.7,0
2026-04-09T11:18:25.029779+00:00,11.44,2.20,11.44,2.2,-91.7,437010859.6588244,10857.6,1765.5,-7448.6,0
2026-04-09T11:18:25.354066+00:00,11.44,2.23,11.44,2.23,-89.7,437010859.6588244,10857.4,1763.0,-7448.5,0
2026-04-09T11:18:25.683368+00:00,11.43,2.25,11.43,2.25,-89.7,437010859.6588244,10857.3,1760.5,-7448.3,0
2026-04-09T11:18:26.025742+00:00,11.43,2.27,11.43,2.27,-93.7,437010859.6588244,10857.1,1758.1,-7448.2,0
2026-04-09T11:18:26.356695+00:00,11.43,2.30,11.43,2.3,-86.7,437010859.6588244,10856.9,1755.5,-7448.1,0
2026-04-09T11:18:26.678278+00:00,11.42,2.32,11.42,2.32,-91.7,437010859.6588244,10856.7,1753.1,-7448.0,0
2026-04-09T11:18:27.006445+00:00,11.42,2.34,11.42,2.34,-90.7,437010859.6588244,10856.5,1750.7,-7447.8,0
2026-04-09T11:18:27.349929+00:00,11.42,2.37,11.42,2.37,-94.7,437010859.6588244,10856.3,1748.1,-7447.7,0
2026-04-09T11:18:27.678294+00:00,11.41,2.39,11.41,2.39,-88.7,437010859.6588244,10856.1,1745.7,-7447.6,0
2026-04-09T11:18:28.001953+00:00,11.41,2.41,11.41,2.41,-88.7,437010859.6588244,10855.9,1743.2,-7447.4,0
2026-04-09T11:18:28.350022+00:00,11.41,2.43,11.41,2.43,-90.7,437010859.6588244,10855.8,1740.8,-7447.3,0
2026-04-09T11:18:28.674287+00:00,11.40,2.46,11.4,2.46,-91.7,437010859.6588244,10855.5,1738.2,-7447.2,0
2026-04-09T11:18:29.002011+00:00,11.40,2.48,11.4,2.48,-88.7,437010859.6588244,10855.4,1735.8,-7447.0,0
2026-04-09T11:18:29.328611+00:00,11.40,2.51,11.4,2.51,-90.7,437010859.6588244,10855.1,1733.4,-7446.9,0
2026-04-09T11:18:29.674351+00:00,11.39,2.53,11.39,2.53,-89.7,437010859.6588244,10854.9,1730.8,-7446.7,0
2026-04-09T11:18:29.997739+00:00,11.39,2.55,11.39,2.55,-94.7,437010859.6588244,10854.7,1728.4,-7446.6,0
2026-04-09T11:18:30.325741+00:00,11.38,2.58,11.38,2.58,-92.7,437010859.6588244,10854.5,1725.9,-7446.5,0
2026-04-09T11:18:30.670258+00:00,11.38,2.60,11.38,2.6,-89.7,437010859.6588244,10854.3,1723.5,-7446.3,0
2026-04-09T11:18:30.997892+00:00,11.38,2.63,11.38,2.63,-90.7,437010859.6588244,10854.1,1720.9,-7446.2,0
2026-04-09T11:18:31.325787+00:00,11.37,2.65,11.37,2.65,-88.7,437010859.6588244,10853.9,1718.5,-7446.0,0
2026-04-09T11:18:31.653401+00:00,11.37,2.67,11.37,2.67,-95.7,437010859.6588244,10853.7,1716.1,-7445.9,0
2026-04-09T11:18:31.996961+00:00,11.37,2.70,11.37,2.7,-91.7,437010859.6588244,10853.4,1713.5,-7445.7,0
2026-04-09T11:18:32.320860+00:00,11.36,2.72,11.36,2.72,-90.7,437010859.6588244,10853.2,1711.1,-7445.5,0
2026-04-09T11:18:32.641020+00:00,11.36,2.74,11.36,2.74,-92.7,437010859.6588244,10853.0,1708.7,-7445.4,0
2026-04-09T11:18:32.990015+00:00,11.36,2.77,11.36,2.77,-92.7,437010859.6588244,10852.7,1706.2,-7445.2,0
2026-04-09T11:18:33.308904+00:00,11.35,2.79,11.35,2.79,-88.7,437010859.6588244,10852.5,1703.7,-7445.1,0
2026-04-09T11:18:33.632838+00:00,11.35,2.82,11.35,2.82,-91.7,437010859.6588244,10852.3,1701.3,-7444.9,0
2026-04-09T11:18:33.956882+00:00,11.34,2.84,11.34,2.84,-92.7,437010859.6588244,10852.0,1698.9,-7444.8,0
2026-04-09T11:18:34.300937+00:00,11.34,2.87,11.34,2.87,-89.7,437010859.6588244,10851.8,1696.3,-7444.6,0
2026-04-09T11:18:34.624836+00:00,11.34,2.89,11.34,2.89,-90.7,437010859.6588244,10851.5,1693.9,-7444.4,0
2026-04-09T11:18:34.948902+00:00,11.33,2.91,11.33,2.91,-88.7,437010859.6588244,10851.3,1691.5,-7444.2,0
2026-04-09T11:18:35.292893+00:00,11.33,2.94,11.33,2.94,-90.7,437010859.6588244,10851.0,1689.1,-7444.1,0
2026-04-09T11:18:35.616831+00:00,11.33,2.96,11.33,2.96,-93.7,437010859.6588244,10850.8,1686.5,-7443.9,0
2026-04-09T11:18:35.940958+00:00,11.32,2.99,11.32,2.99,-88.7,437010859.6588244,10850.5,1684.1,-7443.7,0
2026-04-09T11:18:36.265200+00:00,11.32,3.01,11.32,3.01,-90.7,437010859.6588244,10850.3,1681.7,-7443.5,0
2026-04-09T11:18:36.609959+00:00,11.31,3.04,11.31,3.04,-89.7,437010859.6588244,10850.0,1679.2,-7443.4,0
2026-04-09T11:18:36.930674+00:00,11.31,3.06,11.31,3.06,-86.7,437010859.6588244,10849.7,1676.7,-7443.2,0
2026-04-09T11:18:37.258001+00:00,11.31,3.09,11.31,3.09,-91.7,437010859.6588244,10849.5,1674.3,-7443.0,0
2026-04-09T11:18:37.607968+00:00,11.30,3.11,11.3,3.11,-88.7,437010859.6588244,10849.2,1671.9,-7442.8,0
2026-04-09T11:18:37.930258+00:00,11.30,3.14,11.3,3.14,-91.7,437010859.6588244,10848.9,1669.3,-7442.6,0
2026-04-09T11:18:38.254358+00:00,11.30,3.16,11.3,3.16,-90.7,437010859.6588244,10848.7,1666.9,-7442.4,0
2026-04-09T11:18:38.582238+00:00,11.29,3.19,11.29,3.19,-91.7,437010859.6588244,10848.4,1664.5,-7442.2,0
2026-04-09T11:18:38.925959+00:00,11.29,3.21,11.29,3.21,-95.7,437010859.6588244,10848.1,1661.9,-7442.0,0
2026-04-09T11:18:39.254293+00:00,11.28,3.24,11.28,3.24,-90.7,437010859.6588244,10847.8,1659.5,-7441.9,0
2026-04-09T11:18:39.577944+00:00,11.28,3.26,11.28,3.26,-91.7,437010859.6588244,10847.5,1657.0,-7441.7,0
2026-04-09T11:18:39.926110+00:00,11.28,3.29,11.28,3.29,-89.7,437010859.6588244,10847.2,1654.6,-7441.5,0
2026-04-09T11:18:40.250331+00:00,11.27,3.31,11.27,3.31,-91.7,437010859.6588244,10846.9,1652.0,-7441.2,0
2026-04-09T11:18:40.577972+00:00,11.27,3.34,11.27,3.34,-92.7,437010859.6588244,10846.6,1649.6,-7441.0,0
2026-04-09T11:18:40.902330+00:00,11.26,3.36,11.26,3.36,-90.7,437010859.6588244,10846.3,1647.2,-7440.8,0
2026-04-09T11:18:41.250763+00:00,11.26,3.39,11.26,3.39,-88.7,437010859.6588244,10846.0,1644.6,-7440.6,0
2026-04-09T11:18:41.573928+00:00,11.26,3.42,11.26,3.42,-91.7,437010859.6588244,10845.7,1642.2,-7440.4,0
2026-04-09T11:18:41.902755+00:00,11.25,3.44,11.25,3.44,-91.7,437010859.6588244,10845.4,1639.8,-7440.2,0
2026-04-09T11:18:42.246083+00:00,11.25,3.47,11.25,3.47,-91.7,437010859.6588244,10845.1,1637.2,-7440.0,0
2026-04-09T11:18:42.574997+00:00,11.24,3.49,11.24,3.49,-88.7,437010859.6588244,10844.8,1634.8,-7439.8,0
2026-04-09T11:18:42.897782+00:00,11.24,3.52,11.24,3.52,-93.7,437010859.6588244,10844.5,1632.4,-7439.6,0
2026-04-09T11:18:43.246325+00:00,11.24,3.54,11.24,3.54,-92.7,437010859.6588244,10844.1,1629.9,-7439.3,0
2026-04-09T11:18:43.569896+00:00,11.23,3.57,11.23,3.57,-91.7,437010859.6588244,10843.8,1627.3,-7439.1,0
2026-04-09T11:18:43.897735+00:00,11.23,3.60,11.23,3.6,-91.7,437010859.6588244,10843.5,1624.9,-7438.9,0
2026-04-09T11:18:44.222421+00:00,11.22,3.62,11.22,3.62,-93.7,437010859.6588244,10843.1,1622.5,-7438.7,0
2026-04-09T11:18:44.570305+00:00,11.22,3.65,11.22,3.65,-92.7,437010859.6588244,10842.8,1619.9,-7438.4,0
2026-04-09T11:18:44.893933+00:00,11.21,3.67,11.21,3.67,-91.7,437010859.6588244,10842.5,1617.5,-7438.2,0
2026-04-09T11:18:45.222718+00:00,11.21,3.70,11.21,3.7,-91.7,437010859.6588244,10842.1,1615.1,-7438.0,0
2026-04-09T11:18:45.566347+00:00,11.21,3.73,11.21,3.73,-92.7,437010859.6588244,10841.8,1612.5,-7437.7,0
2026-04-09T11:18:45.899018+00:00,11.20,3.75,11.2,3.75,-91.7,437010859.6588244,10841.4,1610.1,-7437.5,0
2026-04-09T11:18:46.221118+00:00,11.20,3.78,11.2,3.78,-91.7,437010859.6588244,10841.1,1607.6,-7437.2,0
2026-04-09T11:18:46.569747+00:00,11.19,3.81,11.19,3.81,-89.7,437010859.6588244,10840.7,1605.2,-7437.0,0
2026-04-09T11:18:46.892847+00:00,11.19,3.83,11.19,3.83,-91.7,437010859.6588244,10840.3,1602.6,-7436.7,0
2026-04-09T11:18:47.216965+00:00,11.18,3.86,11.18,3.86,-90.7,437010859.6588244,10840.0,1600.2,-7436.5,0
2026-04-09T11:18:47.540845+00:00,11.18,3.89,11.18,3.89,-89.7,437010859.6588244,10839.6,1597.8,-7436.2,0
2026-04-09T11:18:47.884838+00:00,11.18,3.91,11.18,3.91,-91.7,437010859.6588244,10839.2,1595.3,-7436.0,0
2026-04-09T11:18:48.210057+00:00,11.17,3.94,11.17,3.94,-95.7,437010859.6588244,10838.9,1592.9,-7435.7,0
2026-04-09T11:18:48.528930+00:00,11.17,3.97,11.17,3.97,-97.7,437010859.6588244,10838.5,1590.4,-7435.5,0
2026-04-09T11:18:48.873021+00:00,11.16,3.99,11.16,3.99,-89.7,437010859.6588244,10838.1,1588.0,-7435.2,0
2026-04-09T11:18:49.196854+00:00,11.16,4.02,11.16,4.02,-89.7,437010859.6588244,10837.7,1585.5,-7435.0,0
2026-04-09T11:18:49.520831+00:00,11.15,4.05,11.15,4.05,-91.7,437010859.6588244,10837.4,1583.1,-7434.7,0
2026-04-09T11:18:49.844919+00:00,11.15,4.07,11.15,4.07,-89.7,437010859.6588244,10837.0,1580.7,-7434.4,0
2026-04-09T11:18:50.188862+00:00,11.14,4.10,11.14,4.1,-91.7,437010859.6588244,10836.6,1578.1,-7434.1,0
2026-04-09T11:18:50.512832+00:00,11.14,4.13,11.14,4.13,-93.7,437010859.6588244,10836.2,1575.7,-7433.9,0
2026-04-09T11:18:50.836850+00:00,11.14,4.15,11.14,4.15,-91.7,437010859.6588244,10835.8,1573.3,-7433.6,0
2026-04-09T11:18:51.180848+00:00,11.13,4.18,11.13,4.18,-87.7,437010859.6588244,10835.4,1570.9,-7433.3,0
2026-04-09T11:18:51.505225+00:00,11.13,4.21,11.13,4.21,-91.7,437010859.6588244,10835.0,1568.4,-7433.1,0
2026-04-09T11:18:51.830251+00:00,11.12,4.23,11.12,4.23,-91.7,437010859.6588244,10834.6,1565.9,-7432.8,0
2026-04-09T11:18:52.154321+00:00,11.12,4.26,11.12,4.26,-91.7,437010859.6588244,10834.2,1563.5,-7432.5,0
2026-04-09T11:18:52.501747+00:00,11.11,4.29,11.11,4.29,-90.7,437010859.6588244,10833.7,1560.9,-7432.2,0
2026-04-09T11:18:52.825549+00:00,11.11,4.32,11.11,4.32,-94.7,437010859.6588244,10833.3,1558.5,-7431.9,0
2026-04-09T11:18:53.155389+00:00,11.10,4.34,11.1,4.34,-90.7,437010859.6588244,10832.9,1556.1,-7431.6,0
2026-04-09T11:18:53.498050+00:00,11.10,4.37,11.1,4.37,-91.7,437010859.6588244,10832.5,1553.5,-7431.3,0
2026-04-09T11:18:53.826017+00:00,11.09,4.40,11.09,4.4,-89.7,437010859.6588244,10832.0,1551.1,-7431.0,0
2026-04-09T11:18:54.151389+00:00,11.09,4.43,11.09,4.43,-97.7,437010859.6588244,10831.6,1548.7,-7430.7,0
2026-04-09T11:18:54.498035+00:00,11.08,4.46,11.08,4.46,-92.7,437010859.6588244,10831.2,1546.3,-7430.4,0
2026-04-09T11:18:54.821561+00:00,11.08,4.48,11.08,4.48,-93.7,437010859.6588244,10830.7,1543.7,-7430.1,0
2026-04-09T11:18:55.150235+00:00,11.07,4.51,11.07,4.51,-91.7,437010859.6588244,10830.3,1541.3,-7429.8,0
2026-04-09T11:18:55.474270+00:00,11.07,4.54,11.07,4.54,-91.7,437010859.6588244,10829.8,1538.8,-7429.5,0
2026-04-09T11:18:55.821531+00:00,11.06,4.57,11.06,4.57,-91.7,437010859.6588244,10829.3,1536.3,-7429.2,0
2026-04-09T11:18:56.146337+00:00,11.06,4.60,11.06,4.6,-91.7,437010859.6588244,10828.9,1533.8,-7428.9,0
2026-04-09T11:18:56.474455+00:00,11.06,4.62,11.06,4.62,-92.7,437010859.6588244,10828.4,1531.4,-7428.6,0
2026-04-09T11:18:56.822742+00:00,11.05,4.65,11.05,4.65,-90.7,437010859.6588244,10827.9,1528.8,-7428.2,0
2026-04-09T11:18:57.146319+00:00,11.05,4.68,11.05,4.68,-90.7,437010859.6588244,10827.5,1526.4,-7427.9,0
2026-04-09T11:18:57.473848+00:00,11.04,4.71,11.04,4.71,-93.7,437010859.6588244,10827.0,1524.0,-7427.6,0
2026-04-09T11:18:57.817527+00:00,11.04,4.74,11.04,4.74,-92.7,437010859.6588244,10826.5,1521.6,-7427.3,0
2026-04-09T11:18:58.142368+00:00,11.03,4.77,11.03,4.77,-92.7,437010859.6588244,10826.0,1519.0,-7426.9,0
2026-04-09T11:18:58.469804+00:00,11.03,4.80,11.03,4.8,-89.7,437010859.6588244,10825.5,1516.6,-7426.6,0
2026-04-09T11:18:58.818555+00:00,11.02,4.82,11.02,4.82,-91.7,437010859.6588244,10825.1,1514.2,-7426.2,0
2026-04-09T11:18:59.141954+00:00,11.02,4.85,11.02,4.85,-90.7,437010859.6588244,10824.5,1511.6,-7425.9,0
2026-04-09T11:18:59.466103+00:00,11.01,4.88,11.01,4.88,-91.7,437010859.6588244,10824.0,1509.2,-7425.6,0
2026-04-09T11:18:59.794614+00:00,11.01,4.91,11.01,4.91,-92.7,437010859.6588244,10823.6,1506.8,-7425.2,0
2026-04-09T11:19:00.137963+00:00,11.00,4.94,11.0,4.94,-94.7,437010859.6588244,10823.0,1504.2,-7424.8,0
2026-04-09T11:19:00.466272+00:00,10.99,4.97,10.99,4.97,-94.7,437010859.6588244,10822.5,1501.8,-7424.5,0
2026-04-09T11:19:00.789936+00:00,10.99,5.00,10.99,5.0,-89.7,437010859.6588244,10822.0,1499.4,-7424.2,0
2026-04-09T11:19:01.138251+00:00,10.98,5.03,10.98,5.03,-89.7,437010859.6588244,10821.5,1496.9,-7423.8,0
2026-04-09T11:19:01.467326+00:00,10.98,5.06,10.98,5.06,-89.7,437010859.6588244,10820.9,1494.4,-7423.4,0
2026-04-09T11:19:01.790040+00:00,10.97,5.09,10.97,5.09,-93.7,437010859.6588244,10820.4,1492.0,-7423.1,0
2026-04-09T11:19:02.132846+00:00,10.97,5.11,10.97,5.11,-93.7,437010859.6588244,10819.9,1489.5,-7422.7,0
2026-04-09T11:19:02.457684+00:00,10.96,5.15,10.96,5.15,-89.7,437010859.6588244,10819.3,1487.0,-7422.3,0
2026-04-09T11:19:02.784188+00:00,10.96,5.17,10.96,5.17,-92.7,437010859.6588244,10818.8,1484.6,-7422.0,0
2026-04-09T11:19:03.104832+00:00,10.95,5.20,10.95,5.2,-89.7,437010859.6588244,10818.3,1482.2,-7421.6,0
2026-04-09T11:19:03.448885+00:00,10.95,5.23,10.95,5.23,-91.7,437010859.6588244,10817.7,1479.6,-7421.2,0
2026-04-09T11:19:03.773037+00:00,10.94,5.26,10.94,5.26,-89.7,437010859.6588244,10817.2,1477.2,-7420.8,0
2026-04-09T11:19:04.097968+00:00,10.94,5.29,10.94,5.29,-93.7,437010859.6588244,10816.6,1474.8,-7420.5,0
2026-04-09T11:19:04.442083+00:00,10.93,5.32,10.93,5.32,-94.7,437010859.6588244,10816.1,1472.4,-7420.1,0
2026-04-09T11:19:04.761302+00:00,10.93,5.35,10.93,5.35,-93.7,437010859.6588244,10815.5,1469.9,-7419.7,0
2026-04-09T11:19:05.084833+00:00,10.92,5.38,10.92,5.38,-89.7,437010859.6588244,10814.9,1467.5,-7419.3,0
2026-04-09T11:19:05.408882+00:00,10.92,5.41,10.92,5.41,-94.7,437010859.6588244,10814.3,1465.1,-7418.9,0
2026-04-09T11:19:05.752879+00:00,10.91,5.44,10.91,5.44,-91.7,437010859.6588244,10813.7,1462.5,-7418.5,0
2026-04-09T11:19:06.076922+00:00,10.90,5.47,10.9,5.47,-93.7,437010859.6588244,10813.2,1460.1,-7418.1,0
2026-04-09T11:19:06.401219+00:00,10.90,5.50,10.9,5.5,-93.7,437010859.6588244,10812.6,1457.7,-7417.7,0
2026-04-09T11:19:06.745004+00:00,10.89,5.53,10.89,5.53,-92.7,437010859.6588244,10812.0,1455.3,-7417.3,0
2026-04-09T11:19:07.069705+00:00,10.89,5.56,10.89,5.56,-91.7,437010859.6588244,10811.4,1452.8,-7416.9,0
2026-04-09T11:19:07.398103+00:00,10.88,5.59,10.88,5.59,-93.7,437010859.6588244,10810.8,1450.3,-7416.4,0
2026-04-09T11:19:07.742549+00:00,10.88,5.62,10.88,5.62,-93.7,437010859.6588244,10810.2,1447.9,-7416.0,0
2026-04-09T11:19:08.070296+00:00,10.87,5.65,10.87,5.65,-91.7,437010859.6588244,10809.5,1445.4,-7415.6,0
2026-04-09T11:19:08.414336+00:00,10.87,5.68,10.87,5.68,-90.7,437010809.1327308,10808.9,1442.8,-7415.1,0
2026-04-09T11:19:08.762422+00:00,10.86,5.71,10.86,5.71,-91.7,437010809.1327308,10808.3,1440.4,-7414.7,0
2026-04-09T11:19:09.086239+00:00,10.85,5.75,10.85,5.75,-93.7,437010809.1327308,10807.6,1437.8,-7414.3,0
2026-04-09T11:19:09.414797+00:00,10.85,5.78,10.85,5.78,-94.7,437010809.1327308,10807.0,1435.4,-7413.8,0
2026-04-09T11:19:09.758907+00:00,10.84,5.81,10.84,5.81,-91.7,437010809.1327308,10806.3,1433.0,-7413.4,0
2026-04-09T11:19:10.086287+00:00,10.84,5.84,10.84,5.84,-92.7,437010809.1327308,10805.7,1430.4,-7412.9,0
2026-04-09T11:19:10.410284+00:00,10.83,5.87,10.83,5.87,-93.7,437010809.1327308,10805.0,1428.0,-7412.5,0
2026-04-09T11:19:10.739679+00:00,10.82,5.90,10.82,5.9,-91.7,437010809.1327308,10804.4,1425.6,-7412.1,0
2026-04-09T11:19:11.081757+00:00,10.82,5.93,10.82,5.93,-93.7,437010809.1327308,10803.7,1423.0,-7411.6,0
2026-04-09T11:19:11.411210+00:00,10.81,5.96,10.81,5.96,-96.7,437010809.1327308,10803.0,1420.6,-7411.1,0
2026-04-09T11:19:11.734002+00:00,10.81,6.00,10.81,6.0,-91.7,437010809.1327308,10802.4,1418.2,-7410.7,0
2026-04-09T11:19:12.081707+00:00,10.80,6.03,10.8,6.03,-92.7,437010809.1327308,10801.7,1415.8,-7410.2,0
2026-04-09T11:19:12.406465+00:00,10.79,6.06,10.79,6.06,-95.7,437010809.1327308,10801.0,1413.2,-7409.7,0
2026-04-09T11:19:12.735200+00:00,10.79,6.09,10.79,6.09,-91.7,437010809.1327308,10800.3,1410.8,-7409.3,0
2026-04-09T11:19:13.058237+00:00,10.78,6.12,10.78,6.12,-89.7,437010809.1327308,10799.6,1408.4,-7408.8,0
2026-04-09T11:19:13.406022+00:00,10.78,6.16,10.78,6.16,-92.7,437010809.1327308,10798.9,1405.8,-7408.3,0
2026-04-09T11:19:13.730384+00:00,10.77,6.19,10.77,6.19,-91.7,437010809.1327308,10798.2,1403.4,-7407.8,0
2026-04-09T11:19:14.054277+00:00,10.76,6.22,10.76,6.22,-93.7,437010809.1327308,10797.5,1401.0,-7407.3,0
2026-04-09T11:19:14.401006+00:00,10.76,6.25,10.76,6.25,-92.7,437010809.1327308,10796.8,1398.6,-7406.9,0
2026-04-09T11:19:14.720973+00:00,10.75,6.28,10.75,6.28,-91.7,437010809.1327308,10796.1,1396.0,-7406.4,0
2026-04-09T11:19:15.044837+00:00,10.75,6.31,10.75,6.31,-95.7,437010809.1327308,10795.3,1393.6,-7405.9,0
2026-04-09T11:19:15.368833+00:00,10.74,6.35,10.74,6.35,-90.7,437010809.1327308,10794.6,1391.2,-7405.4,0
2026-04-09T11:19:15.712964+00:00,10.73,6.38,10.73,6.38,-91.7,437010809.1327308,10793.9,1388.7,-7404.8,0
2026-04-09T11:19:16.036934+00:00,10.73,6.41,10.73,6.41,-88.7,437010809.1327308,10793.1,1386.3,-7404.3,0
2026-04-09T11:19:16.360976+00:00,10.72,6.44,10.72,6.44,-88.7,437010809.1327308,10792.4,1383.9,-7403.9,0
2026-04-09T11:19:16.704942+00:00,10.72,6.47,10.72,6.47,-88.7,437010809.1327308,10791.7,1381.5,-7403.3,0
2026-04-09T11:19:17.028876+00:00,10.71,6.51,10.71,6.51,-91.7,437010809.1327308,10790.9,1379.0,-7402.8,0
2026-04-09T11:19:17.352834+00:00,10.70,6.54,10.7,6.54,-88.7,437010809.1327308,10790.1,1376.6,-7402.3,0
2026-04-09T11:19:17.678015+00:00,10.70,6.57,10.7,6.57,-92.7,437010809.1327308,10789.4,1374.2,-7401.8,0
2026-04-09T11:19:18.020850+00:00,10.69,6.61,10.69,6.61,-92.7,437010809.1327308,10788.6,1371.6,-7401.2,0
2026-04-09T11:19:18.340861+00:00,10.68,6.64,10.68,6.64,-89.7,437010809.1327308,10787.8,1369.2,-7400.7,0
2026-04-09T11:19:18.664868+00:00,10.68,6.67,10.68,6.67,-95.7,437010809.1327308,10787.0,1366.8,-7400.2,0
2026-04-09T11:19:19.009472+00:00,10.67,6.70,10.67,6.7,-89.7,437010809.1327308,10786.3,1364.4,-7399.6,0
2026-04-09T11:19:19.338981+00:00,10.66,6.74,10.66,6.74,-95.7,437010809.1327308,10785.4,1361.9,-7399.1,0
2026-04-09T11:19:19.662291+00:00,10.66,6.77,10.66,6.77,-94.7,437010809.1327308,10784.6,1359.5,-7398.5,0
2026-04-09T11:19:19.985859+00:00,10.65,6.80,10.65,6.8,-93.7,437010809.1327308,10783.8,1357.1,-7398.0,0
2026-04-09T11:19:20.334159+00:00,10.64,6.84,10.64,6.84,-94.7,437010809.1327308,10783.0,1354.5,-7397.4,0
2026-04-09T11:19:20.663375+00:00,10.64,6.87,10.64,6.87,-92.7,437010809.1327308,10782.2,1352.1,-7396.8,0
2026-04-09T11:19:20.986718+00:00,10.63,6.90,10.63,6.9,-90.7,437010809.1327308,10781.4,1349.7,-7396.3,0
2026-04-09T11:19:21.333936+00:00,10.62,6.94,10.62,6.94,-91.7,437010809.1327308,10780.5,1347.1,-7395.7,0
2026-04-09T11:19:21.658303+00:00,10.62,6.97,10.62,6.97,-91.7,437010809.1327308,10779.6,1344.7,-7395.1,0
2026-04-09T11:19:21.985941+00:00,10.61,7.01,10.61,7.01,-90.7,437010809.1327308,10778.8,1342.3,-7394.5,0
2026-04-09T11:19:22.333730+00:00,10.60,7.04,10.6,7.04,-95.7,437010809.1327308,10778.0,1339.9,-7393.9,0
2026-04-09T11:19:22.658310+00:00,10.60,7.07,10.6,7.07,-92.7,437010809.1327308,10777.1,1337.3,-7393.3,0
2026-04-09T11:19:22.985969+00:00,10.59,7.11,10.59,7.11,-90.7,437010809.1327308,10776.2,1334.9,-7392.7,0
2026-04-09T11:19:23.309988+00:00,10.58,7.14,10.58,7.14,-92.7,437010809.1327308,10775.4,1332.5,-7392.1,0
2026-04-09T11:19:23.657330+00:00,10.58,7.18,10.58,7.18,-92.7,437010809.1327308,10774.4,1329.9,-7391.5,0
2026-04-09T11:19:23.982341+00:00,10.57,7.21,10.57,7.21,-95.7,437010809.1327308,10773.5,1327.5,-7390.9,0
2026-04-09T11:19:24.309962+00:00,10.56,7.25,10.56,7.25,-93.7,437010809.1327308,10772.7,1325.1,-7390.3,0
2026-04-09T11:19:24.659385+00:00,10.55,7.28,10.55,7.28,-95.7,437010809.1327308,10771.7,1322.5,-7389.7,0
2026-04-09T11:19:24.981716+00:00,10.55,7.32,10.55,7.32,-90.7,437010809.1327308,10770.8,1320.1,-7389.0,0
2026-04-09T11:19:25.311087+00:00,10.54,7.35,10.54,7.35,-91.7,437010809.1327308,10769.9,1317.7,-7388.4,0
2026-04-09T11:19:25.654281+00:00,10.53,7.39,10.53,7.39,-92.7,437010809.1327308,10769.0,1315.2,-7387.8,0
2026-04-09T11:19:25.982795+00:00,10.53,7.42,10.53,7.42,-89.7,437010809.1327308,10768.0,1312.8,-7387.1,0
2026-04-09T11:19:26.305723+00:00,10.52,7.46,10.52,7.46,-89.7,437010809.1327308,10767.1,1310.4,-7386.5,0
2026-04-09T11:19:26.655281+00:00,10.51,7.49,10.51,7.49,-91.7,437010809.1327308,10766.2,1308.0,-7385.9,0
2026-04-09T11:19:26.978336+00:00,10.50,7.53,10.5,7.53,-91.7,437010809.1327308,10765.2,1305.4,-7385.2,0
2026-04-09T11:19:27.306945+00:00,10.50,7.56,10.5,7.56,-93.7,437010809.1327308,10764.3,1303.0,-7384.5,0
2026-04-09T11:19:27.630249+00:00,10.49,7.60,10.49,7.6,-93.7,437010809.1327308,10763.3,1300.6,-7383.9,0
2026-04-09T11:19:27.978538+00:00,10.48,7.63,10.48,7.63,-95.7,437010809.1327308,10762.3,1298.0,-7383.2,0
2026-04-09T11:19:28.301946+00:00,10.47,7.67,10.47,7.67,-91.7,437010809.1327308,10761.3,1295.6,-7382.5,0
2026-04-09T11:19:28.629716+00:00,10.47,7.70,10.47,7.7,-93.7,437010809.1327308,10760.4,1293.2,-7381.9,0
2026-04-09T11:19:28.977048+00:00,10.46,7.74,10.46,7.74,-89.7,437010809.1327308,10759.4,1290.8,-7381.2,0
2026-04-09T11:19:29.300857+00:00,10.45,7.78,10.45,7.78,-91.7,437010809.1327308,10758.3,1288.2,-7380.5,0
2026-04-09T11:19:29.644854+00:00,10.44,7.81,10.44,7.81,-92.7,437010757.7041313,10757.3,1285.7,-7379.8,0
2026-04-09T11:19:29.988837+00:00,10.44,7.85,10.44,7.85,-89.7,437010757.7041313,10756.3,1283.3,-7379.1,0
2026-04-09T11:19:30.312870+00:00,10.43,7.89,10.43,7.89,-91.7,437010757.7041313,10755.2,1280.8,-7378.3,0
2026-04-09T11:19:30.632839+00:00,10.42,7.92,10.42,7.92,-92.7,437010757.7041313,10754.2,1278.4,-7377.7,0
2026-04-09T11:19:30.958636+00:00,10.41,7.96,10.41,7.96,-92.7,437010757.7041313,10753.2,1276.0,-7377.0,0
2026-04-09T11:19:31.300854+00:00,10.41,8.00,10.41,8.0,-96.7,437010757.7041313,10752.1,1273.5,-7376.2,0
2026-04-09T11:19:31.624878+00:00,10.40,8.03,10.4,8.03,-93.7,437010757.7041313,10751.1,1271.1,-7375.5,0
2026-04-09T11:19:31.948944+00:00,10.39,8.07,10.39,8.07,-94.7,437010757.7041313,10750.0,1268.7,-7374.8,0
2026-04-09T11:19:32.292856+00:00,10.38,8.10,10.38,8.1,-93.7,437010757.7041313,10749.0,1266.3,-7374.1,0
2026-04-09T11:19:32.616835+00:00,10.38,8.14,10.38,8.14,-91.7,437010757.7041313,10747.9,1263.8,-7373.3,0
2026-04-09T11:19:32.940949+00:00,10.37,8.18,10.37,8.18,-91.7,437010757.7041313,10746.8,1261.4,-7372.6,0
2026-04-09T11:19:33.264990+00:00,10.36,8.22,10.36,8.22,-95.7,437010757.7041313,10745.7,1259.0,-7371.8,0
2026-04-09T11:19:33.608842+00:00,10.35,8.25,10.35,8.25,-91.7,437010757.7041313,10744.6,1256.5,-7371.1,0
2026-04-09T11:19:33.934731+00:00,10.34,8.29,10.34,8.29,-91.7,437010757.7041313,10743.5,1254.1,-7370.3,0
2026-04-09T11:19:34.262092+00:00,10.34,8.33,10.34,8.33,-89.7,437010757.7041313,10742.4,1251.7,-7369.6,0
2026-04-09T11:19:34.610996+00:00,10.33,8.36,10.33,8.36,-92.7,437010757.7041313,10741.3,1249.3,-7368.8,0
2026-04-09T11:19:34.938151+00:00,10.32,8.40,10.32,8.4,-93.7,437010757.7041313,10740.1,1246.7,-7368.0,0
2026-04-09T11:19:35.262008+00:00,10.31,8.44,10.31,8.44,-91.7,437010757.7041313,10739.0,1244.3,-7367.2,0
2026-04-09T11:19:35.610613+00:00,10.30,8.48,10.3,8.48,-95.7,437010757.7041313,10737.8,1241.9,-7366.4,0
2026-04-09T11:19:35.938061+00:00,10.29,8.52,10.29,8.52,-91.7,437010757.7041313,10736.6,1239.3,-7365.6,0
2026-04-09T11:19:36.267643+00:00,10.29,8.56,10.29,8.56,-95.7,437010757.7041313,10735.5,1236.9,-7364.8,0
2026-04-09T11:19:36.610259+00:00,10.28,8.59,10.28,8.59,-93.7,437010757.7041313,10734.3,1234.5,-7364.0,0
2026-04-09T11:19:36.937962+00:00,10.27,8.63,10.27,8.63,-96.7,437010757.7041313,10733.1,1232.0,-7363.1,0
2026-04-09T11:19:37.262181+00:00,10.26,8.67,10.26,8.67,-93.7,437010757.7041313,10731.9,1229.6,-7362.3,0
2026-04-09T11:19:37.590750+00:00,10.25,8.71,10.25,8.71,-93.7,437010757.7041313,10730.7,1227.2,-7361.5,0
2026-04-09T11:19:37.939017+00:00,10.24,8.75,10.24,8.75,-94.7,437010757.7041313,10729.4,1224.6,-7360.7,0
2026-04-09T11:19:38.262008+00:00,10.24,8.79,10.24,8.79,-93.7,437010757.7041313,10728.2,1222.2,-7359.8,0
2026-04-09T11:19:38.590755+00:00,10.23,8.83,10.23,8.83,-94.7,437010757.7041313,10727.0,1219.8,-7359.0,0
2026-04-09T11:19:38.938273+00:00,10.22,8.87,10.22,8.87,-93.7,437010757.7041313,10725.7,1217.3,-7358.1,0
2026-04-09T11:19:39.263360+00:00,10.21,8.91,10.21,8.91,-95.7,437010757.7041313,10724.5,1214.9,-7357.3,0
2026-04-09T11:19:39.586261+00:00,10.20,8.94,10.2,8.94,-94.7,437010757.7041313,10723.3,1212.5,-7356.4,0
2026-04-09T11:19:39.935010+00:00,10.19,8.98,10.19,8.98,-94.7,437010757.7041313,10722.0,1210.1,-7355.6,0
2026-04-09T11:19:40.258476+00:00,10.18,9.02,10.18,9.02,-94.7,437010757.7041313,10720.7,1207.5,-7354.6,0
2026-04-09T11:19:40.581930+00:00,10.17,9.06,10.17,9.06,-94.7,437010757.7041313,10719.4,1205.1,-7353.8,0
2026-04-09T11:19:40.910308+00:00,10.17,9.10,10.17,9.1,-91.7,437010757.7041313,10718.1,1202.7,-7352.9,0
2026-04-09T11:19:41.254630+00:00,10.16,9.14,10.16,9.14,-93.7,437010757.7041313,10716.8,1200.2,-7352.0,0
2026-04-09T11:19:41.582007+00:00,10.15,9.18,10.15,9.18,-92.7,437010757.7041313,10715.5,1197.8,-7351.1,0
2026-04-09T11:19:41.906423+00:00,10.14,9.22,10.14,9.22,-97.7,437010757.7041313,10714.2,1195.4,-7350.2,0
2026-04-09T11:19:42.254407+00:00,10.13,9.26,10.13,9.26,-91.7,437010757.7041313,10712.9,1193.0,-7349.3,0
2026-04-09T11:19:42.577690+00:00,10.12,9.30,10.12,9.3,-93.7,437010757.7041313,10711.4,1190.5,-7348.3,0
2026-04-09T11:19:42.901881+00:00,10.11,9.34,10.11,9.34,-92.7,437010757.7041313,10710.1,1188.1,-7347.4,0
2026-04-09T11:19:43.230281+00:00,10.10,9.38,10.1,9.38,-94.7,437010757.7041313,10708.8,1185.7,-7346.5,0
2026-04-09T11:19:43.577736+00:00,10.09,9.43,10.09,9.43,-92.7,437010757.7041313,10707.3,1183.1,-7345.5,0
2026-04-09T11:19:43.902536+00:00,10.08,9.47,10.08,9.47,-93.7,437010757.7041313,10706.0,1180.7,-7344.5,0
2026-04-09T11:19:44.250104+00:00,10.07,9.51,10.07,9.51,-89.7,437010705.10327065,10704.5,1178.2,-7343.5,0
2026-04-09T11:19:44.593928+00:00,10.06,9.55,10.06,9.55,-91.7,437010705.10327065,10703.0,1175.7,-7342.5,0
2026-04-09T11:19:44.922968+00:00,10.05,9.59,10.05,9.59,-92.7,437010705.10327065,10701.6,1173.3,-7341.6,0
2026-04-09T11:19:45.246130+00:00,10.05,9.63,10.05,9.63,-94.7,437010705.10327065,10700.3,1170.9,-7340.6,0
2026-04-09T11:19:45.593925+00:00,10.04,9.67,10.04,9.67,-93.7,437010705.10327065,10698.8,1168.5,-7339.6,0
2026-04-09T11:19:45.918267+00:00,10.03,9.72,10.03,9.72,-95.7,437010705.10327065,10697.3,1165.9,-7338.6,0
2026-04-09T11:19:46.247337+00:00,10.02,9.76,10.02,9.76,-91.7,437010705.10327065,10695.9,1163.5,-7337.6,0
2026-04-09T11:19:46.569983+00:00,10.01,9.80,10.01,9.8,-91.7,437010705.10327065,10694.4,1161.2,-7336.6,0
2026-04-09T11:19:46.917952+00:00,10.00,9.84,10.0,9.84,-93.7,437010705.10327065,10692.9,1158.6,-7335.6,0
2026-04-09T11:19:47.247495+00:00,9.99,9.89,9.99,9.89,-94.7,437010705.10327065,10691.4,1156.2,-7334.6,0
2026-04-09T11:19:47.569902+00:00,9.98,9.93,9.98,9.93,-97.7,437010705.10327065,10689.9,1153.8,-7333.5,0
2026-04-09T11:19:47.919506+00:00,9.97,9.97,9.97,9.97,-92.7,437010705.10327065,10688.4,1151.4,-7332.5,0
2026-04-09T11:19:48.242730+00:00,9.96,10.01,9.96,10.01,-91.7,437010705.10327065,10686.8,1148.9,-7331.4,0
2026-04-09T11:19:48.570996+00:00,9.95,10.06,9.95,10.06,-94.7,437010705.10327065,10685.3,1146.5,-7330.4,0
2026-04-09T11:19:48.893686+00:00,9.94,10.10,9.94,10.1,-95.7,437010705.10327065,10683.8,1144.1,-7329.3,0
2026-04-09T11:19:49.243144+00:00,9.93,10.14,9.93,10.14,-95.7,437010705.10327065,10682.1,1141.6,-7328.2,0
2026-04-09T11:19:49.566008+00:00,9.92,10.18,9.92,10.18,-94.7,437010705.10327065,10680.6,1139.2,-7327.2,0
2026-04-09T11:19:49.893514+00:00,9.91,10.23,9.91,10.23,-95.7,437010705.10327065,10679.0,1136.8,-7326.1,0
2026-04-09T11:19:50.238225+00:00,9.90,10.27,9.9,10.27,-92.7,437010705.10327065,10677.5,1134.4,-7325.0,0
2026-04-09T11:19:50.565958+00:00,9.89,10.32,9.89,10.32,-95.7,437010705.10327065,10675.8,1131.9,-7323.8,0
2026-04-09T11:19:50.889946+00:00,9.88,10.36,9.88,10.36,-93.7,437010705.10327065,10674.2,1129.5,-7322.7,0
2026-04-09T11:19:51.218607+00:00,9.87,10.40,9.87,10.4,-95.7,437010705.10327065,10672.6,1127.1,-7321.6,0
2026-04-09T11:19:51.561906+00:00,9.86,10.45,9.86,10.45,-93.7,437010705.10327065,10670.8,1124.5,-7320.5,0
2026-04-09T11:19:51.891382+00:00,9.85,10.49,9.85,10.49,-94.7,437010705.10327065,10669.2,1122.2,-7319.3,0
2026-04-09T11:19:52.215582+00:00,9.84,10.53,9.84,10.53,-94.7,437010705.10327065,10667.6,1119.8,-7318.2,0
2026-04-09T11:19:52.562094+00:00,9.83,10.58,9.83,10.58,-89.7,437010705.10327065,10665.9,1117.4,-7317.1,0
2026-04-09T11:19:52.886309+00:00,9.81,10.62,9.81,10.62,-92.7,437010705.10327065,10664.1,1114.9,-7315.9,0
2026-04-09T11:19:53.210783+00:00,9.80,10.67,9.8,10.67,-91.7,437010705.10327065,10662.5,1112.5,-7314.7,0
2026-04-09T11:19:53.537719+00:00,9.79,10.71,9.79,10.71,-91.7,437010705.10327065,10660.8,1110.1,-7313.6,0
2026-04-09T11:19:53.886759+00:00,9.78,10.76,9.78,10.76,-91.7,437010705.10327065,10659.0,1107.6,-7312.3,0
2026-04-09T11:19:54.210515+00:00,9.77,10.80,9.77,10.8,-91.7,437010705.10327065,10657.3,1105.2,-7311.1,0
2026-04-09T11:19:54.534240+00:00,9.76,10.85,9.76,10.85,-89.7,437010705.10327065,10655.5,1102.8,-7309.9,0
2026-04-09T11:19:54.901729+00:00,9.75,10.90,9.75,10.9,-93.7,437010654.4205909,10653.7,1100.3,-7308.7,0
2026-04-09T11:19:55.231223+00:00,9.74,10.94,9.74,10.94,-89.7,437010654.4205909,10651.8,1097.7,-7307.4,0
2026-04-09T11:19:55.554261+00:00,9.73,10.99,9.73,10.99,-94.7,437010654.4205909,10650.0,1095.4,-7306.2,0
2026-04-09T11:19:55.877851+00:00,9.72,11.03,9.72,11.03,-95.7,437010654.4205909,10648.2,1093.0,-7304.9,0
2026-04-09T11:19:56.226476+00:00,9.70,11.08,9.7,11.08,-91.7,437010654.4205909,10646.3,1090.5,-7303.6,0
2026-04-09T11:19:56.553777+00:00,9.69,11.13,9.69,11.13,-93.7,437010654.4205909,10644.5,1088.1,-7302.4,0
2026-04-09T11:19:56.877933+00:00,9.68,11.17,9.68,11.17,-95.7,437010654.4205909,10642.7,1085.7,-7301.1,0
2026-04-09T11:19:57.226572+00:00,9.67,11.22,9.67,11.22,-94.7,437010654.4205909,10640.7,1083.2,-7299.8,0
2026-04-09T11:19:57.549760+00:00,9.66,11.27,9.66,11.27,-97.7,437010654.4205909,10638.8,1080.8,-7298.5,0
2026-04-09T11:19:57.877936+00:00,9.65,11.31,9.65,11.31,-93.7,437010654.4205909,10637.0,1078.4,-7297.2,0
2026-04-09T11:19:58.222199+00:00,9.64,11.36,9.64,11.36,-92.7,437010654.4205909,10635.1,1076.0,-7295.9,0
2026-04-09T11:19:58.549703+00:00,9.62,11.41,9.62,11.41,-93.7,437010654.4205909,10633.1,1073.5,-7294.5,0
2026-04-09T11:19:58.873829+00:00,9.61,11.46,9.61,11.46,-93.7,437010654.4205909,10631.2,1071.1,-7293.2,0
2026-04-09T11:19:59.203329+00:00,9.60,11.50,9.6,11.5,-94.7,437010654.4205909,10629.2,1068.8,-7291.9,0
2026-04-09T11:19:59.546289+00:00,9.59,11.55,9.59,11.55,-94.7,437010654.4205909,10627.2,1066.2,-7290.5,0
2026-04-09T11:19:59.876886+00:00,9.58,11.60,9.58,11.6,-95.7,437010654.4205909,10625.2,1063.8,-7289.1,0
2026-04-09T11:20:00.198056+00:00,9.56,11.65,9.56,11.65,-93.7,437010654.4205909,10623.2,1061.5,-7287.8,0
2026-04-09T11:20:00.546937+00:00,9.55,11.69,9.55,11.69,-94.7,437010654.4205909,10621.2,1059.1,-7286.4,0
2026-04-09T11:20:00.870160+00:00,9.54,11.74,9.54,11.74,-94.7,437010654.4205909,10619.1,1056.6,-7285.0,0
2026-04-09T11:20:01.194511+00:00,9.53,11.79,9.53,11.79,-92.7,437010654.4205909,10617.1,1054.2,-7283.6,0
2026-04-09T11:20:01.522270+00:00,9.52,11.84,9.52,11.84,-93.7,437010654.4205909,10615.1,1051.9,-7282.2,0
2026-04-09T11:20:01.869951+00:00,9.50,11.89,9.5,11.89,-92.7,437010654.4205909,10612.9,1049.3,-7280.7,0
2026-04-09T11:20:02.194850+00:00,9.49,11.94,9.49,11.94,-93.7,437010654.4205909,10610.8,1046.9,-7279.3,0
2026-04-09T11:20:02.522733+00:00,9.48,11.99,9.48,11.99,-95.7,437010654.4205909,10608.7,1044.6,-7277.8,0
2026-04-09T11:20:02.864978+00:00,9.47,12.04,9.47,12.04,-94.7,437010654.4205909,10606.5,1042.0,-7276.3,0
2026-04-09T11:20:03.189036+00:00,9.45,12.09,9.45,12.09,-94.7,437010654.4205909,10604.4,1039.7,-7274.9,0
2026-04-09T11:20:03.532861+00:00,9.44,12.14,9.44,12.14,-92.7,437010603.0624552,10602.1,1037.2,-7273.3,0
2026-04-09T11:20:03.876852+00:00,9.43,12.19,9.43,12.19,-92.7,437010603.0624552,10599.9,1034.7,-7271.8,0
2026-04-09T11:20:04.201018+00:00,9.42,12.24,9.42,12.24,-91.7,437010603.0624552,10597.7,1032.3,-7270.3,0
2026-04-09T11:20:04.524849+00:00,9.40,12.29,9.4,12.29,-93.7,437010603.0624552,10595.5,1030.0,-7268.8,0
2026-04-09T11:20:04.868844+00:00,9.39,12.34,9.39,12.34,-93.7,437010603.0624552,10593.4,1027.6,-7267.3,0
2026-04-09T11:20:05.193194+00:00,9.38,12.39,9.38,12.39,-94.7,437010603.0624552,10591.0,1025.1,-7265.7,0
2026-04-09T11:20:05.518026+00:00,9.36,12.44,9.36,12.44,-91.7,437010603.0624552,10588.8,1022.8,-7264.2,0
2026-04-09T11:20:05.836861+00:00,9.35,12.49,9.35,12.49,-93.7,437010603.0624552,10586.6,1020.4,-7262.6,0
2026-04-09T11:20:06.180875+00:00,9.34,12.54,9.34,12.54,-93.7,437010603.0624552,10584.2,1017.9,-7261.0,0
2026-04-09T11:20:06.504839+00:00,9.32,12.59,9.32,12.59,-94.7,437010603.0624552,10581.9,1015.6,-7259.4,0
2026-04-09T11:20:06.829022+00:00,9.31,12.64,9.31,12.64,-93.7,437010603.0624552,10579.6,1013.2,-7257.9,0
2026-04-09T11:20:07.172882+00:00,9.30,12.69,9.3,12.69,-95.7,437010603.0624552,10577.3,1010.9,-7256.3,0
2026-04-09T11:20:07.496860+00:00,9.28,12.75,9.28,12.75,-93.7,437010603.0624552,10574.8,1008.4,-7254.6,0
2026-04-09T11:20:07.820842+00:00,9.27,12.80,9.27,12.8,-90.7,437010603.0624552,10572.5,1006.0,-7253.0,0
2026-04-09T11:20:08.146301+00:00,9.26,12.85,9.26,12.85,-95.7,437010603.0624552,10570.2,1003.7,-7251.4,0
2026-04-09T11:20:08.493846+00:00,9.24,12.91,9.24,12.91,-97.7,437010603.0624552,10567.6,1001.2,-7249.6,0
2026-04-09T11:20:08.819184+00:00,9.23,12.96,9.23,12.96,-95.7,437010603.0624552,10565.2,998.8,-7248.0,0
2026-04-09T11:20:09.145872+00:00,9.22,13.01,9.22,13.01,-96.7,437010603.0624552,10562.7,996.5,-7246.3,0
2026-04-09T11:20:09.495367+00:00,9.20,13.06,9.2,13.06,-94.7,437010603.0624552,10560.3,994.1,-7244.6,0
2026-04-09T11:20:09.818309+00:00,9.19,13.12,9.19,13.12,-94.7,437010603.0624552,10557.7,991.6,-7242.8,0
2026-04-09T11:20:10.142394+00:00,9.17,13.17,9.17,13.17,-92.7,437010603.0624552,10555.2,989.2,-7241.1,0
2026-04-09T11:20:10.474788+00:00,9.16,13.22,9.16,13.22,-95.7,437010603.0624552,10552.7,986.9,-7239.4,0
2026-04-09T11:20:10.837979+00:00,9.14,13.28,9.14,13.28,-94.7,437010551.0025286,10549.8,984.2,-7237.4,0
2026-04-09T11:20:11.162349+00:00,9.13,13.34,9.13,13.34,-94.7,437010551.0025286,10547.2,981.8,-7235.6,0
2026-04-09T11:20:11.486455+00:00,9.12,13.39,9.12,13.39,-95.7,437010551.0025286,10544.7,979.5,-7233.9,0
2026-04-09T11:20:11.833945+00:00,9.10,13.45,9.1,13.45,-95.7,437010551.0025286,10541.9,977.0,-7232.0,0
2026-04-09T11:20:12.158530+00:00,9.09,13.50,9.09,13.5,-95.7,437010551.0025286,10539.3,974.6,-7230.2,0
2026-04-09T11:20:12.485926+00:00,9.07,13.56,9.07,13.56,-95.7,437010551.0025286,10536.7,972.3,-7228.4,0
2026-04-09T11:20:12.835060+00:00,9.06,13.61,9.06,13.61,-95.7,437010551.0025286,10534.0,969.9,-7226.6,0
2026-04-09T11:20:13.157931+00:00,9.04,13.67,9.04,13.67,-95.7,437010551.0025286,10531.1,967.4,-7224.6,0
2026-04-09T11:20:13.487004+00:00,9.03,13.72,9.03,13.72,-96.7,437010551.0025286,10528.4,965.1,-7222.8,0
2026-04-09T11:20:13.809635+00:00,9.01,13.78,9.01,13.78,-94.7,437010551.0025286,10525.7,962.7,-7220.9,0
2026-04-09T11:20:14.157905+00:00,9.00,13.84,9.0,13.84,-96.7,437010551.0025286,10522.8,960.2,-7218.9,0
2026-04-09T11:20:14.482396+00:00,8.98,13.89,8.98,13.89,-97.7,437010551.0025286,10520.0,957.9,-7217.0,0
2026-04-09T11:20:14.809814+00:00,8.97,13.95,8.97,13.95,-97.7,437010551.0025286,10517.2,955.5,-7215.1,0
2026-04-09T11:20:15.154358+00:00,8.95,14.01,8.95,14.01,-95.7,437010551.0025286,10514.2,953.0,-7213.0,0
2026-04-09T11:20:15.486711+00:00,8.94,14.06,8.94,14.06,-91.7,437010551.0025286,10511.4,950.7,-7211.1,0
2026-04-09T11:20:15.806200+00:00,8.92,14.12,8.92,14.12,-97.7,437010551.0025286,10508.5,948.3,-7209.1,0
2026-04-09T11:20:16.154277+00:00,8.90,14.18,8.9,14.18,-93.7,437010551.0025286,10505.6,946.0,-7207.1,0
2026-04-09T11:20:16.477934+00:00,8.89,14.24,8.89,14.24,-91.7,437010551.0025286,10502.5,943.5,-7205.0,0
2026-04-09T11:20:16.826681+00:00,8.87,14.30,8.87,14.3,-93.7,437010500.71344954,10499.4,941.0,-7202.9,0
2026-04-09T11:20:17.169501+00:00,8.86,14.36,8.86,14.36,-99.7,437010500.71344954,10496.5,938.6,-7200.8,0
2026-04-09T11:20:17.492847+00:00,8.84,14.42,8.84,14.42,-94.7,437010500.71344954,10493.4,936.2,-7198.7,0
2026-04-09T11:20:17.816865+00:00,8.82,14.47,8.82,14.47,-97.7,437010500.71344954,10490.4,933.8,-7196.6,0
2026-04-09T11:20:18.141995+00:00,8.81,14.53,8.81,14.53,-94.7,437010500.71344954,10487.4,931.5,-7194.6,0
2026-04-09T11:20:18.485960+00:00,8.79,14.59,8.79,14.59,-95.7,437010500.71344954,10484.1,929.0,-7192.4,0
2026-04-09T11:20:18.804923+00:00,8.77,14.65,8.77,14.65,-93.7,437010500.71344954,10481.1,926.7,-7190.3,0
2026-04-09T11:20:19.128843+00:00,8.76,14.71,8.76,14.71,-96.7,437010500.71344954,10478.0,924.4,-7188.1,0
2026-04-09T11:20:19.472865+00:00,8.74,14.77,8.74,14.77,-95.7,437010500.71344954,10474.9,922.0,-7186.0,0
2026-04-09T11:20:19.796951+00:00,8.72,14.83,8.72,14.83,-97.7,437010500.71344954,10471.5,919.6,-7183.7,0
2026-04-09T11:20:20.120838+00:00,8.71,14.89,8.71,14.89,-94.7,437010500.71344954,10468.4,917.2,-7181.5,0
2026-04-09T11:20:20.444864+00:00,8.69,14.95,8.69,14.95,-96.7,437010500.71344954,10465.2,914.9,-7179.4,0
2026-04-09T11:20:20.789079+00:00,8.67,15.01,8.67,15.01,-97.7,437010500.71344954,10461.8,912.5,-7177.0,0
2026-04-09T11:20:21.112841+00:00,8.66,15.07,8.66,15.07,-96.7,437010500.71344954,10458.6,910.2,-7174.8,0
2026-04-09T11:20:21.436986+00:00,8.64,15.13,8.64,15.13,-94.7,437010500.71344954,10455.3,907.8,-7172.6,0
2026-04-09T11:20:21.780849+00:00,8.62,15.19,8.62,15.19,-98.7,437010500.71344954,10452.0,905.5,-7170.3,0
2026-04-09T11:20:22.126228+00:00,8.60,15.26,8.6,15.26,-94.7,437010449.660657,10448.2,902.9,-7167.7,0
2026-04-09T11:20:22.454067+00:00,8.59,15.32,8.59,15.32,-95.7,437010449.660657,10444.8,900.5,-7165.4,0
2026-04-09T11:20:22.802720+00:00,8.57,15.39,8.57,15.39,-91.7,437010449.660657,10441.5,898.2,-7163.1,0
2026-04-09T11:20:23.125918+00:00,8.55,15.45,8.55,15.45,-99.7,437010449.660657,10437.8,895.7,-7160.6,0
2026-04-09T11:20:23.450256+00:00,8.53,15.51,8.53,15.51,-95.7,437010449.660657,10434.3,893.4,-7158.2,0
2026-04-09T11:20:23.778853+00:00,8.52,15.58,8.52,15.58,-94.7,437010449.660657,10430.8,891.1,-7155.8,0
2026-04-09T11:20:24.121900+00:00,8.50,15.64,8.5,15.64,-94.7,437010449.660657,10427.1,888.6,-7153.2,0
2026-04-09T11:20:24.448839+00:00,8.48,15.71,8.48,15.71,-92.7,437010449.660657,10423.5,886.3,-7150.8,0
2026-04-09T11:20:24.773982+00:00,8.46,15.77,8.46,15.77,-91.7,437010449.660657,10420.0,883.9,-7148.4,0
2026-04-09T11:20:25.121984+00:00,8.44,15.83,8.44,15.83,-94.7,437010449.660657,10416.3,881.6,-7145.9,0
2026-04-09T11:20:25.447501+00:00,8.42,15.90,8.42,15.9,-95.7,437010449.660657,10412.5,879.1,-7143.2,0
2026-04-09T11:20:25.778792+00:00,8.40,15.97,8.4,15.97,-94.7,437010449.660657,10408.8,876.8,-7140.7,0
2026-04-09T11:20:26.098252+00:00,8.39,16.03,8.39,16.03,-94.7,437010449.660657,10405.1,874.5,-7138.1,0
2026-04-09T11:20:26.446118+00:00,8.37,16.10,8.37,16.1,-97.7,437010449.660657,10401.1,872.0,-7135.4,0
2026-04-09T11:20:26.794648+00:00,8.35,16.17,8.35,16.17,-92.7,437010398.722457,10397.1,869.5,-7132.6,0
2026-04-09T11:20:27.118247+00:00,8.33,16.23,8.33,16.23,-95.7,437010398.722457,10393.3,867.2,-7130.1,0
2026-04-09T11:20:27.465823+00:00,8.31,16.30,8.31,16.3,-97.7,437010398.722457,10389.2,864.7,-7127.2,0
2026-04-09T11:20:27.789738+00:00,8.29,16.37,8.29,16.37,-94.7,437010398.722457,10385.3,862.4,-7124.6,0
2026-04-09T11:20:28.117926+00:00,8.27,16.44,8.27,16.44,-94.7,437010398.722457,10381.4,860.1,-7121.9,0
2026-04-09T11:20:28.467486+00:00,8.25,16.50,8.25,16.5,-96.7,437010398.722457,10377.5,857.7,-7119.2,0
2026-04-09T11:20:28.789714+00:00,8.23,16.57,8.23,16.57,-97.7,437010398.722457,10373.3,855.3,-7116.3,0
2026-04-09T11:20:29.113933+00:00,8.21,16.64,8.21,16.64,-95.7,437010398.722457,10369.2,853.0,-7113.5,0
2026-04-09T11:20:29.442253+00:00,8.19,16.71,8.19,16.71,-95.7,437010398.722457,10365.2,850.7,-7110.8,0
2026-04-09T11:20:29.790077+00:00,8.17,16.78,8.17,16.78,-93.7,437010398.722457,10360.8,848.2,-7107.8,0
2026-04-09T11:20:30.114225+00:00,8.15,16.85,8.15,16.85,-95.7,437010398.722457,10356.7,845.9,-7105.0,0
2026-04-09T11:20:30.438283+00:00,8.13,16.92,8.13,16.92,-95.7,437010398.722457,10352.6,843.5,-7102.1,0
2026-04-09T11:20:30.789801+00:00,8.11,16.98,8.11,16.98,-96.7,437010398.722457,10348.4,841.3,-7099.3,0
2026-04-09T11:20:31.109891+00:00,8.08,17.06,8.08,17.06,-97.7,437010398.722457,10343.9,838.8,-7096.2,0
2026-04-09T11:20:31.458031+00:00,8.06,17.13,8.06,17.13,-95.7,437010341.25817156,10339.4,836.3,-7093.1,0
2026-04-09T11:20:31.806484+00:00,8.04,17.20,8.04,17.2,-96.7,437010341.25817156,10335.1,834.0,-7090.1,0
2026-04-09T11:20:32.128836+00:00,8.02,17.28,8.02,17.28,-93.7,437010341.25817156,10330.5,831.5,-7086.9,0
2026-04-09T11:20:32.452868+00:00,8.00,17.35,8.0,17.35,-95.7,437010341.25817156,10326.2,829.3,-7084.0,0
2026-04-09T11:20:32.774931+00:00,7.98,17.42,7.98,17.42,-95.7,437010341.25817156,10321.8,827.0,-7081.0,0
2026-04-09T11:20:33.116827+00:00,7.95,17.49,7.95,17.49,-94.7,437010341.25817156,10317.0,824.5,-7077.7,0
2026-04-09T11:20:33.440860+00:00,7.93,17.56,7.93,17.56,-95.7,437010341.25817156,10312.6,822.3,-7074.7,0
2026-04-09T11:20:33.765530+00:00,7.91,17.63,7.91,17.63,-96.7,437010341.25817156,10308.1,820.0,-7071.6,0
2026-04-09T11:20:34.108841+00:00,7.89,17.71,7.89,17.71,-97.7,437010341.25817156,10303.5,817.7,-7068.5,0
2026-04-09T11:20:34.433281+00:00,7.87,17.78,7.87,17.78,-94.7,437010341.25817156,10298.6,815.2,-7065.1,0
2026-04-09T11:20:34.757362+00:00,7.85,17.85,7.85,17.85,-95.7,437010341.25817156,10294.1,813.0,-7062.0,0
2026-04-09T11:20:35.080841+00:00,7.82,17.93,7.82,17.93,-97.7,437010341.25817156,10289.4,810.7,-7058.8,0
2026-04-09T11:20:35.444952+00:00,7.80,18.01,7.8,18.01,-95.7,437010286.3953521,10284.1,808.1,-7055.1,0
2026-04-09T11:20:35.768980+00:00,7.78,18.08,7.78,18.08,-97.7,437010286.3953521,10279.3,805.8,-7051.9,0
2026-04-09T11:20:36.097548+00:00,7.75,18.16,7.75,18.16,-98.7,437010286.3953521,10274.5,803.6,-7048.6,0
2026-04-09T11:20:36.438024+00:00,7.73,18.23,7.73,18.23,-96.7,437010286.3953521,10269.4,801.1,-7045.0,0
2026-04-09T11:20:36.756866+00:00,7.71,18.31,7.71,18.31,-95.7,437010286.3953521,10264.5,798.9,-7041.7,0
2026-04-09T11:20:37.085728+00:00,7.68,18.38,7.68,18.38,-93.7,437010286.3953521,10259.5,796.6,-7038.3,0
2026-04-09T11:20:37.430071+00:00,7.66,18.46,7.66,18.46,-97.7,437010286.3953521,10254.6,794.3,-7034.9,0
2026-04-09T11:20:37.758469+00:00,7.63,18.54,7.63,18.54,-96.7,437010286.3953521,10249.2,791.8,-7031.2,0
2026-04-09T11:20:38.082182+00:00,7.61,18.62,7.61,18.62,-97.7,437010286.3953521,10244.0,789.5,-7027.7,0
2026-04-09T11:20:38.429922+00:00,7.59,18.69,7.59,18.69,-94.7,437010286.3953521,10238.9,787.3,-7024.1,0
2026-04-09T11:20:38.774915+00:00,7.56,18.78,7.56,18.78,-97.7,437010235.2870426,10233.1,784.7,-7020.1,0
2026-04-09T11:20:39.102180+00:00,7.54,18.86,7.54,18.86,-97.7,437010235.2870426,10227.8,782.4,-7016.5,0
2026-04-09T11:20:39.445940+00:00,7.51,18.94,7.51,18.94,-95.7,437010235.2870426,10222.5,780.1,-7012.9,0
2026-04-09T11:20:39.773931+00:00,7.49,19.02,7.49,19.02,-97.7,437010235.2870426,10216.8,777.7,-7009.0,0
2026-04-09T11:20:40.097697+00:00,7.46,19.10,7.46,19.1,-97.7,437010235.2870426,10211.4,775.4,-7005.3,0
2026-04-09T11:20:40.427476+00:00,7.44,19.18,7.44,19.18,-100.7,437010235.2870426,10206.0,773.1,-7001.6,0
2026-04-09T11:20:40.770413+00:00,7.41,19.26,7.41,19.26,-98.7,437010235.2870426,10200.2,770.7,-6997.6,0
2026-04-09T11:20:41.102503+00:00,7.38,19.34,7.38,19.34,-99.7,437010235.2870426,10194.6,768.4,-6993.7,0
2026-04-09T11:20:41.421936+00:00,7.36,19.42,7.36,19.42,-95.7,437010235.2870426,10189.0,766.1,-6989.9,0
2026-04-09T11:20:41.770095+00:00,7.33,19.50,7.33,19.5,-97.7,437010235.2870426,10183.3,763.9,-6986.0,0
2026-04-09T11:20:42.115341+00:00,7.30,19.60,7.3,19.6,-97.7,437010179.3558783,10177.0,761.3,-6981.6,0
2026-04-09T11:20:42.442127+00:00,7.28,19.68,7.28,19.68,-101.7,437010179.3558783,10171.2,759.0,-6977.7,0
2026-04-09T11:20:42.791059+00:00,7.25,19.76,7.25,19.76,-98.7,437010179.3558783,10165.3,756.7,-6973.6,0
2026-04-09T11:20:43.113697+00:00,7.22,19.85,7.22,19.85,-99.7,437010179.3558783,10159.1,754.4,-6969.4,0
2026-04-09T11:20:43.443392+00:00,7.20,19.93,7.2,19.93,-97.7,437010179.3558783,10153.1,752.1,-6965.3,0
2026-04-09T11:20:43.786353+00:00,7.17,20.02,7.17,20.02,-98.7,437010179.3558783,10147.1,749.8,-6961.2,0
2026-04-09T11:20:44.113924+00:00,7.14,20.10,7.14,20.1,-96.7,437010179.3558783,10140.7,747.4,-6956.8,0
2026-04-09T11:20:44.437958+00:00,7.11,20.19,7.11,20.19,-100.7,437010179.3558783,10134.6,745.1,-6952.6,0
2026-04-09T11:20:44.762583+00:00,7.08,20.27,7.08,20.27,-99.7,437010179.3558783,10128.4,742.8,-6948.4,0
2026-04-09T11:20:45.109849+00:00,7.06,20.36,7.06,20.36,-95.7,437010179.3558783,10121.8,740.5,-6943.8,0
2026-04-09T11:20:45.458245+00:00,7.03,20.46,7.03,20.46,-98.7,437010117.8744454,10115.1,738.0,-6939.2,0
2026-04-09T11:20:45.781921+00:00,7.00,20.54,7.0,20.54,-95.7,437010117.8744454,10108.8,735.8,-6934.9,0
2026-04-09T11:20:46.133107+00:00,6.97,20.63,6.97,20.63,-101.7,437010117.8744454,10102.0,733.4,-6930.2,0
2026-04-09T11:20:46.454013+00:00,6.94,20.72,6.94,20.72,-99.7,437010117.8744454,10095.5,731.1,-6925.7,0
2026-04-09T11:20:46.782254+00:00,6.91,20.81,6.91,20.81,-97.7,437010117.8744454,10089.0,728.9,-6921.3,0
2026-04-09T11:20:47.130233+00:00,6.88,20.90,6.88,20.9,-97.7,437010117.8744454,10081.9,726.5,-6916.4,0
2026-04-09T11:20:47.454166+00:00,6.85,20.99,6.85,20.99,-95.7,437010117.8744454,10075.2,724.2,-6911.9,0
2026-04-09T11:20:47.782799+00:00,6.82,21.08,6.82,21.08,-96.7,437010117.8744454,10068.5,722.0,-6907.3,0
2026-04-09T11:20:48.151295+00:00,6.79,21.18,6.79,21.18,-97.7,437010064.2073751,10060.9,719.4,-6902.0,0
2026-04-09T11:20:48.473790+00:00,6.76,21.27,6.76,21.27,-95.7,437010064.2073751,10054.0,717.1,-6897.3,0
2026-04-09T11:20:48.803247+00:00,6.73,21.36,6.73,21.36,-97.7,437010064.2073751,10047.1,714.9,-6892.5,0
2026-04-09T11:20:49.146351+00:00,6.69,21.46,6.69,21.46,-95.7,437010064.2073751,10039.6,712.5,-6887.4,0
2026-04-09T11:20:49.474234+00:00,6.66,21.55,6.66,21.55,-99.7,437010064.2073751,10032.5,710.3,-6882.6,0
2026-04-09T11:20:49.797466+00:00,6.63,21.65,6.63,21.65,-97.7,437010064.2073751,10025.4,708.0,-6877.6,0
2026-04-09T11:20:50.145964+00:00,6.60,21.74,6.6,21.74,-97.7,437010064.2073751,10018.2,705.8,-6872.7,0
2026-04-09T11:20:50.471339+00:00,6.57,21.84,6.57,21.84,-97.7,437010064.2073751,10010.4,703.4,-6867.4,0
2026-04-09T11:20:50.818769+00:00,6.53,21.94,6.53,21.94,-96.7,437010005.7857786,10002.6,701.0,-6862.0,0
2026-04-09T11:20:51.166765+00:00,6.50,22.03,6.5,22.03,-95.7,437010005.7857786,9995.3,698.8,-6857.0,0
2026-04-09T11:20:51.489745+00:00,6.47,22.13,6.47,22.13,-95.7,437010005.7857786,9987.2,696.5,-6851.5,0
2026-04-09T11:20:51.814287+00:00,6.43,22.23,6.43,22.23,-93.7,437010005.7857786,9979.6,694.2,-6846.2,0
2026-04-09T11:20:52.161988+00:00,6.40,22.32,6.4,22.32,-99.7,437010005.7857786,9972.0,692.0,-6841.0,0
2026-04-09T11:20:52.486016+00:00,6.37,22.43,6.37,22.43,-98.7,437010005.7857786,9963.7,689.6,-6835.3,0
2026-04-09T11:20:52.814799+00:00,6.33,22.52,6.33,22.52,-96.7,437010005.7857786,9955.9,687.4,-6830.0,0
2026-04-09T11:20:53.138232+00:00,6.30,22.62,6.3,22.62,-95.7,437010005.7857786,9948.1,685.2,-6824.6,0
2026-04-09T11:20:53.505998+00:00,6.26,22.73,6.26,22.73,-96.7,437009942.9861746,9939.0,682.6,-6818.4,0
2026-04-09T11:20:53.829405+00:00,6.23,22.83,6.23,22.83,-96.7,437009942.9861746,9930.9,680.4,-6812.9,0
2026-04-09T11:20:54.158329+00:00,6.19,22.93,6.19,22.93,-97.7,437009942.9861746,9922.8,678.2,-6807.3,0
2026-04-09T11:20:54.501756+00:00,6.16,23.04,6.16,23.04,-102.7,437009942.9861746,9914.1,675.9,-6801.3,0
2026-04-09T11:20:54.829523+00:00,6.12,23.14,6.12,23.14,-97.7,437009942.9861746,9905.8,673.7,-6795.6,0
2026-04-09T11:20:55.157996+00:00,6.09,23.24,6.09,23.24,-95.7,437009942.9861746,9897.4,671.5,-6789.9,0
2026-04-09T11:20:55.525743+00:00,6.05,23.35,6.05,23.35,-95.7,437009891.909894,9888.2,669.1,-6783.5,0
2026-04-09T11:20:55.849546+00:00,6.01,23.46,6.01,23.46,-93.7,437009891.909894,9879.2,666.7,-6777.4,0
2026-04-09T11:20:56.183490+00:00,5.97,23.56,5.97,23.56,-96.7,437009891.909894,9870.4,664.5,-6771.3,0
2026-04-09T11:20:56.502848+00:00,5.94,23.67,5.94,23.67,-101.7,437009891.909894,9861.7,662.3,-6765.3,0
2026-04-09T11:20:56.849705+00:00,5.90,23.78,5.9,23.78,-98.7,437009891.909894,9852.3,660.0,-6758.9,0
2026-04-09T11:20:57.174125+00:00,5.86,23.88,5.86,23.88,-95.7,437009891.909894,9843.3,657.7,-6752.7,0
2026-04-09T11:20:57.521745+00:00,5.82,23.99,5.82,23.99,-97.7,437009837.63640815,9833.7,655.4,-6746.2,0
2026-04-09T11:20:57.871008+00:00,5.78,24.11,5.78,24.11,-95.7,437009837.63640815,9823.9,653.1,-6739.5,0
2026-04-09T11:20:58.194106+00:00,5.74,24.21,5.74,24.21,-95.7,437009837.63640815,9814.8,650.9,-6733.2,0
2026-04-09T11:20:58.517800+00:00,5.70,24.32,5.7,24.32,-93.7,437009837.63640815,9805.4,648.7,-6726.7,0
2026-04-09T11:20:58.866414+00:00,5.66,24.43,5.66,24.43,-95.7,437009837.63640815,9796.0,646.5,-6720.3,0
2026-04-09T11:20:59.190894+00:00,5.62,24.55,5.62,24.55,-102.7,437009837.63640815,9785.8,644.2,-6713.3,0
2026-04-09T11:20:59.537940+00:00,5.58,24.66,5.58,24.66,-91.7,437009779.7984511,9775.6,641.9,-6706.3,0
2026-04-09T11:20:59.886306+00:00,5.54,24.77,5.54,24.77,-97.7,437009779.7984511,9765.9,639.7,-6699.6,0
2026-04-09T11:21:00.210244+00:00,5.50,24.89,5.5,24.89,-97.7,437009779.7984511,9755.3,637.3,-6692.4,0
2026-04-09T11:21:00.537925+00:00,5.45,25.00,5.45,25.0,-94.7,437009779.7984511,9745.4,635.2,-6685.6,0
2026-04-09T11:21:00.861697+00:00,5.41,25.11,5.41,25.11,-98.7,437009779.7984511,9735.5,633.0,-6678.8,0
2026-04-09T11:21:01.213695+00:00,5.37,25.24,5.37,25.24,-94.7,437009779.7984511,9724.6,630.7,-6671.3,0
2026-04-09T11:21:01.553930+00:00,5.32,25.36,5.32,25.36,-96.7,437009717.93765247,9713.6,628.4,-6663.7,0
2026-04-09T11:21:01.881333+00:00,5.28,25.47,5.28,25.47,-96.7,437009717.93765247,9703.3,626.2,-6656.7,0
2026-04-09T11:21:02.225008+00:00,5.24,25.59,5.24,25.59,-95.7,437009717.93765247,9692.2,623.9,-6649.1,0
2026-04-09T11:21:02.548832+00:00,5.19,25.71,5.19,25.71,-97.7,437009717.93765247,9681.6,621.8,-6641.8,0
2026-04-09T11:21:02.868898+00:00,5.15,25.82,5.15,25.82,-95.7,437009717.93765247,9671.0,619.6,-6634.5,0
2026-04-09T11:21:03.213010+00:00,5.11,25.94,5.11,25.94,-97.7,437009717.93765247,9660.1,617.5,-6627.1,0
2026-04-09T11:21:03.556820+00:00,5.06,26.07,5.06,26.07,-95.7,437009652.7009979,9647.9,615.0,-6618.7,0
2026-04-09T11:21:03.880831+00:00,5.01,26.19,5.01,26.19,-101.7,437009652.7009979,9636.9,612.9,-6611.1,0
2026-04-09T11:21:04.224980+00:00,4.97,26.31,4.97,26.31,-98.7,437009652.7009979,9625.7,610.8,-6603.5,0
2026-04-09T11:21:04.548832+00:00,4.92,26.44,4.92,26.44,-97.7,437009652.7009979,9613.8,608.5,-6595.3,0
2026-04-09T11:21:04.872835+00:00,4.87,26.56,4.87,26.56,-95.7,437009652.7009979,9602.5,606.4,-6587.6,0
2026-04-09T11:21:05.197021+00:00,4.83,26.68,4.83,26.68,-101.7,437009652.7009979,9591.0,604.3,-6579.7,0
2026-04-09T11:21:05.560832+00:00,4.78,26.82,4.78,26.82,-95.7,437009583.6052055,9577.9,601.9,-6570.7,0
2026-04-09T11:21:05.884827+00:00,4.73,26.94,4.73,26.94,-102.7,437009583.6052055,9566.2,599.7,-6562.6,0
2026-04-09T11:21:06.204968+00:00,4.68,27.06,4.68,27.06,-97.7,437009583.6052055,9554.2,597.6,-6554.4,0
2026-04-09T11:21:06.549256+00:00,4.63,27.20,4.63,27.2,-98.7,437009583.6052055,9541.4,595.3,-6545.6,0
2026-04-09T11:21:06.874255+00:00,4.58,27.32,4.58,27.32,-98.7,437009583.6052055,9529.2,593.2,-6537.3,0
2026-04-09T11:21:07.203695+00:00,4.53,27.45,4.53,27.45,-96.7,437009583.6052055,9517.0,591.1,-6528.9,0
2026-04-09T11:21:07.566083+00:00,4.48,27.58,4.48,27.58,-95.7,437009508.9420621,9503.7,588.9,-6519.8,0
2026-04-09T11:21:07.893713+00:00,4.43,27.72,4.43,27.72,-94.7,437009508.9420621,9490.2,586.6,-6510.5,0
2026-04-09T11:21:08.218637+00:00,4.37,27.85,4.37,27.85,-94.7,437009508.9420621,9477.5,584.5,-6501.8,0
2026-04-09T11:21:08.546271+00:00,4.32,27.98,4.32,27.98,-101.7,437009508.9420621,9464.5,582.4,-6492.8,0
2026-04-09T11:21:08.914257+00:00,4.26,28.13,4.26,28.13,-96.7,437009456.11201614,9449.6,580.0,-6482.7,0
2026-04-09T11:21:09.238716+00:00,4.21,28.26,4.21,28.26,-101.7,437009456.11201614,9436.5,577.9,-6473.7,0
2026-04-09T11:21:09.567010+00:00,4.16,28.39,4.16,28.39,-98.7,437009456.11201614,9423.0,575.8,-6464.4,0
2026-04-09T11:21:09.909991+00:00,4.10,28.54,4.1,28.54,-101.7,437009456.11201614,9408.6,573.5,-6454.5,0
2026-04-09T11:21:10.259557+00:00,4.04,28.68,4.04,28.68,-97.7,437009399.9317375,9394.0,571.3,-6444.5,0
2026-04-09T11:21:10.581892+00:00,3.99,28.82,3.99,28.82,-98.7,437009399.9317375,9380.0,569.2,-6434.9,0
2026-04-09T11:21:10.931184+00:00,3.93,28.96,3.93,28.96,-96.7,437009399.9317375,9365.1,567.0,-6424.7,0
2026-04-09T11:21:11.254080+00:00,3.88,29.10,3.88,29.1,-101.7,437009399.9317375,9351.1,564.9,-6415.1,0
2026-04-09T11:21:11.607195+00:00,3.81,29.25,3.81,29.25,-98.7,437009341.9428883,9335.7,562.6,-6404.5,0
2026-04-09T11:21:11.946417+00:00,3.75,29.39,3.75,29.39,-97.7,437009341.9428883,9320.4,560.5,-6394.0,0
2026-04-09T11:21:12.274383+00:00,3.70,29.53,3.7,29.53,-96.7,437009341.9428883,9305.6,558.4,-6383.8,0
2026-04-09T11:21:12.602244+00:00,3.64,29.68,3.64,29.68,-97.7,437009341.9428883,9290.6,556.3,-6373.6,0
2026-04-09T11:21:12.966257+00:00,3.58,29.83,3.58,29.83,-97.7,437009281.01448935,9274.7,554.1,-6362.6,0
2026-04-09T11:21:13.297937+00:00,3.51,29.98,3.51,29.98,-99.7,437009281.01448935,9258.4,551.9,-6351.5,0
2026-04-09T11:21:13.621938+00:00,3.45,30.13,3.45,30.13,-97.7,437009281.01448935,9242.6,549.7,-6340.7,0
2026-04-09T11:21:13.969575+00:00,3.39,30.27,3.39,30.27,-97.7,437009281.01448935,9227.2,547.7,-6330.1,0
2026-04-09T11:21:14.318233+00:00,3.32,30.44,3.32,30.44,-98.7,437009216.239764,9209.3,545.4,-6317.8,0
2026-04-09T11:21:14.642292+00:00,3.26,30.59,3.26,30.59,-99.7,437009216.239764,9193.5,543.3,-6307.0,0
2026-04-09T11:21:14.989727+00:00,3.19,30.74,3.19,30.74,-97.7,437009216.239764,9177.2,541.3,-6295.8,0
2026-04-09T11:21:15.318835+00:00,3.13,30.90,3.13,30.9,-98.7,437009216.239764,9159.8,539.1,-6283.8,0
2026-04-09T11:21:15.663411+00:00,3.06,31.06,3.06,31.06,-98.7,437009149.2052152,9142.2,536.9,-6271.8,0
2026-04-09T11:21:16.011476+00:00,2.99,31.21,2.99,31.21,-101.7,437009149.2052152,9125.4,534.9,-6260.3,0
2026-04-09T11:21:16.333940+00:00,2.92,31.37,2.92,31.37,-104.7,437009149.2052152,9107.6,532.7,-6248.0,0
2026-04-09T11:21:16.661853+00:00,2.86,31.52,2.86,31.52,-101.7,437009149.2052152,9090.3,530.7,-6236.1,0
2026-04-09T11:21:17.024909+00:00,2.78,31.69,2.78,31.69,-97.7,437009079.2275577,9071.9,528.5,-6223.5,0
2026-04-09T11:21:17.348889+00:00,2.71,31.85,2.71,31.85,-103.7,437009079.2275577,9053.4,526.4,-6210.8,0
2026-04-09T11:21:17.672847+00:00,2.64,32.01,2.64,32.01,-100.7,437009079.2275577,9035.7,524.4,-6198.7,0
2026-04-09T11:21:17.996835+00:00,2.57,32.17,2.57,32.17,-99.7,437009079.2275577,9017.8,522.4,-6186.4,0
2026-04-09T11:21:18.360845+00:00,2.49,32.35,2.49,32.35,-97.7,437009006.29398006,8997.4,520.1,-6172.4,0
2026-04-09T11:21:18.686014+00:00,2.42,32.51,2.42,32.51,-100.7,437009006.29398006,8979.1,518.1,-6159.9,0
2026-04-09T11:21:19.008868+00:00,2.35,32.67,2.35,32.67,-101.7,437009006.29398006,8960.6,516.1,-6147.2,0
2026-04-09T11:21:19.352850+00:00,2.27,32.84,2.27,32.84,-101.7,437009006.29398006,8940.6,514.0,-6133.4,0
2026-04-09T11:21:19.697050+00:00,2.20,33.01,2.2,33.01,-101.7,437008928.5403948,8920.4,511.9,-6119.6,0
2026-04-09T11:21:20.020815+00:00,2.12,33.18,2.12,33.18,-101.7,437008928.5403948,8901.2,509.9,-6106.4,0
2026-04-09T11:21:20.365956+00:00,2.04,33.35,2.04,33.35,-105.7,437008928.5403948,8880.5,507.8,-6092.2,0
2026-04-09T11:21:20.684869+00:00,1.96,33.52,1.96,33.52,-101.7,437008928.5403948,8860.8,505.9,-6078.7,0
2026-04-09T11:21:21.028867+00:00,1.88,33.70,1.88,33.7,-104.7,437008848.36897624,8839.6,503.8,-6064.2,0
2026-04-09T11:21:21.372841+00:00,1.80,33.88,1.8,33.88,-101.7,437008848.36897624,8818.1,501.7,-6049.4,0
2026-04-09T11:21:21.696990+00:00,1.72,34.05,1.72,34.05,-103.7,437008848.36897624,8797.7,499.7,-6035.4,0
2026-04-09T11:21:22.022366+00:00,1.64,34.22,1.64,34.22,-101.7,437008848.36897624,8777.0,497.8,-6021.2,0
2026-04-09T11:21:22.390292+00:00,1.55,34.41,1.55,34.41,-100.7,437008763.8594084,8754.7,495.7,-6005.9,0
2026-04-09T11:21:22.714432+00:00,1.46,34.59,1.46,34.59,-102.7,437008763.8594084,8732.0,493.6,-5990.4,0
2026-04-09T11:21:23.045983+00:00,1.38,34.77,1.38,34.77,-107.7,437008763.8594084,8710.2,491.6,-5975.4,0
2026-04-09T11:21:23.389906+00:00,1.29,34.95,1.29,34.95,-106.7,437008763.8594084,8688.2,489.7,-5960.3,0
2026-04-09T11:21:23.738278+00:00,1.20,35.15,1.2,35.15,-102.7,437008673.0849694,8663.4,487.5,-5943.3,0
2026-04-09T11:21:24.063359+00:00,1.11,35.33,1.11,35.33,-105.7,437008673.0849694,8640.9,485.6,-5927.9,0
2026-04-09T11:21:24.410370+00:00,1.02,35.51,1.02,35.51,-107.7,437008673.0849694,8618.4,483.7,-5912.4,0
2026-04-09T11:21:24.734294+00:00,0.93,35.71,0.93,35.71,-104.7,437008673.0849694,8593.8,481.6,-5895.6,0
2026-04-09T11:21:25.081984+00:00,0.83,35.90,0.83,35.9,-104.7,437008579.2848581,8569.2,479.6,-5878.7,0
2026-04-09T11:21:25.426200+00:00,0.74,36.09,0.74,36.09,-103.7,437008579.2848581,8545.5,477.7,-5862.4,0
2026-04-09T11:21:25.775686+00:00,0.63,36.30,0.63,36.3,-106.7,437008529.16660047,8518.8,475.5,-5844.1,0
2026-04-09T11:21:26.101982+00:00,0.54,36.49,0.54,36.49,-107.7,437008529.16660047,8494.5,473.6,-5827.4,0
2026-04-09T11:21:26.465961+00:00,0.44,36.69,0.44,36.69,-110.7,437008478.95794964,8468.6,471.6,-5809.7,0
2026-04-09T11:21:26.794396+00:00,0.33,36.90,0.33,36.9,-106.7,437008478.95794964,8442.2,469.6,-5791.5,0
2026-04-09T11:21:27.138238+00:00,0.23,37.10,0.23,37.1,-103.7,437008426.1919618,8415.6,467.6,-5773.3,0
2026-04-09T11:21:27.490853+00:00,0.13,37.30,0.13,37.3,-105.7,437008426.1919618,8390.0,465.7,-5755.8,0
2026-04-09T11:21:27.833801+00:00,0.01,37.52,0.01,37.52,-108.7,437008371.731996,8360.9,463.6,-5735.8,0
2026-04-09T11:21:28.163348+00:00,359.91,37.72,359.91,37.72,-108.7,437008371.731996,8334.7,461.7,-5717.8,0
2026-04-09T11:21:28.525965+00:00,359.80,37.93,359.8,37.93,-108.7,437008317.77524126,8306.7,459.7,-5698.6,0
2026-04-09T11:21:28.853742+00:00,359.69,38.14,359.69,38.14,-106.7,437008317.77524126,8278.2,457.8,-5679.0,0
2026-04-09T11:21:29.198656+00:00,359.57,38.36,359.57,38.36,-107.7,437008260.9700414,8249.5,455.8,-5659.4,0
2026-04-09T11:21:29.546270+00:00,359.47,38.56,359.47,38.56,-107.7,437008260.9700414,8221.9,454.0,-5640.4,0
2026-04-09T11:21:29.889730+00:00,359.34,38.79,359.34,38.79,-107.7,437008202.4893692,8190.4,451.9,-5618.8,0
2026-04-09T11:21:30.218458+00:00,359.23,39.00,359.23,39.0,-109.7,437008202.4893692,8162.4,450.1,-5599.6,0
2026-04-09T11:21:30.587376+00:00,359.11,39.22,359.11,39.22,-107.7,437008144.25496435,8131.9,448.1,-5578.7,0
2026-04-09T11:21:30.909979+00:00,358.99,39.44,358.99,39.44,-106.7,437008144.25496435,8101.5,446.2,-5557.8,0
2026-04-09T11:21:31.254678+00:00,358.86,39.67,358.86,39.67,-108.7,437008082.8048486,8070.0,444.3,-5536.2,0
2026-04-09T11:21:31.605968+00:00,358.74,39.88,358.74,39.88,-109.7,437008082.8048486,8040.6,442.5,-5516.1,0
2026-04-09T11:21:31.948832+00:00,358.60,40.12,358.6,40.12,-107.7,437008019.31555355,8006.2,440.4,-5492.4,0
2026-04-09T11:21:32.272839+00:00,358.48,40.34,358.48,40.34,-108.7,437008019.31555355,7975.9,438.7,-5471.7,0
2026-04-09T11:21:32.637463+00:00,358.35,40.57,358.35,40.57,-107.7,437007956.9252089,7943.4,436.8,-5449.4,0
2026-04-09T11:21:32.960862+00:00,358.22,40.80,358.22,40.8,-107.7,437007956.9252089,7910.4,434.9,-5426.7,0
2026-04-09T11:21:33.304862+00:00,358.08,41.03,358.08,41.03,-109.7,437007890.88213545,7877.0,433.1,-5403.8,0
2026-04-09T11:21:33.648882+00:00,357.95,41.26,357.95,41.26,-107.7,437007890.88213545,7845.1,431.3,-5381.9,0
2026-04-09T11:21:33.992883+00:00,357.80,41.50,357.8,41.5,-110.7,437007823.10522574,7809.3,429.4,-5357.3,0
2026-04-09T11:21:34.316860+00:00,357.67,41.73,357.67,41.73,-107.7,437007823.10522574,7776.7,427.7,-5335.0,0
2026-04-09T11:21:34.681001+00:00,357.52,41.97,357.52,41.97,-107.7,437007755.6123065,7741.4,425.8,-5310.8,0
2026-04-09T11:21:35.004867+00:00,357.38,42.21,357.38,42.21,-107.7,437007755.6123065,7705.9,424.0,-5286.4,0
2026-04-09T11:21:35.348874+00:00,357.23,42.46,357.23,42.46,-107.7,437007684.30081946,7669.7,422.2,-5261.6,0
2026-04-09T11:21:35.693267+00:00,357.09,42.69,357.09,42.69,-107.7,437007684.30081946,7635.4,420.5,-5238.1,0
2026-04-09T11:21:36.036861+00:00,356.92,42.95,356.92,42.95,-109.7,437007611.0775573,7596.2,418.6,-5211.2,0
2026-04-09T11:21:36.362097+00:00,356.77,43.18,356.77,43.18,-109.7,437007611.0775573,7561.0,416.9,-5187.0,0
2026-04-09T11:21:36.721198+00:00,356.61,43.43,356.61,43.43,-109.7,437007538.11052704,7522.9,415.1,-5160.9,0
2026-04-09T11:21:37.049716+00:00,356.45,43.69,356.45,43.69,-109.7,437007538.11052704,7484.4,413.3,-5134.5,0
2026-04-09T11:21:37.394021+00:00,356.29,43.94,356.29,43.94,-107.7,437007461.150549,7445.5,411.6,-5107.8,0
2026-04-09T11:21:37.742072+00:00,356.13,44.19,356.13,44.19,-107.7,437007461.150549,7408.0,409.9,-5082.1,0
2026-04-09T11:21:38.091304+00:00,355.94,44.46,355.94,44.46,-109.7,437007381.64818054,7365.2,408.0,-5052.7,0
2026-04-09T11:21:38.414038+00:00,355.78,44.71,355.78,44.71,-108.7,437007381.64818054,7327.2,406.4,-5026.7,0
2026-04-09T11:21:38.781678+00:00,355.60,44.97,355.6,44.97,-105.7,437007302.49813104,7285.6,404.7,-4998.1,0
2026-04-09T11:21:39.106230+00:00,355.42,45.24,355.42,45.24,-107.7,437007302.49813104,7243.7,402.9,-4969.4,0
2026-04-09T11:21:39.454276+00:00,355.23,45.51,355.23,45.51,-105.7,437007218.8718517,7201.5,401.2,-4940.4,0
2026-04-09T11:21:39.797736+00:00,355.06,45.76,355.06,45.76,-105.7,437007218.8718517,7161.1,399.6,-4912.7,0
2026-04-09T11:21:40.145889+00:00,354.85,46.05,354.85,46.05,-109.7,437007133.1658231,7115.3,397.8,-4881.3,0
2026-04-09T11:21:40.470274+00:00,354.67,46.30,354.67,46.3,-106.7,437007133.1658231,7073.8,396.2,-4852.8,0
2026-04-09T11:21:40.837390+00:00,354.47,46.58,354.47,46.58,-107.7,437007047.6768799,7029.5,394.6,-4822.4,0
2026-04-09T11:21:41.168469+00:00,354.27,46.86,354.27,46.86,-109.7,437007047.6768799,6984.3,392.9,-4791.4,0
2026-04-09T11:21:41.510123+00:00,354.06,47.13,354.06,47.13,-109.7,437006956.6647146,6938.8,391.3,-4760.2,0
2026-04-09T11:21:41.857502+00:00,353.87,47.40,353.87,47.4,-106.7,437006956.6647146,6895.2,389.7,-4730.3,0
2026-04-09T11:21:42.202962+00:00,353.64,47.70,353.64,47.7,-107.7,437006864.5429225,6845.3,388.0,-4696.0,0
2026-04-09T11:21:42.530043+00:00,353.43,47.96,353.43,47.96,-107.7,437006864.5429225,6801.1,386.5,-4665.7,0
2026-04-09T11:21:42.897910+00:00,353.21,48.25,353.21,48.25,-108.7,437006772.3513785,6752.7,384.8,-4632.5,0
2026-04-09T11:21:43.222662+00:00,352.98,48.54,352.98,48.54,-104.7,437006772.3513785,6704.6,383.2,-4599.5,0
2026-04-09T11:21:43.570237+00:00,352.75,48.83,352.75,48.83,-106.7,437006675.04160124,6655.0,381.6,-4565.5,0
2026-04-09T11:21:43.913596+00:00,352.53,49.11,352.53,49.11,-105.7,437006675.04160124,6607.9,380.2,-4533.2,0
2026-04-09T11:21:44.261985+00:00,352.27,49.42,352.27,49.42,-103.7,437006575.52538234,6554.7,378.5,-4496.7,0
2026-04-09T11:21:44.585908+00:00,352.04,49.69,352.04,49.69,-109.7,437006575.52538234,6506.6,377.0,-4463.7,0
2026-04-09T11:21:44.953973+00:00,351.79,49.99,351.79,49.99,-106.7,437006476.2874596,6455.1,375.5,-4428.3,0
2026-04-09T11:21:45.282929+00:00,351.54,50.29,351.54,50.29,-103.7,437006476.2874596,6402.7,374.0,-4392.4,0
2026-04-09T11:21:45.626211+00:00,351.28,50.59,351.28,50.59,-108.7,437006370.880041,6349.9,372.5,-4356.2,0
2026-04-09T11:21:45.974021+00:00,351.02,50.87,351.02,50.87,-107.7,437006370.880041,6299.3,371.1,-4321.5,0
2026-04-09T11:21:46.317924+00:00,350.74,51.19,350.74,51.19,-108.7,437006263.7722386,6242.3,369.5,-4282.4,0
2026-04-09T11:21:46.646292+00:00,350.47,51.48,350.47,51.48,-108.7,437006263.7722386,6190.3,368.1,-4246.7,0
2026-04-09T11:21:47.013055+00:00,350.19,51.79,350.19,51.79,-107.7,437006157.07867795,6134.4,366.6,-4208.3,0
2026-04-09T11:21:47.336876+00:00,349.90,52.10,349.9,52.1,-106.7,437006157.07867795,6077.9,365.2,-4169.6,0
2026-04-09T11:21:47.680863+00:00,349.60,52.41,349.6,52.41,-107.7,437006044.89321256,6022.1,363.7,-4131.3,0
2026-04-09T11:21:48.024839+00:00,349.32,52.70,349.32,52.7,-107.7,437006044.89321256,5968.4,362.4,-4094.5,0
2026-04-09T11:21:48.368823+00:00,348.99,53.03,348.99,53.03,-109.7,437005930.44116193,5907.1,360.9,-4052.4,0
2026-04-09T11:21:48.689118+00:00,348.70,53.32,348.7,53.32,-110.7,437005930.44116193,5852.2,359.6,-4014.7,0
2026-04-09T11:21:49.056859+00:00,348.38,53.64,348.38,53.64,-108.7,437005817.34037894,5792.8,358.2,-3974.0,0
2026-04-09T11:21:49.376891+00:00,348.05,53.95,348.05,53.95,-107.7,437005817.34037894,5733.2,356.9,-3933.1,0
2026-04-09T11:21:49.721786+00:00,347.71,54.27,347.71,54.27,-107.7,437005697.6234735,5672.5,355.5,-3891.5,0
2026-04-09T11:21:50.064835+00:00,347.39,54.57,347.39,54.57,-104.7,437005697.6234735,5614.9,354.3,-3851.9,0
2026-04-09T11:21:50.408849+00:00,347.01,54.91,347.01,54.91,-107.7,437005575.10758996,5549.4,352.9,-3807.0,0
2026-04-09T11:21:50.731851+00:00,346.67,55.21,346.67,55.21,-105.7,437005575.10758996,5490.5,351.7,-3766.6,0
2026-04-09T11:21:51.096833+00:00,346.30,55.53,346.3,55.53,-108.7,437005453.6661011,5427.2,350.4,-3723.2,0
2026-04-09T11:21:51.420941+00:00,345.93,55.85,345.93,55.85,-105.7,437005453.6661011,5363.2,349.1,-3679.3,0
2026-04-09T11:21:51.764887+00:00,345.54,56.18,345.54,56.18,-107.7,437005325.45119196,5298.6,347.8,-3635.0,0
2026-04-09T11:21:52.115051+00:00,345.17,56.48,345.17,56.48,-106.7,437005325.45119196,5237.9,346.7,-3593.3,0
2026-04-09T11:21:52.458027+00:00,344.73,56.83,344.73,56.83,-107.7,437005193.43372935,5167.1,345.4,-3544.8,0
2026-04-09T11:21:52.782880+00:00,344.34,57.14,344.34,57.14,-107.7,437005193.43372935,5103.7,344.2,-3501.3,0
2026-04-09T11:21:53.149927+00:00,343.91,57.47,343.91,57.47,-109.7,437005063.71523684,5036.1,343.0,-3454.9,0
2026-04-09T11:21:53.479195+00:00,343.47,57.80,343.47,57.8,-108.7,437005063.71523684,4967.4,341.8,-3407.7,0
2026-04-09T11:21:53.822455+00:00,343.02,58.13,343.02,58.13,-106.7,437004925.6684941,4898.3,340.7,-3360.4,0
2026-04-09T11:21:54.169983+00:00,342.58,58.44,342.58,58.44,-109.7,437004925.6684941,4832.2,339.6,-3315.0,0
2026-04-09T11:21:54.513695+00:00,342.08,58.80,342.08,58.8,-108.7,437004785.83844817,4756.9,338.4,-3263.3,0
2026-04-09T11:21:54.841491+00:00,341.62,59.11,341.62,59.11,-107.7,437004785.83844817,4690.3,337.3,-3217.6,0
2026-04-09T11:21:55.209948+00:00,341.12,59.44,341.12,59.44,-106.7,437004647.20059264,4617.5,336.2,-3167.7,0
2026-04-09T11:21:55.533707+00:00,340.60,59.78,340.6,59.78,-107.7,437004647.20059264,4544.6,335.1,-3117.7,0
2026-04-09T11:21:55.882312+00:00,340.08,60.11,340.08,60.11,-110.7,437004501.4732972,4471.3,334.0,-3067.4,0
2026-04-09T11:21:56.226517+00:00,339.57,60.42,339.57,60.42,-107.7,437004501.4732972,4401.2,333.0,-3019.3,0
2026-04-09T11:21:56.573733+00:00,338.98,60.77,338.98,60.77,-109.7,437004352.7847433,4322.2,332.0,-2965.2,0
2026-04-09T11:21:56.897884+00:00,338.44,61.09,338.44,61.09,-108.7,437004352.7847433,4250.8,331.0,-2916.2,0
2026-04-09T11:21:57.266052+00:00,337.86,61.42,337.86,61.42,-110.7,437004206.0460435,4174.8,330.0,-2864.0,0
2026-04-09T11:21:57.589954+00:00,337.26,61.75,337.26,61.75,-112.7,437004206.0460435,4097.6,329.0,-2811.1,0
2026-04-09T11:21:57.937922+00:00,336.64,62.08,336.64,62.08,-111.7,437004052.0413884,4020.2,328.1,-2758.0,0
2026-04-09T11:21:58.283114+00:00,336.04,62.39,336.04,62.39,-109.7,437004052.0413884,3946.3,327.2,-2707.2,0
2026-04-09T11:21:58.630280+00:00,335.35,62.73,335.35,62.73,-112.7,437003895.05269873,3862.9,326.2,-2650.1,0
2026-04-09T11:21:58.953048+00:00,334.72,63.04,334.72,63.04,-109.7,437003895.05269873,3787.7,325.3,-2598.5,0
2026-04-09T11:21:59.317007+00:00,334.03,63.37,334.03,63.37,-109.7,437003740.77081496,3707.7,324.4,-2543.6,0
2026-04-09T11:21:59.640894+00:00,333.32,63.69,333.32,63.69,-112.7,437003740.77081496,3627.2,323.6,-2488.4,0
2026-04-09T11:21:59.984840+00:00,332.60,64.01,332.6,64.01,-107.7,437003579.79914206,3546.1,322.7,-2432.7,0
2026-04-09T11:22:00.328828+00:00,331.91,64.30,331.91,64.3,-109.7,437003579.79914206,3470.4,322.0,-2380.8,0
2026-04-09T11:22:00.672833+00:00,331.09,64.63,331.09,64.63,-109.7,437003416.2363235,3383.0,321.1,-2320.8,0
2026-04-09T11:22:00.995825+00:00,330.35,64.93,330.35,64.93,-107.7,437003416.2363235,3305.1,320.4,-2267.4,0
2026-04-09T11:22:01.360872+00:00,329.54,65.24,329.54,65.24,-103.7,437003255.2927648,3221.3,319.6,-2209.9,0
2026-04-09T11:22:01.684839+00:00,328.71,65.54,328.71,65.54,-106.7,437003255.2927648,3137.4,318.8,-2152.4,0
2026-04-09T11:22:02.029016+00:00,327.85,65.85,327.85,65.85,-107.7,437003086.6394715,3052.5,318.1,-2094.1,0
2026-04-09T11:22:02.372834+00:00,327.03,66.13,327.03,66.13,-105.7,437003086.6394715,2972.4,317.4,-2039.1,0
2026-04-09T11:22:02.718268+00:00,326.07,66.44,326.07,66.44,-105.7,437002915.91158915,2881.3,316.7,-1976.6,0
2026-04-09T11:22:03.036865+00:00,325.19,66.71,325.19,66.71,-106.7,437002915.91158915,2800.2,316.1,-1921.0,0
2026-04-09T11:22:03.400889+00:00,324.23,67.00,324.23,67.0,-109.7,437002749.0120611,2712.9,315.4,-1861.1,0
2026-04-09T11:22:03.724852+00:00,323.25,67.28,323.25,67.28,-105.7,437002749.0120611,2625.5,314.8,-1801.1,0
2026-04-09T11:22:04.073923+00:00,322.24,67.56,322.24,67.56,-106.7,437002573.9741438,2537.4,314.2,-1740.7,0
2026-04-09T11:22:04.418347+00:00,321.26,67.82,321.26,67.82,-106.7,437002573.9741438,2453.3,313.6,-1683.0,0
2026-04-09T11:22:04.765831+00:00,320.13,68.10,320.13,68.1,-107.7,437002395.42905164,2358.9,313.0,-1618.2,0
2026-04-09T11:22:05.089753+00:00,319.09,68.35,319.09,68.35,-104.7,437002395.42905164,2273.9,312.5,-1559.9,0
2026-04-09T11:22:05.458022+00:00,317.96,68.60,317.96,68.6,-103.7,437002220.74701196,2183.6,312.0,-1498.0,0
2026-04-09T11:22:05.781939+00:00,316.80,68.85,316.8,68.85,-107.7,437002220.74701196,2092.5,311.5,-1435.5,0
2026-04-09T11:22:06.130222+00:00,315.62,69.09,315.62,69.09,-105.7,437002038.8499077,2001.5,311.0,-1373.1,0
2026-04-09T11:22:06.478268+00:00,314.47,69.31,314.47,69.31,-105.7,437002038.8499077,1914.8,310.5,-1313.6,0
2026-04-09T11:22:06.823520+00:00,313.16,69.54,313.16,69.54,-105.7,437001854.116636,1817.8,310.1,-1247.0,0
2026-04-09T11:22:07.151332+00:00,311.95,69.75,311.95,69.75,-106.7,437001854.116636,1730.1,309.7,-1186.9,0
2026-04-09T11:22:07.518890+00:00,310.66,69.95,310.66,69.95,-103.7,437001674.0508784,1637.7,309.3,-1123.5,0
2026-04-09T11:22:07.841936+00:00,309.32,70.15,309.32,70.15,-103.7,437001674.0508784,1544.2,308.9,-1059.4,0
2026-04-09T11:22:08.186052+00:00,307.94,70.34,307.94,70.34,-107.7,437001487.8989891,1449.6,308.5,-994.5,0
2026-04-09T11:22:08.533916+00:00,306.65,70.51,306.65,70.51,-104.7,437001487.8989891,1362.0,308.2,-934.3,0
2026-04-09T11:22:08.881929+00:00,305.14,70.69,305.14,70.69,-102.7,437001300.0873752,1261.5,307.9,-865.4,0
2026-04-09T11:22:09.208131+00:00,303.78,70.83,303.78,70.83,-106.7,437001300.0873752,1172.3,307.6,-804.2,0
2026-04-09T11:22:09.574341+00:00,302.32,70.98,302.32,70.98,-104.7,437001115.98374015,1077.8,307.4,-739.4,0
2026-04-09T11:22:09.897977+00:00,300.83,71.11,300.83,71.11,-106.7,437001115.98374015,982.5,307.1,-674.0,0
2026-04-09T11:22:10.247710+00:00,299.32,71.24,299.32,71.24,-105.7,437000926.67459285,887.8,306.9,-609.0,0
2026-04-09T11:22:10.590239+00:00,297.88,71.34,297.88,71.34,-103.7,437000926.67459285,797.6,306.7,-547.2,0
2026-04-09T11:22:10.938370+00:00,296.25,71.44,296.25,71.44,-103.7,437000735.8590152,696.8,306.5,-478.0,0
2026-04-09T11:22:11.262313+00:00,294.77,71.52,294.77,71.52,-104.7,437000735.8590152,606.5,306.4,-416.1,0
2026-04-09T11:22:11.629932+00:00,293.19,71.60,293.19,71.6,-103.7,437000549.9997909,510.9,306.2,-350.5,0
2026-04-09T11:22:11.954804+00:00,291.60,71.66,291.6,71.66,-107.7,437000549.9997909,414.7,306.1,-284.5,0
2026-04-09T11:22:12.301589+00:00,290.00,71.70,290.0,71.7,-107.7,437000357.9855504,319.0,306.0,-218.8,0
2026-04-09T11:22:12.646289+00:00,288.48,71.73,288.48,71.73,-101.7,437000357.9855504,228.2,306.0,-156.5,0
2026-04-09T11:22:12.994366+00:00,286.79,71.76,286.79,71.76,-105.7,437000165.9616567,127.1,305.9,-87.2,0
2026-04-09T11:22:13.317618+00:00,285.26,71.76,285.26,71.76,-104.7,437000165.9616567,35.9,305.9,-24.6,0
2026-04-09T11:22:13.686419+00:00,283.65,71.75,283.65,71.75,-107.7,436999979.389412,-60.0,305.9,41.2,0
2026-04-09T11:22:14.010003+00:00,282.03,71.73,282.03,71.73,-101.7,436999979.389412,-156.4,305.9,107.3,0
2026-04-09T11:22:14.357989+00:00,280.43,71.70,280.43,71.7,-103.7,436999786.9144183,-252.3,306.0,173.1,0
2026-04-09T11:22:14.707168+00:00,278.91,71.65,278.91,71.65,-105.7,436999786.9144183,-343.1,306.1,235.4,0
2026-04-09T11:22:15.050251+00:00,277.24,71.59,277.24,71.59,-105.7,436999593.4067815,-444.1,306.2,304.7,0
2026-04-09T11:22:15.379056+00:00,275.74,71.52,275.74,71.52,-107.7,436999593.4067815,-535.0,306.3,367.0,0
2026-04-09T11:22:15.742404+00:00,274.18,71.43,274.18,71.43,-106.7,436999407.21143067,-630.5,306.4,432.5,0
2026-04-09T11:22:16.069875+00:00,272.63,71.34,272.63,71.34,-103.7,436999407.21143067,-726.4,306.6,498.3,0
2026-04-09T11:22:16.414364+00:00,271.09,71.22,271.09,71.22,-104.7,436999216.3077288,-822.8,306.8,564.4,0
2026-04-09T11:22:16.762516+00:00,269.68,71.11,269.68,71.11,-104.7,436999216.3077288,-911.7,306.9,625.4,0
2026-04-09T11:22:17.109943+00:00,268.09,70.96,268.09,70.96,-103.7,436999025.5666186,-1013.1,307.2,695.0,0
2026-04-09T11:22:17.433938+00:00,266.73,70.83,266.73,70.83,-103.7,436999025.5666186,-1101.7,307.4,755.8,0
2026-04-09T11:22:17.801584+00:00,265.28,70.67,265.28,70.67,-103.7,436998841.49866027,-1197.2,307.7,821.3,0
2026-04-09T11:22:18.126256+00:00,263.86,70.50,263.86,70.5,-103.7,436998841.49866027,-1291.8,308.0,886.2,0
2026-04-09T11:22:18.473938+00:00,262.47,70.32,262.47,70.32,-102.7,436998652.7047349,-1385.7,308.3,950.6,0
2026-04-09T11:22:18.818496+00:00,261.19,70.14,261.19,70.14,-103.7,436998652.7047349,-1474.3,308.6,1011.4,0
2026-04-09T11:22:19.166262+00:00,259.78,69.93,259.78,69.93,-102.7,436998465.0932133,-1572.9,309.0,1079.1,0
2026-04-09T11:22:19.489930+00:00,258.55,69.73,258.55,69.73,-101.7,436998465.0932133,-1660.9,309.4,1139.4,0
2026-04-09T11:22:19.857978+00:00,257.28,69.52,257.28,69.52,-101.7,436998284.4160577,-1753.5,309.8,1202.9,0
2026-04-09T11:22:20.182267+00:00,256.03,69.29,256.03,69.29,-103.7,436998284.4160577,-1846.2,310.2,1266.5,0
2026-04-09T11:22:20.530238+00:00,254.82,69.06,254.82,69.06,-101.7,436998099.52566606,-1938.0,310.7,1329.5,0
2026-04-09T11:22:20.877937+00:00,253.70,68.83,253.7,68.83,-101.7,436998099.52566606,-2024.6,311.1,1388.9,0
2026-04-09T11:22:21.222606+00:00,252.48,68.57,252.48,68.57,-98.7,436997915.3810161,-2120.6,311.6,1454.8,0
2026-04-09T11:22:21.549928+00:00,251.41,68.32,251.41,68.32,-100.7,436997915.3810161,-2206.6,312.1,1513.8,0
2026-04-09T11:22:21.919053+00:00,250.30,68.06,250.3,68.06,-104.7,436997739.1567803,-2297.8,312.6,1576.3,0
2026-04-09T11:22:22.242256+00:00,249.24,67.79,249.24,67.79,-99.7,436997739.1567803,-2386.6,313.2,1637.3,0
2026-04-09T11:22:22.589945+00:00,248.19,67.52,248.19,67.52,-99.7,436997559.43497854,-2477.0,313.8,1699.3,0
2026-04-09T11:22:22.934376+00:00,247.23,67.25,247.23,67.25,-101.7,436997559.43497854,-2561.0,314.3,1756.9,0
2026-04-09T11:22:23.282263+00:00,246.19,66.95,246.19,66.95,-99.7,436997381.75395745,-2654.2,315.0,1820.8,0
2026-04-09T11:22:23.606206+00:00,245.28,66.68,245.28,66.68,-96.7,436997381.75395745,-2737.2,315.6,1877.8,0
2026-04-09T11:22:23.975579+00:00,244.35,66.38,244.35,66.38,-97.7,436997211.2767909,-2824.6,316.3,1937.7,0
2026-04-09T11:22:24.298429+00:00,243.44,66.08,243.44,66.08,-98.7,436997211.2767909,-2911.3,316.9,1997.2,0
2026-04-09T11:22:24.646328+00:00,242.56,65.78,242.56,65.78,-101.7,436997037.79530466,-2997.2,317.6,2056.2,0
2026-04-09T11:22:24.995653+00:00,241.74,65.49,241.74,65.49,-97.7,436997037.79530466,-3078.2,318.3,2111.7,0
2026-04-09T11:22:25.337941+00:00,240.86,65.17,240.86,65.17,-97.7,436996865.38251925,-3167.7,319.1,2173.1,0
2026-04-09T11:22:25.667334+00:00,240.09,64.87,240.09,64.87,-99.7,436996865.38251925,-3247.7,319.8,2228.0,0
2026-04-09T11:22:26.033712+00:00,239.31,64.56,239.31,64.56,-98.7,436996701.5467425,-3331.1,320.6,2285.2,0
2026-04-09T11:22:26.357962+00:00,238.53,64.24,238.53,64.24,-101.7,436996701.5467425,-3414.6,321.4,2342.5,0
2026-04-09T11:22:26.705452+00:00,237.78,63.91,237.78,63.91,-98.7,436996535.5394,-3498.2,322.2,2399.8,0
2026-04-09T11:22:27.049699+00:00,237.09,63.61,237.09,63.61,-98.7,436996535.5394,-3575.3,323.0,2452.7,0
2026-04-09T11:22:27.393971+00:00,236.34,63.26,236.34,63.26,-101.7,436996371.7833398,-3661.5,323.9,2511.9,0
2026-04-09T11:22:27.721517+00:00,235.70,62.96,235.7,62.96,-99.7,436996371.7833398,-3736.8,324.8,2563.6,0
2026-04-09T11:22:28.088926+00:00,235.03,62.63,235.03,62.63,-99.7,436996215.1886068,-3817.5,325.7,2618.9,0
2026-04-09T11:22:28.412966+00:00,234.38,62.30,234.38,62.3,-97.7,436996215.1886068,-3896.2,326.6,2672.9,0
2026-04-09T11:22:28.757038+00:00,233.75,61.97,233.75,61.97,-99.7,436996056.6949103,-3974.7,327.5,2726.7,0
2026-04-09T11:22:29.101010+00:00,233.17,61.66,233.17,61.66,-98.7,436996056.6949103,-4048.7,328.4,2777.5,0
2026-04-09T11:22:29.444914+00:00,232.54,61.31,232.54,61.31,-104.7,436995901.6130134,-4129.9,329.4,2833.2,0
2026-04-09T11:22:29.769068+00:00,231.99,60.99,231.99,60.99,-101.7,436995901.6130134,-4201.9,330.3,2882.6,0
2026-04-09T11:22:30.136904+00:00,231.42,60.66,231.42,60.66,-98.7,436995753.6426208,-4277.5,331.3,2934.5,0
2026-04-09T11:22:30.460915+00:00,230.87,60.33,230.87,60.33,-100.7,436995753.6426208,-4352.3,332.4,2985.8,0
2026-04-09T11:22:30.804976+00:00,230.34,60.00,230.34,60.0,-98.7,436995603.14656407,-4426.6,333.4,3036.8,0
2026-04-09T11:22:31.148928+00:00,229.84,59.68,229.84,59.68,-97.7,436995603.14656407,-4496.8,334.4,3084.9,0
2026-04-09T11:22:31.492938+00:00,229.30,59.33,229.3,59.33,-99.7,436995456.2530574,-4573.8,335.5,3137.7,0
2026-04-09T11:22:31.816946+00:00,228.83,59.02,228.83,59.02,-101.7,436995456.2530574,-4641.8,336.6,3184.4,0
2026-04-09T11:22:32.185038+00:00,228.35,58.68,228.35,58.68,-101.7,436995316.28493094,-4713.2,337.7,3233.4,0
2026-04-09T11:22:32.511299+00:00,227.88,58.35,227.88,58.35,-95.7,436995316.28493094,-4783.7,338.8,3281.7,0
2026-04-09T11:22:32.853773+00:00,227.42,58.02,227.42,58.02,-97.7,436995173.63028365,-4853.8,339.9,3329.8,0
2026-04-09T11:22:33.196875+00:00,226.99,57.70,226.99,57.7,-97.7,436995173.63028365,-4920.1,341.0,3375.3,0
2026-04-09T11:22:33.540980+00:00,226.53,57.35,226.53,57.35,-97.7,436995035.58816737,-4992.7,342.3,3425.1,0
2026-04-09T11:22:33.864761+00:00,226.13,57.04,226.13,57.04,-97.7,436995035.58816737,-5056.7,343.4,3469.0,0
2026-04-09T11:22:34.232954+00:00,225.71,56.72,225.71,56.72,-100.7,436994903.8013136,-5124.0,344.6,3515.2,0
2026-04-09T11:22:34.556878+00:00,225.31,56.39,225.31,56.39,-101.7,436994903.8013136,-5190.3,345.8,3560.7,0
2026-04-09T11:22:34.900906+00:00,224.91,56.06,224.91,56.06,-101.7,436994770.0347121,-5256.4,347.0,3606.0,0
2026-04-09T11:22:35.245979+00:00,224.55,55.75,224.55,55.75,-103.7,436994770.0347121,-5317.6,348.2,3648.0,0
2026-04-09T11:22:35.588965+00:00,224.14,55.41,224.14,55.41,-102.7,436994639.6781308,-5386.0,349.5,3694.9,0
2026-04-09T11:22:35.914039+00:00,223.80,55.11,223.8,55.11,-100.7,436994639.6781308,-5445.6,350.7,3735.8,0
2026-04-09T11:22:36.277235+00:00,223.44,54.78,223.44,54.78,-100.7,436994515.9874949,-5509.1,352.0,3779.4,0
2026-04-09T11:22:36.599801+00:00,223.09,54.46,223.09,54.46,-101.7,436994515.9874949,-5571.3,353.3,3822.1,0
2026-04-09T11:22:36.944936+00:00,222.74,54.14,222.74,54.14,-99.7,436994391.75201017,-5633.2,354.7,3864.5,0
2026-04-09T11:22:37.288919+00:00,222.42,53.84,222.42,53.84,-101.7,436994391.75201017,-5690.5,355.9,3903.9,0
2026-04-09T11:22:37.632928+00:00,222.07,53.50,222.07,53.5,-103.7,436994269.674212,-5755.2,357.4,3948.2,0
2026-04-09T11:22:37.955894+00:00,221.77,53.20,221.77,53.2,-101.7,436994269.674212,-5811.2,358.6,3986.6,0
2026-04-09T11:22:38.320941+00:00,221.45,52.89,221.45,52.89,-99.7,436994154.1413608,-5870.4,360.0,4027.2,0
2026-04-09T11:22:38.644909+00:00,221.15,52.57,221.15,52.57,-98.7,436994154.1413608,-5928.5,361.4,4067.1,0
2026-04-09T11:22:38.988896+00:00,220.85,52.26,220.85,52.26,-101.7,436994037.4704127,-5986.3,362.8,4106.8,0
2026-04-09T11:22:39.332972+00:00,220.57,51.97,220.57,51.97,-97.7,436994037.4704127,-6040.0,364.2,4143.6,0
2026-04-09T11:22:39.680823+00:00,220.26,51.64,220.26,51.64,-99.7,436993923.6379452,-6099.6,365.7,4184.5,0
2026-04-09T11:22:40.004934+00:00,220.00,51.35,220.0,51.35,-101.7,436993923.6379452,-6151.8,367.0,4220.3,0
2026-04-09T11:22:40.368895+00:00,219.72,51.05,219.72,51.05,-100.7,436993815.05823267,-6207.0,368.5,4258.2,0
2026-04-09T11:22:40.693274+00:00,219.45,50.74,219.45,50.74,-100.7,436993815.05823267,-6261.2,370.0,4295.3,0
2026-04-09T11:22:41.037715+00:00,219.18,50.44,219.18,50.44,-96.7,436993706.39666826,-6315.7,371.5,4332.7,0
2026-04-09T11:22:41.380895+00:00,218.94,50.15,218.94,50.15,-100.7,436993706.39666826,-6365.7,372.9,4367.0,0
2026-04-09T11:22:41.724947+00:00,218.67,49.84,218.67,49.84,-97.7,436993600.4419097,-6421.2,374.5,4405.1,0
2026-04-09T11:22:42.048974+00:00,218.43,49.56,218.43,49.56,-100.7,436993600.4419097,-6470.0,375.9,4438.6,0
2026-04-09T11:22:42.412851+00:00,218.19,49.27,218.19,49.27,-97.7,436993499.91642153,-6520.6,377.4,4473.3,0
2026-04-09T11:22:42.736954+00:00,217.95,48.97,217.95,48.97,-98.7,436993499.91642153,-6571.0,379.0,4507.9,0
2026-04-09T11:22:43.080822+00:00,217.72,48.68,217.72,48.68,-97.7,436993398.8862987,-6621.1,380.5,4542.3,0
2026-04-09T11:22:43.431270+00:00,217.50,48.41,217.5,48.41,-97.7,436993398.8862987,-6667.6,382.0,4574.1,0
2026-04-09T11:22:43.774534+00:00,217.26,48.10,217.26,48.1,-102.7,436993299.3828913,-6719.9,383.7,4610.0,0
2026-04-09T11:22:44.102783+00:00,217.05,47.83,217.05,47.83,-95.7,436993299.3828913,-6765.6,385.2,4641.4,0
2026-04-09T11:22:44.466261+00:00,216.83,47.54,216.83,47.54,-96.7,436993205.5116044,-6813.3,386.8,4674.1,0
2026-04-09T11:22:44.794173+00:00,216.62,47.26,216.62,47.26,-101.7,436993205.5116044,-6861.0,388.5,4706.8,0
2026-04-09T11:22:45.138067+00:00,216.41,46.98,216.41,46.98,-95.7,436993111.2153996,-6907.3,390.1,4738.5,0
2026-04-09T11:22:45.485933+00:00,216.21,46.71,216.21,46.71,-95.7,436993111.2153996,-6950.8,391.6,4768.4,0
2026-04-09T11:22:45.833966+00:00,216.00,46.41,216.0,46.41,-94.7,436993019.21033555,-6999.3,393.4,4801.7,0
2026-04-09T11:22:46.158244+00:00,215.81,46.15,215.81,46.15,-99.7,436993019.21033555,-7041.8,395.0,4830.8,0
2026-04-09T11:22:46.525739+00:00,215.61,45.88,215.61,45.88,-98.7,436992931.9975207,-7086.0,396.6,4861.2,0
2026-04-09T11:22:46.853095+00:00,215.42,45.60,215.42,45.6,-101.7,436992931.9975207,-7130.1,398.3,4891.4,0
2026-04-09T11:22:47.192925+00:00,215.24,45.34,215.24,45.34,-97.7,436992844.1284673,-7173.1,400.0,4920.9,0
2026-04-09T11:22:47.536838+00:00,215.06,45.08,215.06,45.08,-95.7,436992844.1284673,-7213.1,401.6,4948.4,0
2026-04-09T11:22:47.880870+00:00,214.87,44.80,214.87,44.8,-95.7,436992759.8267321,-7257.5,403.4,4978.8,0
2026-04-09T11:22:48.205085+00:00,214.70,44.55,214.7,44.55,-95.7,436992759.8267321,-7296.5,405.0,5005.6,0
2026-04-09T11:22:48.568842+00:00,214.53,44.29,214.53,44.29,-95.7,436992679.4581573,-7337.4,406.8,5033.6,0
2026-04-09T11:22:48.892985+00:00,214.36,44.03,214.36,44.03,-93.7,436992679.4581573,-7377.8,408.5,5061.3,0
2026-04-09T11:22:49.236963+00:00,214.19,43.77,214.19,43.77,-94.7,436992598.7920688,-7417.6,410.3,5088.7,0
2026-04-09T11:22:49.581548+00:00,214.03,43.53,214.03,43.53,-93.7,436992598.7920688,-7454.7,411.9,5114.1,0
2026-04-09T11:22:49.924894+00:00,213.86,43.26,213.86,43.26,-94.7,436992520.1011015,-7495.9,413.8,5142.3,0
2026-04-09T11:22:50.248907+00:00,213.71,43.02,213.71,43.02,-97.7,436992520.1011015,-7532.0,415.4,5167.1,0
2026-04-09T11:22:50.613005+00:00,213.56,42.78,213.56,42.78,-95.7,436992445.73191315,-7569.5,417.2,5192.8,0
2026-04-09T11:22:50.936930+00:00,213.40,42.53,213.4,42.53,-93.7,436992445.73191315,-7606.8,419.0,5218.5,0
2026-04-09T11:22:51.281371+00:00,213.25,42.28,213.25,42.28,-92.7,436992370.98407096,-7643.8,420.8,5243.8,0
2026-04-09T11:22:51.624821+00:00,213.11,42.05,213.11,42.05,-91.7,436992370.98407096,-7678.1,422.5,5267.3,0
2026-04-09T11:22:51.969814+00:00,212.95,41.79,212.95,41.79,-91.7,436992298.1458685,-7716.3,424.4,5293.6,0
2026-04-09T11:22:52.293950+00:00,212.81,41.56,212.81,41.56,-92.7,436992298.1458685,-7750.1,426.2,5316.8,0
2026-04-09T11:22:52.662305+00:00,212.67,41.32,212.67,41.32,-89.7,436992229.06431115,-7785.3,428.0,5340.9,0
2026-04-09T11:22:52.989738+00:00,212.53,41.08,212.53,41.08,-91.7,436992229.06431115,-7820.3,429.9,5364.9,0
2026-04-09T11:22:53.334085+00:00,212.39,40.84,212.39,40.84,-92.7,436992159.0574717,-7854.5,431.7,5388.4,0
2026-04-09T11:22:53.682295+00:00,212.26,40.62,212.26,40.62,-92.7,436992159.0574717,-7886.7,433.5,5410.5,0
2026-04-09T11:22:54.030757+00:00,212.12,40.37,212.12,40.37,-92.7,436992091.1681047,-7922.4,435.5,5435.0,0
2026-04-09T11:22:54.354005+00:00,212.00,40.15,212.0,40.15,-91.7,436992091.1681047,-7953.3,437.2,5456.1,0
2026-04-09T11:22:54.722145+00:00,211.86,39.91,211.86,39.91,-91.7,436992026.98698336,-7986.3,439.1,5478.8,0
2026-04-09T11:22:55.045923+00:00,211.73,39.68,211.73,39.68,-91.7,436992026.98698336,-8018.7,441.0,5501.0,0
2026-04-09T11:22:55.394288+00:00,211.61,39.46,211.61,39.46,-95.7,436991962.5474949,-8050.4,442.9,5522.8,0
2026-04-09T11:22:55.742174+00:00,211.49,39.24,211.49,39.24,-91.7,436991962.5474949,-8080.1,444.8,5543.2,0
2026-04-09T11:22:56.085961+00:00,211.36,39.01,211.36,39.01,-93.7,436991899.36567813,-8112.8,446.8,5565.6,0
2026-04-09T11:22:56.413931+00:00,211.25,38.80,211.25,38.8,-89.7,436991899.36567813,-8141.9,448.6,5585.5,0
2026-04-09T11:22:56.782322+00:00,211.13,38.58,211.13,38.58,-89.7,436991839.6856981,-8171.9,450.5,5606.1,0
2026-04-09T11:22:57.105730+00:00,211.01,38.36,211.01,38.36,-91.7,436991839.6856981,-8201.9,452.5,5626.7,0
2026-04-09T11:22:57.450254+00:00,210.89,38.14,210.89,38.14,-95.7,436991780.30323184,-8231.7,454.5,5647.2,0
2026-04-09T11:22:57.798139+00:00,210.79,37.93,210.79,37.93,-91.7,436991780.30323184,-8258.9,456.3,5665.8,0
2026-04-09T11:22:58.146949+00:00,210.67,37.71,210.67,37.71,-95.7,436991722.1343085,-8289.6,458.4,5686.8,0
2026-04-09T11:22:58.470100+00:00,210.56,37.50,210.56,37.5,-92.7,436991722.1343085,-8316.4,460.2,5705.2,0
2026-04-09T11:22:58.837570+00:00,210.45,37.29,210.45,37.29,-93.7,436991667.10137963,-8344.3,462.2,5724.4,0
2026-04-09T11:22:59.161774+00:00,210.35,37.09,210.35,37.09,-91.7,436991667.10137963,-8371.8,464.2,5743.2,0
2026-04-09T11:22:59.510266+00:00,210.24,36.88,210.24,36.88,-89.7,436991611.8791238,-8399.3,466.2,5762.1,0
2026-04-09T11:22:59.858615+00:00,210.14,36.68,210.14,36.68,-92.7,436991611.8791238,-8424.7,468.1,5779.6,0
2026-04-09T11:23:00.202405+00:00,210.03,36.46,210.03,36.46,-89.7,436991557.6625783,-8452.8,470.2,5798.9,0
2026-04-09T11:23:00.530787+00:00,209.93,36.27,209.93,36.27,-93.7,436991557.6625783,-8477.7,472.1,5815.9,0
2026-04-09T11:23:00.893543+00:00,209.83,36.07,209.83,36.07,-90.7,436991506.67313194,-8503.5,474.1,5833.6,0
2026-04-09T11:23:01.223563+00:00,209.73,35.87,209.73,35.87,-91.7,436991506.67313194,-8529.3,476.1,5851.3,0
2026-04-09T11:23:01.565704+00:00,209.64,35.67,209.64,35.67,-91.7,436991455.4274536,-8554.7,478.2,5868.8,0
2026-04-09T11:23:01.914963+00:00,209.55,35.48,209.55,35.48,-89.7,436991455.4274536,-8578.1,480.1,5884.8,0
2026-04-09T11:23:02.238267+00:00,209.45,35.29,209.45,35.29,-89.7,436991455.4274536,-8602.9,482.1,5901.8,0
2026-04-09T11:23:02.566244+00:00,209.36,35.11,209.36,35.11,-91.7,436991455.4274536,-8625.7,484.0,5917.4,0
2026-04-09T11:23:02.934301+00:00,209.27,34.91,209.27,34.91,-91.7,436991359.78745455,-8649.7,486.1,5933.9,0
2026-04-09T11:23:03.258016+00:00,209.18,34.72,209.18,34.72,-91.7,436991359.78745455,-8673.8,488.2,5950.5,0
2026-04-09T11:23:03.586995+00:00,209.09,34.54,209.09,34.54,-94.7,436991359.78745455,-8695.8,490.1,5965.5,0
2026-04-09T11:23:03.910328+00:00,209.01,34.36,209.01,34.36,-91.7,436991359.78745455,-8717.5,492.0,5980.4,0
2026-04-09T11:23:04.277906+00:00,208.91,34.16,208.91,34.16,-93.7,436991268.65856135,-8742.0,494.2,5997.2,0
2026-04-09T11:23:04.602240+00:00,208.83,33.99,208.83,33.99,-88.7,436991268.65856135,-8763.3,496.2,6011.9,0
2026-04-09T11:23:04.930349+00:00,208.75,33.82,208.75,33.82,-91.7,436991268.65856135,-8784.1,498.1,6026.1,0
2026-04-09T11:23:05.279662+00:00,208.67,33.63,208.67,33.63,-89.7,436991268.65856135,-8806.3,500.2,6041.3,0
2026-04-09T11:23:05.622244+00:00,208.58,33.45,208.58,33.45,-89.7,436991180.3090731,-8828.2,502.3,6056.4,0
2026-04-09T11:23:05.949581+00:00,208.50,33.28,208.5,33.28,-91.7,436991180.3090731,-8848.6,504.3,6070.3,0
2026-04-09T11:23:06.294069+00:00,208.42,33.10,208.42,33.1,-92.7,436991180.3090731,-8869.8,506.4,6084.9,0
2026-04-09T11:23:06.619231+00:00,208.35,32.93,208.35,32.93,-89.7,436991180.3090731,-8889.6,508.4,6098.5,0
2026-04-09T11:23:06.964970+00:00,208.27,32.75,208.27,32.75,-91.7,436991098.04011136,-8910.3,510.5,6112.7,0
2026-04-09T11:23:07.308936+00:00,208.19,32.58,208.19,32.58,-91.7,436991098.04011136,-8930.7,512.6,6126.7,0
2026-04-09T11:23:07.632824+00:00,208.12,32.41,208.12,32.41,-88.7,436991098.04011136,-8949.9,514.6,6139.9,0
2026-04-09T11:23:07.956941+00:00,208.04,32.25,208.04,32.25,-92.7,436991098.04011136,-8968.4,516.6,6152.5,0
2026-04-09T11:23:08.320849+00:00,207.97,32.08,207.97,32.08,-89.7,436991019.7719268,-8988.1,518.7,6166.1,0
2026-04-09T11:23:08.644844+00:00,207.89,31.91,207.89,31.91,-90.7,436991019.7719268,-9007.5,520.8,6179.4,0
2026-04-09T11:23:08.968856+00:00,207.82,31.76,207.82,31.76,-93.7,436991019.7719268,-9025.6,522.8,6191.8,0
2026-04-09T11:23:09.294120+00:00,207.76,31.60,207.76,31.6,-93.7,436991019.7719268,-9043.5,524.8,6204.0,0
2026-04-09T11:23:09.656857+00:00,207.68,31.42,207.68,31.42,-95.7,436990945.18850005,-9063.4,527.1,6217.7,0
2026-04-09T11:23:09.980868+00:00,207.61,31.27,207.61,31.27,-93.7,436990945.18850005,-9080.7,529.1,6229.6,0
2026-04-09T11:23:10.300846+00:00,207.55,31.11,207.55,31.11,-92.7,436990945.18850005,-9098.0,531.1,6241.4,0
2026-04-09T11:23:10.644862+00:00,207.48,30.95,207.48,30.95,-95.7,436990945.18850005,-9116.1,533.3,6253.9,0
2026-04-09T11:23:10.988939+00:00,207.41,30.79,207.41,30.79,-93.7,436990873.37024313,-9134.0,535.5,6266.1,0
2026-04-09T11:23:11.312886+00:00,207.34,30.64,207.34,30.64,-92.7,436990873.37024313,-9150.6,537.5,6277.6,0
2026-04-09T11:23:11.656861+00:00,207.27,30.48,207.27,30.48,-93.7,436990873.37024313,-9168.1,539.6,6289.5,0
2026-04-09T11:23:11.987175+00:00,207.21,30.33,207.21,30.33,-93.7,436990873.37024313,-9184.1,541.7,6300.5,0
2026-04-09T11:23:12.330009+00:00,207.15,30.17,207.15,30.17,-89.7,436990805.3136136,-9201.4,543.9,6312.4,0
2026-04-09T11:23:12.678293+00:00,207.08,30.01,207.08,30.01,-94.7,436990805.3136136,-9218.5,546.1,6324.1,0
2026-04-09T11:23:13.001953+00:00,207.02,29.87,207.02,29.87,-94.7,436990805.3136136,-9234.1,548.1,6334.8,0
2026-04-09T11:23:13.330375+00:00,206.96,29.72,206.96,29.72,-97.7,436990805.3136136,-9249.8,550.2,6345.6,0
2026-04-09T11:23:13.694266+00:00,206.89,29.56,206.89,29.56,-93.7,436990740.3467143,-9267.1,552.5,6357.4,0
2026-04-09T11:23:14.022049+00:00,206.83,29.42,206.83,29.42,-91.7,436990740.3467143,-9282.3,554.6,6367.9,0
2026-04-09T11:23:14.344849+00:00,206.77,29.28,206.77,29.28,-93.7,436990740.3467143,-9297.3,556.6,6378.2,0
2026-04-09T11:23:14.688832+00:00,206.71,29.13,206.71,29.13,-91.7,436990740.3467143,-9313.0,558.8,6389.0,0
2026-04-09T11:23:15.033510+00:00,206.65,28.98,206.65,28.98,-92.7,436990677.6681087,-9328.6,561.0,6399.6,0
2026-04-09T11:23:15.356850+00:00,206.60,28.84,206.6,28.84,-92.7,436990677.6681087,-9343.0,563.1,6409.5,0
2026-04-09T11:23:15.696927+00:00,206.54,28.69,206.54,28.69,-94.7,436990677.6681087,-9358.2,565.3,6419.9,0
2026-04-09T11:23:16.024541+00:00,206.48,28.56,206.48,28.56,-89.7,436990677.6681087,-9372.3,567.4,6429.6,0
2026-04-09T11:23:16.364832+00:00,206.42,28.41,206.42,28.41,-94.7,436990618.82942355,-9387.1,569.6,6439.8,0
2026-04-09T11:23:16.708835+00:00,206.37,28.27,206.37,28.27,-94.7,436990618.82942355,-9401.8,571.8,6449.8,0
2026-04-09T11:23:17.032837+00:00,206.31,28.13,206.31,28.13,-92.7,436990618.82942355,-9415.4,573.9,6459.2,0
2026-04-09T11:23:17.356829+00:00,206.26,28.00,206.26,28.0,-92.7,436990618.82942355,-9428.7,576.0,6468.3,0
2026-04-09T11:23:17.720825+00:00,206.21,27.86,206.21,27.86,-91.7,436990562.7644493,-9442.9,578.2,6478.1,0
2026-04-09T11:23:18.044845+00:00,206.15,27.72,206.15,27.72,-91.7,436990562.7644493,-9456.9,580.4,6487.7,0
2026-04-09T11:23:18.369977+00:00,206.10,27.59,206.1,27.59,-92.7,436990562.7644493,-9469.9,582.5,6496.6,0
2026-04-09T11:23:18.688841+00:00,206.05,27.46,206.05,27.46,-91.7,436990562.7644493,-9482.8,584.7,6505.4,0
2026-04-09T11:23:19.057994+00:00,205.99,27.32,205.99,27.32,-95.7,436990509.1856367,-9497.2,587.0,6515.3,0
2026-04-09T11:23:19.382028+00:00,205.94,27.19,205.94,27.19,-93.7,436990509.1856367,-9509.7,589.1,6523.9,0
2026-04-09T11:23:19.706248+00:00,205.89,27.06,205.89,27.06,-95.7,436990509.1856367,-9522.4,591.3,6532.6,0
2026-04-09T11:23:20.057691+00:00,205.84,26.93,205.84,26.93,-93.7,436990509.1856367,-9535.5,593.5,6541.6,0
2026-04-09T11:23:20.402381+00:00,205.79,26.79,205.79,26.79,-92.7,436990456.5648469,-9548.6,595.8,6550.6,0
2026-04-09T11:23:20.726083+00:00,205.74,26.66,205.74,26.66,-94.7,436990456.5648469,-9560.8,598.0,6558.9,0
2026-04-09T11:23:21.079048+00:00,205.69,26.53,205.69,26.53,-93.7,436990456.5648469,-9573.4,600.2,6567.6,0
2026-04-09T11:23:21.398482+00:00,205.64,26.41,205.64,26.41,-91.7,436990456.5648469,-9585.3,602.4,6575.7,0
2026-04-09T11:23:21.726237+00:00,205.60,26.29,205.6,26.29,-95.7,436990456.5648469,-9597.0,604.5,6583.8,0
2026-04-09T11:23:22.073741+00:00,205.55,26.16,205.55,26.16,-97.7,436990456.5648469,-9609.4,606.8,6592.3,0
2026-04-09T11:23:22.418071+00:00,205.50,26.03,205.5,26.03,-94.7,436990383.308844,-9621.5,609.1,6600.6,0
2026-04-09T11:23:22.741943+00:00,205.45,25.91,205.45,25.91,-90.7,436990383.308844,-9632.9,611.2,6608.4,0
2026-04-09T11:23:23.089517+00:00,205.40,25.78,205.4,25.78,-92.7,436990383.308844,-9644.8,613.5,6616.5,0
2026-04-09T11:23:23.415391+00:00,205.36,25.66,205.36,25.66,-92.7,436990383.308844,-9655.9,615.7,6624.2,0
2026-04-09T11:23:23.741974+00:00,205.32,25.54,205.32,25.54,-93.7,436990383.308844,-9666.8,617.8,6631.7,0
2026-04-09T11:23:24.090584+00:00,205.27,25.42,205.27,25.42,-91.7,436990383.308844,-9678.4,620.1,6639.6,0
2026-04-09T11:23:24.434352+00:00,205.22,25.29,205.22,25.29,-91.7,436990314.7248037,-9689.8,622.4,6647.4,0
2026-04-09T11:23:24.758276+00:00,205.18,25.18,205.18,25.18,-95.7,436990314.7248037,-9700.4,624.6,6654.7,0
2026-04-09T11:23:25.105527+00:00,205.14,25.06,205.14,25.06,-89.7,436990314.7248037,-9711.5,626.9,6662.4,0
2026-04-09T11:23:25.430386+00:00,205.09,24.94,205.09,24.94,-95.7,436990314.7248037,-9722.0,629.1,6669.5,0
2026-04-09T11:23:25.758237+00:00,205.05,24.83,205.05,24.83,-95.7,436990314.7248037,-9732.2,631.2,6676.5,0
2026-04-09T11:23:26.105581+00:00,205.01,24.71,205.01,24.71,-93.7,436990314.7248037,-9742.4,633.4,6683.5,0
2026-04-09T11:23:26.450490+00:00,204.96,24.59,204.96,24.59,-94.7,436990250.53870004,-9753.7,635.9,6691.3,0
2026-04-09T11:23:26.774305+00:00,204.92,24.48,204.92,24.48,-93.7,436990250.53870004,-9763.7,638.1,6698.1,0
2026-04-09T11:23:27.121945+00:00,204.88,24.37,204.88,24.37,-95.7,436990250.53870004,-9773.5,640.2,6704.8,0
2026-04-09T11:23:27.448163+00:00,204.84,24.25,204.84,24.25,-95.7,436990250.53870004,-9783.9,642.6,6712.0,0
2026-04-09T11:23:27.774356+00:00,204.80,24.14,204.8,24.14,-92.7,436990250.53870004,-9793.5,644.7,6718.6,0
2026-04-09T11:23:28.122336+00:00,204.76,24.03,204.76,24.03,-90.7,436990250.53870004,-9803.1,646.9,6725.1,0
2026-04-09T11:23:28.466658+00:00,204.72,23.91,204.72,23.91,-90.7,436990190.3120919,-9813.6,649.4,6732.4,0
2026-04-09T11:23:28.794046+00:00,204.68,23.80,204.68,23.8,-96.7,436990190.3120919,-9823.0,651.6,6738.8,0
2026-04-09T11:23:29.136834+00:00,204.64,23.69,204.64,23.69,-92.7,436990190.3120919,-9832.3,653.8,6745.2,0
2026-04-09T11:23:29.460871+00:00,204.60,23.58,204.6,23.58,-94.7,436990190.3120919,-9842.0,656.1,6751.8,0
2026-04-09T11:23:29.784840+00:00,204.57,23.48,204.57,23.48,-91.7,436990190.3120919,-9851.0,658.3,6758.0,0
2026-04-09T11:23:30.108829+00:00,204.53,23.37,204.53,23.37,-92.7,436990190.3120919,-9859.9,660.5,6764.1,0
2026-04-09T11:23:30.472032+00:00,204.49,23.26,204.49,23.26,-94.7,436990134.624348,-9869.7,663.0,6770.8,0
2026-04-09T11:23:30.796851+00:00,204.45,23.15,204.45,23.15,-93.7,436990134.624348,-9878.4,665.1,6776.8,0
2026-04-09T11:23:31.125437+00:00,204.42,23.05,204.42,23.05,-92.7,436990134.624348,-9887.0,667.3,6782.7,0
2026-04-09T11:23:31.464883+00:00,204.38,22.94,204.38,22.94,-93.7,436990134.624348,-9896.1,669.7,6789.0,0
2026-04-09T11:23:31.785933+00:00,204.34,22.84,204.34,22.84,-91.7,436990134.624348,-9904.5,671.9,6794.7,0
2026-04-09T11:23:32.108830+00:00,204.31,22.74,204.31,22.74,-91.7,436990134.624348,-9912.9,674.1,6800.5,0
2026-04-09T11:23:32.472865+00:00,204.27,22.63,204.27,22.63,-89.7,436990081.9274003,-9921.7,676.4,6806.5,0
2026-04-09T11:23:32.796833+00:00,204.23,22.53,204.23,22.53,-90.7,436990081.9274003,-9930.4,678.8,6812.5,0
2026-04-09T11:23:33.120842+00:00,204.20,22.43,204.2,22.43,-91.7,436990081.9274003,-9938.5,681.0,6818.1,0
2026-04-09T11:23:33.445075+00:00,204.17,22.33,204.17,22.33,-95.7,436990081.9274003,-9946.6,683.2,6823.6,0
2026-04-09T11:23:33.788875+00:00,204.13,22.23,204.13,22.23,-93.7,436990081.9274003,-9954.9,685.5,6829.3,0
2026-04-09T11:23:34.114264+00:00,204.10,22.13,204.1,22.13,-94.7,436990081.9274003,-9962.8,687.7,6834.7,0
2026-04-09T11:23:34.438603+00:00,204.06,22.03,204.06,22.03,-92.7,436990081.9274003,-9970.6,690.0,6840.1,0
2026-04-09T11:23:34.786119+00:00,204.03,21.94,204.03,21.94,-94.7,436990081.9274003,-9978.4,692.2,6845.4,0
2026-04-09T11:23:35.133942+00:00,203.99,21.83,203.99,21.83,-92.7,436990016.2551514,-9987.1,694.7,6851.4,0
2026-04-09T11:23:35.458574+00:00,203.96,21.73,203.96,21.73,-92.7,436990016.2551514,-9994.7,696.9,6856.6,0
2026-04-09T11:23:35.806090+00:00,203.93,21.64,203.93,21.64,-95.7,436990016.2551514,-10002.2,699.2,6861.7,0
2026-04-09T11:23:36.134374+00:00,203.90,21.54,203.9,21.54,-91.7,436990016.2551514,-10010.1,701.6,6867.2,0
2026-04-09T11:23:36.459499+00:00,203.86,21.44,203.86,21.44,-94.7,436990016.2551514,-10017.4,703.8,6872.2,0
2026-04-09T11:23:36.782421+00:00,203.83,21.35,203.83,21.35,-95.7,436990016.2551514,-10024.8,706.0,6877.3,0
2026-04-09T11:23:37.128986+00:00,203.80,21.25,203.8,21.25,-92.7,436990016.2551514,-10032.5,708.4,6882.5,0
2026-04-09T11:23:37.453069+00:00,203.77,21.16,203.77,21.16,-94.7,436990016.2551514,-10039.6,710.6,6887.4,0
2026-04-09T11:23:37.796981+00:00,203.74,21.06,203.74,21.06,-95.7,436989955.90398604,-10047.1,713.0,6892.5,0
2026-04-09T11:23:38.140880+00:00,203.70,20.97,203.7,20.97,-91.7,436989955.90398604,-10054.5,715.4,6897.6,0
2026-04-09T11:23:38.464862+00:00,203.67,20.88,203.67,20.88,-93.7,436989955.90398604,-10061.4,717.6,6902.4,0
2026-04-09T11:23:38.784841+00:00,203.64,20.79,203.64,20.79,-97.7,436989955.90398604,-10068.2,719.8,6907.1,0
2026-04-09T11:23:39.128824+00:00,203.62,20.70,203.62,20.7,-97.7,436989955.90398604,-10075.0,722.1,6911.7,0
2026-04-09T11:23:39.453439+00:00,203.58,20.60,203.58,20.6,-93.7,436989955.90398604,-10082.2,724.5,6916.6,0
2026-04-09T11:23:39.777244+00:00,203.56,20.51,203.56,20.51,-92.7,436989955.90398604,-10088.8,726.7,6921.2,0
2026-04-09T11:23:40.101545+00:00,203.53,20.43,203.53,20.43,-91.7,436989955.90398604,-10095.4,729.0,6925.7,0
2026-04-09T11:23:40.465370+00:00,203.49,20.33,203.49,20.33,-91.7,436989900.5101971,-10102.7,731.5,6930.7,0
2026-04-09T11:23:40.788989+00:00,203.47,20.24,203.47,20.24,-89.7,436989900.5101971,-10109.2,733.7,6935.1,0
2026-04-09T11:23:41.112821+00:00,203.44,20.16,203.44,20.16,-94.7,436989900.5101971,-10115.5,735.9,6939.5,0
2026-04-09T11:23:41.456945+00:00,203.41,20.06,203.41,20.06,-94.7,436989900.5101971,-10122.2,738.3,6944.1,0
2026-04-09T11:23:41.780870+00:00,203.38,19.98,203.38,19.98,-92.7,436989900.5101971,-10128.5,740.6,6948.4,0
2026-04-09T11:23:42.104848+00:00,203.35,19.89,203.35,19.89,-94.7,436989900.5101971,-10134.7,742.8,6952.7,0
2026-04-09T11:23:42.454846+00:00,203.33,19.81,203.33,19.81,-93.7,436989900.5101971,-10140.9,745.1,6956.9,0
2026-04-09T11:23:42.778336+00:00,203.30,19.72,203.3,19.72,-95.7,436989900.5101971,-10147.5,747.5,6961.4,0
2026-04-09T11:23:43.122353+00:00,203.27,19.63,203.27,19.63,-91.7,436989848.6936909,-10153.9,749.9,6965.8,0
2026-04-09T11:23:43.470230+00:00,203.24,19.55,203.24,19.55,-91.7,436989848.6936909,-10159.9,752.2,6969.9,0
2026-04-09T11:23:43.798551+00:00,203.21,19.46,203.21,19.46,-91.7,436989848.6936909,-10166.3,754.6,6974.3,0
2026-04-09T11:23:44.120939+00:00,203.19,19.37,203.19,19.37,-91.7,436989848.6936909,-10172.2,756.9,6978.4,0
2026-04-09T11:23:44.464846+00:00,203.16,19.29,203.16,19.29,-90.7,436989848.6936909,-10178.0,759.2,6982.4,0
2026-04-09T11:23:44.788859+00:00,203.13,19.21,203.13,19.21,-91.7,436989848.6936909,-10184.1,761.6,6986.6,0
2026-04-09T11:23:45.112819+00:00,203.11,19.13,203.11,19.13,-90.7,436989848.6936909,-10189.8,763.8,6990.4,0
2026-04-09T11:23:45.437057+00:00,203.08,19.05,203.08,19.05,-93.7,436989848.6936909,-10195.4,766.1,6994.3,0
2026-04-09T11:23:45.780991+00:00,203.05,18.96,203.05,18.96,-91.7,436989848.6936909,-10201.4,768.5,6998.4,0
2026-04-09T11:23:46.105977+00:00,203.03,18.88,203.03,18.88,-89.7,436989848.6936909,-10206.9,770.7,7002.2,0
2026-04-09T11:23:46.448924+00:00,203.00,18.80,203.0,18.8,-91.7,436989789.5667448,-10212.8,773.2,7006.2,0
2026-04-09T11:23:46.789683+00:00,202.98,18.71,202.98,18.71,-90.7,436989789.5667448,-10218.5,775.6,7010.2,0
2026-04-09T11:23:47.112837+00:00,202.95,18.63,202.95,18.63,-90.7,436989789.5667448,-10223.9,777.8,7013.9,0
2026-04-09T11:23:47.437004+00:00,202.93,18.56,202.93,18.56,-91.7,436989789.5667448,-10229.3,780.1,7017.5,0
2026-04-09T11:23:47.781237+00:00,202.90,18.48,202.9,18.48,-91.7,436989789.5667448,-10234.6,782.4,7021.2,0
2026-04-09T11:23:48.104836+00:00,202.88,18.40,202.88,18.4,-91.7,436989789.5667448,-10240.1,784.8,7025.0,0
2026-04-09T11:23:48.429750+00:00,202.85,18.32,202.85,18.32,-90.7,436989789.5667448,-10245.3,787.0,7028.5,0
2026-04-09T11:23:48.752952+00:00,202.83,18.24,202.83,18.24,-91.7,436989789.5667448,-10250.4,789.3,7032.0,0
2026-04-09T11:23:49.098263+00:00,202.80,18.16,202.8,18.16,-95.7,436989789.5667448,-10255.9,791.8,7035.8,0
2026-04-09T11:23:49.422268+00:00,202.78,18.09,202.78,18.09,-94.7,436989789.5667448,-10261.0,794.1,7039.3,0
2026-04-09T11:23:49.766655+00:00,202.76,18.01,202.76,18.01,-91.7,436989735.86764556,-10266.3,796.5,7042.9,0
2026-04-09T11:23:50.113894+00:00,202.73,17.93,202.73,17.93,-92.7,436989735.86764556,-10271.6,798.9,7046.6,0
2026-04-09T11:23:50.442339+00:00,202.71,17.85,202.71,17.85,-90.7,436989735.86764556,-10276.5,801.2,7050.0,0
2026-04-09T11:23:50.766331+00:00,202.69,17.78,202.69,17.78,-90.7,436989735.86764556,-10281.5,803.5,7053.3,0
2026-04-09T11:23:51.113943+00:00,202.66,17.70,202.66,17.7,-92.7,436989735.86764556,-10286.3,805.8,7056.7,0
2026-04-09T11:23:51.438150+00:00,202.64,17.62,202.64,17.62,-92.7,436989735.86764556,-10291.5,808.3,7060.2,0
2026-04-09T11:23:51.769375+00:00,202.62,17.55,202.62,17.55,-95.7,436989735.86764556,-10296.3,810.6,7063.5,0
2026-04-09T11:23:52.112862+00:00,202.59,17.48,202.59,17.48,-92.7,436989735.86764556,-10301.0,812.9,7066.7,0
2026-04-09T11:23:52.437236+00:00,202.57,17.40,202.57,17.4,-94.7,436989735.86764556,-10305.9,815.3,7070.1,0
2026-04-09T11:23:52.756863+00:00,202.55,17.33,202.55,17.33,-91.7,436989735.86764556,-10310.5,817.6,7073.3,0
2026-04-09T11:23:53.080837+00:00,202.53,17.26,202.53,17.26,-91.7,436989735.86764556,-10315.1,819.9,7076.4,0
2026-04-09T11:23:53.424915+00:00,202.50,17.18,202.5,17.18,-95.7,436989735.86764556,-10320.0,822.3,7079.7,0
2026-04-09T11:23:53.768841+00:00,202.48,17.10,202.48,17.1,-91.7,436989677.2289637,-10324.7,824.8,7083.0,0
2026-04-09T11:23:54.092850+00:00,202.46,17.03,202.46,17.03,-91.7,436989677.2289637,-10329.2,827.1,7086.1,0
2026-04-09T11:23:54.437076+00:00,202.44,16.96,202.44,16.96,-89.7,436989677.2289637,-10333.8,829.5,7089.3,0
2026-04-09T11:23:54.760849+00:00,202.42,16.89,202.42,16.89,-91.7,436989677.2289637,-10338.2,831.8,7092.3,0
2026-04-09T11:23:55.085090+00:00,202.40,16.82,202.4,16.82,-93.7,436989677.2289637,-10342.6,834.1,7095.2,0
2026-04-09T11:23:55.428935+00:00,202.38,16.75,202.38,16.75,-92.7,436989677.2289637,-10346.9,836.4,7098.2,0
2026-04-09T11:23:55.752871+00:00,202.35,16.68,202.35,16.68,-91.7,436989677.2289637,-10351.4,838.8,7101.3,0
2026-04-09T11:23:56.077994+00:00,202.33,16.61,202.33,16.61,-91.7,436989677.2289637,-10355.6,841.1,7104.2,0
2026-04-09T11:23:56.396883+00:00,202.31,16.54,202.31,16.54,-91.7,436989677.2289637,-10359.8,843.4,7107.1,0
2026-04-09T11:23:56.741577+00:00,202.29,16.47,202.29,16.47,-91.7,436989677.2289637,-10364.2,845.9,7110.1,0
2026-04-09T11:23:57.066302+00:00,202.27,16.40,202.27,16.4,-91.7,436989677.2289637,-10368.4,848.2,7112.9,0
2026-04-09T11:23:57.393914+00:00,202.25,16.33,202.25,16.33,-94.7,436989677.2289637,-10372.4,850.5,7115.7,0
2026-04-09T11:23:57.757954+00:00,202.23,16.26,202.23,16.26,-88.7,436989624.9612046,-10376.8,852.9,7118.7,0
2026-04-09T11:23:58.085735+00:00,202.21,16.19,202.21,16.19,-89.7,436989624.9612046,-10381.1,855.4,7121.7,0
2026-04-09T11:23:58.410280+00:00,202.19,16.12,202.19,16.12,-90.7,436989624.9612046,-10385.1,857.7,7124.4,0
2026-04-09T11:23:58.737954+00:00,202.17,16.06,202.17,16.06,-91.7,436989624.9612046,-10389.0,860.0,7127.1,0
2026-04-09T11:23:59.086406+00:00,202.15,15.99,202.15,15.99,-93.7,436989624.9612046,-10393.2,862.5,7130.0,0
2026-04-09T11:23:59.404985+00:00,202.13,15.92,202.13,15.92,-94.7,436989624.9612046,-10397.1,864.8,7132.7,0
2026-04-09T11:23:59.728830+00:00,202.11,15.85,202.11,15.85,-89.7,436989624.9612046,-10401.0,867.1,7135.3,0
2026-04-09T11:24:00.072831+00:00,202.09,15.79,202.09,15.79,-91.7,436989624.9612046,-10404.8,869.4,7137.9,0
2026-04-09T11:24:00.397104+00:00,202.07,15.72,202.07,15.72,-88.7,436989624.9612046,-10408.8,871.9,7140.7,0
2026-04-09T11:24:00.720834+00:00,202.05,15.66,202.05,15.66,-92.7,436989624.9612046,-10412.5,874.2,7143.3,0
2026-04-09T11:24:01.044908+00:00,202.04,15.59,202.04,15.59,-91.7,436989624.9612046,-10416.2,876.5,7145.8,0
2026-04-09T11:24:01.388872+00:00,202.02,15.52,202.02,15.52,-91.7,436989624.9612046,-10420.2,879.0,7148.5,0
2026-04-09T11:24:01.712837+00:00,202.00,15.46,202.0,15.46,-92.7,436989624.9612046,-10423.8,881.3,7151.0,0
2026-04-09T11:24:02.037095+00:00,201.98,15.40,201.98,15.4,-94.7,436989624.9612046,-10427.4,883.6,7153.4,0
2026-04-09T11:24:02.400877+00:00,201.96,15.33,201.96,15.33,-92.7,436989570.30977654,-10431.2,886.1,7156.1,0
2026-04-09T11:24:02.724851+00:00,201.94,15.26,201.94,15.26,-90.7,436989570.30977654,-10435.0,888.5,7158.7,0
2026-04-09T11:24:03.048872+00:00,201.92,15.20,201.92,15.2,-91.7,436989570.30977654,-10438.5,890.8,7161.1,0
2026-04-09T11:24:03.368849+00:00,201.91,15.14,201.91,15.14,-91.7,436989570.30977654,-10442.0,893.2,7163.5,0
2026-04-09T11:24:03.712829+00:00,201.89,15.07,201.89,15.07,-94.7,436989570.30977654,-10445.7,895.6,7166.0,0
2026-04-09T11:24:04.036928+00:00,201.87,15.01,201.87,15.01,-91.7,436989570.30977654,-10449.2,897.9,7168.4,0
2026-04-09T11:24:04.365979+00:00,201.85,14.95,201.85,14.95,-93.7,436989570.30977654,-10452.6,900.3,7170.7,0
2026-04-09T11:24:04.709933+00:00,201.83,14.89,201.83,14.89,-93.7,436989570.30977654,-10456.0,902.6,7173.1,0
2026-04-09T11:24:05.039497+00:00,201.82,14.82,201.82,14.82,-89.7,436989570.30977654,-10459.6,905.1,7175.5,0
2026-04-09T11:24:05.362231+00:00,201.80,14.76,201.8,14.76,-88.7,436989570.30977654,-10462.9,907.4,7177.8,0
2026-04-09T11:24:05.686095+00:00,201.78,14.70,201.78,14.7,-93.7,436989570.30977654,-10466.3,909.8,7180.1,0
2026-04-09T11:24:06.034671+00:00,201.76,14.64,201.76,14.64,-89.7,436989570.30977654,-10469.7,912.2,7182.5,0
2026-04-09T11:24:06.358491+00:00,201.75,14.58,201.75,14.58,-92.7,436989570.30977654,-10473.0,914.6,7184.7,0
2026-04-09T11:24:06.686232+00:00,201.73,14.52,201.73,14.52,-91.7,436989570.30977654,-10476.2,916.9,7187.0,0
2026-04-09T11:24:07.034470+00:00,201.71,14.45,201.71,14.45,-92.7,436989570.30977654,-10479.7,919.4,7189.3,0
2026-04-09T11:24:07.361749+00:00,201.70,14.39,201.7,14.39,-92.7,436989570.30977654,-10482.9,921.8,7191.5,0
2026-04-09T11:24:07.701774+00:00,201.68,14.33,201.68,14.33,-89.7,436989515.0917913,-10486.2,924.3,7193.8,0
2026-04-09T11:24:08.050107+00:00,201.66,14.27,201.66,14.27,-89.7,436989515.0917913,-10489.5,926.7,7196.1,0
2026-04-09T11:24:08.378958+00:00,201.64,14.21,201.64,14.21,-91.7,436989515.0917913,-10492.7,929.1,7198.2,0
2026-04-09T11:24:08.701947+00:00,201.63,14.15,201.63,14.15,-93.7,436989515.0917913,-10495.7,931.4,7200.3,0
2026-04-09T11:24:09.049795+00:00,201.61,14.09,201.61,14.09,-89.7,436989515.0917913,-10499.0,933.9,7202.6,0
2026-04-09T11:24:09.373962+00:00,201.60,14.03,201.6,14.03,-95.7,436989515.0917913,-10502.1,936.3,7204.7,0
2026-04-09T11:24:09.697915+00:00,201.58,13.98,201.58,13.98,-91.7,436989515.0917913,-10505.0,938.6,7206.7,0
2026-04-09T11:24:10.045992+00:00,201.56,13.92,201.56,13.92,-95.7,436989515.0917913,-10508.0,941.0,7208.8,0
2026-04-09T11:24:10.375122+00:00,201.55,13.86,201.55,13.86,-91.7,436989515.0917913,-10511.2,943.5,7210.9,0
2026-04-09T11:24:10.697934+00:00,201.53,13.80,201.53,13.8,-91.7,436989515.0917913,-10514.1,945.8,7212.9,0
2026-04-09T11:24:11.022040+00:00,201.52,13.74,201.52,13.74,-94.7,436989515.0917913,-10517.0,948.2,7214.9,0
2026-04-09T11:24:11.370270+00:00,201.50,13.68,201.5,13.68,-91.7,436989515.0917913,-10520.1,950.7,7217.0,0
2026-04-09T11:24:11.693908+00:00,201.48,13.63,201.48,13.63,-89.7,436989515.0917913,-10523.0,953.0,7219.0,0
2026-04-09T11:24:12.021756+00:00,201.47,13.57,201.47,13.57,-91.7,436989515.0917913,-10525.8,955.4,7220.9,0
2026-04-09T11:24:12.369661+00:00,201.45,13.51,201.45,13.51,-92.7,436989515.0917913,-10528.8,957.9,7223.0,0
2026-04-09T11:24:12.692878+00:00,201.44,13.46,201.44,13.46,-89.7,436989515.0917913,-10531.6,960.2,7224.9,0
2026-04-09T11:24:13.012952+00:00,201.42,13.40,201.42,13.4,-91.7,436989515.0917913,-10534.4,962.6,7226.8,0
2026-04-09T11:24:13.357558+00:00,201.41,13.35,201.41,13.35,-87.7,436989515.0917913,-10537.1,964.9,7228.7,0
2026-04-09T11:24:13.700858+00:00,201.39,13.28,201.39,13.28,-89.7,436989461.0353908,-10540.1,967.5,7230.8,0
2026-04-09T11:24:14.025333+00:00,201.38,13.23,201.38,13.23,-92.7,436989461.0353908,-10542.8,969.9,7232.6,0
2026-04-09T11:24:14.368829+00:00,201.36,13.18,201.36,13.18,-89.7,436989461.0353908,-10545.5,972.2,7234.5,0
2026-04-09T11:24:14.692871+00:00,201.35,13.12,201.35,13.12,-92.7,436989461.0353908,-10548.3,974.7,7236.4,0
2026-04-09T11:24:15.017261+00:00,201.33,13.07,201.33,13.07,-91.7,436989461.0353908,-10550.9,977.0,7238.2,0
