t,az_cmd,el_cmd,az_act,el_act,rssi,freq_hz,doppler_hz,range_km,range_rate,packets
2026-04-09T11:45:56.280887+00:00,350.57,0.66,350.57,0.66,-91.7,437882142.6181059,7142.6,2565.1,-4890.2,44
2026-04-09T11:45:56.604826+00:00,350.52,0.67,350.52,0.67,-91.7,437882142.6181059,7136.0,2563.1,-4885.7,44
2026-04-09T11:45:56.928846+00:00,350.48,0.68,350.48,0.68,-91.7,437882142.6181059,7130.7,2561.5,-4882.1,44
2026-04-09T11:45:57.272949+00:00,350.44,0.70,350.44,0.7,-91.7,437882142.6181059,7125.5,2560.0,-4878.5,44
2026-04-09T11:45:57.596847+00:00,350.40,0.71,350.4,0.71,-95.7,437882142.6181059,7119.8,2558.3,-4874.6,44
2026-04-09T11:45:57.921028+00:00,350.35,0.72,350.35,0.72,-93.7,437882142.6181059,7114.5,2556.7,-4870.9,44
2026-04-09T11:45:58.246079+00:00,350.31,0.73,350.31,0.73,-92.7,437882142.6181059,7109.1,2555.1,-4867.3,44
2026-04-09T11:45:58.584847+00:00,350.27,0.75,350.27,0.75,-95.7,437882142.6181059,7103.4,2553.5,-4863.4,44
2026-04-09T11:45:58.908992+00:00,350.23,0.76,350.23,0.76,-91.7,437882142.6181059,7098.0,2551.9,-4859.7,44
2026-04-09T11:45:59.232864+00:00,350.19,0.77,350.19,0.77,-91.7,437882142.6181059,7092.6,2550.3,-4856.0,44
2026-04-09T11:45:59.596841+00:00,350.15,0.79,350.15,0.79,-89.7,437882089.2693475,7086.9,2548.6,-4852.1,44
2026-04-09T11:45:59.920849+00:00,350.10,0.80,350.1,0.8,-90.7,437882089.2693475,7081.1,2547.0,-4848.1,44
2026-04-09T11:46:00.244903+00:00,350.06,0.81,350.06,0.81,-91.7,437882089.2693475,7075.7,2545.4,-4844.4,44
2026-04-09T11:46:00.569526+00:00,350.02,0.82,350.02,0.82,-87.7,437882089.2693475,7070.3,2543.8,-4840.7,44
2026-04-09T11:46:00.918514+00:00,349.98,0.84,349.98,0.84,-89.7,437882089.2693475,7064.5,2542.2,-4836.7,44
2026-04-09T11:46:01.242191+00:00,349.93,0.85,349.93,0.85,-92.7,437882089.2693475,7059.0,2540.6,-4833.0,44
2026-04-09T11:46:01.567628+00:00,349.89,0.86,349.89,0.86,-87.7,437882089.2693475,7053.5,2539.0,-4829.2,44
2026-04-09T11:46:01.912859+00:00,349.85,0.88,349.85,0.88,-91.7,437882089.2693475,7048.1,2537.5,-4825.5,44
2026-04-09T11:46:02.236906+00:00,349.81,0.89,349.81,0.89,-92.7,437882089.2693475,7042.2,2535.8,-4821.4,44
2026-04-09T11:46:02.561421+00:00,349.77,0.90,349.77,0.9,-96.7,437882089.2693475,7036.7,2534.2,-4817.7,44
2026-04-09T11:46:02.924888+00:00,349.72,0.92,349.72,0.92,-91.7,437882033.21906114,7030.9,2532.6,-4813.7,44
2026-04-09T11:46:03.248929+00:00,349.68,0.93,349.68,0.93,-92.7,437882033.21906114,7025.0,2530.9,-4809.7,44
2026-04-09T11:46:03.572822+00:00,349.64,0.94,349.64,0.94,-91.7,437882033.21906114,7019.5,2529.4,-4805.9,44
2026-04-09T11:46:03.898106+00:00,349.60,0.95,349.6,0.95,-91.7,437882033.21906114,7013.9,2527.8,-4802.1,44
2026-04-09T11:46:04.240922+00:00,349.55,0.97,349.55,0.97,-93.7,437882033.21906114,7008.0,2526.2,-4798.1,44
2026-04-09T11:46:04.560836+00:00,349.51,0.98,349.51,0.98,-93.7,437882033.21906114,7002.5,2524.6,-4794.3,44
2026-04-09T11:46:04.884980+00:00,349.47,0.99,349.47,0.99,-91.7,437882033.21906114,6996.9,2523.0,-4790.4,44
2026-04-09T11:46:05.228891+00:00,349.43,1.01,349.43,1.01,-93.7,437882033.21906114,6991.3,2521.5,-4786.6,44
2026-04-09T11:46:05.552827+00:00,349.38,1.02,349.38,1.02,-89.7,437882033.21906114,6985.3,2519.8,-4782.5,44
2026-04-09T11:46:05.876923+00:00,349.34,1.03,349.34,1.03,-90.7,437882033.21906114,6979.7,2518.3,-4778.7,44
2026-04-09T11:46:06.240956+00:00,349.29,1.05,349.29,1.05,-91.7,437881976.2266632,6973.8,2516.7,-4774.6,44
2026-04-09T11:46:06.564826+00:00,349.25,1.06,349.25,1.06,-89.7,437881976.2266632,6967.8,2515.0,-4770.5,44
2026-04-09T11:46:06.890087+00:00,349.21,1.07,349.21,1.07,-90.7,437881976.2266632,6962.2,2513.5,-4766.7,44
2026-04-09T11:46:07.217960+00:00,349.17,1.08,349.17,1.08,-89.7,437881976.2266632,6956.5,2511.9,-4762.8,44
2026-04-09T11:46:07.567283+00:00,349.12,1.10,349.12,1.1,-94.7,437881976.2266632,6950.4,2510.3,-4758.6,44
2026-04-09T11:46:07.889914+00:00,349.08,1.11,349.08,1.11,-92.7,437881976.2266632,6944.7,2508.7,-4754.7,44
2026-04-09T11:46:08.214113+00:00,349.03,1.12,349.03,1.12,-94.7,437881976.2266632,6938.9,2507.2,-4750.8,44
2026-04-09T11:46:08.561893+00:00,348.99,1.14,348.99,1.14,-95.7,437881976.2266632,6933.2,2505.6,-4746.8,44
2026-04-09T11:46:08.890388+00:00,348.95,1.15,348.95,1.15,-95.7,437881976.2266632,6927.1,2504.0,-4742.6,44
2026-04-09T11:46:09.214558+00:00,348.90,1.16,348.9,1.16,-92.7,437881976.2266632,6921.3,2502.4,-4738.7,44
2026-04-09T11:46:09.581906+00:00,348.86,1.18,348.86,1.18,-91.7,437881917.6574231,6915.2,2500.8,-4734.5,44
2026-04-09T11:46:09.906480+00:00,348.81,1.19,348.81,1.19,-91.7,437881917.6574231,6909.0,2499.2,-4730.3,44
2026-04-09T11:46:10.234379+00:00,348.77,1.20,348.77,1.2,-92.7,437881917.6574231,6903.2,2497.6,-4726.3,44
2026-04-09T11:46:10.558182+00:00,348.73,1.22,348.73,1.22,-88.7,437881917.6574231,6897.4,2496.1,-4722.3,44
2026-04-09T11:46:10.907497+00:00,348.68,1.23,348.68,1.23,-93.7,437881917.6574231,6891.2,2494.4,-4718.1,44
2026-04-09T11:46:11.230399+00:00,348.64,1.24,348.64,1.24,-89.7,437881917.6574231,6885.4,2492.9,-4714.1,44
2026-04-09T11:46:11.562367+00:00,348.59,1.26,348.59,1.26,-90.7,437881917.6574231,6879.5,2491.4,-4710.1,44
2026-04-09T11:46:11.902578+00:00,348.55,1.27,348.55,1.27,-92.7,437881917.6574231,6873.3,2489.7,-4705.8,44
2026-04-09T11:46:12.230022+00:00,348.51,1.28,348.51,1.28,-94.7,437881917.6574231,6867.4,2488.2,-4701.8,44
2026-04-09T11:46:12.554248+00:00,348.46,1.29,348.46,1.29,-93.7,437881917.6574231,6861.5,2486.7,-4697.8,44
2026-04-09T11:46:12.922066+00:00,348.42,1.31,348.42,1.31,-92.7,437881857.8394038,6855.3,2485.0,-4693.5,44
2026-04-09T11:46:13.246390+00:00,348.37,1.32,348.37,1.32,-93.7,437881857.8394038,6849.0,2483.4,-4689.2,44
2026-04-09T11:46:13.574197+00:00,348.33,1.34,348.33,1.34,-88.7,437881857.8394038,6843.1,2481.9,-4685.2,44
2026-04-09T11:46:13.902105+00:00,348.28,1.35,348.28,1.35,-93.7,437881857.8394038,6837.1,2480.4,-4681.1,44
2026-04-09T11:46:14.246189+00:00,348.24,1.36,348.24,1.36,-92.7,437881857.8394038,6830.8,2478.7,-4676.7,44
2026-04-09T11:46:14.573076+00:00,348.19,1.37,348.19,1.37,-91.7,437881857.8394038,6824.9,2477.2,-4672.7,44
2026-04-09T11:46:14.897505+00:00,348.15,1.39,348.15,1.39,-85.7,437881857.8394038,6818.8,2475.7,-4668.5,44
2026-04-09T11:46:15.240969+00:00,348.11,1.40,348.11,1.4,-87.7,437881857.8394038,6812.9,2474.2,-4664.5,44
2026-04-09T11:46:15.564951+00:00,348.06,1.41,348.06,1.41,-90.7,437881857.8394038,6806.6,2472.6,-4660.1,44
2026-04-09T11:46:15.888909+00:00,348.02,1.43,348.02,1.43,-90.7,437881857.8394038,6800.6,2471.1,-4656.0,44
2026-04-09T11:46:16.252899+00:00,347.97,1.44,347.97,1.44,-87.7,437881796.8781561,6794.2,2469.5,-4651.7,44
2026-04-09T11:46:16.582252+00:00,347.92,1.45,347.92,1.45,-94.7,437881796.8781561,6787.9,2467.9,-4647.3,44
2026-04-09T11:46:16.901069+00:00,347.88,1.47,347.88,1.47,-93.7,437881796.8781561,6781.9,2466.4,-4643.2,44
2026-04-09T11:46:17.225319+00:00,347.83,1.48,347.83,1.48,-95.7,437881796.8781561,6775.9,2464.9,-4639.1,44
2026-04-09T11:46:17.568826+00:00,347.79,1.49,347.79,1.49,-91.7,437881796.8781561,6769.5,2463.3,-4634.8,44
2026-04-09T11:46:17.892945+00:00,347.74,1.51,347.74,1.51,-88.7,437881796.8781561,6763.5,2461.8,-4630.7,44
2026-04-09T11:46:18.216894+00:00,347.70,1.52,347.7,1.52,-89.7,437881796.8781561,6757.4,2460.3,-4626.5,44
2026-04-09T11:46:18.560815+00:00,347.66,1.53,347.66,1.53,-87.7,437881796.8781561,6751.4,2458.8,-4622.4,44
2026-04-09T11:46:18.885112+00:00,347.61,1.55,347.61,1.55,-88.7,437881796.8781561,6744.9,2457.2,-4617.9,44
2026-04-09T11:46:19.210880+00:00,347.57,1.56,347.57,1.56,-89.7,437881796.8781561,6738.8,2455.7,-4613.8,44
2026-04-09T11:46:19.573911+00:00,347.52,1.57,347.52,1.57,-87.7,437881734.87281203,6732.3,2454.1,-4609.3,44
2026-04-09T11:46:19.899322+00:00,347.47,1.59,347.47,1.59,-91.7,437881734.87281203,6725.8,2452.5,-4604.8,44
2026-04-09T11:46:20.226243+00:00,347.43,1.60,347.43,1.6,-88.7,437881734.87281203,6719.6,2451.0,-4600.6,44
2026-04-09T11:46:20.554320+00:00,347.38,1.61,347.38,1.61,-90.7,437881734.87281203,6713.4,2449.5,-4596.4,44
2026-04-09T11:46:20.898523+00:00,347.33,1.63,347.33,1.63,-91.7,437881734.87281203,6706.9,2447.9,-4591.9,44
2026-04-09T11:46:21.226278+00:00,347.29,1.64,347.29,1.64,-86.7,437881734.87281203,6700.7,2446.4,-4587.6,44
2026-04-09T11:46:21.549907+00:00,347.24,1.65,347.24,1.65,-95.7,437881734.87281203,6694.4,2444.9,-4583.3,44
2026-04-09T11:46:21.897972+00:00,347.20,1.67,347.2,1.67,-92.7,437881734.87281203,6688.2,2443.4,-4579.1,44
2026-04-09T11:46:22.242270+00:00,347.15,1.68,347.15,1.68,-89.7,437881683.8447432,6681.2,2441.8,-4574.3,44
2026-04-09T11:46:22.569881+00:00,347.10,1.69,347.1,1.69,-92.7,437881683.8447432,6674.9,2440.3,-4570.0,44
2026-04-09T11:46:22.914782+00:00,347.06,1.71,347.06,1.71,-91.7,437881683.8447432,6668.6,2438.8,-4565.7,44
2026-04-09T11:46:23.241937+00:00,347.01,1.72,347.01,1.72,-91.7,437881683.8447432,6662.0,2437.2,-4561.2,44
2026-04-09T11:46:23.565695+00:00,346.96,1.73,346.96,1.73,-90.7,437881683.8447432,6655.7,2435.7,-4556.8,44
2026-04-09T11:46:23.894589+00:00,346.92,1.75,346.92,1.75,-91.7,437881683.8447432,6649.4,2434.2,-4552.5,44
2026-04-09T11:46:24.237993+00:00,346.87,1.76,346.87,1.76,-91.7,437881683.8447432,6642.6,2432.6,-4547.9,44
2026-04-09T11:46:24.565889+00:00,346.83,1.77,346.83,1.77,-93.7,437881683.8447432,6636.4,2431.2,-4543.6,44
2026-04-09T11:46:24.915456+00:00,346.78,1.79,346.78,1.79,-92.7,437881632.32814556,6629.7,2429.6,-4539.0,44
2026-04-09T11:46:25.258430+00:00,346.73,1.80,346.73,1.8,-89.7,437881632.32814556,6622.9,2428.0,-4534.4,44
2026-04-09T11:46:25.585794+00:00,346.68,1.81,346.68,1.81,-95.7,437881632.32814556,6616.5,2426.5,-4530.0,44
2026-04-09T11:46:25.909737+00:00,346.64,1.83,346.64,1.83,-92.7,437881632.32814556,6610.0,2425.0,-4525.6,44
2026-04-09T11:46:26.258297+00:00,346.59,1.84,346.59,1.84,-91.7,437881632.32814556,6603.7,2423.6,-4521.2,44
2026-04-09T11:46:26.581892+00:00,346.54,1.85,346.54,1.85,-89.7,437881632.32814556,6596.9,2422.0,-4516.6,44
2026-04-09T11:46:26.912345+00:00,346.50,1.87,346.5,1.87,-89.7,437881632.32814556,6590.5,2420.6,-4512.2,44
2026-04-09T11:46:27.254498+00:00,346.45,1.88,346.45,1.88,-93.7,437881632.32814556,6584.0,2419.1,-4507.8,44
2026-04-09T11:46:27.603352+00:00,346.40,1.90,346.4,1.9,-89.7,437881579.56562155,6576.8,2417.4,-4502.8,44
2026-04-09T11:46:27.925718+00:00,346.35,1.91,346.35,1.91,-92.7,437881579.56562155,6570.3,2416.0,-4498.4,44
2026-04-09T11:46:28.274340+00:00,346.31,1.92,346.31,1.92,-92.7,437881579.56562155,6563.9,2414.5,-4494.0,44
2026-04-09T11:46:28.598559+00:00,346.26,1.94,346.26,1.94,-91.7,437881579.56562155,6556.9,2412.9,-4489.2,44
2026-04-09T11:46:28.926627+00:00,346.21,1.95,346.21,1.95,-92.7,437881579.56562155,6550.5,2411.5,-4484.8,44
2026-04-09T11:46:29.250274+00:00,346.17,1.96,346.17,1.96,-89.7,437881579.56562155,6543.9,2410.0,-4480.3,44
2026-04-09T11:46:29.597919+00:00,346.12,1.98,346.12,1.98,-96.7,437881579.56562155,6537.0,2408.5,-4475.6,44
2026-04-09T11:46:29.922600+00:00,346.07,1.99,346.07,1.99,-95.7,437881579.56562155,6530.5,2407.0,-4471.1,44
2026-04-09T11:46:30.270339+00:00,346.02,2.00,346.02,2.0,-91.7,437881526.3609257,6523.5,2405.5,-4466.4,44
2026-04-09T11:46:30.614379+00:00,345.97,2.02,345.97,2.02,-91.7,437881526.3609257,6516.5,2403.9,-4461.6,44
2026-04-09T11:46:30.941473+00:00,345.93,2.03,345.93,2.03,-88.7,437881526.3609257,6510.0,2402.5,-4457.1,44
2026-04-09T11:46:31.270087+00:00,345.88,2.04,345.88,2.04,-91.7,437881526.3609257,6503.4,2401.0,-4452.5,44
2026-04-09T11:46:31.614250+00:00,345.83,2.06,345.83,2.06,-95.7,437881526.3609257,6496.3,2399.5,-4447.7,44
2026-04-09T11:46:31.946502+00:00,345.78,2.07,345.78,2.07,-87.7,437881526.3609257,6489.7,2398.0,-4443.2,44
2026-04-09T11:46:32.266315+00:00,345.74,2.08,345.74,2.08,-89.7,437881526.3609257,6483.1,2396.6,-4438.7,44
2026-04-09T11:46:32.613942+00:00,345.69,2.10,345.69,2.1,-89.7,437881526.3609257,6476.5,2395.1,-4434.1,44
2026-04-09T11:46:32.957905+00:00,345.64,2.11,345.64,2.11,-92.7,437881471.8275743,6469.0,2393.5,-4429.0,44
2026-04-09T11:46:33.286020+00:00,345.59,2.12,345.59,2.12,-89.7,437881471.8275743,6462.3,2392.1,-4424.5,44
2026-04-09T11:46:33.629970+00:00,345.54,2.14,345.54,2.14,-91.7,437881471.8275743,6455.6,2390.6,-4419.8,44
2026-04-09T11:46:33.957538+00:00,345.49,2.15,345.49,2.15,-91.7,437881471.8275743,6448.5,2389.1,-4415.0,44
2026-04-09T11:46:34.287379+00:00,345.44,2.16,345.44,2.16,-91.7,437881471.8275743,6441.8,2387.6,-4410.4,44
2026-04-09T11:46:34.610321+00:00,345.40,2.18,345.4,2.18,-92.7,437881471.8275743,6435.1,2386.2,-4405.8,44
2026-04-09T11:46:34.957696+00:00,345.35,2.19,345.35,2.19,-90.7,437881471.8275743,6427.9,2384.7,-4400.9,44
2026-04-09T11:46:35.281823+00:00,345.30,2.20,345.3,2.2,-92.7,437881471.8275743,6421.1,2383.2,-4396.2,44
2026-04-09T11:46:35.630109+00:00,345.25,2.22,345.25,2.22,-91.7,437881416.9034,6414.0,2381.7,-4391.3,44
2026-04-09T11:46:35.974591+00:00,345.20,2.23,345.2,2.23,-89.7,437881416.9034,6406.7,2380.2,-4386.4,44
2026-04-09T11:46:36.301840+00:00,345.15,2.24,345.15,2.24,-89.7,437881416.9034,6400.0,2378.8,-4381.8,44
2026-04-09T11:46:36.625947+00:00,345.10,2.26,345.1,2.26,-87.7,437881416.9034,6393.2,2377.4,-4377.1,44
2026-04-09T11:46:36.973691+00:00,345.06,2.27,345.06,2.27,-89.7,437881416.9034,6386.4,2375.9,-4372.5,44
2026-04-09T11:46:37.302832+00:00,345.01,2.28,345.01,2.28,-90.7,437881416.9034,6379.1,2374.4,-4367.5,44
2026-04-09T11:46:37.626376+00:00,344.96,2.30,344.96,2.3,-86.7,437881416.9034,6372.3,2373.0,-4362.8,44
2026-04-09T11:46:37.953904+00:00,344.91,2.31,344.91,2.31,-90.7,437881416.9034,6365.4,2371.6,-4358.1,44
2026-04-09T11:46:38.317923+00:00,344.86,2.32,344.86,2.32,-86.7,437881361.01714516,6357.7,2370.0,-4352.8,44
2026-04-09T11:46:38.646495+00:00,344.81,2.34,344.81,2.34,-94.7,437881361.01714516,6350.8,2368.6,-4348.1,44
2026-04-09T11:46:38.973367+00:00,344.76,2.35,344.76,2.35,-94.7,437881361.01714516,6343.8,2367.1,-4343.3,44
2026-04-09T11:46:39.317537+00:00,344.71,2.36,344.71,2.36,-92.7,437881361.01714516,6336.5,2365.6,-4338.3,44
2026-04-09T11:46:39.643066+00:00,344.66,2.38,344.66,2.38,-90.7,437881361.01714516,6329.6,2364.2,-4333.6,44
2026-04-09T11:46:39.969761+00:00,344.61,2.39,344.61,2.39,-90.7,437881361.01714516,6322.7,2362.8,-4328.9,44
2026-04-09T11:46:40.314342+00:00,344.56,2.40,344.56,2.4,-89.7,437881361.01714516,6315.7,2361.4,-4324.0,44
2026-04-09T11:46:40.641941+00:00,344.51,2.42,344.51,2.42,-91.7,437881361.01714516,6308.3,2359.9,-4319.0,44
2026-04-09T11:46:40.985697+00:00,344.46,2.43,344.46,2.43,-89.7,437881303.9042198,6300.9,2358.4,-4313.9,44
2026-04-09T11:46:41.334071+00:00,344.41,2.44,344.41,2.44,-90.7,437881303.9042198,6293.9,2357.0,-4309.2,44
2026-04-09T11:46:41.658414+00:00,344.36,2.46,344.36,2.46,-91.7,437881303.9042198,6286.5,2355.5,-4304.0,44
2026-04-09T11:46:41.985719+00:00,344.31,2.47,344.31,2.47,-89.7,437881303.9042198,6279.5,2354.1,-4299.3,44
2026-04-09T11:46:42.333536+00:00,344.26,2.48,344.26,2.48,-91.7,437881303.9042198,6272.4,2352.7,-4294.4,44
2026-04-09T11:46:42.658099+00:00,344.21,2.50,344.21,2.5,-92.7,437881303.9042198,6265.0,2351.2,-4289.3,44
2026-04-09T11:46:42.986758+00:00,344.16,2.51,344.16,2.51,-93.7,437881303.9042198,6257.9,2349.8,-4284.5,44
2026-04-09T11:46:43.309558+00:00,344.12,2.52,344.12,2.52,-94.7,437881303.9042198,6250.9,2348.4,-4279.7,44
2026-04-09T11:46:43.678413+00:00,344.06,2.54,344.06,2.54,-97.7,437881246.3327192,6242.8,2346.9,-4274.2,44
2026-04-09T11:46:44.006510+00:00,344.01,2.55,344.01,2.55,-91.7,437881246.3327192,6235.7,2345.5,-4269.3,44
2026-04-09T11:46:44.330618+00:00,343.96,2.57,343.96,2.57,-88.7,437881246.3327192,6228.6,2344.1,-4264.5,44
2026-04-09T11:46:44.679762+00:00,343.91,2.58,343.91,2.58,-91.7,437881246.3327192,6221.0,2342.6,-4259.2,44
2026-04-09T11:46:45.002100+00:00,343.86,2.59,343.86,2.59,-91.7,437881246.3327192,6213.9,2341.2,-4254.4,44
2026-04-09T11:46:45.329930+00:00,343.81,2.61,343.81,2.61,-95.7,437881246.3327192,6206.7,2339.8,-4249.4,44
2026-04-09T11:46:45.674350+00:00,343.76,2.62,343.76,2.62,-94.7,437881246.3327192,6199.5,2338.4,-4244.5,44
2026-04-09T11:46:46.001893+00:00,343.71,2.63,343.71,2.63,-89.7,437881246.3327192,6191.9,2337.0,-4239.3,44
2026-04-09T11:46:46.349950+00:00,343.66,2.65,343.66,2.65,-89.7,437881187.3141754,6184.2,2335.5,-4234.0,44
2026-04-09T11:46:46.694452+00:00,343.61,2.66,343.61,2.66,-94.7,437881187.3141754,6177.0,2334.1,-4229.1,44
2026-04-09T11:46:47.021920+00:00,343.55,2.67,343.55,2.67,-89.7,437881187.3141754,6169.3,2332.7,-4223.8,44
2026-04-09T11:46:47.347774+00:00,343.50,2.69,343.5,2.69,-93.7,437881187.3141754,6162.0,2331.3,-4218.8,44
2026-04-09T11:46:47.674123+00:00,343.46,2.70,343.46,2.7,-94.7,437881187.3141754,6154.8,2329.9,-4213.9,44
2026-04-09T11:46:48.017887+00:00,343.40,2.71,343.4,2.71,-89.7,437881187.3141754,6147.0,2328.4,-4208.6,44
2026-04-09T11:46:48.345719+00:00,343.35,2.73,343.35,2.73,-89.7,437881187.3141754,6139.8,2327.1,-4203.6,44
2026-04-09T11:46:48.670269+00:00,343.30,2.74,343.3,2.74,-91.7,437881187.3141754,6132.5,2325.7,-4198.6,44
2026-04-09T11:46:49.042435+00:00,343.25,2.75,343.25,2.75,-91.7,437881127.9076613,6124.7,2324.2,-4193.3,44
2026-04-09T11:46:49.362777+00:00,343.20,2.77,343.2,2.77,-88.7,437881127.9076613,6116.9,2322.8,-4187.9,44
2026-04-09T11:46:49.689715+00:00,343.15,2.78,343.15,2.78,-91.7,437881127.9076613,6109.6,2321.4,-4183.0,44
2026-04-09T11:46:50.014755+00:00,343.10,2.79,343.1,2.79,-89.7,437881127.9076613,6102.2,2320.1,-4177.9,44
2026-04-09T11:46:50.361991+00:00,343.04,2.81,343.04,2.81,-91.7,437881127.9076613,6094.4,2318.6,-4172.6,44
2026-04-09T11:46:50.691455+00:00,342.99,2.82,342.99,2.82,-91.7,437881127.9076613,6087.0,2317.3,-4167.5,44
2026-04-09T11:46:51.013749+00:00,342.94,2.83,342.94,2.83,-91.7,437881127.9076613,6079.7,2315.9,-4162.5,44
2026-04-09T11:46:51.362289+00:00,342.89,2.85,342.89,2.85,-92.7,437881127.9076613,6072.2,2314.5,-4157.4,44
2026-04-09T11:46:51.706303+00:00,342.84,2.86,342.84,2.86,-90.7,437881067.0462589,6063.8,2313.0,-4151.6,44
2026-04-09T11:46:52.034323+00:00,342.79,2.87,342.79,2.87,-90.7,437881067.0462589,6056.5,2311.7,-4146.6,44
2026-04-09T11:46:52.378264+00:00,342.73,2.89,342.73,2.89,-95.7,437881067.0462589,6049.0,2310.3,-4141.4,44
2026-04-09T11:46:52.707269+00:00,342.68,2.90,342.68,2.9,-96.7,437881067.0462589,6041.1,2308.9,-4136.0,44
2026-04-09T11:46:53.028950+00:00,342.63,2.91,342.63,2.91,-91.7,437881067.0462589,6033.6,2307.5,-4130.9,44
2026-04-09T11:46:53.352840+00:00,342.58,2.93,342.58,2.93,-92.7,437881067.0462589,6026.1,2306.2,-4125.8,44
2026-04-09T11:46:53.696972+00:00,342.53,2.94,342.53,2.94,-91.7,437881067.0462589,6018.2,2304.8,-4120.4,44
2026-04-09T11:46:54.020825+00:00,342.48,2.95,342.48,2.95,-93.7,437881067.0462589,6010.7,2303.4,-4115.2,44
2026-04-09T11:46:54.366969+00:00,342.42,2.97,342.42,2.97,-89.7,437881006.0208249,6002.8,2302.0,-4109.8,44
2026-04-09T11:46:54.708965+00:00,342.37,2.98,342.37,2.98,-91.7,437881006.0208249,5994.8,2300.6,-4104.3,44
2026-04-09T11:46:55.032831+00:00,342.32,2.99,342.32,2.99,-93.7,437881006.0208249,5987.3,2299.3,-4099.3,44
2026-04-09T11:46:55.356855+00:00,342.27,3.00,342.27,3.0,-94.7,437881006.0208249,5979.8,2298.0,-4094.1,44
2026-04-09T11:46:55.700899+00:00,342.22,3.02,342.22,3.02,-93.7,437881006.0208249,5972.3,2296.7,-4088.9,44
2026-04-09T11:46:56.025950+00:00,342.16,3.03,342.16,3.03,-91.7,437881006.0208249,5964.2,2295.2,-4083.4,44
2026-04-09T11:46:56.344924+00:00,342.11,3.04,342.11,3.04,-93.7,437881006.0208249,5956.7,2293.9,-4078.2,44
2026-04-09T11:46:56.669092+00:00,342.06,3.06,342.06,3.06,-91.7,437881006.0208249,5949.0,2292.6,-4073.0,44
2026-04-09T11:46:57.032835+00:00,342.00,3.07,342.0,3.07,-95.7,437880944.3018229,5940.5,2291.1,-4067.2,44
2026-04-09T11:46:57.356825+00:00,341.95,3.08,341.95,3.08,-92.7,437880944.3018229,5932.9,2289.8,-4062.0,44
2026-04-09T11:46:57.680883+00:00,341.90,3.10,341.9,3.1,-94.7,437880944.3018229,5925.2,2288.5,-4056.7,44
2026-04-09T11:46:58.029738+00:00,341.85,3.11,341.85,3.11,-90.7,437880944.3018229,5917.2,2287.1,-4051.2,44
2026-04-09T11:46:58.353938+00:00,341.79,3.12,341.79,3.12,-90.7,437880944.3018229,5909.5,2285.8,-4045.9,44
2026-04-09T11:46:58.683020+00:00,341.74,3.14,341.74,3.14,-89.7,437880944.3018229,5901.7,2284.5,-4040.6,44
2026-04-09T11:46:59.029845+00:00,341.69,3.15,341.69,3.15,-89.7,437880944.3018229,5893.4,2283.0,-4034.9,44
2026-04-09T11:46:59.354197+00:00,341.64,3.16,341.64,3.16,-90.7,437880944.3018229,5885.6,2281.7,-4029.6,44
2026-04-09T11:46:59.706197+00:00,341.58,3.18,341.58,3.18,-96.7,437880880.77990043,5877.4,2280.3,-4024.0,44
2026-04-09T11:47:00.049734+00:00,341.52,3.19,341.52,3.19,-91.7,437880880.77990043,5869.1,2278.9,-4018.3,44
2026-04-09T11:47:00.374024+00:00,341.47,3.20,341.47,3.2,-88.7,437880880.77990043,5861.3,2277.6,-4012.9,44
2026-04-09T11:47:00.702341+00:00,341.42,3.22,341.42,3.22,-96.7,437880880.77990043,5853.5,2276.3,-4007.6,44
2026-04-09T11:47:01.046941+00:00,341.37,3.23,341.37,3.23,-97.7,437880880.77990043,5845.6,2275.0,-4002.2,44
2026-04-09T11:47:01.370706+00:00,341.31,3.24,341.31,3.24,-90.7,437880880.77990043,5837.4,2273.6,-3996.6,44
2026-04-09T11:47:01.698811+00:00,341.26,3.25,341.26,3.25,-89.7,437880880.77990043,5829.6,2272.3,-3991.2,44
2026-04-09T11:47:02.024844+00:00,341.21,3.27,341.21,3.27,-89.7,437880880.77990043,5821.6,2271.0,-3985.8,44
2026-04-09T11:47:02.384837+00:00,341.15,3.28,341.15,3.28,-93.7,437880816.653914,5812.8,2269.6,-3979.8,44
2026-04-09T11:47:02.709399+00:00,341.10,3.29,341.1,3.29,-95.7,437880816.653914,5805.0,2268.3,-3974.4,44
2026-04-09T11:47:03.032841+00:00,341.05,3.31,341.05,3.31,-91.7,437880816.653914,5797.1,2267.0,-3969.0,44
2026-04-09T11:47:03.377073+00:00,340.99,3.32,340.99,3.32,-92.7,437880816.653914,5788.7,2265.6,-3963.3,44
2026-04-09T11:47:03.701211+00:00,340.94,3.33,340.94,3.33,-96.7,437880816.653914,5780.8,2264.4,-3957.9,44
2026-04-09T11:47:04.024872+00:00,340.89,3.35,340.89,3.35,-92.7,437880816.653914,5773.0,2263.1,-3952.5,44
2026-04-09T11:47:04.368868+00:00,340.83,3.36,340.83,3.36,-89.7,437880816.653914,5765.1,2261.8,-3947.1,44
2026-04-09T11:47:04.692877+00:00,340.78,3.37,340.78,3.37,-91.7,437880816.653914,5756.7,2260.5,-3941.3,44
2026-04-09T11:47:05.040686+00:00,340.72,3.39,340.72,3.39,-91.7,437880751.6289635,5748.2,2259.1,-3935.5,44
2026-04-09T11:47:05.381058+00:00,340.67,3.40,340.67,3.4,-90.7,437880751.6289635,5740.3,2257.8,-3930.1,44
2026-04-09T11:47:05.704925+00:00,340.61,3.41,340.61,3.41,-94.7,437880751.6289635,5731.8,2256.5,-3924.3,44
2026-04-09T11:47:06.024834+00:00,340.56,3.42,340.56,3.42,-92.7,437880751.6289635,5723.8,2255.2,-3918.8,44
2026-04-09T11:47:06.348836+00:00,340.51,3.44,340.51,3.44,-93.7,437880751.6289635,5715.8,2253.9,-3913.3,44
2026-04-09T11:47:06.692890+00:00,340.45,3.45,340.45,3.45,-92.7,437880751.6289635,5707.3,2252.6,-3907.5,44
2026-04-09T11:47:07.021920+00:00,340.40,3.46,340.4,3.46,-91.7,437880751.6289635,5699.2,2251.3,-3902.0,44
2026-04-09T11:47:07.345962+00:00,340.34,3.48,340.34,3.48,-89.7,437880751.6289635,5691.1,2250.1,-3896.4,44
2026-04-09T11:47:07.714109+00:00,340.29,3.49,340.29,3.49,-92.7,437880686.0110033,5682.5,2248.7,-3890.5,44
2026-04-09T11:47:08.038369+00:00,340.23,3.50,340.23,3.5,-90.7,437880686.0110033,5673.8,2247.4,-3884.6,44
2026-04-09T11:47:08.365942+00:00,340.18,3.52,340.18,3.52,-90.7,437880686.0110033,5665.7,2246.1,-3879.1,44
2026-04-09T11:47:08.690254+00:00,340.12,3.53,340.12,3.53,-90.7,437880686.0110033,5657.5,2244.8,-3873.4,44
2026-04-09T11:47:09.037902+00:00,340.07,3.54,340.07,3.54,-88.7,437880686.0110033,5648.9,2243.5,-3867.5,44
2026-04-09T11:47:09.362970+00:00,340.01,3.55,340.01,3.55,-89.7,437880686.0110033,5640.6,2242.2,-3861.9,44
2026-04-09T11:47:09.710075+00:00,339.96,3.57,339.96,3.57,-94.7,437880635.48608327,5631.9,2240.9,-3855.9,44
2026-04-09T11:47:10.057713+00:00,339.90,3.58,339.9,3.58,-91.7,437880635.48608327,5623.2,2239.6,-3849.9,44
2026-04-09T11:47:10.382045+00:00,339.84,3.59,339.84,3.59,-90.7,437880635.48608327,5615.0,2238.3,-3844.3,44
2026-04-09T11:47:10.706565+00:00,339.79,3.61,339.79,3.61,-93.7,437880635.48608327,5606.7,2237.1,-3838.6,44
2026-04-09T11:47:11.053929+00:00,339.74,3.62,339.74,3.62,-94.7,437880635.48608327,5598.5,2235.8,-3833.0,44
2026-04-09T11:47:11.382224+00:00,339.68,3.63,339.68,3.63,-91.7,437880635.48608327,5589.6,2234.5,-3827.0,44
2026-04-09T11:47:11.726205+00:00,339.62,3.65,339.62,3.65,-91.7,437880584.3456885,5580.9,2233.2,-3821.0,44
2026-04-09T11:47:12.073930+00:00,339.57,3.66,339.57,3.66,-95.7,437880584.3456885,5572.5,2231.9,-3815.2,44
2026-04-09T11:47:12.402063+00:00,339.51,3.67,339.51,3.67,-91.7,437880584.3456885,5563.6,2230.6,-3809.1,44
2026-04-09T11:47:12.731575+00:00,339.45,3.68,339.45,3.68,-92.7,437880584.3456885,5555.3,2229.4,-3803.5,44
2026-04-09T11:47:13.054263+00:00,339.40,3.70,339.4,3.7,-90.7,437880584.3456885,5546.9,2228.1,-3797.7,44
2026-04-09T11:47:13.402038+00:00,339.34,3.71,339.34,3.71,-95.7,437880584.3456885,5538.0,2226.8,-3791.6,44
2026-04-09T11:47:13.750269+00:00,339.28,3.72,339.28,3.72,-89.7,437880532.6333229,5529.0,2225.5,-3785.4,44
2026-04-09T11:47:14.073950+00:00,339.23,3.74,339.23,3.74,-90.7,437880532.6333229,5520.6,2224.2,-3779.7,44
2026-04-09T11:47:14.422040+00:00,339.17,3.75,339.17,3.75,-89.7,437880532.6333229,5511.6,2222.9,-3773.6,44
2026-04-09T11:47:14.750414+00:00,339.11,3.76,339.11,3.76,-89.7,437880532.6333229,5503.2,2221.7,-3767.8,44
2026-04-09T11:47:15.078603+00:00,339.06,3.77,339.06,3.77,-87.7,437880532.6333229,5494.8,2220.5,-3762.0,44
2026-04-09T11:47:15.418066+00:00,339.00,3.79,339.0,3.79,-95.7,437880532.6333229,5485.7,2219.2,-3755.8,44
2026-04-09T11:47:15.766019+00:00,338.94,3.80,338.94,3.8,-92.7,437880480.4559635,5476.8,2217.9,-3749.7,44
2026-04-09T11:47:16.090393+00:00,338.89,3.81,338.89,3.81,-97.7,437880480.4559635,5468.3,2216.7,-3743.9,44
2026-04-09T11:47:16.437953+00:00,338.83,3.83,338.83,3.83,-91.7,437880480.4559635,5459.2,2215.4,-3737.7,44
2026-04-09T11:47:16.765921+00:00,338.77,3.84,338.77,3.84,-91.7,437880480.4559635,5450.7,2214.1,-3731.8,44
2026-04-09T11:47:17.090229+00:00,338.72,3.85,338.72,3.85,-92.7,437880480.4559635,5442.2,2212.9,-3726.0,44
2026-04-09T11:47:17.437981+00:00,338.66,3.86,338.66,3.86,-93.7,437880480.4559635,5433.6,2211.7,-3720.1,44
2026-04-09T11:47:17.786356+00:00,338.60,3.88,338.6,3.88,-91.7,437880427.61285,5423.9,2210.3,-3713.5,44
2026-04-09T11:47:18.110228+00:00,338.54,3.89,338.54,3.89,-92.7,437880427.61285,5415.3,2209.1,-3707.6,44
2026-04-09T11:47:18.458088+00:00,338.49,3.90,338.49,3.9,-90.7,437880427.61285,5406.7,2207.9,-3701.7,44
2026-04-09T11:47:18.781846+00:00,338.43,3.92,338.43,3.92,-87.7,437880427.61285,5397.5,2206.6,-3695.4,44
2026-04-09T11:47:19.110238+00:00,338.37,3.93,338.37,3.93,-89.7,437880427.61285,5388.9,2205.4,-3689.6,44
2026-04-09T11:47:19.454044+00:00,338.32,3.94,338.32,3.94,-97.7,437880427.61285,5380.2,2204.2,-3683.6,44
2026-04-09T11:47:19.801805+00:00,338.26,3.95,338.26,3.95,-93.7,437880374.30402976,5370.5,2202.9,-3677.0,44
2026-04-09T11:47:20.130922+00:00,338.20,3.97,338.2,3.97,-93.7,437880374.30402976,5361.8,2201.7,-3671.0,44
2026-04-09T11:47:20.474242+00:00,338.14,3.98,338.14,3.98,-87.7,437880374.30402976,5353.2,2200.5,-3665.1,44
2026-04-09T11:47:20.801879+00:00,338.08,3.99,338.08,3.99,-91.7,437880374.30402976,5343.9,2199.2,-3658.7,44
2026-04-09T11:47:21.126314+00:00,338.03,4.00,338.03,4.0,-91.7,437880374.30402976,5335.1,2198.0,-3652.7,44
2026-04-09T11:47:21.474277+00:00,337.97,4.02,337.97,4.02,-93.7,437880374.30402976,5326.4,2196.8,-3646.8,44
2026-04-09T11:47:21.818130+00:00,337.91,4.03,337.91,4.03,-88.7,437880320.31661814,5316.6,2195.5,-3640.1,44
2026-04-09T11:47:22.147510+00:00,337.85,4.04,337.85,4.04,-92.7,437880320.31661814,5307.8,2194.3,-3634.0,44
2026-04-09T11:47:22.489979+00:00,337.80,4.05,337.8,4.05,-91.7,437880320.31661814,5299.1,2193.1,-3628.1,44
2026-04-09T11:47:22.818130+00:00,337.74,4.07,337.74,4.07,-91.7,437880320.31661814,5289.7,2191.9,-3621.6,44
2026-04-09T11:47:23.142543+00:00,337.68,4.08,337.68,4.08,-87.7,437880320.31661814,5280.8,2190.7,-3615.5,44
2026-04-09T11:47:23.490242+00:00,337.62,4.09,337.62,4.09,-90.7,437880320.31661814,5272.1,2189.5,-3609.5,44
2026-04-09T11:47:23.834144+00:00,337.56,4.11,337.56,4.11,-91.7,437880265.87348413,5262.0,2188.2,-3602.7,44
2026-04-09T11:47:24.162058+00:00,337.50,4.12,337.5,4.12,-90.7,437880265.87348413,5253.3,2187.0,-3596.7,44
2026-04-09T11:47:24.510978+00:00,337.45,4.13,337.45,4.13,-89.7,437880265.87348413,5244.3,2185.9,-3590.5,44
2026-04-09T11:47:24.833521+00:00,337.39,4.14,337.39,4.14,-89.7,437880265.87348413,5235.0,2184.6,-3584.1,44
2026-04-09T11:47:25.161695+00:00,337.33,4.16,337.33,4.16,-91.7,437880265.87348413,5225.9,2183.4,-3578.0,44
2026-04-09T11:47:25.484915+00:00,337.27,4.17,337.27,4.17,-91.7,437880265.87348413,5217.1,2182.3,-3571.9,44
2026-04-09T11:47:25.853728+00:00,337.21,4.18,337.21,4.18,-92.7,437880211.4428308,5207.0,2181.0,-3565.0,44
2026-04-09T11:47:26.179671+00:00,337.15,4.19,337.15,4.19,-89.7,437880211.4428308,5198.0,2179.8,-3558.8,44
2026-04-09T11:47:26.506336+00:00,337.09,4.21,337.09,4.21,-93.7,437880211.4428308,5189.1,2178.7,-3552.7,44
2026-04-09T11:47:26.853933+00:00,337.03,4.22,337.03,4.22,-90.7,437880211.4428308,5179.5,2177.4,-3546.1,44
2026-04-09T11:47:27.182764+00:00,336.97,4.23,336.97,4.23,-91.7,437880211.4428308,5170.4,2176.3,-3540.0,44
2026-04-09T11:47:27.505910+00:00,336.92,4.24,336.92,4.24,-91.7,437880211.4428308,5161.4,2175.1,-3533.7,44
2026-04-09T11:47:27.874087+00:00,336.86,4.26,336.86,4.26,-94.7,437880155.726313,5151.8,2173.9,-3527.2,44
2026-04-09T11:47:28.198397+00:00,336.80,4.27,336.8,4.27,-91.7,437880155.726313,5142.2,2172.7,-3520.6,44
2026-04-09T11:47:28.526005+00:00,336.74,4.28,336.74,4.28,-95.7,437880155.726313,5133.2,2171.5,-3514.4,44
2026-04-09T11:47:28.849766+00:00,336.68,4.29,336.68,4.29,-92.7,437880155.726313,5124.0,2170.4,-3508.2,44
2026-04-09T11:47:29.198234+00:00,336.62,4.31,336.62,4.31,-89.7,437880155.726313,5114.4,2169.2,-3501.6,44
2026-04-09T11:47:29.521898+00:00,336.56,4.32,336.56,4.32,-95.7,437880155.726313,5105.3,2168.0,-3495.3,44
2026-04-09T11:47:29.870448+00:00,336.50,4.33,336.5,4.33,-89.7,437880099.57154566,5095.7,2166.8,-3488.8,44
2026-04-09T11:47:30.217923+00:00,336.44,4.34,336.44,4.34,-91.7,437880099.57154566,5085.8,2165.6,-3482.0,44
2026-04-09T11:47:30.541703+00:00,336.38,4.36,336.38,4.36,-91.7,437880099.57154566,5076.8,2164.5,-3475.9,44
2026-04-09T11:47:30.866356+00:00,336.32,4.37,336.32,4.37,-91.7,437880099.57154566,5067.5,2163.3,-3469.5,44
2026-04-09T11:47:31.213964+00:00,336.26,4.38,336.26,4.38,-94.7,437880099.57154566,5058.4,2162.2,-3463.3,44
2026-04-09T11:47:31.543008+00:00,336.20,4.39,336.2,4.39,-87.7,437880099.57154566,5048.6,2161.0,-3456.5,44
2026-04-09T11:47:31.884860+00:00,336.14,4.40,336.14,4.4,-91.7,437880042.69575274,5038.8,2159.8,-3449.9,44
2026-04-09T11:47:32.228988+00:00,336.08,4.42,336.08,4.42,-89.7,437880042.69575274,5029.7,2158.7,-3443.6,44
2026-04-09T11:47:32.552830+00:00,336.02,4.43,336.02,4.43,-92.7,437880042.69575274,5019.8,2157.5,-3436.8,44
2026-04-09T11:47:32.876975+00:00,335.96,4.44,335.96,4.44,-91.7,437880042.69575274,5010.7,2156.4,-3430.6,44
2026-04-09T11:47:33.197103+00:00,335.91,4.45,335.91,4.45,-90.7,437880042.69575274,5001.5,2155.3,-3424.3,44
2026-04-09T11:47:33.545966+00:00,335.84,4.46,335.84,4.46,-95.7,437880042.69575274,4991.7,2154.1,-3417.6,44
2026-04-09T11:47:33.884979+00:00,335.78,4.48,335.78,4.48,-93.7,437879985.7661148,4981.8,2152.9,-3410.8,44
2026-04-09T11:47:34.208850+00:00,335.72,4.49,335.72,4.49,-93.7,437879985.7661148,4972.6,2151.8,-3404.5,44
2026-04-09T11:47:34.553549+00:00,335.66,4.50,335.66,4.5,-92.7,437879985.7661148,4962.7,2150.7,-3397.7,44
2026-04-09T11:47:34.876902+00:00,335.60,4.51,335.6,4.51,-93.7,437879985.7661148,4953.4,2149.6,-3391.4,44
2026-04-09T11:47:35.201031+00:00,335.54,4.52,335.54,4.52,-91.7,437879985.7661148,4944.1,2148.5,-3385.0,44
2026-04-09T11:47:35.544855+00:00,335.49,4.54,335.49,4.54,-89.7,437879985.7661148,4934.8,2147.4,-3378.6,44
2026-04-09T11:47:35.888839+00:00,335.42,4.55,335.42,4.55,-95.7,437879928.38182414,4924.3,2146.1,-3371.4,44
2026-04-09T11:47:36.213280+00:00,335.36,4.56,335.36,4.56,-88.7,437879928.38182414,4915.0,2145.1,-3365.1,44
2026-04-09T11:47:36.556857+00:00,335.30,4.57,335.3,4.57,-91.7,437879928.38182414,4905.7,2144.0,-3358.7,44
2026-04-09T11:47:36.882279+00:00,335.24,4.59,335.24,4.59,-89.7,437879928.38182414,4895.7,2142.8,-3351.9,44
2026-04-09T11:47:37.209774+00:00,335.18,4.60,335.18,4.6,-94.7,437879928.38182414,4886.2,2141.7,-3345.3,44
2026-04-09T11:47:37.534305+00:00,335.12,4.61,335.12,4.61,-93.7,437879928.38182414,4876.8,2140.6,-3338.9,44
2026-04-09T11:47:37.901743+00:00,335.06,4.62,335.06,4.62,-95.7,437879870.70013726,4866.0,2139.4,-3331.5,44
2026-04-09T11:47:38.230878+00:00,335.00,4.63,335.0,4.63,-93.7,437879870.70013726,4856.6,2138.3,-3325.1,44
2026-04-09T11:47:38.554080+00:00,334.94,4.65,334.94,4.65,-89.7,437879870.70013726,4847.0,2137.2,-3318.5,44
2026-04-09T11:47:38.902453+00:00,334.87,4.66,334.87,4.66,-91.7,437879870.70013726,4836.7,2136.1,-3311.5,44
2026-04-09T11:47:39.225949+00:00,334.81,4.67,334.81,4.67,-93.7,437879870.70013726,4827.2,2135.0,-3305.0,44
2026-04-09T11:47:39.550074+00:00,334.75,4.68,334.75,4.68,-92.7,437879870.70013726,4817.7,2133.9,-3298.4,44
2026-04-09T11:47:39.917946+00:00,334.69,4.69,334.69,4.69,-93.7,437879811.6894384,4807.5,2132.8,-3291.5,44
2026-04-09T11:47:40.246046+00:00,334.63,4.71,334.63,4.71,-91.7,437879811.6894384,4797.3,2131.7,-3284.5,44
2026-04-09T11:47:40.573765+00:00,334.57,4.72,334.57,4.72,-93.7,437879811.6894384,4787.6,2130.6,-3277.9,44
2026-04-09T11:47:40.899138+00:00,334.51,4.73,334.51,4.73,-91.7,437879811.6894384,4778.1,2129.5,-3271.3,44
2026-04-09T11:47:41.241969+00:00,334.44,4.74,334.44,4.74,-93.7,437879811.6894384,4767.8,2128.4,-3264.3,44
2026-04-09T11:47:41.569727+00:00,334.38,4.75,334.38,4.75,-87.7,437879811.6894384,4758.1,2127.3,-3257.7,44
2026-04-09T11:47:41.914029+00:00,334.32,4.76,334.32,4.76,-88.7,437879751.9851714,4747.9,2126.2,-3250.7,44
2026-04-09T11:47:42.262376+00:00,334.25,4.78,334.25,4.78,-89.7,437879751.9851714,4737.5,2125.1,-3243.6,44
2026-04-09T11:47:42.586242+00:00,334.19,4.79,334.19,4.79,-92.7,437879751.9851714,4727.8,2124.0,-3236.9,44
2026-04-09T11:47:42.915161+00:00,334.13,4.80,334.13,4.8,-95.7,437879751.9851714,4718.1,2123.0,-3230.3,44
2026-04-09T11:47:43.262177+00:00,334.07,4.81,334.07,4.81,-93.7,437879751.9851714,4707.7,2121.8,-3223.1,44
2026-04-09T11:47:43.586281+00:00,334.01,4.82,334.01,4.82,-90.7,437879751.9851714,4697.9,2120.8,-3216.4,44
2026-04-09T11:47:43.933774+00:00,333.94,4.83,333.94,4.83,-92.7,437879691.7934455,4687.6,2119.7,-3209.3,44
2026-04-09T11:47:44.278025+00:00,333.88,4.85,333.88,4.85,-93.7,437879691.7934455,4677.2,2118.6,-3202.3,44
2026-04-09T11:47:44.606284+00:00,333.82,4.86,333.82,4.86,-93.7,437879691.7934455,4667.4,2117.5,-3195.5,44
2026-04-09T11:47:44.930424+00:00,333.76,4.87,333.76,4.87,-90.7,437879691.7934455,4657.5,2116.5,-3188.8,44
2026-04-09T11:47:45.278061+00:00,333.70,4.88,333.7,4.88,-93.7,437879691.7934455,4647.7,2115.5,-3182.1,44
2026-04-09T11:47:45.610648+00:00,333.63,4.89,333.63,4.89,-96.7,437879691.7934455,4637.2,2114.3,-3174.9,44
2026-04-09T11:47:45.950338+00:00,333.57,4.91,333.57,4.91,-91.7,437879630.78833723,4626.8,2113.3,-3167.7,44
2026-04-09T11:47:46.298174+00:00,333.51,4.92,333.51,4.92,-92.7,437879630.78833723,4616.9,2112.2,-3160.9,44
2026-04-09T11:47:46.622272+00:00,333.44,4.93,333.44,4.93,-92.7,437879630.78833723,4606.3,2111.1,-3153.7,44
2026-04-09T11:47:46.948976+00:00,333.38,4.94,333.38,4.94,-93.7,437879630.78833723,4596.4,2110.1,-3147.0,44
2026-04-09T11:47:47.272955+00:00,333.32,4.95,333.32,4.95,-97.7,437879630.78833723,4586.6,2109.1,-3140.2,44
2026-04-09T11:47:47.616830+00:00,333.26,4.96,333.26,4.96,-94.7,437879630.78833723,4576.0,2108.0,-3133.0,44
2026-04-09T11:47:47.960847+00:00,333.19,4.97,333.19,4.97,-91.7,437879569.7664692,4565.5,2106.9,-3125.8,44
2026-04-09T11:47:48.284896+00:00,333.13,4.99,333.13,4.99,-93.7,437879569.7664692,4555.6,2105.9,-3119.0,44
2026-04-09T11:47:48.628988+00:00,333.07,5.00,333.07,5.0,-97.7,437879569.7664692,4545.1,2104.8,-3111.8,44
2026-04-09T11:47:48.952853+00:00,333.00,5.01,333.0,5.01,-94.7,437879569.7664692,4535.0,2103.8,-3104.9,44
2026-04-09T11:47:49.276945+00:00,332.94,5.02,332.94,5.02,-99.7,437879569.7664692,4525.2,2102.8,-3098.2,44
2026-04-09T11:47:49.620842+00:00,332.88,5.03,332.88,5.03,-90.7,437879569.7664692,4515.2,2101.8,-3091.4,44
2026-04-09T11:47:49.964854+00:00,332.81,5.04,332.81,5.04,-95.7,437879508.23539025,4504.0,2100.7,-3083.7,44
2026-04-09T11:47:50.288854+00:00,332.75,5.05,332.75,5.05,-96.7,437879508.23539025,4494.0,2099.7,-3076.8,44
2026-04-09T11:47:50.637515+00:00,332.69,5.06,332.69,5.06,-92.7,437879508.23539025,4484.0,2098.7,-3070.0,44
2026-04-09T11:47:50.956890+00:00,332.62,5.08,332.62,5.08,-95.7,437879508.23539025,4473.3,2097.7,-3062.7,44
2026-04-09T11:47:51.282664+00:00,332.56,5.09,332.56,5.09,-91.7,437879508.23539025,4463.3,2096.7,-3055.8,44
2026-04-09T11:47:51.600840+00:00,332.50,5.10,332.5,5.1,-94.7,437879508.23539025,4453.2,2095.7,-3048.9,44
2026-04-09T11:47:51.969701+00:00,332.43,5.11,332.43,5.11,-90.7,437879446.88581574,4441.8,2094.6,-3041.1,44
2026-04-09T11:47:52.297975+00:00,332.37,5.12,332.37,5.12,-89.7,437879446.88581574,4431.6,2093.6,-3034.1,44
2026-04-09T11:47:52.621936+00:00,332.31,5.13,332.31,5.13,-89.7,437879446.88581574,4421.5,2092.6,-3027.2,44
2026-04-09T11:47:52.965980+00:00,332.24,5.14,332.24,5.14,-92.7,437879446.88581574,4410.6,2091.5,-3019.8,44
2026-04-09T11:47:53.294039+00:00,332.18,5.15,332.18,5.15,-91.7,437879446.88581574,4400.5,2090.6,-3012.8,44
2026-04-09T11:47:53.618021+00:00,332.12,5.17,332.12,5.17,-94.7,437879446.88581574,4390.2,2089.6,-3005.8,44
2026-04-09T11:47:53.985693+00:00,332.05,5.18,332.05,5.18,-93.7,437879383.8124838,4379.4,2088.5,-2998.3,44
2026-04-09T11:47:54.310406+00:00,331.98,5.19,331.98,5.19,-93.7,437879383.8124838,4368.5,2087.5,-2990.9,44
2026-04-09T11:47:54.638266+00:00,331.92,5.20,331.92,5.2,-92.7,437879383.8124838,4358.3,2086.5,-2983.9,44
2026-04-09T11:47:54.961714+00:00,331.86,5.21,331.86,5.21,-91.7,437879383.8124838,4347.9,2085.5,-2976.8,44
2026-04-09T11:47:55.310091+00:00,331.79,5.22,331.79,5.22,-92.7,437879383.8124838,4337.0,2084.5,-2969.3,44
2026-04-09T11:47:55.638108+00:00,331.73,5.23,331.73,5.23,-91.7,437879383.8124838,4326.7,2083.6,-2962.3,44
2026-04-09T11:47:55.981718+00:00,331.66,5.24,331.66,5.24,-91.7,437879320.07589394,4315.7,2082.5,-2954.8,44
2026-04-09T11:47:56.330228+00:00,331.59,5.26,331.59,5.26,-93.7,437879320.07589394,4304.7,2081.5,-2947.2,44
2026-04-09T11:47:56.654516+00:00,331.53,5.27,331.53,5.27,-91.7,437879320.07589394,4294.3,2080.5,-2940.1,44
2026-04-09T11:47:56.982008+00:00,331.47,5.28,331.47,5.28,-95.7,437879320.07589394,4284.0,2079.6,-2933.0,44
2026-04-09T11:47:57.325972+00:00,331.40,5.29,331.4,5.29,-93.7,437879320.07589394,4273.0,2078.6,-2925.5,44
2026-04-09T11:47:57.654491+00:00,331.34,5.30,331.34,5.3,-90.7,437879320.07589394,4262.5,2077.6,-2918.4,44
2026-04-09T11:47:57.998016+00:00,331.27,5.31,331.27,5.31,-94.7,437879255.89142674,4251.4,2076.6,-2910.7,44
2026-04-09T11:47:58.345950+00:00,331.20,5.32,331.2,5.32,-98.7,437879255.89142674,4240.4,2075.6,-2903.2,44
2026-04-09T11:47:58.670497+00:00,331.14,5.33,331.14,5.33,-94.7,437879255.89142674,4229.9,2074.7,-2896.0,44
2026-04-09T11:47:58.997340+00:00,331.08,5.34,331.08,5.34,-91.7,437879255.89142674,4219.5,2073.7,-2888.9,44
2026-04-09T11:47:59.345942+00:00,331.01,5.35,331.01,5.35,-95.7,437879255.89142674,4208.9,2072.8,-2881.6,44
2026-04-09T11:47:59.671795+00:00,330.95,5.36,330.95,5.36,-93.7,437879255.89142674,4197.7,2071.8,-2874.0,44
2026-04-09T11:48:00.017714+00:00,330.88,5.38,330.88,5.38,-95.7,437879191.10824436,4186.6,2070.8,-2866.4,44
2026-04-09T11:48:00.362011+00:00,330.82,5.39,330.82,5.39,-96.7,437879191.10824436,4176.2,2069.9,-2859.2,44
2026-04-09T11:48:00.693748+00:00,330.75,5.40,330.75,5.4,-93.7,437879191.10824436,4164.9,2068.9,-2851.5,44
2026-04-09T11:48:01.013744+00:00,330.68,5.41,330.68,5.41,-91.7,437879191.10824436,4154.3,2067.9,-2844.3,44
2026-04-09T11:48:01.362254+00:00,330.62,5.42,330.62,5.42,-94.7,437879191.10824436,4143.8,2067.0,-2837.1,44
2026-04-09T11:48:01.691525+00:00,330.55,5.43,330.55,5.43,-91.7,437879191.10824436,4132.5,2066.0,-2829.3,44
2026-04-09T11:48:02.032875+00:00,330.48,5.44,330.48,5.44,-92.7,437879125.6821298,4121.1,2065.0,-2821.5,44
2026-04-09T11:48:02.377244+00:00,330.42,5.45,330.42,5.45,-90.7,437879125.6821298,4110.6,2064.1,-2814.3,44
2026-04-09T11:48:02.701006+00:00,330.35,5.46,330.35,5.46,-89.7,437879125.6821298,4099.4,2063.2,-2806.6,44
2026-04-09T11:48:03.024835+00:00,330.29,5.47,330.29,5.47,-94.7,437879125.6821298,4088.8,2062.3,-2799.4,44
2026-04-09T11:48:03.348902+00:00,330.22,5.48,330.22,5.48,-94.7,437879125.6821298,4078.3,2061.4,-2792.2,44
2026-04-09T11:48:03.693069+00:00,330.16,5.49,330.16,5.49,-91.7,437879125.6821298,4067.0,2060.4,-2784.5,44
2026-04-09T11:48:04.036837+00:00,330.09,5.50,330.09,5.5,-91.7,437879060.2891782,4055.8,2059.4,-2776.8,44
2026-04-09T11:48:04.360924+00:00,330.02,5.51,330.02,5.51,-93.7,437879060.2891782,4045.1,2058.5,-2769.5,44
2026-04-09T11:48:04.704851+00:00,329.96,5.52,329.96,5.52,-94.7,437879060.2891782,4033.8,2057.6,-2761.7,44
2026-04-09T11:48:05.028889+00:00,329.89,5.53,329.89,5.53,-91.7,437879060.2891782,4023.2,2056.7,-2754.5,44
2026-04-09T11:48:05.354140+00:00,329.83,5.54,329.83,5.54,-91.7,437879060.2891782,4012.5,2055.8,-2747.1,44
2026-04-09T11:48:05.696737+00:00,329.76,5.55,329.76,5.55,-88.7,437879060.2891782,4001.8,2054.9,-2739.8,44
2026-04-09T11:48:06.036845+00:00,329.69,5.57,329.69,5.57,-92.7,437878994.2750462,3989.7,2053.9,-2731.6,44
2026-04-09T11:48:06.361085+00:00,329.63,5.58,329.63,5.58,-95.7,437878994.2750462,3979.0,2053.0,-2724.2,44
2026-04-09T11:48:06.704973+00:00,329.56,5.59,329.56,5.59,-90.7,437878994.2750462,3968.2,2052.2,-2716.8,44
2026-04-09T11:48:07.033930+00:00,329.49,5.60,329.49,5.6,-95.7,437878994.2750462,3956.8,2051.2,-2709.0,44
2026-04-09T11:48:07.357784+00:00,329.43,5.61,329.43,5.61,-94.7,437878994.2750462,3946.1,2050.4,-2701.7,44
2026-04-09T11:48:07.682462+00:00,329.36,5.62,329.36,5.62,-90.7,437878994.2750462,3935.1,2049.5,-2694.2,44
2026-04-09T11:48:08.051459+00:00,329.29,5.63,329.29,5.63,-95.7,437878928.3062012,3922.9,2048.5,-2685.9,44
2026-04-09T11:48:08.379487+00:00,329.23,5.64,329.23,5.64,-91.7,437878928.3062012,3912.0,2047.6,-2678.4,44
2026-04-09T11:48:08.702301+00:00,329.16,5.65,329.16,5.65,-91.7,437878928.3062012,3901.2,2046.7,-2671.0,44
2026-04-09T11:48:09.049917+00:00,329.09,5.66,329.09,5.66,-94.7,437878928.3062012,3889.5,2045.8,-2663.0,44
2026-04-09T11:48:09.374264+00:00,329.03,5.67,329.03,5.67,-93.7,437878928.3062012,3878.5,2044.9,-2655.4,44
2026-04-09T11:48:09.702336+00:00,328.96,5.68,328.96,5.68,-92.7,437878928.3062012,3867.6,2044.1,-2648.0,44
2026-04-09T11:48:10.071011+00:00,328.89,5.69,328.89,5.69,-93.7,437878860.6567462,3855.2,2043.1,-2639.5,44
2026-04-09T11:48:10.394069+00:00,328.82,5.70,328.82,5.7,-91.7,437878860.6567462,3844.4,2042.3,-2632.1,44
2026-04-09T11:48:10.725757+00:00,328.76,5.71,328.76,5.71,-92.7,437878860.6567462,3833.3,2041.4,-2624.5,44
2026-04-09T11:48:11.069944+00:00,328.69,5.72,328.69,5.72,-91.7,437878860.6567462,3821.7,2040.5,-2616.5,44
2026-04-09T11:48:11.394376+00:00,328.62,5.73,328.62,5.73,-90.7,437878860.6567462,3810.6,2039.6,-2609.0,44
2026-04-09T11:48:11.721815+00:00,328.55,5.74,328.55,5.74,-89.7,437878860.6567462,3799.5,2038.8,-2601.3,44
2026-04-09T11:48:12.085946+00:00,328.48,5.75,328.48,5.75,-93.7,437878792.47169274,3787.8,2037.9,-2593.3,44
2026-04-09T11:48:12.414063+00:00,328.41,5.76,328.41,5.76,-94.7,437878792.47169274,3775.9,2037.0,-2585.2,44
2026-04-09T11:48:12.737544+00:00,328.35,5.77,328.35,5.77,-92.7,437878792.47169274,3764.9,2036.1,-2577.6,44
2026-04-09T11:48:13.066306+00:00,328.28,5.78,328.28,5.78,-93.7,437878792.47169274,3753.8,2035.3,-2570.1,44
2026-04-09T11:48:13.415446+00:00,328.21,5.79,328.21,5.79,-93.7,437878792.47169274,3742.0,2034.4,-2561.9,44
2026-04-09T11:48:13.737786+00:00,328.15,5.80,328.15,5.8,-92.7,437878792.47169274,3731.0,2033.6,-2554.4,44
2026-04-09T11:48:14.080847+00:00,328.08,5.81,328.08,5.81,-93.7,437878723.85908735,3719.0,2032.7,-2546.2,44
2026-04-09T11:48:14.424830+00:00,328.01,5.82,328.01,5.82,-90.7,437878723.85908735,3707.3,2031.8,-2538.2,44
2026-04-09T11:48:14.748889+00:00,327.94,5.83,327.94,5.83,-92.7,437878723.85908735,3696.2,2031.0,-2530.6,44
2026-04-09T11:48:15.072823+00:00,327.87,5.84,327.87,5.84,-91.7,437878723.85908735,3685.0,2030.2,-2523.0,44
2026-04-09T11:48:15.416839+00:00,327.81,5.85,327.81,5.85,-92.7,437878723.85908735,3673.9,2029.4,-2515.4,44
2026-04-09T11:48:15.744800+00:00,327.74,5.86,327.74,5.86,-90.7,437878723.85908735,3662.1,2028.5,-2507.3,44
2026-04-09T11:48:16.084827+00:00,327.67,5.87,327.67,5.87,-95.7,437878655.01505494,3650.2,2027.6,-2499.2,44
2026-04-09T11:48:16.429506+00:00,327.60,5.88,327.6,5.88,-90.7,437878655.01505494,3639.3,2026.8,-2491.6,44
2026-04-09T11:48:16.752980+00:00,327.53,5.89,327.53,5.89,-93.7,437878655.01505494,3627.4,2026.0,-2483.5,44
2026-04-09T11:48:17.076871+00:00,327.47,5.90,327.47,5.9,-92.7,437878655.01505494,3616.2,2025.2,-2475.8,44
2026-04-09T11:48:17.400965+00:00,327.40,5.90,327.4,5.9,-89.7,437878655.01505494,3605.0,2024.4,-2468.2,44
2026-04-09T11:48:17.745011+00:00,327.33,5.91,327.33,5.91,-94.7,437878655.01505494,3593.0,2023.5,-2460.0,44
2026-04-09T11:48:18.088837+00:00,327.26,5.92,327.26,5.92,-95.7,437878585.8786186,3581.1,2022.7,-2451.8,44
2026-04-09T11:48:18.412852+00:00,327.19,5.93,327.19,5.93,-91.7,437878585.8786186,3569.7,2021.9,-2444.0,44
2026-04-09T11:48:18.756857+00:00,327.12,5.94,327.12,5.94,-94.7,437878585.8786186,3557.7,2021.0,-2435.8,44
2026-04-09T11:48:19.081927+00:00,327.05,5.95,327.05,5.95,-90.7,437878585.8786186,3546.4,2020.3,-2428.1,44
2026-04-09T11:48:19.414339+00:00,326.99,5.96,326.99,5.96,-89.7,437878585.8786186,3535.2,2019.5,-2420.4,44
2026-04-09T11:48:19.757948+00:00,326.91,5.97,326.91,5.97,-89.7,437878585.8786186,3523.0,2018.6,-2412.0,44
2026-04-09T11:48:20.101930+00:00,326.84,5.98,326.84,5.98,-91.7,437878515.7747527,3510.8,2017.8,-2403.7,44
2026-04-09T11:48:20.430362+00:00,326.78,5.99,326.78,5.99,-92.7,437878515.7747527,3499.5,2017.0,-2396.0,44
2026-04-09T11:48:20.783063+00:00,326.70,6.00,326.7,6.0,-91.7,437878515.7747527,3487.3,2016.2,-2387.6,44
2026-04-09T11:48:21.101921+00:00,326.64,6.01,326.64,6.01,-92.7,437878515.7747527,3475.9,2015.4,-2379.8,44
2026-04-09T11:48:21.429732+00:00,326.57,6.02,326.57,6.02,-91.7,437878515.7747527,3464.4,2014.6,-2371.9,44
2026-04-09T11:48:21.773680+00:00,326.50,6.03,326.5,6.03,-92.7,437878515.7747527,3452.9,2013.9,-2364.0,44
2026-04-09T11:48:22.122242+00:00,326.43,6.04,326.43,6.04,-92.7,437878445.0482802,3440.1,2013.0,-2355.2,44
2026-04-09T11:48:22.446002+00:00,326.36,6.05,326.36,6.05,-93.7,437878445.0482802,3428.5,2012.2,-2347.4,44
2026-04-09T11:48:22.793963+00:00,326.29,6.05,326.29,6.05,-89.7,437878445.0482802,3417.1,2011.5,-2339.5,44
2026-04-09T11:48:23.123206+00:00,326.22,6.06,326.22,6.06,-89.7,437878445.0482802,3404.8,2010.7,-2331.1,44
2026-04-09T11:48:23.445760+00:00,326.15,6.07,326.15,6.07,-91.7,437878445.0482802,3393.3,2009.9,-2323.3,44
2026-04-09T11:48:23.793533+00:00,326.08,6.08,326.08,6.08,-92.7,437878445.0482802,3381.7,2009.1,-2315.3,44
2026-04-09T11:48:24.138655+00:00,326.01,6.09,326.01,6.09,-89.7,437878373.6606893,3368.8,2008.3,-2306.4,44
2026-04-09T11:48:24.465724+00:00,325.94,6.10,325.94,6.1,-93.7,437878373.6606893,3357.2,2007.5,-2298.5,44
2026-04-09T11:48:24.814359+00:00,325.87,6.11,325.87,6.11,-91.7,437878373.6606893,3345.5,2006.8,-2290.5,44
2026-04-09T11:48:25.138228+00:00,325.80,6.12,325.8,6.12,-91.7,437878373.6606893,3333.1,2006.0,-2282.0,44
2026-04-09T11:48:25.467062+00:00,325.73,6.13,325.73,6.13,-91.7,437878373.6606893,3321.5,2005.3,-2274.1,44
2026-04-09T11:48:25.793575+00:00,325.66,6.14,325.66,6.14,-92.7,437878373.6606893,3310.0,2004.5,-2266.2,44
2026-04-09T11:48:26.158787+00:00,325.58,6.15,325.58,6.15,-92.7,437878302.4628045,3296.8,2003.7,-2257.2,44
2026-04-09T11:48:26.482142+00:00,325.52,6.15,325.52,6.15,-94.7,437878302.4628045,3285.1,2002.9,-2249.2,44
2026-04-09T11:48:26.809745+00:00,325.45,6.16,325.45,6.16,-93.7,437878302.4628045,3273.5,2002.2,-2241.2,44
2026-04-09T11:48:27.159482+00:00,325.37,6.17,325.37,6.17,-95.7,437878302.4628045,3261.0,2001.4,-2232.7,44
2026-04-09T11:48:27.481711+00:00,325.31,6.18,325.31,6.18,-91.7,437878302.4628045,3249.3,2000.7,-2224.6,44
2026-04-09T11:48:27.807082+00:00,325.24,6.19,325.24,6.19,-94.7,437878302.4628045,3237.6,2000.0,-2216.6,44
2026-04-09T11:48:28.174307+00:00,325.17,6.20,325.17,6.2,-91.7,437878230.2850096,3225.2,1999.2,-2208.2,44
2026-04-09T11:48:28.502771+00:00,325.09,6.21,325.09,6.21,-89.7,437878230.2850096,3212.7,1998.5,-2199.6,44
2026-04-09T11:48:28.825690+00:00,325.02,6.22,325.02,6.22,-92.7,437878230.2850096,3201.1,1997.8,-2191.6,44
2026-04-09T11:48:29.150468+00:00,324.95,6.22,324.95,6.22,-92.7,437878230.2850096,3189.2,1997.0,-2183.5,44
2026-04-09T11:48:29.497902+00:00,324.88,6.23,324.88,6.23,-92.7,437878230.2850096,3176.8,1996.3,-2175.0,44
2026-04-09T11:48:29.826628+00:00,324.81,6.24,324.81,6.24,-93.7,437878230.2850096,3164.9,1995.6,-2166.9,44
2026-04-09T11:48:30.170621+00:00,324.74,6.25,324.74,6.25,-93.7,437878157.3901116,3152.4,1994.8,-2158.3,44
2026-04-09T11:48:30.517918+00:00,324.67,6.26,324.67,6.26,-93.7,437878157.3901116,3139.8,1994.1,-2149.7,44
2026-04-09T11:48:30.845847+00:00,324.60,6.27,324.6,6.27,-93.7,437878157.3901116,3127.9,1993.4,-2141.6,44
2026-04-09T11:48:31.166858+00:00,324.53,6.28,324.53,6.28,-95.7,437878157.3901116,3116.2,1992.7,-2133.5,44
2026-04-09T11:48:31.513908+00:00,324.46,6.28,324.46,6.28,-95.7,437878157.3901116,3104.4,1992.0,-2125.4,44
2026-04-09T11:48:31.840942+00:00,324.39,6.29,324.39,6.29,-91.7,437878157.3901116,3091.7,1991.3,-2116.8,44
2026-04-09T11:48:32.185026+00:00,324.31,6.30,324.31,6.3,-90.7,437878084.19246846,3079.1,1990.5,-2108.1,44
2026-04-09T11:48:32.528834+00:00,324.24,6.31,324.24,6.31,-88.7,437878084.19246846,3067.4,1989.8,-2100.1,44
2026-04-09T11:48:32.852875+00:00,324.17,6.32,324.17,6.32,-92.7,437878084.19246846,3054.8,1989.1,-2091.5,44
2026-04-09T11:48:33.173612+00:00,324.10,6.33,324.1,6.33,-94.7,437878084.19246846,3042.9,1988.4,-2083.4,44
2026-04-09T11:48:33.496826+00:00,324.03,6.33,324.03,6.33,-93.7,437878084.19246846,3031.0,1987.8,-2075.2,44
2026-04-09T11:48:33.840835+00:00,323.96,6.34,323.96,6.34,-89.7,437878084.19246846,3018.4,1987.1,-2066.6,44
2026-04-09T11:48:34.184935+00:00,323.89,6.35,323.89,6.35,-93.7,437878011.038686,3005.8,1986.4,-2057.9,44
2026-04-09T11:48:34.508828+00:00,323.82,6.36,323.82,6.36,-89.7,437878011.038686,2993.9,1985.7,-2049.8,44
2026-04-09T11:48:34.852909+00:00,323.74,6.37,323.74,6.37,-89.7,437878011.038686,2981.4,1985.0,-2041.2,44
2026-04-09T11:48:35.176980+00:00,323.68,6.37,323.68,6.37,-89.7,437878011.038686,2969.5,1984.3,-2033.1,44
2026-04-09T11:48:35.500833+00:00,323.61,6.38,323.61,6.38,-91.7,437878011.038686,2957.6,1983.7,-2024.9,44
2026-04-09T11:48:35.848518+00:00,323.54,6.39,323.54,6.39,-89.7,437878011.038686,2945.6,1983.0,-2016.7,44
2026-04-09T11:48:36.189101+00:00,323.46,6.40,323.46,6.4,-88.7,437877937.1250096,2932.0,1982.3,-2007.4,44
2026-04-09T11:48:36.512936+00:00,323.39,6.41,323.39,6.41,-89.7,437877937.1250096,2920.2,1981.6,-1999.3,44
2026-04-09T11:48:36.861931+00:00,323.32,6.41,323.32,6.41,-89.7,437877937.1250096,2908.0,1981.0,-1991.0,44
2026-04-09T11:48:37.184805+00:00,323.25,6.42,323.25,6.42,-88.7,437877937.1250096,2895.3,1980.3,-1982.3,44
2026-04-09T11:48:37.508937+00:00,323.18,6.43,323.18,6.43,-91.7,437877937.1250096,2883.3,1979.7,-1974.1,44
2026-04-09T11:48:37.832967+00:00,323.11,6.44,323.11,6.44,-89.7,437877937.1250096,2871.3,1979.0,-1965.8,44
2026-04-09T11:48:38.197236+00:00,323.03,6.45,323.03,6.45,-92.7,437877863.60857475,2857.8,1978.3,-1956.6,44
2026-04-09T11:48:38.520885+00:00,322.96,6.45,322.96,6.45,-92.7,437877863.60857475,2845.7,1977.7,-1948.3,44
2026-04-09T11:48:38.844976+00:00,322.89,6.46,322.89,6.46,-90.7,437877863.60857475,2833.6,1977.0,-1940.1,44
2026-04-09T11:48:39.188980+00:00,322.81,6.47,322.81,6.47,-89.7,437877863.60857475,2820.8,1976.4,-1931.3,44
2026-04-09T11:48:39.532883+00:00,322.74,6.48,322.74,6.48,-87.7,437877813.116996,2807.8,1975.7,-1922.4,44
2026-04-09T11:48:39.856979+00:00,322.67,6.48,322.67,6.48,-87.7,437877813.116996,2795.7,1975.1,-1914.1,44
2026-04-09T11:48:40.200925+00:00,322.59,6.49,322.59,6.49,-89.7,437877813.116996,2782.8,1974.4,-1905.3,44
2026-04-09T11:48:40.524928+00:00,322.52,6.50,322.52,6.5,-87.7,437877813.116996,2770.7,1973.8,-1897.0,44
2026-04-09T11:48:40.852719+00:00,322.45,6.51,322.45,6.51,-89.7,437877813.116996,2758.6,1973.2,-1888.7,44
2026-04-09T11:48:41.192925+00:00,322.38,6.51,322.38,6.51,-91.7,437877813.116996,2746.5,1972.6,-1880.4,44
2026-04-09T11:48:41.537476+00:00,322.31,6.52,322.31,6.52,-85.7,437877738.1258821,2732.8,1971.9,-1871.0,44
2026-04-09T11:48:41.864991+00:00,322.23,6.53,322.23,6.53,-89.7,437877738.1258821,2720.6,1971.3,-1862.7,44
2026-04-09T11:48:42.208208+00:00,322.16,6.54,322.16,6.54,-88.7,437877738.1258821,2708.5,1970.7,-1854.4,44
2026-04-09T11:48:42.532949+00:00,322.09,6.54,322.09,6.54,-94.7,437877738.1258821,2695.5,1970.1,-1845.5,44
2026-04-09T11:48:42.880944+00:00,322.01,6.55,322.01,6.55,-90.7,437877687.7316524,2682.4,1969.4,-1836.5,44
2026-04-09T11:48:43.220953+00:00,321.94,6.56,321.94,6.56,-88.7,437877687.7316524,2670.2,1968.8,-1828.1,44
2026-04-09T11:48:43.544888+00:00,321.87,6.57,321.87,6.57,-89.7,437877687.7316524,2657.2,1968.2,-1819.2,44
2026-04-09T11:48:43.874074+00:00,321.80,6.57,321.8,6.57,-87.7,437877687.7316524,2644.9,1967.6,-1810.8,44
2026-04-09T11:48:44.237008+00:00,321.72,6.58,321.72,6.58,-91.7,437877637.0981506,2631.9,1967.0,-1801.9,44
2026-04-09T11:48:44.564966+00:00,321.65,6.59,321.65,6.59,-85.7,437877637.0981506,2618.9,1966.4,-1793.0,44
2026-04-09T11:48:44.888934+00:00,321.58,6.60,321.58,6.6,-90.7,437877637.0981506,2606.3,1965.8,-1784.4,44
2026-04-09T11:48:45.231986+00:00,321.51,6.60,321.51,6.6,-89.7,437877637.0981506,2594.0,1965.2,-1776.0,44
2026-04-09T11:48:45.576938+00:00,321.43,6.61,321.43,6.61,-94.7,437877585.6362897,2580.2,1964.6,-1766.5,44
2026-04-09T11:48:45.900941+00:00,321.36,6.62,321.36,6.62,-87.7,437877585.6362897,2567.9,1964.0,-1758.1,44
2026-04-09T11:48:46.244965+00:00,321.28,6.62,321.28,6.62,-85.7,437877585.6362897,2555.6,1963.4,-1749.7,44
2026-04-09T11:48:46.568868+00:00,321.21,6.63,321.21,6.63,-91.7,437877585.6362897,2542.5,1962.8,-1740.7,44
2026-04-09T11:48:46.912916+00:00,321.13,6.64,321.13,6.64,-91.7,437877534.78401977,2529.4,1962.2,-1731.7,44
2026-04-09T11:48:47.256882+00:00,321.06,6.65,321.06,6.65,-88.7,437877534.78401977,2517.1,1961.7,-1723.4,44
2026-04-09T11:48:47.580936+00:00,320.99,6.65,320.99,6.65,-87.7,437877534.78401977,2503.9,1961.1,-1714.3,44
2026-04-09T11:48:47.908984+00:00,320.92,6.66,320.92,6.66,-89.7,437877534.78401977,2491.5,1960.5,-1705.8,44
2026-04-09T11:48:48.274257+00:00,320.84,6.67,320.84,6.67,-86.7,437877483.6179505,2478.3,1959.9,-1696.8,44
2026-04-09T11:48:48.596916+00:00,320.77,6.67,320.77,6.67,-87.7,437877483.6179505,2465.2,1959.4,-1687.8,44
2026-04-09T11:48:48.920893+00:00,320.69,6.68,320.69,6.68,-89.7,437877483.6179505,2452.8,1958.8,-1679.3,44
2026-04-09T11:48:49.244903+00:00,320.62,6.69,320.62,6.69,-86.7,437877483.6179505,2440.4,1958.3,-1670.8,44
2026-04-09T11:48:49.608833+00:00,320.54,6.69,320.54,6.69,-86.7,437877432.43262523,2426.3,1957.7,-1661.2,44
2026-04-09T11:48:49.933568+00:00,320.47,6.70,320.47,6.7,-85.7,437877432.43262523,2413.8,1957.1,-1652.6,44
2026-04-09T11:48:50.256854+00:00,320.40,6.71,320.4,6.71,-84.7,437877432.43262523,2401.3,1956.6,-1644.1,44
2026-04-09T11:48:50.601233+00:00,320.32,6.71,320.32,6.71,-88.7,437877432.43262523,2388.1,1956.0,-1635.0,44
2026-04-09T11:48:50.944872+00:00,320.25,6.72,320.25,6.72,-88.7,437877380.28254503,2374.8,1955.5,-1625.9,44
2026-04-09T11:48:51.268918+00:00,320.18,6.73,320.18,6.73,-86.7,437877380.28254503,2362.5,1954.9,-1617.5,44
2026-04-09T11:48:51.612858+00:00,320.10,6.73,320.1,6.73,-89.7,437877380.28254503,2349.2,1954.4,-1608.4,44
2026-04-09T11:48:51.937389+00:00,320.03,6.74,320.03,6.74,-93.7,437877380.28254503,2336.5,1953.9,-1599.7,44
2026-04-09T11:48:52.286912+00:00,319.95,6.75,319.95,6.75,-90.7,437877328.7269009,2323.2,1953.3,-1590.6,44
2026-04-09T11:48:52.630603+00:00,319.88,6.75,319.88,6.75,-89.7,437877328.7269009,2310.0,1952.8,-1581.5,44
2026-04-09T11:48:52.957917+00:00,319.80,6.76,319.8,6.76,-90.7,437877328.7269009,2297.3,1952.2,-1572.8,44
2026-04-09T11:48:53.282139+00:00,319.73,6.77,319.73,6.77,-87.7,437877328.7269009,2284.7,1951.7,-1564.2,44
2026-04-09T11:48:53.650440+00:00,319.65,6.77,319.65,6.77,-92.7,437877276.66650313,2271.2,1951.2,-1555.0,44
2026-04-09T11:48:53.977932+00:00,319.58,6.78,319.58,6.78,-91.7,437877276.66650313,2257.7,1950.7,-1545.8,44
2026-04-09T11:48:54.301645+00:00,319.51,6.79,319.51,6.79,-91.7,437877276.66650313,2245.2,1950.2,-1537.2,44
2026-04-09T11:48:54.650056+00:00,319.43,6.79,319.43,6.79,-90.7,437877276.66650313,2232.3,1949.6,-1528.4,44
2026-04-09T11:48:54.996984+00:00,319.35,6.80,319.35,6.8,-89.7,437877223.5359779,2218.2,1949.1,-1518.7,44
2026-04-09T11:48:55.321603+00:00,319.28,6.80,319.28,6.8,-86.7,437877223.5359779,2205.4,1948.6,-1510.0,44
2026-04-09T11:48:55.668970+00:00,319.21,6.81,319.21,6.81,-89.7,437877223.5359779,2192.6,1948.1,-1501.2,44
2026-04-09T11:48:55.992841+00:00,319.13,6.82,319.13,6.82,-89.7,437877223.5359779,2179.1,1947.6,-1491.9,44
2026-04-09T11:48:56.336853+00:00,319.05,6.82,319.05,6.82,-91.7,437877171.2141995,2165.8,1947.1,-1482.8,44
2026-04-09T11:48:56.681309+00:00,318.98,6.83,318.98,6.83,-91.7,437877171.2141995,2153.2,1946.6,-1474.2,44
2026-04-09T11:48:57.004826+00:00,318.90,6.83,318.9,6.83,-90.7,437877171.2141995,2139.7,1946.1,-1465.0,44
2026-04-09T11:48:57.324853+00:00,318.83,6.84,318.83,6.84,-90.7,437877171.2141995,2127.1,1945.6,-1456.3,44
2026-04-09T11:48:57.689008+00:00,318.76,6.85,318.76,6.85,-85.7,437877119.14417374,2113.6,1945.1,-1447.1,44
2026-04-09T11:48:58.012826+00:00,318.68,6.85,318.68,6.85,-88.7,437877119.14417374,2100.1,1944.6,-1437.8,44
2026-04-09T11:48:58.337590+00:00,318.61,6.86,318.61,6.86,-88.7,437877119.14417374,2087.4,1944.2,-1429.1,44
2026-04-09T11:48:58.660991+00:00,318.53,6.86,318.53,6.86,-91.7,437877119.14417374,2074.7,1943.7,-1420.4,44
2026-04-09T11:48:59.024901+00:00,318.45,6.87,318.45,6.87,-87.7,437877066.7498293,2060.4,1943.2,-1410.6,44
2026-04-09T11:48:59.348864+00:00,318.38,6.88,318.38,6.88,-88.7,437877066.7498293,2047.6,1942.7,-1401.9,44
2026-04-09T11:48:59.672923+00:00,318.31,6.88,318.31,6.88,-91.7,437877066.7498293,2034.9,1942.3,-1393.2,44
2026-04-09T11:49:00.017903+00:00,318.23,6.89,318.23,6.89,-88.7,437877066.7498293,2021.5,1941.8,-1384.0,44
2026-04-09T11:49:00.362675+00:00,318.15,6.89,318.15,6.89,-90.7,437877013.3827064,2007.8,1941.3,-1374.6,44
2026-04-09T11:49:00.690483+00:00,318.08,6.90,318.08,6.9,-92.7,437877013.3827064,1995.1,1940.9,-1365.9,44
2026-04-09T11:49:01.037899+00:00,318.00,6.90,318.0,6.9,-93.7,437877013.3827064,1981.3,1940.4,-1356.5,44
2026-04-09T11:49:01.362442+00:00,317.93,6.91,317.93,6.91,-88.7,437877013.3827064,1968.6,1940.0,-1347.8,44
2026-04-09T11:49:01.705599+00:00,317.85,6.92,317.85,6.92,-90.7,437876960.3448947,1954.8,1939.5,-1338.3,44
2026-04-09T11:49:02.053019+00:00,317.77,6.92,317.77,6.92,-91.7,437876960.3448947,1941.0,1939.0,-1328.9,44
2026-04-09T11:49:02.376922+00:00,317.70,6.93,317.7,6.93,-95.7,437876960.3448947,1928.3,1938.6,-1320.2,44
2026-04-09T11:49:02.700913+00:00,317.63,6.93,317.63,6.93,-90.7,437876960.3448947,1915.4,1938.2,-1311.4,44
2026-04-09T11:49:03.064832+00:00,317.55,6.94,317.55,6.94,-89.7,437876907.404967,1901.8,1937.7,-1302.0,44
2026-04-09T11:49:03.389028+00:00,317.47,6.94,317.47,6.94,-90.7,437876907.404967,1888.1,1937.3,-1292.7,44
2026-04-09T11:49:03.712882+00:00,317.40,6.95,317.4,6.95,-89.7,437876907.404967,1875.5,1936.9,-1284.0,44
2026-04-09T11:49:04.036872+00:00,317.33,6.95,317.33,6.95,-97.7,437876907.404967,1862.6,1936.5,-1275.2,44
2026-04-09T11:49:04.400995+00:00,317.25,6.96,317.25,6.96,-89.7,437876854.4117291,1848.1,1936.0,-1265.3,44
2026-04-09T11:49:04.724914+00:00,317.17,6.96,317.17,6.96,-96.7,437876854.4117291,1835.1,1935.6,-1256.4,44
2026-04-09T11:49:05.048827+00:00,317.10,6.97,317.1,6.97,-91.7,437876854.4117291,1822.4,1935.2,-1247.7,44
2026-04-09T11:49:05.396885+00:00,317.02,6.97,317.02,6.97,-88.7,437876854.4117291,1808.7,1934.8,-1238.3,44
2026-04-09T11:49:05.736883+00:00,316.95,6.98,316.95,6.98,-91.7,437876800.31591403,1795.0,1934.3,-1228.9,44
2026-04-09T11:49:06.056844+00:00,316.87,6.98,316.87,6.98,-90.7,437876800.31591403,1782.1,1933.9,-1220.1,44
2026-04-09T11:49:06.400876+00:00,316.79,6.99,316.79,6.99,-89.7,437876800.31591403,1768.3,1933.5,-1210.7,44
2026-04-09T11:49:06.731184+00:00,316.72,6.99,316.72,6.99,-89.7,437876800.31591403,1755.4,1933.1,-1201.8,44
2026-04-09T11:49:07.074232+00:00,316.64,7.00,316.64,7.0,-89.7,437876747.10069877,1741.7,1932.7,-1192.5,44
2026-04-09T11:49:07.422029+00:00,316.56,7.00,316.56,7.0,-91.7,437876747.10069877,1727.8,1932.3,-1182.9,44
2026-04-09T11:49:07.746492+00:00,316.49,7.01,316.49,7.01,-89.7,437876747.10069877,1714.7,1931.9,-1174.0,44
2026-04-09T11:49:08.073079+00:00,316.42,7.01,316.42,7.01,-89.7,437876747.10069877,1701.7,1931.5,-1165.1,44
2026-04-09T11:49:08.441724+00:00,316.34,7.02,316.34,7.02,-93.7,437876693.4459858,1687.9,1931.1,-1155.6,44
2026-04-09T11:49:08.765781+00:00,316.26,7.02,316.26,7.02,-86.7,437876693.4459858,1674.0,1930.7,-1146.1,44
2026-04-09T11:49:09.094274+00:00,316.19,7.03,316.19,7.03,-93.7,437876693.4459858,1660.9,1930.4,-1137.1,44
2026-04-09T11:49:09.437757+00:00,316.11,7.03,316.11,7.03,-94.7,437876693.4459858,1647.7,1930.0,-1128.1,44
2026-04-09T11:49:09.786446+00:00,316.03,7.04,316.03,7.04,-91.7,437876638.7541301,1633.1,1929.6,-1118.1,44
2026-04-09T11:49:10.110273+00:00,315.95,7.04,315.95,7.04,-91.7,437876638.7541301,1620.0,1929.2,-1109.1,44
2026-04-09T11:49:10.460871+00:00,315.88,7.05,315.88,7.05,-94.7,437876638.7541301,1606.9,1928.9,-1100.2,44
2026-04-09T11:49:10.785527+00:00,315.80,7.05,315.8,7.05,-92.7,437876638.7541301,1592.9,1928.5,-1090.6,44
2026-04-09T11:49:11.130269+00:00,315.72,7.05,315.72,7.05,-91.7,437876584.60464823,1579.1,1928.1,-1081.1,44
2026-04-09T11:49:11.477748+00:00,315.65,7.06,315.65,7.06,-95.7,437876584.60464823,1565.9,1927.7,-1072.1,44
2026-04-09T11:49:11.801720+00:00,315.57,7.06,315.57,7.06,-93.7,437876584.60464823,1551.9,1927.4,-1062.5,44
2026-04-09T11:49:12.130319+00:00,315.50,7.07,315.5,7.07,-88.7,437876584.60464823,1538.8,1927.0,-1053.6,44
2026-04-09T11:49:12.496860+00:00,315.42,7.07,315.42,7.07,-91.7,437876530.4450035,1524.7,1926.7,-1043.9,44
2026-04-09T11:49:12.820880+00:00,315.34,7.08,315.34,7.08,-90.7,437876530.4450035,1510.7,1926.3,-1034.3,44
2026-04-09T11:49:13.145006+00:00,315.26,7.08,315.26,7.08,-88.7,437876530.4450035,1497.7,1926.0,-1025.4,44
2026-04-09T11:49:13.473772+00:00,315.19,7.09,315.19,7.09,-89.7,437876530.4450035,1484.6,1925.6,-1016.4,44
2026-04-09T11:49:13.840696+00:00,315.11,7.09,315.11,7.09,-89.7,437876476.2247384,1469.7,1925.3,-1006.2,44
2026-04-09T11:49:14.165254+00:00,315.03,7.09,315.03,7.09,-91.7,437876476.2247384,1456.6,1924.9,-997.3,44
2026-04-09T11:49:14.488845+00:00,314.96,7.10,314.96,7.1,-87.7,437876476.2247384,1443.3,1924.6,-988.2,44
2026-04-09T11:49:14.832847+00:00,314.88,7.10,314.88,7.1,-93.7,437876476.2247384,1429.6,1924.3,-978.8,44
2026-04-09T11:49:15.178067+00:00,314.80,7.11,314.8,7.11,-95.7,437876421.2559903,1415.5,1923.9,-969.1,44
2026-04-09T11:49:15.500849+00:00,314.73,7.11,314.73,7.11,-89.7,437876421.2559903,1402.5,1923.6,-960.3,44
2026-04-09T11:49:15.844901+00:00,314.65,7.11,314.65,7.11,-95.7,437876421.2559903,1388.5,1923.3,-950.6,44
2026-04-09T11:49:16.169275+00:00,314.57,7.12,314.57,7.12,-95.7,437876421.2559903,1375.5,1923.0,-941.7,44
2026-04-09T11:49:16.512839+00:00,314.50,7.12,314.5,7.12,-94.7,437876367.08395416,1361.5,1922.7,-932.1,44
2026-04-09T11:49:16.857012+00:00,314.42,7.13,314.42,7.13,-91.7,437876367.08395416,1347.4,1922.4,-922.5,44
2026-04-09T11:49:17.182079+00:00,314.34,7.13,314.34,7.13,-91.7,437876367.08395416,1334.4,1922.1,-913.6,44
2026-04-09T11:49:17.502127+00:00,314.27,7.13,314.27,7.13,-92.7,437876367.08395416,1321.2,1921.8,-904.6,44
2026-04-09T11:49:17.870130+00:00,314.19,7.14,314.19,7.14,-94.7,437876312.94935983,1307.2,1921.5,-894.9,44
2026-04-09T11:49:18.198297+00:00,314.11,7.14,314.11,7.14,-92.7,437876312.94935983,1293.1,1921.1,-885.3,44
2026-04-09T11:49:18.521943+00:00,314.04,7.14,314.04,7.14,-89.7,437876312.94935983,1279.7,1920.9,-876.2,44
2026-04-09T11:49:18.849992+00:00,313.96,7.15,313.96,7.15,-91.7,437876312.94935983,1266.6,1920.6,-867.1,44
2026-04-09T11:49:19.219946+00:00,313.88,7.15,313.88,7.15,-89.7,437876258.1018525,1251.7,1920.3,-857.0,44
2026-04-09T11:49:19.542271+00:00,313.80,7.15,313.8,7.15,-91.7,437876258.1018525,1238.2,1920.0,-847.7,44
2026-04-09T11:49:19.865943+00:00,313.73,7.16,313.73,7.16,-93.7,437876258.1018525,1225.0,1919.7,-838.7,44
2026-04-09T11:49:20.214403+00:00,313.65,7.16,313.65,7.16,-93.7,437876258.1018525,1210.9,1919.4,-829.1,44
2026-04-09T11:49:20.567663+00:00,313.57,7.17,313.57,7.17,-93.7,437876202.4772458,1196.7,1919.1,-819.3,44
2026-04-09T11:49:20.885859+00:00,313.49,7.17,313.49,7.17,-89.7,437876202.4772458,1183.4,1918.9,-810.2,44
2026-04-09T11:49:21.235736+00:00,313.41,7.17,313.41,7.17,-93.7,437876202.4772458,1169.3,1918.6,-800.6,44
2026-04-09T11:49:21.558345+00:00,313.34,7.18,313.34,7.18,-90.7,437876202.4772458,1155.9,1918.3,-791.4,44
2026-04-09T11:49:21.902501+00:00,313.26,7.18,313.26,7.18,-91.7,437876147.5903352,1141.8,1918.1,-781.8,44
2026-04-09T11:49:22.250277+00:00,313.18,7.18,313.18,7.18,-91.7,437876147.5903352,1127.8,1917.8,-772.1,44
2026-04-09T11:49:22.577851+00:00,313.10,7.18,313.1,7.18,-92.7,437876147.5903352,1114.4,1917.5,-763.0,44
2026-04-09T11:49:22.901966+00:00,313.03,7.19,313.03,7.19,-95.7,437876147.5903352,1101.0,1917.3,-753.8,44
2026-04-09T11:49:23.270204+00:00,312.95,7.19,312.95,7.19,-91.7,437876092.6255096,1086.8,1917.0,-744.1,44
2026-04-09T11:49:23.594976+00:00,312.87,7.19,312.87,7.19,-92.7,437876092.6255096,1072.6,1916.8,-734.4,44
2026-04-09T11:49:23.922294+00:00,312.80,7.20,312.8,7.2,-95.7,437876092.6255096,1059.3,1916.5,-725.3,44
2026-04-09T11:49:24.245988+00:00,312.72,7.20,312.72,7.2,-90.7,437876092.6255096,1045.9,1916.3,-716.1,44
2026-04-09T11:49:24.618280+00:00,312.64,7.20,312.64,7.2,-93.7,437876037.5572728,1030.9,1916.0,-705.8,44
2026-04-09T11:49:24.941215+00:00,312.56,7.21,312.56,7.21,-95.7,437876037.5572728,1017.4,1915.8,-696.5,44
2026-04-09T11:49:25.269987+00:00,312.48,7.21,312.48,7.21,-91.7,437876037.5572728,1004.0,1915.6,-687.4,44
2026-04-09T11:49:25.617314+00:00,312.40,7.21,312.4,7.21,-91.7,437876037.5572728,989.7,1915.3,-677.6,44
2026-04-09T11:49:25.962115+00:00,312.32,7.21,312.32,7.21,-93.7,437875981.2814432,975.6,1915.1,-668.0,44
2026-04-09T11:49:26.286063+00:00,312.25,7.22,312.25,7.22,-91.7,437875981.2814432,962.2,1914.9,-658.8,44
2026-04-09T11:49:26.633806+00:00,312.17,7.22,312.17,7.22,-91.7,437875981.2814432,948.0,1914.7,-649.1,44
2026-04-09T11:49:26.960733+00:00,312.09,7.22,312.09,7.22,-95.7,437875981.2814432,934.5,1914.5,-639.8,44
2026-04-09T11:49:27.305958+00:00,312.01,7.23,312.01,7.23,-89.7,437875926.07342297,920.4,1914.2,-630.1,44
2026-04-09T11:49:27.654414+00:00,311.93,7.23,311.93,7.23,-92.7,437875926.07342297,906.1,1914.0,-620.3,44
2026-04-09T11:49:27.977937+00:00,311.86,7.23,311.86,7.23,-95.7,437875926.07342297,892.6,1913.8,-611.1,44
2026-04-09T11:49:28.307401+00:00,311.78,7.23,311.78,7.23,-89.7,437875926.07342297,879.3,1913.6,-602.0,44
2026-04-09T11:49:28.675613+00:00,311.70,7.24,311.7,7.24,-93.7,437875870.652251,864.2,1913.4,-591.7,44
2026-04-09T11:49:28.997783+00:00,311.62,7.24,311.62,7.24,-94.7,437875870.652251,850.8,1913.2,-582.5,44
2026-04-09T11:49:29.325975+00:00,311.55,7.24,311.55,7.24,-94.7,437875870.652251,837.2,1913.0,-573.2,44
2026-04-09T11:49:29.674619+00:00,311.47,7.24,311.47,7.24,-91.7,437875870.652251,822.9,1912.8,-563.4,44
2026-04-09T11:49:30.021758+00:00,311.39,7.24,311.39,7.24,-98.7,437875814.3172273,808.5,1912.6,-553.5,44
2026-04-09T11:49:30.345933+00:00,311.31,7.25,311.31,7.25,-90.7,437875814.3172273,795.0,1912.5,-544.3,44
2026-04-09T11:49:30.697950+00:00,311.23,7.25,311.23,7.25,-89.7,437875814.3172273,780.8,1912.3,-534.6,44
2026-04-09T11:49:31.018535+00:00,311.16,7.25,311.16,7.25,-91.7,437875814.3172273,767.4,1912.1,-525.4,44
2026-04-09T11:49:31.366026+00:00,311.08,7.25,311.08,7.25,-90.7,437875758.87644285,753.1,1911.9,-515.6,44
2026-04-09T11:49:31.715568+00:00,311.00,7.26,311.0,7.26,-89.7,437875758.87644285,738.7,1911.7,-505.7,44
2026-04-09T11:49:32.037599+00:00,310.92,7.26,310.92,7.26,-95.7,437875758.87644285,725.2,1911.6,-496.5,44
2026-04-09T11:49:32.362042+00:00,310.85,7.26,310.85,7.26,-89.7,437875758.87644285,712.0,1911.4,-487.5,44
2026-04-09T11:49:32.721827+00:00,310.77,7.26,310.77,7.26,-91.7,437875703.3947842,697.7,1911.3,-477.7,44
2026-04-09T11:49:33.048887+00:00,310.69,7.26,310.69,7.26,-90.7,437875703.3947842,683.5,1911.1,-468.0,44
2026-04-09T11:49:33.368832+00:00,310.61,7.27,310.61,7.27,-91.7,437875703.3947842,670.2,1910.9,-458.8,44
2026-04-09T11:49:33.692845+00:00,310.54,7.27,310.54,7.27,-94.7,437875703.3947842,656.7,1910.8,-449.6,44
2026-04-09T11:49:34.056848+00:00,310.45,7.27,310.45,7.27,-91.7,437875648.37704957,641.7,1910.6,-439.3,44
2026-04-09T11:49:34.380829+00:00,310.38,7.27,310.38,7.27,-91.7,437875648.37704957,628.2,1910.5,-430.1,44
2026-04-09T11:49:34.704970+00:00,310.30,7.27,310.3,7.27,-87.7,437875648.37704957,614.8,1910.4,-421.0,44
2026-04-09T11:49:35.048822+00:00,310.22,7.27,310.22,7.27,-89.7,437875648.37704957,600.6,1910.2,-411.2,44
2026-04-09T11:49:35.392843+00:00,310.14,7.28,310.14,7.28,-92.7,437875592.26556337,586.4,1910.1,-401.5,44
2026-04-09T11:49:35.717052+00:00,310.07,7.28,310.07,7.28,-89.7,437875592.26556337,572.9,1909.9,-392.3,44
2026-04-09T11:49:36.060854+00:00,309.99,7.28,309.99,7.28,-91.7,437875592.26556337,558.7,1909.8,-382.5,44
2026-04-09T11:49:36.384907+00:00,309.91,7.28,309.91,7.28,-87.7,437875592.26556337,545.5,1909.7,-373.5,44
2026-04-09T11:49:36.728889+00:00,309.83,7.28,309.83,7.28,-94.7,437875536.9277444,531.2,1909.6,-363.7,44
2026-04-09T11:49:37.079131+00:00,309.75,7.28,309.75,7.28,-91.7,437875536.9277444,516.9,1909.4,-353.9,44
2026-04-09T11:49:37.401974+00:00,309.68,7.29,309.68,7.29,-89.7,437875536.9277444,503.4,1909.3,-344.6,44
2026-04-09T11:49:37.731434+00:00,309.60,7.29,309.6,7.29,-94.7,437875536.9277444,489.8,1909.2,-335.3,44
2026-04-09T11:49:38.093886+00:00,309.52,7.29,309.52,7.29,-94.7,437875481.1109355,474.6,1909.1,-325.0,44
2026-04-09T11:49:38.422335+00:00,309.44,7.29,309.44,7.29,-91.7,437875481.1109355,461.1,1909.0,-315.7,44
2026-04-09T11:49:38.746283+00:00,309.36,7.29,309.36,7.29,-91.7,437875481.1109355,447.5,1908.9,-306.4,44
2026-04-09T11:49:39.093968+00:00,309.28,7.29,309.28,7.29,-95.7,437875481.1109355,433.2,1908.8,-296.6,44
2026-04-09T11:49:39.439148+00:00,309.20,7.29,309.2,7.29,-92.7,437875424.5973492,418.9,1908.7,-286.8,44
2026-04-09T11:49:39.766012+00:00,309.13,7.29,309.13,7.29,-89.7,437875424.5973492,405.3,1908.6,-277.5,44
2026-04-09T11:49:40.115162+00:00,309.05,7.30,309.05,7.3,-93.7,437875424.5973492,390.8,1908.5,-267.6,44
2026-04-09T11:49:40.439489+00:00,308.97,7.30,308.97,7.3,-92.7,437875424.5973492,377.5,1908.4,-258.4,44
2026-04-09T11:49:40.789002+00:00,308.89,7.30,308.89,7.3,-92.7,437875368.6935769,362.9,1908.3,-248.5,44
2026-04-09T11:49:41.130073+00:00,308.81,7.30,308.81,7.3,-90.7,437875368.6935769,348.5,1908.2,-238.6,44
2026-04-09T11:49:41.458368+00:00,308.73,7.30,308.73,7.3,-93.7,437875368.6935769,335.1,1908.2,-229.4,44
2026-04-09T11:49:41.781719+00:00,308.66,7.30,308.66,7.3,-94.7,437875368.6935769,321.5,1908.1,-220.1,44
2026-04-09T11:49:42.149866+00:00,308.58,7.30,308.58,7.3,-95.7,437875313.016908,307.1,1908.0,-210.3,44
2026-04-09T11:49:42.479085+00:00,308.50,7.30,308.5,7.3,-91.7,437875313.016908,292.7,1907.9,-200.4,44
2026-04-09T11:49:42.801728+00:00,308.42,7.30,308.42,7.3,-96.7,437875313.016908,279.3,1907.9,-191.2,44
2026-04-09T11:49:43.129552+00:00,308.35,7.30,308.35,7.3,-94.7,437875313.016908,265.6,1907.8,-181.9,44
2026-04-09T11:49:43.499217+00:00,308.26,7.30,308.26,7.3,-95.7,437875257.0240103,250.5,1907.7,-171.5,44
2026-04-09T11:49:43.821921+00:00,308.19,7.30,308.19,7.3,-96.7,437875257.0240103,236.9,1907.7,-162.2,44
2026-04-09T11:49:44.144963+00:00,308.11,7.30,308.11,7.3,-91.7,437875257.0240103,223.2,1907.6,-152.8,44
2026-04-09T11:49:44.488842+00:00,308.03,7.31,308.03,7.31,-91.7,437875257.0240103,208.9,1907.6,-143.0,44
2026-04-09T11:49:44.832849+00:00,307.95,7.31,307.95,7.31,-90.7,437875200.53665566,194.6,1907.5,-133.2,44
2026-04-09T11:49:45.156870+00:00,307.87,7.31,307.87,7.31,-90.7,437875200.53665566,181.1,1907.5,-124.0,44
2026-04-09T11:49:45.500874+00:00,307.79,7.31,307.79,7.31,-95.7,437875200.53665566,166.8,1907.5,-114.2,44
2026-04-09T11:49:45.828675+00:00,307.72,7.31,307.72,7.31,-92.7,437875200.53665566,153.6,1907.4,-105.1,44
2026-04-09T11:49:46.168907+00:00,307.64,7.31,307.64,7.31,-91.7,437875144.8358389,139.1,1907.4,-95.2,44
2026-04-09T11:49:46.512852+00:00,307.56,7.31,307.56,7.31,-93.7,437875144.8358389,124.9,1907.4,-85.5,44
2026-04-09T11:49:46.837016+00:00,307.48,7.31,307.48,7.31,-91.7,437875144.8358389,111.5,1907.3,-76.3,44
2026-04-09T11:49:47.160906+00:00,307.41,7.31,307.41,7.31,-92.7,437875144.8358389,98.0,1907.3,-67.1,44
2026-04-09T11:49:47.524866+00:00,307.33,7.31,307.33,7.31,-91.7,437875089.4434951,83.7,1907.3,-57.3,44
2026-04-09T11:49:47.848845+00:00,307.25,7.31,307.25,7.31,-95.7,437875089.4434951,69.4,1907.3,-47.5,44
2026-04-09T11:49:48.168970+00:00,307.17,7.31,307.17,7.31,-93.7,437875089.4434951,56.0,1907.3,-38.3,44
2026-04-09T11:49:48.492841+00:00,307.10,7.31,307.1,7.31,-90.7,437875089.4434951,42.4,1907.2,-29.1,44
2026-04-09T11:49:48.857627+00:00,307.01,7.31,307.01,7.31,-95.7,437875034.06015784,27.3,1907.2,-18.7,44
2026-04-09T11:49:49.186295+00:00,306.94,7.31,306.94,7.31,-92.7,437875034.06015784,13.8,1907.2,-9.5,44
2026-04-09T11:49:49.513987+00:00,306.86,7.31,306.86,7.31,-95.7,437875034.06015784,0.2,1907.2,-0.2,44
2026-04-09T11:49:49.858040+00:00,306.78,7.31,306.78,7.31,-94.7,437875034.06015784,-14.1,1907.2,9.7,44
2026-04-09T11:49:50.206388+00:00,306.70,7.31,306.7,7.31,-91.7,437874977.2839219,-28.6,1907.2,19.6,44
2026-04-09T11:49:50.530149+00:00,306.62,7.31,306.62,7.31,-96.7,437874977.2839219,-42.2,1907.2,28.9,44
2026-04-09T11:49:50.882486+00:00,306.54,7.31,306.54,7.31,-93.7,437874977.2839219,-56.5,1907.3,38.7,44
2026-04-09T11:49:51.202611+00:00,306.47,7.31,306.47,7.31,-88.7,437874977.2839219,-70.1,1907.3,48.0,44
2026-04-09T11:49:51.550049+00:00,306.39,7.31,306.39,7.31,-93.7,437874921.36374223,-84.5,1907.3,57.8,44
2026-04-09T11:49:51.898322+00:00,306.31,7.31,306.31,7.31,-89.7,437874921.36374223,-99.0,1907.3,67.8,44
2026-04-09T11:49:52.222614+00:00,306.23,7.31,306.23,7.31,-89.7,437874921.36374223,-112.5,1907.3,77.1,44
2026-04-09T11:49:52.550376+00:00,306.15,7.31,306.15,7.31,-92.7,437874921.36374223,-126.0,1907.4,86.3,44
2026-04-09T11:49:52.913964+00:00,306.07,7.31,306.07,7.31,-88.7,437874865.33724713,-141.5,1907.4,96.9,44
2026-04-09T11:49:53.242148+00:00,305.99,7.31,305.99,7.31,-88.7,437874865.33724713,-154.8,1907.4,106.0,44
2026-04-09T11:49:53.565922+00:00,305.92,7.31,305.92,7.31,-90.7,437874865.33724713,-168.4,1907.5,115.3,44
2026-04-09T11:49:53.914079+00:00,305.84,7.30,305.84,7.3,-89.7,437874865.33724713,-182.8,1907.5,125.1,44
2026-04-09T11:49:54.258339+00:00,305.76,7.30,305.76,7.3,-94.7,437874808.6533221,-197.0,1907.6,134.9,44
2026-04-09T11:49:54.585899+00:00,305.68,7.30,305.68,7.3,-95.7,437874808.6533221,-210.6,1907.6,144.2,44
2026-04-09T11:49:54.935169+00:00,305.60,7.30,305.6,7.3,-89.7,437874808.6533221,-225.1,1907.7,154.1,44
2026-04-09T11:49:55.258123+00:00,305.52,7.30,305.52,7.3,-89.7,437874808.6533221,-238.5,1907.7,163.3,44
2026-04-09T11:49:55.606308+00:00,305.44,7.30,305.44,7.3,-89.7,437874752.79916036,-253.1,1907.8,173.3,44
2026-04-09T11:49:55.959462+00:00,305.36,7.30,305.36,7.3,-89.7,437874752.79916036,-267.5,1907.8,183.2,44
2026-04-09T11:49:56.278101+00:00,305.29,7.30,305.29,7.3,-89.7,437874752.79916036,-281.1,1907.9,192.4,44
2026-04-09T11:49:56.607296+00:00,305.21,7.30,305.21,7.3,-89.7,437874752.79916036,-294.6,1907.9,201.7,44
2026-04-09T11:49:56.969785+00:00,305.13,7.30,305.13,7.3,-88.7,437874696.7589031,-309.7,1908.0,212.1,44
2026-04-09T11:49:57.299208+00:00,305.05,7.30,305.05,7.3,-91.7,437874696.7589031,-323.3,1908.1,221.3,44
2026-04-09T11:49:57.622052+00:00,304.97,7.30,304.97,7.3,-91.7,437874696.7589031,-336.9,1908.2,230.7,44
2026-04-09T11:49:57.970039+00:00,304.89,7.29,304.89,7.29,-92.7,437874696.7589031,-351.2,1908.2,240.5,44
2026-04-09T11:49:58.319323+00:00,304.81,7.29,304.81,7.29,-89.7,437874640.1791247,-365.7,1908.3,250.4,44
2026-04-09T11:49:58.641997+00:00,304.74,7.29,304.74,7.29,-88.7,437874640.1791247,-379.1,1908.4,259.5,44
2026-04-09T11:49:58.994149+00:00,304.66,7.29,304.66,7.29,-89.7,437874640.1791247,-393.6,1908.5,269.5,44
2026-04-09T11:49:59.317946+00:00,304.58,7.29,304.58,7.29,-87.7,437874640.1791247,-407.3,1908.6,278.9,44
2026-04-09T11:49:59.666300+00:00,304.50,7.29,304.5,7.29,-92.7,437874584.2480509,-421.6,1908.7,288.7,44
2026-04-09T11:50:00.014937+00:00,304.42,7.29,304.42,7.29,-91.7,437874584.2480509,-436.1,1908.8,298.5,44
2026-04-09T11:50:00.337949+00:00,304.34,7.29,304.34,7.29,-91.7,437874584.2480509,-449.4,1908.9,307.7,44
2026-04-09T11:50:00.662569+00:00,304.27,7.28,304.27,7.28,-88.7,437874584.2480509,-463.0,1909.0,317.0,44
2026-04-09T11:50:01.034349+00:00,304.19,7.28,304.19,7.28,-88.7,437874528.48856395,-477.3,1909.1,326.8,44
2026-04-09T11:50:01.357951+00:00,304.11,7.28,304.11,7.28,-89.7,437874528.48856395,-491.7,1909.2,336.6,44
2026-04-09T11:50:01.682268+00:00,304.03,7.28,304.03,7.28,-92.7,437874528.48856395,-505.3,1909.3,346.0,44
2026-04-09T11:50:02.005123+00:00,303.95,7.28,303.95,7.28,-87.7,437874528.48856395,-518.7,1909.5,355.2,44
2026-04-09T11:50:02.368839+00:00,303.87,7.28,303.87,7.28,-90.7,437874472.857182,-533.9,1909.6,365.5,44
2026-04-09T11:50:02.692871+00:00,303.80,7.27,303.8,7.27,-87.7,437874472.857182,-547.3,1909.7,374.7,44
2026-04-09T11:50:03.016938+00:00,303.72,7.27,303.72,7.27,-89.7,437874472.857182,-560.7,1909.8,383.9,44
2026-04-09T11:50:03.360912+00:00,303.64,7.27,303.64,7.27,-87.7,437874472.857182,-574.9,1910.0,393.6,44
2026-04-09T11:50:03.704943+00:00,303.56,7.27,303.56,7.27,-88.7,437874416.72282946,-589.2,1910.1,403.4,44
2026-04-09T11:50:04.028843+00:00,303.49,7.27,303.49,7.27,-95.7,437874416.72282946,-602.6,1910.2,412.6,44
2026-04-09T11:50:04.372927+00:00,303.41,7.27,303.41,7.27,-89.7,437874416.72282946,-616.6,1910.4,422.2,44
2026-04-09T11:50:04.697119+00:00,303.33,7.26,303.33,7.26,-89.7,437874416.72282946,-630.0,1910.5,431.3,44
2026-04-09T11:50:05.040843+00:00,303.25,7.26,303.25,7.26,-89.7,437874361.4393013,-644.3,1910.7,441.1,44
2026-04-09T11:50:05.384835+00:00,303.17,7.26,303.17,7.26,-91.7,437874361.4393013,-658.5,1910.8,450.8,44
2026-04-09T11:50:05.705757+00:00,303.10,7.26,303.1,7.26,-91.7,437874361.4393013,-671.8,1911.0,460.0,44
2026-04-09T11:50:06.028857+00:00,303.02,7.26,303.02,7.26,-91.7,437874361.4393013,-685.3,1911.1,469.2,44
2026-04-09T11:50:06.392858+00:00,302.94,7.25,302.94,7.25,-87.7,437874306.4077934,-699.5,1911.3,478.9,44
2026-04-09T11:50:06.716928+00:00,302.86,7.25,302.86,7.25,-89.7,437874306.4077934,-713.7,1911.4,488.6,44
2026-04-09T11:50:07.042267+00:00,302.79,7.25,302.79,7.25,-89.7,437874306.4077934,-727.1,1911.6,497.8,44
2026-04-09T11:50:07.370147+00:00,302.71,7.25,302.71,7.25,-90.7,437874306.4077934,-740.4,1911.8,506.9,44
2026-04-09T11:50:07.738138+00:00,302.63,7.25,302.63,7.25,-94.7,437874251.0270498,-755.6,1912.0,517.3,44
2026-04-09T11:50:08.061877+00:00,302.55,7.24,302.55,7.24,-93.7,437874251.0270498,-769.1,1912.1,526.6,44
2026-04-09T11:50:08.391298+00:00,302.48,7.24,302.48,7.24,-89.7,437874251.0270498,-782.5,1912.3,535.7,44
2026-04-09T11:50:08.734232+00:00,302.40,7.24,302.4,7.24,-95.7,437874251.0270498,-796.7,1912.5,545.5,44
2026-04-09T11:50:09.081975+00:00,302.32,7.24,302.32,7.24,-89.7,437874194.77359617,-811.0,1912.7,555.3,44
2026-04-09T11:50:09.405737+00:00,302.24,7.23,302.24,7.23,-87.7,437874194.77359617,-824.5,1912.9,564.5,44
2026-04-09T11:50:09.754119+00:00,302.16,7.23,302.16,7.23,-91.7,437874194.77359617,-838.7,1913.1,574.2,44
2026-04-09T11:50:10.077906+00:00,302.08,7.23,302.08,7.23,-92.7,437874194.77359617,-852.2,1913.2,583.5,44
2026-04-09T11:50:10.425783+00:00,302.01,7.23,302.01,7.23,-90.7,437874139.4307848,-866.4,1913.4,593.2,44
2026-04-09T11:50:10.773743+00:00,301.92,7.22,301.92,7.22,-91.7,437874139.4307848,-880.7,1913.7,603.0,44
2026-04-09T11:50:11.097973+00:00,301.85,7.22,301.85,7.22,-91.7,437874139.4307848,-894.2,1913.9,612.2,44
2026-04-09T11:50:11.430423+00:00,301.77,7.22,301.77,7.22,-88.7,437874139.4307848,-907.5,1914.1,621.3,44
2026-04-09T11:50:11.789649+00:00,301.69,7.21,301.69,7.21,-91.7,437874083.69715065,-922.5,1914.3,631.6,44
2026-04-09T11:50:12.118000+00:00,301.61,7.21,301.61,7.21,-91.7,437874083.69715065,-936.0,1914.5,640.8,44
2026-04-09T11:50:12.442268+00:00,301.54,7.21,301.54,7.21,-93.7,437874083.69715065,-949.4,1914.7,650.0,44
2026-04-09T11:50:12.789598+00:00,301.46,7.21,301.46,7.21,-91.7,437874083.69715065,-963.6,1914.9,659.8,44
2026-04-09T11:50:13.138525+00:00,301.38,7.20,301.38,7.2,-97.7,437874027.96734977,-977.9,1915.2,669.5,44
2026-04-09T11:50:13.461988+00:00,301.30,7.20,301.3,7.2,-95.7,437874027.96734977,-991.3,1915.4,678.7,44
2026-04-09T11:50:13.809946+00:00,301.22,7.20,301.22,7.2,-93.7,437874027.96734977,-1005.4,1915.6,688.4,44
2026-04-09T11:50:14.134705+00:00,301.15,7.19,301.15,7.19,-92.7,437874027.96734977,-1018.8,1915.8,697.5,44
2026-04-09T11:50:14.482257+00:00,301.07,7.19,301.07,7.19,-91.7,437873972.79427546,-1033.0,1916.1,707.2,44
2026-04-09T11:50:14.831623+00:00,300.99,7.19,300.99,7.19,-92.7,437873972.79427546,-1047.2,1916.3,717.0,44
2026-04-09T11:50:15.157869+00:00,300.91,7.19,300.91,7.19,-89.7,437873972.79427546,-1060.6,1916.6,726.2,44
2026-04-09T11:50:15.483985+00:00,300.84,7.18,300.84,7.18,-92.7,437873972.79427546,-1074.0,1916.8,735.3,44
2026-04-09T11:50:15.849821+00:00,300.75,7.18,300.75,7.18,-91.7,437873917.53365827,-1089.0,1917.1,745.6,44
2026-04-09T11:50:16.178848+00:00,300.68,7.18,300.68,7.18,-92.7,437873917.53365827,-1102.4,1917.3,754.8,44
2026-04-09T11:50:16.506705+00:00,300.60,7.17,300.6,7.17,-94.7,437873917.53365827,-1115.6,1917.6,763.8,44
2026-04-09T11:50:16.849859+00:00,300.52,7.17,300.52,7.17,-92.7,437873917.53365827,-1129.9,1917.8,773.6,44
2026-04-09T11:50:17.194085+00:00,300.44,7.17,300.44,7.17,-91.7,437873861.6919772,-1143.9,1918.1,783.2,44
2026-04-09T11:50:17.522283+00:00,300.37,7.16,300.37,7.16,-91.7,437873861.6919772,-1157.3,1918.4,792.3,44
2026-04-09T11:50:17.866251+00:00,300.29,7.16,300.29,7.16,-91.7,437873861.6919772,-1171.4,1918.6,802.0,44
2026-04-09T11:50:18.194288+00:00,300.22,7.16,300.22,7.16,-93.7,437873861.6919772,-1184.7,1918.9,811.1,44
2026-04-09T11:50:18.538477+00:00,300.14,7.15,300.14,7.15,-91.7,437873806.8151403,-1198.8,1919.2,820.7,44
2026-04-09T11:50:18.886270+00:00,300.06,7.15,300.06,7.15,-93.7,437873806.8151403,-1213.0,1919.5,830.5,44
2026-04-09T11:50:19.213955+00:00,299.98,7.14,299.98,7.14,-89.7,437873806.8151403,-1226.3,1919.7,839.6,44
2026-04-09T11:50:19.537923+00:00,299.91,7.14,299.91,7.14,-92.7,437873806.8151403,-1239.6,1920.0,848.7,44
2026-04-09T11:50:19.906050+00:00,299.83,7.14,299.83,7.14,-91.7,437873752.0743426,-1253.7,1920.3,858.3,44
2026-04-09T11:50:20.235233+00:00,299.75,7.13,299.75,7.13,-90.7,437873752.0743426,-1267.8,1920.6,868.0,44
2026-04-09T11:50:20.557915+00:00,299.67,7.13,299.67,7.13,-89.7,437873752.0743426,-1281.0,1920.9,877.0,44
2026-04-09T11:50:20.906722+00:00,299.60,7.13,299.6,7.13,-91.7,437873752.0743426,-1294.3,1921.2,886.2,44
2026-04-09T11:50:21.249932+00:00,299.51,7.12,299.51,7.12,-91.7,437873696.4089954,-1309.1,1921.5,896.3,44
2026-04-09T11:50:21.583137+00:00,299.44,7.12,299.44,7.12,-91.7,437873696.4089954,-1322.4,1921.8,905.4,44
2026-04-09T11:50:21.921831+00:00,299.36,7.11,299.36,7.11,-93.7,437873696.4089954,-1335.7,1922.1,914.5,44
2026-04-09T11:50:22.249990+00:00,299.29,7.11,299.29,7.11,-92.7,437873696.4089954,-1349.7,1922.4,924.1,44
2026-04-09T11:50:22.594921+00:00,299.21,7.11,299.21,7.11,-98.7,437873641.8938302,-1363.8,1922.7,933.8,44
2026-04-09T11:50:22.941960+00:00,299.13,7.10,299.13,7.1,-92.7,437873641.8938302,-1377.0,1923.0,942.8,44
2026-04-09T11:50:23.269823+00:00,299.05,7.10,299.05,7.1,-89.7,437873641.8938302,-1391.1,1923.4,952.4,44
2026-04-09T11:50:23.593920+00:00,298.98,7.09,298.98,7.09,-89.7,437873641.8938302,-1404.1,1923.7,961.3,44
2026-04-09T11:50:23.961830+00:00,298.90,7.09,298.9,7.09,-92.7,437873587.4592544,-1418.3,1924.0,971.0,44
2026-04-09T11:50:24.285954+00:00,298.82,7.09,298.82,7.09,-92.7,437873587.4592544,-1432.3,1924.4,980.6,44
2026-04-09T11:50:24.614218+00:00,298.75,7.08,298.75,7.08,-90.7,437873587.4592544,-1445.4,1924.7,989.6,44
2026-04-09T11:50:24.938368+00:00,298.67,7.08,298.67,7.08,-89.7,437873587.4592544,-1458.6,1925.0,998.7,44
2026-04-09T11:50:25.305926+00:00,298.59,7.07,298.59,7.07,-92.7,437873533.1176594,-1473.4,1925.4,1008.8,44
2026-04-09T11:50:25.635057+00:00,298.51,7.07,298.51,7.07,-88.7,437873533.1176594,-1486.6,1925.7,1017.8,44
2026-04-09T11:50:25.958394+00:00,298.44,7.06,298.44,7.06,-95.7,437873533.1176594,-1499.6,1926.0,1026.7,44
2026-04-09T11:50:26.306008+00:00,298.36,7.06,298.36,7.06,-89.7,437873533.1176594,-1513.7,1926.4,1036.4,44
2026-04-09T11:50:26.654404+00:00,298.28,7.06,298.28,7.06,-96.7,437873477.9628604,-1527.6,1926.8,1045.8,44
2026-04-09T11:50:26.978281+00:00,298.21,7.05,298.21,7.05,-92.7,437873477.9628604,-1540.7,1927.1,1054.8,44
2026-04-09T11:50:27.325972+00:00,298.13,7.05,298.13,7.05,-95.7,437873477.9628604,-1554.8,1927.5,1064.5,44
2026-04-09T11:50:27.651069+00:00,298.05,7.04,298.05,7.04,-90.7,437873477.9628604,-1567.8,1927.8,1073.4,44
2026-04-09T11:50:27.998356+00:00,297.97,7.04,297.97,7.04,-89.7,437873423.84065765,-1581.8,1928.2,1083.0,44
2026-04-09T11:50:28.341956+00:00,297.90,7.03,297.9,7.03,-93.7,437873423.84065765,-1595.6,1928.6,1092.4,44
2026-04-09T11:50:28.670049+00:00,297.82,7.03,297.82,7.03,-91.7,437873423.84065765,-1608.7,1928.9,1101.4,44
2026-04-09T11:50:29.005586+00:00,297.75,7.02,297.75,7.02,-94.7,437873423.84065765,-1622.1,1929.3,1110.6,44
2026-04-09T11:50:29.369964+00:00,297.66,7.02,297.66,7.02,-92.7,437873369.4681285,-1637.0,1929.7,1120.8,44
2026-04-09T11:50:29.698252+00:00,297.59,7.01,297.59,7.01,-93.7,437873369.4681285,-1650.0,1930.1,1129.6,44
2026-04-09T11:50:30.021832+00:00,297.51,7.01,297.51,7.01,-92.7,437873369.4681285,-1663.1,1930.4,1138.6,44
2026-04-09T11:50:30.369905+00:00,297.44,7.00,297.44,7.0,-86.7,437873369.4681285,-1676.9,1930.8,1148.1,44
2026-04-09T11:50:30.714722+00:00,297.36,7.00,297.36,7.0,-89.7,437873314.8352885,-1690.8,1931.2,1157.6,44
2026-04-09T11:50:31.042628+00:00,297.28,6.99,297.28,6.99,-91.7,437873314.8352885,-1703.7,1931.6,1166.5,44
2026-04-09T11:50:31.391060+00:00,297.20,6.99,297.2,6.99,-89.7,437873314.8352885,-1717.7,1932.0,1176.0,44
2026-04-09T11:50:31.718655+00:00,297.13,6.98,297.13,6.98,-89.7,437873314.8352885,-1730.7,1932.4,1184.9,44
2026-04-09T11:50:32.061969+00:00,297.05,6.98,297.05,6.98,-92.7,437873260.96145093,-1744.6,1932.8,1194.4,44
2026-04-09T11:50:32.410660+00:00,296.97,6.97,296.97,6.97,-93.7,437873260.96145093,-1758.2,1933.2,1203.8,44
2026-04-09T11:50:32.733950+00:00,296.90,6.97,296.9,6.97,-89.7,437873260.96145093,-1771.4,1933.6,1212.8,44
2026-04-09T11:50:33.061743+00:00,296.83,6.96,296.83,6.96,-89.7,437873260.96145093,-1784.4,1934.0,1221.7,44
2026-04-09T11:50:33.430304+00:00,296.75,6.96,296.75,6.96,-89.7,437873207.4531183,-1798.0,1934.4,1231.0,44
2026-04-09T11:50:33.753755+00:00,296.67,6.95,296.67,6.95,-89.7,437873207.4531183,-1811.8,1934.9,1240.4,44
2026-04-09T11:50:34.081889+00:00,296.60,6.95,296.6,6.95,-89.7,437873207.4531183,-1824.9,1935.3,1249.4,44
2026-04-09T11:50:34.430100+00:00,296.52,6.94,296.52,6.94,-93.7,437873207.4531183,-1837.9,1935.7,1258.3,44
2026-04-09T11:50:34.773735+00:00,296.44,6.94,296.44,6.94,-91.7,437873153.0837985,-1852.3,1936.2,1268.2,44
2026-04-09T11:50:35.102229+00:00,296.37,6.93,296.37,6.93,-89.7,437873153.0837985,-1865.3,1936.6,1277.1,44
2026-04-09T11:50:35.450345+00:00,296.29,6.93,296.29,6.93,-91.7,437873153.0837985,-1878.3,1937.0,1286.0,44
2026-04-09T11:50:35.774609+00:00,296.22,6.92,296.22,6.92,-91.7,437873153.0837985,-1891.9,1937.4,1295.3,44
2026-04-09T11:50:36.122248+00:00,296.14,6.91,296.14,6.91,-96.7,437873099.80386204,-1905.8,1937.9,1304.8,44
2026-04-09T11:50:36.465930+00:00,296.06,6.91,296.06,6.91,-94.7,437873099.80386204,-1918.7,1938.3,1313.6,44
2026-04-09T11:50:36.796872+00:00,295.99,6.90,295.99,6.9,-94.7,437873099.80386204,-1932.3,1938.8,1322.9,44
2026-04-09T11:50:37.118087+00:00,295.91,6.90,295.91,6.9,-94.7,437873099.80386204,-1945.2,1939.2,1331.8,44
2026-04-09T11:50:37.485916+00:00,295.84,6.89,295.84,6.89,-91.7,437873046.7232595,-1958.9,1939.7,1341.1,44
2026-04-09T11:50:37.809610+00:00,295.76,6.89,295.76,6.89,-93.7,437873046.7232595,-1972.5,1940.1,1350.5,44
2026-04-09T11:50:38.138151+00:00,295.68,6.88,295.68,6.88,-89.7,437873046.7232595,-1985.3,1940.6,1359.3,44
2026-04-09T11:50:38.461988+00:00,295.61,6.88,295.61,6.88,-93.7,437873046.7232595,-1998.2,1941.0,1368.1,44
2026-04-09T11:50:38.829507+00:00,295.53,6.87,295.53,6.87,-91.7,437872993.7767349,-2012.6,1941.5,1377.9,44
2026-04-09T11:50:39.154319+00:00,295.46,6.86,295.46,6.86,-95.7,437872993.7767349,-2025.5,1942.0,1386.7,44
2026-04-09T11:50:39.483720+00:00,295.38,6.86,295.38,6.86,-90.7,437872993.7767349,-2038.2,1942.4,1395.4,44
2026-04-09T11:50:39.829716+00:00,295.31,6.85,295.31,6.85,-92.7,437872993.7767349,-2051.9,1942.9,1404.8,44
2026-04-09T11:50:40.174342+00:00,295.23,6.85,295.23,6.85,-89.7,437872940.051952,-2065.5,1943.4,1414.2,44
2026-04-09T11:50:40.502106+00:00,295.16,6.84,295.16,6.84,-89.7,437872940.051952,-2078.2,1943.9,1422.8,44
2026-04-09T11:50:40.849735+00:00,295.08,6.83,295.08,6.83,-93.7,437872940.051952,-2091.8,1944.4,1432.2,44
2026-04-09T11:50:41.174547+00:00,295.00,6.83,295.0,6.83,-93.7,437872940.051952,-2104.6,1944.8,1440.9,44
2026-04-09T11:50:41.521934+00:00,294.93,6.82,294.93,6.82,-91.7,437872887.38160664,-2118.1,1945.3,1450.2,44
2026-04-09T11:50:41.870062+00:00,294.85,6.82,294.85,6.82,-93.7,437872887.38160664,-2131.7,1945.8,1459.5,44
2026-04-09T11:50:42.194069+00:00,294.78,6.81,294.78,6.81,-93.7,437872887.38160664,-2144.3,1946.3,1468.1,44
2026-04-09T11:50:42.518366+00:00,294.70,6.80,294.7,6.8,-91.7,437872887.38160664,-2157.1,1946.8,1476.9,44
2026-04-09T11:50:42.885933+00:00,294.63,6.80,294.63,6.8,-94.7,437872834.9261068,-2170.6,1947.3,1486.1,44
2026-04-09T11:50:43.214317+00:00,294.55,6.79,294.55,6.79,-89.7,437872834.9261068,-2184.1,1947.8,1495.3,44
2026-04-09T11:50:43.538875+00:00,294.48,6.78,294.48,6.78,-91.7,437872834.9261068,-2196.8,1948.3,1504.1,44
2026-04-09T11:50:43.862312+00:00,294.41,6.78,294.41,6.78,-93.7,437872834.9261068,-2209.5,1948.8,1512.7,44
2026-04-09T11:50:44.230017+00:00,294.32,6.77,294.32,6.77,-95.7,437872782.62625873,-2223.6,1949.4,1522.4,44
2026-04-09T11:50:44.557926+00:00,294.25,6.77,294.25,6.77,-95.7,437872782.62625873,-2236.3,1949.9,1531.1,44
2026-04-09T11:50:44.881820+00:00,294.18,6.76,294.18,6.76,-92.7,437872782.62625873,-2249.0,1950.4,1539.8,44
2026-04-09T11:50:45.230072+00:00,294.10,6.75,294.1,6.75,-94.7,437872782.62625873,-2262.4,1950.9,1549.0,44
2026-04-09T11:50:45.574457+00:00,294.03,6.75,294.03,6.75,-91.7,437872729.57507485,-2275.9,1951.4,1558.2,44
2026-04-09T11:50:45.902248+00:00,293.95,6.74,293.95,6.74,-94.7,437872729.57507485,-2288.4,1951.9,1566.8,44
2026-04-09T11:50:46.246263+00:00,293.88,6.73,293.88,6.73,-98.7,437872729.57507485,-2301.9,1952.5,1576.0,44
2026-04-09T11:50:46.574245+00:00,293.81,6.73,293.81,6.73,-95.7,437872729.57507485,-2314.4,1953.0,1584.5,44
2026-04-09T11:50:46.920879+00:00,293.73,6.72,293.73,6.72,-95.7,437872677.61309606,-2327.8,1953.5,1593.8,44
2026-04-09T11:50:47.264891+00:00,293.65,6.71,293.65,6.71,-95.7,437872677.61309606,-2341.1,1954.1,1602.8,44
2026-04-09T11:50:47.588828+00:00,293.58,6.71,293.58,6.71,-95.7,437872677.61309606,-2353.5,1954.6,1611.4,44
2026-04-09T11:50:47.909642+00:00,293.51,6.70,293.51,6.7,-91.7,437872677.61309606,-2366.0,1955.1,1619.9,44
2026-04-09T11:50:48.277988+00:00,293.43,6.69,293.43,6.69,-94.7,437872626.17084754,-2379.3,1955.7,1629.0,44
2026-04-09T11:50:48.596834+00:00,293.36,6.69,293.36,6.69,-93.7,437872626.17084754,-2392.5,1956.3,1638.0,44
2026-04-09T11:50:48.920870+00:00,293.29,6.68,293.29,6.68,-91.7,437872626.17084754,-2404.9,1956.8,1646.6,44
2026-04-09T11:50:49.244855+00:00,293.21,6.67,293.21,6.67,-97.7,437872626.17084754,-2417.4,1957.3,1655.1,44
2026-04-09T11:50:49.608831+00:00,293.13,6.66,293.13,6.66,-93.7,437872574.90921205,-2431.3,1957.9,1664.6,44
2026-04-09T11:50:49.932968+00:00,293.06,6.66,293.06,6.66,-93.7,437872574.90921205,-2443.7,1958.5,1673.1,44
2026-04-09T11:50:50.256859+00:00,292.99,6.65,292.99,6.65,-89.7,437872574.90921205,-2456.1,1959.0,1681.6,44
2026-04-09T11:50:50.600835+00:00,292.92,6.64,292.92,6.64,-94.7,437872574.90921205,-2469.3,1959.6,1690.6,44
2026-04-09T11:50:50.944855+00:00,292.84,6.64,292.84,6.64,-92.7,437872523.0338846,-2482.4,1960.2,1699.6,44
2026-04-09T11:50:51.268868+00:00,292.77,6.63,292.77,6.63,-95.7,437872523.0338846,-2494.6,1960.7,1707.9,44
2026-04-09T11:50:51.612829+00:00,292.70,6.62,292.7,6.62,-94.7,437872523.0338846,-2507.7,1961.3,1716.9,44
2026-04-09T11:50:51.943227+00:00,292.62,6.62,292.62,6.62,-91.7,437872523.0338846,-2520.0,1961.9,1725.3,44
2026-04-09T11:50:52.286981+00:00,292.55,6.61,292.55,6.61,-96.7,437872471.85640436,-2533.3,1962.5,1734.4,44
2026-04-09T11:50:52.630033+00:00,292.47,6.60,292.47,6.6,-95.7,437872471.85640436,-2546.4,1963.1,1743.4,44
2026-04-09T11:50:52.958074+00:00,292.40,6.59,292.4,6.59,-89.7,437872471.85640436,-2558.8,1963.6,1751.9,44
2026-04-09T11:50:53.282078+00:00,292.33,6.59,292.33,6.59,-95.7,437872471.85640436,-2571.1,1964.2,1760.3,44
2026-04-09T11:50:53.650144+00:00,292.25,6.58,292.25,6.58,-96.7,437872421.0153671,-2584.3,1964.8,1769.4,44
2026-04-09T11:50:53.978984+00:00,292.18,6.57,292.18,6.57,-94.7,437872421.0153671,-2597.5,1965.4,1778.4,44
2026-04-09T11:50:54.301937+00:00,292.11,6.57,292.11,6.57,-91.7,437872421.0153671,-2609.7,1966.0,1786.7,44
2026-04-09T11:50:54.631324+00:00,292.04,6.56,292.04,6.56,-96.7,437872421.0153671,-2622.1,1966.6,1795.3,44
2026-04-09T11:50:54.997711+00:00,291.96,6.55,291.96,6.55,-95.7,437872369.96679425,-2636.0,1967.3,1804.7,44
2026-04-09T11:50:55.321911+00:00,291.89,6.54,291.89,6.54,-88.7,437872369.96679425,-2648.3,1967.9,1813.1,44
2026-04-09T11:50:55.650177+00:00,291.81,6.54,291.81,6.54,-91.7,437872369.96679425,-2660.6,1968.5,1821.6,44
2026-04-09T11:50:55.994435+00:00,291.74,6.53,291.74,6.53,-95.7,437872369.96679425,-2673.6,1969.1,1830.5,44
2026-04-09T11:50:56.343160+00:00,291.66,6.52,291.66,6.52,-95.7,437872318.5930111,-2686.7,1969.7,1839.5,44
2026-04-09T11:50:56.666404+00:00,291.59,6.51,291.59,6.51,-89.7,437872318.5930111,-2699.0,1970.3,1847.9,44
2026-04-09T11:50:57.017376+00:00,291.52,6.51,291.52,6.51,-90.7,437872318.5930111,-2711.9,1971.0,1856.7,44
2026-04-09T11:50:57.343141+00:00,291.45,6.50,291.45,6.5,-90.7,437872318.5930111,-2724.2,1971.6,1865.1,44
2026-04-09T11:50:57.686582+00:00,291.37,6.49,291.37,6.49,-95.7,437872267.9636102,-2737.2,1972.2,1874.0,44
2026-04-09T11:50:58.034283+00:00,291.30,6.48,291.3,6.48,-91.7,437872267.9636102,-2750.2,1972.9,1882.9,44
2026-04-09T11:50:58.358243+00:00,291.23,6.47,291.23,6.47,-95.7,437872267.9636102,-2762.4,1973.5,1891.3,44
2026-04-09T11:50:58.687428+00:00,291.16,6.47,291.16,6.47,-89.7,437872267.9636102,-2774.5,1974.1,1899.6,44
2026-04-09T11:50:59.049461+00:00,291.08,6.46,291.08,6.46,-92.7,437872217.6825979,-2788.1,1974.8,1908.9,44
2026-04-09T11:50:59.378072+00:00,291.01,6.45,291.01,6.45,-89.7,437872217.6825979,-2800.4,1975.4,1917.3,44
2026-04-09T11:50:59.702566+00:00,290.94,6.44,290.94,6.44,-89.7,437872217.6825979,-2812.5,1976.1,1925.6,44
2026-04-09T11:51:00.050346+00:00,290.86,6.43,290.86,6.43,-91.7,437872217.6825979,-2825.4,1976.7,1934.4,44
2026-04-09T11:51:00.399001+00:00,290.79,6.43,290.79,6.43,-96.7,437872166.9442586,-2838.3,1977.4,1943.3,44
2026-04-09T11:51:00.722129+00:00,290.72,6.42,290.72,6.42,-93.7,437872166.9442586,-2850.3,1978.0,1951.4,44
2026-04-09T11:51:01.069108+00:00,290.64,6.41,290.64,6.41,-90.7,437872166.9442586,-2863.2,1978.7,1960.3,44
2026-04-09T11:51:01.393940+00:00,290.57,6.40,290.57,6.4,-92.7,437872166.9442586,-2875.4,1979.4,1968.7,44
2026-04-09T11:51:01.721882+00:00,290.50,6.40,290.5,6.4,-94.7,437872166.9442586,-2887.3,1980.0,1976.8,44
2026-04-09T11:51:02.064867+00:00,290.43,6.39,290.43,6.39,-94.7,437872166.9442586,-2899.5,1980.6,1985.1,44
2026-04-09T11:51:02.409060+00:00,290.35,6.38,290.35,6.38,-97.7,437872092.31686676,-2912.9,1981.4,1994.4,44
2026-04-09T11:51:02.732935+00:00,290.28,6.37,290.28,6.37,-94.7,437872092.31686676,-2924.9,1982.0,2002.5,44
2026-04-09T11:51:03.076857+00:00,290.21,6.36,290.21,6.36,-94.7,437872092.31686676,-2936.8,1982.7,2010.7,44
2026-04-09T11:51:03.400829+00:00,290.14,6.35,290.14,6.35,-91.7,437872092.31686676,-2949.5,1983.4,2019.4,44
2026-04-09T11:51:03.724909+00:00,290.07,6.35,290.07,6.35,-91.7,437872092.31686676,-2961.4,1984.0,2027.5,44
2026-04-09T11:51:04.048853+00:00,290.00,6.34,290.0,6.34,-93.7,437872092.31686676,-2973.2,1984.7,2035.6,44
2026-04-09T11:51:04.412839+00:00,289.92,6.33,289.92,6.33,-92.7,437872019.2757668,-2986.5,1985.4,2044.7,44
2026-04-09T11:51:04.737600+00:00,289.85,6.32,289.85,6.32,-93.7,437872019.2757668,-2998.6,1986.1,2053.0,44
2026-04-09T11:51:05.060839+00:00,289.79,6.31,289.79,6.31,-89.7,437872019.2757668,-3010.3,1986.7,2061.0,44
2026-04-09T11:51:05.404866+00:00,289.71,6.31,289.71,6.31,-91.7,437872019.2757668,-3022.9,1987.4,2069.6,44
2026-04-09T11:51:05.729024+00:00,289.64,6.30,289.64,6.3,-91.7,437872019.2757668,-3034.7,1988.1,2077.7,44
2026-04-09T11:51:06.052876+00:00,289.58,6.29,289.58,6.29,-97.7,437872019.2757668,-3046.5,1988.8,2085.8,44
2026-04-09T11:51:06.416832+00:00,289.50,6.28,289.5,6.28,-95.7,437871945.9643713,-3059.1,1989.5,2094.4,44
2026-04-09T11:51:06.740850+00:00,289.43,6.27,289.43,6.27,-92.7,437871945.9643713,-3071.6,1990.2,2103.0,44
2026-04-09T11:51:07.070930+00:00,289.36,6.26,289.36,6.26,-93.7,437871945.9643713,-3083.4,1990.9,2111.0,44
2026-04-09T11:51:07.390025+00:00,289.29,6.26,289.29,6.26,-95.7,437871945.9643713,-3095.2,1991.6,2119.2,44
2026-04-09T11:51:07.737767+00:00,289.22,6.25,289.22,6.25,-92.7,437871945.9643713,-3107.8,1992.3,2127.8,44
2026-04-09T11:51:08.061750+00:00,289.15,6.24,289.15,6.24,-90.7,437871945.9643713,-3119.7,1993.0,2135.9,44
2026-04-09T11:51:08.409969+00:00,289.07,6.23,289.07,6.23,-90.7,437871872.95607764,-3132.2,1993.8,2144.5,44
2026-04-09T11:51:08.757832+00:00,289.00,6.22,289.0,6.22,-91.7,437871872.95607764,-3144.8,1994.5,2153.1,44
2026-04-09T11:51:09.081906+00:00,288.93,6.21,288.93,6.21,-86.7,437871872.95607764,-3156.6,1995.2,2161.2,44
2026-04-09T11:51:09.409893+00:00,288.86,6.20,288.86,6.2,-92.7,437871872.95607764,-3168.3,1995.9,2169.2,44
2026-04-09T11:51:09.754414+00:00,288.79,6.19,288.79,6.19,-91.7,437871872.95607764,-3180.1,1996.6,2177.3,44
2026-04-09T11:51:10.081936+00:00,288.72,6.19,288.72,6.19,-93.7,437871872.95607764,-3192.5,1997.4,2185.8,44
2026-04-09T11:51:10.426554+00:00,288.65,6.18,288.65,6.18,-91.7,437871800.03479207,-3205.1,1998.2,2194.4,44
2026-04-09T11:51:10.774036+00:00,288.58,6.17,288.58,6.17,-91.7,437871800.03479207,-3216.7,1998.9,2202.3,44
2026-04-09T11:51:11.102303+00:00,288.51,6.16,288.51,6.16,-86.7,437871800.03479207,-3229.1,1999.6,2210.8,44
2026-04-09T11:51:11.426036+00:00,288.44,6.15,288.44,6.15,-90.7,437871800.03479207,-3240.9,2000.4,2218.9,44
2026-04-09T11:51:11.773598+00:00,288.37,6.14,288.37,6.14,-91.7,437871800.03479207,-3252.5,2001.1,2226.8,44
2026-04-09T11:51:12.101542+00:00,288.30,6.13,288.3,6.13,-93.7,437871800.03479207,-3264.8,2001.9,2235.3,44
2026-04-09T11:51:12.446269+00:00,288.22,6.12,288.22,6.12,-92.7,437871727.63412815,-3277.3,2002.6,2243.8,44
2026-04-09T11:51:12.789947+00:00,288.16,6.11,288.16,6.11,-92.7,437871727.63412815,-3289.0,2003.4,2251.8,44
2026-04-09T11:51:13.118881+00:00,288.08,6.11,288.08,6.11,-89.7,437871727.63412815,-3301.2,2004.1,2260.2,44
2026-04-09T11:51:13.442034+00:00,288.02,6.10,288.02,6.1,-89.7,437871727.63412815,-3312.9,2004.9,2268.2,44
2026-04-09T11:51:13.769546+00:00,287.95,6.09,287.95,6.09,-92.7,437871727.63412815,-3324.4,2005.6,2276.1,44
2026-04-09T11:51:14.113693+00:00,287.87,6.08,287.87,6.08,-94.7,437871727.63412815,-3336.7,2006.4,2284.5,44
2026-04-09T11:51:14.461951+00:00,287.80,6.07,287.8,6.07,-89.7,437871656.0108312,-3349.0,2007.2,2292.9,44
2026-04-09T11:51:14.789777+00:00,287.73,6.06,287.73,6.06,-94.7,437871656.0108312,-3360.6,2008.0,2300.8,44
2026-04-09T11:51:15.139327+00:00,287.66,6.05,287.66,6.05,-92.7,437871656.0108312,-3372.8,2008.7,2309.2,44
2026-04-09T11:51:15.462388+00:00,287.59,6.04,287.59,6.04,-94.7,437871656.0108312,-3384.4,2009.5,2317.1,44
2026-04-09T11:51:15.791169+00:00,287.53,6.03,287.53,6.03,-95.7,437871656.0108312,-3395.9,2010.3,2325.0,44
2026-04-09T11:51:16.132848+00:00,287.45,6.02,287.45,6.02,-89.7,437871656.0108312,-3408.1,2011.1,2333.4,44
2026-04-09T11:51:16.476852+00:00,287.38,6.01,287.38,6.01,-96.7,437871584.6528373,-3420.4,2011.9,2341.8,44
2026-04-09T11:51:16.800934+00:00,287.31,6.00,287.31,6.0,-96.7,437871584.6528373,-3431.8,2012.6,2349.6,44
2026-04-09T11:51:17.148591+00:00,287.24,5.99,287.24,5.99,-93.7,437871584.6528373,-3443.8,2013.5,2357.8,44
2026-04-09T11:51:17.468862+00:00,287.18,5.99,287.18,5.99,-97.7,437871584.6528373,-3455.2,2014.2,2365.6,44
2026-04-09T11:51:17.792850+00:00,287.11,5.98,287.11,5.98,-94.7,437871584.6528373,-3466.4,2015.0,2373.3,44
2026-04-09T11:51:18.136934+00:00,287.04,5.97,287.04,5.97,-94.7,437871584.6528373,-3477.7,2015.7,2381.0,44
2026-04-09T11:51:18.480853+00:00,286.97,5.96,286.97,5.96,-95.7,437871514.33965296,-3490.5,2016.6,2389.8,44
2026-04-09T11:51:18.804848+00:00,286.90,5.95,286.9,5.95,-96.7,437871514.33965296,-3501.8,2017.4,2397.5,44
2026-04-09T11:51:19.148868+00:00,286.83,5.94,286.83,5.94,-94.7,437871514.33965296,-3513.1,2018.2,2405.2,44
2026-04-09T11:51:19.472847+00:00,286.76,5.93,286.76,5.93,-92.7,437871514.33965296,-3525.1,2019.0,2413.4,44
2026-04-09T11:51:19.796930+00:00,286.70,5.92,286.7,5.92,-91.7,437871514.33965296,-3536.3,2019.8,2421.2,44
2026-04-09T11:51:20.116967+00:00,286.63,5.91,286.63,5.91,-89.7,437871514.33965296,-3547.6,2020.6,2428.9,44
2026-04-09T11:51:20.484835+00:00,286.55,5.90,286.55,5.9,-94.7,437871445.3800853,-3560.3,2021.5,2437.5,44
2026-04-09T11:51:20.809972+00:00,286.49,5.89,286.49,5.89,-94.7,437871445.3800853,-3571.4,2022.2,2445.2,44
2026-04-09T11:51:21.133980+00:00,286.42,5.88,286.42,5.88,-98.7,437871445.3800853,-3582.7,2023.0,2452.9,44
2026-04-09T11:51:21.479438+00:00,286.35,5.87,286.35,5.87,-96.7,437871445.3800853,-3594.7,2023.9,2461.1,44
2026-04-09T11:51:21.807099+00:00,286.28,5.86,286.28,5.86,-92.7,437871445.3800853,-3605.9,2024.7,2468.8,44
2026-04-09T11:51:22.130131+00:00,286.22,5.85,286.22,5.85,-94.7,437871445.3800853,-3617.2,2025.5,2476.5,44
2026-04-09T11:51:22.497766+00:00,286.15,5.84,286.15,5.84,-97.7,437871375.7872133,-3629.1,2026.4,2484.7,44
2026-04-09T11:51:22.827005+00:00,286.08,5.83,286.08,5.83,-96.7,437871375.7872133,-3641.0,2027.2,2492.8,44
2026-04-09T11:51:23.150302+00:00,286.01,5.82,286.01,5.82,-93.7,437871375.7872133,-3652.1,2028.0,2500.4,44
2026-04-09T11:51:23.477721+00:00,285.94,5.81,285.94,5.81,-97.7,437871375.7872133,-3663.4,2028.8,2508.2,44
2026-04-09T11:51:23.821921+00:00,285.87,5.80,285.87,5.8,-91.7,437871375.7872133,-3675.2,2029.7,2516.2,44
2026-04-09T11:51:24.150847+00:00,285.81,5.79,285.81,5.79,-91.7,437871375.7872133,-3686.4,2030.5,2523.9,44
2026-04-09T11:51:24.493720+00:00,285.74,5.78,285.74,5.78,-93.7,437871306.47141194,-3698.2,2031.4,2532.0,44
2026-04-09T11:51:24.841922+00:00,285.66,5.77,285.66,5.77,-91.7,437871306.47141194,-3710.1,2032.3,2540.1,44
2026-04-09T11:51:25.166318+00:00,285.60,5.76,285.6,5.76,-91.7,437871306.47141194,-3721.2,2033.1,2547.7,44
2026-04-09T11:51:25.493782+00:00,285.53,5.75,285.53,5.75,-94.7,437871306.47141194,-3732.2,2034.0,2555.3,44
2026-04-09T11:51:25.841988+00:00,285.46,5.74,285.46,5.74,-89.7,437871306.47141194,-3744.1,2034.8,2563.4,44
2026-04-09T11:51:26.166475+00:00,285.40,5.73,285.4,5.73,-91.7,437871306.47141194,-3755.2,2035.7,2571.0,44
2026-04-09T11:51:26.514231+00:00,285.33,5.72,285.33,5.72,-91.7,437871237.8762796,-3766.9,2036.6,2579.0,44
2026-04-09T11:51:26.862345+00:00,285.25,5.71,285.25,5.71,-94.7,437871237.8762796,-3778.7,2037.5,2587.1,44
2026-04-09T11:51:27.191375+00:00,285.19,5.70,285.19,5.7,-97.7,437871237.8762796,-3789.7,2038.3,2594.7,44
2026-04-09T11:51:27.517710+00:00,285.12,5.69,285.12,5.69,-91.7,437871237.8762796,-3800.8,2039.2,2602.2,44
2026-04-09T11:51:27.861923+00:00,285.05,5.68,285.05,5.68,-90.7,437871237.8762796,-3812.4,2040.1,2610.2,44
2026-04-09T11:51:28.186246+00:00,284.99,5.67,284.99,5.67,-91.7,437871237.8762796,-3823.5,2040.9,2617.7,44
2026-04-09T11:51:28.534372+00:00,284.92,5.66,284.92,5.66,-94.7,437871169.6855206,-3835.1,2041.8,2625.7,44
2026-04-09T11:51:28.881967+00:00,284.85,5.65,284.85,5.65,-94.7,437871169.6855206,-3846.8,2042.7,2633.7,44
2026-04-09T11:51:29.204841+00:00,284.78,5.64,284.78,5.64,-95.7,437871169.6855206,-3857.7,2043.6,2641.2,44
2026-04-09T11:51:29.528840+00:00,284.72,5.63,284.72,5.63,-91.7,437871169.6855206,-3868.6,2044.5,2648.6,44
2026-04-09T11:51:29.873482+00:00,284.65,5.62,284.65,5.62,-91.7,437871169.6855206,-3879.3,2045.3,2656.0,44
2026-04-09T11:51:30.195893+00:00,284.58,5.61,284.58,5.61,-92.7,437871169.6855206,-3890.9,2046.2,2663.9,44
2026-04-09T11:51:30.540832+00:00,284.51,5.60,284.51,5.6,-94.7,437871102.38623726,-3902.3,2047.2,2671.7,44
2026-04-09T11:51:30.884916+00:00,284.45,5.59,284.45,5.59,-95.7,437871102.38623726,-3913.0,2048.0,2679.1,44
2026-04-09T11:51:31.210109+00:00,284.38,5.58,284.38,5.58,-92.7,437871102.38623726,-3924.5,2048.9,2686.9,44
2026-04-09T11:51:31.528838+00:00,284.32,5.57,284.32,5.57,-94.7,437871102.38623726,-3935.2,2049.8,2694.3,44
2026-04-09T11:51:31.852925+00:00,284.25,5.56,284.25,5.56,-92.7,437871102.38623726,-3946.0,2050.7,2701.7,44
2026-04-09T11:51:32.197008+00:00,284.18,5.55,284.18,5.55,-90.7,437871102.38623726,-3957.4,2051.6,2709.5,44
2026-04-09T11:51:32.544823+00:00,284.11,5.54,284.11,5.54,-94.7,437871035.9131736,-3968.8,2052.5,2717.2,44
2026-04-09T11:51:32.864841+00:00,284.05,5.53,284.05,5.53,-89.7,437871035.9131736,-3979.5,2053.4,2724.6,44
2026-04-09T11:51:33.212917+00:00,283.98,5.52,283.98,5.52,-95.7,437871035.9131736,-3990.8,2054.4,2732.3,44
2026-04-09T11:51:33.536829+00:00,283.92,5.51,283.92,5.51,-93.7,437871035.9131736,-4001.5,2055.3,2739.6,44
2026-04-09T11:51:33.860865+00:00,283.85,5.50,283.85,5.5,-97.7,437871035.9131736,-4012.1,2056.1,2746.9,44
2026-04-09T11:51:34.206055+00:00,283.79,5.49,283.79,5.49,-96.7,437871035.9131736,-4022.8,2057.0,2754.2,44
2026-04-09T11:51:34.553940+00:00,283.72,5.48,283.72,5.48,-96.7,437870969.7268086,-4034.9,2058.1,2762.5,44
2026-04-09T11:51:34.878057+00:00,283.65,5.47,283.65,5.47,-96.7,437870969.7268086,-4045.6,2059.0,2769.8,44
2026-04-09T11:51:35.230001+00:00,283.59,5.46,283.59,5.46,-97.7,437870969.7268086,-4056.2,2059.9,2777.1,44
2026-04-09T11:51:35.554013+00:00,283.52,5.44,283.52,5.44,-92.7,437870969.7268086,-4067.7,2060.8,2785.0,44
2026-04-09T11:51:35.881714+00:00,283.45,5.43,283.45,5.43,-93.7,437870969.7268086,-4078.3,2061.7,2792.2,44
2026-04-09T11:51:36.226334+00:00,283.39,5.42,283.39,5.42,-93.7,437870969.7268086,-4089.0,2062.7,2799.5,44
2026-04-09T11:51:36.574233+00:00,283.32,5.41,283.32,5.41,-93.7,437870903.73692477,-4100.8,2063.7,2807.7,44
2026-04-09T11:51:36.899876+00:00,283.25,5.40,283.25,5.4,-94.7,437870903.73692477,-4111.5,2064.6,2814.9,44
2026-04-09T11:51:37.249967+00:00,283.19,5.39,283.19,5.39,-95.7,437870903.73692477,-4122.1,2065.5,2822.2,44
2026-04-09T11:51:37.573902+00:00,283.12,5.38,283.12,5.38,-94.7,437870903.73692477,-4133.3,2066.5,2829.9,44
2026-04-09T11:51:37.898850+00:00,283.06,5.37,283.06,5.37,-95.7,437870903.73692477,-4143.9,2067.4,2837.1,44
2026-04-09T11:51:38.227907+00:00,282.99,5.36,282.99,5.36,-94.7,437870903.73692477,-4154.3,2068.3,2844.3,44
2026-04-09T11:51:38.594292+00:00,282.92,5.35,282.92,5.35,-95.7,437870838.9113082,-4166.2,2069.4,2852.4,44
2026-04-09T11:51:38.921965+00:00,282.86,5.34,282.86,5.34,-91.7,437870838.9113082,-4176.8,2070.3,2859.6,44
2026-04-09T11:51:39.249484+00:00,282.79,5.33,282.79,5.33,-91.7,437870838.9113082,-4187.3,2071.3,2866.8,44
2026-04-09T11:51:39.593930+00:00,282.73,5.31,282.73,5.31,-100.7,437870838.9113082,-4198.4,2072.3,2874.5,44
2026-04-09T11:51:39.923374+00:00,282.66,5.30,282.66,5.3,-97.7,437870838.9113082,-4208.9,2073.2,2881.6,44
2026-04-09T11:51:40.245997+00:00,282.60,5.29,282.6,5.29,-95.7,437870838.9113082,-4219.4,2074.1,2888.8,44
2026-04-09T11:51:40.613882+00:00,282.53,5.28,282.53,5.28,-94.7,437870774.1199243,-4230.4,2075.1,2896.4,44
2026-04-09T11:51:40.938416+00:00,282.46,5.27,282.46,5.27,-94.7,437870774.1199243,-4241.4,2076.1,2903.9,44
2026-04-09T11:51:41.265986+00:00,282.40,5.26,282.4,5.26,-94.7,437870774.1199243,-4251.8,2077.1,2911.0,44
2026-04-09T11:51:41.589913+00:00,282.34,5.25,282.34,5.25,-96.7,437870774.1199243,-4262.2,2078.0,2918.2,44
2026-04-09T11:51:41.937745+00:00,282.27,5.24,282.27,5.24,-95.7,437870774.1199243,-4273.2,2079.1,2925.7,44
2026-04-09T11:51:42.262652+00:00,282.21,5.23,282.21,5.23,-97.7,437870774.1199243,-4283.6,2080.0,2932.8,44
2026-04-09T11:51:42.610268+00:00,282.14,5.22,282.14,5.22,-89.7,437870709.9404494,-4294.5,2081.0,2940.3,44
2026-04-09T11:51:42.957755+00:00,282.07,5.20,282.07,5.2,-95.7,437870709.9404494,-4305.5,2082.1,2947.8,44
2026-04-09T11:51:43.282067+00:00,282.01,5.19,282.01,5.19,-95.7,437870709.9404494,-4315.9,2083.0,2954.9,44
2026-04-09T11:51:43.609904+00:00,281.95,5.18,281.95,5.18,-96.7,437870709.9404494,-4326.1,2084.0,2961.9,44
2026-04-09T11:51:43.957847+00:00,281.88,5.17,281.88,5.17,-95.7,437870709.9404494,-4336.4,2084.9,2968.9,44
2026-04-09T11:51:44.290945+00:00,281.82,5.16,281.82,5.16,-91.7,437870709.9404494,-4347.4,2086.0,2976.4,44
2026-04-09T11:51:44.630239+00:00,281.75,5.15,281.75,5.15,-95.7,437870645.96423084,-4358.2,2087.0,2983.8,44
2026-04-09T11:51:44.977931+00:00,281.69,5.14,281.69,5.14,-97.7,437870645.96423084,-4368.4,2088.0,2990.9,44
2026-04-09T11:51:45.301959+00:00,281.62,5.13,281.62,5.13,-94.7,437870645.96423084,-4379.3,2089.0,2998.3,44
2026-04-09T11:51:45.630238+00:00,281.56,5.11,281.56,5.11,-93.7,437870645.96423084,-4389.5,2090.0,3005.3,44
2026-04-09T11:51:45.974554+00:00,281.50,5.10,281.5,5.1,-94.7,437870645.96423084,-4399.7,2091.0,3012.3,44
2026-04-09T11:51:46.302439+00:00,281.43,5.09,281.43,5.09,-93.7,437870645.96423084,-4410.4,2092.0,3019.6,44
2026-04-09T11:51:46.647459+00:00,281.36,5.08,281.36,5.08,-95.7,437870583.09344226,-4421.3,2093.1,3027.0,44
2026-04-09T11:51:46.994105+00:00,281.30,5.07,281.3,5.07,-95.7,437870583.09344226,-4431.3,2094.1,3033.9,44
2026-04-09T11:51:47.322007+00:00,281.24,5.06,281.24,5.06,-93.7,437870583.09344226,-4442.1,2095.1,3041.3,44
2026-04-09T11:51:47.645905+00:00,281.17,5.05,281.17,5.05,-95.7,437870583.09344226,-4452.3,2096.1,3048.3,44
2026-04-09T11:51:47.995013+00:00,281.11,5.03,281.11,5.03,-95.7,437870583.09344226,-4462.3,2097.1,3055.1,44
2026-04-09T11:51:48.317776+00:00,281.05,5.02,281.05,5.02,-95.7,437870583.09344226,-4472.9,2098.2,3062.4,44
2026-04-09T11:51:48.667359+00:00,280.98,5.01,280.98,5.01,-93.7,437870520.67481005,-4483.7,2099.2,3069.8,44
2026-04-09T11:51:49.009939+00:00,280.92,5.00,280.92,5.0,-95.7,437870520.67481005,-4493.8,2100.2,3076.7,44
2026-04-09T11:51:49.341967+00:00,280.85,4.99,280.85,4.99,-94.7,437870520.67481005,-4504.3,2101.3,3083.9,44
2026-04-09T11:51:49.660861+00:00,280.79,4.98,280.79,4.98,-91.7,437870520.67481005,-4514.4,2102.3,3090.8,44
2026-04-09T11:51:49.984837+00:00,280.73,4.97,280.73,4.97,-93.7,437870520.67481005,-4524.2,2103.3,3097.5,44
2026-04-09T11:51:50.328844+00:00,280.66,4.95,280.66,4.95,-98.7,437870520.67481005,-4534.8,2104.4,3104.7,44
2026-04-09T11:51:50.673016+00:00,280.60,4.94,280.6,4.94,-96.7,437870458.9640096,-4545.3,2105.4,3111.9,44
2026-04-09T11:51:50.992938+00:00,280.54,4.93,280.54,4.93,-95.7,437870458.9640096,-4555.1,2106.4,3118.7,44
2026-04-09T11:51:51.336920+00:00,280.47,4.92,280.47,4.92,-93.7,437870458.9640096,-4565.6,2107.5,3125.9,44
2026-04-09T11:51:51.660859+00:00,280.41,4.91,280.41,4.91,-93.7,437870458.9640096,-4575.5,2108.5,3132.6,44
2026-04-09T11:51:51.984835+00:00,280.35,4.90,280.35,4.9,-92.7,437870458.9640096,-4585.3,2109.5,3139.4,44
2026-04-09T11:51:52.328886+00:00,280.29,4.89,280.29,4.89,-95.7,437870458.9640096,-4595.1,2110.6,3146.1,44
2026-04-09T11:51:52.673027+00:00,280.22,4.87,280.22,4.87,-95.7,437870398.1564523,-4606.2,2111.7,3153.6,44
2026-04-09T11:51:52.996941+00:00,280.16,4.86,280.16,4.86,-96.7,437870398.1564523,-4615.9,2112.7,3160.3,44
