t,az_cmd,el_cmd,az_act,el_act,rssi,freq_hz,doppler_hz,range_km,range_rate,packets
2026-04-01T20:22:37.009610+00:00,30.86,2.65,30.86,2.65,-92.8,433008985.62570053,8985.6,2116.6,-6221.3,0
2026-04-01T20:22:37.458276+00:00,30.92,2.68,30.92,2.68,-92.8,433008985.62570053,8980.6,2113.2,-6217.8,0
2026-04-01T20:22:37.902271+00:00,30.97,2.71,30.97,2.71,-92.8,433008985.62570053,8976.4,2110.4,-6214.9,0
2026-04-01T20:22:38.393596+00:00,31.02,2.74,31.02,2.74,-92.8,433008985.62570053,8971.9,2107.4,-6211.8,0
2026-04-01T20:22:38.838252+00:00,31.07,2.76,31.07,2.76,-92.8,433008985.62570053,8967.7,2104.6,-6208.9,0
2026-04-01T20:22:39.331209+00:00,31.12,2.79,31.12,2.79,-92.8,433008985.62570053,8963.5,2101.9,-6206.0,0
2026-04-01T20:22:39.774020+00:00,31.17,2.82,31.17,2.82,-92.8,433008985.62570053,8958.8,2098.8,-6202.8,0
2026-04-01T20:22:40.222289+00:00,31.22,2.84,31.22,2.84,-92.8,433008985.62570053,8954.6,2096.0,-6199.8,0
2026-04-01T20:22:40.710234+00:00,31.28,2.87,31.28,2.87,-92.8,433008985.62570053,8950.0,2093.0,-6196.6,0
2026-04-01T20:22:41.158231+00:00,31.32,2.90,31.32,2.9,-92.8,433008985.62570053,8945.7,2090.2,-6193.6,0
2026-04-01T20:22:41.650217+00:00,31.37,2.93,31.37,2.93,-92.8,433008985.62570053,8941.4,2087.5,-6190.6,0
2026-04-01T20:22:42.097413+00:00,31.43,2.96,31.43,2.96,-92.8,433008985.62570053,8936.6,2084.4,-6187.3,0
2026-04-01T20:22:42.601989+00:00,31.48,2.99,31.48,2.99,-92.8,433008934.0013911,8931.7,2081.3,-6183.9,0
2026-04-01T20:22:43.091476+00:00,31.54,3.02,31.54,3.02,-92.8,433008934.0013911,8926.9,2078.3,-6180.6,0
2026-04-01T20:22:43.538238+00:00,31.59,3.04,31.59,3.04,-92.8,433008934.0013911,8922.5,2075.5,-6177.6,0
2026-04-01T20:22:44.026246+00:00,31.64,3.07,31.64,3.07,-92.8,433008934.0013911,8918.1,2072.8,-6174.5,0
2026-04-01T20:22:44.474251+00:00,31.69,3.10,31.69,3.1,-92.8,433008934.0013911,8913.2,2069.7,-6171.2,0
2026-04-01T20:22:44.917321+00:00,31.74,3.13,31.74,3.13,-92.8,433008934.0013911,8908.8,2067.0,-6168.1,0
2026-04-01T20:22:45.405138+00:00,31.80,3.16,31.8,3.16,-92.8,433008934.0013911,8903.9,2064.0,-6164.7,0
2026-04-01T20:22:45.849180+00:00,31.85,3.18,31.85,3.18,-92.8,433008934.0013911,8899.5,2061.3,-6161.7,0
2026-04-01T20:22:46.333213+00:00,31.90,3.21,31.9,3.21,-92.8,433008934.0013911,8895.0,2058.5,-6158.5,0
2026-04-01T20:22:46.777111+00:00,31.95,3.24,31.95,3.24,-92.8,433008934.0013911,8890.1,2055.5,-6155.1,0
2026-04-01T20:22:47.221155+00:00,32.00,3.27,32.0,3.27,-92.8,433008934.0013911,8885.5,2052.8,-6152.0,0
2026-04-01T20:22:47.765276+00:00,32.06,3.30,32.06,3.3,-92.8,433008880.5300569,8880.5,2049.8,-6148.5,0
2026-04-01T20:22:48.209135+00:00,32.12,3.33,32.12,3.33,-92.8,433008880.5300569,8875.3,2046.7,-6144.9,0
2026-04-01T20:22:48.693133+00:00,32.17,3.36,32.17,3.36,-92.8,433008880.5300569,8870.7,2044.0,-6141.8,0
2026-04-01T20:22:49.137134+00:00,32.22,3.38,32.22,3.38,-92.8,433008880.5300569,8865.7,2041.0,-6138.3,0
2026-04-01T20:22:49.581145+00:00,32.28,3.41,32.28,3.41,-92.8,433008880.5300569,8861.1,2038.3,-6135.1,0
2026-04-01T20:22:50.070187+00:00,32.33,3.44,32.33,3.44,-92.8,433008880.5300569,8856.0,2035.3,-6131.5,0
2026-04-01T20:22:50.519082+00:00,32.38,3.47,32.38,3.47,-92.8,433008880.5300569,8851.3,2032.6,-6128.3,0
2026-04-01T20:22:51.006893+00:00,32.44,3.50,32.44,3.5,-92.8,433008880.5300569,8846.5,2029.8,-6125.0,0
2026-04-01T20:22:51.450006+00:00,32.49,3.53,32.49,3.53,-92.8,433008880.5300569,8841.3,2026.8,-6121.4,0
2026-04-01T20:22:51.897736+00:00,32.54,3.56,32.54,3.56,-92.8,433008880.5300569,8836.6,2024.1,-6118.1,0
2026-04-01T20:22:52.389763+00:00,32.60,3.59,32.6,3.59,-92.8,433008880.5300569,8831.3,2021.1,-6114.5,0
2026-04-01T20:22:52.853983+00:00,32.66,3.61,32.66,3.61,-92.8,433008880.5300569,8826.3,2018.3,-6111.0,0
2026-04-01T20:22:53.402217+00:00,32.72,3.65,32.72,3.65,-92.8,433008823.3731358,8820.8,2015.2,-6107.2,0
2026-04-01T20:22:53.849800+00:00,32.77,3.68,32.77,3.68,-92.8,433008823.3731358,8815.4,2012.2,-6103.5,0
2026-04-01T20:22:54.299398+00:00,32.83,3.70,32.83,3.7,-92.8,433008823.3731358,8810.6,2009.5,-6100.1,0
2026-04-01T20:22:54.786255+00:00,32.89,3.74,32.89,3.74,-92.8,433008823.3731358,8805.1,2006.5,-6096.3,0
2026-04-01T20:22:55.230009+00:00,32.94,3.76,32.94,3.76,-92.8,433008823.3731358,8800.2,2003.8,-6092.9,0
2026-04-01T20:22:55.718311+00:00,32.99,3.79,32.99,3.79,-92.8,433008823.3731358,8795.2,2001.0,-6089.5,0
2026-04-01T20:22:56.166243+00:00,33.05,3.82,33.05,3.82,-92.8,433008823.3731358,8789.8,1998.1,-6085.7,0
2026-04-01T20:22:56.614225+00:00,33.11,3.85,33.11,3.85,-92.8,433008823.3731358,8784.8,1995.4,-6082.2,0
2026-04-01T20:22:57.101987+00:00,33.16,3.88,33.16,3.88,-92.8,433008823.3731358,8779.2,1992.4,-6078.4,0
2026-04-01T20:22:57.554276+00:00,33.22,3.91,33.22,3.91,-92.8,433008823.3731358,8774.2,1989.7,-6074.9,0
2026-04-01T20:22:58.118212+00:00,33.28,3.94,33.28,3.94,-92.8,433008771.085195,8768.2,1986.5,-6070.8,0
2026-04-01T20:22:58.566298+00:00,33.34,3.97,33.34,3.97,-92.8,433008771.085195,8762.6,1983.5,-6066.9,0
2026-04-01T20:22:59.010034+00:00,33.40,4.00,33.4,4.0,-92.8,433008771.085195,8757.4,1980.8,-6063.3,0
2026-04-01T20:22:59.498503+00:00,33.46,4.03,33.46,4.03,-92.8,433008771.085195,8751.8,1977.8,-6059.4,0
2026-04-01T20:22:59.945732+00:00,33.51,4.06,33.51,4.06,-92.8,433008771.085195,8746.6,1975.1,-6055.8,0
2026-04-01T20:23:00.434247+00:00,33.57,4.09,33.57,4.09,-92.8,433008771.085195,8741.4,1972.4,-6052.2,0
2026-04-01T20:23:00.882002+00:00,33.63,4.12,33.63,4.12,-92.8,433008771.085195,8735.7,1969.5,-6048.2,0
2026-04-01T20:23:01.331658+00:00,33.68,4.15,33.68,4.15,-92.8,433008771.085195,8730.4,1966.8,-6044.6,0
2026-04-01T20:23:01.818397+00:00,33.74,4.18,33.74,4.18,-92.8,433008771.085195,8724.6,1963.8,-6040.6,0
2026-04-01T20:23:02.266278+00:00,33.80,4.21,33.8,4.21,-92.8,433008771.085195,8719.3,1961.1,-6036.9,0
2026-04-01T20:23:02.819125+00:00,33.86,4.24,33.86,4.24,-92.8,433008716.0799627,8713.2,1958.0,-6032.7,0
2026-04-01T20:23:03.262160+00:00,33.92,4.27,33.92,4.27,-92.8,433008716.0799627,8707.3,1955.1,-6028.6,0
2026-04-01T20:23:03.709994+00:00,33.98,4.30,33.98,4.3,-92.8,433008716.0799627,8701.9,1952.4,-6024.9,0
2026-04-01T20:23:04.197996+00:00,34.04,4.33,34.04,4.33,-92.8,433008716.0799627,8696.0,1949.5,-6020.8,0
2026-04-01T20:23:04.647294+00:00,34.10,4.36,34.1,4.36,-92.8,433008716.0799627,8690.5,1946.8,-6017.0,0
2026-04-01T20:23:05.135459+00:00,34.16,4.39,34.16,4.39,-92.8,433008716.0799627,8685.1,1944.1,-6013.2,0
2026-04-01T20:23:05.578243+00:00,34.22,4.42,34.22,4.42,-92.8,433008716.0799627,8679.1,1941.1,-6009.0,0
2026-04-01T20:23:06.027384+00:00,34.27,4.45,34.27,4.45,-92.8,433008716.0799627,8673.6,1938.5,-6005.2,0
2026-04-01T20:23:06.514275+00:00,34.34,4.48,34.34,4.48,-92.8,433008716.0799627,8667.5,1935.5,-6001.0,0
2026-04-01T20:23:06.962223+00:00,34.39,4.51,34.39,4.51,-92.8,433008716.0799627,8661.9,1932.8,-5997.2,0
2026-04-01T20:23:07.510251+00:00,34.46,4.54,34.46,4.54,-92.8,433008658.5556113,8655.5,1929.8,-5992.7,0
2026-04-01T20:23:07.961560+00:00,34.52,4.58,34.52,4.58,-92.8,433008658.5556113,8649.4,1926.9,-5988.5,0
2026-04-01T20:23:08.426031+00:00,34.58,4.61,34.58,4.61,-92.8,433008658.5556113,8643.5,1924.1,-5984.4,0
2026-04-01T20:23:08.914235+00:00,34.65,4.64,34.65,4.64,-92.8,433008658.5556113,8637.2,1921.2,-5980.1,0
2026-04-01T20:23:09.362341+00:00,34.70,4.67,34.7,4.67,-92.8,433008658.5556113,8631.5,1918.5,-5976.1,0
2026-04-01T20:23:09.849801+00:00,34.76,4.70,34.76,4.7,-92.8,433008658.5556113,8625.7,1915.8,-5972.1,0
2026-04-01T20:23:10.298095+00:00,34.83,4.73,34.83,4.73,-92.8,433008658.5556113,8619.4,1912.9,-5967.8,0
2026-04-01T20:23:10.747485+00:00,34.89,4.76,34.89,4.76,-92.8,433008658.5556113,8613.6,1910.2,-5963.7,0
2026-04-01T20:23:11.294387+00:00,34.95,4.79,34.95,4.79,-92.8,433008607.2409024,8607.2,1907.3,-5959.3,0
2026-04-01T20:23:11.743396+00:00,35.02,4.82,35.02,4.82,-92.8,433008607.2409024,8600.6,1904.3,-5954.7,0
2026-04-01T20:23:12.229768+00:00,35.08,4.85,35.08,4.85,-92.8,433008607.2409024,8594.7,1901.6,-5950.6,0
2026-04-01T20:23:12.674194+00:00,35.14,4.89,35.14,4.89,-92.8,433008607.2409024,8588.2,1898.7,-5946.2,0
2026-04-01T20:23:13.125990+00:00,35.20,4.92,35.2,4.92,-92.8,433008607.2409024,8582.3,1896.1,-5942.1,0
2026-04-01T20:23:13.610329+00:00,35.27,4.95,35.27,4.95,-92.8,433008607.2409024,8575.8,1893.2,-5937.5,0
2026-04-01T20:23:14.058255+00:00,35.33,4.98,35.33,4.98,-92.8,433008607.2409024,8569.8,1890.5,-5933.4,0
2026-04-01T20:23:14.546218+00:00,35.39,5.01,35.39,5.01,-92.8,433008607.2409024,8563.7,1887.9,-5929.2,0
2026-04-01T20:23:14.993205+00:00,35.45,5.04,35.45,5.04,-92.8,433008607.2409024,8557.1,1885.0,-5924.6,0
2026-04-01T20:23:15.497136+00:00,35.52,5.07,35.52,5.07,-92.8,433008553.50792396,8550.2,1882.0,-5919.8,0
2026-04-01T20:23:15.981138+00:00,35.59,5.11,35.59,5.11,-92.8,433008553.50792396,8543.6,1879.1,-5915.2,0
2026-04-01T20:23:16.425166+00:00,35.65,5.14,35.65,5.14,-92.8,433008553.50792396,8537.5,1876.5,-5911.0,0
2026-04-01T20:23:16.909138+00:00,35.71,5.17,35.71,5.17,-92.8,433008553.50792396,8531.3,1873.8,-5906.8,0
2026-04-01T20:23:17.353169+00:00,35.77,5.20,35.77,5.2,-92.8,433008553.50792396,8524.6,1871.0,-5902.1,0
2026-04-01T20:23:17.797746+00:00,35.84,5.23,35.84,5.23,-92.8,433008553.50792396,8518.4,1868.4,-5897.8,0
2026-04-01T20:23:18.285154+00:00,35.90,5.26,35.9,5.26,-92.8,433008553.50792396,8511.6,1865.5,-5893.1,0
2026-04-01T20:23:18.725145+00:00,35.96,5.29,35.96,5.29,-92.8,433008553.50792396,8505.4,1862.9,-5888.8,0
2026-04-01T20:23:19.273140+00:00,36.03,5.32,36.03,5.32,-92.8,433008499.06124204,8499.1,1860.3,-5884.4,0
2026-04-01T20:23:19.717141+00:00,36.10,5.36,36.1,5.36,-92.8,433008499.06124204,8491.3,1857.1,-5879.1,0
2026-04-01T20:23:20.167307+00:00,36.16,5.39,36.16,5.39,-92.8,433008499.06124204,8485.0,1854.5,-5874.7,0
2026-04-01T20:23:20.674254+00:00,36.23,5.42,36.23,5.42,-92.8,433008499.06124204,8477.7,1851.5,-5869.6,0
2026-04-01T20:23:21.126237+00:00,36.30,5.45,36.3,5.45,-92.8,433008499.06124204,8471.1,1848.8,-5865.1,0
2026-04-01T20:23:21.614025+00:00,36.36,5.48,36.36,5.48,-92.8,433008499.06124204,8464.6,1846.2,-5860.6,0
2026-04-01T20:23:22.058246+00:00,36.43,5.51,36.43,5.51,-92.8,433008499.06124204,8457.5,1843.3,-5855.6,0
2026-04-01T20:23:22.506022+00:00,36.49,5.54,36.49,5.54,-92.8,433008499.06124204,8451.0,1840.7,-5851.1,0
2026-04-01T20:23:23.054234+00:00,36.56,5.58,36.56,5.58,-92.8,433008443.7640402,8443.8,1837.9,-5846.1,0
2026-04-01T20:23:23.505957+00:00,36.63,5.61,36.63,5.61,-92.8,433008443.7640402,8436.3,1834.9,-5840.9,0
2026-04-01T20:23:24.010156+00:00,36.70,5.64,36.7,5.64,-92.8,433008443.7640402,8429.3,1832.2,-5836.1,0
2026-04-01T20:23:24.458013+00:00,36.77,5.68,36.77,5.68,-92.8,433008443.7640402,8422.0,1829.3,-5831.1,0
2026-04-01T20:23:24.905781+00:00,36.84,5.71,36.84,5.71,-92.8,433008443.7640402,8415.3,1826.7,-5826.4,0
2026-04-01T20:23:25.394013+00:00,36.91,5.74,36.91,5.74,-92.8,433008443.7640402,8407.9,1823.9,-5821.3,0
2026-04-01T20:23:25.841639+00:00,36.97,5.77,36.97,5.77,-92.8,433008443.7640402,8401.1,1821.3,-5816.6,0
2026-04-01T20:23:26.330223+00:00,37.03,5.80,37.03,5.8,-92.8,433008443.7640402,8394.3,1818.7,-5811.9,0
2026-04-01T20:23:26.779299+00:00,37.11,5.84,37.11,5.84,-92.8,433008443.7640402,8386.8,1815.8,-5806.7,0
2026-04-01T20:23:27.286324+00:00,37.18,5.87,37.18,5.87,-92.8,433008382.6880976,8379.0,1812.9,-5801.3,0
2026-04-01T20:23:27.774025+00:00,37.25,5.90,37.25,5.9,-92.8,433008382.6880976,8371.4,1810.0,-5796.1,0
2026-04-01T20:23:28.218551+00:00,37.32,5.93,37.32,5.93,-92.8,433008382.6880976,8364.5,1807.5,-5791.3,0
2026-04-01T20:23:28.710254+00:00,37.38,5.97,37.38,5.97,-92.8,433008382.6880976,8357.5,1804.9,-5786.4,0
2026-04-01T20:23:29.154189+00:00,37.46,6.00,37.46,6.0,-92.8,433008382.6880976,8349.8,1802.0,-5781.1,0
2026-04-01T20:23:29.603459+00:00,37.52,6.03,37.52,6.03,-92.8,433008382.6880976,8342.8,1799.5,-5776.2,0
2026-04-01T20:23:30.089159+00:00,37.59,6.06,37.59,6.06,-92.8,433008382.6880976,8335.1,1796.7,-5770.9,0
2026-04-01T20:23:30.593139+00:00,37.67,6.10,37.67,6.1,-92.8,433008330.8515108,8327.0,1793.7,-5765.3,0
2026-04-01T20:23:31.081158+00:00,37.74,6.13,37.74,6.13,-92.8,433008330.8515108,8319.9,1791.2,-5760.4,0
2026-04-01T20:23:31.521416+00:00,37.81,6.16,37.81,6.16,-92.8,433008330.8515108,8312.1,1788.4,-5755.0,0
2026-04-01T20:23:31.970247+00:00,37.88,6.19,37.88,6.19,-92.8,433008330.8515108,8304.9,1785.8,-5750.0,0
2026-04-01T20:23:32.453137+00:00,37.95,6.23,37.95,6.23,-92.8,433008330.8515108,8297.0,1783.0,-5744.6,0
2026-04-01T20:23:32.897165+00:00,38.02,6.26,38.02,6.26,-92.8,433008330.8515108,8289.8,1780.5,-5739.5,0
2026-04-01T20:23:33.381154+00:00,38.08,6.29,38.08,6.29,-92.8,433008330.8515108,8282.5,1778.0,-5734.5,0
2026-04-01T20:23:33.885166+00:00,38.17,6.33,38.17,6.33,-92.8,433008277.49583596,8273.6,1774.8,-5728.3,0
2026-04-01T20:23:34.329355+00:00,38.24,6.36,38.24,6.36,-92.8,433008277.49583596,8266.1,1772.3,-5723.1,0
2026-04-01T20:23:34.813139+00:00,38.31,6.39,38.31,6.39,-92.8,433008277.49583596,8258.1,1769.5,-5717.6,0
2026-04-01T20:23:35.262431+00:00,38.38,6.42,38.38,6.42,-92.8,433008277.49583596,8250.6,1767.0,-5712.4,0
2026-04-01T20:23:35.750126+00:00,38.45,6.46,38.45,6.46,-92.8,433008277.49583596,8243.1,1764.4,-5707.2,0
2026-04-01T20:23:36.198003+00:00,38.52,6.49,38.52,6.49,-92.8,433008277.49583596,8234.9,1761.6,-5701.5,0
2026-04-01T20:23:36.646108+00:00,38.59,6.52,38.59,6.52,-92.8,433008277.49583596,8227.4,1759.1,-5696.3,0
2026-04-01T20:23:37.194241+00:00,38.68,6.56,38.68,6.56,-92.8,433008222.74307966,8217.9,1755.9,-5689.8,0
2026-04-01T20:23:37.643339+00:00,38.75,6.59,38.75,6.59,-92.8,433008222.74307966,8210.3,1753.4,-5684.5,0
2026-04-01T20:23:38.131334+00:00,38.82,6.62,38.82,6.62,-92.8,433008222.74307966,8202.5,1750.9,-5679.1,0
2026-04-01T20:23:38.574228+00:00,38.89,6.66,38.89,6.66,-92.8,433008222.74307966,8194.1,1748.1,-5673.3,0
2026-04-01T20:23:39.025971+00:00,38.96,6.69,38.96,6.69,-92.8,433008222.74307966,8186.4,1745.6,-5667.9,0
2026-04-01T20:23:39.530276+00:00,39.04,6.73,39.04,6.73,-92.8,433008222.74307966,8177.5,1742.7,-5661.8,0
2026-04-01T20:23:39.978040+00:00,39.12,6.76,39.12,6.76,-92.8,433008222.74307966,8169.6,1740.2,-5656.3,0
2026-04-01T20:23:40.526242+00:00,39.20,6.79,39.2,6.79,-92.8,433008164.92041165,8160.6,1737.3,-5650.1,0
2026-04-01T20:23:40.973586+00:00,39.27,6.83,39.27,6.83,-92.8,433008164.92041165,8152.0,1734.5,-5644.1,0
2026-04-01T20:23:41.423016+00:00,39.35,6.86,39.35,6.86,-92.8,433008164.92041165,8144.0,1732.0,-5638.6,0
2026-04-01T20:23:41.909758+00:00,39.42,6.90,39.42,6.9,-92.8,433008164.92041165,8135.2,1729.2,-5632.5,0
2026-04-01T20:23:42.358011+00:00,39.50,6.93,39.5,6.93,-92.8,433008164.92041165,8127.3,1726.7,-5627.0,0
2026-04-01T20:23:42.845789+00:00,39.57,6.96,39.57,6.96,-92.8,433008164.92041165,8119.2,1724.2,-5621.4,0
2026-04-01T20:23:43.294101+00:00,39.65,6.99,39.65,6.99,-92.8,433008164.92041165,8110.2,1721.5,-5615.2,0
2026-04-01T20:23:43.802351+00:00,39.73,7.03,39.73,7.03,-92.8,433008105.34663135,8101.0,1718.6,-5608.8,0
2026-04-01T20:23:44.290136+00:00,39.81,7.07,39.81,7.07,-92.8,433008105.34663135,8092.0,1715.9,-5602.6,0
2026-04-01T20:23:44.734573+00:00,39.88,7.10,39.88,7.1,-92.8,433008105.34663135,8083.7,1713.4,-5596.8,0
2026-04-01T20:23:45.226586+00:00,39.96,7.13,39.96,7.13,-92.8,433008105.34663135,8075.5,1710.9,-5591.1,0
2026-04-01T20:23:45.670231+00:00,40.04,7.16,40.04,7.16,-92.8,433008105.34663135,8066.3,1708.1,-5584.8,0
2026-04-01T20:23:46.118225+00:00,40.11,7.20,40.11,7.2,-92.8,433008105.34663135,8058.0,1705.7,-5579.0,0
2026-04-01T20:23:46.606297+00:00,40.19,7.23,40.19,7.23,-92.8,433008105.34663135,8048.8,1702.9,-5572.7,0
2026-04-01T20:23:47.114225+00:00,40.28,7.27,40.28,7.27,-92.8,433008043.75233704,8039.2,1700.1,-5566.0,0
2026-04-01T20:23:47.602229+00:00,40.35,7.30,40.35,7.3,-92.8,433008043.75233704,8030.7,1697.6,-5560.1,0
2026-04-01T20:23:48.050217+00:00,40.43,7.34,40.43,7.34,-92.8,433008043.75233704,8021.4,1694.9,-5553.7,0
2026-04-01T20:23:48.498242+00:00,40.51,7.37,40.51,7.37,-92.8,433008043.75233704,8012.8,1692.4,-5547.7,0
2026-04-01T20:23:48.986238+00:00,40.59,7.40,40.59,7.4,-92.8,433008043.75233704,8003.3,1689.7,-5541.2,0
2026-04-01T20:23:49.433535+00:00,40.67,7.44,40.67,7.44,-92.8,433008043.75233704,7994.6,1687.2,-5535.2,0
2026-04-01T20:23:49.918201+00:00,40.74,7.47,40.74,7.47,-92.8,433008043.75233704,7986.0,1684.8,-5529.2,0
2026-04-01T20:23:50.426025+00:00,40.83,7.51,40.83,7.51,-92.8,433007980.0000068,7975.3,1681.7,-5521.8,0
2026-04-01T20:23:50.873994+00:00,40.91,7.54,40.91,7.54,-92.8,433007980.0000068,7966.5,1679.3,-5515.7,0
2026-04-01T20:23:51.362382+00:00,40.99,7.58,40.99,7.58,-92.8,433007980.0000068,7956.8,1676.6,-5509.0,0
2026-04-01T20:23:51.810233+00:00,41.07,7.61,41.07,7.61,-92.8,433007980.0000068,7947.9,1674.1,-5502.8,0
2026-04-01T20:23:52.298242+00:00,41.15,7.64,41.15,7.64,-92.8,433007980.0000068,7939.0,1671.7,-5496.6,0
2026-04-01T20:23:52.806123+00:00,41.23,7.68,41.23,7.68,-92.8,433007929.17544013,7929.2,1669.0,-5489.9,0
2026-04-01T20:23:53.255580+00:00,41.32,7.72,41.32,7.72,-92.8,433007929.17544013,7918.9,1666.2,-5482.8,0
2026-04-01T20:23:53.742397+00:00,41.41,7.75,41.41,7.75,-92.8,433007929.17544013,7909.0,1663.5,-5475.9,0
2026-04-01T20:23:54.190235+00:00,41.48,7.78,41.48,7.78,-92.8,433007929.17544013,7899.9,1661.1,-5469.6,0
2026-04-01T20:23:54.682264+00:00,41.56,7.82,41.56,7.82,-92.8,433007929.17544013,7890.6,1658.6,-5463.2,0
2026-04-01T20:23:55.130229+00:00,41.65,7.85,41.65,7.85,-92.8,433007929.17544013,7880.6,1655.9,-5456.2,0
2026-04-01T20:23:55.638274+00:00,41.74,7.89,41.74,7.89,-92.8,433007875.1039462,7870.1,1653.1,-5449.0,0
2026-04-01T20:23:56.126243+00:00,41.82,7.93,41.82,7.93,-92.8,433007875.1039462,7859.9,1650.5,-5441.9,0
2026-04-01T20:23:56.574208+00:00,41.90,7.96,41.9,7.96,-92.8,433007875.1039462,7850.6,1648.1,-5435.5,0
2026-04-01T20:23:57.062212+00:00,41.98,7.99,41.98,7.99,-92.8,433007875.1039462,7841.2,1645.6,-5429.0,0
2026-04-01T20:23:57.510021+00:00,42.07,8.03,42.07,8.03,-92.8,433007875.1039462,7830.9,1643.0,-5421.8,0
2026-04-01T20:23:58.017980+00:00,42.15,8.06,42.15,8.06,-92.8,433007821.5049634,7821.5,1640.6,-5415.3,0
2026-04-01T20:23:58.510277+00:00,42.25,8.10,42.25,8.1,-92.8,433007821.5049634,7809.7,1637.6,-5407.2,0
2026-04-01T20:23:58.958217+00:00,42.33,8.14,42.33,8.14,-92.8,433007821.5049634,7800.1,1635.1,-5400.5,0
2026-04-01T20:23:59.446270+00:00,42.41,8.17,42.41,8.17,-92.8,433007821.5049634,7790.5,1632.7,-5393.8,0
2026-04-01T20:23:59.893167+00:00,42.50,8.20,42.5,8.2,-92.8,433007821.5049634,7779.9,1630.1,-5386.5,0
2026-04-01T20:24:00.333160+00:00,42.58,8.24,42.58,8.24,-92.8,433007821.5049634,7770.3,1627.7,-5379.8,0
2026-04-01T20:24:00.881156+00:00,42.68,8.28,42.68,8.28,-92.8,433007764.55044633,7758.4,1624.8,-5371.6,0
2026-04-01T20:24:01.325153+00:00,42.76,8.31,42.76,8.31,-92.8,433007764.55044633,7748.6,1622.4,-5364.9,0
2026-04-01T20:24:01.809321+00:00,42.84,8.34,42.84,8.34,-92.8,433007764.55044633,7738.9,1620.0,-5358.1,0
2026-04-01T20:24:02.253146+00:00,42.93,8.38,42.93,8.38,-92.8,433007764.55044633,7728.1,1617.4,-5350.7,0
2026-04-01T20:24:02.697154+00:00,43.01,8.41,43.01,8.41,-92.8,433007764.55044633,7718.2,1615.1,-5343.8,0
2026-04-01T20:24:03.241194+00:00,43.10,8.45,43.1,8.45,-92.8,433007707.39846194,7707.4,1612.5,-5336.3,0
2026-04-01T20:24:03.685135+00:00,43.20,8.49,43.2,8.49,-92.8,433007707.39846194,7696.0,1609.8,-5328.4,0
2026-04-01T20:24:04.169138+00:00,43.28,8.52,43.28,8.52,-92.8,433007707.39846194,7685.9,1607.4,-5321.4,0
2026-04-01T20:24:04.613150+00:00,43.37,8.56,43.37,8.56,-92.8,433007707.39846194,7675.0,1604.8,-5313.8,0
2026-04-01T20:24:05.068192+00:00,43.46,8.59,43.46,8.59,-92.8,433007707.39846194,7664.8,1602.5,-5306.8,0
2026-04-01T20:24:05.629984+00:00,43.55,8.63,43.55,8.63,-92.8,433007653.2437496,7653.2,1599.8,-5298.8,0
2026-04-01T20:24:06.079079+00:00,43.65,8.67,43.65,8.67,-92.8,433007653.2437496,7641.5,1597.1,-5290.7,0
2026-04-01T20:24:06.566429+00:00,43.74,8.70,43.74,8.7,-92.8,433007653.2437496,7630.1,1594.5,-5282.8,0
2026-04-01T20:24:07.009984+00:00,43.83,8.74,43.83,8.74,-92.8,433007653.2437496,7619.7,1592.1,-5275.6,0
2026-04-01T20:24:07.498251+00:00,43.91,8.77,43.91,8.77,-92.8,433007653.2437496,7609.3,1589.8,-5268.4,0
2026-04-01T20:24:07.946246+00:00,44.00,8.81,44.0,8.81,-92.8,433007653.2437496,7597.9,1587.2,-5260.5,0
2026-04-01T20:24:08.454244+00:00,44.10,8.85,44.1,8.85,-92.8,433007591.5775208,7585.9,1584.5,-5252.2,0
2026-04-01T20:24:08.942225+00:00,44.20,8.88,44.2,8.88,-92.8,433007591.5775208,7574.3,1582.0,-5244.1,0
2026-04-01T20:24:09.389745+00:00,44.28,8.92,44.28,8.92,-92.8,433007591.5775208,7563.6,1579.6,-5236.7,0
2026-04-01T20:24:09.877755+00:00,44.37,8.95,44.37,8.95,-92.8,433007591.5775208,7552.8,1577.3,-5229.3,0
2026-04-01T20:24:10.326068+00:00,44.47,8.99,44.47,8.99,-92.8,433007591.5775208,7541.1,1574.7,-5221.1,0
2026-04-01T20:24:10.833644+00:00,44.55,9.02,44.55,9.02,-92.8,433007530.2462812,7530.2,1572.4,-5213.7,0
2026-04-01T20:24:11.322269+00:00,44.66,9.06,44.66,9.06,-92.8,433007530.2462812,7516.9,1569.6,-5204.4,0
2026-04-01T20:24:11.770351+00:00,44.75,9.10,44.75,9.1,-92.8,433007530.2462812,7505.9,1567.2,-5196.8,0
2026-04-01T20:24:12.258047+00:00,44.84,9.13,44.84,9.13,-92.8,433007530.2462812,7494.9,1564.9,-5189.2,0
2026-04-01T20:24:12.702280+00:00,44.93,9.17,44.93,9.17,-92.8,433007530.2462812,7482.9,1562.4,-5180.8,0
2026-04-01T20:24:13.150233+00:00,45.02,9.20,45.02,9.2,-92.8,433007530.2462812,7471.9,1560.1,-5173.2,0
2026-04-01T20:24:13.702165+00:00,45.13,9.24,45.13,9.24,-92.8,433007465.2047714,7458.2,1557.2,-5163.7,0
2026-04-01T20:24:14.146224+00:00,45.22,9.28,45.22,9.28,-92.8,433007465.2047714,7446.9,1554.9,-5155.9,0
2026-04-01T20:24:14.634241+00:00,45.31,9.31,45.31,9.31,-92.8,433007465.2047714,7435.7,1552.6,-5148.2,0
2026-04-01T20:24:15.081147+00:00,45.41,9.35,45.41,9.35,-92.8,433007465.2047714,7423.3,1550.1,-5139.6,0
2026-04-01T20:24:15.525169+00:00,45.50,9.38,45.5,9.38,-92.8,433007465.2047714,7412.0,1547.8,-5131.8,0
2026-04-01T20:24:16.069131+00:00,45.60,9.42,45.6,9.42,-92.8,433007399.62516314,7399.6,1545.3,-5123.2,0
2026-04-01T20:24:16.513172+00:00,45.70,9.46,45.7,9.46,-92.8,433007399.62516314,7386.6,1542.7,-5114.2,0
2026-04-01T20:24:16.997689+00:00,45.79,9.49,45.79,9.49,-92.8,433007399.62516314,7375.1,1540.5,-5106.2,0
2026-04-01T20:24:17.441159+00:00,45.89,9.53,45.89,9.53,-92.8,433007399.62516314,7362.6,1538.0,-5097.5,0
2026-04-01T20:24:17.885364+00:00,45.98,9.56,45.98,9.56,-92.8,433007399.62516314,7351.0,1535.7,-5089.5,0
2026-04-01T20:24:18.373234+00:00,46.08,9.60,46.08,9.6,-92.8,433007399.62516314,7338.3,1533.3,-5080.8,0
2026-04-01T20:24:18.877159+00:00,46.19,9.64,46.19,9.64,-92.8,433007331.3226212,7325.0,1530.7,-5071.6,0
2026-04-01T20:24:19.361147+00:00,46.28,9.67,46.28,9.67,-92.8,433007331.3226212,7313.2,1528.5,-5063.4,0
2026-04-01T20:24:19.806246+00:00,46.38,9.71,46.38,9.71,-92.8,433007331.3226212,7300.3,1526.0,-5054.4,0
2026-04-01T20:24:20.256150+00:00,46.47,9.74,46.47,9.74,-92.8,433007331.3226212,7288.5,1523.8,-5046.3,0
2026-04-01T20:24:20.806579+00:00,46.59,9.79,46.59,9.79,-92.8,433007281.24843043,7273.7,1521.0,-5036.0,0
2026-04-01T20:24:21.250669+00:00,46.68,9.82,46.68,9.82,-92.8,433007281.24843043,7261.6,1518.7,-5027.6,0
2026-04-01T20:24:21.742415+00:00,46.78,9.86,46.78,9.86,-92.8,433007281.24843043,7249.5,1516.5,-5019.3,0
2026-04-01T20:24:22.186236+00:00,46.88,9.89,46.88,9.89,-92.8,433007281.24843043,7236.1,1514.0,-5010.0,0
2026-04-01T20:24:22.694226+00:00,46.99,9.93,46.99,9.93,-92.8,433007228.90407044,7222.3,1511.5,-5000.4,0
2026-04-01T20:24:23.182229+00:00,47.09,9.97,47.09,9.97,-92.8,433007228.90407044,7208.8,1509.1,-4991.1,0
2026-04-01T20:24:23.630238+00:00,47.19,10.00,47.19,10.0,-92.8,433007228.90407044,7196.5,1506.8,-4982.6,0
2026-04-01T20:24:24.117979+00:00,47.28,10.04,47.28,10.04,-92.8,433007228.90407044,7184.0,1504.6,-4973.9,0
2026-04-01T20:24:24.626221+00:00,47.40,10.08,47.4,10.08,-92.8,433007175.4609457,7168.7,1501.9,-4963.3,0
2026-04-01T20:24:25.074294+00:00,47.50,10.12,47.5,10.12,-92.8,433007175.4609457,7156.1,1499.7,-4954.6,0
2026-04-01T20:24:25.566207+00:00,47.60,10.15,47.6,10.15,-92.8,433007175.4609457,7142.3,1497.2,-4945.1,0
2026-04-01T20:24:26.014284+00:00,47.70,10.19,47.7,10.19,-92.8,433007175.4609457,7129.6,1495.0,-4936.2,0
2026-04-01T20:24:26.561982+00:00,47.81,10.23,47.81,10.23,-92.8,433007121.9550547,7115.2,1492.5,-4926.3,0
2026-04-01T20:24:27.010246+00:00,47.92,10.27,47.92,10.27,-92.8,433007121.9550547,7101.1,1490.1,-4916.5,0
2026-04-01T20:24:27.454005+00:00,48.02,10.30,48.02,10.3,-92.8,433007121.9550547,7088.2,1487.9,-4907.6,0
2026-04-01T20:24:27.941997+00:00,48.12,10.34,48.12,10.34,-92.8,433007121.9550547,7074.2,1485.5,-4897.9,0
2026-04-01T20:24:28.450001+00:00,48.24,10.38,48.24,10.38,-92.8,433007066.4843637,7059.4,1483.0,-4887.7,0
2026-04-01T20:24:28.940165+00:00,48.34,10.41,48.34,10.41,-92.8,433007066.4843637,7046.4,1480.9,-4878.6,0
2026-04-01T20:24:29.386065+00:00,48.44,10.45,48.44,10.45,-92.8,433007066.4843637,7032.1,1478.5,-4868.7,0
2026-04-01T20:24:29.833766+00:00,48.54,10.48,48.54,10.48,-92.8,433007066.4843637,7018.9,1476.3,-4859.6,0
2026-04-01T20:24:30.382242+00:00,48.67,10.53,48.67,10.53,-92.8,433007010.9685372,7002.6,1473.6,-4848.3,0
2026-04-01T20:24:30.829741+00:00,48.77,10.56,48.77,10.56,-92.8,433007010.9685372,6989.3,1471.5,-4839.1,0
2026-04-01T20:24:31.318034+00:00,48.87,10.60,48.87,10.6,-92.8,433007010.9685372,6975.8,1469.3,-4829.8,0
2026-04-01T20:24:31.766436+00:00,48.98,10.63,48.98,10.63,-92.8,433007010.9685372,6961.2,1466.9,-4819.6,0
2026-04-01T20:24:32.274619+00:00,49.09,10.67,49.09,10.67,-92.8,433006953.1409324,6945.8,1464.5,-4809.0,0
2026-04-01T20:24:32.762500+00:00,49.21,10.71,49.21,10.71,-92.8,433006953.1409324,6931.0,1462.2,-4798.8,0
2026-04-01T20:24:33.210255+00:00,49.31,10.75,49.31,10.75,-92.8,433006953.1409324,6917.4,1460.0,-4789.3,0
2026-04-01T20:24:33.698244+00:00,49.41,10.78,49.41,10.78,-92.8,433006953.1409324,6903.6,1457.9,-4779.8,0
2026-04-01T20:24:34.206240+00:00,49.54,10.82,49.54,10.82,-92.8,433006894.18423754,6886.7,1455.3,-4768.1,0
2026-04-01T20:24:34.654267+00:00,49.64,10.86,49.64,10.86,-92.8,433006894.18423754,6872.9,1453.1,-4758.5,0
2026-04-01T20:24:35.142242+00:00,49.75,10.90,49.75,10.9,-92.8,433006894.18423754,6857.7,1450.8,-4748.0,0
2026-04-01T20:24:35.586324+00:00,49.86,10.93,49.86,10.93,-92.8,433006894.18423754,6843.7,1448.7,-4738.3,0
2026-04-01T20:24:36.138241+00:00,49.97,10.97,49.97,10.97,-92.8,433006835.4348835,6827.8,1446.3,-4727.3,0
2026-04-01T20:24:36.586295+00:00,50.09,11.01,50.09,11.01,-92.8,433006835.4348835,6812.3,1444.0,-4716.6,0
2026-04-01T20:24:37.030228+00:00,50.19,11.04,50.19,11.04,-92.8,433006835.4348835,6798.1,1441.9,-4706.8,0
2026-04-01T20:24:37.518229+00:00,50.31,11.08,50.31,11.08,-92.8,433006835.4348835,6782.7,1439.6,-4696.0,0
2026-04-01T20:24:38.031306+00:00,50.43,11.12,50.43,11.12,-92.8,433006774.1466635,6766.4,1437.2,-4684.8,0
2026-04-01T20:24:38.518308+00:00,50.54,11.16,50.54,11.16,-92.8,433006774.1466635,6750.7,1434.9,-4673.9,0
2026-04-01T20:24:38.961629+00:00,50.65,11.20,50.65,11.2,-92.8,433006774.1466635,6736.1,1432.8,-4663.8,0
2026-04-01T20:24:39.450128+00:00,50.76,11.23,50.76,11.23,-92.8,433006774.1466635,6721.6,1430.7,-4653.8,0
2026-04-01T20:24:39.962273+00:00,50.89,11.27,50.89,11.27,-92.8,433006711.65248233,6703.7,1428.2,-4641.4,0
2026-04-01T20:24:40.406038+00:00,51.00,11.31,51.0,11.31,-92.8,433006711.65248233,6689.0,1426.1,-4631.2,0
2026-04-01T20:24:40.894676+00:00,51.11,11.35,51.11,11.35,-92.8,433006711.65248233,6672.9,1423.9,-4620.1,0
2026-04-01T20:24:41.342006+00:00,51.22,11.38,51.22,11.38,-92.8,433006711.65248233,6658.1,1421.8,-4609.8,0
2026-04-01T20:24:41.889766+00:00,51.35,11.42,51.35,11.42,-92.8,433006649.2640872,6641.2,1419.4,-4598.1,0
2026-04-01T20:24:42.337999+00:00,51.46,11.46,51.46,11.46,-92.8,433006649.2640872,6624.9,1417.2,-4586.8,0
2026-04-01T20:24:42.785937+00:00,51.57,11.49,51.57,11.49,-92.8,433006649.2640872,6609.8,1415.2,-4576.4,0
2026-04-01T20:24:43.274477+00:00,51.69,11.53,51.69,11.53,-92.8,433006649.2640872,6593.4,1412.9,-4565.0,0
2026-04-01T20:24:43.782337+00:00,51.82,11.57,51.82,11.57,-92.8,433006584.3029748,6576.1,1410.6,-4553.0,0
2026-04-01T20:24:44.270395+00:00,51.93,11.61,51.93,11.61,-92.8,433006584.3029748,6560.9,1408.6,-4542.5,0
2026-04-01T20:24:44.718216+00:00,52.05,11.64,52.05,11.64,-92.8,433006584.3029748,6544.1,1406.4,-4530.9,0
2026-04-01T20:24:45.161159+00:00,52.16,11.68,52.16,11.68,-92.8,433006584.3029748,6528.7,1404.3,-4520.2,0
2026-04-01T20:24:45.709142+00:00,52.30,11.72,52.3,11.72,-92.8,433006519.66768354,6509.9,1401.9,-4507.2,0
2026-04-01T20:24:46.149140+00:00,52.41,11.76,52.41,11.76,-92.8,433006519.66768354,6494.5,1399.9,-4496.5,0
2026-04-01T20:24:46.638266+00:00,52.52,11.79,52.52,11.79,-92.8,433006519.66768354,6478.9,1397.9,-4485.8,0
2026-04-01T20:24:47.086078+00:00,52.64,11.83,52.64,11.83,-92.8,433006519.66768354,6462.0,1395.7,-4474.0,0
2026-04-01T20:24:47.645137+00:00,52.77,11.87,52.77,11.87,-92.8,433006452.456854,6443.5,1393.4,-4461.2,0
2026-04-01T20:24:48.089161+00:00,52.90,11.91,52.9,11.91,-92.8,433006452.456854,6426.2,1391.2,-4449.3,0
2026-04-01T20:24:48.533150+00:00,53.01,11.94,53.01,11.94,-92.8,433006452.456854,6410.6,1389.2,-4438.4,0
2026-04-01T20:24:49.017150+00:00,53.13,11.98,53.13,11.98,-92.8,433006452.456854,6393.1,1387.1,-4426.3,0
2026-04-01T20:24:49.521143+00:00,53.26,12.02,53.26,12.02,-92.8,433006383.73469394,6375.0,1384.8,-4413.8,0
2026-04-01T20:24:50.010240+00:00,53.38,12.05,53.38,12.05,-92.8,433006383.73469394,6359.0,1382.9,-4402.7,0
2026-04-01T20:24:50.458061+00:00,53.50,12.09,53.5,12.09,-92.8,433006383.73469394,6341.3,1380.7,-4390.5,0
2026-04-01T20:24:50.901807+00:00,53.62,12.13,53.62,12.13,-92.8,433006383.73469394,6325.0,1378.8,-4379.2,0
2026-04-01T20:24:51.454292+00:00,53.76,12.17,53.76,12.17,-92.8,433006315.3870167,6305.0,1376.4,-4365.4,0
2026-04-01T20:24:51.897735+00:00,53.88,12.20,53.88,12.2,-92.8,433006315.3870167,6288.5,1374.4,-4353.9,0
2026-04-01T20:24:52.386008+00:00,53.99,12.24,53.99,12.24,-92.8,433006315.3870167,6272.0,1372.5,-4342.5,0
2026-04-01T20:24:52.834979+00:00,54.12,12.28,54.12,12.28,-92.8,433006315.3870167,6253.9,1370.4,-4330.0,0
2026-04-01T20:24:53.342103+00:00,54.25,12.32,54.25,12.32,-92.8,433006243.96801716,6235.0,1368.2,-4316.8,0
2026-04-01T20:24:53.833613+00:00,54.38,12.35,54.38,12.35,-92.8,433006243.96801716,6216.7,1366.1,-4304.2,0
2026-04-01T20:24:54.284005+00:00,54.50,12.39,54.5,12.39,-92.8,433006243.96801716,6199.8,1364.2,-4292.5,0
2026-04-01T20:24:54.770642+00:00,54.62,12.42,54.62,12.42,-92.8,433006243.96801716,6182.8,1362.2,-4280.7,0
2026-04-01T20:24:55.278603+00:00,54.77,12.47,54.77,12.47,-92.8,433006171.09340113,6161.9,1359.9,-4266.3,0
2026-04-01T20:24:55.722243+00:00,54.88,12.50,54.88,12.5,-92.8,433006171.09340113,6144.8,1358.0,-4254.5,0
2026-04-01T20:24:56.210226+00:00,55.01,12.54,55.01,12.54,-92.8,433006171.09340113,6126.3,1355.9,-4241.6,0
2026-04-01T20:24:56.658225+00:00,55.13,12.57,55.13,12.57,-92.8,433006171.09340113,6109.0,1354.0,-4229.7,0
2026-04-01T20:24:57.211312+00:00,55.27,12.61,55.27,12.61,-92.8,433006098.70892733,6089.3,1351.9,-4216.0,0
2026-04-01T20:24:57.654176+00:00,55.40,12.65,55.4,12.65,-92.8,433006098.70892733,6070.3,1349.8,-4202.8,0
2026-04-01T20:24:58.102223+00:00,55.53,12.68,55.53,12.68,-92.8,433006098.70892733,6052.9,1347.9,-4190.8,0
2026-04-01T20:24:58.590003+00:00,55.66,12.72,55.66,12.72,-92.8,433006098.70892733,6033.7,1345.9,-4177.5,0
2026-04-01T20:24:59.098010+00:00,55.80,12.76,55.8,12.76,-92.8,433006023.2594782,6013.7,1343.8,-4163.7,0
2026-04-01T20:24:59.586104+00:00,55.92,12.80,55.92,12.8,-92.8,433006023.2594782,5996.0,1341.9,-4151.4,0
2026-04-01T20:25:00.033162+00:00,56.05,12.83,56.05,12.83,-92.8,433006023.2594782,5976.6,1339.9,-4138.0,0
2026-04-01T20:25:00.477140+00:00,56.18,12.87,56.18,12.87,-92.8,433006023.2594782,5958.9,1338.1,-4125.7,0
2026-04-01T20:25:01.021149+00:00,56.33,12.91,56.33,12.91,-92.8,433005948.20214295,5936.8,1335.8,-4110.4,0
2026-04-01T20:25:01.465144+00:00,56.45,12.94,56.45,12.94,-92.8,433005948.20214295,5918.9,1334.0,-4098.0,0
2026-04-01T20:25:01.949279+00:00,56.57,12.98,56.57,12.98,-92.8,433005948.20214295,5900.9,1332.2,-4085.6,0
2026-04-01T20:25:02.393155+00:00,56.71,13.01,56.71,13.01,-92.8,433005948.20214295,5881.3,1330.2,-4072.0,0
2026-04-01T20:25:02.904983+00:00,56.85,13.05,56.85,13.05,-92.8,433005870.60523653,5860.7,1328.1,-4057.7,0
2026-04-01T20:25:03.405137+00:00,56.99,13.09,56.99,13.09,-92.8,433005870.60523653,5840.0,1326.1,-4043.4,0
2026-04-01T20:25:03.849166+00:00,57.12,13.13,57.12,13.13,-92.8,433005870.60523653,5821.7,1324.3,-4030.7,0
2026-04-01T20:25:04.393148+00:00,57.24,13.16,57.24,13.16,-92.8,433005803.32811445,5803.3,1322.5,-4018.0,0
2026-04-01T20:25:04.837688+00:00,57.40,13.20,57.4,13.2,-92.8,433005803.32811445,5780.5,1320.3,-4002.2,0
2026-04-01T20:25:05.286673+00:00,57.53,13.23,57.53,13.23,-92.8,433005803.32811445,5761.9,1318.5,-3989.3,0
2026-04-01T20:25:05.833631+00:00,57.68,13.28,57.68,13.28,-92.8,433005750.7415043,5738.9,1316.4,-3973.4,0
2026-04-01T20:25:06.282507+00:00,57.81,13.31,57.81,13.31,-92.8,433005750.7415043,5720.0,1314.6,-3960.3,0
2026-04-01T20:25:06.770010+00:00,57.94,13.34,57.94,13.34,-92.8,433005750.7415043,5701.1,1312.8,-3947.2,0
2026-04-01T20:25:07.218219+00:00,58.08,13.38,58.08,13.38,-92.8,433005750.7415043,5680.3,1310.9,-3932.8,0
2026-04-01T20:25:07.726238+00:00,58.23,13.42,58.23,13.42,-92.8,433005668.92056006,5658.6,1308.9,-3917.8,0
2026-04-01T20:25:08.214245+00:00,58.37,13.46,58.37,13.46,-92.8,433005668.92056006,5637.6,1307.0,-3903.3,0
2026-04-01T20:25:08.722339+00:00,58.50,13.49,58.5,13.49,-92.8,433005618.3527008,5618.4,1305.3,-3889.9,0
2026-04-01T20:25:09.210015+00:00,58.65,13.53,58.65,13.53,-92.8,433005618.3527008,5596.4,1303.3,-3874.7,0
2026-04-01T20:25:09.658026+00:00,58.79,13.57,58.79,13.57,-92.8,433005618.3527008,5575.1,1301.4,-3860.0,0
2026-04-01T20:25:10.165989+00:00,58.94,13.60,58.94,13.6,-92.8,433005563.4715909,5553.0,1299.4,-3844.7,0
2026-04-01T20:25:10.653998+00:00,59.08,13.64,59.08,13.64,-92.8,433005563.4715909,5531.5,1297.6,-3829.8,0
2026-04-01T20:25:11.162036+00:00,59.21,13.67,59.21,13.67,-92.8,433005511.75454235,5511.8,1295.8,-3816.1,0
2026-04-01T20:25:11.649976+00:00,59.36,13.71,59.36,13.71,-92.8,433005511.75454235,5489.4,1293.9,-3800.7,0
2026-04-01T20:25:12.099344+00:00,59.51,13.75,59.51,13.75,-92.8,433005511.75454235,5467.5,1292.1,-3785.5,0
2026-04-01T20:25:12.606232+00:00,59.66,13.79,59.66,13.79,-92.8,433005455.5913051,5445.0,1290.2,-3769.9,0
2026-04-01T20:25:13.097614+00:00,59.81,13.82,59.81,13.82,-92.8,433005455.5913051,5422.9,1288.3,-3754.6,0
2026-04-01T20:25:13.622208+00:00,59.95,13.86,59.95,13.86,-92.8,433005401.9930275,5402.0,1286.6,-3740.1,0
2026-04-01T20:25:14.110320+00:00,60.11,13.90,60.11,13.9,-92.8,433005401.9930275,5377.0,1284.5,-3722.8,0
2026-04-01T20:25:14.558022+00:00,60.25,13.93,60.25,13.93,-92.8,433005401.9930275,5356.7,1282.8,-3708.8,0
2026-04-01T20:25:15.105139+00:00,60.40,13.97,60.4,13.97,-92.8,433005344.53179514,5333.5,1281.0,-3692.7,0
2026-04-01T20:25:15.549139+00:00,60.55,14.00,60.55,14.0,-92.8,433005344.53179514,5311.3,1279.2,-3677.4,0
2026-04-01T20:25:16.053140+00:00,60.69,14.04,60.69,14.04,-92.8,433005290.8735721,5290.9,1277.6,-3663.2,0
2026-04-01T20:25:16.537161+00:00,60.85,14.08,60.85,14.08,-92.8,433005290.8735721,5265.5,1275.5,-3645.6,0
2026-04-01T20:25:16.981677+00:00,60.99,14.11,60.99,14.11,-92.8,433005290.8735721,5244.9,1273.9,-3631.3,0
2026-04-01T20:25:17.525229+00:00,61.14,14.15,61.14,14.15,-92.8,433005232.6704268,5221.4,1272.1,-3615.1,0
2026-04-01T20:25:17.969210+00:00,61.29,14.18,61.29,14.18,-92.8,433005232.6704268,5198.7,1270.4,-3599.4,0
2026-04-01T20:25:18.480798+00:00,61.43,14.21,61.43,14.21,-92.8,433005177.79566395,5177.8,1268.8,-3584.9,0
2026-04-01T20:25:18.981140+00:00,61.61,14.26,61.61,14.26,-92.8,433005177.79566395,5151.2,1266.7,-3566.5,0
2026-04-01T20:25:19.425146+00:00,61.75,14.29,61.75,14.29,-92.8,433005177.79566395,5129.9,1265.2,-3551.7,0
2026-04-01T20:25:19.974283+00:00,61.90,14.32,61.9,14.32,-92.8,433005117.4729183,5105.9,1263.4,-3535.1,0
2026-04-01T20:25:20.418094+00:00,62.06,14.36,62.06,14.36,-92.8,433005117.4729183,5082.6,1261.6,-3519.0,0
2026-04-01T20:25:20.929158+00:00,62.20,14.39,62.2,14.39,-92.8,433005061.2546723,5061.3,1260.1,-3504.2,0
2026-04-01T20:25:21.413151+00:00,62.37,14.43,62.37,14.43,-92.8,433005061.2546723,5034.8,1258.2,-3485.9,0
2026-04-01T20:25:21.857265+00:00,62.51,14.46,62.51,14.46,-92.8,433005061.2546723,5013.3,1256.6,-3471.0,0
2026-04-01T20:25:22.401168+00:00,62.67,14.50,62.67,14.5,-92.8,433005000.3867757,4988.6,1254.9,-3453.9,0
2026-04-01T20:25:22.845144+00:00,62.82,14.53,62.82,14.53,-92.8,433005000.3867757,4964.9,1253.2,-3437.5,0
2026-04-01T20:25:23.349145+00:00,62.97,14.56,62.97,14.56,-92.8,433004943.15968317,4943.2,1251.7,-3422.5,0
2026-04-01T20:25:23.837173+00:00,63.14,14.60,63.14,14.6,-92.8,433004943.15968317,4916.4,1249.8,-3403.9,0
2026-04-01T20:25:24.281249+00:00,63.28,14.63,63.28,14.63,-92.8,433004943.15968317,4894.5,1248.3,-3388.7,0
2026-04-01T20:25:24.825168+00:00,63.45,14.67,63.45,14.67,-92.8,433004881.278356,4869.4,1246.6,-3371.4,0
2026-04-01T20:25:25.269221+00:00,63.60,14.70,63.6,14.7,-92.8,433004881.278356,4845.3,1245.0,-3354.7,0
2026-04-01T20:25:25.774949+00:00,63.75,14.74,63.75,14.74,-92.8,433004822.8840904,4822.9,1243.5,-3339.2,0
2026-04-01T20:25:26.266628+00:00,63.92,14.77,63.92,14.77,-92.8,433004822.8840904,4795.6,1241.7,-3320.3,0
2026-04-01T20:25:26.711130+00:00,64.07,14.81,64.07,14.81,-92.8,433004822.8840904,4772.8,1240.2,-3304.5,0
2026-04-01T20:25:27.262421+00:00,64.24,14.84,64.24,14.84,-92.8,433004759.4459449,4747.2,1238.5,-3286.8,0
2026-04-01T20:25:27.710219+00:00,64.40,14.87,64.4,14.87,-92.8,433004759.4459449,4722.3,1236.9,-3269.5,0
2026-04-01T20:25:28.218227+00:00,64.54,14.91,64.54,14.91,-92.8,433004699.4222212,4699.4,1235.4,-3253.7,0
2026-04-01T20:25:28.709996+00:00,64.72,14.94,64.72,14.94,-92.8,433004699.4222212,4671.3,1233.7,-3234.2,0
2026-04-01T20:25:29.175374+00:00,64.88,14.98,64.88,14.98,-92.8,433004699.4222212,4647.4,1232.2,-3217.7,0
2026-04-01T20:25:29.722237+00:00,65.05,15.01,65.05,15.01,-92.8,433004633.4191159,4621.0,1230.5,-3199.4,0
2026-04-01T20:25:30.170281+00:00,65.21,15.04,65.21,15.04,-92.8,433004633.4191159,4595.7,1229.0,-3181.9,0
2026-04-01T20:25:30.678278+00:00,65.36,15.07,65.36,15.07,-92.8,433004572.41722363,4572.4,1227.5,-3165.8,0
2026-04-01T20:25:31.166245+00:00,65.54,15.11,65.54,15.11,-92.8,433004572.41722363,4543.7,1225.8,-3145.9,0
2026-04-01T20:25:31.610554+00:00,65.69,15.14,65.69,15.14,-92.8,433004572.41722363,4520.3,1224.4,-3129.7,0
2026-04-01T20:25:32.162224+00:00,65.86,15.18,65.86,15.18,-92.8,433004506.4268128,4493.7,1222.8,-3111.3,0
2026-04-01T20:25:32.610275+00:00,66.03,15.21,66.03,15.21,-92.8,433004506.4268128,4467.7,1221.3,-3093.3,0
2026-04-01T20:25:33.118256+00:00,66.18,15.24,66.18,15.24,-92.8,433004443.98975605,4444.0,1219.9,-3076.8,0
2026-04-01T20:25:33.606236+00:00,66.36,15.28,66.36,15.28,-92.8,433004443.98975605,4414.8,1218.2,-3056.6,0
2026-04-01T20:25:34.054245+00:00,66.52,15.30,66.52,15.3,-92.8,433004443.98975605,4390.9,1216.9,-3040.1,0
2026-04-01T20:25:34.602269+00:00,66.69,15.34,66.69,15.34,-92.8,433004376.54513925,4363.6,1215.3,-3021.2,0
2026-04-01T20:25:35.050264+00:00,66.86,15.37,66.86,15.37,-92.8,433004376.54513925,4337.3,1213.9,-3003.0,0
2026-04-01T20:25:35.558236+00:00,67.01,15.40,67.01,15.4,-92.8,433004313.1285036,4313.1,1212.5,-2986.2,0
2026-04-01T20:25:36.046214+00:00,67.20,15.44,67.2,15.44,-92.8,433004313.1285036,4283.3,1210.9,-2965.6,0
2026-04-01T20:25:36.494255+00:00,67.35,15.46,67.35,15.46,-92.8,433004313.1285036,4259.0,1209.6,-2948.8,0
2026-04-01T20:25:37.041986+00:00,67.53,15.50,67.53,15.5,-92.8,433004244.4267956,4231.2,1208.1,-2929.5,0
2026-04-01T20:25:37.490016+00:00,67.70,15.53,67.7,15.53,-92.8,433004244.4267956,4204.4,1206.7,-2911.0,0
2026-04-01T20:25:37.998015+00:00,67.85,15.56,67.85,15.56,-92.8,433004179.783394,4179.8,1205.4,-2893.9,0
2026-04-01T20:25:38.486245+00:00,68.04,15.59,68.04,15.59,-92.8,433004179.783394,4149.5,1203.8,-2873.0,0
2026-04-01T20:25:38.933736+00:00,68.20,15.62,68.2,15.62,-92.8,433004179.783394,4124.7,1202.5,-2855.8,0
2026-04-01T20:25:39.482046+00:00,68.37,15.65,68.37,15.65,-92.8,433004109.92050755,4096.6,1201.1,-2836.3,0
2026-04-01T20:25:39.929541+00:00,68.55,15.68,68.55,15.68,-92.8,433004109.92050755,4069.2,1199.7,-2817.3,0
2026-04-01T20:25:40.438029+00:00,68.70,15.71,68.7,15.71,-92.8,433004044.0965334,4044.1,1198.4,-2800.0,0
2026-04-01T20:25:40.925759+00:00,68.90,15.75,68.9,15.75,-92.8,433004044.0965334,4013.3,1196.9,-2778.6,0
2026-04-01T20:25:41.375009+00:00,69.06,15.77,69.06,15.77,-92.8,433004044.0965334,3988.0,1195.6,-2761.2,0
2026-04-01T20:25:41.921749+00:00,69.24,15.80,69.24,15.8,-92.8,433003972.9300099,3959.3,1194.2,-2741.2,0
2026-04-01T20:25:42.370113+00:00,69.41,15.83,69.41,15.83,-92.8,433003972.9300099,3931.6,1192.9,-2722.1,0
2026-04-01T20:25:42.877725+00:00,69.57,15.86,69.57,15.86,-92.8,433003906.0869632,3906.1,1191.7,-2704.4,0
2026-04-01T20:25:43.366266+00:00,69.76,15.89,69.76,15.89,-92.8,433003906.0869632,3874.7,1190.2,-2682.7,0
2026-04-01T20:25:43.815337+00:00,69.92,15.92,69.92,15.92,-92.8,433003906.0869632,3849.0,1189.0,-2664.9,0
2026-04-01T20:25:44.362481+00:00,70.11,15.95,70.11,15.95,-92.8,433003833.6185658,3820.0,1187.7,-2644.8,0
2026-04-01T20:25:44.809756+00:00,70.28,15.98,70.28,15.98,-92.8,433003833.6185658,3791.6,1186.4,-2625.2,0
2026-04-01T20:25:45.317150+00:00,70.44,16.01,70.44,16.01,-92.8,433003765.5995306,3765.6,1185.2,-2607.2,0
2026-04-01T20:25:45.801141+00:00,70.64,16.04,70.64,16.04,-92.8,433003765.5995306,3734.0,1183.8,-2585.3,0
2026-04-01T20:25:46.245333+00:00,70.80,16.07,70.8,16.07,-92.8,433003765.5995306,3708.2,1182.7,-2567.4,0
2026-04-01T20:25:46.789232+00:00,70.98,16.10,70.98,16.1,-92.8,433003692.58139807,3678.6,1181.4,-2546.9,0
2026-04-01T20:25:47.233186+00:00,71.16,16.12,71.16,16.12,-92.8,433003692.58139807,3650.0,1180.1,-2527.1,0
2026-04-01T20:25:47.742366+00:00,71.32,16.15,71.32,16.15,-92.8,433003623.81868684,3623.8,1179.0,-2509.0,0
2026-04-01T20:25:48.225153+00:00,71.52,16.18,71.52,16.18,-92.8,433003623.81868684,3591.7,1177.7,-2486.7,0
2026-04-01T20:25:48.669146+00:00,71.69,16.21,71.69,16.21,-92.8,433003623.81868684,3565.4,1176.6,-2468.6,0
2026-04-01T20:25:49.213135+00:00,71.87,16.23,71.87,16.23,-92.8,433003549.6287973,3535.4,1175.3,-2447.8,0
2026-04-01T20:25:49.660593+00:00,72.05,16.26,72.05,16.26,-92.8,433003549.6287973,3506.3,1174.1,-2427.6,0
2026-04-01T20:25:50.167115+00:00,72.21,16.29,72.21,16.29,-92.8,433003479.830793,3479.8,1173.1,-2409.3,0
2026-04-01T20:25:50.653992+00:00,72.42,16.32,72.42,16.32,-92.8,433003479.830793,3446.9,1171.7,-2386.5,0
2026-04-01T20:25:51.098484+00:00,72.58,16.34,72.58,16.34,-92.8,433003479.830793,3419.9,1170.7,-2367.8,0
2026-04-01T20:25:51.650114+00:00,72.77,16.37,72.77,16.37,-92.8,433003404.11017895,3389.5,1169.5,-2346.8,0
2026-04-01T20:25:52.098235+00:00,72.95,16.40,72.95,16.4,-92.8,433003404.11017895,3359.8,1168.3,-2326.2,0
2026-04-01T20:25:52.605986+00:00,73.12,16.42,73.12,16.42,-92.8,433003332.5994981,3332.6,1167.3,-2307.4,0
2026-04-01T20:25:53.093994+00:00,73.33,16.45,73.33,16.45,-92.8,433003332.5994981,3299.2,1166.0,-2284.2,0
2026-04-01T20:25:53.539861+00:00,73.49,16.47,73.49,16.47,-92.8,433003332.5994981,3271.8,1165.0,-2265.3,0
2026-04-01T20:25:54.090312+00:00,73.68,16.50,73.68,16.5,-92.8,433003255.67292285,3240.9,1163.9,-2243.9,0
2026-04-01T20:25:54.538290+00:00,73.87,16.52,73.87,16.52,-92.8,433003255.67292285,3210.8,1162.8,-2223.0,0
2026-04-01T20:25:55.051153+00:00,74.04,16.55,74.04,16.55,-92.8,433003183.2038201,3183.2,1161.8,-2203.9,0
2026-04-01T20:25:55.554251+00:00,74.25,16.58,74.25,16.58,-92.8,433003183.2038201,3148.2,1160.6,-2179.7,0
2026-04-01T20:25:56.003320+00:00,74.42,16.60,74.42,16.6,-92.8,433003183.2038201,3120.4,1159.6,-2160.4,0
2026-04-01T20:25:56.569990+00:00,74.62,16.63,74.62,16.63,-92.8,433003103.71122736,3087.7,1158.4,-2137.8,0
2026-04-01T20:25:57.018250+00:00,74.81,16.65,74.81,16.65,-92.8,433003103.71122736,3057.2,1157.4,-2116.7,0
2026-04-01T20:25:57.526284+00:00,74.98,16.67,74.98,16.67,-92.8,433003029.1803541,3029.2,1156.5,-2097.3,0
2026-04-01T20:25:58.015318+00:00,75.19,16.70,75.19,16.7,-92.8,433003029.1803541,2994.8,1155.3,-2073.5,0
2026-04-01T20:25:58.458228+00:00,75.36,16.72,75.36,16.72,-92.8,433003029.1803541,2966.7,1154.4,-2054.0,0
2026-04-01T20:25:59.006231+00:00,75.55,16.75,75.55,16.75,-92.8,433002950.15533566,2934.9,1153.4,-2032.0,0
2026-04-01T20:25:59.453991+00:00,75.74,16.77,75.74,16.77,-92.8,433002950.15533566,2904.2,1152.4,-2010.7,0
2026-04-01T20:25:59.961147+00:00,75.91,16.79,75.91,16.79,-92.8,433002875.74858475,2875.7,1151.5,-1991.1,0
2026-04-01T20:26:00.445162+00:00,76.12,16.82,76.12,16.82,-92.8,433002875.74858475,2840.9,1150.4,-1966.9,0
2026-04-01T20:26:00.889167+00:00,76.29,16.84,76.29,16.84,-92.8,433002875.74858475,2812.7,1149.5,-1947.4,0
2026-04-01T20:26:01.433155+00:00,76.49,16.86,76.49,16.86,-92.8,433002796.0921998,2780.6,1148.5,-1925.2,0
2026-04-01T20:26:01.877273+00:00,76.68,16.88,76.68,16.88,-92.8,433002796.0921998,2749.6,1147.6,-1903.7,0
2026-04-01T20:26:02.385167+00:00,76.85,16.90,76.85,16.9,-92.8,433002721.1877254,2721.2,1146.8,-1884.0,0
2026-04-01T20:26:02.869144+00:00,77.06,16.93,77.06,16.93,-92.8,433002721.1877254,2686.2,1145.8,-1859.8,0
2026-04-01T20:26:03.313254+00:00,77.23,16.95,77.23,16.95,-92.8,433002721.1877254,2657.7,1144.9,-1840.1,0
2026-04-01T20:26:03.857156+00:00,77.43,16.97,77.43,16.97,-92.8,433002640.5231992,2625.1,1144.0,-1817.5,0
2026-04-01T20:26:04.301257+00:00,77.62,16.99,77.62,16.99,-92.8,433002640.5231992,2593.5,1143.1,-1795.7,0
2026-04-01T20:26:04.805242+00:00,77.80,17.01,77.8,17.01,-92.8,433002564.72412723,2564.7,1142.3,-1775.7,0
2026-04-01T20:26:05.297947+00:00,78.01,17.03,78.01,17.03,-92.8,433002564.72412723,2529.3,1141.4,-1751.2,0
2026-04-01T20:26:05.743499+00:00,78.18,17.05,78.18,17.05,-92.8,433002564.72412723,2500.2,1140.6,-1731.1,0
2026-04-01T20:26:06.290279+00:00,78.39,17.07,78.39,17.07,-92.8,433002482.6909056,2467.0,1139.7,-1708.0,0
2026-04-01T20:26:06.738026+00:00,78.58,17.09,78.58,17.09,-92.8,433002482.6909056,2435.1,1138.9,-1686.0,0
2026-04-01T20:26:07.246048+00:00,78.76,17.11,78.76,17.11,-92.8,433002405.6493761,2405.6,1138.2,-1665.6,0
2026-04-01T20:26:07.734278+00:00,78.97,17.13,78.97,17.13,-92.8,433002405.6493761,2369.6,1137.2,-1640.6,0
2026-04-01T20:26:08.178422+00:00,79.15,17.15,79.15,17.15,-92.8,433002405.6493761,2340.2,1136.5,-1620.3,0
2026-04-01T20:26:08.730241+00:00,79.35,17.17,79.35,17.17,-92.8,433002322.7978991,2306.8,1135.7,-1597.2,0
2026-04-01T20:26:09.178255+00:00,79.54,17.19,79.54,17.19,-92.8,433002322.7978991,2274.4,1134.9,-1574.7,0
2026-04-01T20:26:09.686216+00:00,79.72,17.20,79.72,17.2,-92.8,433002244.65354985,2244.7,1134.2,-1554.1,0
2026-04-01T20:26:10.174279+00:00,79.94,17.23,79.94,17.23,-92.8,433002244.65354985,2208.2,1133.4,-1528.9,0
2026-04-01T20:26:10.618243+00:00,80.12,17.24,80.12,17.24,-92.8,433002244.65354985,2178.4,1132.7,-1508.3,0
2026-04-01T20:26:11.170222+00:00,80.32,17.26,80.32,17.26,-92.8,433002160.88614184,2144.7,1131.9,-1484.9,0
2026-04-01T20:26:11.618248+00:00,80.52,17.28,80.52,17.28,-92.8,433002160.88614184,2111.9,1131.2,-1462.2,0
2026-04-01T20:26:12.126221+00:00,80.70,17.29,80.7,17.29,-92.8,433002081.94592863,2081.9,1130.6,-1441.5,0
2026-04-01T20:26:12.614094+00:00,80.92,17.31,80.92,17.31,-92.8,433002081.94592863,2045.0,1129.8,-1415.9,0
2026-04-01T20:26:13.062248+00:00,81.10,17.33,81.1,17.33,-92.8,433002081.94592863,2015.1,1129.2,-1395.2,0
2026-04-01T20:26:13.609989+00:00,81.31,17.34,81.31,17.34,-92.8,433001997.09121615,1980.8,1128.5,-1371.4,0
2026-04-01T20:26:14.063315+00:00,81.50,17.36,81.5,17.36,-92.8,433001997.09121615,1947.9,1127.8,-1348.7,0
2026-04-01T20:26:14.570223+00:00,81.68,17.38,81.68,17.38,-92.8,433001917.68501526,1917.7,1127.2,-1327.7,0
2026-04-01T20:26:15.057159+00:00,81.91,17.39,81.91,17.39,-92.8,433001917.68501526,1880.3,1126.5,-1301.9,0
2026-04-01T20:26:15.497237+00:00,82.09,17.41,82.09,17.41,-92.8,433001917.68501526,1850.2,1125.9,-1281.0,0
2026-04-01T20:26:16.045146+00:00,82.29,17.42,82.29,17.42,-92.8,433001832.4117425,1815.9,1125.3,-1257.3,0
2026-04-01T20:26:16.489148+00:00,82.49,17.44,82.49,17.44,-92.8,433001832.4117425,1783.1,1124.6,-1234.5,0
2026-04-01T20:26:16.993150+00:00,82.67,17.45,82.67,17.45,-92.8,433001752.8036666,1752.8,1124.1,-1213.6,0
2026-04-01T20:26:17.477146+00:00,82.89,17.47,82.89,17.47,-92.8,433001752.8036666,1715.6,1123.5,-1187.8,0
2026-04-01T20:26:17.921695+00:00,83.07,17.48,83.07,17.48,-92.8,433001752.8036666,1685.0,1122.9,-1166.6,0
2026-04-01T20:26:18.465145+00:00,83.28,17.49,83.28,17.49,-92.8,433001667.05841154,1650.5,1122.3,-1142.7,0
2026-04-01T20:26:18.909148+00:00,83.48,17.51,83.48,17.51,-92.8,433001667.05841154,1617.3,1121.8,-1119.7,0
2026-04-01T20:26:19.413138+00:00,83.66,17.52,83.66,17.52,-92.8,433001586.7881148,1586.8,1121.3,-1098.6,0
2026-04-01T20:26:19.902252+00:00,83.88,17.53,83.88,17.53,-92.8,433001586.7881148,1549.4,1120.7,-1072.7,0
2026-04-01T20:26:20.346439+00:00,84.06,17.55,84.06,17.55,-92.8,433001586.7881148,1518.6,1120.2,-1051.4,0
2026-04-01T20:26:20.897744+00:00,84.27,17.56,84.27,17.56,-92.8,433001500.42083764,1483.7,1119.7,-1027.3,0
2026-04-01T20:26:21.346041+00:00,84.47,17.57,84.47,17.57,-92.8,433001500.42083764,1450.0,1119.2,-1003.9,0
2026-04-01T20:26:21.854051+00:00,84.65,17.58,84.65,17.58,-92.8,433001419.13649327,1419.1,1118.8,-982.6,0
2026-04-01T20:26:22.342797+00:00,84.88,17.59,84.88,17.59,-92.8,433001419.13649327,1381.1,1118.2,-956.2,0
2026-04-01T20:26:22.791393+00:00,85.07,17.60,85.07,17.6,-92.8,433001419.13649327,1349.9,1117.8,-934.6,0
2026-04-01T20:26:23.338274+00:00,85.27,17.62,85.27,17.62,-92.8,433001331.2339075,1314.8,1117.3,-910.3,0
2026-04-01T20:26:23.786317+00:00,85.48,17.63,85.48,17.63,-92.8,433001331.2339075,1280.7,1116.9,-886.7,0
2026-04-01T20:26:24.294363+00:00,85.66,17.64,85.66,17.64,-92.8,433001249.5027051,1249.5,1116.5,-865.1,0
2026-04-01T20:26:24.782397+00:00,85.89,17.65,85.89,17.65,-92.8,433001249.5027051,1211.3,1116.0,-838.6,0
2026-04-01T20:26:25.230221+00:00,86.07,17.66,86.07,17.66,-92.8,433001249.5027051,1180.1,1115.7,-817.0,0
2026-04-01T20:26:25.778548+00:00,86.28,17.67,86.28,17.67,-92.8,433001161.4290986,1144.5,1115.3,-792.4,0
2026-04-01T20:26:26.229987+00:00,86.49,17.68,86.49,17.68,-92.8,433001161.4290986,1110.5,1114.9,-768.9,0
2026-04-01T20:26:26.734219+00:00,86.67,17.68,86.67,17.68,-92.8,433001078.88307893,1078.9,1114.5,-747.0,0
2026-04-01T20:26:27.222226+00:00,86.90,17.69,86.9,17.69,-92.8,433001078.88307893,1040.7,1114.1,-720.5,0
2026-04-01T20:26:27.670274+00:00,87.09,17.70,87.09,17.7,-92.8,433001078.88307893,1009.4,1113.8,-698.8,0
2026-04-01T20:26:28.223317+00:00,87.30,17.71,87.3,17.71,-92.8,433000990.618793,973.6,1113.5,-674.1,0
2026-04-01T20:26:28.666463+00:00,87.50,17.72,87.5,17.72,-92.8,433000990.618793,939.2,1113.2,-650.2,0
2026-04-01T20:26:29.178238+00:00,87.69,17.72,87.69,17.72,-92.8,433000907.6073147,907.6,1112.9,-628.4,0
2026-04-01T20:26:29.666244+00:00,87.92,17.73,87.92,17.73,-92.8,433000907.6073147,869.0,1112.5,-601.7,0
2026-04-01T20:26:30.115391+00:00,88.10,17.74,88.1,17.74,-92.8,433000907.6073147,837.6,1112.3,-579.9,0
2026-04-01T20:26:30.662009+00:00,88.31,17.75,88.31,17.75,-92.8,433000818.66696763,801.7,1112.0,-555.1,0
2026-04-01T20:26:31.130241+00:00,88.53,17.75,88.53,17.75,-92.8,433000818.66696763,766.1,1111.7,-530.4,0
2026-04-01T20:26:31.638279+00:00,88.71,17.76,88.71,17.76,-92.8,433000734.33347183,734.3,1111.5,-508.4,0
2026-04-01T20:26:32.126253+00:00,88.94,17.76,88.94,17.76,-92.8,433000734.33347183,695.6,1111.2,-481.6,0
2026-04-01T20:26:32.570198+00:00,89.13,17.77,89.13,17.77,-92.8,433000734.33347183,664.0,1111.0,-459.8,0
2026-04-01T20:26:33.121999+00:00,89.34,17.77,89.34,17.77,-92.8,433000645.3693229,628.3,1110.8,-435.0,0
2026-04-01T20:26:33.571322+00:00,89.54,17.78,89.54,17.78,-92.8,433000645.3693229,593.8,1110.6,-411.1,0
2026-04-01T20:26:34.074377+00:00,89.73,17.78,89.73,17.78,-92.8,433000561.8073161,561.8,1110.4,-389.0,0
2026-04-01T20:26:34.567343+00:00,89.96,17.79,89.96,17.79,-92.8,433000561.8073161,523.2,1110.2,-362.2,0
2026-04-01T20:26:35.010272+00:00,90.15,17.79,90.15,17.79,-92.8,433000561.8073161,491.2,1110.0,-340.1,0
2026-04-01T20:26:35.562002+00:00,90.36,17.80,90.36,17.8,-92.8,433000472.5830216,455.4,1109.8,-315.3,0
2026-04-01T20:26:36.010259+00:00,90.57,17.80,90.57,17.8,-92.8,433000472.5830216,420.8,1109.7,-291.4,0
2026-04-01T20:26:36.518284+00:00,90.75,17.80,90.75,17.8,-92.8,433000388.8223133,388.8,1109.6,-269.2,0
2026-04-01T20:26:37.006043+00:00,90.99,17.80,90.99,17.8,-92.8,433000388.8223133,349.8,1109.4,-242.2,0
2026-04-01T20:26:37.454146+00:00,91.17,17.81,91.17,17.81,-92.8,433000388.8223133,318.4,1109.3,-220.4,0
2026-04-01T20:26:38.001973+00:00,91.38,17.81,91.38,17.81,-92.8,433000299.139877,282.2,1109.2,-195.4,0
2026-04-01T20:26:38.450035+00:00,91.59,17.81,91.59,17.81,-92.8,433000299.139877,247.3,1109.1,-171.2,0
2026-04-01T20:26:38.958016+00:00,91.78,17.81,91.78,17.81,-92.8,433000215.7584118,215.8,1109.1,-149.4,0
2026-04-01T20:26:39.446280+00:00,92.01,17.81,92.01,17.81,-92.8,433000215.7584118,176.5,1109.0,-122.2,0
2026-04-01T20:26:39.890707+00:00,92.20,17.81,92.2,17.81,-92.8,433000215.7584118,144.7,1108.9,-100.2,0
2026-04-01T20:26:40.441963+00:00,92.41,17.81,92.41,17.81,-92.8,433000125.9652306,108.8,1108.9,-75.3,0
2026-04-01T20:26:40.885647+00:00,92.61,17.81,92.61,17.81,-92.8,433000125.9652306,74.1,1108.9,-51.3,0
2026-04-01T20:26:41.394032+00:00,92.80,17.81,92.8,17.81,-92.8,433000042.2420571,42.2,1108.8,-29.2,0
2026-04-01T20:26:41.890785+00:00,93.03,17.81,93.03,17.81,-92.8,433000042.2420571,3.3,1108.8,-2.3,0
2026-04-01T20:26:42.350993+00:00,93.23,17.81,93.23,17.81,-92.8,433000042.2420571,-30.0,1108.8,20.8,0
2026-04-01T20:26:42.901603+00:00,93.44,17.81,93.44,17.81,-92.8,432999951.00157094,-66.1,1108.9,45.8,0
2026-04-01T20:26:43.350088+00:00,93.64,17.81,93.64,17.81,-92.8,432999951.00157094,-100.8,1108.9,69.8,0
2026-04-01T20:26:43.858054+00:00,93.83,17.81,93.83,17.81,-92.8,432999867.08138466,-132.9,1108.9,92.0,0
2026-04-01T20:26:44.348150+00:00,94.06,17.81,94.06,17.81,-92.8,432999867.08138466,-171.7,1109.0,118.9,0
2026-04-01T20:26:44.794014+00:00,94.25,17.81,94.25,17.81,-92.8,432999867.08138466,-203.7,1109.0,141.1,0
2026-04-01T20:26:45.337164+00:00,94.47,17.80,94.47,17.8,-92.8,432999777.21737087,-239.9,1109.1,166.1,0
2026-04-01T20:26:45.781361+00:00,94.67,17.80,94.67,17.8,-92.8,432999777.21737087,-274.3,1109.2,189.9,0
2026-04-01T20:26:46.285255+00:00,94.85,17.80,94.85,17.8,-92.8,432999694.1536606,-305.8,1109.3,211.8,0
2026-04-01T20:26:46.773271+00:00,95.08,17.79,95.08,17.79,-92.8,432999694.1536606,-344.5,1109.4,238.5,0
2026-04-01T20:26:47.217150+00:00,95.27,17.79,95.27,17.79,-92.8,432999694.1536606,-375.9,1109.5,260.3,0
2026-04-01T20:26:47.761154+00:00,95.48,17.79,95.48,17.79,-92.8,432999605.16493845,-411.8,1109.7,285.1,0
2026-04-01T20:26:48.205178+00:00,95.68,17.78,95.68,17.78,-92.8,432999605.16493845,-446.4,1109.8,309.1,0
2026-04-01T20:26:48.709137+00:00,95.87,17.78,95.87,17.78,-92.8,432999522.42383164,-477.6,1109.9,330.7,0
2026-04-01T20:26:49.193147+00:00,96.10,17.77,96.1,17.77,-92.8,432999522.42383164,-516.5,1110.1,357.6,0
2026-04-01T20:26:49.637136+00:00,96.28,17.77,96.28,17.77,-92.8,432999522.42383164,-548.0,1110.3,379.4,0
2026-04-01T20:26:50.191176+00:00,96.49,17.76,96.49,17.76,-92.8,432999433.5566973,-583.6,1110.5,404.1,0
2026-04-01T20:26:50.634218+00:00,96.70,17.76,96.7,17.76,-92.8,432999433.5566973,-618.4,1110.7,428.2,0
2026-04-01T20:26:51.142219+00:00,96.89,17.75,96.89,17.75,-92.8,432999350.1721027,-649.8,1110.9,449.9,0
2026-04-01T20:26:51.630023+00:00,97.12,17.74,97.12,17.74,-92.8,432999350.1721027,-688.7,1111.1,476.8,0
2026-04-01T20:26:52.078248+00:00,97.30,17.74,97.3,17.74,-92.8,432999350.1721027,-720.2,1111.4,498.7,0
2026-04-01T20:26:52.631271+00:00,97.51,17.73,97.51,17.73,-92.8,432999260.87909126,-756.2,1111.6,523.6,0
2026-04-01T20:26:53.074242+00:00,97.72,17.72,97.72,17.72,-92.8,432999260.87909126,-790.9,1111.9,547.6,0
2026-04-01T20:26:53.582469+00:00,97.90,17.72,97.9,17.72,-92.8,432999177.86430705,-822.1,1112.1,569.2,0
2026-04-01T20:26:54.073996+00:00,98.13,17.71,98.13,17.71,-92.8,432999177.86430705,-860.9,1112.5,596.0,0
2026-04-01T20:26:54.524621+00:00,98.32,17.70,98.32,17.7,-92.8,432999177.86430705,-892.4,1112.7,617.8,0
2026-04-01T20:26:55.089980+00:00,98.54,17.69,98.54,17.69,-92.8,432999088.4179499,-929.6,1113.1,643.6,0
2026-04-01T20:26:55.539095+00:00,98.74,17.68,98.74,17.68,-92.8,432999088.4179499,-964.1,1113.4,667.5,0
2026-04-01T20:26:56.042378+00:00,98.93,17.67,98.93,17.67,-92.8,432999004.46814907,-995.5,1113.7,689.3,0
2026-04-01T20:26:56.534256+00:00,99.16,17.66,99.16,17.66,-92.8,432999004.46814907,-1033.8,1114.1,715.8,0
2026-04-01T20:26:56.978457+00:00,99.34,17.65,99.34,17.65,-92.8,432999004.46814907,-1065.4,1114.4,737.6,0
2026-04-01T20:26:57.530018+00:00,99.55,17.64,99.55,17.64,-92.8,432998916.14850175,-1100.8,1114.8,762.1,0
2026-04-01T20:26:57.979339+00:00,99.76,17.63,99.76,17.63,-92.8,432998916.14850175,-1135.1,1115.2,785.9,0
2026-04-01T20:26:58.482469+00:00,99.94,17.62,99.94,17.62,-92.8,432998833.5610492,-1166.4,1115.5,807.6,0
2026-04-01T20:26:58.973751+00:00,100.17,17.61,100.17,17.61,-92.8,432998833.5610492,-1204.5,1116.0,833.9,0
2026-04-01T20:26:59.418516+00:00,100.35,17.60,100.35,17.6,-92.8,432998833.5610492,-1235.7,1116.3,855.5,0
2026-04-01T20:26:59.969169+00:00,100.56,17.59,100.56,17.59,-92.8,432998745.6883481,-1271.1,1116.8,880.1,0
2026-04-01T20:27:00.413146+00:00,100.76,17.58,100.76,17.58,-92.8,432998745.6883481,-1305.4,1117.2,903.8,0
2026-04-01T20:27:00.917132+00:00,100.95,17.57,100.95,17.57,-92.8,432998663.7766041,-1336.2,1117.6,925.1,0
2026-04-01T20:27:01.405215+00:00,101.17,17.55,101.17,17.55,-92.8,432998663.7766041,-1374.0,1118.1,951.3,0
2026-04-01T20:27:01.849202+00:00,101.35,17.54,101.35,17.54,-92.8,432998663.7766041,-1404.6,1118.6,972.5,0
2026-04-01T20:27:02.393159+00:00,101.56,17.53,101.56,17.53,-92.8,432998576.85068834,-1439.7,1119.1,996.8,0
2026-04-01T20:27:02.837519+00:00,101.76,17.52,101.76,17.52,-92.8,432998576.85068834,-1473.4,1119.6,1020.1,0
2026-04-01T20:27:03.348907+00:00,101.94,17.50,101.94,17.5,-92.8,432998495.8997464,-1504.1,1120.0,1041.4,0
2026-04-01T20:27:03.848213+00:00,102.18,17.49,102.18,17.49,-92.8,432998495.8997464,-1543.0,1120.6,1068.3,0
2026-04-01T20:27:04.293208+00:00,102.36,17.48,102.36,17.48,-92.8,432998495.8997464,-1573.9,1121.1,1089.7,0
2026-04-01T20:27:04.841168+00:00,102.56,17.46,102.56,17.46,-92.8,432998408.17347085,-1608.5,1121.6,1113.7,0
2026-04-01T20:27:05.285226+00:00,102.76,17.45,102.76,17.45,-92.8,432998408.17347085,-1642.0,1122.2,1136.9,0
2026-04-01T20:27:05.793204+00:00,102.95,17.43,102.95,17.43,-92.8,432998327.2400717,-1672.8,1122.7,1158.2,0
2026-04-01T20:27:06.281196+00:00,103.17,17.42,103.17,17.42,-92.8,432998327.2400717,-1710.0,1123.3,1183.9,0
2026-04-01T20:27:06.725792+00:00,103.35,17.40,103.35,17.4,-92.8,432998327.2400717,-1740.3,1123.9,1204.9,0
2026-04-01T20:27:07.273193+00:00,103.56,17.39,103.56,17.39,-92.8,432998241.48053557,-1775.0,1124.5,1229.0,0
2026-04-01T20:27:07.717205+00:00,103.75,17.37,103.75,17.37,-92.8,432998241.48053557,-1808.0,1125.1,1251.8,0
2026-04-01T20:27:08.229194+00:00,103.94,17.36,103.94,17.36,-92.8,432998161.1614009,-1838.8,1125.7,1273.1,0
2026-04-01T20:27:08.713290+00:00,104.16,17.34,104.16,17.34,-92.8,432998161.1614009,-1875.7,1126.4,1298.7,0
2026-04-01T20:27:09.156118+00:00,104.34,17.32,104.34,17.32,-92.8,432998161.1614009,-1906.1,1126.9,1319.7,0
2026-04-01T20:27:09.705265+00:00,104.54,17.30,104.54,17.3,-92.8,432998076.26878166,-1940.2,1127.6,1343.3,0
2026-04-01T20:27:10.149197+00:00,104.74,17.29,104.74,17.29,-92.8,432998076.26878166,-1972.9,1128.3,1366.0,0
2026-04-01T20:27:10.653170+00:00,104.91,17.27,104.91,17.27,-92.8,432997997.1594871,-2002.8,1128.9,1386.7,0
2026-04-01T20:27:11.137287+00:00,105.14,17.25,105.14,17.25,-92.8,432997997.1594871,-2039.8,1129.7,1412.3,0
2026-04-01T20:27:11.585147+00:00,105.31,17.24,105.31,17.24,-92.8,432997997.1594871,-2069.7,1130.3,1433.0,0
2026-04-01T20:27:12.129153+00:00,105.52,17.22,105.52,17.22,-92.8,432997912.55954266,-2103.5,1131.0,1456.4,0
2026-04-01T20:27:12.573143+00:00,105.71,17.20,105.71,17.2,-92.8,432997912.55954266,-2136.1,1131.7,1479.0,0
2026-04-01T20:27:13.077148+00:00,105.89,17.18,105.89,17.18,-92.8,432997834.48800945,-2165.5,1132.4,1499.3,0
2026-04-01T20:27:13.564668+00:00,106.11,17.16,106.11,17.16,-92.8,432997834.48800945,-2202.1,1133.2,1524.7,0
2026-04-01T20:27:14.005171+00:00,106.28,17.14,106.28,17.14,-92.8,432997834.48800945,-2231.6,1133.9,1545.1,0
2026-04-01T20:27:14.553193+00:00,106.48,17.12,106.48,17.12,-92.8,432997750.971667,-2265.2,1134.7,1568.3,0
2026-04-01T20:27:14.997958+00:00,106.68,17.10,106.68,17.1,-92.8,432997750.971667,-2297.2,1135.4,1590.5,0
2026-04-01T20:27:15.506240+00:00,106.85,17.09,106.85,17.09,-92.8,432997673.38392884,-2326.6,1136.2,1610.9,0
2026-04-01T20:27:15.993715+00:00,107.07,17.06,107.07,17.06,-92.8,432997673.38392884,-2363.1,1137.1,1636.1,0
2026-04-01T20:27:16.438881+00:00,107.25,17.04,107.25,17.04,-92.8,432997673.38392884,-2392.3,1137.8,1656.3,0
2026-04-01T20:27:16.989365+00:00,107.45,17.02,107.45,17.02,-92.8,432997590.0714009,-2426.0,1138.6,1679.7,0
2026-04-01T20:27:17.437163+00:00,107.64,17.00,107.64,17.0,-92.8,432997590.0714009,-2458.1,1139.5,1701.9,0
2026-04-01T20:27:17.941158+00:00,107.82,16.98,107.82,16.98,-92.8,432997512.9614631,-2487.0,1140.2,1721.9,0
2026-04-01T20:27:18.425152+00:00,108.03,16.96,108.03,16.96,-92.8,432997512.9614631,-2522.6,1141.2,1746.6,0
2026-04-01T20:27:18.869731+00:00,108.20,16.94,108.2,16.94,-92.8,432997512.9614631,-2551.5,1141.9,1766.6,0
2026-04-01T20:27:19.413143+00:00,108.40,16.92,108.4,16.92,-92.8,432997431.11583537,-2584.4,1142.8,1789.3,0
2026-04-01T20:27:19.857194+00:00,108.59,16.89,108.59,16.89,-92.8,432997431.11583537,-2616.0,1143.7,1811.2,0
2026-04-01T20:27:20.361174+00:00,108.77,16.87,108.77,16.87,-92.8,432997355.2273742,-2644.8,1144.5,1831.1,0
2026-04-01T20:27:20.845235+00:00,108.98,16.85,108.98,16.85,-92.8,432997355.2273742,-2679.9,1145.5,1855.5,0
2026-04-01T20:27:21.289183+00:00,109.15,16.83,109.15,16.83,-92.8,432997355.2273742,-2708.5,1146.4,1875.3,0
2026-04-01T20:27:21.842732+00:00,109.35,16.80,109.35,16.8,-92.8,432997274.68802816,-2740.9,1147.3,1897.7,0
2026-04-01T20:27:22.286539+00:00,109.54,16.78,109.54,16.78,-92.8,432997274.68802816,-2772.4,1148.2,1919.5,0
2026-04-01T20:27:22.798582+00:00,109.71,16.76,109.71,16.76,-92.8,432997199.19432527,-2800.8,1149.1,1939.2,0
2026-04-01T20:27:23.286444+00:00,109.92,16.73,109.92,16.73,-92.8,432997199.19432527,-2836.1,1150.2,1963.6,0
2026-04-01T20:27:23.735177+00:00,110.10,16.71,110.1,16.71,-92.8,432997199.19432527,-2864.5,1151.1,1983.3,0
2026-04-01T20:27:24.282248+00:00,110.29,16.69,110.29,16.69,-92.8,432997118.4289497,-2896.6,1152.1,2005.5,0
2026-04-01T20:27:24.726602+00:00,110.48,16.66,110.48,16.66,-92.8,432997118.4289497,-2927.7,1153.1,2027.0,0
2026-04-01T20:27:25.233203+00:00,110.65,16.64,110.65,16.64,-92.8,432997043.96066654,-2956.0,1154.0,2046.6,0
2026-04-01T20:27:25.717154+00:00,110.86,16.61,110.86,16.61,-92.8,432997043.96066654,-2990.3,1155.1,2070.4,0
2026-04-01T20:27:26.161134+00:00,111.03,16.59,111.03,16.59,-92.8,432997043.96066654,-3018.2,1156.0,2089.7,0
2026-04-01T20:27:26.705172+00:00,111.22,16.56,111.22,16.56,-92.8,432996965.42490876,-3049.8,1157.1,2111.6,0
2026-04-01T20:27:27.149136+00:00,111.40,16.54,111.4,16.54,-92.8,432996965.42490876,-3080.0,1158.1,2132.5,0
2026-04-01T20:27:27.657144+00:00,111.57,16.52,111.57,16.52,-92.8,432996892.2830066,-3107.7,1159.1,2151.7,0
2026-04-01T20:27:28.141157+00:00,111.78,16.49,111.78,16.49,-92.8,432996892.2830066,-3141.5,1160.2,2175.1,0
2026-04-01T20:27:28.589154+00:00,111.95,16.46,111.95,16.46,-92.8,432996892.2830066,-3169.2,1161.2,2194.3,0
2026-04-01T20:27:29.133166+00:00,112.14,16.44,112.14,16.44,-92.8,432996814.3102071,-3200.5,1162.3,2215.9,0
2026-04-01T20:27:29.582276+00:00,112.32,16.41,112.32,16.41,-92.8,432996814.3102071,-3230.5,1163.4,2236.7,0
2026-04-01T20:27:30.090040+00:00,112.49,16.38,112.49,16.38,-92.8,432996741.9800368,-3258.0,1164.4,2255.7,0
2026-04-01T20:27:30.578235+00:00,112.69,16.35,112.69,16.35,-92.8,432996741.9800368,-3291.7,1165.7,2279.0,0
2026-04-01T20:27:31.027360+00:00,112.86,16.33,112.86,16.33,-92.8,432996741.9800368,-3319.0,1166.7,2297.9,0
2026-04-01T20:27:31.574247+00:00,113.05,16.30,113.05,16.3,-92.8,432996664.65394276,-3350.0,1167.9,2319.4,0
2026-04-01T20:27:32.022321+00:00,113.23,16.27,113.23,16.27,-92.8,432996664.65394276,-3379.6,1169.0,2339.9,0
2026-04-01T20:27:32.530277+00:00,113.40,16.25,113.4,16.25,-92.8,432996593.26456326,-3406.7,1170.0,2358.7,0
2026-04-01T20:27:33.018265+00:00,113.60,16.22,113.6,16.22,-92.8,432996593.26456326,-3439.8,1171.3,2381.6,0
2026-04-01T20:27:33.467292+00:00,113.77,16.19,113.77,16.19,-92.8,432996593.26456326,-3466.8,1172.4,2400.3,0
2026-04-01T20:27:34.034252+00:00,113.96,16.16,113.96,16.16,-92.8,432996517.0703803,-3498.3,1173.7,2422.1,0
2026-04-01T20:27:34.482242+00:00,114.14,16.13,114.14,16.13,-92.8,432996517.0703803,-3527.7,1174.9,2442.5,0
2026-04-01T20:27:34.990159+00:00,114.31,16.11,114.31,16.11,-92.8,432996445.549826,-3554.5,1176.0,2461.0,0
2026-04-01T20:27:35.478264+00:00,114.51,16.08,114.51,16.08,-92.8,432996445.549826,-3586.9,1177.3,2483.4,0
2026-04-01T20:27:35.921735+00:00,114.67,16.05,114.67,16.05,-92.8,432996445.549826,-3613.6,1178.4,2501.9,0
2026-04-01T20:27:36.470346+00:00,114.86,16.02,114.86,16.02,-92.8,432996370.8440531,-3643.5,1179.7,2522.6,0
2026-04-01T20:27:36.917751+00:00,115.03,15.99,115.03,15.99,-92.8,432996370.8440531,-3672.3,1181.0,2542.6,0
2026-04-01T20:27:37.426008+00:00,115.20,15.96,115.2,15.96,-92.8,432996301.4575566,-3698.5,1182.1,2560.7,0
2026-04-01T20:27:37.913620+00:00,115.39,15.93,115.39,15.93,-92.8,432996301.4575566,-3730.6,1183.5,2582.9,0
2026-04-01T20:27:38.362502+00:00,115.56,15.90,115.56,15.9,-92.8,432996301.4575566,-3756.8,1184.7,2601.0,0
2026-04-01T20:27:38.909972+00:00,115.74,15.87,115.74,15.87,-92.8,432996227.7147895,-3786.4,1186.0,2621.5,0
2026-04-01T20:27:39.357992+00:00,115.91,15.84,115.91,15.84,-92.8,432996227.7147895,-3814.6,1187.3,2641.1,0
2026-04-01T20:27:39.865600+00:00,116.07,15.82,116.07,15.82,-92.8,432996159.5430698,-3840.5,1188.5,2659.0,0
2026-04-01T20:27:40.353986+00:00,116.27,15.78,116.27,15.78,-92.8,432996159.5430698,-3872.1,1189.9,2680.9,0
2026-04-01T20:27:40.802461+00:00,116.43,15.75,116.43,15.75,-92.8,432996159.5430698,-3897.7,1191.1,2698.6,0
2026-04-01T20:27:41.355119+00:00,116.61,15.72,116.61,15.72,-92.8,432996086.93573993,-3926.9,1192.5,2718.8,0
2026-04-01T20:27:41.798402+00:00,116.79,15.69,116.79,15.69,-92.8,432996086.93573993,-3954.9,1193.8,2738.2,0
2026-04-01T20:27:42.306001+00:00,116.94,15.66,116.94,15.66,-92.8,432996019.8931102,-3980.1,1195.1,2755.7,0
2026-04-01T20:27:42.794001+00:00,117.14,15.63,117.14,15.63,-92.8,432996019.8931102,-4011.2,1196.6,2777.2,0
2026-04-01T20:27:43.243403+00:00,117.30,15.60,117.3,15.6,-92.8,432996019.8931102,-4036.5,1197.8,2794.7,0
2026-04-01T20:27:43.795072+00:00,117.47,15.57,117.47,15.57,-92.8,432995948.45189553,-4065.1,1199.3,2814.5,0
2026-04-01T20:27:44.238255+00:00,117.65,15.53,117.65,15.53,-92.8,432995948.45189553,-4092.6,1200.6,2833.6,0
2026-04-01T20:27:44.745387+00:00,117.80,15.51,117.8,15.51,-92.8,432995882.59759605,-4117.4,1201.9,2850.7,0
2026-04-01T20:27:45.237220+00:00,117.99,15.47,117.99,15.47,-92.8,432995882.59759605,-4148.2,1203.5,2872.1,0
2026-04-01T20:27:45.686443+00:00,118.15,15.44,118.15,15.44,-92.8,432995882.59759605,-4173.0,1204.8,2889.2,0
2026-04-01T20:27:46.233178+00:00,118.33,15.41,118.33,15.41,-92.8,432995812.23116785,-4201.1,1206.2,2908.7,0
2026-04-01T20:27:46.677151+00:00,118.49,15.38,118.49,15.38,-92.8,432995812.23116785,-4227.7,1207.7,2927.1,0
2026-04-01T20:27:47.181134+00:00,118.65,15.35,118.65,15.35,-92.8,432995747.64348036,-4252.4,1209.0,2944.2,0
2026-04-01T20:27:47.665151+00:00,118.84,15.31,118.84,15.31,-92.8,432995747.64348036,-4282.1,1210.6,2964.8,0
2026-04-01T20:27:48.109239+00:00,118.99,15.28,118.99,15.28,-92.8,432995747.64348036,-4306.3,1211.9,2981.5,0
2026-04-01T20:27:48.658278+00:00,119.16,15.25,119.16,15.25,-92.8,432995679.50243855,-4333.7,1213.4,3000.5,0
2026-04-01T20:27:49.101156+00:00,119.33,15.21,119.33,15.21,-92.8,432995679.50243855,-4360.0,1214.9,3018.7,0
2026-04-01T20:27:49.606003+00:00,119.48,15.18,119.48,15.18,-92.8,432995616.2755125,-4383.7,1216.2,3035.1,0
2026-04-01T20:27:50.094253+00:00,119.66,15.15,119.66,15.15,-92.8,432995616.2755125,-4413.2,1217.9,3055.5,0
2026-04-01T20:27:50.542246+00:00,119.81,15.12,119.81,15.12,-92.8,432995616.2755125,-4437.1,1219.3,3072.1,0
2026-04-01T20:27:51.090224+00:00,119.99,15.08,119.99,15.08,-92.8,432995548.6069818,-4464.3,1220.8,3090.9,0
2026-04-01T20:27:51.538226+00:00,120.15,15.05,120.15,15.05,-92.8,432995548.6069818,-4490.1,1222.3,3108.8,0
2026-04-01T20:27:52.046252+00:00,120.30,15.02,120.3,15.02,-92.8,432995486.028877,-4514.0,1223.7,3125.3,0
2026-04-01T20:27:52.534249+00:00,120.48,14.98,120.48,14.98,-92.8,432995486.028877,-4542.8,1225.4,3145.2,0
2026-04-01T20:27:52.982000+00:00,120.63,14.95,120.63,14.95,-92.8,432995486.028877,-4566.3,1226.9,3161.5,0
2026-04-01T20:27:53.533973+00:00,120.80,14.91,120.8,14.91,-92.8,432995419.78105336,-4592.9,1228.5,3179.9,0
2026-04-01T20:27:53.977942+00:00,120.96,14.88,120.96,14.88,-92.8,432995419.78105336,-4618.3,1230.0,3197.5,0
2026-04-01T20:27:54.490264+00:00,121.11,14.85,121.11,14.85,-92.8,432995358.4434666,-4641.6,1231.5,3213.6,0
2026-04-01T20:27:54.978264+00:00,121.29,14.81,121.29,14.81,-92.8,432995358.4434666,-4669.9,1233.2,3233.3,0
2026-04-01T20:27:55.423401+00:00,121.44,14.78,121.44,14.78,-92.8,432995358.4434666,-4693.1,1234.7,3249.3,0
2026-04-01T20:27:55.975076+00:00,121.61,14.74,121.61,14.74,-92.8,432995293.3046336,-4719.0,1236.3,3267.3,0
2026-04-01T20:27:56.421559+00:00,121.77,14.71,121.77,14.71,-92.8,432995293.3046336,-4744.1,1237.9,3284.6,0
2026-04-01T20:27:56.934288+00:00,121.92,14.67,121.92,14.67,-92.8,432995232.81545115,-4767.2,1239.4,3300.6,0
2026-04-01T20:27:57.422010+00:00,122.10,14.63,122.1,14.63,-92.8,432995232.81545115,-4795.0,1241.2,3319.9,0
2026-04-01T20:27:57.869606+00:00,122.24,14.60,122.24,14.6,-92.8,432995232.81545115,-4817.4,1242.7,3335.4,0
2026-04-01T20:27:58.418011+00:00,122.40,14.57,122.4,14.57,-92.8,432995169.0398481,-4843.0,1244.4,3353.1,0
2026-04-01T20:27:58.865745+00:00,122.56,14.53,122.56,14.53,-92.8,432995169.0398481,-4867.6,1246.1,3370.1,0
2026-04-01T20:27:59.374049+00:00,122.71,14.50,122.71,14.5,-92.8,432995110.04507023,-4890.0,1247.6,3385.6,0
2026-04-01T20:27:59.862731+00:00,122.88,14.46,122.88,14.46,-92.8,432995110.04507023,-4917.2,1249.5,3404.5,0
2026-04-01T20:28:00.305146+00:00,123.03,14.43,123.03,14.43,-92.8,432995110.04507023,-4939.3,1251.0,3419.8,0
2026-04-01T20:28:00.849171+00:00,123.19,14.39,123.19,14.39,-92.8,432995047.7564666,-4964.2,1252.7,3437.0,0
2026-04-01T20:28:01.293239+00:00,123.34,14.36,123.34,14.36,-92.8,432995047.7564666,-4988.0,1254.4,3453.5,0
2026-04-01T20:28:01.841290+00:00,123.48,14.32,123.48,14.32,-92.8,432994990.3650531,-5009.6,1255.9,3468.5,0
2026-04-01T20:28:02.325167+00:00,123.67,14.28,123.67,14.28,-92.8,432994990.3650531,-5038.1,1257.9,3488.2,0
2026-04-01T20:28:02.769331+00:00,123.81,14.25,123.81,14.25,-92.8,432994990.3650531,-5059.6,1259.5,3503.1,0
2026-04-01T20:28:03.313252+00:00,123.97,14.21,123.97,14.21,-92.8,432994927.516136,-5084.2,1261.3,3520.1,0
2026-04-01T20:28:03.757135+00:00,124.12,14.17,124.12,14.17,-92.8,432994927.516136,-5107.5,1263.0,3536.2,0
2026-04-01T20:28:04.261150+00:00,124.26,14.14,124.26,14.14,-92.8,432994871.2650963,-5128.7,1264.6,3550.9,0
2026-04-01T20:28:04.748895+00:00,124.43,14.10,124.43,14.1,-92.8,432994871.2650963,-5154.7,1266.5,3568.9,0
2026-04-01T20:28:05.194225+00:00,124.56,14.07,124.56,14.07,-92.8,432994871.2650963,-5175.7,1268.1,3583.5,0
2026-04-01T20:28:05.742033+00:00,124.72,14.03,124.72,14.03,-92.8,432994811.6116238,-5199.8,1269.9,3600.2,0
2026-04-01T20:28:06.190242+00:00,124.87,13.99,124.87,13.99,-92.8,432994811.6116238,-5222.8,1271.7,3616.1,0
2026-04-01T20:28:06.698241+00:00,125.01,13.96,125.01,13.96,-92.8,432994756.2315562,-5243.8,1273.3,3630.6,0
2026-04-01T20:28:07.186221+00:00,125.18,13.92,125.18,13.92,-92.8,432994756.2315562,-5269.4,1275.3,3648.3,0
2026-04-01T20:28:07.635420+00:00,125.31,13.89,125.31,13.89,-92.8,432994756.2315562,-5290.2,1276.9,3662.7,0
2026-04-01T20:28:08.186222+00:00,125.47,13.85,125.47,13.85,-92.8,432994697.3492642,-5313.8,1278.8,3679.1,0
2026-04-01T20:28:08.634355+00:00,125.62,13.81,125.62,13.81,-92.8,432994697.3492642,-5336.7,1280.6,3694.9,0
2026-04-01T20:28:09.146227+00:00,125.75,13.78,125.75,13.78,-92.8,432994643.00554746,-5357.0,1282.3,3709.0,0
2026-04-01T20:28:09.633994+00:00,125.92,13.74,125.92,13.74,-92.8,432994643.00554746,-5382.3,1284.3,3726.5,0
2026-04-01T20:28:10.083133+00:00,126.05,13.70,126.05,13.7,-92.8,432994643.00554746,-5402.6,1286.0,3740.5,0
2026-04-01T20:28:10.629992+00:00,126.21,13.66,126.21,13.66,-92.8,432994585.205447,-5425.5,1287.9,3756.4,0
2026-04-01T20:28:11.078008+00:00,126.35,13.63,126.35,13.63,-92.8,432994585.205447,-5447.7,1289.7,3771.8,0
2026-04-01T20:28:11.586246+00:00,126.49,13.59,126.49,13.59,-92.8,432994532.1308105,-5467.9,1291.4,3785.7,0
2026-04-01T20:28:12.073987+00:00,126.65,13.55,126.65,13.55,-92.8,432994532.1308105,-5492.4,1293.5,3802.7,0
2026-04-01T20:28:12.523127+00:00,126.78,13.52,126.78,13.52,-92.8,432994532.1308105,-5512.3,1295.2,3816.5,0
2026-04-01T20:28:13.069979+00:00,126.93,13.48,126.93,13.48,-92.8,432994475.8074837,-5534.7,1297.1,3832.0,0
2026-04-01T20:28:13.518270+00:00,127.08,13.44,127.08,13.44,-92.8,432994475.8074837,-5556.4,1299.0,3847.1,0
2026-04-01T20:28:14.027372+00:00,127.21,13.41,127.21,13.41,-92.8,432994423.9303456,-5576.1,1300.7,3860.7,0
2026-04-01T20:28:14.514232+00:00,127.37,13.36,127.37,13.36,-92.8,432994423.9303456,-5600.1,1302.9,3877.3,0
2026-04-01T20:28:14.958050+00:00,127.50,13.33,127.5,13.33,-92.8,432994423.9303456,-5619.6,1304.6,3890.8,0
2026-04-01T20:28:15.505145+00:00,127.65,13.29,127.65,13.29,-92.8,432994368.99810565,-5641.5,1306.6,3905.9,0
2026-04-01T20:28:15.949159+00:00,127.79,13.25,127.79,13.25,-92.8,432994368.99810565,-5662.6,1308.5,3920.5,0
2026-04-01T20:28:16.457138+00:00,127.91,13.22,127.91,13.22,-92.8,432994318.3456176,-5681.7,1310.2,3933.8,0
2026-04-01T20:28:16.941135+00:00,128.07,13.18,128.07,13.18,-92.8,432994318.3456176,-5704.9,1312.4,3949.9,0
2026-04-01T20:28:17.385148+00:00,128.20,13.14,128.2,13.14,-92.8,432994318.3456176,-5723.8,1314.1,3963.0,0
2026-04-01T20:28:17.929178+00:00,128.34,13.10,128.34,13.1,-92.8,432994264.86793613,-5745.4,1316.1,3977.9,0
2026-04-01T20:28:18.373142+00:00,128.48,13.07,128.48,13.07,-92.8,432994264.86793613,-5765.9,1318.1,3992.1,0
2026-04-01T20:28:18.817161+00:00,128.61,13.03,128.61,13.03,-92.8,432994264.86793613,-5784.5,1319.9,4005.0,0
2026-04-01T20:28:19.305148+00:00,128.75,13.00,128.75,13.0,-92.8,432994264.86793613,-5804.8,1321.8,4019.0,0
2026-04-01T20:28:19.809721+00:00,128.89,12.96,128.89,12.96,-92.8,432994184.11789954,-5825.8,1323.8,4033.6,0
2026-04-01T20:28:20.298356+00:00,129.01,12.92,129.01,12.92,-92.8,432994184.11789954,-5844.2,1325.6,4046.3,0
2026-04-01T20:28:20.742134+00:00,129.15,12.88,129.15,12.88,-92.8,432994184.11789954,-5864.6,1327.6,4060.4,0
2026-04-01T20:28:21.190130+00:00,129.28,12.85,129.28,12.85,-92.8,432994184.11789954,-5882.8,1329.4,4073.0,0
2026-04-01T20:28:21.738071+00:00,129.43,12.81,129.43,12.81,-92.8,432994106.22267646,-5905.3,1331.7,4088.6,0
2026-04-01T20:28:22.186209+00:00,129.55,12.77,129.55,12.77,-92.8,432994106.22267646,-5923.5,1333.5,4101.2,0
2026-04-01T20:28:22.674010+00:00,129.68,12.74,129.68,12.74,-92.8,432994106.22267646,-5941.7,1335.3,4113.8,0
2026-04-01T20:28:23.122035+00:00,129.81,12.70,129.81,12.7,-92.8,432994106.22267646,-5961.5,1337.3,4127.5,0
2026-04-01T20:28:23.630016+00:00,129.95,12.66,129.95,12.66,-92.8,432994027.8062807,-5981.9,1339.4,4141.6,0
2026-04-01T20:28:24.118270+00:00,130.09,12.62,130.09,12.62,-92.8,432994027.8062807,-6001.5,1341.5,4155.2,0
2026-04-01T20:28:24.566031+00:00,130.21,12.59,130.21,12.59,-92.8,432994027.8062807,-6019.3,1343.3,4167.5,0
2026-04-01T20:28:25.055202+00:00,130.33,12.55,130.33,12.55,-92.8,432994027.8062807,-6037.1,1345.2,4179.8,0
2026-04-01T20:28:25.562289+00:00,130.48,12.51,130.48,12.51,-92.8,432993950.7552305,-6058.6,1347.5,4194.7,0
2026-04-01T20:28:26.010721+00:00,130.60,12.47,130.6,12.47,-92.8,432993950.7552305,-6076.3,1349.4,4207.0,0
2026-04-01T20:28:26.499385+00:00,130.73,12.43,130.73,12.43,-92.8,432993950.7552305,-6095.3,1351.4,4220.2,0
2026-04-01T20:28:26.942010+00:00,130.85,12.40,130.85,12.4,-92.8,432993950.7552305,-6112.9,1353.3,4232.3,0
2026-04-01T20:28:27.495352+00:00,130.99,12.36,130.99,12.36,-92.8,432993876.9024459,-6132.5,1355.5,4245.9,0
2026-04-01T20:28:27.958238+00:00,131.12,12.32,131.12,12.32,-92.8,432993876.9024459,-6152.1,1357.6,4259.5,0
2026-04-01T20:28:28.406233+00:00,131.24,12.28,131.24,12.28,-92.8,432993876.9024459,-6169.3,1359.5,4271.4,0
2026-04-01T20:28:28.893586+00:00,131.37,12.25,131.37,12.25,-92.8,432993876.9024459,-6188.0,1361.6,4284.3,0
2026-04-01T20:28:29.401736+00:00,131.51,12.21,131.51,12.21,-92.8,432993801.9057613,-6207.3,1363.8,4297.7,0
2026-04-01T20:28:29.889162+00:00,131.63,12.17,131.63,12.17,-92.8,432993801.9057613,-6224.1,1365.7,4309.3,0
2026-04-01T20:28:30.333153+00:00,131.75,12.13,131.75,12.13,-92.8,432993801.9057613,-6242.5,1367.8,4322.1,0
2026-04-01T20:28:30.777238+00:00,131.87,12.10,131.87,12.1,-92.8,432993801.9057613,-6259.4,1369.8,4333.8,0
2026-04-01T20:28:31.326405+00:00,132.01,12.05,132.01,12.05,-92.8,432993730.84290814,-6279.7,1372.1,4347.8,0
2026-04-01T20:28:31.770837+00:00,132.13,12.02,132.13,12.02,-92.8,432993730.84290814,-6296.2,1374.0,4359.2,0
2026-04-01T20:28:32.253141+00:00,132.25,11.98,132.25,11.98,-92.8,432993730.84290814,-6312.8,1376.0,4370.7,0
2026-04-01T20:28:32.697372+00:00,132.37,11.95,132.37,11.95,-92.8,432993730.84290814,-6330.5,1378.1,4383.0,0
2026-04-01T20:28:33.201146+00:00,132.50,11.91,132.5,11.91,-92.8,432993659.7095309,-6349.0,1380.3,4395.8,0
2026-04-01T20:28:33.685148+00:00,132.62,11.87,132.62,11.87,-92.8,432993659.7095309,-6366.7,1382.4,4408.1,0
2026-04-01T20:28:34.129154+00:00,132.74,11.83,132.74,11.83,-92.8,432993659.7095309,-6383.0,1384.4,4419.3,0
2026-04-01T20:28:34.613148+00:00,132.85,11.80,132.85,11.8,-92.8,432993659.7095309,-6399.1,1386.4,4430.5,0
2026-04-01T20:28:35.122265+00:00,132.99,11.75,132.99,11.75,-92.8,432993590.075495,-6418.7,1388.8,4444.0,0
2026-04-01T20:28:35.570259+00:00,133.10,11.72,133.1,11.72,-92.8,432993590.075495,-6434.7,1390.8,4455.1,0
2026-04-01T20:28:36.058315+00:00,133.23,11.68,133.23,11.68,-92.8,432993590.075495,-6452.1,1393.0,4467.2,0
2026-04-01T20:28:36.526241+00:00,133.35,11.64,133.35,11.64,-92.8,432993590.075495,-6468.6,1395.1,4478.6,0
2026-04-01T20:28:37.074445+00:00,133.47,11.60,133.47,11.6,-92.8,432993521.81174135,-6486.6,1397.3,4491.1,0
2026-04-01T20:28:37.522237+00:00,133.60,11.56,133.6,11.56,-92.8,432993521.81174135,-6503.9,1399.5,4503.0,0
2026-04-01T20:28:37.971129+00:00,133.71,11.53,133.71,11.53,-92.8,432993521.81174135,-6519.5,1401.6,4513.9,0
2026-04-01T20:28:38.458234+00:00,133.83,11.49,133.83,11.49,-92.8,432993521.81174135,-6536.5,1403.8,4525.6,0
2026-04-01T20:28:38.966255+00:00,133.95,11.45,133.95,11.45,-92.8,432993454.17000985,-6554.1,1406.1,4537.8,0
2026-04-01T20:28:39.453987+00:00,134.07,11.41,134.07,11.41,-92.8,432993454.17000985,-6569.6,1408.1,4548.6,0
2026-04-01T20:28:39.897775+00:00,134.19,11.38,134.19,11.38,-92.8,432993454.17000985,-6586.4,1410.3,4560.2,0
2026-04-01T20:28:40.346016+00:00,134.30,11.34,134.3,11.34,-92.8,432993454.17000985,-6601.6,1412.4,4570.7,0
2026-04-01T20:28:40.897621+00:00,134.43,11.30,134.43,11.3,-92.8,432993389.313273,-6620.3,1414.9,4583.6,0
2026-04-01T20:28:41.347193+00:00,134.54,11.26,134.54,11.26,-92.8,432993389.313273,-6635.4,1416.9,4594.1,0
2026-04-01T20:28:41.834316+00:00,134.66,11.22,134.66,11.22,-92.8,432993389.313273,-6651.9,1419.2,4605.5,0
2026-04-01T20:28:42.278459+00:00,134.77,11.19,134.77,11.19,-92.8,432993389.313273,-6667.0,1421.2,4616.0,0
2026-04-01T20:28:42.830581+00:00,134.89,11.15,134.89,11.15,-92.8,432993324.1673876,-6683.9,1423.6,4627.7,0
2026-04-01T20:28:43.278259+00:00,135.01,11.11,135.01,11.11,-92.8,432993324.1673876,-6700.2,1425.9,4639.0,0
2026-04-01T20:28:43.723376+00:00,135.11,11.07,135.11,11.07,-92.8,432993324.1673876,-6715.0,1427.9,4649.2,0
2026-04-01T20:28:44.210245+00:00,135.23,11.03,135.23,11.03,-92.8,432993324.1673876,-6731.0,1430.2,4660.3,0
2026-04-01T20:28:44.722399+00:00,135.35,10.99,135.35,10.99,-92.8,432993260.2859984,-6747.8,1432.6,4671.9,0
2026-04-01T20:28:45.209148+00:00,135.46,10.96,135.46,10.96,-92.8,432993260.2859984,-6762.4,1434.7,4682.0,0
2026-04-01T20:28:45.653136+00:00,135.57,10.92,135.57,10.92,-92.8,432993260.2859984,-6778.0,1436.9,4692.8,0
2026-04-01T20:28:46.097146+00:00,135.68,10.89,135.68,10.89,-92.8,432993260.2859984,-6792.4,1439.0,4702.8,0
2026-04-01T20:28:46.641162+00:00,135.81,10.84,135.81,10.84,-92.8,432993199.0746497,-6809.9,1441.6,4714.9,0
2026-04-01T20:28:47.085161+00:00,135.91,10.81,135.91,10.81,-92.8,432993199.0746497,-6824.2,1443.7,4724.8,0
2026-04-01T20:28:47.569179+00:00,136.01,10.77,136.01,10.77,-92.8,432993199.0746497,-6838.3,1445.8,4734.6,0
2026-04-01T20:28:48.013160+00:00,136.13,10.73,136.13,10.73,-92.8,432993199.0746497,-6853.7,1448.1,4745.2,0
2026-04-01T20:28:48.522284+00:00,136.24,10.69,136.24,10.69,-92.8,432993138.08968323,-6869.6,1450.5,4756.2,0
2026-04-01T20:28:49.005147+00:00,136.36,10.66,136.36,10.66,-92.8,432993138.08968323,-6884.7,1452.8,4766.7,0
2026-04-01T20:28:49.449139+00:00,136.46,10.62,136.46,10.62,-92.8,432993138.08968323,-6898.6,1454.9,4776.3,0
2026-04-01T20:28:49.933149+00:00,136.56,10.59,136.56,10.59,-92.8,432993138.08968323,-6912.4,1457.0,4785.9,0
2026-04-01T20:28:50.442255+00:00,136.68,10.54,136.68,10.54,-92.8,432993078.1463569,-6929.3,1459.7,4797.6,0
2026-04-01T20:28:50.889595+00:00,136.79,10.51,136.79,10.51,-92.8,432993078.1463569,-6943.1,1461.8,4807.1,0
2026-04-01T20:28:51.378033+00:00,136.90,10.47,136.9,10.47,-92.8,432993078.1463569,-6958.0,1464.1,4817.4,0
2026-04-01T20:28:51.830146+00:00,137.00,10.43,137.0,10.43,-92.8,432993078.1463569,-6971.6,1466.3,4826.9,0
2026-04-01T20:28:52.394007+00:00,137.12,10.39,137.12,10.39,-92.8,432993020.0479398,-6987.7,1468.9,4838.0,0
2026-04-01T20:28:52.842257+00:00,137.23,10.35,137.23,10.35,-92.8,432993020.0479398,-7002.5,1471.2,4848.3,0
2026-04-01T20:28:53.290432+00:00,137.33,10.32,137.33,10.32,-92.8,432993020.0479398,-7015.9,1473.4,4857.5,0
2026-04-01T20:28:53.778334+00:00,137.44,10.28,137.44,10.28,-92.8,432993020.0479398,-7030.5,1475.8,4867.7,0
2026-04-01T20:28:54.286270+00:00,137.55,10.24,137.55,10.24,-92.8,432992961.5397779,-7045.5,1478.2,4878.1,0
2026-04-01T20:28:54.774137+00:00,137.65,10.20,137.65,10.2,-92.8,432992961.5397779,-7058.9,1480.4,4887.3,0
2026-04-01T20:28:55.223063+00:00,137.76,10.17,137.76,10.17,-92.8,432992961.5397779,-7073.2,1482.8,4897.2,0
2026-04-01T20:28:55.667490+00:00,137.86,10.13,137.86,10.13,-92.8,432992961.5397779,-7086.4,1485.0,4906.3,0
2026-04-01T20:28:56.218307+00:00,137.98,10.09,137.98,10.09,-92.8,432992905.89771336,-7102.3,1487.7,4917.3,0
2026-04-01T20:28:56.662516+00:00,138.08,10.05,138.08,10.05,-92.8,432992905.89771336,-7115.4,1489.9,4926.4,0
2026-04-01T20:28:57.154027+00:00,138.17,10.02,138.17,10.02,-92.8,432992905.89771336,-7128.2,1492.1,4935.3,0
2026-04-01T20:28:57.602021+00:00,138.28,9.98,138.28,9.98,-92.8,432992905.89771336,-7142.3,1494.5,4945.1,0
2026-04-01T20:28:58.110226+00:00,138.39,9.94,138.39,9.94,-92.8,432992850.0200985,-7156.8,1497.1,4955.1,0
2026-04-01T20:28:58.598256+00:00,138.50,9.90,138.5,9.9,-92.8,432992850.0200985,-7170.8,1499.5,4964.8,0
2026-04-01T20:28:59.041754+00:00,138.59,9.87,138.59,9.87,-92.8,432992850.0200985,-7183.4,1501.7,4973.5,0
2026-04-01T20:28:59.530189+00:00,138.69,9.83,138.69,9.83,-92.8,432992850.0200985,-7196.0,1503.9,4982.2,0
2026-04-01T20:29:00.042909+00:00,138.81,9.79,138.81,9.79,-92.8,432992795.4126218,-7211.4,1506.7,4992.9,0
2026-04-01T20:29:00.490294+00:00,138.90,9.75,138.9,9.75,-92.8,432992795.4126218,-7223.9,1508.9,5001.6,0
2026-04-01T20:29:00.982256+00:00,139.01,9.72,139.01,9.72,-92.8,432992795.4126218,-7237.5,1511.4,5011.0,0
2026-04-01T20:29:01.430269+00:00,139.10,9.68,139.1,9.68,-92.8,432992795.4126218,-7250.0,1513.6,5019.6,0
2026-04-01T20:29:01.977991+00:00,139.21,9.64,139.21,9.64,-92.8,432992742.6422966,-7264.0,1516.2,5029.3,0
2026-04-01T20:29:02.427331+00:00,139.31,9.60,139.31,9.6,-92.8,432992742.6422966,-7277.4,1518.6,5038.6,0
2026-04-01T20:29:02.869613+00:00,139.41,9.57,139.41,9.57,-92.8,432992742.6422966,-7289.5,1520.9,5047.0,0
2026-04-01T20:29:03.358016+00:00,139.51,9.53,139.51,9.53,-92.8,432992742.6422966,-7302.7,1523.3,5056.1,0
2026-04-01T20:29:03.865632+00:00,139.61,9.49,139.61,9.49,-92.8,432992690.1448994,-7316.4,1525.9,5065.6,0
2026-04-01T20:29:04.357906+00:00,139.71,9.46,139.71,9.46,-92.8,432992690.1448994,-7328.4,1528.2,5073.9,0
2026-04-01T20:29:04.802253+00:00,139.81,9.42,139.81,9.42,-92.8,432992690.1448994,-7341.4,1530.7,5082.9,0
2026-04-01T20:29:05.253456+00:00,139.90,9.38,139.9,9.38,-92.8,432992690.1448994,-7353.4,1533.0,5091.2,0
2026-04-01T20:29:05.801782+00:00,140.01,9.34,140.01,9.34,-92.8,432992639.52696824,-7368.0,1535.8,5101.3,0
2026-04-01T20:29:06.251453+00:00,140.10,9.31,140.1,9.31,-92.8,432992639.52696824,-7379.7,1538.0,5109.4,0
2026-04-01T20:29:06.738289+00:00,140.20,9.27,140.2,9.27,-92.8,432992639.52696824,-7391.4,1540.3,5117.5,0
2026-04-01T20:29:07.182514+00:00,140.30,9.23,140.3,9.23,-92.8,432992639.52696824,-7404.1,1542.8,5126.3,0
2026-04-01T20:29:07.695411+00:00,140.40,9.19,140.4,9.19,-92.8,432992589.01834923,-7417.2,1545.4,5135.4,0
2026-04-01T20:29:08.183307+00:00,140.50,9.16,140.5,9.16,-92.8,432992589.01834923,-7429.9,1547.9,5144.2,0
2026-04-01T20:29:08.626260+00:00,140.59,9.12,140.59,9.12,-92.8,432992589.01834923,-7441.4,1550.2,5152.1,0
2026-04-01T20:29:09.114245+00:00,140.68,9.09,140.68,9.09,-92.8,432992589.01834923,-7452.7,1552.5,5160.0,0
2026-04-01T20:29:09.562233+00:00,140.77,9.05,140.77,9.05,-92.8,432992589.01834923,-7465.2,1555.1,5168.6,0
2026-04-01T20:29:10.070209+00:00,140.86,9.02,140.86,9.02,-92.8,432992523.5022126,-7476.5,1557.4,5176.4,0
2026-04-01T20:29:10.558206+00:00,140.97,8.97,140.97,8.97,-92.8,432992523.5022126,-7490.3,1560.2,5186.0,0
2026-04-01T20:29:11.006243+00:00,141.06,8.94,141.06,8.94,-92.8,432992523.5022126,-7501.5,1562.5,5193.8,0
2026-04-01T20:29:11.494239+00:00,141.15,8.90,141.15,8.9,-92.8,432992523.5022126,-7512.7,1564.9,5201.5,0
2026-04-01T20:29:11.938058+00:00,141.25,8.87,141.25,8.87,-92.8,432992523.5022126,-7524.8,1567.4,5209.9,0
2026-04-01T20:29:12.386259+00:00,141.33,8.83,141.33,8.83,-92.8,432992523.5022126,-7535.8,1569.7,5217.5,0
2026-04-01T20:29:12.933992+00:00,141.44,8.79,141.44,8.79,-92.8,432992457.663781,-7549.3,1572.6,5226.8,0
2026-04-01T20:29:13.381970+00:00,141.53,8.76,141.53,8.76,-92.8,432992457.663781,-7560.2,1574.9,5234.4,0
2026-04-01T20:29:13.869211+00:00,141.61,8.72,141.61,8.72,-92.8,432992457.663781,-7571.1,1577.3,5241.9,0
2026-04-01T20:29:14.313285+00:00,141.71,8.69,141.71,8.69,-92.8,432992457.663781,-7582.9,1579.8,5250.1,0
2026-04-01T20:29:14.757159+00:00,141.80,8.65,141.8,8.65,-92.8,432992457.663781,-7593.6,1582.2,5257.5,0
2026-04-01T20:29:15.306281+00:00,141.89,8.61,141.89,8.61,-92.8,432992394.7796018,-7605.2,1584.7,5265.6,0
2026-04-01T20:29:15.745248+00:00,141.98,8.58,141.98,8.58,-92.8,432992394.7796018,-7617.2,1587.4,5273.9,0
2026-04-01T20:29:16.233163+00:00,142.07,8.54,142.07,8.54,-92.8,432992394.7796018,-7627.8,1589.7,5281.2,0
2026-04-01T20:29:16.677148+00:00,142.16,8.51,142.16,8.51,-92.8,432992394.7796018,-7639.2,1592.3,5289.1,0
2026-04-01T20:29:17.121172+00:00,142.25,8.47,142.25,8.47,-92.8,432992394.7796018,-7649.6,1594.6,5296.3,0
2026-04-01T20:29:17.605139+00:00,142.34,8.43,142.34,8.43,-92.8,432992394.7796018,-7661.0,1597.2,5304.2,0
2026-04-01T20:29:18.109152+00:00,142.43,8.40,142.43,8.4,-92.8,432992332.8270454,-7672.7,1599.9,5312.3,0
2026-04-01T20:29:18.593157+00:00,142.52,8.36,142.52,8.36,-92.8,432992332.8270454,-7683.0,1602.2,5319.4,0
2026-04-01T20:29:19.038313+00:00,142.61,8.33,142.61,8.33,-92.8,432992332.8270454,-7694.3,1604.8,5327.2,0
2026-04-01T20:29:19.487157+00:00,142.69,8.29,142.69,8.29,-92.8,432992332.8270454,-7704.4,1607.2,5334.3,0
2026-04-01T20:29:19.973584+00:00,142.78,8.26,142.78,8.26,-92.8,432992332.8270454,-7715.6,1609.8,5342.0,0
2026-04-01T20:29:20.482018+00:00,142.86,8.22,142.86,8.22,-92.8,432992274.208866,-7725.8,1612.2,5349.0,0
2026-04-01T20:29:20.969995+00:00,142.96,8.18,142.96,8.18,-92.8,432992274.208866,-7737.3,1614.9,5357.0,0
2026-04-01T20:29:21.418005+00:00,143.05,8.15,143.05,8.15,-92.8,432992274.208866,-7748.3,1617.5,5364.6,0
2026-04-01T20:29:21.865785+00:00,143.13,8.11,143.13,8.11,-92.8,432992274.208866,-7758.3,1619.9,5371.5,0
2026-04-01T20:29:22.354015+00:00,143.22,8.08,143.22,8.08,-92.8,432992274.208866,-7769.1,1622.5,5379.0,0
2026-04-01T20:29:22.803114+00:00,143.30,8.04,143.3,8.04,-92.8,432992274.208866,-7779.1,1625.0,5385.9,0
2026-04-01T20:29:23.349798+00:00,143.39,8.00,143.39,8.0,-92.8,432992215.0018108,-7790.2,1627.7,5393.6,0
2026-04-01T20:29:23.797758+00:00,143.48,7.97,143.48,7.97,-92.8,432992215.0018108,-7801.0,1630.3,5401.1,0
2026-04-01T20:29:24.243008+00:00,143.56,7.93,143.56,7.93,-92.8,432992215.0018108,-7810.7,1632.7,5407.8,0
2026-04-01T20:29:24.734241+00:00,143.65,7.90,143.65,7.9,-92.8,432992215.0018108,-7821.3,1635.4,5415.2,0
2026-04-01T20:29:25.178277+00:00,143.73,7.86,143.73,7.86,-92.8,432992215.0018108,-7831.1,1637.8,5421.9,0
2026-04-01T20:29:25.730273+00:00,143.81,7.83,143.81,7.83,-92.8,432992159.34775716,-7840.7,1640.2,5428.6,0
2026-04-01T20:29:26.174456+00:00,143.91,7.79,143.91,7.79,-92.8,432992159.34775716,-7852.5,1643.2,5436.8,0
2026-04-01T20:29:26.622223+00:00,143.99,7.76,143.99,7.76,-92.8,432992159.34775716,-7862.0,1645.6,5443.3,0
2026-04-01T20:29:27.110234+00:00,144.08,7.72,144.08,7.72,-92.8,432992159.34775716,-7872.3,1648.3,5450.5,0
2026-04-01T20:29:27.558030+00:00,144.16,7.69,144.16,7.69,-92.8,432992159.34775716,-7881.8,1650.7,5457.0,0
2026-04-01T20:29:28.046221+00:00,144.23,7.65,144.23,7.65,-92.8,432992159.34775716,-7891.2,1653.2,5463.6,0
2026-04-01T20:29:28.554269+00:00,144.33,7.61,144.33,7.61,-92.8,432992102.4045239,-7902.6,1656.2,5471.5,0
2026-04-01T20:29:29.002235+00:00,144.41,7.58,144.41,7.58,-92.8,432992102.4045239,-7911.9,1658.6,5477.9,0
2026-04-01T20:29:29.490290+00:00,144.49,7.54,144.49,7.54,-92.8,432992102.4045239,-7922.1,1661.3,5484.9,0
2026-04-01T20:29:29.937159+00:00,144.57,7.51,144.57,7.51,-92.8,432992102.4045239,-7931.3,1663.8,5491.3,0
2026-04-01T20:29:30.421155+00:00,144.65,7.48,144.65,7.48,-92.8,432992102.4045239,-7940.4,1666.2,5497.6,0
2026-04-01T20:29:30.925169+00:00,144.73,7.44,144.73,7.44,-92.8,432992049.75832105,-7950.2,1668.9,5504.4,0
2026-04-01T20:29:31.369715+00:00,144.82,7.40,144.82,7.4,-92.8,432992049.75832105,-7960.6,1671.7,5511.6,0
2026-04-01T20:29:31.853163+00:00,144.90,7.37,144.9,7.37,-92.8,432992049.75832105,-7970.3,1674.3,5518.4,0
2026-04-01T20:29:32.297175+00:00,144.98,7.34,144.98,7.34,-92.8,432992049.75832105,-7979.3,1676.8,5524.5,0
2026-04-01T20:29:32.786375+00:00,145.05,7.30,145.05,7.3,-92.8,432992049.75832105,-7988.2,1679.3,5530.7,0
2026-04-01T20:29:33.225257+00:00,145.14,7.27,145.14,7.27,-92.8,432992049.75832105,-7997.8,1681.9,5537.3,0
2026-04-01T20:29:33.736966+00:00,145.22,7.23,145.22,7.23,-92.8,432991997.02325785,-8007.8,1684.7,5544.3,0
2026-04-01T20:29:34.237221+00:00,145.31,7.19,145.31,7.19,-92.8,432991997.02325785,-8017.7,1687.5,5551.2,0
2026-04-01T20:29:34.681143+00:00,145.38,7.16,145.38,7.16,-92.8,432991997.02325785,-8026.4,1690.0,5557.2,0
2026-04-01T20:29:35.165997+00:00,145.46,7.13,145.46,7.13,-92.8,432991997.02325785,-8035.1,1692.4,5563.2,0
2026-04-01T20:29:35.614247+00:00,145.54,7.09,145.54,7.09,-92.8,432991997.02325785,-8044.5,1695.2,5569.7,0
2026-04-01T20:29:36.062260+00:00,145.61,7.06,145.61,7.06,-92.8,432991997.02325785,-8053.2,1697.7,5575.7,0
2026-04-01T20:29:36.610241+00:00,145.69,7.02,145.69,7.02,-92.8,432991937.3782483,-8062.6,1700.4,5582.2,0
2026-04-01T20:29:37.058261+00:00,145.78,6.99,145.78,6.99,-92.8,432991937.3782483,-8072.3,1703.2,5589.0,0
2026-04-01T20:29:37.546246+00:00,145.85,6.95,145.85,6.95,-92.8,432991937.3782483,-8080.9,1705.7,5594.9,0
2026-04-01T20:29:37.993585+00:00,145.93,6.92,145.93,6.92,-92.8,432991937.3782483,-8090.1,1708.5,5601.3,0
2026-04-01T20:29:38.438051+00:00,146.01,6.89,146.01,6.89,-92.8,432991937.3782483,-8098.5,1710.9,5607.1,0
2026-04-01T20:29:38.934346+00:00,146.09,6.85,146.09,6.85,-92.8,432991937.3782483,-8107.7,1713.7,5613.4,0
2026-04-01T20:29:39.457994+00:00,146.17,6.81,146.17,6.81,-92.8,432991887.21026045,-8117.5,1716.7,5620.3,0
2026-04-01T20:29:39.945732+00:00,146.25,6.78,146.25,6.78,-92.8,432991887.21026045,-8126.7,1719.4,5626.6,0
2026-04-01T20:29:40.394136+00:00,146.32,6.75,146.32,6.75,-92.8,432991887.21026045,-8134.9,1721.9,5632.3,0
2026-04-01T20:29:40.882342+00:00,146.40,6.71,146.4,6.71,-92.8,432991887.21026045,-8143.2,1724.5,5638.0,0
2026-04-01T20:29:41.326543+00:00,146.48,6.68,146.48,6.68,-92.8,432991887.21026045,-8152.1,1727.2,5644.2,0
2026-04-01T20:29:41.774259+00:00,146.55,6.65,146.55,6.65,-92.8,432991887.21026045,-8160.2,1729.7,5649.8,0
2026-04-01T20:29:42.466006+00:00,146.65,6.60,146.65,6.6,-92.8,432991828.3939085,-8171.6,1733.3,5657.7,0
2026-04-01T20:29:42.934304+00:00,146.73,6.56,146.73,6.56,-92.8,432991828.3939085,-8180.8,1736.2,5664.1,0
2026-04-01T20:29:43.463002+00:00,146.82,6.52,146.82,6.52,-92.8,432991828.3939085,-8190.7,1739.3,5670.9,0
2026-04-01T20:29:43.970571+00:00,146.89,6.49,146.89,6.49,-92.8,432991828.3939085,-8199.0,1741.9,5676.6,0
2026-04-01T20:29:44.497153+00:00,146.98,6.45,146.98,6.45,-92.8,432991828.3939085,-8209.0,1745.1,5683.6,0
2026-04-01T20:29:45.021184+00:00,147.06,6.42,147.06,6.42,-92.8,432991828.3939085,-8217.6,1747.9,5689.5,0
2026-04-01T20:29:45.609133+00:00,147.14,6.38,147.14,6.38,-92.8,432991772.44788533,-8227.6,1751.2,5696.4,0
2026-04-01T20:29:46.073169+00:00,147.22,6.34,147.22,6.34,-92.8,432991772.44788533,-8236.3,1754.0,5702.5,0
2026-04-01T20:29:46.597146+00:00,147.31,6.30,147.31,6.3,-92.8,432991772.44788533,-8245.8,1757.2,5709.1,0
2026-04-01T20:29:47.041153+00:00,147.38,6.27,147.38,6.27,-92.8,432991772.44788533,-8253.5,1759.7,5714.4,0
2026-04-01T20:29:47.525156+00:00,147.45,6.24,147.45,6.24,-92.8,432991772.44788533,-8261.1,1762.2,5719.7,0
2026-04-01T20:29:47.969162+00:00,147.52,6.20,147.52,6.2,-92.8,432991772.44788533,-8269.4,1765.0,5725.4,0
2026-04-01T20:29:48.413161+00:00,147.59,6.17,147.59,6.17,-92.8,432991772.44788533,-8277.0,1767.5,5730.7,0
2026-04-01T20:29:48.961141+00:00,147.67,6.13,147.67,6.13,-92.8,432991718.59713167,-8286.2,1770.7,5737.0,0
2026-04-01T20:29:49.405166+00:00,147.74,6.10,147.74,6.1,-92.8,432991718.59713167,-8293.6,1773.2,5742.2,0
2026-04-01T20:29:49.890261+00:00,147.81,6.07,147.81,6.07,-92.8,432991718.59713167,-8301.1,1775.7,5747.4,0
2026-04-01T20:29:50.338007+00:00,147.88,6.04,147.88,6.04,-92.8,432991718.59713167,-8309.2,1778.6,5753.0,0
2026-04-01T20:29:50.782914+00:00,147.95,6.01,147.95,6.01,-92.8,432991718.59713167,-8316.6,1781.1,5758.1,0
2026-04-01T20:29:51.393967+00:00,148.02,5.97,148.02,5.97,-92.8,432991718.59713167,-8324.7,1783.9,5763.7,0
2026-04-01T20:29:51.842133+00:00,148.11,5.93,148.11,5.93,-92.8,432991718.59713167,-8334.1,1787.2,5770.2,0
2026-04-01T20:29:52.390289+00:00,148.19,5.89,148.19,5.89,-92.8,432991661.54247046,-8343.1,1790.4,5776.4,0
2026-04-01T20:29:52.837583+00:00,148.26,5.86,148.26,5.86,-92.8,432991661.54247046,-8350.3,1793.0,5781.4,0
2026-04-01T20:29:53.326107+00:00,148.32,5.83,148.32,5.83,-92.8,432991661.54247046,-8357.6,1795.6,5786.5,0
2026-04-01T20:29:53.775654+00:00,148.39,5.80,148.39,5.8,-92.8,432991661.54247046,-8365.4,1798.4,5791.9,0
2026-04-01T20:29:54.221736+00:00,148.46,5.76,148.46,5.76,-92.8,432991661.54247046,-8372.6,1801.0,5796.9,0
2026-04-01T20:29:54.706256+00:00,148.53,5.73,148.53,5.73,-92.8,432991661.54247046,-8380.4,1803.8,5802.2,0
2026-04-01T20:29:55.154245+00:00,148.60,5.70,148.6,5.7,-92.8,432991661.54247046,-8387.5,1806.4,5807.2,0
2026-04-01T20:29:55.703624+00:00,148.67,5.66,148.67,5.66,-92.8,432991608.3095075,-8395.5,1809.4,5812.7,0
2026-04-01T20:29:56.150244+00:00,148.74,5.63,148.74,5.63,-92.8,432991608.3095075,-8403.2,1812.2,5818.0,0
2026-04-01T20:29:56.598267+00:00,148.81,5.60,148.81,5.6,-92.8,432991608.3095075,-8410.2,1814.8,5822.9,0
2026-04-01T20:29:57.086243+00:00,148.88,5.57,148.88,5.57,-92.8,432991608.3095075,-8417.8,1817.6,5828.1,0
2026-04-01T20:29:57.533997+00:00,148.94,5.53,148.94,5.53,-92.8,432991608.3095075,-8424.7,1820.2,5832.9,0
2026-04-01T20:29:58.021990+00:00,149.01,5.50,149.01,5.5,-92.8,432991608.3095075,-8431.6,1822.9,5837.7,0
2026-04-01T20:29:58.470046+00:00,149.08,5.47,149.08,5.47,-92.8,432991608.3095075,-8439.1,1825.7,5842.9,0
2026-04-01T20:29:58.977630+00:00,149.15,5.44,149.15,5.44,-92.8,432991556.8015627,-8446.8,1828.7,5848.3,0
2026-04-01T20:29:59.468978+00:00,149.22,5.40,149.22,5.4,-92.8,432991556.8015627,-8454.3,1831.5,5853.4,0
2026-04-01T20:29:59.913988+00:00,149.28,5.37,149.28,5.37,-92.8,432991556.8015627,-8461.1,1834.2,5858.1,0
2026-04-01T20:30:00.401987+00:00,149.35,5.34,149.35,5.34,-92.8,432991556.8015627,-8467.8,1836.8,5862.8,0
2026-04-01T20:30:00.849638+00:00,149.42,5.31,149.42,5.31,-92.8,432991556.8015627,-8475.1,1839.7,5867.9,0
2026-04-01T20:30:01.296283+00:00,149.48,5.28,149.48,5.28,-92.8,432991556.8015627,-8481.8,1842.3,5872.5,0
2026-04-01T20:30:01.786597+00:00,149.55,5.24,149.55,5.24,-92.8,432991556.8015627,-8489.0,1845.1,5877.5,0
2026-04-01T20:30:02.336519+00:00,149.62,5.21,149.62,5.21,-92.8,432991556.8015627,-8496.6,1848.1,5882.7,0
2026-04-01T20:30:02.882080+00:00,149.70,5.17,149.7,5.17,-92.8,432991498.9062549,-8505.2,1851.6,5888.7,0
2026-04-01T20:30:03.330030+00:00,149.76,5.14,149.76,5.14,-92.8,432991498.9062549,-8511.7,1854.2,5893.2,0
2026-04-01T20:30:03.818223+00:00,149.83,5.11,149.83,5.11,-92.8,432991498.9062549,-8518.2,1856.9,5897.7,0
2026-04-01T20:30:04.266408+00:00,149.89,5.07,149.89,5.07,-92.8,432991498.9062549,-8525.3,1859.8,5902.6,0
2026-04-01T20:30:04.715362+00:00,149.96,5.04,149.96,5.04,-92.8,432991498.9062549,-8531.7,1862.4,5907.0,0
2026-04-01T20:30:05.203081+00:00,150.02,5.01,150.02,5.01,-92.8,432991498.9062549,-8538.8,1865.3,5911.9,0
2026-04-01T20:30:05.646026+00:00,150.09,4.98,150.09,4.98,-92.8,432991498.9062549,-8545.1,1867.9,5916.3,0
2026-04-01T20:30:06.134247+00:00,150.15,4.95,150.15,4.95,-92.8,432991498.9062549,-8551.4,1870.6,5920.7,0
2026-04-01T20:30:06.642340+00:00,150.21,4.92,150.21,4.92,-92.8,432991441.67598873,-8558.3,1873.4,5925.5,0
2026-04-01T20:30:07.090283+00:00,150.28,4.88,150.28,4.88,-92.8,432991441.67598873,-8565.5,1876.5,5930.4,0
2026-04-01T20:30:07.579378+00:00,150.35,4.85,150.35,4.85,-92.8,432991441.67598873,-8572.3,1879.4,5935.1,0
2026-04-01T20:30:08.046279+00:00,150.41,4.82,150.41,4.82,-92.8,432991441.67598873,-8578.8,1882.1,5939.6,0
2026-04-01T20:30:08.534218+00:00,150.47,4.79,150.47,4.79,-92.8,432991441.67598873,-8585.0,1884.8,5943.9,0
2026-04-01T20:30:08.982203+00:00,150.54,4.76,150.54,4.76,-92.8,432991441.67598873,-8591.7,1887.7,5948.6,0
2026-04-01T20:30:09.430011+00:00,150.60,4.73,150.6,4.73,-92.8,432991441.67598873,-8597.9,1890.4,5952.8,0
2026-04-01T20:30:09.917644+00:00,150.66,4.69,150.66,4.69,-92.8,432991441.67598873,-8604.5,1893.3,5957.4,0
2026-04-01T20:30:10.366327+00:00,150.72,4.66,150.72,4.66,-92.8,432991441.67598873,-8610.7,1895.9,5961.7,0
2026-04-01T20:30:10.914089+00:00,150.79,4.63,150.79,4.63,-92.8,432991385.73772323,-8617.5,1899.0,5966.4,0
2026-04-01T20:30:11.362004+00:00,150.85,4.60,150.85,4.6,-92.8,432991385.73772323,-8624.1,1901.9,5971.0,0
2026-04-01T20:30:11.811496+00:00,150.91,4.57,150.91,4.57,-92.8,432991385.73772323,-8630.0,1904.5,5975.1,0
2026-04-01T20:30:12.298402+00:00,150.98,4.54,150.98,4.54,-92.8,432991385.73772323,-8636.6,1907.5,5979.6,0
2026-04-01T20:30:12.885624+00:00,151.04,4.51,151.04,4.51,-92.8,432991385.73772323,-8642.5,1910.2,5983.8,0
2026-04-01T20:30:13.374054+00:00,151.12,4.46,151.12,4.46,-92.8,432991385.73772323,-8650.8,1913.9,5989.5,0
2026-04-01T20:30:13.823400+00:00,151.18,4.44,151.18,4.44,-92.8,432991385.73772323,-8656.7,1916.6,5993.6,0
2026-04-01T20:30:14.310000+00:00,151.23,4.41,151.23,4.41,-92.8,432991385.73772323,-8662.5,1919.3,5997.6,0
2026-04-01T20:30:14.817642+00:00,151.31,4.37,151.31,4.37,-92.8,432991333.4589506,-8669.7,1922.6,6002.6,0
2026-04-01T20:30:15.265050+00:00,151.36,4.34,151.36,4.34,-92.8,432991333.4589506,-8675.5,1925.3,6006.6,0
2026-04-01T20:30:15.745298+00:00,151.43,4.31,151.43,4.31,-92.8,432991333.4589506,-8681.7,1928.2,6010.9,0
2026-04-01T20:30:16.189165+00:00,151.48,4.28,151.48,4.28,-92.8,432991333.4589506,-8687.4,1930.8,6014.8,0
2026-04-01T20:30:16.673143+00:00,151.54,4.25,151.54,4.25,-92.8,432991333.4589506,-8693.1,1933.5,6018.7,0
2026-04-01T20:30:17.117157+00:00,151.60,4.22,151.6,4.22,-92.8,432991333.4589506,-8699.2,1936.4,6023.0,0
2026-04-01T20:30:17.561350+00:00,151.66,4.19,151.66,4.19,-92.8,432991333.4589506,-8704.8,1939.1,6026.9,0
2026-04-01T20:30:18.129154+00:00,151.72,4.16,151.72,4.16,-92.8,432991333.4589506,-8710.9,1942.0,6031.1,0
2026-04-01T20:30:18.573162+00:00,151.78,4.12,151.78,4.12,-92.8,432991333.4589506,-8717.4,1945.2,6035.6,0
2026-04-01T20:30:19.117124+00:00,151.85,4.09,151.85,4.09,-92.8,432991276.5305274,-8723.5,1948.1,6039.8,0
2026-04-01T20:30:19.561722+00:00,151.91,4.06,151.91,4.06,-92.8,432991276.5305274,-8729.8,1951.2,6044.1,0
2026-04-01T20:30:20.050253+00:00,151.97,4.03,151.97,4.03,-92.8,432991276.5305274,-8735.2,1953.9,6047.9,0
2026-04-01T20:30:20.495521+00:00,152.03,4.00,152.03,4.0,-92.8,432991276.5305274,-8741.2,1956.8,6052.1,0
2026-04-01T20:30:20.941722+00:00,152.08,3.97,152.08,3.97,-92.8,432991276.5305274,-8746.6,1959.5,6055.8,0
2026-04-01T20:30:21.430049+00:00,152.14,3.94,152.14,3.94,-92.8,432991276.5305274,-8752.6,1962.5,6059.9,0
2026-04-01T20:30:21.877599+00:00,152.20,3.91,152.2,3.91,-92.8,432991276.5305274,-8758.0,1965.2,6063.7,0
2026-04-01T20:30:22.365776+00:00,152.25,3.88,152.25,3.88,-92.8,432991276.5305274,-8763.4,1967.9,6067.4,0
2026-04-01T20:30:22.814907+00:00,152.31,3.85,152.31,3.85,-92.8,432991276.5305274,-8769.2,1970.9,6071.5,0
2026-04-01T20:30:23.397158+00:00,152.37,3.82,152.37,3.82,-92.8,432991276.5305274,-8774.6,1973.6,6075.2,0
2026-04-01T20:30:24.125149+00:00,152.47,3.77,152.47,3.77,-92.8,432991220.6719541,-8784.1,1978.5,6081.8,0
2026-04-01T20:30:24.649153+00:00,152.53,3.74,152.53,3.74,-92.8,432991220.6719541,-8790.5,1981.8,6086.2,0
2026-04-01T20:30:25.178270+00:00,152.59,3.70,152.59,3.7,-92.8,432991220.6719541,-8796.2,1984.7,6090.2,0
2026-04-01T20:30:25.665374+00:00,152.66,3.67,152.66,3.67,-92.8,432991220.6719541,-8802.8,1988.2,6094.7,0
2026-04-01T20:30:26.125152+00:00,152.72,3.64,152.72,3.64,-92.8,432991220.6719541,-8808.2,1991.0,6098.4,0
2026-04-01T20:30:26.613143+00:00,152.77,3.61,152.77,3.61,-92.8,432991220.6719541,-8813.3,1993.7,6102.0,0
2026-04-01T20:30:27.057144+00:00,152.83,3.58,152.83,3.58,-92.8,432991220.6719541,-8818.9,1996.7,6105.8,0
2026-04-01T20:30:27.501143+00:00,152.88,3.55,152.88,3.55,-92.8,432991220.6719541,-8823.9,1999.4,6109.4,0
2026-04-01T20:30:27.985995+00:00,152.94,3.52,152.94,3.52,-92.8,432991220.6719541,-8829.4,2002.4,6113.2,0
2026-04-01T20:30:28.494294+00:00,153.00,3.49,153.0,3.49,-92.8,432991167.5363143,-8835.2,2005.5,6117.2,0
2026-04-01T20:30:28.981138+00:00,153.05,3.46,153.05,3.46,-92.8,432991167.5363143,-8840.2,2008.2,6120.6,0
2026-04-01T20:30:29.425318+00:00,153.11,3.43,153.11,3.43,-92.8,432991167.5363143,-8845.7,2011.2,6124.4,0
