t,az_cmd,el_cmd,az_act,el_act,rssi,freq_hz,doppler_hz,range_km,range_rate,packets
2026-04-09T15:12:33.900242+00:00,105.43,3.81,105.43,3.81,None,436682686.7053073,7686.7,2933.7,-5277.2,1
2026-04-09T15:12:35.201285+00:00,105.34,3.86,105.34,3.86,-97.7,436682686.7053073,7677.6,2928.7,-5271.0,35
2026-04-09T15:12:36.151530+00:00,105.22,3.93,105.22,3.93,-104.7,436682686.7053073,7664.5,2921.6,-5261.9,74
2026-04-09T15:12:37.526284+00:00,105.13,3.99,105.13,3.99,-99.7,436682686.7053073,7654.7,2916.4,-5255.2,109
2026-04-09T15:12:38.412390+00:00,105.00,4.06,105.0,4.06,-95.7,436682686.7053073,7641.3,2909.3,-5246.0,148
2026-04-09T15:12:39.915265+00:00,104.90,4.12,104.9,4.12,-95.7,436682636.0190695,7630.3,2903.5,-5238.4,187
2026-04-09T15:12:41.043321+00:00,104.79,4.18,104.79,4.18,-98.7,436682636.0190695,7618.3,2897.3,-5230.2,220
2026-04-09T15:12:42.258185+00:00,104.68,4.24,104.68,4.24,-100.7,436682636.0190695,7605.8,2890.8,-5221.6,253
2026-04-09T15:12:43.429512+00:00,104.57,4.31,104.57,4.31,-105.7,436682636.0190695,7593.6,2884.6,-5213.2,290
2026-04-09T15:12:44.126308+00:00,104.44,4.38,104.44,4.38,-97.7,436682585.1628486,7580.4,2877.9,-5204.2,328
2026-04-09T15:12:44.451285+00:00,104.41,4.39,104.41,4.39,-98.7,436682585.1628486,7576.8,2876.1,-5201.7,328
2026-04-09T15:12:44.770135+00:00,104.38,4.41,104.38,4.41,-97.7,436682585.1628486,7573.4,2874.4,-5199.4,328
2026-04-09T15:12:45.119353+00:00,104.35,4.43,104.35,4.43,-97.7,436682585.1628486,7570.0,2872.7,-5197.1,328
2026-04-09T15:12:45.438309+00:00,104.32,4.45,104.32,4.45,-97.7,436682585.1628486,7566.5,2870.9,-5194.6,328
2026-04-09T15:12:45.762124+00:00,104.29,4.46,104.29,4.46,-97.7,436682585.1628486,7563.1,2869.2,-5192.3,328
2026-04-09T15:12:46.086201+00:00,104.26,4.48,104.26,4.48,-101.7,436682585.1628486,7559.7,2867.5,-5190.0,328
2026-04-09T15:12:46.430146+00:00,104.22,4.50,104.22,4.5,-97.7,436682585.1628486,7556.1,2865.7,-5187.5,328
2026-04-09T15:12:46.754152+00:00,104.19,4.52,104.19,4.52,-101.7,436682585.1628486,7552.7,2864.1,-5185.2,328
2026-04-09T15:12:47.078180+00:00,104.16,4.53,104.16,4.53,-98.7,436682585.1628486,7549.3,2862.4,-5182.8,328
2026-04-09T15:12:47.422159+00:00,104.13,4.55,104.13,4.55,-98.7,436682585.1628486,7545.9,2860.7,-5180.5,328
2026-04-09T15:12:47.746164+00:00,104.10,4.57,104.1,4.57,-102.7,436682585.1628486,7542.2,2858.9,-5178.0,328
2026-04-09T15:12:48.070173+00:00,104.07,4.59,104.07,4.59,-100.7,436682585.1628486,7538.8,2857.3,-5175.7,328
2026-04-09T15:12:48.394166+00:00,104.04,4.60,104.04,4.6,-100.7,436682585.1628486,7535.4,2855.6,-5173.3,328
2026-04-09T15:12:48.738856+00:00,104.00,4.62,104.0,4.62,-99.7,436682585.1628486,7531.7,2853.8,-5170.8,328
2026-04-09T15:12:49.082212+00:00,103.97,4.64,103.97,4.64,-99.7,436682529.56701714,7528.1,2852.0,-5168.3,328
2026-04-09T15:12:49.406088+00:00,103.94,4.66,103.94,4.66,-102.7,436682529.56701714,7524.6,2850.3,-5165.9,328
2026-04-09T15:12:49.750097+00:00,103.91,4.68,103.91,4.68,-98.7,436682529.56701714,7520.9,2848.6,-5163.4,328
2026-04-09T15:12:50.074857+00:00,103.87,4.69,103.87,4.69,-102.7,436682529.56701714,7517.5,2846.9,-5161.0,328
2026-04-09T15:12:50.398100+00:00,103.84,4.71,103.84,4.71,-102.7,436682529.56701714,7514.0,2845.2,-5158.6,328
2026-04-09T15:12:50.742113+00:00,103.81,4.73,103.81,4.73,-100.7,436682529.56701714,7510.5,2843.6,-5156.2,328
2026-04-09T15:12:51.062119+00:00,103.78,4.75,103.78,4.75,-98.7,436682529.56701714,7506.8,2841.8,-5153.7,328
2026-04-09T15:12:51.386105+00:00,103.75,4.76,103.75,4.76,-101.7,436682529.56701714,7503.3,2840.1,-5151.3,328
2026-04-09T15:12:51.710255+00:00,103.72,4.78,103.72,4.78,-100.7,436682529.56701714,7499.8,2838.5,-5148.9,328
2026-04-09T15:12:52.054294+00:00,103.68,4.80,103.68,4.8,-100.7,436682529.56701714,7496.1,2836.7,-5146.3,328
2026-04-09T15:12:52.378107+00:00,103.65,4.82,103.65,4.82,-100.7,436682529.56701714,7492.6,2835.0,-5143.9,328
2026-04-09T15:12:52.708291+00:00,103.62,4.83,103.62,4.83,-98.7,436682529.56701714,7489.0,2833.4,-5141.5,328
2026-04-09T15:12:53.051462+00:00,103.59,4.85,103.59,4.85,-96.7,436682529.56701714,7485.5,2831.7,-5139.1,328
2026-04-09T15:12:53.379160+00:00,103.55,4.87,103.55,4.87,None,436682529.56701714,7481.7,2829.9,-5136.5,328
2026-04-09T15:12:53.723363+00:00,103.52,4.89,103.52,4.89,-98.7,436682479.4362468,7477.9,2828.1,-5133.9,328
2026-04-09T15:12:54.070920+00:00,103.49,4.91,103.49,4.91,-98.7,436682479.4362468,7474.3,2826.5,-5131.4,328
2026-04-09T15:12:54.395163+00:00,103.45,4.93,103.45,4.93,-101.7,436682479.4362468,7470.5,2824.7,-5128.8,328
2026-04-09T15:12:54.723497+00:00,103.42,4.94,103.42,4.94,-98.7,436682479.4362468,7466.9,2823.0,-5126.3,328
2026-04-09T15:12:55.046988+00:00,103.39,4.96,103.39,4.96,-100.7,436682479.4362468,7463.3,2821.3,-5123.8,328
2026-04-09T15:12:55.395478+00:00,103.36,4.98,103.36,4.98,-96.7,436682479.4362468,7459.5,2819.6,-5121.2,328
2026-04-09T15:12:55.719484+00:00,103.32,5.00,103.32,5.0,-101.7,436682479.4362468,7455.9,2817.9,-5118.7,328
2026-04-09T15:12:56.047643+00:00,103.29,5.01,103.29,5.01,-107.7,436682479.4362468,7452.3,2816.2,-5116.2,328
2026-04-09T15:12:56.395480+00:00,103.26,5.03,103.26,5.03,-99.7,436682479.4362468,7448.4,2814.4,-5113.6,328
2026-04-09T15:12:56.719145+00:00,103.23,5.05,103.23,5.05,-103.7,436682479.4362468,7444.7,2812.8,-5111.1,328
2026-04-09T15:12:57.047209+00:00,103.19,5.07,103.19,5.07,-103.7,436682479.4362468,7441.1,2811.1,-5108.6,328
2026-04-09T15:12:57.391481+00:00,103.16,5.09,103.16,5.09,-100.7,436682479.4362468,7437.4,2809.4,-5106.0,328
2026-04-09T15:12:57.719165+00:00,103.13,5.10,103.13,5.1,-101.7,436682479.4362468,7433.6,2807.7,-5103.4,328
2026-04-09T15:12:58.047979+00:00,103.09,5.12,103.09,5.12,-103.7,436682479.4362468,7429.9,2806.0,-5100.9,328
2026-04-09T15:12:58.412670+00:00,103.06,5.14,103.06,5.14,-99.7,436682427.50891954,7426.0,2804.3,-5098.2,328
2026-04-09T15:12:58.735489+00:00,103.02,5.16,103.02,5.16,-100.7,436682427.50891954,7422.0,2802.5,-5095.5,328
2026-04-09T15:12:59.064570+00:00,102.99,5.18,102.99,5.18,-101.7,436682427.50891954,7418.4,2800.8,-5093.0,328
2026-04-09T15:12:59.387475+00:00,102.96,5.19,102.96,5.19,-98.7,436682427.50891954,7414.6,2799.2,-5090.4,328
2026-04-09T15:12:59.735552+00:00,102.93,5.21,102.93,5.21,-95.7,436682427.50891954,7410.7,2797.4,-5087.7,328
2026-04-09T15:13:00.058834+00:00,102.89,5.23,102.89,5.23,-101.7,436682427.50891954,7407.0,2795.7,-5085.2,328
2026-04-09T15:13:00.387187+00:00,102.86,5.25,102.86,5.25,-101.7,436682427.50891954,7403.3,2794.1,-5082.6,328
2026-04-09T15:13:00.731480+00:00,102.83,5.27,102.83,5.27,-100.7,436682427.50891954,7399.5,2792.4,-5080.0,328
2026-04-09T15:13:01.059054+00:00,102.79,5.28,102.79,5.28,-101.7,436682427.50891954,7395.6,2790.7,-5077.3,328
2026-04-09T15:13:01.383480+00:00,102.76,5.30,102.76,5.3,-100.7,436682427.50891954,7391.8,2789.0,-5074.7,328
2026-04-09T15:13:01.711585+00:00,102.73,5.32,102.73,5.32,-99.7,436682427.50891954,7388.1,2787.4,-5072.2,328
2026-04-09T15:13:02.059557+00:00,102.69,5.34,102.69,5.34,-100.7,436682427.50891954,7384.1,2785.6,-5069.4,328
2026-04-09T15:13:02.383626+00:00,102.66,5.36,102.66,5.36,-106.7,436682427.50891954,7380.3,2784.0,-5066.9,328
2026-04-09T15:13:02.711510+00:00,102.63,5.37,102.63,5.37,-103.7,436682427.50891954,7376.5,2782.3,-5064.2,328
2026-04-09T15:13:03.082742+00:00,102.59,5.39,102.59,5.39,-100.7,436682374.11006534,7372.5,2780.6,-5061.5,328
2026-04-09T15:13:03.403316+00:00,102.55,5.41,102.55,5.41,-101.7,436682374.11006534,7368.4,2778.8,-5058.7,328
2026-04-09T15:13:03.733394+00:00,102.52,5.43,102.52,5.43,-101.7,436682374.11006534,7364.6,2777.1,-5056.1,328
2026-04-09T15:13:04.055333+00:00,102.49,5.45,102.49,5.45,-101.7,436682374.11006534,7360.9,2775.5,-5053.5,328
2026-04-09T15:13:04.403138+00:00,102.45,5.47,102.45,5.47,-99.7,436682374.11006534,7356.8,2773.7,-5050.7,328
2026-04-09T15:13:04.727476+00:00,102.42,5.48,102.42,5.48,-101.7,436682374.11006534,7352.9,2772.1,-5048.0,328
2026-04-09T15:13:05.055131+00:00,102.39,5.50,102.39,5.5,-97.7,436682374.11006534,7349.1,2770.5,-5045.4,328
2026-04-09T15:13:05.399169+00:00,102.35,5.52,102.35,5.52,-101.7,436682374.11006534,7345.3,2768.8,-5042.8,328
2026-04-09T15:13:05.727463+00:00,102.32,5.54,102.32,5.54,-98.7,436682374.11006534,7341.2,2767.1,-5040.0,328
2026-04-09T15:13:06.054832+00:00,102.28,5.56,102.28,5.56,-104.7,436682374.11006534,7337.3,2765.4,-5037.3,328
2026-04-09T15:13:06.403148+00:00,102.25,5.57,102.25,5.57,-101.7,436682374.11006534,7333.4,2763.8,-5034.6,328
2026-04-09T15:13:06.728673+00:00,102.21,5.59,102.21,5.59,-105.7,436682374.11006534,7329.3,2762.0,-5031.8,328
2026-04-09T15:13:07.055787+00:00,102.18,5.61,102.18,5.61,-101.7,436682374.11006534,7325.4,2760.4,-5029.2,328
2026-04-09T15:13:07.378112+00:00,102.15,5.63,102.15,5.63,-103.7,436682374.11006534,7321.5,2758.7,-5026.5,328
2026-04-09T15:13:07.742094+00:00,102.11,5.65,102.11,5.65,-101.7,436682319.10668516,7317.2,2756.9,-5023.5,328
2026-04-09T15:13:08.066118+00:00,102.08,5.67,102.08,5.67,-101.7,436682319.10668516,7313.3,2755.3,-5020.9,328
2026-04-09T15:13:08.391565+00:00,102.04,5.68,102.04,5.68,-101.7,436682319.10668516,7309.5,2753.7,-5018.2,328
2026-04-09T15:13:08.734109+00:00,102.01,5.70,102.01,5.7,-101.7,436682319.10668516,7305.3,2751.9,-5015.3,328
2026-04-09T15:13:09.058120+00:00,101.97,5.72,101.97,5.72,-103.7,436682319.10668516,7301.4,2750.3,-5012.7,328
2026-04-09T15:13:09.378115+00:00,101.94,5.74,101.94,5.74,-103.7,436682319.10668516,7297.5,2748.7,-5010.0,328
2026-04-09T15:13:09.722099+00:00,101.91,5.75,101.91,5.75,-98.7,436682319.10668516,7293.6,2747.1,-5007.3,328
2026-04-09T15:13:10.046222+00:00,101.87,5.77,101.87,5.77,-97.7,436682319.10668516,7289.4,2745.3,-5004.4,328
2026-04-09T15:13:10.370116+00:00,101.84,5.79,101.84,5.79,-103.7,436682319.10668516,7285.4,2743.7,-5001.7,328
2026-04-09T15:13:10.694099+00:00,101.80,5.81,101.8,5.81,-101.7,436682319.10668516,7281.5,2742.1,-4999.0,328
2026-04-09T15:13:11.038216+00:00,101.77,5.83,101.77,5.83,-103.7,436682319.10668516,7277.4,2740.4,-4996.2,328
2026-04-09T15:13:11.362098+00:00,101.73,5.85,101.73,5.85,-106.7,436682319.10668516,7273.4,2738.8,-4993.4,328
2026-04-09T15:13:11.682106+00:00,101.70,5.86,101.7,5.86,-102.7,436682319.10668516,7269.4,2737.2,-4990.7,328
2026-04-09T15:13:12.026177+00:00,101.67,5.88,101.67,5.88,-104.7,436682319.10668516,7265.4,2735.6,-4988.0,328
2026-04-09T15:13:12.375529+00:00,101.63,5.90,101.63,5.9,-101.7,436682262.7164142,7261.0,2733.7,-4984.9,328
2026-04-09T15:13:12.699402+00:00,101.59,5.92,101.59,5.92,-103.7,436682262.7164142,7256.9,2732.1,-4982.1,328
2026-04-09T15:13:13.047608+00:00,101.56,5.94,101.56,5.94,-105.7,436682262.7164142,7252.9,2730.5,-4979.4,328
2026-04-09T15:13:13.375594+00:00,101.52,5.96,101.52,5.96,-103.7,436682262.7164142,7248.6,2728.8,-4976.4,328
2026-04-09T15:13:13.699476+00:00,101.49,5.97,101.49,5.97,-99.7,436682262.7164142,7244.5,2727.1,-4973.6,328
2026-04-09T15:13:14.047136+00:00,101.45,5.99,101.45,5.99,-102.7,436682262.7164142,7240.5,2725.5,-4970.9,328
2026-04-09T15:13:14.371496+00:00,101.42,6.01,101.42,6.01,-101.7,436682262.7164142,7236.2,2723.8,-4967.9,328
2026-04-09T15:13:14.699512+00:00,101.38,6.03,101.38,6.03,-100.7,436682262.7164142,7232.1,2722.2,-4965.1,328
2026-04-09T15:13:15.025529+00:00,101.35,6.05,101.35,6.05,-98.7,436682262.7164142,7228.1,2720.6,-4962.3,328
2026-04-09T15:13:15.371498+00:00,101.31,6.06,101.31,6.06,-98.7,436682262.7164142,7223.7,2718.8,-4959.3,328
2026-04-09T15:13:15.700573+00:00,101.27,6.08,101.27,6.08,-100.7,436682262.7164142,7219.6,2717.2,-4956.5,328
2026-04-09T15:13:16.023659+00:00,101.24,6.10,101.24,6.1,-103.7,436682262.7164142,7215.5,2715.6,-4953.7,328
2026-04-09T15:13:16.371227+00:00,101.20,6.12,101.2,6.12,-99.7,436682262.7164142,7211.4,2714.0,-4950.9,328
2026-04-09T15:13:16.695226+00:00,101.17,6.14,101.17,6.14,-99.7,436682262.7164142,7207.0,2712.3,-4947.9,328
2026-04-09T15:13:17.044655+00:00,101.13,6.16,101.13,6.16,-101.7,436682204.4193461,7202.6,2710.6,-4944.9,328
2026-04-09T15:13:17.387371+00:00,101.10,6.17,101.1,6.17,-98.7,436682204.4193461,7198.5,2709.0,-4942.0,328
2026-04-09T15:13:17.715183+00:00,101.06,6.19,101.06,6.19,-101.7,436682204.4193461,7194.1,2707.2,-4939.0,328
2026-04-09T15:13:18.044111+00:00,101.02,6.21,101.02,6.21,-99.7,436682204.4193461,7190.0,2705.6,-4936.2,328
2026-04-09T15:13:18.367488+00:00,100.99,6.23,100.99,6.23,-101.7,436682204.4193461,7185.8,2704.0,-4933.3,328
2026-04-09T15:13:18.715542+00:00,100.95,6.25,100.95,6.25,-101.7,436682204.4193461,7181.3,2702.3,-4930.2,328
2026-04-09T15:13:19.043190+00:00,100.92,6.27,100.92,6.27,-100.7,436682204.4193461,7177.1,2700.7,-4927.3,328
2026-04-09T15:13:19.367512+00:00,100.88,6.28,100.88,6.28,-97.7,436682204.4193461,7173.0,2699.1,-4924.5,328
2026-04-09T15:13:19.715487+00:00,100.84,6.30,100.84,6.3,-103.7,436682204.4193461,7168.5,2697.4,-4921.4,328
2026-04-09T15:13:20.038866+00:00,100.81,6.32,100.81,6.32,-103.7,436682204.4193461,7164.3,2695.8,-4918.5,328
2026-04-09T15:13:20.367510+00:00,100.77,6.34,100.77,6.34,-100.7,436682204.4193461,7160.1,2694.2,-4915.6,328
2026-04-09T15:13:20.715514+00:00,100.74,6.36,100.74,6.36,-101.7,436682204.4193461,7155.8,2692.6,-4912.7,328
2026-04-09T15:13:21.062921+00:00,100.70,6.38,100.7,6.38,-105.7,436682152.86398995,7151.0,2690.8,-4909.4,328
2026-04-09T15:13:21.387514+00:00,100.66,6.40,100.66,6.4,-100.7,436682152.86398995,7146.8,2689.1,-4906.5,328
2026-04-09T15:13:21.735543+00:00,100.62,6.41,100.62,6.41,-100.7,436682152.86398995,7142.5,2687.6,-4903.6,328
2026-04-09T15:13:22.059861+00:00,100.59,6.43,100.59,6.43,-99.7,436682152.86398995,7138.0,2685.9,-4900.5,328
2026-04-09T15:13:22.382100+00:00,100.55,6.45,100.55,6.45,-104.7,436682152.86398995,7133.8,2684.3,-4897.6,328
2026-04-09T15:13:22.706099+00:00,100.52,6.47,100.52,6.47,-101.7,436682152.86398995,7129.5,2682.7,-4894.7,328
2026-04-09T15:13:23.050166+00:00,100.48,6.49,100.48,6.49,-105.7,436682152.86398995,7125.0,2681.0,-4891.6,328
2026-04-09T15:13:23.374772+00:00,100.44,6.51,100.44,6.51,-101.7,436682152.86398995,7120.7,2679.4,-4888.6,328
2026-04-09T15:13:23.702314+00:00,100.41,6.52,100.41,6.52,-99.7,436682152.86398995,7116.5,2677.8,-4885.7,328
2026-04-09T15:13:24.042142+00:00,100.37,6.54,100.37,6.54,-100.7,436682152.86398995,7112.2,2676.2,-4882.8,328
2026-04-09T15:13:24.366099+00:00,100.33,6.56,100.33,6.56,-101.7,436682152.86398995,7107.6,2674.6,-4879.6,328
2026-04-09T15:13:24.690110+00:00,100.30,6.58,100.3,6.58,-105.7,436682152.86398995,7103.4,2673.0,-4876.7,328
2026-04-09T15:13:25.054150+00:00,100.26,6.60,100.26,6.6,-103.7,436682100.63439155,7098.8,2671.3,-4873.6,328
2026-04-09T15:13:25.378093+00:00,100.22,6.62,100.22,6.62,-100.7,436682100.63439155,7094.2,2669.7,-4870.4,328
2026-04-09T15:13:25.698105+00:00,100.19,6.63,100.19,6.63,-102.7,436682100.63439155,7089.9,2668.1,-4867.5,328
2026-04-09T15:13:26.022165+00:00,100.15,6.65,100.15,6.65,-99.7,436682100.63439155,7085.5,2666.5,-4864.5,328
2026-04-09T15:13:26.366112+00:00,100.11,6.67,100.11,6.67,-101.7,436682100.63439155,7080.9,2664.8,-4861.3,328
2026-04-09T15:13:26.690111+00:00,100.08,6.69,100.08,6.69,-105.7,436682100.63439155,7076.6,2663.3,-4858.3,328
2026-04-09T15:13:27.014634+00:00,100.04,6.71,100.04,6.71,-105.7,436682100.63439155,7072.2,2661.7,-4855.3,328
2026-04-09T15:13:27.364243+00:00,100.00,6.72,100.0,6.72,-101.7,436682100.63439155,7067.8,2660.1,-4852.3,328
2026-04-09T15:13:27.687184+00:00,99.96,6.74,99.96,6.74,-103.7,436682100.63439155,7063.2,2658.4,-4849.1,328
2026-04-09T15:13:28.014304+00:00,99.93,6.76,99.93,6.76,-97.7,436682100.63439155,7058.8,2656.8,-4846.1,328
2026-04-09T15:13:28.339488+00:00,99.89,6.78,99.89,6.78,-98.7,436682100.63439155,7054.4,2655.3,-4843.1,328
2026-04-09T15:13:28.687516+00:00,99.85,6.80,99.85,6.8,-101.7,436682100.63439155,7049.6,2653.6,-4839.8,328
2026-04-09T15:13:29.031953+00:00,99.81,6.82,99.81,6.82,-104.7,436682046.80595684,7044.9,2651.9,-4836.6,328
2026-04-09T15:13:29.359520+00:00,99.78,6.84,99.78,6.84,-104.7,436682046.80595684,7040.5,2650.3,-4833.5,328
2026-04-09T15:13:29.707182+00:00,99.74,6.86,99.74,6.86,-95.7,436682046.80595684,7035.7,2648.7,-4830.2,328
2026-04-09T15:13:30.031538+00:00,99.70,6.87,99.7,6.87,-100.7,436682046.80595684,7031.2,2647.1,-4827.2,328
2026-04-09T15:13:30.355658+00:00,99.66,6.89,99.66,6.89,-101.7,436682046.80595684,7026.8,2645.5,-4824.1,328
2026-04-09T15:13:30.703181+00:00,99.63,6.91,99.63,6.91,-99.7,436682046.80595684,7022.3,2644.0,-4821.1,328
2026-04-09T15:13:31.032286+00:00,99.59,6.93,99.59,6.93,-102.7,436682046.80595684,7017.5,2642.3,-4817.8,328
2026-04-09T15:13:31.355485+00:00,99.55,6.95,99.55,6.95,-100.7,436682046.80595684,7013.0,2640.7,-4814.7,328
2026-04-09T15:13:31.704413+00:00,99.51,6.97,99.51,6.97,-104.7,436682046.80595684,7008.5,2639.1,-4811.6,328
2026-04-09T15:13:32.027266+00:00,99.47,6.98,99.47,6.98,-97.7,436682046.80595684,7003.7,2637.5,-4808.3,328
2026-04-09T15:13:32.355208+00:00,99.44,7.00,99.44,7.0,-100.7,436682046.80595684,6999.1,2635.9,-4805.2,328
2026-04-09T15:13:32.679819+00:00,99.40,7.02,99.4,7.02,-100.7,436682046.80595684,6994.6,2634.3,-4802.1,328
2026-04-09T15:13:33.047500+00:00,99.36,7.04,99.36,7.04,-99.7,436681991.7243418,6989.5,2632.6,-4798.5,328
2026-04-09T15:13:33.376708+00:00,99.32,7.06,99.32,7.06,-105.7,436681991.7243418,6984.9,2631.0,-4795.4,328
2026-04-09T15:13:33.699288+00:00,99.28,7.08,99.28,7.08,-101.7,436681991.7243418,6980.3,2629.4,-4792.2,328
2026-04-09T15:13:34.051247+00:00,99.24,7.10,99.24,7.1,-101.7,436681991.7243418,6975.5,2627.8,-4788.9,328
2026-04-09T15:13:34.371199+00:00,99.21,7.11,99.21,7.11,-101.7,436681991.7243418,6970.9,2626.2,-4785.7,328
2026-04-09T15:13:34.696089+00:00,99.17,7.13,99.17,7.13,-104.7,436681991.7243418,6966.3,2624.7,-4782.6,328
2026-04-09T15:13:35.043218+00:00,99.13,7.15,99.13,7.15,-105.7,436681991.7243418,6961.7,2623.1,-4779.5,328
2026-04-09T15:13:35.367638+00:00,99.09,7.17,99.09,7.17,-107.7,436681991.7243418,6956.8,2621.4,-4776.1,328
2026-04-09T15:13:35.695451+00:00,99.05,7.19,99.05,7.19,-106.7,436681991.7243418,6952.2,2619.9,-4772.9,328
2026-04-09T15:13:36.018891+00:00,99.02,7.21,99.02,7.21,-105.7,436681991.7243418,6947.5,2618.3,-4769.7,328
2026-04-09T15:13:36.367495+00:00,98.98,7.23,98.98,7.23,-101.7,436681991.7243418,6942.6,2616.7,-4766.3,328
2026-04-09T15:13:36.691777+00:00,98.94,7.24,98.94,7.24,-102.7,436681991.7243418,6937.9,2615.1,-4763.1,328
2026-04-09T15:13:37.039495+00:00,98.90,7.26,98.9,7.26,-102.7,436681935.0133078,6933.0,2613.5,-4759.7,328
2026-04-09T15:13:37.383574+00:00,98.86,7.28,98.86,7.28,-102.7,436681935.0133078,6928.0,2611.8,-4756.3,328
2026-04-09T15:13:37.710152+00:00,98.82,7.30,98.82,7.3,-107.7,436681935.0133078,6923.4,2610.3,-4753.1,328
2026-04-09T15:13:38.034110+00:00,98.78,7.32,98.78,7.32,-103.7,436681935.0133078,6918.7,2608.8,-4749.9,328
2026-04-09T15:13:38.378097+00:00,98.74,7.34,98.74,7.34,-104.7,436681935.0133078,6914.0,2607.2,-4746.7,328
2026-04-09T15:13:38.698128+00:00,98.70,7.36,98.7,7.36,-102.7,436681935.0133078,6909.1,2605.6,-4743.3,328
2026-04-09T15:13:39.022139+00:00,98.67,7.37,98.67,7.37,-107.7,436681935.0133078,6904.4,2604.1,-4740.1,328
2026-04-09T15:13:39.346121+00:00,98.63,7.39,98.63,7.39,-101.7,436681935.0133078,6899.7,2602.5,-4736.9,328
2026-04-09T15:13:39.690136+00:00,98.59,7.41,98.59,7.41,-107.7,436681935.0133078,6894.7,2600.9,-4733.4,328
2026-04-09T15:13:40.014916+00:00,98.55,7.43,98.55,7.43,-104.7,436681935.0133078,6890.0,2599.4,-4730.2,328
2026-04-09T15:13:40.338115+00:00,98.51,7.45,98.51,7.45,-104.7,436681935.0133078,6885.3,2597.8,-4727.0,328
2026-04-09T15:13:40.682127+00:00,98.47,7.46,98.47,7.46,-103.7,436681935.0133078,6880.5,2596.3,-4723.7,328
2026-04-09T15:13:41.027338+00:00,98.43,7.49,98.43,7.49,-101.7,436681877.229745,6875.2,2594.6,-4720.1,328
2026-04-09T15:13:41.346129+00:00,98.39,7.50,98.39,7.5,-100.7,436681877.229745,6870.5,2593.1,-4716.8,328
2026-04-09T15:13:41.695272+00:00,98.35,7.52,98.35,7.52,-101.7,436681877.229745,6865.7,2591.5,-4713.5,328
2026-04-09T15:13:42.014196+00:00,98.31,7.54,98.31,7.54,-103.7,436681877.229745,6860.6,2589.9,-4710.1,328
2026-04-09T15:13:42.338114+00:00,98.28,7.56,98.28,7.56,-105.7,436681877.229745,6855.8,2588.4,-4706.8,328
2026-04-09T15:13:42.662127+00:00,98.24,7.58,98.24,7.58,-101.7,436681877.229745,6851.0,2586.9,-4703.5,328
2026-04-09T15:13:43.012437+00:00,98.20,7.60,98.2,7.6,-101.7,436681877.229745,6846.0,2585.3,-4700.0,328
2026-04-09T15:13:43.335260+00:00,98.16,7.61,98.16,7.61,-102.7,436681877.229745,6841.1,2583.7,-4696.6,328
2026-04-09T15:13:43.659364+00:00,98.12,7.63,98.12,7.63,-101.7,436681877.229745,6836.2,2582.2,-4693.3,328
2026-04-09T15:13:44.009127+00:00,98.08,7.65,98.08,7.65,-101.7,436681877.229745,6831.4,2580.7,-4690.0,328
2026-04-09T15:13:44.339413+00:00,98.04,7.67,98.04,7.67,-105.7,436681877.229745,6826.2,2579.0,-4686.4,328
2026-04-09T15:13:44.659054+00:00,98.00,7.69,98.0,7.69,-102.7,436681877.229745,6821.3,2577.5,-4683.1,328
2026-04-09T15:13:45.027208+00:00,97.96,7.71,97.96,7.71,-98.7,436681818.23994255,6816.1,2575.9,-4679.5,328
2026-04-09T15:13:45.351466+00:00,97.92,7.73,97.92,7.73,-103.7,436681818.23994255,6810.9,2574.3,-4676.0,328
2026-04-09T15:13:45.679021+00:00,97.88,7.74,97.88,7.74,-102.7,436681818.23994255,6806.0,2572.8,-4672.6,328
2026-04-09T15:13:46.003190+00:00,97.84,7.76,97.84,7.76,-100.7,436681818.23994255,6801.1,2571.2,-4669.2,328
2026-04-09T15:13:46.351475+00:00,97.80,7.78,97.8,7.78,-101.7,436681818.23994255,6795.8,2569.6,-4665.6,328
2026-04-09T15:13:46.675078+00:00,97.76,7.80,97.76,7.8,-100.7,436681818.23994255,6790.9,2568.1,-4662.2,328
2026-04-09T15:13:47.003202+00:00,97.72,7.82,97.72,7.82,-96.7,436681818.23994255,6786.0,2566.6,-4658.8,328
2026-04-09T15:13:47.352598+00:00,97.68,7.84,97.68,7.84,-101.7,436681818.23994255,6781.0,2565.0,-4655.4,328
2026-04-09T15:13:47.675217+00:00,97.64,7.86,97.64,7.86,-104.7,436681818.23994255,6775.7,2563.4,-4651.8,328
2026-04-09T15:13:48.002524+00:00,97.60,7.87,97.6,7.87,-103.7,436681818.23994255,6770.7,2561.9,-4648.3,328
2026-04-09T15:13:48.368897+00:00,97.55,7.89,97.55,7.89,-102.7,436681767.54659253,6765.4,2560.3,-4644.7,328
2026-04-09T15:13:48.696062+00:00,97.51,7.91,97.51,7.91,-103.7,436681767.54659253,6760.1,2558.7,-4641.0,328
2026-04-09T15:13:49.019252+00:00,97.47,7.93,97.47,7.93,None,436681767.54659253,6755.1,2557.2,-4637.6,328
2026-04-09T15:13:49.352085+00:00,97.43,7.95,97.43,7.95,-106.7,436681767.54659253,6750.1,2555.7,-4634.2,328
2026-04-09T15:13:49.691189+00:00,97.39,7.97,97.39,7.97,-104.7,436681767.54659253,6744.8,2554.1,-4630.5,328
2026-04-09T15:13:50.019493+00:00,97.35,7.99,97.35,7.99,-106.7,436681767.54659253,6739.7,2552.6,-4627.0,328
2026-04-09T15:13:50.343259+00:00,97.31,8.01,97.31,8.01,-101.7,436681767.54659253,6734.6,2551.1,-4623.5,328
2026-04-09T15:13:50.691181+00:00,97.27,8.02,97.27,8.02,-101.7,436681767.54659253,6729.6,2549.6,-4620.1,328
2026-04-09T15:13:51.015624+00:00,97.23,8.04,97.23,8.04,-102.7,436681767.54659253,6724.2,2548.0,-4616.4,328
2026-04-09T15:13:51.344539+00:00,97.19,8.06,97.19,8.06,-101.7,436681767.54659253,6719.1,2546.5,-4612.9,328
2026-04-09T15:13:51.707515+00:00,97.15,8.08,97.15,8.08,-101.7,436681715.8561034,6713.7,2544.9,-4609.2,328
2026-04-09T15:13:52.035228+00:00,97.10,8.10,97.1,8.1,-101.7,436681715.8561034,6708.3,2543.3,-4605.5,328
2026-04-09T15:13:52.359248+00:00,97.06,8.12,97.06,8.12,-101.7,436681715.8561034,6703.2,2541.8,-4602.0,328
2026-04-09T15:13:52.678132+00:00,97.02,8.14,97.02,8.14,-102.7,436681715.8561034,6698.1,2540.3,-4598.5,328
2026-04-09T15:13:53.022191+00:00,96.98,8.16,96.98,8.16,-101.7,436681715.8561034,6692.7,2538.7,-4594.8,328
2026-04-09T15:13:53.346113+00:00,96.94,8.17,96.94,8.17,-103.7,436681715.8561034,6687.6,2537.2,-4591.3,328
2026-04-09T15:13:53.670130+00:00,96.90,8.19,96.9,8.19,-101.7,436681715.8561034,6682.5,2535.7,-4587.7,328
2026-04-09T15:13:54.014243+00:00,96.86,8.21,96.86,8.21,-101.7,436681715.8561034,6677.4,2534.3,-4584.3,328
2026-04-09T15:13:54.338101+00:00,96.82,8.23,96.82,8.23,-105.7,436681715.8561034,6672.0,2532.7,-4580.5,328
2026-04-09T15:13:54.658139+00:00,96.78,8.25,96.78,8.25,-103.7,436681715.8561034,6666.8,2531.2,-4577.0,328
2026-04-09T15:13:55.022209+00:00,96.73,8.27,96.73,8.27,-102.7,436681663.58312017,6661.3,2529.6,-4573.2,328
2026-04-09T15:13:55.346113+00:00,96.69,8.29,96.69,8.29,-101.7,436681663.58312017,6655.8,2528.0,-4569.5,328
2026-04-09T15:13:55.670118+00:00,96.65,8.30,96.65,8.3,-103.7,436681663.58312017,6650.6,2526.6,-4565.9,328
2026-04-09T15:13:55.994127+00:00,96.61,8.32,96.61,8.32,-104.7,436681663.58312017,6645.5,2525.1,-4562.4,328
2026-04-09T15:13:56.338104+00:00,96.57,8.34,96.57,8.34,-102.7,436681663.58312017,6640.0,2523.5,-4558.6,328
2026-04-09T15:13:56.662772+00:00,96.53,8.36,96.53,8.36,-104.7,436681663.58312017,6634.8,2522.1,-4555.0,328
2026-04-09T15:13:56.982222+00:00,96.49,8.38,96.49,8.38,-105.7,436681663.58312017,6629.6,2520.6,-4551.4,328
2026-04-09T15:13:57.331190+00:00,96.45,8.40,96.45,8.4,-101.7,436681663.58312017,6624.3,2519.1,-4547.8,328
2026-04-09T15:13:57.655245+00:00,96.40,8.42,96.4,8.42,-100.7,436681663.58312017,6618.7,2517.5,-4544.0,328
2026-04-09T15:13:57.983630+00:00,96.36,8.43,96.36,8.43,-101.7,436681663.58312017,6613.5,2516.1,-4540.4,328
2026-04-09T15:13:58.352265+00:00,96.32,8.45,96.32,8.45,-103.7,436681610.07544845,6607.8,2514.5,-4536.5,328
2026-04-09T15:13:58.675532+00:00,96.27,8.47,96.27,8.47,-101.7,436681610.07544845,6602.2,2512.9,-4532.6,328
2026-04-09T15:13:59.004591+00:00,96.23,8.49,96.23,8.49,-101.7,436681610.07544845,6596.9,2511.4,-4529.0,328
2026-04-09T15:13:59.327271+00:00,96.19,8.51,96.19,8.51,-101.7,436681610.07544845,6591.5,2510.0,-4525.3,328
2026-04-09T15:13:59.680216+00:00,96.15,8.53,96.15,8.53,-101.7,436681610.07544845,6585.8,2508.4,-4521.4,328
2026-04-09T15:13:59.999613+00:00,96.11,8.55,96.11,8.55,-103.7,436681610.07544845,6580.5,2506.9,-4517.7,328
2026-04-09T15:14:00.323502+00:00,96.06,8.56,96.06,8.56,-100.7,436681610.07544845,6575.2,2505.5,-4514.1,328
2026-04-09T15:14:00.671310+00:00,96.02,8.58,96.02,8.58,None,436681610.07544845,6569.8,2504.0,-4510.4,328
2026-04-09T15:14:01.000741+00:00,95.98,8.60,95.98,8.6,-101.7,436681610.07544845,6564.1,2502.4,-4506.5,328
2026-04-09T15:14:01.323508+00:00,95.94,8.62,95.94,8.62,-101.7,436681610.07544845,6558.7,2500.9,-4502.7,328
2026-04-09T15:14:01.691194+00:00,95.89,8.64,95.89,8.64,-104.7,436681555.2726341,6552.9,2499.4,-4498.8,328
2026-04-09T15:14:02.015301+00:00,95.85,8.66,95.85,8.66,-101.7,436681555.2726341,6547.2,2497.8,-4494.9,328
2026-04-09T15:14:02.344287+00:00,95.81,8.68,95.81,8.68,-105.7,436681555.2726341,6541.8,2496.4,-4491.2,328
2026-04-09T15:14:02.667196+00:00,95.76,8.70,95.76,8.7,-105.7,436681555.2726341,6536.4,2494.9,-4487.5,328
2026-04-09T15:14:03.015408+00:00,95.72,8.72,95.72,8.72,-107.7,436681555.2726341,6530.6,2493.4,-4483.5,328
2026-04-09T15:14:03.339172+00:00,95.68,8.73,95.68,8.73,-103.7,436681555.2726341,6525.1,2491.9,-4479.7,328
2026-04-09T15:14:03.663489+00:00,95.64,8.75,95.64,8.75,-105.7,436681555.2726341,6519.7,2490.4,-4476.0,328
2026-04-09T15:14:04.011259+00:00,95.59,8.77,95.59,8.77,-101.7,436681555.2726341,6514.2,2489.0,-4472.2,328
2026-04-09T15:14:04.340240+00:00,95.55,8.79,95.55,8.79,-108.7,436681555.2726341,6508.4,2487.4,-4468.2,328
2026-04-09T15:14:04.663579+00:00,95.51,8.81,95.51,8.81,-102.7,436681555.2726341,6502.9,2486.0,-4464.5,328
2026-04-09T15:14:05.031686+00:00,95.46,8.83,95.46,8.83,-107.7,436681499.3802213,6497.0,2484.4,-4460.4,328
2026-04-09T15:14:05.355196+00:00,95.42,8.85,95.42,8.85,-105.7,436681499.3802213,6491.1,2482.9,-4456.4,328
2026-04-09T15:14:05.684499+00:00,95.37,8.87,95.37,8.87,-103.7,436681499.3802213,6485.6,2481.4,-4452.6,328
2026-04-09T15:14:06.007914+00:00,95.33,8.88,95.33,8.88,-106.7,436681499.3802213,6480.1,2480.0,-4448.8,328
2026-04-09T15:14:06.355218+00:00,95.29,8.90,95.29,8.9,-101.7,436681499.3802213,6474.2,2478.4,-4444.7,328
2026-04-09T15:14:06.679563+00:00,95.24,8.92,95.24,8.92,-104.7,436681499.3802213,6468.6,2477.0,-4440.9,328
2026-04-09T15:14:07.003964+00:00,95.20,8.94,95.2,8.94,-107.7,436681499.3802213,6463.1,2475.6,-4437.1,328
2026-04-09T15:14:07.350121+00:00,95.16,8.96,95.16,8.96,-104.7,436681499.3802213,6457.5,2474.1,-4433.3,328
2026-04-09T15:14:07.675235+00:00,95.11,8.98,95.11,8.98,-104.7,436681499.3802213,6451.6,2472.6,-4429.3,328
2026-04-09T15:14:07.994158+00:00,95.07,8.99,95.07,8.99,-105.7,436681499.3802213,6446.0,2471.2,-4425.4,328
2026-04-09T15:14:08.358102+00:00,95.03,9.01,95.03,9.01,-101.7,436681442.55183506,6440.1,2469.6,-4421.3,328
2026-04-09T15:14:08.682104+00:00,94.98,9.03,94.98,9.03,-104.7,436681442.55183506,6434.2,2468.1,-4417.3,328
2026-04-09T15:14:09.006159+00:00,94.94,9.05,94.94,9.05,-103.7,436681442.55183506,6428.6,2466.7,-4413.4,328
2026-04-09T15:14:09.330108+00:00,94.90,9.07,94.9,9.07,-107.7,436681442.55183506,6423.0,2465.3,-4409.6,328
2026-04-09T15:14:09.674105+00:00,94.85,9.09,94.85,9.09,-101.7,436681442.55183506,6417.0,2463.8,-4405.5,328
2026-04-09T15:14:09.998343+00:00,94.81,9.11,94.81,9.11,-102.7,436681442.55183506,6411.4,2462.3,-4401.7,328
2026-04-09T15:14:10.318103+00:00,94.76,9.13,94.76,9.13,-103.7,436681442.55183506,6405.8,2460.9,-4397.8,328
2026-04-09T15:14:10.662120+00:00,94.72,9.14,94.72,9.14,-107.7,436681442.55183506,6400.1,2459.5,-4393.9,328
2026-04-09T15:14:10.986142+00:00,94.67,9.16,94.67,9.16,-103.7,436681442.55183506,6394.1,2458.0,-4389.8,328
2026-04-09T15:14:11.310111+00:00,94.63,9.18,94.63,9.18,-106.7,436681442.55183506,6388.4,2456.5,-4385.9,328
2026-04-09T15:14:11.674106+00:00,94.59,9.20,94.59,9.2,-107.7,436681384.8664213,6382.4,2455.1,-4381.8,328
2026-04-09T15:14:11.998178+00:00,94.54,9.22,94.54,9.22,-105.7,436681384.8664213,6376.4,2453.6,-4377.6,328
2026-04-09T15:14:12.323495+00:00,94.50,9.24,94.5,9.24,-107.7,436681384.8664213,6370.7,2452.1,-4373.7,328
2026-04-09T15:14:12.651172+00:00,94.45,9.26,94.45,9.26,-105.7,436681384.8664213,6364.9,2450.7,-4369.7,328
2026-04-09T15:14:12.995567+00:00,94.41,9.28,94.41,9.28,-102.7,436681384.8664213,6358.7,2449.2,-4365.5,328
2026-04-09T15:14:13.324242+00:00,94.36,9.29,94.36,9.29,-107.7,436681384.8664213,6353.0,2447.8,-4361.5,328
2026-04-09T15:14:13.655660+00:00,94.32,9.31,94.32,9.31,-106.7,436681384.8664213,6347.2,2446.3,-4357.5,328
2026-04-09T15:14:13.999695+00:00,94.27,9.33,94.27,9.33,-109.7,436681384.8664213,6340.9,2444.8,-4353.2,328
2026-04-09T15:14:14.327307+00:00,94.23,9.35,94.23,9.35,-107.7,436681384.8664213,6335.1,2443.4,-4349.3,328
2026-04-09T15:14:14.651214+00:00,94.18,9.37,94.18,9.37,-103.7,436681384.8664213,6329.3,2442.0,-4345.3,328
2026-04-09T15:14:15.023670+00:00,94.14,9.39,94.14,9.39,-100.7,436681325.6099092,6323.1,2440.5,-4341.0,328
2026-04-09T15:14:15.343530+00:00,94.09,9.41,94.09,9.41,-102.7,436681325.6099092,6316.9,2439.0,-4336.8,328
2026-04-09T15:14:15.671535+00:00,94.05,9.42,94.05,9.42,-101.7,436681325.6099092,6311.0,2437.6,-4332.7,328
2026-04-09T15:14:15.995690+00:00,94.00,9.44,94.0,9.44,-101.7,436681325.6099092,6305.1,2436.1,-4328.7,328
2026-04-09T15:14:16.343684+00:00,93.96,9.46,93.96,9.46,-103.7,436681325.6099092,6298.9,2434.6,-4324.4,328
2026-04-09T15:14:16.667604+00:00,93.91,9.48,93.91,9.48,-105.7,436681325.6099092,6292.9,2433.2,-4320.3,328
2026-04-09T15:14:16.996316+00:00,93.87,9.50,93.87,9.5,-105.7,436681325.6099092,6287.1,2431.8,-4316.3,328
2026-04-09T15:14:17.339488+00:00,93.82,9.52,93.82,9.52,-103.7,436681325.6099092,6280.9,2430.3,-4312.0,328
2026-04-09T15:14:17.667169+00:00,93.78,9.54,93.78,9.54,-101.7,436681325.6099092,6274.9,2428.9,-4307.9,328
2026-04-09T15:14:17.991673+00:00,93.73,9.55,93.73,9.55,-104.7,436681325.6099092,6269.0,2427.5,-4303.9,328
2026-04-09T15:14:18.359720+00:00,93.68,9.57,93.68,9.57,-106.7,436681265.2161466,6262.6,2426.0,-4299.5,328
2026-04-09T15:14:18.683189+00:00,93.64,9.59,93.64,9.59,-107.7,436681265.2161466,6256.3,2424.5,-4295.2,328
2026-04-09T15:14:19.012026+00:00,93.59,9.61,93.59,9.61,-103.7,436681265.2161466,6250.4,2423.2,-4291.1,328
2026-04-09T15:14:19.335516+00:00,93.55,9.63,93.55,9.63,-97.7,436681265.2161466,6244.3,2421.7,-4287.0,328
2026-04-09T15:14:19.683500+00:00,93.50,9.65,93.5,9.65,-100.7,436681265.2161466,6238.0,2420.3,-4282.6,328
2026-04-09T15:14:20.007339+00:00,93.45,9.67,93.45,9.67,-103.7,436681265.2161466,6232.0,2418.9,-4278.5,328
2026-04-09T15:14:20.336607+00:00,93.41,9.69,93.41,9.69,-107.7,436681265.2161466,6226.0,2417.5,-4274.4,328
2026-04-09T15:14:20.679518+00:00,93.36,9.70,93.36,9.7,-106.7,436681265.2161466,6219.6,2416.0,-4270.0,328
2026-04-09T15:14:21.007263+00:00,93.32,9.72,93.32,9.72,-108.7,436681265.2161466,6213.5,2414.6,-4265.8,328
2026-04-09T15:14:21.331521+00:00,93.27,9.74,93.27,9.74,-99.7,436681265.2161466,6207.5,2413.2,-4261.7,328
2026-04-09T15:14:21.700243+00:00,93.22,9.76,93.22,9.76,-103.7,436681203.66664165,6201.0,2411.7,-4257.2,328
2026-04-09T15:14:22.023912+00:00,93.17,9.78,93.17,9.78,-103.7,436681203.66664165,6194.6,2410.3,-4252.8,328
2026-04-09T15:14:22.346108+00:00,93.13,9.80,93.13,9.8,-106.7,436681203.66664165,6188.5,2408.9,-4248.6,328
2026-04-09T15:14:22.670104+00:00,93.08,9.82,93.08,9.82,-103.7,436681203.66664165,6182.4,2407.5,-4244.5,328
2026-04-09T15:14:23.014202+00:00,93.04,9.84,93.04,9.84,-107.7,436681203.66664165,6176.0,2406.1,-4240.0,328
2026-04-09T15:14:23.338107+00:00,92.99,9.85,92.99,9.85,-105.7,436681203.66664165,6169.9,2404.7,-4235.9,328
2026-04-09T15:14:23.662109+00:00,92.95,9.87,92.95,9.87,-105.7,436681203.66664165,6163.8,2403.3,-4231.7,328
2026-04-09T15:14:24.006212+00:00,92.90,9.89,92.9,9.89,-107.7,436681203.66664165,6157.8,2402.0,-4227.5,328
2026-04-09T15:14:24.350098+00:00,92.85,9.91,92.85,9.91,-111.7,436681153.5266254,6150.9,2400.4,-4222.8,328
2026-04-09T15:14:24.670116+00:00,92.80,9.93,92.8,9.93,-106.7,436681153.5266254,6144.8,2399.1,-4218.6,328
2026-04-09T15:14:25.015712+00:00,92.76,9.95,92.76,9.95,-103.7,436681153.5266254,6138.6,2397.7,-4214.4,328
2026-04-09T15:14:25.342121+00:00,92.71,9.97,92.71,9.97,-102.7,436681153.5266254,6132.1,2396.2,-4209.9,328
2026-04-09T15:14:25.662115+00:00,92.66,9.98,92.66,9.98,-107.7,436681153.5266254,6126.0,2394.9,-4205.7,328
2026-04-09T15:14:25.986176+00:00,92.62,10.00,92.62,10.0,-104.7,436681153.5266254,6119.9,2393.5,-4201.5,328
2026-04-09T15:14:26.330135+00:00,92.57,10.02,92.57,10.02,-104.7,436681153.5266254,6113.3,2392.1,-4197.0,328
2026-04-09T15:14:26.650106+00:00,92.53,10.04,92.53,10.04,-104.7,436681153.5266254,6107.1,2390.7,-4192.7,328
2026-04-09T15:14:26.994594+00:00,92.48,10.06,92.48,10.06,-104.7,436681103.2080914,6100.5,2389.3,-4188.2,328
2026-04-09T15:14:27.343507+00:00,92.43,10.08,92.43,10.08,-101.7,436681103.2080914,6093.9,2387.8,-4183.6,328
2026-04-09T15:14:27.667168+00:00,92.38,10.10,92.38,10.1,-103.7,436681103.2080914,6087.6,2386.5,-4179.3,328
2026-04-09T15:14:27.995477+00:00,92.34,10.11,92.34,10.11,-107.7,436681103.2080914,6081.3,2385.1,-4175.0,328
2026-04-09T15:14:28.339168+00:00,92.29,10.13,92.29,10.13,-107.7,436681103.2080914,6074.6,2383.7,-4170.4,328
2026-04-09T15:14:28.667515+00:00,92.24,10.15,92.24,10.15,-108.7,436681103.2080914,6068.3,2382.3,-4166.1,328
2026-04-09T15:14:28.991502+00:00,92.19,10.17,92.19,10.17,-103.7,436681103.2080914,6062.0,2381.0,-4161.8,328
2026-04-09T15:14:29.339192+00:00,92.15,10.19,92.15,10.19,-107.7,436681103.2080914,6055.7,2379.6,-4157.4,328
2026-04-09T15:14:29.683162+00:00,92.09,10.21,92.09,10.21,-102.7,436681051.25160384,6048.6,2378.1,-4152.6,328
2026-04-09T15:14:30.012873+00:00,92.05,10.23,92.05,10.23,-104.7,436681051.25160384,6042.2,2376.7,-4148.2,328
2026-04-09T15:14:30.360573+00:00,92.00,10.24,92.0,10.24,-103.7,436681051.25160384,6035.8,2375.4,-4143.8,328
2026-04-09T15:14:30.687182+00:00,91.95,10.26,91.95,10.26,-104.7,436681051.25160384,6029.1,2373.9,-4139.2,328
2026-04-09T15:14:31.011297+00:00,91.90,10.28,91.9,10.28,-103.7,436681051.25160384,6022.5,2372.6,-4134.7,328
2026-04-09T15:14:31.343803+00:00,91.86,10.30,91.86,10.3,-103.7,436681051.25160384,6016.2,2371.2,-4130.3,328
2026-04-09T15:14:31.683183+00:00,91.81,10.32,91.81,10.32,-107.7,436681051.25160384,6009.4,2369.8,-4125.7,328
2026-04-09T15:14:32.012880+00:00,91.76,10.34,91.76,10.34,-105.7,436681051.25160384,6002.9,2368.5,-4121.2,328
2026-04-09T15:14:32.355482+00:00,91.71,10.36,91.71,10.36,-104.7,436680998.8086375,5996.1,2367.0,-4116.5,328
2026-04-09T15:14:32.703172+00:00,91.66,10.38,91.66,10.38,-107.7,436680998.8086375,5989.2,2365.6,-4111.8,328
2026-04-09T15:14:33.027220+00:00,91.61,10.39,91.61,10.39,-102.7,436680998.8086375,5982.8,2364.3,-4107.4,328
2026-04-09T15:14:33.355502+00:00,91.56,10.41,91.56,10.41,-101.7,436680998.8086375,5976.3,2362.9,-4102.9,328
2026-04-09T15:14:33.703252+00:00,91.52,10.43,91.52,10.43,-105.7,436680998.8086375,5969.8,2361.6,-4098.5,328
2026-04-09T15:14:34.032116+00:00,91.47,10.45,91.47,10.45,-104.7,436680998.8086375,5962.8,2360.2,-4093.7,328
2026-04-09T15:14:34.355501+00:00,91.42,10.47,91.42,10.47,-107.7,436680998.8086375,5956.4,2358.8,-4089.3,328
2026-04-09T15:14:34.683202+00:00,91.37,10.48,91.37,10.48,-107.7,436680998.8086375,5949.8,2357.5,-4084.7,328
2026-04-09T15:14:35.047348+00:00,91.32,10.51,91.32,10.51,-105.7,436680945.650889,5942.5,2356.0,-4079.7,328
2026-04-09T15:14:35.375176+00:00,91.27,10.52,91.27,10.52,-103.7,436680945.650889,5935.9,2354.7,-4075.2,328
2026-04-09T15:14:35.699524+00:00,91.22,10.54,91.22,10.54,-107.7,436680945.650889,5929.3,2353.3,-4070.7,328
2026-04-09T15:14:36.047157+00:00,91.17,10.56,91.17,10.56,-109.7,436680945.650889,5922.4,2351.9,-4065.9,328
2026-04-09T15:14:36.375161+00:00,91.12,10.58,91.12,10.58,-106.7,436680945.650889,5915.8,2350.6,-4061.4,328
2026-04-09T15:14:36.699215+00:00,91.08,10.60,91.08,10.6,-101.7,436680945.650889,5909.2,2349.3,-4056.9,328
2026-04-09T15:14:37.043798+00:00,91.03,10.61,91.03,10.61,-105.7,436680945.650889,5902.6,2348.0,-4052.4,328
2026-04-09T15:14:37.366110+00:00,90.98,10.63,90.98,10.63,-107.7,436680945.650889,5895.6,2346.6,-4047.5,328
2026-04-09T15:14:37.710099+00:00,90.93,10.65,90.93,10.65,-109.7,436680891.44088155,5888.5,2345.2,-4042.7,328
2026-04-09T15:14:38.054370+00:00,90.88,10.67,90.88,10.67,-108.7,436680891.44088155,5881.9,2343.9,-4038.2,328
2026-04-09T15:14:38.378772+00:00,90.83,10.69,90.83,10.69,-105.7,436680891.44088155,5874.9,2342.5,-4033.3,328
2026-04-09T15:14:38.702125+00:00,90.78,10.71,90.78,10.71,-104.7,436680891.44088155,5868.4,2341.2,-4028.8,328
2026-04-09T15:14:39.026183+00:00,90.73,10.73,90.73,10.73,-107.7,436680891.44088155,5861.7,2339.9,-4024.3,328
2026-04-09T15:14:39.370092+00:00,90.68,10.74,90.68,10.74,-106.7,436680891.44088155,5854.6,2338.5,-4019.4,328
2026-04-09T15:14:39.690289+00:00,90.63,10.76,90.63,10.76,-107.7,436680891.44088155,5848.0,2337.2,-4014.9,328
2026-04-09T15:14:40.014209+00:00,90.58,10.78,90.58,10.78,-107.7,436680891.44088155,5841.3,2335.9,-4010.3,328
2026-04-09T15:14:40.378100+00:00,90.53,10.80,90.53,10.8,-107.7,436680837.1398372,5834.2,2334.5,-4005.4,328
2026-04-09T15:14:40.702168+00:00,90.48,10.82,90.48,10.82,-106.7,436680837.1398372,5827.1,2333.1,-4000.5,328
2026-04-09T15:14:41.026194+00:00,90.43,10.84,90.43,10.84,-109.7,436680837.1398372,5820.5,2331.9,-3996.0,328
2026-04-09T15:14:41.346107+00:00,90.38,10.85,90.38,10.85,-105.7,436680837.1398372,5813.7,2330.6,-3991.3,328
2026-04-09T15:14:41.690111+00:00,90.33,10.87,90.33,10.87,-109.7,436680837.1398372,5806.6,2329.2,-3986.4,328
2026-04-09T15:14:42.014251+00:00,90.28,10.89,90.28,10.89,-108.7,436680837.1398372,5799.8,2327.9,-3981.8,328
2026-04-09T15:14:42.344590+00:00,90.24,10.91,90.24,10.91,-104.7,436680837.1398372,5793.0,2326.6,-3977.1,328
2026-04-09T15:14:42.687179+00:00,90.19,10.93,90.19,10.93,-105.7,436680837.1398372,5786.3,2325.3,-3972.5,328
2026-04-09T15:14:43.035332+00:00,90.13,10.95,90.13,10.95,-107.7,436680781.5201796,5778.6,2323.9,-3967.2,328
2026-04-09T15:14:43.359495+00:00,90.08,10.96,90.08,10.96,-107.7,436680781.5201796,5771.7,2322.6,-3962.5,328
2026-04-09T15:14:43.707522+00:00,90.03,10.98,90.03,10.98,-107.7,436680781.5201796,5764.9,2321.3,-3957.8,328
2026-04-09T15:14:44.036331+00:00,89.98,11.00,89.98,11.0,-107.7,436680781.5201796,5757.5,2319.9,-3952.8,328
2026-04-09T15:14:44.359254+00:00,89.93,11.02,89.93,11.02,-109.7,436680781.5201796,5750.7,2318.6,-3948.1,328
2026-04-09T15:14:44.683196+00:00,89.88,11.04,89.88,11.04,-107.7,436680781.5201796,5743.8,2317.3,-3943.3,328
2026-04-09T15:14:45.031144+00:00,89.83,11.06,89.83,11.06,-107.7,436680781.5201796,5736.5,2316.0,-3938.3,328
2026-04-09T15:14:45.355294+00:00,89.78,11.07,89.78,11.07,-107.7,436680781.5201796,5729.5,2314.7,-3933.5,328
2026-04-09T15:14:45.703389+00:00,89.73,11.09,89.73,11.09,-107.7,436680725.18929595,5722.2,2313.3,-3928.5,328
2026-04-09T15:14:46.051401+00:00,89.67,11.11,89.67,11.11,-107.7,436680725.18929595,5714.8,2312.0,-3923.4,328
2026-04-09T15:14:46.375215+00:00,89.62,11.13,89.62,11.13,-110.7,436680725.18929595,5707.8,2310.7,-3918.6,328
2026-04-09T15:14:46.707042+00:00,89.57,11.15,89.57,11.15,-109.7,436680725.18929595,5700.9,2309.4,-3913.8,328
2026-04-09T15:14:47.048005+00:00,89.52,11.17,89.52,11.17,-109.7,436680725.18929595,5693.5,2308.1,-3908.8,328
2026-04-09T15:14:47.375324+00:00,89.47,11.18,89.47,11.18,-107.7,436680725.18929595,5686.5,2306.8,-3903.9,328
2026-04-09T15:14:47.699208+00:00,89.42,11.20,89.42,11.2,-109.7,436680725.18929595,5679.4,2305.5,-3899.1,328
2026-04-09T15:14:48.047622+00:00,89.37,11.22,89.37,11.22,-107.7,436680725.18929595,5672.4,2304.2,-3894.3,328
2026-04-09T15:14:48.391336+00:00,89.31,11.24,89.31,11.24,-108.7,436680667.5131282,5664.5,2302.8,-3888.9,328
2026-04-09T15:14:48.719520+00:00,89.26,11.26,89.26,11.26,-110.7,436680667.5131282,5657.5,2301.6,-3884.1,328
2026-04-09T15:14:49.063625+00:00,89.21,11.28,89.21,11.28,-111.7,436680667.5131282,5650.5,2300.3,-3879.3,328
2026-04-09T15:14:49.391521+00:00,89.16,11.29,89.16,11.29,-106.7,436680667.5131282,5642.9,2298.9,-3874.1,328
2026-04-09T15:14:49.715483+00:00,89.11,11.31,89.11,11.31,-107.7,436680667.5131282,5635.8,2297.7,-3869.2,328
2026-04-09T15:14:50.043569+00:00,89.06,11.33,89.06,11.33,-109.7,436680667.5131282,5628.7,2296.4,-3864.3,328
2026-04-09T15:14:50.387803+00:00,89.01,11.35,89.01,11.35,-107.7,436680667.5131282,5621.1,2295.1,-3859.1,328
2026-04-09T15:14:50.715508+00:00,88.96,11.37,88.96,11.37,-107.7,436680667.5131282,5614.1,2293.8,-3854.3,328
2026-04-09T15:14:51.059269+00:00,88.90,11.39,88.9,11.39,-108.7,436680609.5336225,5606.4,2292.5,-3849.0,328
2026-04-09T15:14:51.407514+00:00,88.85,11.40,88.85,11.4,-111.7,436680609.5336225,5598.9,2291.2,-3843.8,328
2026-04-09T15:14:51.739723+00:00,88.80,11.42,88.8,11.42,-109.7,436680609.5336225,5591.7,2289.9,-3838.9,328
2026-04-09T15:14:52.059797+00:00,88.75,11.44,88.75,11.44,-107.7,436680609.5336225,5584.5,2288.7,-3834.0,328
2026-04-09T15:14:52.402183+00:00,88.69,11.46,88.69,11.46,-107.7,436680609.5336225,5577.4,2287.4,-3829.1,328
2026-04-09T15:14:52.726131+00:00,88.64,11.48,88.64,11.48,-107.7,436680609.5336225,5569.7,2286.1,-3823.8,328
2026-04-09T15:14:53.050183+00:00,88.59,11.49,88.59,11.49,-107.7,436680609.5336225,5562.6,2284.9,-3818.9,328
2026-04-09T15:14:53.374100+00:00,88.54,11.51,88.54,11.51,-107.7,436680609.5336225,5555.5,2283.6,-3814.0,328
2026-04-09T15:14:53.738110+00:00,88.48,11.53,88.48,11.53,-107.7,436680550.92788225,5547.4,2282.2,-3808.5,328
2026-04-09T15:14:54.062351+00:00,88.43,11.55,88.43,11.55,-108.7,436680550.92788225,5540.2,2281.0,-3803.6,328
2026-04-09T15:14:54.382098+00:00,88.38,11.57,88.38,11.57,-107.7,436680550.92788225,5533.0,2279.8,-3798.6,328
2026-04-09T15:14:54.726112+00:00,88.33,11.59,88.33,11.59,-109.7,436680550.92788225,5525.3,2278.5,-3793.3,328
2026-04-09T15:14:55.049673+00:00,88.27,11.60,88.27,11.6,-107.7,436680550.92788225,5518.1,2277.2,-3788.3,328
2026-04-09T15:14:55.374115+00:00,88.22,11.62,88.22,11.62,-107.7,436680550.92788225,5510.8,2276.0,-3783.4,328
2026-04-09T15:14:55.718124+00:00,88.17,11.64,88.17,11.64,-109.7,436680550.92788225,5503.7,2274.8,-3778.4,328
2026-04-09T15:14:56.043454+00:00,88.12,11.66,88.12,11.66,-107.7,436680550.92788225,5495.9,2273.5,-3773.1,328
2026-04-09T15:14:56.382100+00:00,88.06,11.67,88.06,11.67,-108.7,436680491.24427885,5488.2,2272.2,-3767.8,328
2026-04-09T15:14:56.726125+00:00,88.01,11.69,88.01,11.69,-108.7,436680491.24427885,5480.8,2271.0,-3762.8,328
2026-04-09T15:14:57.050355+00:00,87.96,11.71,87.96,11.71,-110.7,436680491.24427885,5473.1,2269.7,-3757.5,328
2026-04-09T15:14:57.375513+00:00,87.91,11.73,87.91,11.73,-109.7,436680491.24427885,5465.7,2268.5,-3752.4,328
2026-04-09T15:14:57.703523+00:00,87.85,11.75,87.85,11.75,-109.7,436680491.24427885,5458.4,2267.3,-3747.4,328
2026-04-09T15:14:58.051293+00:00,87.80,11.76,87.8,11.76,-112.7,436680491.24427885,5450.5,2266.0,-3741.9,328
2026-04-09T15:14:58.375534+00:00,87.75,11.78,87.75,11.78,-106.7,436680491.24427885,5443.1,2264.7,-3736.8,328
2026-04-09T15:14:58.699433+00:00,87.69,11.80,87.69,11.8,-106.7,436680491.24427885,5435.7,2263.5,-3731.8,328
2026-04-09T15:14:59.067254+00:00,87.64,11.82,87.64,11.82,-106.7,436680431.01801,5427.8,2262.2,-3726.4,328
2026-04-09T15:14:59.395514+00:00,87.58,11.84,87.58,11.84,-105.7,436680431.01801,5419.9,2261.0,-3720.9,328
2026-04-09T15:14:59.719526+00:00,87.53,11.85,87.53,11.85,-109.7,436680431.01801,5412.3,2259.7,-3715.8,328
2026-04-09T15:15:00.048199+00:00,87.48,11.87,87.48,11.87,-104.7,436680431.01801,5404.9,2258.5,-3710.7,328
2026-04-09T15:15:00.391554+00:00,87.42,11.89,87.42,11.89,-109.7,436680431.01801,5397.0,2257.2,-3705.2,328
2026-04-09T15:15:00.719527+00:00,87.37,11.91,87.37,11.91,-107.7,436680431.01801,5389.4,2256.0,-3700.0,328
2026-04-09T15:15:01.047325+00:00,87.32,11.93,87.32,11.93,-109.7,436680431.01801,5381.9,2254.8,-3694.8,328
2026-04-09T15:15:01.391210+00:00,87.26,11.94,87.26,11.94,-105.7,436680431.01801,5374.3,2253.6,-3689.6,328
2026-04-09T15:15:01.739519+00:00,87.21,11.96,87.21,11.96,-112.7,436680369.1221379,5365.8,2252.3,-3683.8,328
2026-04-09T15:15:02.070993+00:00,87.15,11.98,87.15,11.98,-106.7,436680369.1221379,5358.3,2251.1,-3678.6,328
2026-04-09T15:15:02.411497+00:00,87.10,12.00,87.1,12.0,-109.7,436680369.1221379,5350.7,2249.9,-3673.4,328
2026-04-09T15:15:02.739473+00:00,87.04,12.02,87.04,12.02,-107.7,436680369.1221379,5342.6,2248.6,-3667.9,328
2026-04-09T15:15:03.066735+00:00,86.99,12.03,86.99,12.03,-110.7,436680369.1221379,5335.0,2247.4,-3662.6,328
2026-04-09T15:15:03.392226+00:00,86.94,12.05,86.94,12.05,-113.7,436680369.1221379,5327.4,2246.2,-3657.5,328
2026-04-09T15:15:03.739522+00:00,86.88,12.07,86.88,12.07,-109.7,436680369.1221379,5319.3,2244.9,-3651.9,328
2026-04-09T15:15:04.063701+00:00,86.83,12.09,86.83,12.09,-107.7,436680369.1221379,5311.6,2243.7,-3646.6,328
2026-04-09T15:15:04.411562+00:00,86.77,12.11,86.77,12.11,-109.7,436680306.80842054,5303.5,2242.5,-3641.0,328
2026-04-09T15:15:04.755524+00:00,86.71,12.12,86.71,12.12,-106.7,436680306.80842054,5295.3,2241.2,-3635.4,328
2026-04-09T15:15:05.083581+00:00,86.66,12.14,86.66,12.14,-111.7,436680306.80842054,5287.7,2240.0,-3630.2,328
2026-04-09T15:15:05.407515+00:00,86.61,12.16,86.61,12.16,-110.7,436680306.80842054,5280.0,2238.9,-3624.9,328
2026-04-09T15:15:05.755540+00:00,86.55,12.18,86.55,12.18,-107.7,436680306.80842054,5272.3,2237.7,-3619.6,328
2026-04-09T15:15:06.079022+00:00,86.50,12.19,86.5,12.19,-108.7,436680306.80842054,5264.1,2236.4,-3614.0,328
2026-04-09T15:15:06.407522+00:00,86.44,12.21,86.44,12.21,-109.7,436680306.80842054,5256.4,2235.3,-3608.7,328
2026-04-09T15:15:06.731486+00:00,86.39,12.23,86.39,12.23,-107.7,436680306.80842054,5248.6,2234.1,-3603.3,328
2026-04-09T15:15:07.101700+00:00,86.33,12.25,86.33,12.25,-105.7,436680243.74400395,5239.9,2232.8,-3597.4,328
2026-04-09T15:15:07.423520+00:00,86.27,12.27,86.27,12.27,-107.7,436680243.74400395,5232.1,2231.6,-3592.0,328
2026-04-09T15:15:07.751494+00:00,86.22,12.28,86.22,12.28,-109.7,436680243.74400395,5224.4,2230.4,-3586.7,328
2026-04-09T15:15:08.099877+00:00,86.16,12.30,86.16,12.3,-107.7,436680243.74400395,5216.1,2229.2,-3581.1,328
2026-04-09T15:15:08.423516+00:00,86.11,12.32,86.11,12.32,-109.7,436680243.74400395,5208.3,2228.0,-3575.7,328
2026-04-09T15:15:08.747167+00:00,86.05,12.34,86.05,12.34,-110.7,436680243.74400395,5200.4,2226.8,-3570.3,328
2026-04-09T15:15:09.095149+00:00,86.00,12.35,86.0,12.35,-110.7,436680243.74400395,5192.6,2225.7,-3564.9,328
2026-04-09T15:15:09.419614+00:00,85.94,12.37,85.94,12.37,-107.7,436680243.74400395,5184.2,2224.4,-3559.2,328
2026-04-09T15:15:09.767184+00:00,85.89,12.39,85.89,12.39,-107.7,436680179.3247017,5175.9,2223.2,-3553.4,328
2026-04-09T15:15:10.115077+00:00,85.83,12.41,85.83,12.41,-109.7,436680179.3247017,5168.0,2222.1,-3548.0,328
2026-04-09T15:15:10.439199+00:00,85.77,12.43,85.77,12.43,-108.7,436680179.3247017,5159.6,2220.8,-3542.2,328
2026-04-09T15:15:10.767510+00:00,85.72,12.44,85.72,12.44,-106.7,436680179.3247017,5151.7,2219.7,-3536.8,328
2026-04-09T15:15:11.091082+00:00,85.66,12.46,85.66,12.46,-109.7,436680179.3247017,5143.9,2218.5,-3531.4,328
2026-04-09T15:15:11.439554+00:00,85.61,12.48,85.61,12.48,-107.7,436680179.3247017,5135.4,2217.3,-3525.6,328
2026-04-09T15:15:11.764197+00:00,85.55,12.50,85.55,12.5,-109.7,436680179.3247017,5127.4,2216.1,-3520.1,328
2026-04-09T15:15:12.090822+00:00,85.50,12.51,85.5,12.51,-110.7,436680179.3247017,5119.5,2215.0,-3514.7,328
2026-04-09T15:15:12.455915+00:00,85.44,12.53,85.44,12.53,-107.7,436680114.43847954,5111.1,2213.8,-3508.9,328
2026-04-09T15:15:12.783203+00:00,85.38,12.55,85.38,12.55,-109.7,436680114.43847954,5102.6,2212.6,-3503.1,328
2026-04-09T15:15:13.107207+00:00,85.32,12.57,85.32,12.57,-109.7,436680114.43847954,5094.5,2211.4,-3497.6,328
2026-04-09T15:15:13.455607+00:00,85.27,12.58,85.27,12.58,-107.7,436680114.43847954,5086.5,2210.3,-3492.1,328
2026-04-09T15:15:13.779461+00:00,85.21,12.60,85.21,12.6,-109.7,436680114.43847954,5078.0,2209.1,-3486.2,328
2026-04-09T15:15:14.107053+00:00,85.16,12.62,85.16,12.62,-108.7,436680114.43847954,5070.0,2208.0,-3480.7,328
2026-04-09T15:15:14.431169+00:00,85.10,12.63,85.1,12.63,-107.7,436680114.43847954,5061.9,2206.8,-3475.2,328
2026-04-09T15:15:14.779488+00:00,85.04,12.65,85.04,12.65,-109.7,436680114.43847954,5053.4,2205.6,-3469.3,328
2026-04-09T15:15:15.128469+00:00,84.98,12.67,84.98,12.67,-109.7,436680048.2428902,5044.9,2204.4,-3463.5,328
2026-04-09T15:15:15.451562+00:00,84.93,12.69,84.93,12.69,-108.7,436680048.2428902,5036.7,2203.3,-3457.9,328
2026-04-09T15:15:15.799545+00:00,84.87,12.71,84.87,12.71,-109.7,436680048.2428902,5028.0,2202.1,-3451.9,328
2026-04-09T15:15:16.123169+00:00,84.81,12.72,84.81,12.72,-110.7,436680048.2428902,5019.9,2201.0,-3446.3,328
2026-04-09T15:15:16.447778+00:00,84.76,12.74,84.76,12.74,-109.7,436680048.2428902,5011.8,2199.8,-3440.8,328
2026-04-09T15:15:16.795585+00:00,84.70,12.76,84.7,12.76,-111.7,436680048.2428902,5003.7,2198.7,-3435.2,328
2026-04-09T15:15:17.139741+00:00,84.64,12.78,84.64,12.78,-107.7,436679998.02321666,4994.5,2197.5,-3428.9,328
2026-04-09T15:15:17.471862+00:00,84.58,12.79,84.58,12.79,-107.7,436679998.02321666,4986.4,2196.4,-3423.3,328
2026-04-09T15:15:17.811856+00:00,84.53,12.81,84.53,12.81,-112.7,436679998.02321666,4978.2,2195.2,-3417.7,328
2026-04-09T15:15:18.138808+00:00,84.47,12.83,84.47,12.83,-107.7,436679998.02321666,4969.5,2194.1,-3411.7,328
2026-04-09T15:15:18.468472+00:00,84.41,12.84,84.41,12.84,-107.7,436679998.02321666,4961.3,2193.0,-3406.1,328
2026-04-09T15:15:18.791189+00:00,84.35,12.86,84.35,12.86,-109.7,436679998.02321666,4953.1,2191.8,-3400.5,328
2026-04-09T15:15:19.159023+00:00,84.29,12.88,84.29,12.88,-109.7,436679947.82061255,4943.7,2190.6,-3394.0,328
2026-04-09T15:15:19.483580+00:00,84.23,12.90,84.23,12.9,-109.7,436679947.82061255,4935.4,2189.5,-3388.3,328
2026-04-09T15:15:19.811534+00:00,84.18,12.91,84.18,12.91,-109.7,436679947.82061255,4927.2,2188.4,-3382.7,328
2026-04-09T15:15:20.156129+00:00,84.12,12.93,84.12,12.93,-113.7,436679947.82061255,4918.4,2187.2,-3376.6,328
2026-04-09T15:15:20.483526+00:00,84.06,12.95,84.06,12.95,-105.7,436679947.82061255,4910.2,2186.1,-3371.0,328
2026-04-09T15:15:20.807535+00:00,84.00,12.96,84.0,12.96,-107.7,436679947.82061255,4901.8,2185.0,-3365.3,328
2026-04-09T15:15:21.175507+00:00,83.94,12.98,83.94,12.98,None,436679896.5963322,4893.0,2183.8,-3359.2,328
2026-04-09T15:15:21.503754+00:00,83.88,13.00,83.88,13.0,-108.7,436679896.5963322,4884.1,2182.7,-3353.1,328
2026-04-09T15:15:21.827512+00:00,83.83,13.02,83.83,13.02,-110.7,436679896.5963322,4875.7,2181.6,-3347.4,328
2026-04-09T15:15:22.155034+00:00,83.77,13.03,83.77,13.03,-109.7,436679896.5963322,4867.4,2180.5,-3341.6,328
2026-04-09T15:15:22.503167+00:00,83.71,13.05,83.71,13.05,-108.7,436679896.5963322,4858.5,2179.3,-3335.6,328
2026-04-09T15:15:22.827517+00:00,83.65,13.07,83.65,13.07,-107.7,436679896.5963322,4850.2,2178.3,-3329.8,328
2026-04-09T15:15:23.171486+00:00,83.59,13.09,83.59,13.09,-111.7,436679844.7749775,4841.2,2177.1,-3323.7,328
2026-04-09T15:15:23.519268+00:00,83.53,13.10,83.53,13.1,-107.7,436679844.7749775,4832.3,2176.0,-3317.5,328
2026-04-09T15:15:23.843511+00:00,83.47,13.12,83.47,13.12,-107.7,436679844.7749775,4823.8,2174.9,-3311.7,328
2026-04-09T15:15:24.171208+00:00,83.42,13.14,83.42,13.14,-111.7,436679844.7749775,4815.4,2173.8,-3305.9,328
2026-04-09T15:15:24.516544+00:00,83.36,13.15,83.36,13.15,-112.7,436679844.7749775,4807.0,2172.7,-3300.2,328
2026-04-09T15:15:24.843492+00:00,83.30,13.17,83.3,13.17,-108.7,436679844.7749775,4798.0,2171.6,-3294.0,328
2026-04-09T15:15:25.192242+00:00,83.24,13.19,83.24,13.19,-111.7,436679792.55178005,4788.9,2170.4,-3287.7,328
2026-04-09T15:15:25.535511+00:00,83.18,13.20,83.18,13.2,-109.7,436679792.55178005,4780.5,2169.4,-3282.0,328
2026-04-09T15:15:25.859653+00:00,83.12,13.22,83.12,13.22,-107.7,436679792.55178005,4771.4,2168.2,-3275.7,328
2026-04-09T15:15:26.187189+00:00,83.06,13.24,83.06,13.24,-109.7,436679792.55178005,4762.9,2167.2,-3269.9,328
2026-04-09T15:15:26.536057+00:00,83.00,13.26,83.0,13.26,-108.7,436679792.55178005,4754.3,2166.1,-3264.0,328
2026-04-09T15:15:26.859523+00:00,82.94,13.27,82.94,13.27,-108.7,436679792.55178005,4745.3,2165.0,-3257.8,328
2026-04-09T15:15:27.206984+00:00,82.88,13.29,82.88,13.29,-109.7,436679739.8221897,4736.1,2163.8,-3251.5,328
2026-04-09T15:15:27.558538+00:00,82.82,13.31,82.82,13.31,-112.7,436679739.8221897,4727.5,2162.8,-3245.6,328
2026-04-09T15:15:27.879500+00:00,82.76,13.32,82.76,13.32,-106.7,436679739.8221897,4718.3,2161.6,-3239.3,328
2026-04-09T15:15:28.203770+00:00,82.70,13.34,82.7,13.34,-111.7,436679739.8221897,4709.8,2160.6,-3233.4,328
2026-04-09T15:15:28.532912+00:00,82.65,13.36,82.65,13.36,-109.7,436679739.8221897,4701.2,2159.6,-3227.5,328
2026-04-09T15:15:28.879527+00:00,82.58,13.37,82.58,13.37,-106.7,436679739.8221897,4692.0,2158.4,-3221.2,328
2026-04-09T15:15:29.223530+00:00,82.52,13.39,82.52,13.39,-109.7,436679686.47774434,4682.9,2157.3,-3214.9,328
2026-04-09T15:15:29.551536+00:00,82.46,13.41,82.46,13.41,-109.7,436679686.47774434,4674.2,2156.3,-3209.0,328
2026-04-09T15:15:29.895488+00:00,82.40,13.42,82.4,13.42,-110.7,436679686.47774434,4664.9,2155.2,-3202.6,328
2026-04-09T15:15:30.223506+00:00,82.34,13.44,82.34,13.44,-107.7,436679686.47774434,4656.3,2154.1,-3196.7,328
2026-04-09T15:15:30.547196+00:00,82.28,13.46,82.28,13.46,-110.7,436679686.47774434,4647.5,2153.1,-3190.7,328
2026-04-09T15:15:30.895334+00:00,82.23,13.47,82.23,13.47,-108.7,436679686.47774434,4638.8,2152.0,-3184.7,328
2026-04-09T15:15:31.239518+00:00,82.16,13.49,82.16,13.49,-109.7,436679632.7467477,4629.0,2150.9,-3177.9,328
2026-04-09T15:15:31.566616+00:00,82.10,13.51,82.1,13.51,-109.7,436679632.7467477,4620.3,2149.8,-3172.0,328
2026-04-09T15:15:31.916596+00:00,82.04,13.52,82.04,13.52,-107.7,436679632.7467477,4611.6,2148.8,-3166.0,328
2026-04-09T15:15:32.239493+00:00,81.98,13.54,81.98,13.54,-109.7,436679632.7467477,4602.2,2147.7,-3159.6,328
2026-04-09T15:15:32.568059+00:00,81.92,13.56,81.92,13.56,-109.7,436679632.7467477,4593.4,2146.7,-3153.5,328
2026-04-09T15:15:32.891531+00:00,81.86,13.57,81.86,13.57,-109.7,436679632.7467477,4584.7,2145.7,-3147.5,328
2026-04-09T15:15:33.259534+00:00,81.79,13.59,81.79,13.59,-109.7,436679578.9631203,4574.7,2144.5,-3140.7,328
2026-04-09T15:15:33.587233+00:00,81.74,13.61,81.74,13.61,-109.7,436679578.9631203,4565.9,2143.5,-3134.7,328
2026-04-09T15:15:33.911518+00:00,81.68,13.62,81.68,13.62,-110.7,436679578.9631203,4557.0,2142.5,-3128.6,328
2026-04-09T15:15:34.259533+00:00,81.61,13.64,81.61,13.64,-107.7,436679578.9631203,4547.6,2141.4,-3122.1,328
2026-04-09T15:15:34.585747+00:00,81.55,13.66,81.55,13.66,-109.7,436679578.9631203,4538.7,2140.3,-3116.0,328
2026-04-09T15:15:34.911507+00:00,81.49,13.67,81.49,13.67,-109.7,436679578.9631203,4529.8,2139.3,-3109.9,328
2026-04-09T15:15:35.279581+00:00,81.43,13.69,81.43,13.69,-108.7,436679524.1787978,4519.8,2138.2,-3103.0,328
2026-04-09T15:15:35.603240+00:00,81.37,13.71,81.37,13.71,-109.7,436679524.1787978,4511.0,2137.2,-3096.9,328
2026-04-09T15:15:35.931507+00:00,81.31,13.72,81.31,13.72,-108.7,436679524.1787978,4502.0,2136.2,-3090.8,328
2026-04-09T15:15:36.274961+00:00,81.24,13.74,81.24,13.74,-109.7,436679524.1787978,4492.5,2135.1,-3084.3,328
2026-04-09T15:15:36.603579+00:00,81.18,13.76,81.18,13.76,-109.7,436679524.1787978,4483.5,2134.1,-3078.1,328
2026-04-09T15:15:36.928655+00:00,81.12,13.77,81.12,13.77,-110.7,436679524.1787978,4474.7,2133.1,-3072.0,328
2026-04-09T15:15:37.294110+00:00,81.06,13.79,81.06,13.79,-114.7,436679468.8930608,4465.0,2132.0,-3065.4,328
2026-04-09T15:15:37.623103+00:00,81.00,13.81,81.0,13.81,-109.7,436679468.8930608,4455.6,2131.0,-3058.9,328
2026-04-09T15:15:37.938124+00:00,80.94,13.82,80.94,13.82,-109.7,436679468.8930608,4446.7,2130.0,-3052.8,328
2026-04-09T15:15:38.262214+00:00,80.88,13.84,80.88,13.84,None,436679468.8930608,4437.7,2129.0,-3046.6,328
2026-04-09T15:15:38.606115+00:00,80.81,13.85,80.81,13.85,-109.7,436679468.8930608,4428.1,2128.0,-3040.1,328
2026-04-09T15:15:38.930096+00:00,80.76,13.87,80.76,13.87,-107.7,436679468.8930608,4419.3,2127.0,-3034.0,328
2026-04-09T15:15:39.274102+00:00,80.69,13.89,80.69,13.89,-111.7,436679413.5415355,4409.6,2125.9,-3027.3,328
2026-04-09T15:15:39.618125+00:00,80.63,13.90,80.63,13.9,-109.7,436679413.5415355,4400.1,2124.9,-3020.8,328
2026-04-09T15:15:39.938112+00:00,80.57,13.92,80.57,13.92,-108.7,436679413.5415355,4391.1,2123.9,-3014.7,328
2026-04-09T15:15:40.262105+00:00,80.51,13.93,80.51,13.93,-106.7,436679413.5415355,4382.1,2122.9,-3008.4,328
2026-04-09T15:15:40.606141+00:00,80.45,13.95,80.45,13.95,-107.7,436679413.5415355,4373.0,2122.0,-3002.2,328
2026-04-09T15:15:40.930093+00:00,80.38,13.97,80.38,13.97,-110.7,436679413.5415355,4363.4,2120.9,-2995.6,328
2026-04-09T15:15:41.274105+00:00,80.32,13.98,80.32,13.98,-112.7,436679357.73020244,4353.7,2119.9,-2989.0,328
2026-04-09T15:15:41.618098+00:00,80.26,14.00,80.26,14.0,-104.7,436679357.73020244,4344.8,2119.0,-2982.8,328
2026-04-09T15:15:41.942115+00:00,80.20,14.01,80.2,14.01,-110.7,436679357.73020244,4335.1,2117.9,-2976.2,328
2026-04-09T15:15:42.267185+00:00,80.14,14.03,80.14,14.03,-107.7,436679357.73020244,4326.0,2117.0,-2969.9,328
2026-04-09T15:15:42.595195+00:00,80.07,14.04,80.07,14.04,-110.7,436679357.73020244,4316.7,2116.0,-2963.6,328
2026-04-09T15:15:42.939783+00:00,80.01,14.06,80.01,14.06,-113.7,436679357.73020244,4306.9,2115.0,-2956.8,328
2026-04-09T15:15:43.287512+00:00,79.94,14.08,79.94,14.08,-111.7,436679301.14434433,4297.2,2113.9,-2950.1,328
2026-04-09T15:15:43.611192+00:00,79.88,14.09,79.88,14.09,-109.7,436679301.14434433,4287.9,2113.0,-2943.8,328
2026-04-09T15:15:43.959549+00:00,79.82,14.11,79.82,14.11,-112.7,436679301.14434433,4278.1,2112.0,-2937.1,328
2026-04-09T15:15:44.283225+00:00,79.76,14.12,79.76,14.12,-109.7,436679301.14434433,4268.8,2111.0,-2930.7,328
2026-04-09T15:15:44.611182+00:00,79.70,14.14,79.7,14.14,-108.7,436679301.14434433,4259.6,2110.1,-2924.4,328
2026-04-09T15:15:44.955752+00:00,79.63,14.16,79.63,14.16,-109.7,436679301.14434433,4249.7,2109.0,-2917.5,328
2026-04-09T15:15:45.304215+00:00,79.56,14.17,79.56,14.17,-109.7,436679243.8821101,4239.9,2108.0,-2910.8,328
2026-04-09T15:15:45.631519+00:00,79.50,14.19,79.5,14.19,-109.7,436679243.8821101,4230.5,2107.1,-2904.4,328
2026-04-09T15:15:45.975756+00:00,79.44,14.20,79.44,14.2,-106.7,436679243.8821101,4220.7,2106.1,-2897.6,328
2026-04-09T15:15:46.303529+00:00,79.38,14.22,79.38,14.22,-108.7,436679243.8821101,4211.3,2105.1,-2891.2,328
2026-04-09T15:15:46.627188+00:00,79.31,14.23,79.31,14.23,-110.7,436679243.8821101,4201.9,2104.2,-2884.7,328
2026-04-09T15:15:46.975571+00:00,79.25,14.25,79.25,14.25,-108.7,436679243.8821101,4192.6,2103.3,-2878.3,328
2026-04-09T15:15:47.319765+00:00,79.18,14.27,79.18,14.27,-111.7,436679186.00822157,4181.9,2102.2,-2871.0,328
2026-04-09T15:15:47.647196+00:00,79.12,14.28,79.12,14.28,-111.7,436679186.00822157,4172.6,2101.3,-2864.7,328
2026-04-09T15:15:47.996865+00:00,79.06,14.30,79.06,14.3,-107.7,436679186.00822157,4163.2,2100.3,-2858.2,328
2026-04-09T15:15:48.319528+00:00,78.99,14.31,78.99,14.31,-107.7,436679186.00822157,4153.3,2099.4,-2851.4,328
2026-04-09T15:15:48.648566+00:00,78.93,14.33,78.93,14.33,-109.7,436679186.00822157,4143.7,2098.4,-2844.8,328
2026-04-09T15:15:48.971590+00:00,78.87,14.34,78.87,14.34,-109.7,436679186.00822157,4134.4,2097.5,-2838.4,328
2026-04-09T15:15:49.339534+00:00,78.80,14.36,78.8,14.36,-109.7,436679128.32245225,4123.6,2096.5,-2831.0,328
2026-04-09T15:15:49.663491+00:00,78.73,14.38,78.73,14.38,-109.7,436679128.32245225,4114.1,2095.5,-2824.5,328
2026-04-09T15:15:49.987670+00:00,78.67,14.39,78.67,14.39,-106.7,436679128.32245225,4104.7,2094.6,-2818.0,328
2026-04-09T15:15:50.335593+00:00,78.61,14.41,78.61,14.41,-111.7,436679128.32245225,4094.7,2093.6,-2811.1,328
2026-04-09T15:15:50.663192+00:00,78.54,14.42,78.54,14.42,-107.7,436679128.32245225,4085.1,2092.7,-2804.5,328
2026-04-09T15:15:50.987334+00:00,78.48,14.44,78.48,14.44,-107.7,436679128.32245225,4075.7,2091.8,-2798.1,328
2026-04-09T15:15:51.355576+00:00,78.41,14.45,78.41,14.45,-109.7,436679069.5701994,4065.4,2090.8,-2791.1,328
2026-04-09T15:15:51.679182+00:00,78.35,14.47,78.35,14.47,-109.7,436679069.5701994,4055.3,2089.9,-2784.1,328
2026-04-09T15:15:52.004172+00:00,78.29,14.48,78.29,14.48,-110.7,436679069.5701994,4045.8,2089.0,-2777.5,328
2026-04-09T15:15:52.331487+00:00,78.22,14.50,78.22,14.5,-107.7,436679069.5701994,4036.2,2088.1,-2771.0,328
2026-04-09T15:15:52.679513+00:00,78.16,14.51,78.16,14.51,-107.7,436679069.5701994,4026.0,2087.1,-2764.0,328
2026-04-09T15:15:53.006849+00:00,78.09,14.53,78.09,14.53,-113.7,436679069.5701994,4016.5,2086.2,-2757.4,328
2026-04-09T15:15:53.351544+00:00,78.03,14.54,78.03,14.54,-109.7,436679010.2084258,4006.1,2085.3,-2750.4,328
2026-04-09T15:15:53.696916+00:00,77.96,14.56,77.96,14.56,-109.7,436679010.2084258,3995.9,2084.3,-2743.3,328
2026-04-09T15:15:54.023699+00:00,77.90,14.57,77.9,14.57,-107.7,436679010.2084258,3986.3,2083.4,-2736.7,328
2026-04-09T15:15:54.352603+00:00,77.83,14.59,77.83,14.59,-109.7,436679010.2084258,3976.6,2082.5,-2730.1,328
2026-04-09T15:15:54.695497+00:00,77.76,14.60,77.76,14.6,-107.7,436679010.2084258,3966.3,2081.6,-2723.0,328
2026-04-09T15:15:55.023543+00:00,77.70,14.62,77.7,14.62,-110.7,436679010.2084258,3956.6,2080.7,-2716.4,328
2026-04-09T15:15:55.367505+00:00,77.63,14.63,77.63,14.63,-109.7,436678950.43591917,3946.4,2079.8,-2709.3,328
2026-04-09T15:15:55.715516+00:00,77.57,14.65,77.57,14.65,-104.7,436678950.43591917,3936.0,2078.8,-2702.2,328
2026-04-09T15:15:56.044336+00:00,77.50,14.66,77.5,14.66,-108.7,436678950.43591917,3926.2,2077.9,-2695.5,328
2026-04-09T15:15:56.367508+00:00,77.44,14.68,77.44,14.68,-106.7,436678950.43591917,3916.6,2077.1,-2688.9,328
2026-04-09T15:15:56.715193+00:00,77.37,14.69,77.37,14.69,-108.7,436678950.43591917,3906.7,2076.2,-2682.1,328
2026-04-09T15:15:57.039383+00:00,77.31,14.71,77.31,14.71,-112.7,436678950.43591917,3896.4,2075.3,-2675.0,328
2026-04-09T15:15:57.387532+00:00,77.24,14.72,77.24,14.72,-107.7,436678890.19435894,3886.0,2074.3,-2667.8,328
2026-04-09T15:15:57.735518+00:00,77.17,14.74,77.17,14.74,-104.7,436678890.19435894,3876.1,2073.4,-2661.1,328
2026-04-09T15:15:58.062770+00:00,77.11,14.75,77.11,14.75,-105.7,436678890.19435894,3865.7,2072.5,-2653.9,328
2026-04-09T15:15:58.388562+00:00,77.04,14.77,77.04,14.77,-105.7,436678890.19435894,3855.9,2071.7,-2647.2,328
2026-04-09T15:15:58.711497+00:00,76.98,14.78,76.98,14.78,-107.7,436678890.19435894,3846.1,2070.8,-2640.5,328
2026-04-09T15:15:59.059301+00:00,76.91,14.80,76.91,14.8,-106.7,436678890.19435894,3835.6,2069.9,-2633.3,328
2026-04-09T15:15:59.403495+00:00,76.84,14.81,76.84,14.81,-104.7,436678829.3372325,3825.1,2069.0,-2626.0,328
2026-04-09T15:15:59.731501+00:00,76.78,14.83,76.78,14.83,-107.7,436678829.3372325,3815.3,2068.1,-2619.3,328
2026-04-09T15:16:00.078824+00:00,76.71,14.84,76.71,14.84,-107.7,436678829.3372325,3804.7,2067.2,-2612.1,328
2026-04-09T15:16:00.403171+00:00,76.64,14.86,76.64,14.86,-107.7,436678829.3372325,3794.9,2066.4,-2605.3,328
2026-04-09T15:16:00.732552+00:00,76.58,14.87,76.58,14.87,-104.7,436678829.3372325,3784.9,2065.5,-2598.5,328
2026-04-09T15:16:01.074861+00:00,76.51,14.89,76.51,14.89,-110.7,436678829.3372325,3774.4,2064.6,-2591.3,328
2026-04-09T15:16:01.423471+00:00,76.44,14.90,76.44,14.9,-108.7,436678768.127338,3763.8,2063.7,-2584.0,328
2026-04-09T15:16:01.747523+00:00,76.38,14.92,76.38,14.92,-107.7,436678768.127338,3753.8,2062.9,-2577.1,328
2026-04-09T15:16:02.096130+00:00,76.31,14.93,76.31,14.93,-106.7,436678768.127338,3743.3,2062.0,-2569.9,328
2026-04-09T15:16:02.419514+00:00,76.24,14.94,76.24,14.94,-107.7,436678768.127338,3733.3,2061.2,-2563.0,328
2026-04-09T15:16:02.747510+00:00,76.18,14.96,76.18,14.96,-109.7,436678768.127338,3723.3,2060.3,-2556.2,328
2026-04-09T15:16:03.098147+00:00,76.11,14.97,76.11,14.97,-106.7,436678768.127338,3712.6,2059.4,-2548.8,328
2026-04-09T15:16:03.439610+00:00,76.04,14.99,76.04,14.99,-105.7,436678706.18950355,3702.1,2058.6,-2541.6,328
2026-04-09T15:16:03.763218+00:00,75.98,15.00,75.98,15.0,-110.7,436678706.18950355,3692.0,2057.7,-2534.7,328
2026-04-09T15:16:04.111028+00:00,75.91,15.02,75.91,15.02,-109.7,436678706.18950355,3681.4,2056.9,-2527.4,328
2026-04-09T15:16:04.435566+00:00,75.84,15.03,75.84,15.03,-110.7,436678706.18950355,3671.3,2056.0,-2520.5,328
2026-04-09T15:16:04.763159+00:00,75.78,15.04,75.78,15.04,-103.7,436678706.18950355,3661.3,2055.2,-2513.6,328
2026-04-09T15:16:05.110816+00:00,75.71,15.06,75.71,15.06,-109.7,436678706.18950355,3651.1,2054.4,-2506.6,328
2026-04-09T15:16:05.455572+00:00,75.64,15.07,75.64,15.07,-110.7,436678644.10160035,3639.8,2053.5,-2498.9,328
2026-04-09T15:16:05.784596+00:00,75.57,15.09,75.57,15.09,-107.7,436678644.10160035,3629.7,2052.7,-2491.9,328
2026-04-09T15:16:06.126782+00:00,75.51,15.10,75.51,15.1,-109.7,436678644.10160035,3619.6,2051.9,-2485.0,328
2026-04-09T15:16:06.457020+00:00,75.44,15.12,75.44,15.12,-111.7,436678644.10160035,3608.8,2051.0,-2477.6,328
2026-04-09T15:16:06.779555+00:00,75.37,15.13,75.37,15.13,-106.7,436678644.10160035,3598.8,2050.2,-2470.7,328
2026-04-09T15:16:07.126190+00:00,75.30,15.14,75.3,15.14,-109.7,436678644.10160035,3588.5,2049.4,-2463.6,328
2026-04-09T15:16:07.470244+00:00,75.23,15.16,75.23,15.16,-109.7,436678581.4507618,3577.1,2048.5,-2455.8,328
2026-04-09T15:16:07.795270+00:00,75.17,15.17,75.17,15.17,-106.7,436678581.4507618,3567.0,2047.7,-2448.9,328
2026-04-09T15:16:08.143515+00:00,75.10,15.19,75.1,15.19,-107.7,436678581.4507618,3556.9,2046.9,-2441.9,328
2026-04-09T15:16:08.458164+00:00,75.03,15.20,75.03,15.2,-107.7,436678581.4507618,3546.2,2046.1,-2434.6,328
2026-04-09T15:16:08.782108+00:00,74.96,15.21,74.96,15.21,-111.7,436678581.4507618,3535.9,2045.3,-2427.5,328
2026-04-09T15:16:09.106105+00:00,74.90,15.23,74.9,15.23,-105.7,436678581.4507618,3525.8,2044.5,-2420.6,328
2026-04-09T15:16:09.470303+00:00,74.83,15.24,74.83,15.24,-109.7,436678519.43895984,3514.5,2043.6,-2412.8,328
2026-04-09T15:16:09.794099+00:00,74.76,15.25,74.76,15.25,-109.7,436678519.43895984,3504.3,2042.8,-2405.8,328
2026-04-09T15:16:10.118103+00:00,74.69,15.27,74.69,15.27,-107.7,436678519.43895984,3494.1,2042.1,-2398.8,328
2026-04-09T15:16:10.462864+00:00,74.62,15.28,74.62,15.28,-107.7,436678519.43895984,3483.1,2041.2,-2391.2,328
2026-04-09T15:16:10.786103+00:00,74.56,15.30,74.56,15.3,-106.7,436678519.43895984,3472.8,2040.4,-2384.2,328
2026-04-09T15:16:11.110141+00:00,74.49,15.31,74.49,15.31,-112.7,436678519.43895984,3462.6,2039.7,-2377.2,328
2026-04-09T15:16:11.474122+00:00,74.42,15.32,74.42,15.32,-107.7,436678456.2088277,3451.8,2038.9,-2369.8,328
2026-04-09T15:16:11.798101+00:00,74.35,15.34,74.35,15.34,-107.7,436678456.2088277,3440.9,2038.1,-2362.3,328
2026-04-09T15:16:12.124571+00:00,74.29,15.35,74.29,15.35,-107.7,436678456.2088277,3430.7,2037.3,-2355.3,328
2026-04-09T15:16:12.447579+00:00,74.22,15.36,74.22,15.36,-110.7,436678456.2088277,3420.4,2036.5,-2348.2,328
2026-04-09T15:16:12.795507+00:00,74.15,15.38,74.15,15.38,-106.7,436678456.2088277,3409.3,2035.7,-2340.6,328
2026-04-09T15:16:13.119252+00:00,74.08,15.39,74.08,15.39,-106.7,436678456.2088277,3398.8,2034.9,-2333.4,328
2026-04-09T15:16:13.471525+00:00,74.01,15.40,74.01,15.4,None,436678392.3499716,3387.8,2034.1,-2325.9,328
2026-04-09T15:16:13.811536+00:00,73.94,15.42,73.94,15.42,-106.7,436678392.3499716,3376.7,2033.3,-2318.2,328
2026-04-09T15:16:14.139596+00:00,73.87,15.43,73.87,15.43,-106.7,436678392.3499716,3366.4,2032.6,-2311.1,328
2026-04-09T15:16:14.463545+00:00,73.80,15.44,73.8,15.44,-108.7,436678392.3499716,3355.9,2031.8,-2303.9,328
2026-04-09T15:16:14.811193+00:00,73.74,15.46,73.74,15.46,-106.7,436678392.3499716,3345.5,2031.1,-2296.8,328
2026-04-09T15:16:15.134766+00:00,73.67,15.47,73.67,15.47,-107.7,436678392.3499716,3334.4,2030.3,-2289.1,328
2026-04-09T15:16:15.484691+00:00,73.59,15.48,73.59,15.48,-104.7,436678327.8325201,3323.3,2029.5,-2281.5,328
2026-04-09T15:16:15.827200+00:00,73.53,15.50,73.53,15.5,-106.7,436678327.8325201,3312.8,2028.8,-2274.3,328
2026-04-09T15:16:16.154803+00:00,73.46,15.51,73.46,15.51,-107.7,436678327.8325201,3301.7,2028.0,-2266.7,328
2026-04-09T15:16:16.479728+00:00,73.39,15.52,73.39,15.52,-105.7,436678327.8325201,3291.1,2027.2,-2259.5,328
2026-04-09T15:16:16.807512+00:00,73.32,15.53,73.32,15.53,-108.7,436678327.8325201,3280.7,2026.5,-2252.3,328
2026-04-09T15:16:17.151265+00:00,73.25,15.55,73.25,15.55,-109.7,436678327.8325201,3269.5,2025.7,-2244.6,328
2026-04-09T15:16:17.499691+00:00,73.18,15.56,73.18,15.56,-102.7,436678262.82290024,3258.2,2024.9,-2236.9,328
2026-04-09T15:16:17.823507+00:00,73.11,15.57,73.11,15.57,-103.7,436678262.82290024,3247.7,2024.2,-2229.6,328
2026-04-09T15:16:18.171288+00:00,73.04,15.59,73.04,15.59,-107.7,436678262.82290024,3236.5,2023.4,-2221.9,328
2026-04-09T15:16:18.499065+00:00,72.97,15.60,72.97,15.6,-103.7,436678262.82290024,3225.9,2022.7,-2214.7,328
2026-04-09T15:16:18.824718+00:00,72.90,15.61,72.9,15.61,-106.7,436678262.82290024,3215.4,2022.0,-2207.5,328
2026-04-09T15:16:19.171055+00:00,72.83,15.63,72.83,15.63,-107.7,436678262.82290024,3204.0,2021.2,-2199.6,328
2026-04-09T15:16:19.515535+00:00,72.76,15.64,72.76,15.64,-103.7,436678197.25496787,3192.8,2020.5,-2191.9,328
2026-04-09T15:16:19.844695+00:00,72.69,15.65,72.69,15.65,-105.7,436678197.25496787,3182.1,2019.8,-2184.6,328
2026-04-09T15:16:20.187529+00:00,72.62,15.66,72.62,15.66,-107.7,436678197.25496787,3170.8,2019.0,-2176.9,328
2026-04-09T15:16:20.516828+00:00,72.55,15.68,72.55,15.68,-106.7,436678197.25496787,3160.2,2018.3,-2169.6,328
2026-04-09T15:16:20.839536+00:00,72.48,15.69,72.48,15.69,-106.7,436678197.25496787,3149.6,2017.6,-2162.3,328
2026-04-09T15:16:21.187195+00:00,72.41,15.70,72.41,15.7,-107.7,436678197.25496787,3138.8,2016.9,-2154.9,328
2026-04-09T15:16:21.536319+00:00,72.34,15.71,72.34,15.71,-107.7,436678131.3556042,3126.8,2016.1,-2146.7,328
2026-04-09T15:16:21.859512+00:00,72.27,15.73,72.27,15.73,-107.7,436678131.3556042,3116.1,2015.4,-2139.3,328
2026-04-09T15:16:22.206992+00:00,72.20,15.74,72.2,15.74,-107.7,436678131.3556042,3105.3,2014.7,-2131.9,328
2026-04-09T15:16:22.531859+00:00,72.12,15.75,72.12,15.75,-104.7,436678131.3556042,3093.9,2014.0,-2124.1,328
2026-04-09T15:16:22.855802+00:00,72.06,15.76,72.06,15.76,-106.7,436678131.3556042,3083.2,2013.3,-2116.7,328
2026-04-09T15:16:23.182978+00:00,71.99,15.78,71.99,15.78,-107.7,436678131.3556042,3072.5,2012.6,-2109.4,328
2026-04-09T15:16:23.555577+00:00,71.91,15.79,71.91,15.79,-106.7,436678065.6866777,3060.5,2011.8,-2101.1,328
2026-04-09T15:16:23.875601+00:00,71.84,15.80,71.84,15.8,-105.7,436678065.6866777,3049.6,2011.1,-2093.6,328
2026-04-09T15:16:24.202788+00:00,71.77,15.81,71.77,15.81,-106.7,436678065.6866777,3038.8,2010.5,-2086.3,328
2026-04-09T15:16:24.549312+00:00,71.70,15.83,71.7,15.83,-105.7,436678065.6866777,3027.4,2009.7,-2078.4,328
2026-04-09T15:16:24.875737+00:00,71.63,15.84,71.63,15.84,-105.7,436678065.6866777,3016.6,2009.1,-2071.0,328
2026-04-09T15:16:25.198965+00:00,71.56,15.85,71.56,15.85,-107.7,436678065.6866777,3005.7,2008.4,-2063.5,328
2026-04-09T15:16:25.567211+00:00,71.49,15.86,71.49,15.86,-102.7,436677998.91784006,2994.2,2007.7,-2055.6,328
2026-04-09T15:16:25.891293+00:00,71.42,15.87,71.42,15.87,-103.7,436677998.91784006,2982.7,2007.0,-2047.7,328
2026-04-09T15:16:26.219502+00:00,71.35,15.89,71.35,15.89,-107.7,436677998.91784006,2971.9,2006.3,-2040.3,328
2026-04-09T15:16:26.543876+00:00,71.28,15.90,71.28,15.9,-105.7,436677998.91784006,2960.9,2005.6,-2032.8,328
2026-04-09T15:16:26.891525+00:00,71.20,15.91,71.2,15.91,-103.7,436677998.91784006,2949.4,2004.9,-2024.9,328
2026-04-09T15:16:27.216658+00:00,71.13,15.92,71.13,15.92,-107.7,436677998.91784006,2938.5,2004.3,-2017.4,328
2026-04-09T15:16:27.563208+00:00,71.06,15.93,71.06,15.93,-107.7,436677931.65914553,2927.0,2003.6,-2009.5,328
2026-04-09T15:16:27.907513+00:00,70.99,15.95,70.99,15.95,-103.7,436677931.65914553,2915.5,2002.9,-2001.6,328
2026-04-09T15:16:28.235495+00:00,70.92,15.96,70.92,15.96,-108.7,436677931.65914553,2904.5,2002.2,-1994.0,328
2026-04-09T15:16:28.564014+00:00,70.85,15.97,70.85,15.97,-106.7,436677931.65914553,2893.6,2001.6,-1986.6,328
2026-04-09T15:16:28.907360+00:00,70.77,15.98,70.77,15.98,-104.7,436677931.65914553,2881.9,2000.9,-1978.5,328
2026-04-09T15:16:29.231188+00:00,70.70,15.99,70.7,15.99,-110.7,436677931.65914553,2870.9,2000.2,-1971.0,328
2026-04-09T15:16:29.579239+00:00,70.63,16.01,70.63,16.01,-109.7,436677864.08431107,2859.3,1999.6,-1963.0,328
2026-04-09T15:16:29.923610+00:00,70.56,16.02,70.56,16.02,-106.7,436677864.08431107,2847.6,1998.9,-1955.0,328
2026-04-09T15:16:30.251197+00:00,70.49,16.03,70.49,16.03,-109.7,436677864.08431107,2836.7,1998.3,-1947.5,328
2026-04-09T15:16:30.575199+00:00,70.42,16.04,70.42,16.04,-107.7,436677864.08431107,2825.6,1997.6,-1939.9,328
2026-04-09T15:16:30.923487+00:00,70.35,16.05,70.35,16.05,-105.7,436677864.08431107,2814.7,1997.0,-1932.4,328
2026-04-09T15:16:31.247387+00:00,70.27,16.06,70.27,16.06,-106.7,436677864.08431107,2802.9,1996.3,-1924.3,328
2026-04-09T15:16:31.595187+00:00,70.20,16.07,70.2,16.07,-105.7,436677796.032955,2791.2,1995.7,-1916.3,328
2026-04-09T15:16:31.939635+00:00,70.13,16.09,70.13,16.09,-104.7,436677796.032955,2780.2,1995.0,-1908.7,328
2026-04-09T15:16:32.267322+00:00,70.05,16.10,70.05,16.1,-104.7,436677796.032955,2768.5,1994.4,-1900.7,328
2026-04-09T15:16:32.591179+00:00,69.98,16.11,69.98,16.11,-109.7,436677796.032955,2757.4,1993.8,-1893.0,328
2026-04-09T15:16:32.919479+00:00,69.91,16.12,69.91,16.12,-107.7,436677796.032955,2746.4,1993.1,-1885.5,328
2026-04-09T15:16:33.263514+00:00,69.84,16.13,69.84,16.13,-109.7,436677796.032955,2734.5,1992.5,-1877.3,328
2026-04-09T15:16:33.614711+00:00,69.76,16.14,69.76,16.14,-109.7,436677727.5737108,2722.8,1991.8,-1869.3,328
2026-04-09T15:16:33.935188+00:00,69.69,16.15,69.69,16.15,-108.7,436677727.5737108,2711.6,1991.2,-1861.6,328
2026-04-09T15:16:34.283489+00:00,69.62,16.16,69.62,16.16,-106.7,436677727.5737108,2699.8,1990.6,-1853.5,328
2026-04-09T15:16:34.607217+00:00,69.55,16.18,69.55,16.18,-107.7,436677727.5737108,2688.7,1990.0,-1845.9,328
2026-04-09T15:16:34.935487+00:00,69.48,16.19,69.48,16.19,-109.7,436677727.5737108,2677.6,1989.4,-1838.3,328
2026-04-09T15:16:35.284554+00:00,69.41,16.20,69.41,16.2,-106.7,436677727.5737108,2666.4,1988.8,-1830.6,328
2026-04-09T15:16:35.628220+00:00,69.33,16.21,69.33,16.21,-106.7,436677658.541574,2653.9,1988.1,-1822.0,328
2026-04-09T15:16:35.956523+00:00,69.26,16.22,69.26,16.22,-106.7,436677658.541574,2642.7,1987.5,-1814.3,328
2026-04-09T15:16:36.299166+00:00,69.19,16.23,69.19,16.23,-108.7,436677658.541574,2631.4,1986.9,-1806.6,328
2026-04-09T15:16:36.627191+00:00,69.11,16.24,69.11,16.24,-107.7,436677658.541574,2619.6,1986.3,-1798.4,328
2026-04-09T15:16:36.951891+00:00,69.04,16.25,69.04,16.25,-105.7,436677658.541574,2608.5,1985.7,-1790.8,328
2026-04-09T15:16:37.274109+00:00,68.97,16.26,68.97,16.26,-107.7,436677658.541574,2597.1,1985.1,-1783.0,328
2026-04-09T15:16:37.638113+00:00,68.89,16.27,68.89,16.27,-103.7,436677590.1993266,2584.6,1984.5,-1774.4,328
2026-04-09T15:16:37.962262+00:00,68.82,16.28,68.82,16.28,-107.7,436677590.1993266,2573.4,1983.9,-1766.7,328
2026-04-09T15:16:38.286127+00:00,68.75,16.29,68.75,16.29,-103.7,436677590.1993266,2562.4,1983.4,-1759.2,328
2026-04-09T15:16:38.633904+00:00,68.67,16.30,68.67,16.3,-104.7,436677590.1993266,2550.5,1982.8,-1751.0,328
2026-04-09T15:16:38.950301+00:00,68.60,16.31,68.6,16.31,-104.7,436677590.1993266,2539.4,1982.2,-1743.4,328
2026-04-09T15:16:39.274106+00:00,68.53,16.32,68.53,16.32,-106.7,436677590.1993266,2528.1,1981.6,-1735.6,328
2026-04-09T15:16:39.638123+00:00,68.46,16.34,68.46,16.34,-104.7,436677521.11064726,2516.2,1981.0,-1727.4,328
2026-04-09T15:16:39.962234+00:00,68.38,16.35,68.38,16.35,-102.7,436677521.11064726,2504.2,1980.4,-1719.3,328
2026-04-09T15:16:40.286101+00:00,68.31,16.36,68.31,16.36,-104.7,436677521.11064726,2493.0,1979.9,-1711.5,328
2026-04-09T15:16:40.610113+00:00,68.24,16.37,68.24,16.37,-106.7,436677521.11064726,2481.9,1979.3,-1703.9,328
2026-04-09T15:16:40.955540+00:00,68.16,16.38,68.16,16.38,-105.7,436677521.11064726,2469.9,1978.7,-1695.7,328
2026-04-09T15:16:41.278102+00:00,68.09,16.39,68.09,16.39,-107.7,436677521.11064726,2458.7,1978.2,-1688.0,328
2026-04-09T15:16:41.622117+00:00,68.02,16.40,68.02,16.4,-106.7,436677451.5065069,2446.7,1977.6,-1679.7,328
2026-04-09T15:16:41.966334+00:00,67.94,16.41,67.94,16.41,-108.7,436677451.5065069,2434.7,1977.0,-1671.5,328
2026-04-09T15:16:42.291204+00:00,67.87,16.42,67.87,16.42,-107.7,436677451.5065069,2423.4,1976.5,-1663.8,328
2026-04-09T15:16:42.619229+00:00,67.80,16.43,67.8,16.43,-105.7,436677451.5065069,2412.0,1976.0,-1655.9,328
2026-04-09T15:16:42.964015+00:00,67.73,16.44,67.73,16.44,-100.7,436677451.5065069,2400.7,1975.4,-1648.1,328
2026-04-09T15:16:43.291527+00:00,67.65,16.45,67.65,16.45,-107.7,436677451.5065069,2388.5,1974.9,-1639.8,328
2026-04-09T15:16:43.642792+00:00,67.57,16.46,67.57,16.46,-109.7,436677381.1970081,2376.3,1974.3,-1631.4,328
2026-04-09T15:16:43.984738+00:00,67.50,16.47,67.5,16.47,-106.7,436677381.1970081,2365.0,1973.8,-1623.6,328
2026-04-09T15:16:44.311541+00:00,67.43,16.48,67.43,16.48,-108.7,436677381.1970081,2352.7,1973.2,-1615.2,328
2026-04-09T15:16:44.639188+00:00,67.35,16.49,67.35,16.49,-108.7,436677381.1970081,2341.2,1972.7,-1607.3,328
2026-04-09T15:16:44.983723+00:00,67.28,16.50,67.28,16.5,-106.7,436677381.1970081,2329.7,1972.1,-1599.4,328
2026-04-09T15:16:45.311567+00:00,67.21,16.51,67.21,16.51,-106.7,436677381.1970081,2317.6,1971.6,-1591.1,328
2026-04-09T15:16:45.655176+00:00,67.13,16.52,67.13,16.52,-104.7,436677310.29470235,2305.3,1971.0,-1582.7,328
2026-04-09T15:16:46.005179+00:00,67.06,16.53,67.06,16.53,-101.7,436677310.29470235,2294.0,1970.5,-1574.9,328
2026-04-09T15:16:46.327344+00:00,66.98,16.54,66.98,16.54,-106.7,436677310.29470235,2281.7,1970.0,-1566.5,328
2026-04-09T15:16:46.655191+00:00,66.91,16.54,66.91,16.54,-105.7,436677310.29470235,2270.3,1969.5,-1558.6,328
2026-04-09T15:16:46.979570+00:00,66.83,16.55,66.83,16.55,-107.7,436677310.29470235,2258.7,1969.0,-1550.7,328
2026-04-09T15:16:47.327530+00:00,66.76,16.56,66.76,16.56,-106.7,436677310.29470235,2246.5,1968.4,-1542.3,328
2026-04-09T15:16:47.671777+00:00,66.68,16.57,66.68,16.57,-104.7,436677239.1774285,2234.2,1967.9,-1533.8,328
2026-04-09T15:16:47.999230+00:00,66.61,16.58,66.61,16.58,-106.7,436677239.1774285,2222.8,1967.4,-1526.0,328
2026-04-09T15:16:48.343768+00:00,66.53,16.59,66.53,16.59,-107.7,436677239.1774285,2210.4,1966.9,-1517.5,328
2026-04-09T15:16:48.675769+00:00,66.46,16.60,66.46,16.6,-101.7,436677239.1774285,2198.9,1966.4,-1509.7,328
2026-04-09T15:16:48.995604+00:00,66.39,16.61,66.39,16.61,-102.7,436677239.1774285,2187.3,1965.9,-1501.7,328
2026-04-09T15:16:49.343218+00:00,66.31,16.62,66.31,16.62,-102.7,436677239.1774285,2175.8,1965.4,-1493.8,328
2026-04-09T15:16:49.692062+00:00,66.23,16.63,66.23,16.63,-102.7,436677167.7223223,2162.7,1964.9,-1484.8,328
2026-04-09T15:16:50.015181+00:00,66.16,16.64,66.16,16.64,-104.7,436677167.7223223,2151.2,1964.4,-1476.9,328
2026-04-09T15:16:50.363235+00:00,66.09,16.65,66.09,16.65,-107.7,436677167.7223223,2139.5,1963.9,-1468.9,328
2026-04-09T15:16:50.687193+00:00,66.01,16.66,66.01,16.66,-105.7,436677167.7223223,2127.1,1963.4,-1460.4,328
2026-04-09T15:16:51.015563+00:00,65.94,16.66,65.94,16.66,-104.7,436677167.7223223,2115.6,1962.9,-1452.4,328
2026-04-09T15:16:51.359165+00:00,65.86,16.67,65.86,16.67,-105.7,436677167.7223223,2103.9,1962.4,-1444.4,328
2026-04-09T15:16:51.706971+00:00,65.78,16.68,65.78,16.68,-102.7,436677095.9165816,2090.9,1961.9,-1435.4,328
2026-04-09T15:16:52.031520+00:00,65.71,16.69,65.71,16.69,-105.7,436677095.9165816,2079.1,1961.4,-1427.4,328
2026-04-09T15:16:52.379613+00:00,65.64,16.70,65.64,16.7,-103.7,436677095.9165816,2067.6,1961.0,-1419.5,328
2026-04-09T15:16:52.703532+00:00,65.56,16.71,65.56,16.71,-103.7,436677095.9165816,2055.1,1960.5,-1410.9,328
2026-04-09T15:16:53.031609+00:00,65.48,16.72,65.48,16.72,-102.7,436677095.9165816,2043.5,1960.0,-1403.0,328
2026-04-09T15:16:53.355567+00:00,65.41,16.73,65.41,16.73,-110.7,436677095.9165816,2031.9,1959.6,-1395.0,328
2026-04-09T15:16:53.726951+00:00,65.33,16.73,65.33,16.73,-108.7,436677024.4808563,2018.7,1959.1,-1385.9,328
2026-04-09T15:16:54.047516+00:00,65.26,16.74,65.26,16.74,-101.7,436677024.4808563,2007.0,1958.6,-1377.9,328
2026-04-09T15:16:54.375597+00:00,65.18,16.75,65.18,16.75,-107.7,436677024.4808563,1995.3,1958.2,-1369.9,328
2026-04-09T15:16:54.718980+00:00,65.10,16.76,65.1,16.76,-102.7,436677024.4808563,1982.9,1957.7,-1361.4,328
2026-04-09T15:16:55.047529+00:00,65.03,16.77,65.03,16.77,-102.7,436677024.4808563,1971.2,1957.3,-1353.3,328
2026-04-09T15:16:55.371759+00:00,64.96,16.78,64.96,16.78,-103.7,436677024.4808563,1959.4,1956.8,-1345.2,328
2026-04-09T15:16:55.739165+00:00,64.88,16.78,64.88,16.78,-103.7,436676952.018476,1946.9,1956.3,-1336.6,328
2026-04-09T15:16:56.063178+00:00,64.80,16.79,64.8,16.79,-104.7,436676952.018476,1934.4,1955.9,-1328.1,328
2026-04-09T15:16:56.391108+00:00,64.73,16.80,64.73,16.8,-106.7,436676952.018476,1922.7,1955.5,-1320.0,328
2026-04-09T15:16:56.735591+00:00,64.65,16.81,64.65,16.81,-102.7,436676952.018476,1910.9,1955.0,-1311.9,328
2026-04-09T15:16:57.063512+00:00,64.58,16.82,64.58,16.82,-102.7,436676952.018476,1898.5,1954.6,-1303.4,328
2026-04-09T15:16:57.387729+00:00,64.50,16.83,64.5,16.83,-104.7,436676952.018476,1886.6,1954.1,-1295.2,328
2026-04-09T15:16:57.755509+00:00,64.42,16.83,64.42,16.83,-105.7,436676879.25133556,1874.2,1953.7,-1286.7,328
2026-04-09T15:16:58.079200+00:00,64.35,16.84,64.35,16.84,-101.7,436676879.25133556,1861.6,1953.3,-1278.0,328
2026-04-09T15:16:58.407525+00:00,64.27,16.85,64.27,16.85,-103.7,436676879.25133556,1849.9,1952.8,-1270.0,328
2026-04-09T15:16:58.734852+00:00,64.20,16.86,64.2,16.86,-104.7,436676879.25133556,1838.0,1952.4,-1261.8,328
2026-04-09T15:16:59.079248+00:00,64.12,16.87,64.12,16.87,-101.7,436676879.25133556,1825.5,1952.0,-1253.2,328
2026-04-09T15:16:59.403188+00:00,64.05,16.87,64.05,16.87,-104.7,436676879.25133556,1813.6,1951.6,-1245.1,328
2026-04-09T15:16:59.752573+00:00,63.97,16.88,63.97,16.88,-101.7,436676806.20379406,1801.1,1951.2,-1236.5,328
2026-04-09T15:17:00.095521+00:00,63.89,16.89,63.89,16.89,-100.7,436676806.20379406,1788.6,1950.7,-1227.9,328
2026-04-09T15:17:00.424592+00:00,63.81,16.90,63.81,16.9,-106.7,436676806.20379406,1776.7,1950.3,-1219.7,328
2026-04-09T15:17:00.748706+00:00,63.74,16.90,63.74,16.9,-101.7,436676806.20379406,1764.9,1949.9,-1211.7,328
2026-04-09T15:17:01.095566+00:00,63.67,16.91,63.67,16.91,-104.7,436676806.20379406,1752.9,1949.5,-1203.5,328
2026-04-09T15:17:01.419499+00:00,63.59,16.92,63.59,16.92,-104.7,436676806.20379406,1740.3,1949.1,-1194.8,328
2026-04-09T15:17:01.767525+00:00,63.51,16.93,63.51,16.93,-107.7,436676732.83086675,1727.7,1948.7,-1186.1,328
2026-04-09T15:17:02.111420+00:00,63.43,16.93,63.43,16.93,-107.7,436676732.83086675,1715.8,1948.3,-1177.9,328
2026-04-09T15:17:02.439178+00:00,63.36,16.94,63.36,16.94,-103.7,436676732.83086675,1703.2,1947.9,-1169.3,328
2026-04-09T15:17:02.763219+00:00,63.28,16.95,63.28,16.95,-103.7,436676732.83086675,1691.2,1947.5,-1161.1,328
2026-04-09T15:17:03.087497+00:00,63.21,16.95,63.21,16.95,None,436676732.83086675,1679.4,1947.2,-1152.9,328
2026-04-09T15:17:03.435215+00:00,63.13,16.96,63.13,16.96,-109.7,436676732.83086675,1666.8,1946.8,-1144.3,328
2026-04-09T15:17:03.779197+00:00,63.05,16.97,63.05,16.97,-106.7,436676659.2008312,1654.0,1946.4,-1135.5,328
2026-04-09T15:17:04.107533+00:00,62.98,16.98,62.98,16.98,-105.7,436676659.2008312,1642.2,1946.0,-1127.4,328
2026-04-09T15:17:04.451513+00:00,62.90,16.98,62.9,16.98,-103.7,436676659.2008312,1629.4,1945.6,-1118.6,328
2026-04-09T15:17:04.779516+00:00,62.82,16.99,62.82,16.99,-107.7,436676659.2008312,1617.6,1945.3,-1110.5,328
2026-04-09T15:17:05.103510+00:00,62.75,17.00,62.75,17.0,-109.7,436676659.2008312,1605.5,1944.9,-1102.3,328
2026-04-09T15:17:05.451510+00:00,62.67,17.00,62.67,17.0,-101.7,436676659.2008312,1593.6,1944.5,-1094.1,328
2026-04-09T15:17:05.795541+00:00,62.59,17.01,62.59,17.01,-106.7,436676585.27670354,1580.1,1944.1,-1084.8,328
2026-04-09T15:17:06.123181+00:00,62.51,17.02,62.51,17.02,-104.7,436676585.27670354,1568.2,1943.8,-1076.6,328
2026-04-09T15:17:06.467658+00:00,62.44,17.02,62.44,17.02,-107.7,436676585.27670354,1556.2,1943.4,-1068.4,328
2026-04-09T15:17:06.795353+00:00,62.36,17.03,62.36,17.03,-105.7,436676585.27670354,1543.5,1943.1,-1059.7,328
2026-04-09T15:17:07.119525+00:00,62.29,17.04,62.29,17.04,-105.7,436676585.27670354,1531.4,1942.7,-1051.4,328
2026-04-09T15:17:07.446236+00:00,62.21,17.04,62.21,17.04,-100.7,436676585.27670354,1519.5,1942.4,-1043.2,328
2026-04-09T15:17:07.810477+00:00,62.13,17.05,62.13,17.05,-105.7,436676511.89470804,1506.1,1942.0,-1034.0,328
2026-04-09T15:17:08.134284+00:00,62.05,17.06,62.05,17.06,-104.7,436676511.89470804,1494.1,1941.7,-1025.8,328
2026-04-09T15:17:08.458126+00:00,61.98,17.06,61.98,17.06,-103.7,436676511.89470804,1482.2,1941.3,-1017.6,328
2026-04-09T15:17:08.802229+00:00,61.90,17.07,61.9,17.07,-104.7,436676511.89470804,1469.3,1941.0,-1008.7,328
2026-04-09T15:17:09.146877+00:00,61.82,17.08,61.82,17.08,-104.7,436676461.8664433,1456.6,1940.6,-1000.0,328
2026-04-09T15:17:09.470235+00:00,61.74,17.08,61.74,17.08,-103.7,436676461.8664433,1444.6,1940.3,-991.8,328
2026-04-09T15:17:09.814109+00:00,61.67,17.09,61.67,17.09,-103.7,436676461.8664433,1432.1,1940.0,-983.2,328
2026-04-09T15:17:10.138130+00:00,61.59,17.10,61.59,17.1,-107.7,436676461.8664433,1420.1,1939.7,-975.0,328
2026-04-09T15:17:10.458148+00:00,61.52,17.10,61.52,17.1,-104.7,436676461.8664433,1408.1,1939.4,-966.7,328
2026-04-09T15:17:10.802142+00:00,61.44,17.11,61.44,17.11,-103.7,436676461.8664433,1396.1,1939.0,-958.5,328
2026-04-09T15:17:11.146125+00:00,61.36,17.11,61.36,17.11,-105.7,436676387.8835506,1382.6,1938.7,-949.2,328
2026-04-09T15:17:11.470179+00:00,61.28,17.12,61.28,17.12,-104.7,436676387.8835506,1370.6,1938.4,-941.0,328
2026-04-09T15:17:11.814101+00:00,61.21,17.13,61.21,17.13,-104.7,436676387.8835506,1358.6,1938.1,-932.7,328
2026-04-09T15:17:12.141903+00:00,61.13,17.13,61.13,17.13,-107.7,436676387.8835506,1346.0,1937.8,-924.1,328
2026-04-09T15:17:12.463985+00:00,61.06,17.14,61.06,17.14,-103.7,436676387.8835506,1333.8,1937.5,-915.7,328
2026-04-09T15:17:12.787503+00:00,60.98,17.14,60.98,17.14,-108.7,436676387.8835506,1321.8,1937.2,-907.5,328
2026-04-09T15:17:13.155206+00:00,60.90,17.15,60.9,17.15,-103.7,436676314.2096858,1308.2,1936.8,-898.1,328
2026-04-09T15:17:13.479946+00:00,60.82,17.15,60.82,17.15,-107.7,436676314.2096858,1296.1,1936.6,-889.8,328
2026-04-09T15:17:13.807497+00:00,60.75,17.16,60.75,17.16,-103.7,436676314.2096858,1284.0,1936.3,-881.5,328
2026-04-09T15:17:14.155471+00:00,60.67,17.17,60.67,17.17,-104.7,436676314.2096858,1271.0,1936.0,-872.6,328
2026-04-09T15:17:14.499655+00:00,60.59,17.17,60.59,17.17,-103.7,436676263.3261716,1258.2,1935.7,-863.8,328
2026-04-09T15:17:14.827518+00:00,60.51,17.18,60.51,17.18,-106.7,436676263.3261716,1246.0,1935.4,-855.5,328
2026-04-09T15:17:15.171426+00:00,60.43,17.18,60.43,17.18,-103.7,436676263.3261716,1233.2,1935.1,-846.6,328
2026-04-09T15:17:15.499252+00:00,60.35,17.19,60.35,17.19,-107.7,436676263.3261716,1221.0,1934.8,-838.3,328
2026-04-09T15:17:15.843514+00:00,60.27,17.19,60.27,17.19,-103.7,436676213.2468763,1208.1,1934.5,-829.4,328
2026-04-09T15:17:16.191274+00:00,60.19,17.20,60.19,17.2,-107.7,436676213.2468763,1195.1,1934.2,-820.5,328
2026-04-09T15:17:16.515348+00:00,60.12,17.20,60.12,17.2,-101.7,436676213.2468763,1182.9,1934.0,-812.1,328
2026-04-09T15:17:16.843502+00:00,60.04,17.21,60.04,17.21,-105.7,436676213.2468763,1170.8,1933.7,-803.8,328
2026-04-09T15:17:17.216805+00:00,59.96,17.21,59.96,17.21,-104.7,436676163.05974126,1157.9,1933.4,-795.0,328
2026-04-09T15:17:17.536405+00:00,59.88,17.22,59.88,17.22,-103.7,436676163.05974126,1144.9,1933.2,-786.0,328
2026-04-09T15:17:17.864256+00:00,59.81,17.22,59.81,17.22,-103.7,436676163.05974126,1132.7,1932.9,-777.6,328
2026-04-09T15:17:18.187521+00:00,59.73,17.23,59.73,17.23,-102.7,436676163.05974126,1120.6,1932.6,-769.3,328
2026-04-09T15:17:18.554871+00:00,59.65,17.23,59.65,17.23,None,436676112.7946382,1106.8,1932.4,-759.8,328
2026-04-09T15:17:18.879490+00:00,59.57,17.24,59.57,17.24,-109.7,436676112.7946382,1094.7,1932.1,-751.5,328
2026-04-09T15:17:19.207515+00:00,59.49,17.24,59.49,17.24,-104.7,436676112.7946382,1082.4,1931.9,-743.1,328
2026-04-09T15:17:19.555915+00:00,59.41,17.25,59.41,17.25,-104.7,436676112.7946382,1069.3,1931.6,-734.1,328
2026-04-09T15:17:19.899497+00:00,59.33,17.25,59.33,17.25,-107.7,436676061.53532994,1056.4,1931.4,-725.3,328
2026-04-09T15:17:20.223484+00:00,59.26,17.26,59.26,17.26,-106.7,436676061.53532994,1044.1,1931.1,-716.8,328
2026-04-09T15:17:20.571103+00:00,59.18,17.26,59.18,17.26,-103.7,436676061.53532994,1031.2,1930.9,-708.0,328
2026-04-09T15:17:20.899526+00:00,59.10,17.27,59.1,17.27,-105.7,436676061.53532994,1018.9,1930.7,-699.5,328
2026-04-09T15:17:21.243533+00:00,59.02,17.27,59.02,17.27,-104.7,436676011.1183801,1006.0,1930.4,-690.7,328
2026-04-09T15:17:21.591187+00:00,58.94,17.28,58.94,17.28,-103.7,436676011.1183801,992.9,1930.2,-681.7,328
2026-04-09T15:17:21.915168+00:00,58.86,17.28,58.86,17.28,-101.7,436676011.1183801,980.6,1930.0,-673.2,328
2026-04-09T15:17:22.247137+00:00,58.79,17.28,58.79,17.28,-105.7,436676011.1183801,968.4,1929.7,-664.9,328
2026-04-09T15:17:22.607237+00:00,58.70,17.29,58.7,17.29,-107.7,436675960.4829949,954.7,1929.5,-655.4,328
2026-04-09T15:17:22.926113+00:00,58.63,17.29,58.63,17.29,-107.7,436675960.4829949,942.6,1929.3,-647.1,328
2026-04-09T15:17:23.250105+00:00,58.55,17.30,58.55,17.3,-107.7,436675960.4829949,930.3,1929.1,-638.7,328
2026-04-09T15:17:23.594116+00:00,58.47,17.30,58.47,17.3,-105.7,436675960.4829949,917.4,1928.9,-629.8,328
2026-04-09T15:17:23.938128+00:00,58.39,17.30,58.39,17.3,-106.7,436675909.7954235,904.6,1928.6,-621.0,328
2026-04-09T15:17:24.262121+00:00,58.32,17.31,58.32,17.31,-103.7,436675909.7954235,892.4,1928.5,-612.7,328
2026-04-09T15:17:24.606103+00:00,58.24,17.31,58.24,17.31,-101.7,436675909.7954235,879.4,1928.2,-603.7,328
2026-04-09T15:17:24.926107+00:00,58.16,17.32,58.16,17.32,-103.7,436675909.7954235,867.2,1928.0,-595.4,328
2026-04-09T15:17:25.270102+00:00,58.08,17.32,58.08,17.32,-103.7,436675859.6017097,854.2,1927.8,-586.5,328
2026-04-09T15:17:25.614117+00:00,58.00,17.32,58.0,17.32,-106.7,436675859.6017097,841.3,1927.6,-577.5,328
2026-04-09T15:17:25.938810+00:00,57.92,17.33,57.92,17.33,-106.7,436675859.6017097,829.0,1927.5,-569.2,328
2026-04-09T15:17:26.262208+00:00,57.85,17.33,57.85,17.33,-106.7,436675859.6017097,817.0,1927.3,-560.9,328
2026-04-09T15:17:26.626124+00:00,57.77,17.33,57.77,17.33,-105.7,436675809.18911606,804.0,1927.1,-551.9,328
2026-04-09T15:17:26.951286+00:00,57.69,17.34,57.69,17.34,-103.7,436675809.18911606,791.0,1926.9,-543.1,328
2026-04-09T15:17:27.278845+00:00,57.61,17.34,57.61,17.34,-108.7,436675809.18911606,778.8,1926.7,-534.7,328
2026-04-09T15:17:27.599209+00:00,57.54,17.35,57.54,17.35,-103.7,436675809.18911606,766.4,1926.5,-526.2,328
2026-04-09T15:17:27.967909+00:00,57.45,17.35,57.45,17.35,-107.7,436675758.6785511,752.6,1926.4,-516.7,328
2026-04-09T15:17:28.295515+00:00,57.37,17.35,57.37,17.35,-105.7,436675758.6785511,740.0,1926.2,-508.1,328
2026-04-09T15:17:28.623185+00:00,57.30,17.36,57.3,17.36,-106.7,436675758.6785511,727.8,1926.0,-499.7,328
2026-04-09T15:17:28.971688+00:00,57.22,17.36,57.22,17.36,-102.7,436675758.6785511,714.7,1925.9,-490.7,328
2026-04-09T15:17:29.315517+00:00,57.13,17.36,57.13,17.36,-103.7,436675706.76936,701.6,1925.7,-481.7,328
2026-04-09T15:17:29.643178+00:00,57.06,17.37,57.06,17.37,-101.7,436675706.76936,689.2,1925.5,-473.2,328
2026-04-09T15:17:29.987464+00:00,56.98,17.37,56.98,17.37,-104.7,436675706.76936,676.0,1925.4,-464.1,328
2026-04-09T15:17:30.315507+00:00,56.90,17.37,56.9,17.37,-104.7,436675706.76936,663.8,1925.2,-455.7,328
2026-04-09T15:17:30.659185+00:00,56.82,17.37,56.82,17.37,-105.7,436675655.89402485,650.5,1925.1,-446.6,328
2026-04-09T15:17:31.007295+00:00,56.74,17.38,56.74,17.38,-99.7,436675655.89402485,637.5,1924.9,-437.7,328
2026-04-09T15:17:31.331660+00:00,56.66,17.38,56.66,17.38,-107.7,436675655.89402485,625.1,1924.8,-429.2,328
2026-04-09T15:17:31.659186+00:00,56.58,17.38,56.58,17.38,None,436675655.89402485,612.8,1924.6,-420.7,328
2026-04-09T15:17:32.027119+00:00,56.50,17.39,56.5,17.39,-105.7,436675604.9730381,599.6,1924.5,-411.7,328
2026-04-09T15:17:32.356028+00:00,56.42,17.39,56.42,17.39,-101.7,436675604.9730381,586.4,1924.3,-402.6,328
2026-04-09T15:17:32.680234+00:00,56.35,17.39,56.35,17.39,-104.7,436675604.9730381,574.2,1924.2,-394.2,328
2026-04-09T15:17:33.003663+00:00,56.27,17.39,56.27,17.39,-103.7,436675604.9730381,561.9,1924.1,-385.8,328
2026-04-09T15:17:33.371474+00:00,56.18,17.40,56.18,17.4,-102.7,436675553.9736384,547.9,1923.9,-376.1,328
2026-04-09T15:17:33.695488+00:00,56.11,17.40,56.11,17.4,-105.7,436675553.9736384,535.4,1923.8,-367.6,328
2026-04-09T15:17:34.023733+00:00,56.03,17.40,56.03,17.4,-106.7,436675553.9736384,523.2,1923.7,-359.2,328
2026-04-09T15:17:34.368654+00:00,55.95,17.40,55.95,17.4,-101.7,436675553.9736384,509.9,1923.6,-350.1,328
2026-04-09T15:17:34.715513+00:00,55.87,17.41,55.87,17.41,-103.7,436675502.1521504,496.8,1923.5,-341.1,328
2026-04-09T15:17:35.039865+00:00,55.79,17.41,55.79,17.41,-104.7,436675502.1521504,484.4,1923.4,-332.6,328
2026-04-09T15:17:35.387461+00:00,55.71,17.41,55.71,17.41,-103.7,436675502.1521504,471.3,1923.2,-323.6,328
2026-04-09T15:17:35.711485+00:00,55.63,17.41,55.63,17.41,-105.7,436675502.1521504,458.9,1923.1,-315.0,328
2026-04-09T15:17:36.059572+00:00,55.55,17.41,55.55,17.41,-105.7,436675451.13532573,445.8,1923.0,-306.0,328
2026-04-09T15:17:36.407480+00:00,55.47,17.42,55.47,17.42,-107.7,436675451.13532573,432.5,1922.9,-297.0,328
2026-04-09T15:17:36.731501+00:00,55.39,17.42,55.39,17.42,-106.7,436675451.13532573,420.1,1922.8,-288.4,328
2026-04-09T15:17:37.059310+00:00,55.32,17.42,55.32,17.42,-107.7,436675451.13532573,407.8,1922.7,-280.0,328
2026-04-09T15:17:37.422116+00:00,55.24,17.42,55.24,17.42,-101.7,436675399.8947317,394.7,1922.6,-271.0,328
2026-04-09T15:17:37.742250+00:00,55.15,17.42,55.15,17.42,-102.7,436675399.8947317,381.6,1922.5,-262.0,328
2026-04-09T15:17:38.066116+00:00,55.08,17.43,55.08,17.43,-103.7,436675399.8947317,369.3,1922.5,-253.5,328
2026-04-09T15:17:38.390101+00:00,55.00,17.43,55.0,17.43,-106.7,436675399.8947317,356.9,1922.4,-245.1,328
2026-04-09T15:17:38.754113+00:00,54.92,17.43,54.92,17.43,-106.7,436675349.2718152,343.1,1922.3,-235.5,328
2026-04-09T15:17:39.078144+00:00,54.84,17.43,54.84,17.43,-103.7,436675349.2718152,330.9,1922.2,-227.2,328
2026-04-09T15:17:39.402096+00:00,54.76,17.43,54.76,17.43,-106.7,436675349.2718152,318.6,1922.2,-218.7,328
2026-04-09T15:17:39.747269+00:00,54.68,17.43,54.68,17.43,-100.7,436675349.2718152,305.5,1922.1,-209.7,328
2026-04-09T15:17:40.086187+00:00,54.60,17.44,54.6,17.44,-104.7,436675297.61584276,292.4,1922.0,-200.7,328
2026-04-09T15:17:40.410104+00:00,54.53,17.44,54.53,17.44,-102.7,436675297.61584276,280.0,1921.9,-192.3,328
2026-04-09T15:17:40.754106+00:00,54.45,17.44,54.45,17.44,-103.7,436675297.61584276,266.9,1921.9,-183.3,328
2026-04-09T15:17:41.078136+00:00,54.37,17.44,54.37,17.44,-105.7,436675297.61584276,254.6,1921.8,-174.8,328
2026-04-09T15:17:41.422107+00:00,54.29,17.44,54.29,17.44,-103.7,436675246.9374729,241.7,1921.8,-165.9,328
2026-04-09T15:17:41.766147+00:00,54.21,17.44,54.21,17.44,-101.7,436675246.9374729,228.6,1921.7,-156.9,328
2026-04-09T15:17:42.090113+00:00,54.13,17.44,54.13,17.44,None,436675246.9374729,216.3,1921.7,-148.5,328
2026-04-09T15:17:42.415504+00:00,54.06,17.44,54.06,17.44,-102.7,436675246.9374729,203.9,1921.6,-140.0,328
2026-04-09T15:17:42.784721+00:00,53.97,17.44,53.97,17.44,-103.7,436675195.9868145,190.6,1921.6,-130.9,328
2026-04-09T15:17:43.106806+00:00,53.89,17.45,53.89,17.45,-105.7,436675195.9868145,177.6,1921.5,-121.9,328
2026-04-09T15:17:43.431491+00:00,53.81,17.45,53.81,17.45,-104.7,436675195.9868145,165.0,1921.5,-113.3,328
2026-04-09T15:17:43.759516+00:00,53.74,17.45,53.74,17.45,-99.7,436675195.9868145,152.7,1921.4,-104.8,328
2026-04-09T15:17:44.128048+00:00,53.65,17.45,53.65,17.45,-107.7,436675144.7726024,138.7,1921.4,-95.2,328
2026-04-09T15:17:44.451647+00:00,53.58,17.45,53.58,17.45,-104.7,436675144.7726024,126.4,1921.4,-86.7,328
2026-04-09T15:17:44.775694+00:00,53.50,17.45,53.5,17.45,-101.7,436675144.7726024,113.8,1921.4,-78.1,328
2026-04-09T15:17:45.122903+00:00,53.42,17.45,53.42,17.45,-104.7,436675144.7726024,100.7,1921.3,-69.1,328
2026-04-09T15:17:45.471727+00:00,53.34,17.45,53.34,17.45,-104.7,436675092.80923593,87.4,1921.3,-60.0,328
2026-04-09T15:17:45.795532+00:00,53.26,17.45,53.26,17.45,-101.7,436675092.80923593,74.9,1921.3,-51.5,328
2026-04-09T15:17:46.142999+00:00,53.18,17.45,53.18,17.45,-103.7,436675092.80923593,61.8,1921.3,-42.4,328
2026-04-09T15:17:46.467564+00:00,53.10,17.45,53.1,17.45,-102.7,436675092.80923593,49.3,1921.3,-33.9,328
2026-04-09T15:17:46.815186+00:00,53.02,17.45,53.02,17.45,-101.7,436675041.5477912,36.2,1921.2,-24.8,328
2026-04-09T15:17:47.162991+00:00,52.94,17.45,52.94,17.45,-101.7,436675041.5477912,22.9,1921.2,-15.7,328
2026-04-09T15:17:47.487820+00:00,52.86,17.45,52.86,17.45,-99.7,436675041.5477912,10.6,1921.2,-7.3,328
2026-04-09T15:17:47.820231+00:00,52.78,17.45,52.78,17.45,-102.7,436675041.5477912,-1.9,1921.2,1.3,328
2026-04-09T15:17:48.184289+00:00,52.70,17.45,52.7,17.45,-103.7,436674989.981384,-15.9,1921.2,10.9,328
2026-04-09T15:17:48.507646+00:00,52.62,17.45,52.62,17.45,-103.7,436674989.981384,-28.3,1921.2,19.4,328
2026-04-09T15:17:48.835282+00:00,52.54,17.45,52.54,17.45,-102.7,436674989.981384,-40.8,1921.3,28.0,328
2026-04-09T15:17:49.179805+00:00,52.46,17.45,52.46,17.45,-109.7,436674989.981384,-54.0,1921.3,37.0,328
2026-04-09T15:17:49.527418+00:00,52.38,17.45,52.38,17.45,-105.7,436674938.15015197,-67.2,1921.3,46.1,328
2026-04-09T15:17:49.851305+00:00,52.30,17.45,52.3,17.45,-104.7,436674938.15015197,-79.5,1921.3,54.6,328
2026-04-09T15:17:50.195337+00:00,52.22,17.45,52.22,17.45,-109.7,436674938.15015197,-92.7,1921.3,63.6,328
2026-04-09T15:17:50.518215+00:00,52.15,17.45,52.15,17.45,-103.7,436674938.15015197,-105.0,1921.3,72.1,328
2026-04-09T15:17:50.862183+00:00,52.06,17.45,52.06,17.45,-103.7,436674887.1355888,-118.1,1921.4,81.1,328
2026-04-09T15:17:51.206895+00:00,51.98,17.45,51.98,17.45,-106.7,436674887.1355888,-131.3,1921.4,90.1,328
2026-04-09T15:17:51.529130+00:00,51.91,17.45,51.91,17.45,-103.7,436674887.1355888,-143.6,1921.4,98.6,328
2026-04-09T15:17:51.854162+00:00,51.83,17.45,51.83,17.45,-103.7,436674887.1355888,-155.9,1921.5,107.0,328
2026-04-09T15:17:52.218197+00:00,51.75,17.45,51.75,17.45,-105.7,436674836.21738017,-169.0,1921.5,116.0,328
2026-04-09T15:17:52.543648+00:00,51.67,17.45,51.67,17.45,-107.7,436674836.21738017,-182.1,1921.5,125.0,328
2026-04-09T15:17:52.862329+00:00,51.59,17.45,51.59,17.45,-104.7,436674836.21738017,-194.5,1921.6,133.5,328
2026-04-09T15:17:53.186345+00:00,51.52,17.45,51.52,17.45,-108.7,436674836.21738017,-206.9,1921.6,142.0,328
2026-04-09T15:17:53.555286+00:00,51.43,17.45,51.43,17.45,-106.7,436674785.44929576,-220.7,1921.7,151.5,328
2026-04-09T15:17:53.878190+00:00,51.35,17.45,51.35,17.45,-103.7,436674785.44929576,-233.0,1921.7,160.0,328
2026-04-09T15:17:54.202182+00:00,51.28,17.45,51.28,17.45,-108.7,436674785.44929576,-245.4,1921.8,168.5,328
2026-04-09T15:17:54.542191+00:00,51.20,17.44,51.2,17.44,-104.7,436674785.44929576,-258.5,1921.8,177.5,328
2026-04-09T15:17:54.886161+00:00,51.12,17.44,51.12,17.44,-103.7,436674733.80372506,-271.6,1921.9,186.5,328
2026-04-09T15:17:55.210518+00:00,51.04,17.44,51.04,17.44,-105.7,436674733.80372506,-284.0,1922.0,195.0,328
2026-04-09T15:17:55.554220+00:00,50.96,17.44,50.96,17.44,-109.7,436674733.80372506,-297.1,1922.0,203.9,328
2026-04-09T15:17:55.878184+00:00,50.88,17.44,50.88,17.44,-103.7,436674733.80372506,-309.4,1922.1,212.4,328
2026-04-09T15:17:56.222195+00:00,50.80,17.44,50.8,17.44,-103.7,436674682.92707866,-322.5,1922.2,221.4,328
2026-04-09T15:17:56.566149+00:00,50.72,17.44,50.72,17.44,-107.7,436674682.92707866,-335.6,1922.3,230.4,328
2026-04-09T15:17:56.890242+00:00,50.64,17.44,50.64,17.44,-107.7,436674682.92707866,-347.9,1922.3,238.9,328
2026-04-09T15:17:57.214263+00:00,50.57,17.44,50.57,17.44,-108.7,436674682.92707866,-360.3,1922.4,247.3,328
2026-04-09T15:17:57.582242+00:00,50.49,17.43,50.49,17.43,-106.7,436674632.07159126,-373.3,1922.5,256.3,328
2026-04-09T15:17:57.907268+00:00,50.41,17.43,50.41,17.43,-107.7,436674632.07159126,-386.3,1922.6,265.2,328
2026-04-09T15:17:58.226333+00:00,50.33,17.43,50.33,17.43,-111.7,436674632.07159126,-398.7,1922.7,273.7,328
2026-04-09T15:17:58.550238+00:00,50.25,17.43,50.25,17.43,-105.7,436674632.07159126,-411.1,1922.8,282.2,328
2026-04-09T15:17:58.914251+00:00,50.17,17.43,50.17,17.43,-104.7,436674581.2516429,-424.9,1922.9,291.7,328
2026-04-09T15:17:59.238286+00:00,50.09,17.43,50.09,17.43,-109.7,436674581.2516429,-437.2,1923.0,300.2,328
2026-04-09T15:17:59.562849+00:00,50.02,17.42,50.02,17.42,-105.7,436674581.2516429,-449.6,1923.1,308.6,328
2026-04-09T15:17:59.906189+00:00,49.93,17.42,49.93,17.42,-101.7,436674581.2516429,-462.6,1923.2,317.6,328
2026-04-09T15:18:00.250200+00:00,49.85,17.42,49.85,17.42,-102.7,436674529.69775367,-475.7,1923.3,326.6,328
2026-04-09T15:18:00.574216+00:00,49.78,17.42,49.78,17.42,-105.7,436674529.69775367,-488.0,1923.4,335.0,328
2026-04-09T15:18:00.918185+00:00,49.70,17.42,49.7,17.42,-103.7,436674529.69775367,-501.1,1923.5,344.0,328
2026-04-09T15:18:01.245123+00:00,49.62,17.41,49.62,17.41,-109.7,436674529.69775367,-513.4,1923.6,352.5,328
2026-04-09T15:18:01.590294+00:00,49.54,17.41,49.54,17.41,-103.7,436674478.8285085,-526.5,1923.7,361.4,328
2026-04-09T15:18:01.938172+00:00,49.46,17.41,49.46,17.41,-104.7,436674478.8285085,-539.5,1923.9,370.4,328
2026-04-09T15:18:02.262218+00:00,49.38,17.41,49.38,17.41,-104.7,436674478.8285085,-551.9,1924.0,378.9,328
2026-04-09T15:18:02.586127+00:00,49.31,17.41,49.31,17.41,-101.7,436674478.8285085,-564.3,1924.1,387.4,328
2026-04-09T15:18:02.954093+00:00,49.23,17.40,49.23,17.4,-107.7,436674427.9179232,-577.3,1924.2,396.4,328
2026-04-09T15:18:03.275226+00:00,49.15,17.40,49.15,17.4,-104.7,436674427.9179232,-590.3,1924.4,405.3,328
2026-04-09T15:18:03.594127+00:00,49.07,17.40,49.07,17.4,-107.7,436674427.9179232,-602.6,1924.5,413.7,328
2026-04-09T15:18:03.918122+00:00,48.99,17.40,48.99,17.4,-107.7,436674427.9179232,-615.0,1924.7,422.2,328
2026-04-09T15:18:04.282121+00:00,48.91,17.39,48.91,17.39,-104.7,436674377.39033324,-628.8,1924.8,431.7,328
2026-04-09T15:18:04.611258+00:00,48.83,17.39,48.83,17.39,-107.7,436674377.39033324,-641.1,1924.9,440.2,328
2026-04-09T15:18:04.935528+00:00,48.76,17.39,48.76,17.39,-107.7,436674377.39033324,-653.3,1925.1,448.5,328
2026-04-09T15:18:05.283225+00:00,48.67,17.39,48.67,17.39,-104.7,436674377.39033324,-666.5,1925.2,457.6,328
2026-04-09T15:18:05.627181+00:00,48.59,17.38,48.59,17.38,-109.7,436674325.6497472,-679.5,1925.4,466.5,328
2026-04-09T15:18:05.955567+00:00,48.52,17.38,48.52,17.38,-103.7,436674325.6497472,-692.0,1925.6,475.1,328
2026-04-09T15:18:06.299505+00:00,48.43,17.38,48.43,17.38,-104.7,436674325.6497472,-705.2,1925.7,484.1,328
2026-04-09T15:18:06.627184+00:00,48.36,17.37,48.36,17.37,-107.7,436674325.6497472,-717.4,1925.9,492.5,328
2026-04-09T15:18:06.972013+00:00,48.28,17.37,48.28,17.37,-100.7,436674274.7659219,-730.4,1926.1,501.5,328
2026-04-09T15:18:07.319524+00:00,48.20,17.37,48.2,17.37,-107.7,436674274.7659219,-743.6,1926.2,510.5,328
2026-04-09T15:18:07.643182+00:00,48.12,17.37,48.12,17.37,-107.7,436674274.7659219,-756.0,1926.4,519.0,328
2026-04-09T15:18:07.976055+00:00,48.04,17.36,48.04,17.36,-103.7,436674274.7659219,-768.2,1926.6,527.4,328
2026-04-09T15:18:08.340592+00:00,47.96,17.36,47.96,17.36,-101.7,436674223.74785256,-782.2,1926.8,537.0,328
2026-04-09T15:18:08.663640+00:00,47.88,17.36,47.88,17.36,-107.7,436674223.74785256,-794.4,1926.9,545.4,328
2026-04-09T15:18:08.991772+00:00,47.81,17.35,47.81,17.35,-103.7,436674223.74785256,-806.8,1927.1,553.9,328
2026-04-09T15:18:09.335675+00:00,47.72,17.35,47.72,17.35,-104.7,436674223.74785256,-820.0,1927.3,562.9,328
2026-04-09T15:18:09.683177+00:00,47.64,17.35,47.64,17.35,-105.7,436674172.3841719,-832.9,1927.5,571.8,328
2026-04-09T15:18:10.007883+00:00,47.57,17.34,47.57,17.34,-107.7,436674172.3841719,-845.3,1927.7,580.3,328
2026-04-09T15:18:10.355505+00:00,47.49,17.34,47.49,17.34,-104.7,436674172.3841719,-858.3,1927.9,589.3,328
2026-04-09T15:18:10.679616+00:00,47.41,17.33,47.41,17.33,-102.7,436674172.3841719,-870.6,1928.1,597.7,328
2026-04-09T15:18:11.027570+00:00,47.33,17.33,47.33,17.33,-105.7,436674121.6740191,-883.6,1928.3,606.7,328
2026-04-09T15:18:11.375556+00:00,47.25,17.33,47.25,17.33,-104.7,436674121.6740191,-896.8,1928.5,615.7,328
2026-04-09T15:18:11.699518+00:00,47.17,17.32,47.17,17.32,-106.7,436674121.6740191,-908.9,1928.7,624.0,328
2026-04-09T15:18:12.027646+00:00,47.10,17.32,47.1,17.32,-105.7,436674121.6740191,-921.3,1928.9,632.5,328
2026-04-09T15:18:12.391610+00:00,47.02,17.32,47.02,17.32,-99.7,436674070.8747852,-934.3,1929.1,641.4,328
2026-04-09T15:18:12.719511+00:00,46.93,17.31,46.93,17.31,-108.7,436674070.8747852,-947.3,1929.4,650.4,328
2026-04-09T15:18:13.046593+00:00,46.86,17.31,46.86,17.31,-103.7,436674070.8747852,-959.7,1929.6,658.9,328
2026-04-09T15:18:13.372571+00:00,46.78,17.30,46.78,17.3,-105.7,436674070.8747852,-971.9,1929.8,667.2,328
2026-04-09T15:18:13.735704+00:00,46.70,17.30,46.7,17.3,-101.7,436674020.2610924,-985.6,1930.0,676.7,328
2026-04-09T15:18:14.062819+00:00,46.62,17.30,46.62,17.3,-107.7,436674020.2610924,-997.9,1930.3,685.1,328
2026-04-09T15:18:14.387558+00:00,46.54,17.29,46.54,17.29,-105.7,436674020.2610924,-1010.3,1930.5,693.6,328
2026-04-09T15:18:14.735501+00:00,46.46,17.29,46.46,17.29,-104.7,436674020.2610924,-1023.2,1930.7,702.5,328
2026-04-09T15:18:15.082830+00:00,46.38,17.28,46.38,17.28,-103.7,436673969.0437465,-1036.3,1931.0,711.4,328
2026-04-09T15:18:15.407504+00:00,46.31,17.28,46.31,17.28,-99.7,436673969.0437465,-1048.4,1931.2,719.7,328
2026-04-09T15:18:15.755527+00:00,46.23,17.27,46.23,17.27,-102.7,436673969.0437465,-1061.5,1931.5,728.7,328
2026-04-09T15:18:16.078823+00:00,46.15,17.27,46.15,17.27,-102.7,436673969.0437465,-1073.7,1931.7,737.2,328
2026-04-09T15:18:16.428663+00:00,46.07,17.27,46.07,17.27,-106.7,436673918.64137673,-1086.7,1932.0,746.0,328
2026-04-09T15:18:16.776568+00:00,45.99,17.26,45.99,17.26,-103.7,436673918.64137673,-1099.6,1932.2,754.9,328
2026-04-09T15:18:17.098998+00:00,45.92,17.26,45.92,17.26,-104.7,436673918.64137673,-1111.8,1932.5,763.3,328
2026-04-09T15:18:17.423499+00:00,45.84,17.25,45.84,17.25,-99.7,436673918.64137673,-1124.1,1932.7,771.7,328
2026-04-09T15:18:17.791485+00:00,45.76,17.25,45.76,17.25,-107.7,436673868.26434445,-1137.0,1933.0,780.6,328
2026-04-09T15:18:18.122373+00:00,45.68,17.24,45.68,17.24,-104.7,436673868.26434445,-1150.0,1933.3,789.5,328
2026-04-09T15:18:18.443584+00:00,45.60,17.24,45.6,17.24,-100.7,436673868.26434445,-1162.1,1933.5,797.8,328
2026-04-09T15:18:18.767690+00:00,45.53,17.23,45.53,17.23,-101.7,436673868.26434445,-1174.4,1933.8,806.3,328
2026-04-09T15:18:19.135185+00:00,45.44,17.23,45.44,17.23,-103.7,436673817.99061775,-1188.0,1934.1,815.6,328
2026-04-09T15:18:19.464308+00:00,45.37,17.22,45.37,17.22,-106.7,436673817.99061775,-1200.2,1934.3,824.0,328
2026-04-09T15:18:19.787498+00:00,45.29,17.22,45.29,17.22,-106.7,436673817.99061775,-1212.3,1934.6,832.3,328
2026-04-09T15:18:20.136654+00:00,45.21,17.21,45.21,17.21,-104.7,436673817.99061775,-1225.4,1934.9,841.3,328
2026-04-09T15:18:20.479769+00:00,45.13,17.21,45.13,17.21,-104.7,436673766.8792445,-1238.2,1935.2,850.1,328
2026-04-09T15:18:20.808548+00:00,45.05,17.20,45.05,17.2,-106.7,436673766.8792445,-1250.4,1935.5,858.4,328
2026-04-09T15:18:21.151542+00:00,44.97,17.20,44.97,17.2,-101.7,436673766.8792445,-1263.3,1935.8,867.3,328
2026-04-09T15:18:21.481146+00:00,44.90,17.19,44.9,17.19,-104.7,436673766.8792445,-1275.4,1936.1,875.6,328
2026-04-09T15:18:21.823504+00:00,44.82,17.19,44.82,17.19,-101.7,436673716.77158904,-1288.3,1936.4,884.4,328
2026-04-09T15:18:22.175224+00:00,44.74,17.18,44.74,17.18,-103.7,436673716.77158904,-1301.2,1936.7,893.3,328
2026-04-09T15:18:22.499643+00:00,44.66,17.18,44.66,17.18,-103.7,436673716.77158904,-1313.5,1937.0,901.8,328
2026-04-09T15:18:22.828559+00:00,44.59,17.17,44.59,17.17,-101.7,436673716.77158904,-1325.6,1937.3,910.1,328
2026-04-09T15:18:23.194854+00:00,44.50,17.16,44.5,17.16,-101.7,436673666.65139824,-1339.2,1937.6,919.4,328
2026-04-09T15:18:23.519564+00:00,44.43,17.16,44.43,17.16,-101.7,436673666.65139824,-1351.3,1937.9,927.7,328
2026-04-09T15:18:23.843496+00:00,44.35,17.15,44.35,17.15,-102.7,436673666.65139824,-1363.5,1938.2,936.1,328
2026-04-09T15:18:24.191229+00:00,44.27,17.15,44.27,17.15,-101.7,436673666.65139824,-1376.3,1938.5,944.9,328
2026-04-09T15:18:24.539208+00:00,44.19,17.14,44.19,17.14,-101.7,436673616.06242055,-1389.2,1938.9,953.7,328
2026-04-09T15:18:24.864652+00:00,44.12,17.14,44.12,17.14,-103.7,436673616.06242055,-1401.3,1939.2,962.0,328
2026-04-09T15:18:25.211650+00:00,44.04,17.13,44.04,17.13,-102.7,436673616.06242055,-1414.2,1939.5,970.9,328
2026-04-09T15:18:25.535423+00:00,43.96,17.12,43.96,17.12,-103.7,436673616.06242055,-1426.0,1939.8,979.0,328
2026-04-09T15:18:25.864551+00:00,43.89,17.12,43.89,17.12,-103.7,436673616.06242055,-1438.2,1940.1,987.4,328
2026-04-09T15:18:26.207690+00:00,43.81,17.11,43.81,17.11,-105.7,436673616.06242055,-1450.2,1940.5,995.6,328
2026-04-09T15:18:26.555018+00:00,43.73,17.11,43.73,17.11,-102.7,436673541.38723826,-1463.8,1940.8,1005.0,328
2026-04-09T15:18:26.879182+00:00,43.65,17.10,43.65,17.1,-105.7,436673541.38723826,-1475.9,1941.2,1013.3,328
2026-04-09T15:18:27.227605+00:00,43.58,17.09,43.58,17.09,-102.7,436673541.38723826,-1487.9,1941.5,1021.5,328
2026-04-09T15:18:27.551329+00:00,43.50,17.09,43.5,17.09,-101.7,436673541.38723826,-1500.7,1941.8,1030.3,328
2026-04-09T15:18:27.880287+00:00,43.42,17.08,43.42,17.08,-101.7,436673541.38723826,-1512.7,1942.2,1038.5,328
2026-04-09T15:18:28.208302+00:00,43.35,17.08,43.35,17.08,-100.7,436673541.38723826,-1524.6,1942.5,1046.7,328
2026-04-09T15:18:28.571527+00:00,43.27,17.07,43.27,17.07,-99.7,436673467.53823394,-1538.2,1942.9,1056.0,328
2026-04-09T15:18:28.895504+00:00,43.19,17.06,43.19,17.06,-105.7,436673467.53823394,-1550.3,1943.3,1064.3,328
2026-04-09T15:18:29.219732+00:00,43.12,17.06,43.12,17.06,-102.7,436673467.53823394,-1562.2,1943.6,1072.5,328
2026-04-09T15:18:29.566967+00:00,43.04,17.05,43.04,17.05,-103.7,436673467.53823394,-1574.9,1944.0,1081.2,328
2026-04-09T15:18:29.915554+00:00,42.96,17.04,42.96,17.04,-99.7,436673417.5283721,-1587.7,1944.3,1090.0,328
2026-04-09T15:18:30.239513+00:00,42.88,17.04,42.88,17.04,-100.7,436673417.5283721,-1599.7,1944.7,1098.2,328
2026-04-09T15:18:30.587201+00:00,42.80,17.03,42.8,17.03,-107.7,436673417.5283721,-1612.4,1945.1,1106.9,328
2026-04-09T15:18:30.911488+00:00,42.73,17.02,42.73,17.02,-101.7,436673417.5283721,-1624.4,1945.4,1115.2,328
2026-04-09T15:18:31.239606+00:00,42.65,17.02,42.65,17.02,-103.7,436673417.5283721,-1636.3,1945.8,1123.4,328
2026-04-09T15:18:31.587241+00:00,42.57,17.01,42.57,17.01,-103.7,436673417.5283721,-1649.1,1946.2,1132.1,328
2026-04-09T15:18:31.931502+00:00,42.50,17.00,42.5,17.0,-101.7,436673343.3754075,-1661.6,1946.6,1140.8,328
2026-04-09T15:18:32.259667+00:00,42.42,17.00,42.42,17.0,-102.7,436673343.3754075,-1673.6,1947.0,1149.0,328
2026-04-09T15:18:32.608253+00:00,42.34,16.99,42.34,16.99,-103.7,436673343.3754075,-1686.4,1947.4,1157.8,328
2026-04-09T15:18:32.931506+00:00,42.27,16.98,42.27,16.98,-108.7,436673343.3754075,-1698.2,1947.7,1165.9,328
2026-04-09T15:18:33.262918+00:00,42.19,16.97,42.19,16.97,-100.7,436673343.3754075,-1710.2,1948.1,1174.1,328
2026-04-09T15:18:33.607237+00:00,42.11,16.97,42.11,16.97,-103.7,436673343.3754075,-1723.0,1948.5,1182.9,328
2026-04-09T15:18:33.951714+00:00,42.04,16.96,42.04,16.96,-101.7,436673269.5012436,-1735.5,1949.0,1191.5,328
2026-04-09T15:18:34.279501+00:00,41.96,16.95,41.96,16.95,-105.7,436673269.5012436,-1747.5,1949.3,1199.7,328
2026-04-09T15:18:34.627187+00:00,41.88,16.95,41.88,16.95,-102.7,436673269.5012436,-1760.2,1949.8,1208.4,328
2026-04-09T15:18:34.951546+00:00,41.81,16.94,41.81,16.94,-103.7,436673269.5012436,-1772.1,1950.2,1216.6,328
2026-04-09T15:18:35.279519+00:00,41.73,16.93,41.73,16.93,-102.7,436673269.5012436,-1783.9,1950.6,1224.7,328
2026-04-09T15:18:35.628620+00:00,41.65,16.92,41.65,16.92,-107.7,436673269.5012436,-1796.6,1951.0,1233.4,328
2026-04-09T15:18:35.971839+00:00,41.58,16.92,41.58,16.92,-101.7,436673195.85467196,-1809.1,1951.4,1242.0,328
2026-04-09T15:18:36.295482+00:00,41.50,16.91,41.5,16.91,-106.7,436673195.85467196,-1821.0,1951.8,1250.2,328
2026-04-09T15:18:36.643244+00:00,41.42,16.90,41.42,16.9,-103.7,436673195.85467196,-1833.5,1952.3,1258.8,328
2026-04-09T15:18:36.967621+00:00,41.35,16.89,41.35,16.89,-104.7,436673195.85467196,-1845.4,1952.7,1266.9,328
2026-04-09T15:18:37.294109+00:00,41.28,16.89,41.28,16.89,-101.7,436673195.85467196,-1857.1,1953.1,1275.0,328
2026-04-09T15:18:37.638105+00:00,41.20,16.88,41.2,16.88,-104.7,436673195.85467196,-1869.6,1953.5,1283.6,328
2026-04-09T15:18:37.978225+00:00,41.12,16.87,41.12,16.87,-103.7,436673122.9347957,-1882.1,1954.0,1292.1,328
2026-04-09T15:18:38.305922+00:00,41.05,16.86,41.05,16.86,-104.7,436673122.9347957,-1893.8,1954.4,1300.2,328
2026-04-09T15:18:38.646111+00:00,40.97,16.86,40.97,16.86,-103.7,436673122.9347957,-1906.3,1954.8,1308.7,328
2026-04-09T15:18:38.970500+00:00,40.90,16.85,40.9,16.85,-105.7,436673122.9347957,-1918.0,1955.3,1316.7,328
2026-04-09T15:18:39.294112+00:00,40.82,16.84,40.82,16.84,-105.7,436673122.9347957,-1929.5,1955.7,1324.7,328
2026-04-09T15:18:39.638110+00:00,40.75,16.83,40.75,16.83,-101.7,436673122.9347957,-1941.2,1956.1,1332.7,328
2026-04-09T15:18:39.978788+00:00,40.67,16.82,40.67,16.82,-105.7,436673050.64808834,-1954.3,1956.6,1341.7,328
2026-04-09T15:18:40.302093+00:00,40.60,16.82,40.6,16.82,-102.7,436673050.64808834,-1966.0,1957.0,1349.7,328
2026-04-09T15:18:40.646091+00:00,40.52,16.81,40.52,16.81,-101.7,436673050.64808834,-1977.7,1957.5,1357.8,328
2026-04-09T15:18:40.970371+00:00,40.45,16.80,40.45,16.8,-106.7,436673050.64808834,-1990.1,1957.9,1366.3,328
2026-04-09T15:18:41.294112+00:00,40.37,16.79,40.37,16.79,-103.7,436673050.64808834,-2001.7,1958.4,1374.3,328
2026-04-09T15:18:41.618782+00:00,40.30,16.78,40.3,16.78,-106.7,436673050.64808834,-2013.2,1958.8,1382.1,328
2026-04-09T15:18:41.984137+00:00,40.22,16.77,40.22,16.77,-107.7,436672979.3578087,-2026.3,1959.3,1391.1,328
2026-04-09T15:18:42.307202+00:00,40.15,16.77,40.15,16.77,-104.7,436672979.3578087,-2037.9,1959.8,1399.1,328
2026-04-09T15:18:42.634972+00:00,40.07,16.76,40.07,16.76,-101.7,436672979.3578087,-2049.7,1960.2,1407.2,328
2026-04-09T15:18:42.980457+00:00,40.00,16.75,40.0,16.75,-99.7,436672979.3578087,-2062.1,1960.7,1415.7,328
2026-04-09T15:18:43.310952+00:00,39.92,16.74,39.92,16.74,-102.7,436672979.3578087,-2073.7,1961.2,1423.7,328
2026-04-09T15:18:43.631203+00:00,39.85,16.73,39.85,16.73,-104.7,436672979.3578087,-2085.4,1961.7,1431.7,328
2026-04-09T15:18:43.999657+00:00,39.77,16.72,39.77,16.72,-100.7,436672907.23646146,-2097.8,1962.2,1440.2,328
2026-04-09T15:18:44.323204+00:00,39.69,16.72,39.69,16.72,-106.7,436672907.23646146,-2110.2,1962.7,1448.7,328
2026-04-09T15:18:44.651517+00:00,39.62,16.71,39.62,16.71,-107.7,436672907.23646146,-2121.8,1963.1,1456.7,328
2026-04-09T15:18:44.975818+00:00,39.55,16.70,39.55,16.7,-101.7,436672907.23646146,-2133.5,1963.6,1464.7,328
2026-04-09T15:18:45.323558+00:00,39.47,16.69,39.47,16.69,-102.7,436672907.23646146,-2145.8,1964.1,1473.2,328
2026-04-09T15:18:45.652261+00:00,39.40,16.68,39.4,16.68,-101.7,436672907.23646146,-2157.4,1964.6,1481.2,328
2026-04-09T15:18:45.995563+00:00,39.32,16.67,39.32,16.67,-103.7,436672835.1375178,-2169.7,1965.1,1489.6,328
2026-04-09T15:18:46.343549+00:00,39.24,16.66,39.24,16.66,-104.7,436672835.1375178,-2182.1,1965.6,1498.1,328
2026-04-09T15:18:46.667505+00:00,39.17,16.65,39.17,16.65,-101.7,436672835.1375178,-2193.6,1966.1,1506.0,328
2026-04-09T15:18:46.992052+00:00,39.10,16.65,39.1,16.65,-106.7,436672835.1375178,-2205.2,1966.6,1514.0,328
2026-04-09T15:18:47.339578+00:00,39.03,16.64,39.03,16.64,-100.7,436672835.1375178,-2216.7,1967.1,1521.8,328
2026-04-09T15:18:47.667272+00:00,38.95,16.63,38.95,16.63,-104.7,436672835.1375178,-2229.0,1967.6,1530.3,328
2026-04-09T15:18:48.011358+00:00,38.87,16.62,38.87,16.62,-101.7,436672763.59066343,-2241.4,1968.2,1538.8,328
2026-04-09T15:18:48.362966+00:00,38.80,16.61,38.8,16.61,-106.7,436672763.59066343,-2252.8,1968.7,1546.7,328
2026-04-09T15:18:48.683209+00:00,38.72,16.60,38.72,16.6,-105.7,436672763.59066343,-2265.1,1969.2,1555.1,328
2026-04-09T15:18:49.011621+00:00,38.65,16.59,38.65,16.59,-107.7,436672763.59066343,-2276.6,1969.7,1563.0,328
2026-04-09T15:18:49.335489+00:00,38.58,16.58,38.58,16.58,-106.7,436672763.59066343,-2288.2,1970.2,1570.9,328
2026-04-09T15:18:49.683503+00:00,38.50,16.57,38.5,16.57,-105.7,436672763.59066343,-2300.4,1970.8,1579.3,328
2026-04-09T15:18:50.028868+00:00,38.42,16.56,38.42,16.56,-102.7,436672692.34465766,-2312.6,1971.3,1587.7,328
2026-04-09T15:18:50.355529+00:00,38.35,16.55,38.35,16.55,-102.7,436672692.34465766,-2324.0,1971.8,1595.5,328
2026-04-09T15:18:50.699348+00:00,38.27,16.54,38.27,16.54,-102.7,436672692.34465766,-2336.3,1972.4,1603.9,328
2026-04-09T15:18:51.027288+00:00,38.20,16.53,38.2,16.53,-105.7,436672692.34465766,-2347.6,1972.9,1611.7,328
2026-04-09T15:18:51.351501+00:00,38.13,16.52,38.13,16.52,-104.7,436672692.34465766,-2359.2,1973.4,1619.7,328
2026-04-09T15:18:51.699207+00:00,38.06,16.52,38.06,16.52,-107.7,436672692.34465766,-2370.5,1974.0,1627.5,328
2026-04-09T15:18:52.048242+00:00,37.98,16.51,37.98,16.51,-101.7,436672621.47382367,-2383.5,1974.6,1636.3,328
2026-04-09T15:18:52.371234+00:00,37.91,16.50,37.91,16.5,-103.7,436672621.47382367,-2394.9,1975.1,1644.2,328
2026-04-09T15:18:52.720584+00:00,37.83,16.49,37.83,16.49,-106.7,436672621.47382367,-2406.3,1975.6,1652.0,328
2026-04-09T15:18:53.043512+00:00,37.76,16.48,37.76,16.48,-104.7,436672621.47382367,-2418.3,1976.2,1660.2,328
2026-04-09T15:18:53.376048+00:00,37.69,16.47,37.69,16.47,-104.7,436672621.47382367,-2429.8,1976.8,1668.1,328
2026-04-09T15:18:53.695195+00:00,37.61,16.46,37.61,16.46,-103.7,436672621.47382367,-2441.2,1977.3,1676.0,328
2026-04-09T15:18:54.063514+00:00,37.53,16.45,37.53,16.45,-105.7,436672551.654004,-2454.0,1977.9,1684.7,328
2026-04-09T15:18:54.387568+00:00,37.46,16.44,37.46,16.44,-107.7,436672551.654004,-2465.2,1978.5,1692.5,328
2026-04-09T15:18:54.711514+00:00,37.39,16.43,37.39,16.43,-105.7,436672551.654004,-2476.7,1979.0,1700.3,328
2026-04-09T15:18:55.059590+00:00,37.32,16.42,37.32,16.42,-103.7,436672551.654004,-2488.7,1979.6,1708.6,328
2026-04-09T15:18:55.388552+00:00,37.24,16.41,37.24,16.41,-104.7,436672551.654004,-2500.0,1980.2,1716.4,328
2026-04-09T15:18:55.711355+00:00,37.17,16.40,37.17,16.4,-103.7,436672551.654004,-2511.3,1980.7,1724.1,328
2026-04-09T15:18:56.078779+00:00,37.10,16.39,37.1,16.39,-103.7,436672481.4967075,-2523.4,1981.3,1732.4,328
2026-04-09T15:18:56.403492+00:00,37.02,16.38,37.02,16.38,-109.7,436672481.4967075,-2535.3,1981.9,1740.6,328
2026-04-09T15:18:56.731210+00:00,36.95,16.37,36.95,16.37,-101.7,436672481.4967075,-2546.7,1982.5,1748.4,328
2026-04-09T15:18:57.054800+00:00,36.88,16.36,36.88,16.36,-105.7,436672481.4967075,-2558.0,1983.1,1756.2,328
2026-04-09T15:18:57.403509+00:00,36.80,16.35,36.8,16.35,-102.7,436672481.4967075,-2569.9,1983.7,1764.4,328
2026-04-09T15:18:57.727561+00:00,36.73,16.33,36.73,16.33,-104.7,436672481.4967075,-2581.2,1984.3,1772.1,328
2026-04-09T15:18:58.074807+00:00,36.66,16.32,36.66,16.32,-105.7,436672411.7167165,-2593.2,1984.9,1780.3,328
2026-04-09T15:18:58.427389+00:00,36.58,16.31,36.58,16.31,-105.7,436672411.7167165,-2605.2,1985.5,1788.5,328
2026-04-09T15:18:58.747596+00:00,36.51,16.30,36.51,16.3,-105.7,436672411.7167165,-2616.4,1986.1,1796.2,328
2026-04-09T15:18:59.075106+00:00,36.44,16.29,36.44,16.29,-105.7,436672411.7167165,-2627.6,1986.7,1803.9,328
2026-04-09T15:18:59.419537+00:00,36.36,16.28,36.36,16.28,-106.7,436672411.7167165,-2639.4,1987.3,1812.1,328
2026-04-09T15:18:59.747523+00:00,36.29,16.27,36.29,16.27,-102.7,436672411.7167165,-2650.7,1987.9,1819.8,328
2026-04-09T15:19:00.091064+00:00,36.22,16.26,36.22,16.26,-106.7,436672342.18103164,-2662.5,1988.5,1827.9,328
2026-04-09T15:19:00.439543+00:00,36.14,16.25,36.14,16.25,-99.7,436672342.18103164,-2674.4,1989.1,1836.1,328
2026-04-09T15:19:00.763495+00:00,36.07,16.24,36.07,16.24,-100.7,436672342.18103164,-2685.6,1989.7,1843.8,328
2026-04-09T15:19:01.091613+00:00,36.00,16.23,36.0,16.23,-100.7,436672342.18103164,-2696.7,1990.3,1851.4,328
2026-04-09T15:19:01.435199+00:00,35.93,16.22,35.93,16.22,-103.7,436672342.18103164,-2708.7,1991.0,1859.6,328
2026-04-09T15:19:01.763501+00:00,35.86,16.21,35.86,16.21,-101.7,436672342.18103164,-2719.7,1991.6,1867.2,328
2026-04-09T15:19:02.111815+00:00,35.78,16.20,35.78,16.2,-101.7,436672273.20685977,-2731.6,1992.2,1875.3,328
2026-04-09T15:19:02.455494+00:00,35.71,16.18,35.71,16.18,-104.7,436672273.20685977,-2743.3,1992.9,1883.4,328
2026-04-09T15:19:02.783522+00:00,35.64,16.17,35.64,16.17,-106.7,436672273.20685977,-2754.5,1993.5,1891.0,328
2026-04-09T15:19:03.106797+00:00,35.57,16.16,35.57,16.16,-103.7,436672273.20685977,-2765.5,1994.1,1898.6,328
2026-04-09T15:19:03.459568+00:00,35.50,16.15,35.5,16.15,-104.7,436672273.20685977,-2776.7,1994.7,1906.3,328
2026-04-09T15:19:03.779506+00:00,35.42,16.14,35.42,16.14,-103.7,436672273.20685977,-2788.4,1995.4,1914.3,328
2026-04-09T15:19:04.126806+00:00,35.35,16.13,35.35,16.13,-104.7,436672204.61799467,-2800.2,1996.1,1922.4,328
2026-04-09T15:19:04.475335+00:00,35.28,16.12,35.28,16.12,-106.7,436672204.61799467,-2811.1,1996.7,1929.9,328
2026-04-09T15:19:04.799179+00:00,35.20,16.11,35.2,16.11,-102.7,436672204.61799467,-2822.9,1997.4,1938.0,328
2026-04-09T15:19:05.127174+00:00,35.13,16.10,35.13,16.1,-104.7,436672204.61799467,-2834.0,1998.0,1945.6,328
2026-04-09T15:19:05.471189+00:00,35.06,16.08,35.06,16.08,-101.7,436672204.61799467,-2845.1,1998.6,1953.2,328
2026-04-09T15:19:05.799240+00:00,34.99,16.07,34.99,16.07,-105.7,436672204.61799467,-2856.7,1999.3,1961.2,328
2026-04-09T15:19:06.143171+00:00,34.91,16.06,34.91,16.06,-104.7,436672136.31593144,-2868.5,2000.0,1969.3,328
2026-04-09T15:19:06.491233+00:00,34.84,16.05,34.84,16.05,-101.7,436672136.31593144,-2879.3,2000.6,1976.8,328
2026-04-09T15:19:06.816776+00:00,34.77,16.04,34.77,16.04,-103.7,436672136.31593144,-2891.0,2001.3,1984.8,328
2026-04-09T15:19:07.142354+00:00,34.70,16.03,34.7,16.03,-100.7,436672136.31593144,-2901.9,2002.0,1992.3,328
2026-04-09T15:19:07.466354+00:00,34.63,16.02,34.63,16.02,-109.7,436672136.31593144,-2913.0,2002.6,1999.9,328
2026-04-09T15:19:07.810139+00:00,34.56,16.00,34.56,16.0,-103.7,436672136.31593144,-2924.4,2003.3,2007.7,328
2026-04-09T15:19:08.154106+00:00,34.48,15.99,34.48,15.99,-102.7,436672068.72865045,-2935.9,2004.0,2015.6,328
2026-04-09T15:19:08.481884+00:00,34.42,15.98,34.42,15.98,-105.7,436672068.72865045,-2946.7,2004.7,2023.0,328
2026-04-09T15:19:08.822107+00:00,34.34,15.97,34.34,15.97,-104.7,436672068.72865045,-2958.3,2005.4,2030.9,328
2026-04-09T15:19:09.142186+00:00,34.27,15.96,34.27,15.96,-101.7,436672068.72865045,-2969.0,2006.0,2038.4,328
2026-04-09T15:19:09.466387+00:00,34.20,15.95,34.2,15.95,-107.7,436672068.72865045,-2979.9,2006.7,2045.8,328
2026-04-09T15:19:09.810108+00:00,34.14,15.93,34.14,15.93,-106.7,436672068.72865045,-2990.7,2007.3,2053.2,328
2026-04-09T15:19:10.154117+00:00,34.06,15.92,34.06,15.92,-105.7,436672001.9206954,-3002.8,2008.1,2061.5,328
2026-04-09T15:19:10.478220+00:00,33.99,15.91,33.99,15.91,-103.7,436672001.9206954,-3013.6,2008.8,2068.9,328
2026-04-09T15:19:10.822111+00:00,33.92,15.90,33.92,15.9,-105.7,436672001.9206954,-3024.2,2009.4,2076.2,328
2026-04-09T15:19:11.146097+00:00,33.85,15.89,33.85,15.89,-106.7,436672001.9206954,-3035.6,2010.1,2084.1,328
2026-04-09T15:19:11.466216+00:00,33.78,15.87,33.78,15.87,-105.7,436672001.9206954,-3046.4,2010.8,2091.4,328
2026-04-09T15:19:11.790103+00:00,33.71,15.86,33.71,15.86,-105.7,436672001.9206954,-3057.1,2011.5,2098.8,328
2026-04-09T15:19:12.155495+00:00,33.64,15.85,33.64,15.85,-105.7,436671936.1973602,-3069.1,2012.3,2107.1,328
2026-04-09T15:19:12.484959+00:00,33.57,15.84,33.57,15.84,-106.7,436671936.1973602,-3079.9,2012.9,2114.4,328
2026-04-09T15:19:12.807521+00:00,33.50,15.83,33.5,15.83,-104.7,436671936.1973602,-3090.7,2013.6,2121.9,328
2026-04-09T15:19:13.155304+00:00,33.43,15.81,33.43,15.81,-101.7,436671936.1973602,-3102.1,2014.4,2129.7,328
2026-04-09T15:19:13.484202+00:00,33.36,15.80,33.36,15.8,-102.7,436671936.1973602,-3112.8,2015.1,2137.1,328
2026-04-09T15:19:13.807243+00:00,33.29,15.79,33.29,15.79,-103.7,436671936.1973602,-3123.5,2015.8,2144.4,328
2026-04-09T15:19:14.175596+00:00,33.22,15.78,33.22,15.78,-106.7,436671869.66678333,-3134.9,2016.5,2152.2,328
2026-04-09T15:19:14.499523+00:00,33.14,15.76,33.14,15.76,-107.7,436671869.66678333,-3146.4,2017.3,2160.1,328
2026-04-09T15:19:14.827493+00:00,33.08,15.75,33.08,15.75,-98.7,436671869.66678333,-3157.0,2018.0,2167.4,328
2026-04-09T15:19:15.171860+00:00,33.01,15.74,33.01,15.74,-102.7,436671869.66678333,-3167.8,2018.7,2174.8,328
2026-04-09T15:19:15.499678+00:00,32.94,15.73,32.94,15.73,-103.7,436671869.66678333,-3179.0,2019.4,2182.5,328
2026-04-09T15:19:15.823191+00:00,32.87,15.72,32.87,15.72,-98.7,436671869.66678333,-3189.7,2020.1,2189.9,328
2026-04-09T15:19:16.190959+00:00,32.79,15.70,32.79,15.7,-107.7,436671803.6194846,-3201.0,2020.9,2197.6,328
2026-04-09T15:19:16.515973+00:00,32.72,15.69,32.72,15.69,-101.7,436671803.6194846,-3212.2,2021.6,2205.3,328
2026-04-09T15:19:16.843204+00:00,32.65,15.68,32.65,15.68,-101.7,436671803.6194846,-3222.9,2022.4,2212.6,328
2026-04-09T15:19:17.167508+00:00,32.59,15.67,32.59,15.67,-107.7,436671803.6194846,-3233.6,2023.1,2219.9,328
2026-04-09T15:19:17.515692+00:00,32.51,15.65,32.51,15.65,-107.7,436671803.6194846,-3244.8,2023.9,2227.6,328
2026-04-09T15:19:17.843581+00:00,32.45,15.64,32.45,15.64,-107.7,436671803.6194846,-3255.4,2024.6,2234.9,328
2026-04-09T15:19:18.187521+00:00,32.37,15.63,32.37,15.63,-107.7,436671737.87339014,-3266.6,2025.4,2242.6,328
2026-04-09T15:19:18.538650+00:00,32.30,15.61,32.3,15.61,-101.7,436671737.87339014,-3277.8,2026.1,2250.4,328
2026-04-09T15:19:18.859377+00:00,32.23,15.60,32.23,15.6,-101.7,436671737.87339014,-3288.4,2026.9,2257.6,328
2026-04-09T15:19:19.187523+00:00,32.17,15.59,32.17,15.59,-101.7,436671737.87339014,-3298.9,2027.6,2264.8,328
2026-04-09T15:19:19.531521+00:00,32.10,15.58,32.1,15.58,-101.7,436671737.87339014,-3310.0,2028.4,2272.5,328
2026-04-09T15:19:19.859510+00:00,32.03,15.56,32.03,15.56,-101.7,436671737.87339014,-3320.6,2029.1,2279.7,328
2026-04-09T15:19:20.203510+00:00,31.96,15.55,31.96,15.55,-103.7,436671672.7236587,-3331.7,2029.9,2287.3,328
2026-04-09T15:19:20.551661+00:00,31.89,15.54,31.89,15.54,-106.7,436671672.7236587,-3342.9,2030.7,2295.0,328
2026-04-09T15:19:20.875513+00:00,31.82,15.52,31.82,15.52,-102.7,436671672.7236587,-3353.4,2031.5,2302.2,328
2026-04-09T15:19:21.203636+00:00,31.75,15.51,31.75,15.51,-105.7,436671672.7236587,-3363.8,2032.2,2309.3,328
2026-04-09T15:19:21.547403+00:00,31.68,15.50,31.68,15.5,-104.7,436671672.7236587,-3375.0,2033.0,2317.0,328
2026-04-09T15:19:21.875529+00:00,31.61,15.48,31.61,15.48,-100.7,436671672.7236587,-3385.3,2033.8,2324.1,328
2026-04-09T15:19:22.223614+00:00,31.54,15.47,31.54,15.47,-101.7,436671608.02697825,-3396.5,2034.6,2331.8,328
2026-04-09T15:19:22.567244+00:00,31.47,15.46,31.47,15.46,-101.7,436671608.02697825,-3407.5,2035.4,2339.3,328
2026-04-09T15:19:22.895511+00:00,31.40,15.44,31.4,15.44,-103.7,436671608.02697825,-3417.9,2036.2,2346.5,328
2026-04-09T15:19:23.219549+00:00,31.34,15.43,31.34,15.43,-101.7,436671608.02697825,-3428.4,2036.9,2353.7,328
2026-04-09T15:19:23.571107+00:00,31.27,15.42,31.27,15.42,-104.7,436671608.02697825,-3438.7,2037.7,2360.8,328
2026-04-09T15:19:23.891525+00:00,31.20,15.40,31.2,15.4,-105.7,436671608.02697825,-3449.7,2038.5,2368.3,328
2026-04-09T15:19:24.239504+00:00,31.13,15.39,31.13,15.39,-102.7,436671543.7911724,-3460.7,2039.3,2375.9,328
2026-04-09T15:19:24.588267+00:00,31.06,15.38,31.06,15.38,-101.7,436671543.7911724,-3471.1,2040.1,2383.0,328
2026-04-09T15:19:24.911554+00:00,30.99,15.36,30.99,15.36,-105.7,436671543.7911724,-3481.9,2040.9,2390.5,328
2026-04-09T15:19:25.235534+00:00,30.92,15.35,30.92,15.35,-101.7,436671543.7911724,-3492.3,2041.7,2397.6,328
2026-04-09T15:19:25.563205+00:00,30.86,15.34,30.86,15.34,-104.7,436671543.7911724,-3502.6,2042.5,2404.6,328
2026-04-09T15:19:25.907523+00:00,30.79,15.32,30.79,15.32,-101.7,436671543.7911724,-3513.4,2043.3,2412.1,328
2026-04-09T15:19:26.255681+00:00,30.72,15.31,30.72,15.31,-105.7,436671480.02086395,-3524.4,2044.2,2419.6,328
2026-04-09T15:19:26.579557+00:00,30.65,15.30,30.65,15.3,-104.7,436671480.02086395,-3534.7,2045.0,2426.7,328
2026-04-09T15:19:26.927360+00:00,30.58,15.28,30.58,15.28,-103.7,436671480.02086395,-3545.6,2045.8,2434.2,328
2026-04-09T15:19:27.251545+00:00,30.52,15.27,30.52,15.27,-106.7,436671480.02086395,-3555.8,2046.6,2441.2,328
2026-04-09T15:19:27.579191+00:00,30.45,15.26,30.45,15.26,-109.7,436671480.02086395,-3566.0,2047.4,2448.2,328
2026-04-09T15:19:27.923666+00:00,30.38,15.24,30.38,15.24,-103.7,436671480.02086395,-3576.3,2048.2,2455.2,328
2026-04-09T15:19:28.271224+00:00,30.31,15.23,30.31,15.23,-103.7,436671416.7142749,-3587.7,2049.1,2463.1,328
2026-04-09T15:19:28.600266+00:00,30.24,15.21,30.24,15.21,-107.7,436671416.7142749,-3597.9,2049.9,2470.1,328
2026-04-09T15:19:28.943513+00:00,30.18,15.20,30.18,15.2,-102.7,436671416.7142749,-3608.0,2050.7,2477.0,328
2026-04-09T15:19:29.271224+00:00,30.11,15.19,30.11,15.19,-105.7,436671416.7142749,-3618.9,2051.6,2484.5,328
2026-04-09T15:19:29.599219+00:00,30.04,15.17,30.04,15.17,-106.7,436671416.7142749,-3629.1,2052.4,2491.5,328
2026-04-09T15:19:29.943574+00:00,29.98,15.16,29.98,15.16,-101.7,436671416.7142749,-3639.1,2053.2,2498.4,328
2026-04-09T15:19:30.291202+00:00,29.90,15.14,29.9,15.14,-103.7,436671353.76472133,-3650.6,2054.1,2506.3,328
2026-04-09T15:19:30.615196+00:00,29.84,15.13,29.84,15.13,-105.7,436671353.76472133,-3660.8,2054.9,2513.2,328
2026-04-09T15:19:30.963543+00:00,29.77,15.12,29.77,15.12,-100.7,436671353.76472133,-3670.8,2055.8,2520.1,328
2026-04-09T15:19:31.287205+00:00,29.70,15.10,29.7,15.1,-104.7,436671353.76472133,-3681.6,2056.6,2527.5,328
2026-04-09T15:19:31.615203+00:00,29.64,15.09,29.64,15.09,-103.7,436671353.76472133,-3691.6,2057.5,2534.4,328
2026-04-09T15:19:31.960392+00:00,29.57,15.07,29.57,15.07,-103.7,436671353.76472133,-3701.7,2058.3,2541.3,328
2026-04-09T15:19:32.307287+00:00,29.50,15.06,29.5,15.06,-101.7,436671291.38841605,-3712.9,2059.2,2549.1,328
2026-04-09T15:19:32.631355+00:00,29.43,15.05,29.43,15.05,-106.7,436671291.38841605,-3723.0,2060.0,2556.0,328
2026-04-09T15:19:32.979833+00:00,29.37,15.03,29.37,15.03,-104.7,436671291.38841605,-3733.0,2060.9,2562.8,328
2026-04-09T15:19:33.308615+00:00,29.30,15.02,29.3,15.02,-106.7,436671291.38841605,-3743.6,2061.8,2570.1,328
2026-04-09T15:19:33.631674+00:00,29.24,15.00,29.24,15.0,-101.7,436671291.38841605,-3753.5,2062.6,2576.9,328
2026-04-09T15:19:33.980850+00:00,29.17,14.99,29.17,14.99,-101.7,436671291.38841605,-3763.6,2063.5,2583.8,328
2026-04-09T15:19:34.323782+00:00,29.10,14.97,29.1,14.97,-106.7,436671229.3819483,-3774.7,2064.4,2591.5,328
2026-04-09T15:19:34.651581+00:00,29.03,14.96,29.03,14.96,-103.7,436671229.3819483,-3784.8,2065.2,2598.4,328
2026-04-09T15:19:34.995425+00:00,28.97,14.95,28.97,14.95,-109.7,436671229.3819483,-3794.8,2066.1,2605.2,328
2026-04-09T15:19:35.323606+00:00,28.90,14.93,28.9,14.93,-107.7,436671229.3819483,-3805.2,2067.0,2612.4,328
2026-04-09T15:19:35.646996+00:00,28.84,14.92,28.84,14.92,-107.7,436671229.3819483,-3815.2,2067.9,2619.3,328
2026-04-09T15:19:35.975350+00:00,28.77,14.90,28.77,14.9,-105.7,436671229.3819483,-3825.1,2068.7,2626.0,328
2026-04-09T15:19:36.344727+00:00,28.70,14.89,28.7,14.89,-105.7,436671168.6485752,-3836.2,2069.7,2633.7,328
2026-04-09T15:19:36.667214+00:00,28.64,14.87,28.64,14.87,-107.7,436671168.6485752,-3846.0,2070.5,2640.4,328
2026-04-09T15:19:36.999830+00:00,28.57,14.86,28.57,14.86,-106.7,436671168.6485752,-3856.0,2071.4,2647.3,328
2026-04-09T15:19:37.338110+00:00,28.50,14.84,28.5,14.84,-107.7,436671168.6485752,-3866.4,2072.3,2654.4,328
2026-04-09T15:19:37.662101+00:00,28.44,14.83,28.44,14.83,-107.7,436671168.6485752,-3876.1,2073.2,2661.1,328
2026-04-09T15:19:37.986392+00:00,28.38,14.82,28.38,14.82,-107.7,436671168.6485752,-3885.9,2074.0,2667.8,328
2026-04-09T15:19:38.350101+00:00,28.31,14.80,28.31,14.8,-103.7,436671107.8917317,-3896.3,2074.9,2674.9,328
2026-04-09T15:19:38.675235+00:00,28.24,14.79,28.24,14.79,-104.7,436671107.8917317,-3906.6,2075.9,2682.0,328
2026-04-09T15:19:38.998608+00:00,28.18,14.77,28.18,14.77,-107.7,436671107.8917317,-3916.3,2076.7,2688.7,328
2026-04-09T15:19:39.318098+00:00,28.11,14.76,28.11,14.76,-106.7,436671107.8917317,-3926.0,2077.6,2695.3,328
2026-04-09T15:19:39.662107+00:00,28.05,14.74,28.05,14.74,-105.7,436671107.8917317,-3936.3,2078.5,2702.4,328
2026-04-09T15:19:39.986197+00:00,27.98,14.73,27.98,14.73,-103.7,436671107.8917317,-3945.9,2079.4,2709.0,328
2026-04-09T15:19:40.330784+00:00,27.92,14.71,27.92,14.71,-108.7,436671047.96062165,-3956.2,2080.3,2716.0,328
2026-04-09T15:19:40.674127+00:00,27.85,14.70,27.85,14.7,-109.7,436671047.96062165,-3966.4,2081.3,2723.1,328
2026-04-09T15:19:40.994342+00:00,27.79,14.68,27.79,14.68,-105.7,436671047.96062165,-3976.0,2082.2,2729.7,328
2026-04-09T15:19:41.318106+00:00,27.72,14.67,27.72,14.67,-105.7,436671047.96062165,-3985.7,2083.0,2736.3,328
2026-04-09T15:19:41.662111+00:00,27.66,14.65,27.66,14.65,-106.7,436671047.96062165,-3995.3,2083.9,2742.9,328
2026-04-09T15:19:41.986307+00:00,27.60,14.64,27.6,14.64,-109.7,436671047.96062165,-4005.4,2084.9,2749.8,328
2026-04-09T15:19:42.331644+00:00,27.53,14.62,27.53,14.62,-107.7,436670988.4992764,-4015.6,2085.8,2756.8,328
2026-04-09T15:19:42.679523+00:00,27.47,14.61,27.47,14.61,-104.7,436670988.4992764,-4025.3,2086.7,2763.5,328
2026-04-09T15:19:43.008863+00:00,27.40,14.59,27.4,14.59,-103.7,436670988.4992764,-4035.5,2087.7,2770.5,328
2026-04-09T15:19:43.331551+00:00,27.33,14.58,27.33,14.58,-106.7,436670988.4992764,-4045.2,2088.6,2777.2,328
2026-04-09T15:19:43.679559+00:00,27.27,14.56,27.27,14.56,-106.7,436670988.4992764,-4054.8,2089.5,2783.8,328
2026-04-09T15:19:44.003731+00:00,27.20,14.55,27.2,14.55,-107.7,436670988.4992764,-4065.0,2090.5,2790.8,328
2026-04-09T15:19:44.351617+00:00,27.14,14.53,27.14,14.53,-106.7,436670929.0158832,-4075.1,2091.4,2797.7,328
2026-04-09T15:19:44.695515+00:00,27.08,14.52,27.08,14.52,-107.7,436670929.0158832,-4084.7,2092.3,2804.3,328
2026-04-09T15:19:45.024050+00:00,27.01,14.50,27.01,14.5,-109.7,436670929.0158832,-4094.8,2093.3,2811.2,328
2026-04-09T15:19:45.347498+00:00,26.95,14.49,26.95,14.49,-107.7,436670929.0158832,-4104.4,2094.2,2817.8,328
2026-04-09T15:19:45.674344+00:00,26.88,14.47,26.88,14.47,-104.7,436670929.0158832,-4113.8,2095.1,2824.3,328
2026-04-09T15:19:46.023775+00:00,26.82,14.46,26.82,14.46,-106.7,436670929.0158832,-4123.9,2096.1,2831.2,328
2026-04-09T15:19:46.365138+00:00,26.75,14.44,26.75,14.44,-104.7,436670869.95638067,-4134.0,2097.1,2838.1,328
2026-04-09T15:19:46.690123+00:00,26.69,14.43,26.69,14.43,-110.7,436670869.95638067,-4143.6,2098.0,2844.7,328
2026-04-09T15:19:47.034117+00:00,26.62,14.41,26.62,14.41,-106.7,436670869.95638067,-4153.6,2099.0,2851.6,328
2026-04-09T15:19:47.358098+00:00,26.56,14.40,26.56,14.4,-107.7,436670869.95638067,-4162.9,2099.9,2858.0,328
2026-04-09T15:19:47.682096+00:00,26.50,14.38,26.5,14.38,-104.7,436670869.95638067,-4172.2,2100.9,2864.3,328
2026-04-09T15:19:48.026324+00:00,26.44,14.37,26.44,14.37,-103.7,436670869.95638067,-4181.5,2101.8,2870.8,328
2026-04-09T15:19:48.366179+00:00,26.37,14.35,26.37,14.35,-107.7,436670811.8929503,-4192.1,2102.8,2878.0,328
2026-04-09T15:19:48.695825+00:00,26.31,14.33,26.31,14.33,-106.7,436670811.8929503,-4201.4,2103.8,2884.4,328
2026-04-09T15:19:49.038372+00:00,26.25,14.32,26.25,14.32,-104.7,436670811.8929503,-4210.7,2104.7,2890.8,328
2026-04-09T15:19:49.358102+00:00,26.18,14.30,26.18,14.3,-107.7,436670811.8929503,-4220.6,2105.7,2897.6,328
2026-04-09T15:19:49.682120+00:00,26.12,14.29,26.12,14.29,-111.7,436670811.8929503,-4230.0,2106.6,2904.0,328
2026-04-09T15:19:50.006175+00:00,26.06,14.27,26.06,14.27,-104.7,436670811.8929503,-4239.2,2107.6,2910.4,328
2026-04-09T15:19:50.370103+00:00,25.99,14.26,25.99,14.26,-104.7,436670754.98526233,-4249.7,2108.6,2917.5,328
2026-04-09T15:19:50.695552+00:00,25.93,14.24,25.93,14.24,-106.7,436670754.98526233,-4258.8,2109.6,2923.8,328
2026-04-09T15:19:51.027100+00:00,25.87,14.23,25.87,14.23,-108.7,436670754.98526233,-4268.1,2110.5,2930.2,328
2026-04-09T15:19:51.367505+00:00,25.80,14.21,25.8,14.21,-105.7,436670754.98526233,-4278.1,2111.6,2937.1,328
2026-04-09T15:19:51.695614+00:00,25.74,14.19,25.74,14.19,-105.7,436670754.98526233,-4287.3,2112.5,2943.4,328
2026-04-09T15:19:52.019946+00:00,25.68,14.18,25.68,14.18,-108.7,436670754.98526233,-4296.5,2113.5,2949.7,328
2026-04-09T15:19:52.387486+00:00,25.62,14.16,25.62,14.16,-104.7,436670697.5846946,-4306.4,2114.5,2956.5,328
2026-04-09T15:19:52.711368+00:00,25.55,14.15,25.55,14.15,-107.7,436670697.5846946,-4316.2,2115.5,2963.2,328
2026-04-09T15:19:53.038830+00:00,25.49,14.13,25.49,14.13,-104.7,436670697.5846946,-4325.4,2116.5,2969.5,328
2026-04-09T15:19:53.363197+00:00,25.43,14.12,25.43,14.12,-106.7,436670697.5846946,-4334.7,2117.5,2975.9,328
2026-04-09T15:19:53.711497+00:00,25.36,14.10,25.36,14.1,-104.7,436670697.5846946,-4344.4,2118.5,2982.6,328
2026-04-09T15:19:54.040033+00:00,25.30,14.08,25.3,14.08,-107.7,436670697.5846946,-4353.6,2119.5,2988.9,328
2026-04-09T15:19:54.383241+00:00,25.24,14.07,25.24,14.07,-107.7,436670640.5169808,-4363.3,2120.5,2995.6,328
2026-04-09T15:19:54.731525+00:00,25.17,14.05,25.17,14.05,-104.7,436670640.5169808,-4373.1,2121.5,3002.3,328
2026-04-09T15:19:55.055216+00:00,25.11,14.04,25.11,14.04,-107.7,436670640.5169808,-4382.3,2122.5,3008.6,328
2026-04-09T15:19:55.383470+00:00,25.05,14.02,25.05,14.02,-107.7,436670640.5169808,-4391.4,2123.5,3014.8,328
2026-04-09T15:19:55.731182+00:00,24.99,14.00,24.99,14.0,-105.7,436670640.5169808,-4401.1,2124.5,3021.5,328
2026-04-09T15:19:56.059112+00:00,24.93,13.99,24.93,13.99,-106.7,436670640.5169808,-4410.2,2125.5,3027.8,328
2026-04-09T15:19:56.403509+00:00,24.86,13.97,24.86,13.97,-107.7,436670583.97592986,-4419.9,2126.6,3034.4,328
2026-04-09T15:19:56.755867+00:00,24.80,13.96,24.8,13.96,-112.7,436670583.97592986,-4429.6,2127.6,3041.0,328
2026-04-09T15:19:57.079961+00:00,24.74,13.94,24.74,13.94,-106.7,436670583.97592986,-4438.6,2128.6,3047.3,328
2026-04-09T15:19:57.403524+00:00,24.68,13.92,24.68,13.92,-103.7,436670583.97592986,-4447.7,2129.6,3053.5,328
2026-04-09T15:19:57.751502+00:00,24.61,13.91,24.61,13.91,-109.7,436670583.97592986,-4457.3,2130.7,3060.1,328
2026-04-09T15:19:58.075051+00:00,24.55,13.89,24.55,13.89,-108.7,436670583.97592986,-4466.3,2131.7,3066.3,328
2026-04-09T15:19:58.435351+00:00,24.49,13.88,24.49,13.88,-103.7,436670528.03017515,-4475.9,2132.7,3072.8,328
2026-04-09T15:19:58.791206+00:00,24.42,13.86,24.42,13.86,-109.7,436670528.03017515,-4486.1,2133.9,3079.8,328
2026-04-09T15:19:59.114788+00:00,24.36,13.84,24.36,13.84,-106.7,436670528.03017515,-4494.9,2134.9,3085.9,328
2026-04-09T15:19:59.439560+00:00,24.30,13.83,24.3,13.83,-105.7,436670528.03017515,-4504.0,2135.9,3092.1,328
2026-04-09T15:19:59.787192+00:00,24.24,13.81,24.24,13.81,-108.7,436670528.03017515,-4513.4,2137.0,3098.6,328
2026-04-09T15:20:00.110808+00:00,24.18,13.79,24.18,13.79,-108.7,436670528.03017515,-4522.4,2138.0,3104.8,328
2026-04-09T15:20:00.439557+00:00,24.12,13.78,24.12,13.78,-104.7,436670528.03017515,-4531.3,2139.0,3110.9,328
2026-04-09T15:20:00.808575+00:00,24.06,13.76,24.06,13.76,-107.7,436670463.0507824,-4541.2,2140.1,3117.7,328
2026-04-09T15:20:01.136955+00:00,24.00,13.74,24.0,13.74,-109.7,436670463.0507824,-4550.2,2141.1,3123.8,328
2026-04-09T15:20:01.455581+00:00,23.94,13.73,23.94,13.73,-106.7,436670463.0507824,-4559.1,2142.2,3130.0,328
2026-04-09T15:20:01.803208+00:00,23.87,13.71,23.87,13.71,-107.7,436670463.0507824,-4568.5,2143.2,3136.4,328
2026-04-09T15:20:02.131005+00:00,23.81,13.70,23.81,13.7,-107.7,436670463.0507824,-4577.4,2144.3,3142.5,328
2026-04-09T15:20:02.455511+00:00,23.76,13.68,23.76,13.68,-106.7,436670463.0507824,-4586.2,2145.3,3148.6,328
2026-04-09T15:20:02.823219+00:00,23.69,13.66,23.69,13.66,-106.7,436670408.19889337,-4595.6,2146.4,3155.1,328
2026-04-09T15:20:03.147517+00:00,23.63,13.65,23.63,13.65,-105.7,436670408.19889337,-4605.0,2147.5,3161.5,328
2026-04-09T15:20:03.471869+00:00,23.57,13.63,23.57,13.63,-106.7,436670408.19889337,-4613.8,2148.5,3167.5,328
2026-04-09T15:20:03.799518+00:00,23.51,13.61,23.51,13.61,-104.7,436670408.19889337,-4622.5,2149.5,3173.5,328
2026-04-09T15:20:04.143574+00:00,23.45,13.60,23.45,13.6,-107.7,436670408.19889337,-4631.9,2150.6,3180.0,328
2026-04-09T15:20:04.471744+00:00,23.39,13.58,23.39,13.58,-102.7,436670408.19889337,-4640.6,2151.7,3185.9,328
2026-04-09T15:20:04.815587+00:00,23.33,13.56,23.33,13.56,-110.7,436670353.84521824,-4649.9,2152.8,3192.3,328
2026-04-09T15:20:05.163527+00:00,23.27,13.55,23.27,13.55,-105.7,436670353.84521824,-4659.2,2153.9,3198.7,328
2026-04-09T15:20:05.488671+00:00,23.21,13.53,23.21,13.53,-107.7,436670353.84521824,-4667.9,2154.9,3204.7,328
2026-04-09T15:20:05.815510+00:00,23.15,13.51,23.15,13.51,-109.7,436670353.84521824,-4676.6,2156.0,3210.6,328
2026-04-09T15:20:06.162780+00:00,23.09,13.50,23.09,13.5,-107.7,436670353.84521824,-4685.3,2157.0,3216.6,328
2026-04-09T15:20:06.487446+00:00,23.03,13.48,23.03,13.48,-106.7,436670353.84521824,-4694.5,2158.1,3222.9,328
2026-04-09T15:20:06.831539+00:00,22.97,13.46,22.97,13.46,-105.7,436670300.00860447,-4703.6,2159.2,3229.2,328
2026-04-09T15:20:07.178805+00:00,22.91,13.45,22.91,13.45,-105.7,436670300.00860447,-4712.3,2160.3,3235.2,328
2026-04-09T15:20:07.507294+00:00,22.85,13.43,22.85,13.43,-108.7,436670300.00860447,-4721.6,2161.4,3241.5,328
2026-04-09T15:20:07.831229+00:00,22.79,13.41,22.79,13.41,-105.7,436670300.00860447,-4730.1,2162.5,3247.4,328
2026-04-09T15:20:08.155217+00:00,22.73,13.40,22.73,13.4,-109.7,436670300.00860447,-4738.8,2163.5,3253.3,328
2026-04-09T15:20:08.503841+00:00,22.67,13.38,22.67,13.38,-107.7,436670300.00860447,-4747.9,2164.7,3259.6,328
2026-04-09T15:20:08.851651+00:00,22.61,13.36,22.61,13.36,-107.7,436670246.66060305,-4757.0,2165.8,3265.9,328
2026-04-09T15:20:09.175536+00:00,22.55,13.35,22.55,13.35,-106.7,436670246.66060305,-4765.6,2166.9,3271.8,328
2026-04-09T15:20:09.523317+00:00,22.49,13.33,22.49,13.33,-106.7,436670246.66060305,-4774.7,2168.0,3278.0,328
2026-04-09T15:20:09.847490+00:00,22.43,13.31,22.43,13.31,-111.7,436670246.66060305,-4783.3,2169.1,3283.9,328
2026-04-09T15:20:10.175526+00:00,22.37,13.30,22.37,13.3,-105.7,436670246.66060305,-4791.8,2170.1,3289.7,328
2026-04-09T15:20:10.524964+00:00,22.31,13.28,22.31,13.28,-106.7,436670246.66060305,-4800.8,2171.3,3295.9,328
2026-04-09T15:20:10.867627+00:00,22.25,13.26,22.25,13.26,-107.7,436670193.6927519,-4809.8,2172.4,3302.1,328
2026-04-09T15:20:11.200065+00:00,22.19,13.25,22.19,13.25,-106.7,436670193.6927519,-4818.4,2173.5,3308.0,328
2026-04-09T15:20:11.539282+00:00,22.13,13.23,22.13,13.23,-107.7,436670193.6927519,-4827.3,2174.6,3314.1,328
2026-04-09T15:20:11.867545+00:00,22.08,13.21,22.08,13.21,-107.7,436670193.6927519,-4835.8,2175.7,3320.0,328
2026-04-09T15:20:12.191518+00:00,22.02,13.20,22.02,13.2,-109.7,436670193.6927519,-4844.3,2176.8,3325.8,328
2026-04-09T15:20:12.539289+00:00,21.96,13.18,21.96,13.18,-106.7,436670193.6927519,-4852.7,2177.9,3331.6,328
2026-04-09T15:20:12.883501+00:00,21.90,13.16,21.9,13.16,-105.7,436670141.4091003,-4862.2,2179.1,3338.1,328
2026-04-09T15:20:13.211520+00:00,21.84,13.14,21.84,13.14,-106.7,436670141.4091003,-4870.6,2180.2,3343.8,328
2026-04-09T15:20:13.555535+00:00,21.79,13.13,21.79,13.13,-107.7,436670141.4091003,-4878.9,2181.3,3349.5,328
2026-04-09T15:20:13.884683+00:00,21.72,13.11,21.72,13.11,-111.7,436670141.4091003,-4887.9,2182.5,3355.7,328
2026-04-09T15:20:14.207657+00:00,21.67,13.09,21.67,13.09,-105.7,436670141.4091003,-4896.3,2183.6,3361.5,328
2026-04-09T15:20:14.555020+00:00,21.61,13.08,21.61,13.08,-111.7,436670141.4091003,-4904.6,2184.7,3367.2,328
2026-04-09T15:20:14.903518+00:00,21.55,13.06,21.55,13.06,-107.7,436670089.58987933,-4914.0,2185.9,3373.7,328
2026-04-09T15:20:15.227506+00:00,21.49,13.04,21.49,13.04,-107.7,436670089.58987933,-4922.4,2187.0,3379.4,328
2026-04-09T15:20:15.575224+00:00,21.43,13.03,21.43,13.03,-105.7,436670089.58987933,-4930.6,2188.1,3385.1,328
2026-04-09T15:20:15.899523+00:00,21.37,13.01,21.37,13.01,-109.7,436670089.58987933,-4939.5,2189.3,3391.1,328
2026-04-09T15:20:16.232287+00:00,21.32,12.99,21.32,12.99,-109.7,436670089.58987933,-4947.7,2190.4,3396.8,328
2026-04-09T15:20:16.551527+00:00,21.26,12.97,21.26,12.97,-104.7,436670089.58987933,-4956.0,2191.5,3402.5,328
2026-04-09T15:20:16.919506+00:00,21.20,12.96,21.2,12.96,-109.7,436670038.75997376,-4965.3,2192.7,3408.9,328
2026-04-09T15:20:17.247525+00:00,21.14,12.94,21.14,12.94,-107.7,436670038.75997376,-4973.6,2193.9,3414.6,328
2026-04-09T15:20:17.575093+00:00,21.09,12.92,21.09,12.92,-104.7,436670038.75997376,-4981.9,2195.0,3420.2,328
2026-04-09T15:20:17.919563+00:00,21.03,12.90,21.03,12.9,-105.7,436670038.75997376,-4990.7,2196.2,3426.3,328
2026-04-09T15:20:18.247509+00:00,20.97,12.89,20.97,12.89,-109.7,436670038.75997376,-4998.8,2197.3,3431.9,328
2026-04-09T15:20:18.575232+00:00,20.91,12.87,20.91,12.87,-106.7,436670038.75997376,-5007.1,2198.4,3437.5,328
2026-04-09T15:20:18.943212+00:00,20.85,12.85,20.85,12.85,-104.7,436669987.73945963,-5015.7,2199.6,3443.5,328
2026-04-09T15:20:19.267508+00:00,20.79,12.84,20.79,12.84,-103.7,436669987.73945963,-5024.5,2200.8,3449.5,328
2026-04-09T15:20:19.595222+00:00,20.74,12.82,20.74,12.82,-104.7,436669987.73945963,-5032.6,2201.9,3455.1,328
2026-04-09T15:20:19.939312+00:00,20.68,12.80,20.68,12.8,-108.7,436669987.73945963,-5040.8,2203.1,3460.7,328
2026-04-09T15:20:20.267644+00:00,20.63,12.78,20.63,12.78,-107.7,436669987.73945963,-5049.4,2204.2,3466.6,328
2026-04-09T15:20:20.595170+00:00,20.57,12.77,20.57,12.77,-110.7,436669987.73945963,-5057.5,2205.4,3472.2,328
2026-04-09T15:20:20.959288+00:00,20.51,12.75,20.51,12.75,-106.7,436669937.3170867,-5066.1,2206.6,3478.1,328
2026-04-09T15:20:21.290959+00:00,20.45,12.73,20.45,12.73,-105.7,436669937.3170867,-5074.7,2207.8,3484.0,328
2026-04-09T15:20:21.611193+00:00,20.40,12.71,20.4,12.71,-109.7,436669937.3170867,-5082.8,2208.9,3489.5,328
2026-04-09T15:20:21.939503+00:00,20.34,12.70,20.34,12.7,-106.7,436669937.3170867,-5090.8,2210.1,3495.0,328
2026-04-09T15:20:22.284723+00:00,20.28,12.68,20.28,12.68,-108.7,436669937.3170867,-5099.3,2211.3,3500.9,328
2026-04-09T15:20:22.611233+00:00,20.23,12.66,20.23,12.66,-109.7,436669937.3170867,-5107.4,2212.4,3506.4,328
2026-04-09T15:20:22.935494+00:00,20.17,12.65,20.17,12.65,-107.7,436669937.3170867,-5115.5,2213.6,3511.9,328
2026-04-09T15:20:23.283216+00:00,20.12,12.63,20.12,12.63,-112.7,436669937.3170867,-5123.4,2214.7,3517.4,328
2026-04-09T15:20:23.627186+00:00,20.06,12.61,20.06,12.61,-109.7,436669870.9934766,-5132.5,2216.0,3523.6,328
2026-04-09T15:20:23.955541+00:00,20.00,12.59,20.0,12.59,-108.7,436669870.9934766,-5140.4,2217.1,3529.0,328
2026-04-09T15:20:24.299717+00:00,19.95,12.58,19.95,12.58,-105.7,436669870.9934766,-5148.4,2218.3,3534.5,328
2026-04-09T15:20:24.627524+00:00,19.89,12.56,19.89,12.56,-106.7,436669870.9934766,-5156.8,2219.5,3540.3,328
2026-04-09T15:20:24.951482+00:00,19.83,12.54,19.83,12.54,-106.7,436669870.9934766,-5164.8,2220.7,3545.8,328
2026-04-09T15:20:25.279513+00:00,19.78,12.52,19.78,12.52,-106.7,436669870.9934766,-5172.6,2221.8,3551.2,328
2026-04-09T15:20:25.623385+00:00,19.72,12.51,19.72,12.51,-109.7,436669870.9934766,-5181.1,2223.1,3557.0,328
2026-04-09T15:20:25.951538+00:00,19.67,12.49,19.67,12.49,-107.7,436669870.9934766,-5188.9,2224.2,3562.4,328
2026-04-09T15:20:26.298630+00:00,19.61,12.47,19.61,12.47,-109.7,436669806.02937526,-5197.4,2225.5,3568.2,328
2026-04-09T15:20:26.643540+00:00,19.55,12.45,19.55,12.45,-111.7,436669806.02937526,-5205.7,2226.7,3573.9,328
2026-04-09T15:20:26.968114+00:00,19.50,12.43,19.5,12.43,-107.7,436669806.02937526,-5213.6,2227.9,3579.3,328
2026-04-09T15:20:27.295508+00:00,19.44,12.42,19.44,12.42,-107.7,436669806.02937526,-5221.4,2229.0,3584.7,328
2026-04-09T15:20:27.643612+00:00,19.39,12.40,19.39,12.4,-109.7,436669806.02937526,-5229.2,2230.2,3590.1,328
2026-04-09T15:20:27.968180+00:00,19.33,12.38,19.33,12.38,-106.7,436669806.02937526,-5237.6,2231.5,3595.8,328
2026-04-09T15:20:28.295492+00:00,19.28,12.37,19.28,12.37,-111.7,436669806.02937526,-5245.3,2232.6,3601.1,328
2026-04-09T15:20:28.619176+00:00,19.22,12.35,19.22,12.35,-105.7,436669806.02937526,-5253.2,2233.8,3606.5,328
2026-04-09T15:20:28.987490+00:00,19.16,12.33,19.16,12.33,-106.7,436669741.95181715,-5261.9,2235.1,3612.5,328
2026-04-09T15:20:29.311195+00:00,19.11,12.31,19.11,12.31,-109.7,436669741.95181715,-5269.7,2236.3,3617.8,328
2026-04-09T15:20:29.639168+00:00,19.06,12.29,19.06,12.29,-109.7,436669741.95181715,-5277.4,2237.5,3623.1,328
2026-04-09T15:20:29.987240+00:00,19.00,12.28,19.0,12.28,-107.7,436669741.95181715,-5285.7,2238.7,3628.8,328
2026-04-09T15:20:30.311561+00:00,18.95,12.26,18.95,12.26,-110.7,436669741.95181715,-5293.3,2239.9,3634.0,328
2026-04-09T15:20:30.636964+00:00,18.89,12.24,18.89,12.24,-108.7,436669741.95181715,-5301.1,2241.1,3639.4,328
2026-04-09T15:20:30.985502+00:00,18.84,12.22,18.84,12.22,-106.7,436669741.95181715,-5308.7,2242.3,3644.6,328
2026-04-09T15:20:31.316453+00:00,18.78,12.21,18.78,12.21,-107.7,436669741.95181715,-5316.9,2243.6,3650.3,328
2026-04-09T15:20:31.655504+00:00,18.73,12.19,18.73,12.19,-109.7,436669678.0367742,-5325.2,2244.8,3655.9,328
2026-04-09T15:20:32.003592+00:00,18.67,12.17,18.67,12.17,-103.7,436669678.0367742,-5332.8,2246.0,3661.1,328
2026-04-09T15:20:32.331499+00:00,18.62,12.15,18.62,12.15,-115.7,436669678.0367742,-5340.9,2247.3,3666.7,328
2026-04-09T15:20:32.655278+00:00,18.56,12.13,18.56,12.13,-110.7,436669678.0367742,-5348.5,2248.5,3671.9,328
2026-04-09T15:20:33.004291+00:00,18.51,12.12,18.51,12.12,-106.7,436669678.0367742,-5356.2,2249.7,3677.2,328
2026-04-09T15:20:33.327201+00:00,18.45,12.10,18.45,12.1,-107.7,436669678.0367742,-5364.3,2251.0,3682.8,328
2026-04-09T15:20:33.651293+00:00,18.40,12.08,18.4,12.08,-110.7,436669678.0367742,-5371.8,2252.2,3688.0,328
2026-04-09T15:20:33.979618+00:00,18.35,12.06,18.35,12.06,-107.7,436669678.0367742,-5379.4,2253.3,3693.1,328
2026-04-09T15:20:34.347184+00:00,18.29,12.04,18.29,12.04,-104.7,436669615.7934682,-5387.9,2254.7,3699.0,328
2026-04-09T15:20:34.671216+00:00,18.24,12.03,18.24,12.03,-109.7,436669615.7934682,-5395.4,2255.9,3704.1,328
2026-04-09T15:20:34.999099+00:00,18.18,12.01,18.18,12.01,-109.7,436669615.7934682,-5403.0,2257.1,3709.4,328
2026-04-09T15:20:35.343196+00:00,18.13,11.99,18.13,11.99,-109.7,436669615.7934682,-5411.0,2258.4,3714.8,328
2026-04-09T15:20:35.671162+00:00,18.08,11.97,18.08,11.97,-105.7,436669615.7934682,-5418.5,2259.6,3720.0,328
2026-04-09T15:20:35.995688+00:00,18.02,11.96,18.02,11.96,-107.7,436669615.7934682,-5426.1,2260.8,3725.2,328
2026-04-09T15:20:36.347025+00:00,17.97,11.94,17.97,11.94,-106.7,436669615.7934682,-5433.5,2262.0,3730.3,328
2026-04-09T15:20:36.667612+00:00,17.92,11.92,17.92,11.92,-107.7,436669615.7934682,-5441.5,2263.3,3735.8,328
2026-04-09T15:20:37.015679+00:00,17.86,11.90,17.86,11.9,-106.7,436669553.8318076,-5449.4,2264.6,3741.2,328
2026-04-09T15:20:37.362115+00:00,17.81,11.89,17.81,11.89,-110.7,436669553.8318076,-5456.9,2265.9,3746.3,328
2026-04-09T15:20:37.686094+00:00,17.75,11.87,17.75,11.87,-104.7,436669553.8318076,-5464.7,2267.2,3751.7,328
2026-04-09T15:20:38.011418+00:00,17.70,11.85,17.7,11.85,-109.7,436669553.8318076,-5472.1,2268.4,3756.8,328
2026-04-09T15:20:38.330154+00:00,17.65,11.83,17.65,11.83,-107.7,436669553.8318076,-5479.5,2269.6,3761.8,328
2026-04-09T15:20:38.674098+00:00,17.60,11.81,17.6,11.81,-107.7,436669553.8318076,-5487.3,2270.9,3767.2,328
2026-04-09T15:20:38.998879+00:00,17.54,11.80,17.54,11.8,-105.7,436669553.8318076,-5494.6,2272.1,3772.3,328
2026-04-09T15:20:39.322227+00:00,17.49,11.78,17.49,11.78,-107.7,436669553.8318076,-5502.0,2273.3,3777.3,328
2026-04-09T15:20:39.686117+00:00,17.44,11.76,17.44,11.76,-109.7,436669493.4885421,-5509.6,2274.6,3782.6,328
2026-04-09T15:20:40.010552+00:00,17.38,11.74,17.38,11.74,-107.7,436669493.4885421,-5517.5,2275.9,3787.9,328
2026-04-09T15:20:40.334253+00:00,17.33,11.72,17.33,11.72,-104.7,436669493.4885421,-5524.7,2277.1,3792.9,328
