t,az_cmd,el_cmd,az_act,el_act,rssi,freq_hz,doppler_hz,range_km,range_rate,packets
2026-04-09T09:43:17.894516+00:00,14.96,0.00,14.96,0.0,-94.8,437110350.69180506,10350.7,2628.8,-7099.2,0
2026-04-09T09:43:18.262755+00:00,14.97,0.03,14.97,0.03,-94.8,437110350.69180506,10350.7,2625.5,-7099.2,0
2026-04-09T09:43:18.626848+00:00,14.97,0.05,14.97,0.05,-91.8,437110350.69180506,10350.7,2622.9,-7099.2,0
2026-04-09T09:43:19.038888+00:00,14.98,0.07,14.98,0.07,-92.8,437110350.69180506,10350.7,2620.0,-7099.2,0
2026-04-09T09:43:19.402520+00:00,14.99,0.09,14.99,0.09,-94.8,437110350.69180506,10350.7,2617.4,-7099.2,0
2026-04-09T09:43:19.769364+00:00,14.99,0.11,14.99,0.11,-94.8,437110350.69180506,10350.7,2614.8,-7099.2,0
2026-04-09T09:43:20.178888+00:00,15.00,0.13,15.0,0.13,-95.8,437110350.69180506,10350.7,2611.9,-7099.2,0
2026-04-09T09:43:20.547570+00:00,15.01,0.15,15.01,0.15,-89.8,437110350.69180506,10350.6,2609.3,-7099.2,0
2026-04-09T09:43:20.910948+00:00,15.01,0.17,15.01,0.17,-92.8,437110350.69180506,10350.6,2606.7,-7099.2,0
2026-04-09T09:43:21.318430+00:00,15.02,0.19,15.02,0.19,-94.8,437110350.69180506,10350.6,2603.8,-7099.1,0
2026-04-09T09:43:21.686745+00:00,15.03,0.21,15.03,0.21,-91.8,437110350.69180506,10350.6,2601.2,-7099.1,0
2026-04-09T09:43:22.050143+00:00,15.03,0.23,15.03,0.23,-92.8,437110350.69180506,10350.6,2598.6,-7099.1,0
2026-04-09T09:43:22.460081+00:00,15.04,0.25,15.04,0.25,-91.8,437110350.69180506,10350.5,2595.7,-7099.1,0
2026-04-09T09:43:22.825752+00:00,15.04,0.27,15.04,0.27,-92.8,437110350.69180506,10350.5,2593.1,-7099.1,0
2026-04-09T09:43:23.189693+00:00,15.05,0.29,15.05,0.29,-89.8,437110350.69180506,10350.5,2590.5,-7099.1,0
2026-04-09T09:43:23.593692+00:00,15.06,0.31,15.06,0.31,-93.8,437110350.69180506,10350.5,2587.6,-7099.0,0
2026-04-09T09:43:23.957471+00:00,15.06,0.33,15.06,0.33,-91.8,437110350.69180506,10350.4,2585.1,-7099.0,0
2026-04-09T09:43:24.321538+00:00,15.07,0.35,15.07,0.35,-91.8,437110350.69180506,10350.4,2582.5,-7099.0,0
2026-04-09T09:43:24.725606+00:00,15.08,0.37,15.08,0.37,-94.8,437110350.69180506,10350.4,2579.6,-7099.0,0
2026-04-09T09:43:25.089506+00:00,15.08,0.39,15.08,0.39,-91.8,437110350.69180506,10350.3,2577.0,-7098.9,0
2026-04-09T09:43:25.453501+00:00,15.09,0.41,15.09,0.41,-89.8,437110350.69180506,10350.3,2574.4,-7098.9,0
2026-04-09T09:43:25.857465+00:00,15.10,0.43,15.1,0.43,-90.8,437110350.69180506,10350.2,2571.6,-7098.9,0
2026-04-09T09:43:26.223032+00:00,15.10,0.45,15.1,0.45,-94.8,437110350.69180506,10350.2,2569.0,-7098.9,0
2026-04-09T09:43:26.585517+00:00,15.11,0.47,15.11,0.47,-91.8,437110350.69180506,10350.2,2566.4,-7098.8,0
2026-04-09T09:43:26.989595+00:00,15.11,0.49,15.11,0.49,-89.8,437110350.69180506,10350.1,2563.5,-7098.8,0
2026-04-09T09:43:27.353525+00:00,15.12,0.51,15.12,0.51,-91.8,437110350.69180506,10350.1,2560.9,-7098.8,0
2026-04-09T09:43:27.716585+00:00,15.13,0.53,15.13,0.53,-95.8,437110350.69180506,10350.0,2558.3,-7098.7,0
2026-04-09T09:43:28.126557+00:00,15.13,0.56,15.13,0.56,-95.8,437110350.69180506,10350.0,2555.5,-7098.7,0
2026-04-09T09:43:28.490898+00:00,15.14,0.58,15.14,0.58,-93.8,437110350.69180506,10349.9,2552.9,-7098.7,0
2026-04-09T09:43:28.858416+00:00,15.15,0.60,15.15,0.6,-92.8,437110350.69180506,10349.9,2550.3,-7098.6,0
2026-04-09T09:43:29.265682+00:00,15.15,0.62,15.15,0.62,-92.8,437110350.69180506,10349.8,2547.4,-7098.6,0
2026-04-09T09:43:29.629540+00:00,15.16,0.64,15.16,0.64,-91.8,437110350.69180506,10349.7,2544.8,-7098.5,0
2026-04-09T09:43:29.993565+00:00,15.17,0.66,15.17,0.66,-91.8,437110350.69180506,10349.7,2542.2,-7098.5,0
2026-04-09T09:43:30.397579+00:00,15.17,0.68,15.17,0.68,-91.8,437110350.69180506,10349.6,2539.3,-7098.4,0
2026-04-09T09:43:30.761543+00:00,15.18,0.70,15.18,0.7,-91.8,437110350.69180506,10349.5,2536.8,-7098.4,0
2026-04-09T09:43:31.125474+00:00,15.19,0.72,15.19,0.72,-94.8,437110350.69180506,10349.5,2534.2,-7098.4,0
2026-04-09T09:43:31.529503+00:00,15.19,0.75,15.19,0.75,-89.8,437110350.69180506,10349.4,2531.3,-7098.3,0
2026-04-09T09:43:31.894356+00:00,15.20,0.77,15.2,0.77,-92.8,437110350.69180506,10349.3,2528.7,-7098.3,0
2026-04-09T09:43:32.257500+00:00,15.21,0.79,15.21,0.79,-95.8,437110350.69180506,10349.2,2526.1,-7098.2,0
2026-04-09T09:43:32.661488+00:00,15.21,0.81,15.21,0.81,-94.8,437110350.69180506,10349.2,2523.3,-7098.1,0
2026-04-09T09:43:33.025489+00:00,15.22,0.83,15.22,0.83,-93.8,437110350.69180506,10349.1,2520.7,-7098.1,0
2026-04-09T09:43:33.389486+00:00,15.22,0.85,15.22,0.85,-89.8,437110350.69180506,10349.0,2518.1,-7098.0,0
2026-04-09T09:43:33.793480+00:00,15.23,0.87,15.23,0.87,-91.8,437110350.69180506,10348.9,2515.2,-7098.0,0
2026-04-09T09:43:34.158521+00:00,15.24,0.90,15.24,0.9,-95.8,437110350.69180506,10348.8,2512.6,-7097.9,0
2026-04-09T09:43:34.527632+00:00,15.24,0.92,15.24,0.92,-96.8,437110350.69180506,10348.7,2510.0,-7097.9,0
2026-04-09T09:43:34.935032+00:00,15.25,0.94,15.25,0.94,-93.8,437110350.69180506,10348.6,2507.2,-7097.8,0
2026-04-09T09:43:35.297544+00:00,15.26,0.96,15.26,0.96,-94.8,437110350.69180506,10348.6,2504.6,-7097.7,0
2026-04-09T09:43:35.661507+00:00,15.26,0.98,15.26,0.98,-93.8,437110350.69180506,10348.5,2501.9,-7097.7,0
2026-04-09T09:43:36.065482+00:00,15.27,1.01,15.27,1.01,-90.8,437110350.69180506,10348.4,2499.1,-7097.6,0
2026-04-09T09:43:36.429499+00:00,15.28,1.03,15.28,1.03,-95.8,437110350.69180506,10348.3,2496.5,-7097.5,0
2026-04-09T09:43:36.793470+00:00,15.28,1.05,15.28,1.05,-91.8,437110350.69180506,10348.2,2493.9,-7097.5,0
2026-04-09T09:43:37.197579+00:00,15.29,1.07,15.29,1.07,-92.8,437110350.69180506,10348.1,2491.0,-7097.4,0
2026-04-09T09:43:37.561482+00:00,15.30,1.09,15.3,1.09,-91.8,437110350.69180506,10348.0,2488.5,-7097.3,0
2026-04-09T09:43:37.925678+00:00,15.30,1.11,15.3,1.11,-91.8,437110350.69180506,10347.8,2485.9,-7097.2,0
2026-04-09T09:43:38.333488+00:00,15.31,1.14,15.31,1.14,-89.8,437110350.69180506,10347.7,2483.0,-7097.2,0
2026-04-09T09:43:38.693610+00:00,15.32,1.16,15.32,1.16,-92.8,437110350.69180506,10347.6,2480.4,-7097.1,0
2026-04-09T09:43:39.057475+00:00,15.33,1.18,15.33,1.18,-91.8,437110350.69180506,10347.5,2477.8,-7097.0,0
2026-04-09T09:43:39.466593+00:00,15.33,1.21,15.33,1.21,-89.8,437110350.69180506,10347.4,2475.0,-7096.9,0
2026-04-09T09:43:39.833186+00:00,15.34,1.23,15.34,1.23,-90.8,437110350.69180506,10347.3,2472.4,-7096.8,0
2026-04-09T09:43:40.191390+00:00,15.35,1.25,15.35,1.25,-94.8,437110350.69180506,10347.1,2469.8,-7096.8,0
2026-04-09T09:43:40.598515+00:00,15.35,1.27,15.35,1.27,-94.8,437110350.69180506,10347.0,2466.9,-7096.7,0
2026-04-09T09:43:40.966520+00:00,15.36,1.29,15.36,1.29,-89.8,437110350.69180506,10346.9,2464.3,-7096.6,0
2026-04-09T09:43:41.336829+00:00,15.37,1.32,15.37,1.32,-93.8,437110350.69180506,10346.8,2461.7,-7096.5,0
2026-04-09T09:43:41.742669+00:00,15.37,1.34,15.37,1.34,-89.8,437110350.69180506,10346.6,2458.9,-7096.4,0
2026-04-09T09:43:42.111202+00:00,15.38,1.36,15.38,1.36,-89.8,437110350.69180506,10346.5,2456.2,-7096.3,0
2026-04-09T09:43:42.474545+00:00,15.39,1.39,15.39,1.39,-93.8,437110350.69180506,10346.4,2453.6,-7096.2,0
2026-04-09T09:43:42.883019+00:00,15.39,1.41,15.39,1.41,-91.8,437110350.69180506,10346.2,2450.7,-7096.1,0
2026-04-09T09:43:43.250649+00:00,15.40,1.43,15.4,1.43,-92.8,437110350.69180506,10346.1,2448.1,-7096.0,0
2026-04-09T09:43:43.614846+00:00,15.41,1.45,15.41,1.45,-92.8,437110350.69180506,10345.9,2445.5,-7095.9,0
2026-04-09T09:43:44.027215+00:00,15.41,1.48,15.41,1.48,-94.8,437110350.69180506,10345.8,2442.6,-7095.8,0
2026-04-09T09:43:44.390368+00:00,15.42,1.50,15.42,1.5,-91.8,437110350.69180506,10345.6,2440.0,-7095.7,0
2026-04-09T09:43:44.758729+00:00,15.43,1.52,15.43,1.52,-91.8,437110350.69180506,10345.5,2437.4,-7095.6,0
2026-04-09T09:43:45.166605+00:00,15.44,1.55,15.44,1.55,-88.8,437110350.69180506,10345.3,2434.6,-7095.5,0
2026-04-09T09:43:45.530780+00:00,15.44,1.57,15.44,1.57,-91.8,437110350.69180506,10345.2,2431.9,-7095.4,0
2026-04-09T09:43:45.898961+00:00,15.45,1.59,15.45,1.59,-91.8,437110350.69180506,10345.0,2429.3,-7095.3,0
2026-04-09T09:43:46.305970+00:00,15.46,1.62,15.46,1.62,-89.8,437110350.69180506,10344.8,2426.4,-7095.2,0
2026-04-09T09:43:46.670561+00:00,15.46,1.64,15.46,1.64,-92.8,437110350.69180506,10344.7,2423.9,-7095.1,0
2026-04-09T09:43:47.038354+00:00,15.47,1.66,15.47,1.66,-95.8,437110350.69180506,10344.5,2421.2,-7095.0,0
2026-04-09T09:43:47.446837+00:00,15.48,1.69,15.48,1.69,-92.8,437110350.69180506,10344.4,2418.3,-7094.8,0
2026-04-09T09:43:47.810406+00:00,15.48,1.71,15.48,1.71,-92.8,437110350.69180506,10344.2,2415.8,-7094.7,0
2026-04-09T09:43:48.178612+00:00,15.49,1.74,15.49,1.74,-89.8,437110350.69180506,10344.0,2413.2,-7094.6,0
2026-04-09T09:43:48.587637+00:00,15.50,1.76,15.5,1.76,-92.8,437110350.69180506,10343.8,2410.3,-7094.5,0
2026-04-09T09:43:48.954948+00:00,15.51,1.78,15.51,1.78,-93.8,437110350.69180506,10343.7,2407.7,-7094.4,0
2026-04-09T09:43:49.322535+00:00,15.51,1.81,15.51,1.81,-94.8,437110350.69180506,10343.5,2405.0,-7094.3,0
2026-04-09T09:43:49.730695+00:00,15.52,1.83,15.52,1.83,-95.8,437110350.69180506,10343.3,2402.1,-7094.1,0
2026-04-09T09:43:50.098493+00:00,15.53,1.86,15.53,1.86,-99.8,437110350.69180506,10343.1,2399.5,-7094.0,0
2026-04-09T09:43:50.462828+00:00,15.53,1.88,15.53,1.88,-95.8,437110350.69180506,10342.9,2397.0,-7093.9,0
2026-04-09T09:43:50.871561+00:00,15.54,1.90,15.54,1.9,-92.8,437110350.69180506,10342.7,2394.1,-7093.7,0
2026-04-09T09:43:51.235070+00:00,15.55,1.93,15.55,1.93,-92.8,437110350.69180506,10342.5,2391.5,-7093.6,0
2026-04-09T09:43:51.602801+00:00,15.56,1.95,15.56,1.95,-91.8,437110350.69180506,10342.3,2388.9,-7093.5,0
2026-04-09T09:43:52.010499+00:00,15.56,1.98,15.56,1.98,-95.8,437110350.69180506,10342.1,2386.0,-7093.3,0
2026-04-09T09:43:52.374515+00:00,15.57,2.00,15.57,2.0,-94.8,437110350.69180506,10341.9,2383.4,-7093.2,0
2026-04-09T09:43:52.742808+00:00,15.58,2.02,15.58,2.02,-90.8,437110350.69180506,10341.7,2380.8,-7093.1,0
2026-04-09T09:43:53.150850+00:00,15.59,2.05,15.59,2.05,-92.8,437110350.69180506,10341.5,2377.9,-7092.9,0
2026-04-09T09:43:53.514648+00:00,15.59,2.07,15.59,2.07,-91.8,437110350.69180506,10341.3,2375.3,-7092.8,0
2026-04-09T09:43:53.883149+00:00,15.60,2.10,15.6,2.1,-93.8,437110350.69180506,10341.1,2372.7,-7092.6,0
2026-04-09T09:43:54.290488+00:00,15.61,2.12,15.61,2.12,-95.8,437110350.69180506,10340.9,2369.8,-7092.5,0
2026-04-09T09:43:54.654559+00:00,15.61,2.15,15.61,2.15,-91.8,437110350.69180506,10340.7,2367.2,-7092.3,0
2026-04-09T09:43:55.022413+00:00,15.62,2.17,15.62,2.17,-93.8,437110350.69180506,10340.5,2364.6,-7092.2,0
2026-04-09T09:43:55.430620+00:00,15.63,2.20,15.63,2.2,-93.8,437110350.69180506,10340.2,2361.7,-7092.0,0
2026-04-09T09:43:55.800341+00:00,15.64,2.22,15.64,2.22,-94.8,437110350.69180506,10340.0,2359.1,-7091.9,0
2026-04-09T09:43:56.162603+00:00,15.64,2.24,15.64,2.24,-94.8,437110350.69180506,10339.8,2356.5,-7091.7,0
2026-04-09T09:43:56.570545+00:00,15.65,2.27,15.65,2.27,-93.8,437110350.69180506,10339.5,2353.6,-7091.6,0
2026-04-09T09:43:56.938657+00:00,15.66,2.29,15.66,2.29,-93.8,437110350.69180506,10339.3,2351.0,-7091.4,0
2026-04-09T09:43:57.306546+00:00,15.67,2.32,15.67,2.32,-93.8,437110350.69180506,10339.1,2348.4,-7091.2,0
2026-04-09T09:43:57.711196+00:00,15.67,2.35,15.67,2.35,-89.8,437110350.69180506,10338.8,2345.5,-7091.1,0
2026-04-09T09:43:58.078852+00:00,15.68,2.37,15.68,2.37,-89.8,437110350.69180506,10338.6,2342.9,-7090.9,0
2026-04-09T09:43:58.442514+00:00,15.69,2.39,15.69,2.39,-95.8,437110350.69180506,10338.4,2340.4,-7090.7,0
2026-04-09T09:43:58.850135+00:00,15.70,2.42,15.7,2.42,-92.8,437110350.69180506,10338.1,2337.5,-7090.6,0
2026-04-09T09:43:59.219014+00:00,15.70,2.44,15.7,2.44,-93.8,437110350.69180506,10337.9,2334.9,-7090.4,0
2026-04-09T09:43:59.582711+00:00,15.71,2.47,15.71,2.47,-95.8,437110350.69180506,10337.6,2332.2,-7090.2,0
2026-04-09T09:43:59.990400+00:00,15.72,2.50,15.72,2.5,-93.8,437110350.69180506,10337.3,2329.4,-7090.0,0
2026-04-09T09:44:00.362757+00:00,15.73,2.52,15.73,2.52,-95.8,437110350.69180506,10337.1,2326.8,-7089.9,0
2026-04-09T09:44:00.723118+00:00,15.73,2.54,15.73,2.54,-91.8,437110350.69180506,10336.8,2324.2,-7089.7,0
2026-04-09T09:44:01.130863+00:00,15.74,2.57,15.74,2.57,-91.8,437110350.69180506,10336.6,2321.3,-7089.5,0
2026-04-09T09:44:01.498982+00:00,15.75,2.60,15.75,2.6,-92.8,437110350.69180506,10336.3,2318.7,-7089.3,0
2026-04-09T09:44:01.862531+00:00,15.76,2.62,15.76,2.62,-91.8,437110350.69180506,10336.0,2316.1,-7089.2,0
2026-04-09T09:44:02.270413+00:00,15.76,2.65,15.76,2.65,-92.8,437110350.69180506,10335.8,2313.2,-7089.0,0
2026-04-09T09:44:02.638551+00:00,15.77,2.67,15.77,2.67,-95.8,437110350.69180506,10335.5,2310.6,-7088.8,0
2026-04-09T09:44:03.007572+00:00,15.78,2.70,15.78,2.7,-91.8,437110350.69180506,10335.2,2308.0,-7088.6,0
2026-04-09T09:44:03.410650+00:00,15.79,2.72,15.79,2.72,-94.8,437110350.69180506,10334.9,2305.1,-7088.4,0
2026-04-09T09:44:03.778898+00:00,15.79,2.75,15.79,2.75,-92.8,437110350.69180506,10334.6,2302.5,-7088.2,0
2026-04-09T09:44:04.146517+00:00,15.80,2.77,15.8,2.77,-92.8,437110350.69180506,10334.4,2299.9,-7088.0,0
2026-04-09T09:44:04.554528+00:00,15.81,2.80,15.81,2.8,-94.8,437110350.69180506,10334.1,2297.0,-7087.8,0
2026-04-09T09:44:04.918627+00:00,15.82,2.83,15.82,2.83,-92.8,437110350.69180506,10333.8,2294.5,-7087.6,0
2026-04-09T09:44:05.286409+00:00,15.82,2.85,15.82,2.85,-91.8,437110350.69180506,10333.5,2291.8,-7087.4,0
2026-04-09T09:44:05.695155+00:00,15.83,2.88,15.83,2.88,-93.8,437110350.69180506,10333.2,2288.9,-7087.2,0
2026-04-09T09:44:06.062557+00:00,15.84,2.90,15.84,2.9,-94.8,437110350.69180506,10332.9,2286.3,-7087.0,0
2026-04-09T09:44:06.426978+00:00,15.85,2.93,15.85,2.93,-94.8,437110350.69180506,10332.6,2283.8,-7086.8,0
2026-04-09T09:44:06.838338+00:00,15.86,2.96,15.86,2.96,-93.8,437110350.69180506,10332.3,2280.9,-7086.6,0
2026-04-09T09:44:07.206963+00:00,15.86,2.98,15.86,2.98,-94.8,437110350.69180506,10332.0,2278.2,-7086.3,0
2026-04-09T09:44:07.570625+00:00,15.87,3.01,15.87,3.01,-93.8,437110350.69180506,10331.7,2275.6,-7086.1,0
2026-04-09T09:44:07.978170+00:00,15.88,3.04,15.88,3.04,-94.8,437110350.69180506,10331.3,2272.8,-7085.9,0
2026-04-09T09:44:08.346545+00:00,15.89,3.06,15.89,3.06,-94.8,437110350.69180506,10331.0,2270.2,-7085.7,0
2026-04-09T09:44:08.716220+00:00,15.89,3.09,15.89,3.09,-92.8,437110350.69180506,10330.7,2267.5,-7085.5,0
2026-04-09T09:44:09.123587+00:00,15.90,3.11,15.9,3.11,-89.8,437110350.69180506,10330.3,2264.7,-7085.2,0
2026-04-09T09:44:09.486761+00:00,15.91,3.14,15.91,3.14,-92.8,437110350.69180506,10330.0,2262.1,-7085.0,0
2026-04-09T09:44:09.855037+00:00,15.92,3.17,15.92,3.17,-93.8,437110350.69180506,10329.7,2259.5,-7084.8,0
2026-04-09T09:44:10.262423+00:00,15.93,3.19,15.93,3.19,-92.8,437110350.69180506,10329.4,2256.6,-7084.6,0
2026-04-09T09:44:10.630687+00:00,15.93,3.22,15.93,3.22,-89.8,437110350.69180506,10329.0,2254.0,-7084.3,0
2026-04-09T09:44:10.994540+00:00,15.94,3.24,15.94,3.24,-94.8,437110350.69180506,10328.7,2251.4,-7084.1,0
2026-04-09T09:44:11.403016+00:00,15.95,3.27,15.95,3.27,-95.8,437110350.69180506,10328.3,2248.5,-7083.9,0
2026-04-09T09:44:11.770629+00:00,15.96,3.30,15.96,3.3,-93.8,437110350.69180506,10328.0,2245.9,-7083.6,0
2026-04-09T09:44:12.134942+00:00,15.97,3.32,15.97,3.32,-91.8,437110350.69180506,10327.7,2243.3,-7083.4,0
2026-04-09T09:44:12.543055+00:00,15.97,3.35,15.97,3.35,-95.8,437110350.69180506,10327.3,2240.4,-7083.1,0
2026-04-09T09:44:12.909711+00:00,15.98,3.38,15.98,3.38,-91.8,437110350.69180506,10326.9,2237.8,-7082.9,0
2026-04-09T09:44:13.278570+00:00,15.99,3.40,15.99,3.4,-93.8,437110350.69180506,10326.6,2235.2,-7082.7,0
2026-04-09T09:44:13.686586+00:00,16.00,3.43,16.0,3.43,-92.8,437110350.69180506,10326.2,2232.3,-7082.4,0
2026-04-09T09:44:14.050560+00:00,16.01,3.46,16.01,3.46,-92.8,437110350.69180506,10325.8,2229.8,-7082.2,0
2026-04-09T09:44:14.418313+00:00,16.01,3.49,16.01,3.49,-91.8,437110350.69180506,10325.5,2227.1,-7081.9,0
2026-04-09T09:44:14.826334+00:00,16.02,3.51,16.02,3.51,-92.8,437110350.69180506,10325.1,2224.3,-7081.6,0
2026-04-09T09:44:15.190678+00:00,16.03,3.54,16.03,3.54,-94.8,437110350.69180506,10324.7,2221.6,-7081.4,0
2026-04-09T09:44:15.558520+00:00,16.04,3.57,16.04,3.57,-93.8,437110350.69180506,10324.4,2219.1,-7081.1,0
2026-04-09T09:44:15.966867+00:00,16.05,3.60,16.05,3.6,-92.8,437110350.69180506,10323.9,2216.2,-7080.8,0
2026-04-09T09:44:16.335356+00:00,16.05,3.62,16.05,3.62,-89.8,437110350.69180506,10323.6,2213.6,-7080.6,0
2026-04-09T09:44:16.698749+00:00,16.06,3.65,16.06,3.65,-95.8,437110350.69180506,10323.2,2211.0,-7080.3,0
2026-04-09T09:44:17.107054+00:00,16.07,3.68,16.07,3.68,-92.8,437110350.69180506,10322.8,2208.1,-7080.0,0
2026-04-09T09:44:17.470900+00:00,16.08,3.70,16.08,3.7,-94.8,437110350.69180506,10322.4,2205.5,-7079.8,0
2026-04-09T09:44:17.838342+00:00,16.09,3.73,16.09,3.73,-91.8,437110350.69180506,10322.0,2202.9,-7079.5,0
2026-04-09T09:44:18.246268+00:00,16.10,3.76,16.1,3.76,-97.8,437110350.69180506,10321.6,2200.0,-7079.2,0
2026-04-09T09:44:18.615921+00:00,16.10,3.79,16.1,3.79,-93.8,437110350.69180506,10321.2,2197.4,-7079.0,0
2026-04-09T09:44:18.978826+00:00,16.11,3.81,16.11,3.81,-95.8,437110350.69180506,10320.8,2194.9,-7078.7,0
2026-04-09T09:44:19.388261+00:00,16.12,3.84,16.12,3.84,-95.8,437110350.69180506,10320.3,2192.0,-7078.4,0
2026-04-09T09:44:19.754449+00:00,16.13,3.87,16.13,3.87,-96.8,437110350.69180506,10319.9,2189.4,-7078.1,0
2026-04-09T09:44:20.118888+00:00,16.14,3.90,16.14,3.9,-95.8,437110350.69180506,10319.5,2186.8,-7077.8,0
2026-04-09T09:44:20.526620+00:00,16.15,3.93,16.15,3.93,-95.8,437110350.69180506,10319.1,2183.9,-7077.5,0
2026-04-09T09:44:20.894485+00:00,16.15,3.95,16.15,3.95,-91.8,437110350.69180506,10318.7,2181.3,-7077.2,0
2026-04-09T09:44:21.267792+00:00,16.16,3.98,16.16,3.98,-92.8,437110350.69180506,10318.3,2178.7,-7076.9,0
2026-04-09T09:44:21.671997+00:00,16.17,4.01,16.17,4.01,-94.8,437110350.69180506,10317.8,2175.8,-7076.6,0
2026-04-09T09:44:22.034818+00:00,16.18,4.04,16.18,4.04,-95.8,437110350.69180506,10317.4,2173.2,-7076.3,0
2026-04-09T09:44:22.402872+00:00,16.19,4.06,16.19,4.06,-89.8,437110350.69180506,10316.9,2170.6,-7076.0,0
2026-04-09T09:44:22.809691+00:00,16.20,4.09,16.2,4.09,-93.8,437110350.69180506,10316.5,2167.8,-7075.7,0
2026-04-09T09:44:23.173475+00:00,16.20,4.12,16.2,4.12,-94.8,437110350.69180506,10316.0,2165.2,-7075.4,0
2026-04-09T09:44:23.537488+00:00,16.21,4.15,16.21,4.15,-95.8,437110350.69180506,10315.6,2162.6,-7075.1,0
2026-04-09T09:44:23.941478+00:00,16.22,4.18,16.22,4.18,-90.8,437110350.69180506,10315.1,2159.7,-7074.8,0
2026-04-09T09:44:24.305488+00:00,16.23,4.20,16.23,4.2,-93.8,437110350.69180506,10314.7,2157.2,-7074.5,0
2026-04-09T09:44:24.669477+00:00,16.24,4.23,16.24,4.23,-92.8,437110350.69180506,10314.2,2154.6,-7074.2,0
2026-04-09T09:44:25.073497+00:00,16.25,4.26,16.25,4.26,-91.8,437110350.69180506,10313.7,2151.7,-7073.9,0
2026-04-09T09:44:25.437487+00:00,16.25,4.29,16.25,4.29,-95.8,437110350.69180506,10313.3,2149.1,-7073.5,0
2026-04-09T09:44:25.801475+00:00,16.26,4.31,16.26,4.31,-91.8,437110350.69180506,10312.8,2146.6,-7073.2,0
2026-04-09T09:44:26.205468+00:00,16.27,4.35,16.27,4.35,-95.8,437110350.69180506,10312.3,2143.7,-7072.9,0
2026-04-09T09:44:26.570815+00:00,16.28,4.37,16.28,4.37,-89.8,437110350.69180506,10311.9,2141.1,-7072.6,0
2026-04-09T09:44:26.933525+00:00,16.29,4.40,16.29,4.4,-95.8,437110350.69180506,10311.4,2138.6,-7072.3,0
2026-04-09T09:44:27.337476+00:00,16.30,4.43,16.3,4.43,-96.8,437110350.69180506,10310.9,2135.7,-7071.9,0
2026-04-09T09:44:27.701539+00:00,16.31,4.46,16.31,4.46,-94.8,437110350.69180506,10310.4,2133.1,-7071.6,0
2026-04-09T09:44:28.066136+00:00,16.31,4.49,16.31,4.49,-92.8,437110350.69180506,10309.9,2130.6,-7071.2,0
2026-04-09T09:44:28.474530+00:00,16.32,4.52,16.32,4.52,-95.8,437110350.69180506,10309.4,2127.7,-7070.9,0
2026-04-09T09:44:28.842878+00:00,16.33,4.54,16.33,4.54,-93.8,437110350.69180506,10308.9,2125.1,-7070.5,0
2026-04-09T09:44:29.206804+00:00,16.34,4.57,16.34,4.57,-99.8,437110350.69180506,10308.4,2122.5,-7070.2,0
2026-04-09T09:44:29.614069+00:00,16.35,4.60,16.35,4.6,-98.8,437110350.69180506,10307.9,2119.6,-7069.8,0
2026-04-09T09:44:29.982811+00:00,16.36,4.63,16.36,4.63,-94.8,437110350.69180506,10307.4,2117.0,-7069.5,0
2026-04-09T09:44:30.346875+00:00,16.37,4.66,16.37,4.66,-96.8,437110350.69180506,10306.9,2114.4,-7069.2,0
2026-04-09T09:44:30.753520+00:00,16.38,4.69,16.38,4.69,-92.8,437110350.69180506,10306.3,2111.5,-7068.8,0
2026-04-09T09:44:31.117468+00:00,16.38,4.72,16.38,4.72,-91.8,437110350.69180506,10305.8,2109.0,-7068.4,0
2026-04-09T09:44:31.481466+00:00,16.39,4.75,16.39,4.75,-93.8,437110350.69180506,10305.3,2106.4,-7068.1,0
2026-04-09T09:44:31.885487+00:00,16.40,4.78,16.4,4.78,-92.8,437110350.69180506,10304.7,2103.5,-7067.7,0
2026-04-09T09:44:32.249478+00:00,16.41,4.80,16.41,4.8,-89.8,437110350.69180506,10304.2,2101.0,-7067.3,0
2026-04-09T09:44:32.613489+00:00,16.42,4.83,16.42,4.83,-91.8,437110350.69180506,10303.7,2098.4,-7067.0,0
2026-04-09T09:44:33.017967+00:00,16.43,4.86,16.43,4.86,-95.8,437110350.69180506,10303.1,2095.6,-7066.6,0
2026-04-09T09:44:33.381473+00:00,16.44,4.89,16.44,4.89,-93.8,437110350.69180506,10302.6,2093.0,-7066.2,0
2026-04-09T09:44:33.745478+00:00,16.45,4.92,16.45,4.92,-93.8,437110350.69180506,10302.1,2090.4,-7065.8,0
2026-04-09T09:44:34.149525+00:00,16.46,4.95,16.46,4.95,-91.8,437110350.69180506,10301.5,2087.6,-7065.4,0
2026-04-09T09:44:34.513495+00:00,16.46,4.98,16.46,4.98,-94.8,437110350.69180506,10300.9,2085.0,-7065.1,0
2026-04-09T09:44:34.937491+00:00,16.47,5.01,16.47,5.01,-94.8,437110300.60194594,10300.3,2082.0,-7064.6,0
2026-04-09T09:44:35.341491+00:00,16.48,5.04,16.48,5.04,-95.8,437110300.60194594,10299.7,2079.1,-7064.2,0
2026-04-09T09:44:35.706552+00:00,16.49,5.07,16.49,5.07,-95.8,437110300.60194594,10299.1,2076.6,-7063.8,0
2026-04-09T09:44:36.071161+00:00,16.50,5.10,16.5,5.1,-96.8,437110300.60194594,10298.6,2074.0,-7063.5,0
2026-04-09T09:44:36.482519+00:00,16.51,5.13,16.51,5.13,-94.8,437110300.60194594,10298.0,2071.1,-7063.0,0
2026-04-09T09:44:36.855062+00:00,16.52,5.16,16.52,5.16,-95.8,437110300.60194594,10297.4,2068.5,-7062.6,0
2026-04-09T09:44:37.209636+00:00,16.53,5.19,16.53,5.19,-95.8,437110300.60194594,10296.8,2065.9,-7062.3,0
2026-04-09T09:44:37.617487+00:00,16.54,5.22,16.54,5.22,-97.8,437110300.60194594,10296.2,2063.1,-7061.8,0
2026-04-09T09:44:37.981489+00:00,16.55,5.25,16.55,5.25,-91.8,437110300.60194594,10295.6,2060.5,-7061.4,0
2026-04-09T09:44:38.346421+00:00,16.56,5.28,16.56,5.28,-92.8,437110300.60194594,10295.0,2057.9,-7061.0,0
2026-04-09T09:44:38.749649+00:00,16.57,5.31,16.57,5.31,-91.8,437110300.60194594,10294.4,2055.0,-7060.6,0
2026-04-09T09:44:39.113485+00:00,16.57,5.34,16.57,5.34,-93.8,437110300.60194594,10293.8,2052.5,-7060.2,0
2026-04-09T09:44:39.477483+00:00,16.58,5.37,16.58,5.37,-93.8,437110300.60194594,10293.2,2049.9,-7059.8,0
2026-04-09T09:44:39.881766+00:00,16.59,5.40,16.59,5.4,-91.8,437110300.60194594,10292.5,2047.0,-7059.3,0
2026-04-09T09:44:40.250680+00:00,16.60,5.43,16.6,5.43,-96.8,437110300.60194594,10291.9,2044.5,-7058.9,0
2026-04-09T09:44:40.609511+00:00,16.61,5.46,16.61,5.46,-95.8,437110300.60194594,10291.3,2041.9,-7058.5,0
2026-04-09T09:44:41.013483+00:00,16.62,5.49,16.62,5.49,-91.8,437110300.60194594,10290.7,2039.1,-7058.0,0
2026-04-09T09:44:41.377480+00:00,16.63,5.52,16.63,5.52,-94.8,437110300.60194594,10290.1,2036.5,-7057.6,0
2026-04-09T09:44:41.746836+00:00,16.64,5.55,16.64,5.55,-97.8,437110300.60194594,10289.4,2033.9,-7057.2,0
2026-04-09T09:44:42.155976+00:00,16.65,5.58,16.65,5.58,-91.8,437110300.60194594,10288.7,2031.1,-7056.7,0
2026-04-09T09:44:42.517915+00:00,16.66,5.61,16.66,5.61,-93.8,437110300.60194594,10288.1,2028.5,-7056.3,0
2026-04-09T09:44:42.881552+00:00,16.67,5.64,16.67,5.64,-91.8,437110300.60194594,10287.5,2025.9,-7055.8,0
2026-04-09T09:44:43.289478+00:00,16.68,5.68,16.68,5.68,-95.8,437110300.60194594,10286.8,2023.0,-7055.4,0
2026-04-09T09:44:43.649470+00:00,16.69,5.71,16.69,5.71,-91.8,437110300.60194594,10286.1,2020.5,-7054.9,0
2026-04-09T09:44:44.018603+00:00,16.70,5.74,16.7,5.74,-93.8,437110300.60194594,10285.5,2017.9,-7054.5,0
2026-04-09T09:44:44.421469+00:00,16.71,5.77,16.71,5.77,-93.8,437110300.60194594,10284.8,2015.0,-7054.0,0
2026-04-09T09:44:44.785504+00:00,16.72,5.80,16.72,5.8,-94.8,437110300.60194594,10284.1,2012.5,-7053.5,0
2026-04-09T09:44:45.150598+00:00,16.72,5.83,16.72,5.83,-91.8,437110300.60194594,10283.5,2009.9,-7053.1,0
2026-04-09T09:44:45.553479+00:00,16.73,5.86,16.73,5.86,-91.8,437110300.60194594,10282.7,2007.0,-7052.6,0
2026-04-09T09:44:45.913489+00:00,16.74,5.89,16.74,5.89,-93.8,437110300.60194594,10282.1,2004.5,-7052.1,0
2026-04-09T09:44:46.278735+00:00,16.75,5.92,16.75,5.92,-91.8,437110300.60194594,10281.4,2001.9,-7051.7,0
2026-04-09T09:44:46.685502+00:00,16.76,5.95,16.76,5.95,-95.8,437110300.60194594,10280.7,1999.1,-7051.2,0
2026-04-09T09:44:47.053182+00:00,16.77,5.98,16.77,5.98,-91.8,437110300.60194594,10280.0,1996.5,-7050.7,0
2026-04-09T09:44:47.413487+00:00,16.78,6.02,16.78,6.02,-91.8,437110300.60194594,10279.3,1993.9,-7050.2,0
2026-04-09T09:44:47.825745+00:00,16.79,6.05,16.79,6.05,-97.8,437110300.60194594,10278.5,1991.1,-7049.7,0
2026-04-09T09:44:48.185562+00:00,16.80,6.08,16.8,6.08,-93.8,437110300.60194594,10277.8,1988.5,-7049.2,0
2026-04-09T09:44:48.551490+00:00,16.81,6.11,16.81,6.11,-90.8,437110300.60194594,10277.1,1985.9,-7048.8,0
2026-04-09T09:44:48.953497+00:00,16.82,6.14,16.82,6.14,-91.8,437110300.60194594,10276.4,1983.1,-7048.2,0
2026-04-09T09:44:49.317479+00:00,16.83,6.17,16.83,6.17,-92.8,437110300.60194594,10275.7,1980.5,-7047.7,0
2026-04-09T09:44:49.681699+00:00,16.84,6.20,16.84,6.2,-91.8,437110300.60194594,10274.9,1977.9,-7047.2,0
2026-04-09T09:44:50.085493+00:00,16.85,6.24,16.85,6.24,-95.8,437110300.60194594,10274.2,1975.1,-7046.7,0
2026-04-09T09:44:50.449486+00:00,16.86,6.27,16.86,6.27,-93.8,437110300.60194594,10273.4,1972.5,-7046.2,0
2026-04-09T09:44:50.813500+00:00,16.87,6.30,16.87,6.3,-93.8,437110300.60194594,10272.7,1969.9,-7045.7,0
2026-04-09T09:44:51.217634+00:00,16.88,6.33,16.88,6.33,-97.8,437110300.60194594,10271.9,1967.1,-7045.2,0
2026-04-09T09:44:51.581615+00:00,16.89,6.36,16.89,6.36,-93.8,437110300.60194594,10271.2,1964.5,-7044.7,0
2026-04-09T09:44:51.945478+00:00,16.90,6.39,16.9,6.39,-95.8,437110300.60194594,10270.4,1962.0,-7044.1,0
2026-04-09T09:44:52.353494+00:00,16.91,6.43,16.91,6.43,-94.8,437110300.60194594,10269.6,1959.1,-7043.6,0
2026-04-09T09:44:52.718592+00:00,16.92,6.46,16.92,6.46,-92.8,437110300.60194594,10268.9,1956.6,-7043.1,0
2026-04-09T09:44:53.082530+00:00,16.93,6.49,16.93,6.49,-94.8,437110300.60194594,10268.1,1954.0,-7042.6,0
2026-04-09T09:44:53.491558+00:00,16.94,6.52,16.94,6.52,-95.8,437110300.60194594,10267.3,1951.1,-7042.0,0
2026-04-09T09:44:53.854906+00:00,16.95,6.56,16.95,6.56,-90.8,437110300.60194594,10266.5,1948.6,-7041.4,0
2026-04-09T09:44:54.222627+00:00,16.96,6.59,16.96,6.59,-91.8,437110300.60194594,10265.7,1946.0,-7040.9,0
2026-04-09T09:44:54.630868+00:00,16.97,6.62,16.97,6.62,-97.8,437110300.60194594,10264.8,1943.1,-7040.3,0
2026-04-09T09:44:54.994838+00:00,16.98,6.65,16.98,6.65,-94.8,437110300.60194594,10264.1,1940.5,-7039.8,0
2026-04-09T09:44:55.362813+00:00,16.99,6.68,16.99,6.68,-95.8,437110300.60194594,10263.3,1937.9,-7039.2,0
2026-04-09T09:44:55.769951+00:00,17.00,6.72,17.0,6.72,-90.8,437110300.60194594,10262.4,1935.1,-7038.6,0
2026-04-09T09:44:56.133484+00:00,17.01,6.75,17.01,6.75,-94.8,437110300.60194594,10261.6,1932.5,-7038.1,0
2026-04-09T09:44:56.497465+00:00,17.02,6.78,17.02,6.78,-97.8,437110300.60194594,10260.8,1929.9,-7037.5,0
2026-04-09T09:44:56.901471+00:00,17.03,6.82,17.03,6.82,-90.8,437110300.60194594,10259.9,1927.1,-7036.9,0
2026-04-09T09:44:57.269192+00:00,17.04,6.85,17.04,6.85,-95.8,437110300.60194594,10259.1,1924.5,-7036.4,0
2026-04-09T09:44:57.625482+00:00,17.05,6.88,17.05,6.88,-94.8,437110300.60194594,10258.3,1922.0,-7035.8,0
2026-04-09T09:44:58.032028+00:00,17.06,6.92,17.06,6.92,-96.8,437110300.60194594,10257.4,1919.1,-7035.2,0
2026-04-09T09:44:58.397527+00:00,17.07,6.95,17.07,6.95,-93.8,437110300.60194594,10256.6,1916.6,-7034.6,0
2026-04-09T09:44:58.761493+00:00,17.08,6.98,17.08,6.98,-91.8,437110300.60194594,10255.7,1914.0,-7034.1,0
2026-04-09T09:44:59.165469+00:00,17.09,7.02,17.09,7.02,-93.8,437110300.60194594,10254.8,1911.2,-7033.4,0
2026-04-09T09:44:59.530085+00:00,17.10,7.05,17.1,7.05,-94.8,437110300.60194594,10254.0,1908.6,-7032.9,0
2026-04-09T09:44:59.893758+00:00,17.11,7.08,17.11,7.08,-93.8,437110300.60194594,10253.1,1906.1,-7032.3,0
2026-04-09T09:45:00.297586+00:00,17.13,7.11,17.13,7.11,-95.8,437110300.60194594,10252.2,1903.2,-7031.6,0
2026-04-09T09:45:00.661497+00:00,17.14,7.15,17.14,7.15,-93.8,437110300.60194594,10251.3,1900.7,-7031.0,0
2026-04-09T09:45:01.026520+00:00,17.15,7.18,17.15,7.18,-92.8,437110300.60194594,10250.4,1898.1,-7030.4,0
2026-04-09T09:45:01.498542+00:00,17.16,7.21,17.16,7.21,-95.8,437110249.47980547,10249.5,1895.2,-7029.8,0
2026-04-09T09:45:01.862321+00:00,17.17,7.25,17.17,7.25,-93.8,437110249.47980547,10248.5,1892.2,-7029.1,0
2026-04-09T09:45:02.230993+00:00,17.18,7.29,17.18,7.29,-95.8,437110249.47980547,10247.6,1889.6,-7028.5,0
2026-04-09T09:45:02.638902+00:00,17.19,7.32,17.19,7.32,-95.8,437110249.47980547,10246.6,1886.8,-7027.8,0
2026-04-09T09:45:03.002844+00:00,17.20,7.35,17.2,7.35,-100.8,437110249.47980547,10245.7,1884.2,-7027.2,0
2026-04-09T09:45:03.370534+00:00,17.21,7.39,17.21,7.39,-98.8,437110249.47980547,10244.8,1881.6,-7026.6,0
2026-04-09T09:45:03.778837+00:00,17.22,7.42,17.22,7.42,-100.8,437110249.47980547,10243.8,1878.8,-7025.9,0
2026-04-09T09:45:04.145139+00:00,17.23,7.46,17.23,7.46,-95.8,437110249.47980547,10242.9,1876.2,-7025.2,0
2026-04-09T09:45:04.510026+00:00,17.25,7.49,17.25,7.49,-94.8,437110249.47980547,10241.9,1873.6,-7024.6,0
2026-04-09T09:45:04.918535+00:00,17.26,7.53,17.26,7.53,-94.8,437110249.47980547,10240.9,1870.7,-7023.9,0
2026-04-09T09:45:05.286975+00:00,17.27,7.56,17.27,7.56,-97.8,437110249.47980547,10240.0,1868.2,-7023.3,0
2026-04-09T09:45:05.655725+00:00,17.28,7.59,17.28,7.59,-95.8,437110249.47980547,10239.0,1865.6,-7022.6,0
2026-04-09T09:45:06.062524+00:00,17.29,7.63,17.29,7.63,-95.8,437110249.47980547,10238.0,1862.7,-7021.9,0
2026-04-09T09:45:06.426395+00:00,17.30,7.66,17.3,7.66,-96.8,437110249.47980547,10237.0,1860.2,-7021.3,0
2026-04-09T09:45:06.794598+00:00,17.31,7.70,17.31,7.7,-94.8,437110249.47980547,10236.1,1857.6,-7020.6,0
2026-04-09T09:45:07.202464+00:00,17.32,7.73,17.32,7.73,-93.8,437110249.47980547,10235.0,1854.7,-7019.9,0
2026-04-09T09:45:07.566543+00:00,17.33,7.77,17.33,7.77,-93.8,437110249.47980547,10234.1,1852.1,-7019.2,0
2026-04-09T09:45:07.933989+00:00,17.34,7.80,17.34,7.8,-96.8,437110249.47980547,10233.1,1849.6,-7018.5,0
2026-04-09T09:45:08.337493+00:00,17.36,7.84,17.36,7.84,-92.8,437110249.47980547,10232.0,1846.7,-7017.8,0
2026-04-09T09:45:08.701468+00:00,17.37,7.87,17.37,7.87,-94.8,437110249.47980547,10231.0,1844.2,-7017.1,0
2026-04-09T09:45:09.061460+00:00,17.38,7.90,17.38,7.9,-95.8,437110249.47980547,10230.0,1841.6,-7016.5,0
2026-04-09T09:45:09.465510+00:00,17.39,7.94,17.39,7.94,-94.8,437110249.47980547,10228.9,1838.8,-7015.7,0
2026-04-09T09:45:09.829471+00:00,17.40,7.98,17.4,7.98,-94.8,437110249.47980547,10228.0,1836.2,-7015.0,0
2026-04-09T09:45:10.193469+00:00,17.41,8.01,17.41,8.01,-92.8,437110249.47980547,10227.0,1833.7,-7014.3,0
2026-04-09T09:45:10.597471+00:00,17.42,8.05,17.42,8.05,-93.8,437110249.47980547,10225.8,1830.9,-7013.6,0
2026-04-09T09:45:10.961477+00:00,17.43,8.08,17.43,8.08,-95.8,437110249.47980547,10224.8,1828.3,-7012.9,0
2026-04-09T09:45:11.325483+00:00,17.45,8.11,17.45,8.11,-91.8,437110249.47980547,10223.8,1825.8,-7012.2,0
2026-04-09T09:45:11.729571+00:00,17.46,8.15,17.46,8.15,-94.8,437110249.47980547,10222.7,1822.9,-7011.4,0
2026-04-09T09:45:12.093625+00:00,17.47,8.19,17.47,8.19,-93.8,437110249.47980547,10221.6,1820.4,-7010.7,0
2026-04-09T09:45:12.457495+00:00,17.48,8.22,17.48,8.22,-93.8,437110249.47980547,10220.6,1817.8,-7010.0,0
2026-04-09T09:45:12.862856+00:00,17.49,8.26,17.49,8.26,-92.8,437110249.47980547,10219.4,1815.0,-7009.2,0
2026-04-09T09:45:13.231048+00:00,17.50,8.29,17.5,8.29,-94.8,437110249.47980547,10218.4,1812.4,-7008.4,0
2026-04-09T09:45:13.594706+00:00,17.51,8.33,17.51,8.33,-93.8,437110249.47980547,10217.3,1809.8,-7007.7,0
2026-04-09T09:45:14.007494+00:00,17.53,8.37,17.53,8.37,-92.8,437110249.47980547,10216.1,1807.0,-7006.9,0
2026-04-09T09:45:14.370810+00:00,17.54,8.40,17.54,8.4,-95.8,437110249.47980547,10215.0,1804.4,-7006.2,0
2026-04-09T09:45:14.739862+00:00,17.55,8.43,17.55,8.43,-95.8,437110249.47980547,10214.0,1801.9,-7005.4,0
2026-04-09T09:45:15.147874+00:00,17.56,8.47,17.56,8.47,-94.8,437110249.47980547,10212.7,1799.0,-7004.6,0
2026-04-09T09:45:15.509493+00:00,17.57,8.51,17.57,8.51,-94.8,437110249.47980547,10211.6,1796.5,-7003.8,0
2026-04-09T09:45:15.873465+00:00,17.58,8.54,17.58,8.54,-94.8,437110249.47980547,10210.5,1793.9,-7003.1,0
2026-04-09T09:45:16.278162+00:00,17.60,8.58,17.6,8.58,-94.8,437110249.47980547,10209.3,1791.1,-7002.2,0
2026-04-09T09:45:16.641486+00:00,17.61,8.62,17.61,8.62,-97.8,437110249.47980547,10208.2,1788.5,-7001.5,0
2026-04-09T09:45:17.005484+00:00,17.62,8.65,17.62,8.65,-92.8,437110249.47980547,10207.1,1786.0,-7000.7,0
2026-04-09T09:45:17.409468+00:00,17.63,8.69,17.63,8.69,-95.8,437110249.47980547,10205.8,1783.1,-6999.9,0
2026-04-09T09:45:17.778125+00:00,17.64,8.73,17.64,8.73,-94.8,437110249.47980547,10204.7,1780.6,-6999.1,0
2026-04-09T09:45:18.137494+00:00,17.65,8.76,17.65,8.76,-95.8,437110249.47980547,10203.6,1778.0,-6998.3,0
2026-04-09T09:45:18.541929+00:00,17.67,8.80,17.67,8.8,-93.8,437110249.47980547,10202.3,1775.2,-6997.4,0
2026-04-09T09:45:18.905571+00:00,17.68,8.84,17.68,8.84,-98.8,437110249.47980547,10201.1,1772.6,-6996.6,0
2026-04-09T09:45:19.270104+00:00,17.69,8.87,17.69,8.87,-95.8,437110249.47980547,10200.0,1770.1,-6995.8,0
2026-04-09T09:45:19.737664+00:00,17.70,8.91,17.7,8.91,-95.8,437110198.6837234,10198.7,1767.3,-6994.9,0
2026-04-09T09:45:20.101477+00:00,17.72,8.95,17.72,8.95,-95.8,437110198.6837234,10197.3,1764.3,-6994.0,0
2026-04-09T09:45:20.466852+00:00,17.73,8.99,17.73,8.99,-95.8,437110198.6837234,10196.1,1761.8,-6993.2,0
2026-04-09T09:45:20.874359+00:00,17.74,9.03,17.74,9.03,-97.8,437110198.6837234,10194.8,1758.9,-6992.3,0
2026-04-09T09:45:21.242666+00:00,17.75,9.06,17.75,9.06,-95.8,437110198.6837234,10193.6,1756.3,-6991.4,0
2026-04-09T09:45:21.610876+00:00,17.77,9.10,17.77,9.1,-95.8,437110198.6837234,10192.4,1753.8,-6990.6,0
2026-04-09T09:45:22.019674+00:00,17.78,9.14,17.78,9.14,-97.8,437110198.6837234,10191.0,1750.9,-6989.7,0
2026-04-09T09:45:22.382516+00:00,17.79,9.18,17.79,9.18,-91.8,437110198.6837234,10189.8,1748.4,-6988.8,0
2026-04-09T09:45:22.749363+00:00,17.80,9.21,17.8,9.21,-94.8,437110198.6837234,10188.6,1745.8,-6988.0,0
2026-04-09T09:45:23.153559+00:00,17.82,9.25,17.82,9.25,-97.8,437110198.6837234,10187.2,1742.9,-6987.1,0
2026-04-09T09:45:23.517664+00:00,17.83,9.29,17.83,9.29,-94.8,437110198.6837234,10185.9,1740.4,-6986.2,0
2026-04-09T09:45:23.881538+00:00,17.84,9.33,17.84,9.33,-101.8,437110198.6837234,10184.7,1737.9,-6985.3,0
2026-04-09T09:45:24.285486+00:00,17.85,9.37,17.85,9.37,-95.8,437110198.6837234,10183.3,1735.0,-6984.4,0
2026-04-09T09:45:24.649488+00:00,17.87,9.40,17.87,9.4,-93.8,437110198.6837234,10182.0,1732.5,-6983.5,0
2026-04-09T09:45:25.013482+00:00,17.88,9.44,17.88,9.44,-91.8,437110198.6837234,10180.8,1730.0,-6982.7,0
2026-04-09T09:45:25.417639+00:00,17.89,9.48,17.89,9.48,-97.8,437110198.6837234,10179.3,1727.1,-6981.7,0
2026-04-09T09:45:25.782273+00:00,17.90,9.52,17.9,9.52,-97.8,437110198.6837234,10178.1,1724.6,-6980.8,0
2026-04-09T09:45:26.145562+00:00,17.92,9.55,17.92,9.55,-95.8,437110198.6837234,10176.8,1722.1,-6979.9,0
2026-04-09T09:45:26.549480+00:00,17.93,9.59,17.93,9.59,-95.8,437110198.6837234,10175.3,1719.2,-6978.9,0
2026-04-09T09:45:26.913472+00:00,17.94,9.63,17.94,9.63,-97.8,437110198.6837234,10174.0,1716.7,-6978.0,0
2026-04-09T09:45:27.277590+00:00,17.95,9.67,17.95,9.67,-97.8,437110198.6837234,10172.7,1714.2,-6977.1,0
2026-04-09T09:45:27.681634+00:00,17.97,9.71,17.97,9.71,-96.8,437110198.6837234,10171.2,1711.3,-6976.1,0
2026-04-09T09:45:28.055272+00:00,17.98,9.75,17.98,9.75,-99.8,437110198.6837234,10169.9,1708.8,-6975.2,0
2026-04-09T09:45:28.415075+00:00,17.99,9.78,17.99,9.78,-91.8,437110198.6837234,10168.6,1706.3,-6974.3,0
2026-04-09T09:45:28.827084+00:00,18.01,9.83,18.01,9.83,-93.8,437110198.6837234,10167.0,1703.4,-6973.2,0
2026-04-09T09:45:29.190973+00:00,18.02,9.86,18.02,9.86,-95.8,437110198.6837234,10165.7,1700.8,-6972.3,0
2026-04-09T09:45:29.558866+00:00,18.03,9.90,18.03,9.9,-89.8,437110198.6837234,10164.3,1698.3,-6971.4,0
2026-04-09T09:45:29.966455+00:00,18.05,9.94,18.05,9.94,-95.8,437110198.6837234,10162.8,1695.4,-6970.3,0
2026-04-09T09:45:30.330545+00:00,18.06,9.98,18.06,9.98,-98.8,437110198.6837234,10161.4,1692.9,-6969.4,0
2026-04-09T09:45:30.698460+00:00,18.07,10.02,18.07,10.02,-95.8,437110198.6837234,10160.0,1690.3,-6968.4,0
2026-04-09T09:45:31.106543+00:00,18.08,10.06,18.08,10.06,-95.8,437110198.6837234,10158.4,1687.5,-6967.3,0
2026-04-09T09:45:31.474350+00:00,18.10,10.10,18.1,10.1,-93.8,437110198.6837234,10157.0,1684.9,-6966.3,0
2026-04-09T09:45:31.837984+00:00,18.11,10.14,18.11,10.14,-93.8,437110198.6837234,10155.6,1682.4,-6965.4,0
2026-04-09T09:45:32.246916+00:00,18.12,10.18,18.12,10.18,-95.8,437110198.6837234,10154.0,1679.5,-6964.3,0
2026-04-09T09:45:32.614915+00:00,18.14,10.22,18.14,10.22,-94.8,437110198.6837234,10152.5,1677.0,-6963.3,0
2026-04-09T09:45:32.977477+00:00,18.15,10.26,18.15,10.26,-94.8,437110198.6837234,10151.1,1674.5,-6962.3,0
2026-04-09T09:45:33.381583+00:00,18.16,10.30,18.16,10.3,-98.8,437110198.6837234,10149.5,1671.6,-6961.2,0
2026-04-09T09:45:33.745624+00:00,18.18,10.34,18.18,10.34,-95.8,437110198.6837234,10148.0,1669.1,-6960.2,0
2026-04-09T09:45:34.169540+00:00,18.19,10.38,18.19,10.38,-94.8,437110147.1073791,10146.3,1666.1,-6959.0,0
2026-04-09T09:45:34.573469+00:00,18.21,10.43,18.21,10.43,-98.8,437110147.1073791,10144.7,1663.3,-6957.9,0
2026-04-09T09:45:34.937495+00:00,18.22,10.47,18.22,10.47,-96.8,437110147.1073791,10143.2,1660.8,-6956.9,0
2026-04-09T09:45:35.302167+00:00,18.23,10.50,18.23,10.5,-95.8,437110147.1073791,10141.7,1658.3,-6955.8,0
2026-04-09T09:45:35.707211+00:00,18.25,10.55,18.25,10.55,-96.8,437110147.1073791,10140.0,1655.4,-6954.7,0
2026-04-09T09:45:36.069486+00:00,18.26,10.59,18.26,10.59,-92.8,437110147.1073791,10138.5,1652.9,-6953.7,0
2026-04-09T09:45:36.433505+00:00,18.27,10.63,18.27,10.63,-92.8,437110147.1073791,10137.0,1650.4,-6952.6,0
2026-04-09T09:45:36.837479+00:00,18.29,10.67,18.29,10.67,-95.8,437110147.1073791,10135.3,1647.6,-6951.5,0
2026-04-09T09:45:37.201572+00:00,18.30,10.71,18.3,10.71,-95.8,437110147.1073791,10133.7,1645.0,-6950.4,0
2026-04-09T09:45:37.565488+00:00,18.32,10.75,18.32,10.75,-95.8,437110147.1073791,10132.2,1642.5,-6949.3,0
2026-04-09T09:45:37.974145+00:00,18.33,10.79,18.33,10.79,-98.8,437110147.1073791,10130.5,1639.7,-6948.2,0
2026-04-09T09:45:38.342687+00:00,18.34,10.83,18.34,10.83,-97.8,437110147.1073791,10128.9,1637.2,-6947.1,0
2026-04-09T09:45:38.707061+00:00,18.36,10.87,18.36,10.87,-97.8,437110147.1073791,10127.3,1634.6,-6946.0,0
2026-04-09T09:45:39.109560+00:00,18.37,10.92,18.37,10.92,-99.8,437110147.1073791,10125.5,1631.8,-6944.8,0
2026-04-09T09:45:39.473592+00:00,18.39,10.95,18.39,10.95,-95.8,437110147.1073791,10123.9,1629.3,-6943.7,0
2026-04-09T09:45:39.837483+00:00,18.40,10.99,18.4,10.99,-101.8,437110147.1073791,10122.3,1626.7,-6942.6,0
2026-04-09T09:45:40.241496+00:00,18.41,11.04,18.41,11.04,-98.8,437110147.1073791,10120.5,1623.9,-6941.3,0
2026-04-09T09:45:40.605468+00:00,18.43,11.08,18.43,11.08,-95.8,437110147.1073791,10118.9,1621.4,-6940.2,0
2026-04-09T09:45:40.969580+00:00,18.44,11.12,18.44,11.12,-97.8,437110147.1073791,10117.3,1618.9,-6939.1,0
2026-04-09T09:45:41.377486+00:00,18.46,11.16,18.46,11.16,-97.8,437110147.1073791,10115.4,1616.1,-6937.8,0
2026-04-09T09:45:41.742847+00:00,18.47,11.20,18.47,11.2,-100.8,437110147.1073791,10113.8,1613.5,-6936.7,0
2026-04-09T09:45:42.101583+00:00,18.49,11.24,18.49,11.24,-95.8,437110147.1073791,10112.1,1611.0,-6935.6,0
2026-04-09T09:45:42.509469+00:00,18.50,11.29,18.5,11.29,-98.8,437110147.1073791,10110.3,1608.2,-6934.3,0
2026-04-09T09:45:42.873491+00:00,18.51,11.33,18.51,11.33,-97.8,437110147.1073791,10108.6,1605.7,-6933.1,0
2026-04-09T09:45:43.238705+00:00,18.53,11.37,18.53,11.37,-98.8,437110147.1073791,10106.9,1603.2,-6932.0,0
2026-04-09T09:45:43.641485+00:00,18.54,11.42,18.54,11.42,-96.8,437110147.1073791,10105.0,1600.4,-6930.7,0
2026-04-09T09:45:44.006538+00:00,18.56,11.46,18.56,11.46,-97.8,437110147.1073791,10103.3,1597.8,-6929.5,0
2026-04-09T09:45:44.374571+00:00,18.57,11.50,18.57,11.5,-97.8,437110147.1073791,10101.5,1595.3,-6928.3,0
2026-04-09T09:45:44.783005+00:00,18.59,11.54,18.59,11.54,-99.8,437110147.1073791,10099.6,1592.5,-6927.0,0
2026-04-09T09:45:45.146848+00:00,18.60,11.59,18.6,11.59,-101.8,437110147.1073791,10097.8,1589.9,-6925.8,0
2026-04-09T09:45:45.574943+00:00,18.62,11.63,18.62,11.63,-100.8,437110096.7526864,10095.8,1587.0,-6924.4,0
2026-04-09T09:45:45.982530+00:00,18.64,11.68,18.64,11.68,-97.8,437110096.7526864,10093.8,1584.2,-6923.0,0
2026-04-09T09:45:46.350847+00:00,18.65,11.72,18.65,11.72,-103.8,437110096.7526864,10092.0,1581.6,-6921.8,0
2026-04-09T09:45:46.714776+00:00,18.66,11.77,18.66,11.77,-95.8,437110096.7526864,10090.2,1579.1,-6920.5,0
2026-04-09T09:45:47.122732+00:00,18.68,11.81,18.68,11.81,-100.8,437110096.7526864,10088.2,1576.3,-6919.2,0
2026-04-09T09:45:47.491294+00:00,18.70,11.85,18.7,11.85,-99.8,437110096.7526864,10086.4,1573.7,-6917.9,0
2026-04-09T09:45:47.859412+00:00,18.71,11.90,18.71,11.9,-97.8,437110096.7526864,10084.5,1571.2,-6916.6,0
2026-04-09T09:45:48.262751+00:00,18.73,11.94,18.73,11.94,-97.8,437110096.7526864,10082.5,1568.4,-6915.2,0
2026-04-09T09:45:48.631052+00:00,18.74,11.99,18.74,11.99,-99.8,437110096.7526864,10080.6,1565.8,-6914.0,0
2026-04-09T09:45:48.998556+00:00,18.76,12.03,18.76,12.03,-99.8,437110096.7526864,10078.7,1563.3,-6912.7,0
2026-04-09T09:45:49.403179+00:00,18.77,12.08,18.77,12.08,-103.8,437110096.7526864,10076.7,1560.5,-6911.2,0
2026-04-09T09:45:49.770391+00:00,18.79,12.12,18.79,12.12,-97.8,437110096.7526864,10074.8,1558.0,-6910.0,0
2026-04-09T09:45:50.138833+00:00,18.80,12.16,18.8,12.16,-101.8,437110096.7526864,10072.9,1555.4,-6908.6,0
2026-04-09T09:45:50.546539+00:00,18.82,12.21,18.82,12.21,-98.8,437110096.7526864,10070.7,1552.6,-6907.2,0
2026-04-09T09:45:50.910865+00:00,18.83,12.25,18.83,12.25,-101.8,437110096.7526864,10068.8,1550.1,-6905.9,0
2026-04-09T09:45:51.278481+00:00,18.85,12.29,18.85,12.29,-100.8,437110096.7526864,10066.9,1547.5,-6904.5,0
2026-04-09T09:45:51.686826+00:00,18.87,12.34,18.87,12.34,-95.8,437110096.7526864,10064.7,1544.7,-6903.1,0
2026-04-09T09:45:52.054586+00:00,18.88,12.39,18.88,12.39,-97.8,437110096.7526864,10062.7,1542.2,-6901.7,0
2026-04-09T09:45:52.418839+00:00,18.90,12.43,18.9,12.43,-96.8,437110096.7526864,10060.8,1539.7,-6900.4,0
2026-04-09T09:45:52.826127+00:00,18.91,12.48,18.91,12.48,-98.8,437110096.7526864,10058.6,1536.9,-6898.8,0
2026-04-09T09:45:53.189598+00:00,18.93,12.52,18.93,12.52,-103.8,437110096.7526864,10056.6,1534.3,-6897.5,0
2026-04-09T09:45:53.553529+00:00,18.94,12.57,18.94,12.57,-101.8,437110096.7526864,10054.6,1531.8,-6896.1,0
2026-04-09T09:45:53.957522+00:00,18.96,12.61,18.96,12.61,-99.8,437110096.7526864,10052.4,1529.0,-6894.6,0
2026-04-09T09:45:54.322158+00:00,18.98,12.66,18.98,12.66,-101.8,437110096.7526864,10050.3,1526.5,-6893.2,0
2026-04-09T09:45:54.685753+00:00,18.99,12.70,18.99,12.7,-98.8,437110096.7526864,10048.3,1524.0,-6891.8,0
2026-04-09T09:45:55.149651+00:00,19.01,12.75,19.01,12.75,-97.8,437110046.0455942,10046.0,1521.2,-6890.3,0
2026-04-09T09:45:55.517522+00:00,19.03,12.80,19.03,12.8,-101.8,437110046.0455942,10043.7,1518.3,-6888.6,0
2026-04-09T09:45:55.882828+00:00,19.04,12.85,19.04,12.85,-95.8,437110046.0455942,10041.6,1515.8,-6887.2,0
2026-04-09T09:45:56.285493+00:00,19.06,12.90,19.06,12.9,-97.8,437110046.0455942,10039.3,1513.0,-6885.6,0
2026-04-09T09:45:56.649468+00:00,19.08,12.94,19.08,12.94,-99.8,437110046.0455942,10037.2,1510.5,-6884.2,0
2026-04-09T09:45:57.014653+00:00,19.09,12.98,19.09,12.98,-100.8,437110046.0455942,10035.1,1508.0,-6882.7,0
2026-04-09T09:45:57.417467+00:00,19.11,13.03,19.11,13.03,-100.8,437110046.0455942,10032.7,1505.2,-6881.1,0
2026-04-09T09:45:57.781496+00:00,19.13,13.08,19.13,13.08,-101.8,437110046.0455942,10030.6,1502.7,-6879.6,0
2026-04-09T09:45:58.146555+00:00,19.14,13.12,19.14,13.12,-103.8,437110046.0455942,10028.4,1500.2,-6878.2,0
2026-04-09T09:45:58.554581+00:00,19.16,13.17,19.16,13.17,-98.8,437110046.0455942,10026.0,1497.4,-6876.5,0
2026-04-09T09:45:58.927279+00:00,19.18,13.22,19.18,13.22,-101.8,437110046.0455942,10023.8,1494.9,-6875.0,0
2026-04-09T09:45:59.286753+00:00,19.19,13.26,19.19,13.26,-101.8,437110046.0455942,10021.7,1492.4,-6873.5,0
2026-04-09T09:45:59.694782+00:00,19.21,13.32,19.21,13.32,-103.8,437110046.0455942,10019.2,1489.6,-6871.8,0
2026-04-09T09:46:00.058710+00:00,19.23,13.36,19.23,13.36,-99.8,437110046.0455942,10016.9,1487.0,-6870.3,0
2026-04-09T09:46:00.427144+00:00,19.24,13.41,19.24,13.41,-103.8,437110046.0455942,10014.7,1484.6,-6868.8,0
2026-04-09T09:46:00.834334+00:00,19.26,13.46,19.26,13.46,-96.8,437110046.0455942,10012.2,1481.7,-6867.0,0
2026-04-09T09:46:01.203952+00:00,19.28,13.50,19.28,13.5,-100.8,437110046.0455942,10009.9,1479.2,-6865.5,0
2026-04-09T09:46:01.566873+00:00,19.29,13.55,19.29,13.55,-99.8,437110046.0455942,10007.7,1476.7,-6863.9,0
2026-04-09T09:46:01.974376+00:00,19.31,13.60,19.31,13.6,-103.8,437110046.0455942,10005.1,1473.9,-6862.2,0
2026-04-09T09:46:02.342532+00:00,19.33,13.65,19.33,13.65,-103.8,437110046.0455942,10002.8,1471.4,-6860.6,0
2026-04-09T09:46:02.707246+00:00,19.35,13.70,19.35,13.7,-106.8,437110046.0455942,10000.5,1468.9,-6859.0,0
2026-04-09T09:46:03.114845+00:00,19.36,13.75,19.36,13.75,-98.8,437110046.0455942,9997.9,1466.1,-6857.2,0
2026-04-09T09:46:03.483071+00:00,19.38,13.79,19.38,13.79,-99.8,437110046.0455942,9995.5,1463.6,-6855.6,0
2026-04-09T09:46:03.911656+00:00,19.40,13.85,19.4,13.85,-105.8,437109994.0627444,9992.8,1460.6,-6853.7,0
2026-04-09T09:46:04.318375+00:00,19.42,13.90,19.42,13.9,-105.8,437109994.0627444,9990.1,1457.9,-6851.9,0
2026-04-09T09:46:04.683141+00:00,19.44,13.95,19.44,13.95,-103.8,437109994.0627444,9987.7,1455.4,-6850.3,0
2026-04-09T09:46:05.050518+00:00,19.45,14.00,19.45,14.0,-101.8,437109994.0627444,9985.3,1452.8,-6848.6,0
2026-04-09T09:46:05.458786+00:00,19.47,14.05,19.47,14.05,-107.8,437109994.0627444,9982.6,1450.0,-6846.7,0
2026-04-09T09:46:05.826331+00:00,19.49,14.10,19.49,14.1,-101.8,437109994.0627444,9980.2,1447.5,-6845.1,0
2026-04-09T09:46:06.190750+00:00,19.51,14.15,19.51,14.15,-105.8,437109994.0627444,9977.7,1445.0,-6843.4,0
2026-04-09T09:46:06.598883+00:00,19.53,14.20,19.53,14.2,-100.8,437109994.0627444,9975.0,1442.2,-6841.5,0
2026-04-09T09:46:06.966838+00:00,19.55,14.25,19.55,14.25,-100.8,437109994.0627444,9972.5,1439.7,-6839.8,0
2026-04-09T09:46:07.330455+00:00,19.56,14.29,19.56,14.29,-98.8,437109994.0627444,9970.0,1437.2,-6838.1,0
2026-04-09T09:46:07.739124+00:00,19.58,14.35,19.58,14.35,-98.8,437109994.0627444,9967.2,1434.4,-6836.2,0
2026-04-09T09:46:08.106517+00:00,19.60,14.40,19.6,14.4,-100.8,437109994.0627444,9964.6,1431.9,-6834.4,0
2026-04-09T09:46:08.474538+00:00,19.62,14.45,19.62,14.45,-99.8,437109994.0627444,9962.1,1429.4,-6832.7,0
2026-04-09T09:46:08.883759+00:00,19.64,14.50,19.64,14.5,-100.8,437109994.0627444,9959.2,1426.6,-6830.7,0
2026-04-09T09:46:09.249635+00:00,19.66,14.55,19.66,14.55,-107.8,437109994.0627444,9956.7,1424.1,-6828.9,0
2026-04-09T09:46:09.608501+00:00,19.67,14.60,19.67,14.6,-100.8,437109994.0627444,9954.0,1421.6,-6827.2,0
2026-04-09T09:46:10.013481+00:00,19.69,14.65,19.69,14.65,-99.8,437109994.0627444,9951.2,1418.9,-6825.2,0
2026-04-09T09:46:10.377580+00:00,19.71,14.70,19.71,14.7,-104.8,437109994.0627444,9948.6,1416.4,-6823.4,0
2026-04-09T09:46:10.741574+00:00,19.73,14.75,19.73,14.75,-102.8,437109994.0627444,9945.9,1413.9,-6821.6,0
2026-04-09T09:46:11.205554+00:00,19.75,14.80,19.75,14.8,-103.8,437109942.9947097,9943.0,1411.1,-6819.6,0
2026-04-09T09:46:11.570040+00:00,19.77,14.86,19.77,14.86,-100.8,437109942.9947097,9939.9,1408.2,-6817.4,0
2026-04-09T09:46:11.933580+00:00,19.79,14.91,19.79,14.91,-105.8,437109942.9947097,9937.2,1405.8,-6815.6,0
2026-04-09T09:46:12.341479+00:00,19.81,14.97,19.81,14.97,-103.8,437109942.9947097,9934.2,1403.0,-6813.6,0
2026-04-09T09:46:12.701600+00:00,19.83,15.02,19.83,15.02,-105.8,437109942.9947097,9931.5,1400.5,-6811.7,0
2026-04-09T09:46:13.065463+00:00,19.85,15.07,19.85,15.07,-104.8,437109942.9947097,9928.8,1398.1,-6809.8,0
2026-04-09T09:46:13.475423+00:00,19.87,15.12,19.87,15.12,-101.8,437109942.9947097,9925.7,1395.3,-6807.7,0
2026-04-09T09:46:13.837489+00:00,19.89,15.17,19.89,15.17,-104.8,437109942.9947097,9923.0,1392.8,-6805.8,0
2026-04-09T09:46:14.197769+00:00,19.90,15.22,19.9,15.22,-107.8,437109942.9947097,9920.2,1390.3,-6803.9,0
2026-04-09T09:46:14.610930+00:00,19.93,15.28,19.93,15.28,-106.8,437109942.9947097,9917.1,1387.6,-6801.8,0
2026-04-09T09:46:14.974478+00:00,19.94,15.33,19.94,15.33,-105.8,437109942.9947097,9914.2,1385.1,-6799.8,0
2026-04-09T09:46:15.342330+00:00,19.96,15.38,19.96,15.38,-97.8,437109942.9947097,9911.4,1382.6,-6797.9,0
2026-04-09T09:46:15.750978+00:00,19.98,15.44,19.98,15.44,-100.8,437109942.9947097,9908.2,1379.8,-6795.7,0
2026-04-09T09:46:16.114650+00:00,20.00,15.49,20.0,15.49,-97.8,437109942.9947097,9905.3,1377.3,-6793.7,0
2026-04-09T09:46:16.482824+00:00,20.02,15.54,20.02,15.54,-102.8,437109942.9947097,9902.4,1374.8,-6791.7,0
2026-04-09T09:46:16.890505+00:00,20.04,15.60,20.04,15.6,-103.8,437109942.9947097,9899.2,1372.1,-6789.5,0
2026-04-09T09:46:17.256400+00:00,20.06,15.65,20.06,15.65,-105.8,437109942.9947097,9896.2,1369.6,-6787.5,0
2026-04-09T09:46:17.622890+00:00,20.08,15.70,20.08,15.7,-104.8,437109942.9947097,9893.3,1367.1,-6785.5,0
2026-04-09T09:46:18.090816+00:00,20.10,15.76,20.1,15.76,-105.8,437109889.9432705,9889.9,1364.3,-6783.2,0
2026-04-09T09:46:18.458530+00:00,20.13,15.82,20.13,15.82,-104.8,437109889.9432705,9886.4,1361.4,-6780.8,0
2026-04-09T09:46:18.826334+00:00,20.15,15.87,20.15,15.87,-103.8,437109889.9432705,9883.4,1358.9,-6778.7,0
2026-04-09T09:46:19.235012+00:00,20.17,15.93,20.17,15.93,-101.8,437109889.9432705,9880.0,1356.2,-6776.4,0
2026-04-09T09:46:19.606552+00:00,20.19,15.99,20.19,15.99,-103.8,437109889.9432705,9877.0,1353.7,-6774.3,0
2026-04-09T09:46:19.966565+00:00,20.21,16.04,20.21,16.04,-107.8,437109889.9432705,9873.9,1351.2,-6772.2,0
2026-04-09T09:46:20.374875+00:00,20.23,16.10,20.23,16.1,-101.8,437109889.9432705,9870.5,1348.5,-6769.8,0
2026-04-09T09:46:20.743760+00:00,20.25,16.15,20.25,16.15,-104.8,437109889.9432705,9867.3,1346.0,-6767.7,0
2026-04-09T09:46:21.106530+00:00,20.27,16.20,20.27,16.2,-108.8,437109889.9432705,9864.2,1343.5,-6765.5,0
2026-04-09T09:46:21.514531+00:00,20.29,16.26,20.29,16.26,-109.8,437109889.9432705,9860.7,1340.7,-6763.1,0
2026-04-09T09:46:21.882436+00:00,20.32,16.32,20.32,16.32,-103.8,437109889.9432705,9857.5,1338.3,-6760.9,0
2026-04-09T09:46:22.246206+00:00,20.34,16.37,20.34,16.37,-103.8,437109889.9432705,9854.3,1335.8,-6758.8,0
2026-04-09T09:46:22.654538+00:00,20.36,16.43,20.36,16.43,-106.8,437109889.9432705,9850.8,1333.0,-6756.3,0
2026-04-09T09:46:23.022135+00:00,20.38,16.49,20.38,16.49,-99.8,437109889.9432705,9847.5,1330.6,-6754.1,0
2026-04-09T09:46:23.385599+00:00,20.40,16.54,20.4,16.54,-101.8,437109889.9432705,9844.3,1328.1,-6751.9,0
2026-04-09T09:46:23.789475+00:00,20.42,16.60,20.42,16.6,-109.8,437109889.9432705,9840.7,1325.4,-6749.4,0
2026-04-09T09:46:24.153542+00:00,20.44,16.65,20.44,16.65,-106.8,437109889.9432705,9837.4,1322.9,-6747.1,0
2026-04-09T09:46:24.577793+00:00,20.47,16.72,20.47,16.72,-98.8,437109835.34625673,9833.5,1320.1,-6744.5,0
2026-04-09T09:46:24.981530+00:00,20.49,16.78,20.49,16.78,-107.8,437109835.34625673,9829.9,1317.3,-6742.0,0
2026-04-09T09:46:25.345480+00:00,20.51,16.83,20.51,16.83,-101.8,437109835.34625673,9826.5,1314.9,-6739.7,0
2026-04-09T09:46:25.709516+00:00,20.53,16.89,20.53,16.89,-105.8,437109835.34625673,9823.2,1312.4,-6737.4,0
2026-04-09T09:46:26.113512+00:00,20.56,16.95,20.56,16.95,-107.8,437109835.34625673,9819.4,1309.7,-6734.8,0
2026-04-09T09:46:26.477603+00:00,20.58,17.01,20.58,17.01,-99.8,437109835.34625673,9816.0,1307.2,-6732.5,0
2026-04-09T09:46:26.841480+00:00,20.60,17.06,20.6,17.06,-108.8,437109835.34625673,9812.6,1304.8,-6730.1,0
2026-04-09T09:46:27.245616+00:00,20.62,17.12,20.62,17.12,-109.8,437109835.34625673,9808.7,1302.1,-6727.5,0
2026-04-09T09:46:27.609477+00:00,20.64,17.18,20.64,17.18,-109.8,437109835.34625673,9805.3,1299.6,-6725.1,0
2026-04-09T09:46:27.974524+00:00,20.67,17.23,20.67,17.23,-101.8,437109835.34625673,9801.8,1297.2,-6722.7,0
2026-04-09T09:46:28.381478+00:00,20.69,17.30,20.69,17.3,-107.8,437109835.34625673,9797.8,1294.4,-6720.0,0
2026-04-09T09:46:28.745609+00:00,20.71,17.35,20.71,17.35,-105.8,437109835.34625673,9794.3,1292.0,-6717.6,0
2026-04-09T09:46:29.109468+00:00,20.73,17.41,20.73,17.41,-103.8,437109835.34625673,9790.7,1289.6,-6715.1,0
2026-04-09T09:46:29.513481+00:00,20.76,17.47,20.76,17.47,-109.8,437109835.34625673,9786.8,1286.8,-6712.4,0
2026-04-09T09:46:29.881318+00:00,20.78,17.53,20.78,17.53,-101.8,437109835.34625673,9783.1,1284.4,-6709.9,0
2026-04-09T09:46:30.301489+00:00,20.81,17.60,20.81,17.6,-107.8,437109780.86315,9778.9,1281.5,-6707.0,0
2026-04-09T09:46:30.705584+00:00,20.83,17.66,20.83,17.66,-112.8,437109780.86315,9774.8,1278.8,-6704.2,0
2026-04-09T09:46:31.069491+00:00,20.85,17.72,20.85,17.72,-110.8,437109780.86315,9771.1,1276.4,-6701.7,0
2026-04-09T09:46:31.433473+00:00,20.88,17.78,20.88,17.78,-100.8,437109780.86315,9767.4,1273.9,-6699.2,0
2026-04-09T09:46:31.837485+00:00,20.90,17.84,20.9,17.84,-105.8,437109780.86315,9763.3,1271.2,-6696.3,0
2026-04-09T09:46:32.201524+00:00,20.92,17.90,20.92,17.9,-110.8,437109780.86315,9759.5,1268.8,-6693.7,0
2026-04-09T09:46:32.566356+00:00,20.95,17.96,20.95,17.96,-106.8,437109780.86315,9755.8,1266.4,-6691.2,0
2026-04-09T09:46:32.969515+00:00,20.97,18.02,20.97,18.02,-98.8,437109780.86315,9751.5,1263.7,-6688.3,0
2026-04-09T09:46:33.338555+00:00,21.00,18.08,21.0,18.08,-108.8,437109780.86315,9747.7,1261.2,-6685.6,0
2026-04-09T09:46:33.702785+00:00,21.02,18.14,21.02,18.14,-112.8,437109780.86315,9743.9,1258.8,-6683.0,0
2026-04-09T09:46:34.115372+00:00,21.05,18.20,21.05,18.2,-107.8,437109780.86315,9739.5,1256.1,-6680.0,0
2026-04-09T09:46:34.478535+00:00,21.07,18.26,21.07,18.26,-99.8,437109780.86315,9735.6,1253.6,-6677.3,0
2026-04-09T09:46:34.846332+00:00,21.09,18.32,21.09,18.32,-105.8,437109780.86315,9731.6,1251.1,-6674.6,0
2026-04-09T09:46:35.314151+00:00,21.12,18.39,21.12,18.39,-106.8,437109727.16956055,9727.2,1248.4,-6671.5,0
2026-04-09T09:46:35.683200+00:00,21.15,18.46,21.15,18.46,-113.8,437109727.16956055,9722.5,1245.6,-6668.4,0
2026-04-09T09:46:36.046142+00:00,21.17,18.52,21.17,18.52,-107.8,437109727.16956055,9718.4,1243.1,-6665.6,0
2026-04-09T09:46:36.454921+00:00,21.20,18.59,21.2,18.59,-107.8,437109727.16956055,9714.0,1240.4,-6662.5,0
2026-04-09T09:46:36.822221+00:00,21.22,18.65,21.22,18.65,-106.8,437109727.16956055,9709.9,1238.0,-6659.7,0
2026-04-09T09:46:37.190798+00:00,21.25,18.71,21.25,18.71,-109.8,437109727.16956055,9705.7,1235.5,-6656.8,0
2026-04-09T09:46:37.599702+00:00,21.27,18.78,21.27,18.78,-99.8,437109727.16956055,9701.2,1232.8,-6653.7,0
2026-04-09T09:46:37.961501+00:00,21.30,18.84,21.3,18.84,-101.8,437109727.16956055,9697.0,1230.4,-6650.8,0
2026-04-09T09:46:38.325471+00:00,21.32,18.90,21.32,18.9,-101.8,437109727.16956055,9692.8,1228.0,-6648.0,0
2026-04-09T09:46:38.729721+00:00,21.35,18.97,21.35,18.97,-98.8,437109727.16956055,9688.1,1225.3,-6644.8,0
2026-04-09T09:46:39.093473+00:00,21.37,19.03,21.37,19.03,-101.8,437109727.16956055,9683.9,1222.8,-6641.9,0
2026-04-09T09:46:39.457607+00:00,21.40,19.09,21.4,19.09,-95.8,437109727.16956055,9679.6,1220.4,-6638.9,0
2026-04-09T09:46:39.921657+00:00,21.43,19.16,21.43,19.16,-97.8,437109674.87204283,9674.9,1217.7,-6635.7,0
2026-04-09T09:46:40.285557+00:00,21.46,19.23,21.46,19.23,-104.8,437109674.87204283,9669.9,1214.9,-6632.2,0
2026-04-09T09:46:40.649523+00:00,21.48,19.30,21.48,19.3,-104.8,437109674.87204283,9665.5,1212.5,-6629.3,0
2026-04-09T09:46:41.053472+00:00,21.51,19.37,21.51,19.37,-101.8,437109674.87204283,9660.7,1209.8,-6625.9,0
2026-04-09T09:46:41.417469+00:00,21.53,19.43,21.53,19.43,-99.8,437109674.87204283,9656.3,1207.4,-6622.9,0
2026-04-09T09:46:41.781622+00:00,21.56,19.49,21.56,19.49,-105.8,437109674.87204283,9651.8,1205.0,-6619.9,0
2026-04-09T09:46:42.190351+00:00,21.59,19.56,21.59,19.56,-100.8,437109674.87204283,9646.9,1202.3,-6616.5,0
2026-04-09T09:46:42.554665+00:00,21.61,19.63,21.61,19.63,-102.8,437109674.87204283,9642.4,1199.9,-6613.4,0
2026-04-09T09:46:42.918594+00:00,21.64,19.69,21.64,19.69,-99.8,437109674.87204283,9637.9,1197.5,-6610.3,0
2026-04-09T09:46:43.326591+00:00,21.67,19.76,21.67,19.76,-102.8,437109674.87204283,9632.8,1194.8,-6606.8,0
2026-04-09T09:46:43.693653+00:00,21.70,19.83,21.7,19.83,-103.8,437109674.87204283,9628.2,1192.4,-6603.7,0
2026-04-09T09:46:44.058333+00:00,21.72,19.89,21.72,19.89,-101.8,437109674.87204283,9623.5,1190.0,-6600.5,0
2026-04-09T09:46:44.526809+00:00,21.75,19.96,21.75,19.96,-107.8,437109618.3208134,9618.3,1187.3,-6596.9,0
2026-04-09T09:46:44.896064+00:00,21.78,20.04,21.78,20.04,-98.8,437109618.3208134,9612.8,1184.5,-6593.1,0
2026-04-09T09:46:45.258456+00:00,21.81,20.10,21.81,20.1,-99.8,437109618.3208134,9608.1,1182.1,-6589.9,0
2026-04-09T09:46:45.666602+00:00,21.84,20.18,21.84,20.18,-100.8,437109618.3208134,9602.8,1179.4,-6586.3,0
2026-04-09T09:46:46.035573+00:00,21.87,20.24,21.87,20.24,-101.8,437109618.3208134,9598.0,1177.0,-6582.9,0
2026-04-09T09:46:46.398505+00:00,21.89,20.31,21.89,20.31,-98.8,437109618.3208134,9593.2,1174.6,-6579.7,0
2026-04-09T09:46:46.806184+00:00,21.92,20.38,21.92,20.38,-101.8,437109618.3208134,9587.8,1171.9,-6575.9,0
2026-04-09T09:46:47.174873+00:00,21.95,20.45,21.95,20.45,-103.8,437109618.3208134,9582.8,1169.5,-6572.6,0
2026-04-09T09:46:47.542841+00:00,21.98,20.52,21.98,20.52,-101.8,437109618.3208134,9577.9,1167.1,-6569.2,0
2026-04-09T09:46:47.950551+00:00,22.01,20.59,22.01,20.59,-101.8,437109618.3208134,9572.4,1164.4,-6565.4,0
2026-04-09T09:46:48.314303+00:00,22.04,20.66,22.04,20.66,-100.8,437109618.3208134,9567.4,1162.0,-6562.0,0
2026-04-09T09:46:48.742753+00:00,22.07,20.74,22.07,20.74,-97.8,437109564.2855032,9561.5,1159.2,-6557.9,0
2026-04-09T09:46:49.150815+00:00,22.10,20.81,22.1,20.81,-97.8,437109564.2855032,9555.9,1156.5,-6554.0,0
2026-04-09T09:46:49.514504+00:00,22.13,20.88,22.13,20.88,-100.8,437109564.2855032,9550.7,1154.1,-6550.5,0
2026-04-09T09:46:49.884394+00:00,22.16,20.95,22.16,20.95,-100.8,437109564.2855032,9545.6,1151.7,-6547.0,0
2026-04-09T09:46:50.290223+00:00,22.19,21.02,22.19,21.02,-97.8,437109564.2855032,9539.8,1149.0,-6543.1,0
2026-04-09T09:46:50.657805+00:00,22.22,21.09,22.22,21.09,-99.8,437109564.2855032,9534.7,1146.7,-6539.5,0
2026-04-09T09:46:51.022324+00:00,22.25,21.16,22.25,21.16,-96.8,437109564.2855032,9529.4,1144.2,-6535.9,0
2026-04-09T09:46:51.430872+00:00,22.28,21.24,22.28,21.24,-96.8,437109564.2855032,9523.5,1141.6,-6531.8,0
2026-04-09T09:46:51.795621+00:00,22.31,21.31,22.31,21.31,-95.8,437109564.2855032,9518.1,1139.2,-6528.2,0
2026-04-09T09:46:52.162911+00:00,22.34,21.38,22.34,21.38,-99.8,437109564.2855032,9512.8,1136.8,-6524.5,0
2026-04-09T09:46:52.629544+00:00,22.37,21.46,22.37,21.46,-100.8,437109506.8073561,9506.8,1134.1,-6520.4,0
2026-04-09T09:46:52.993585+00:00,22.41,21.54,22.41,21.54,-98.8,437109506.8073561,9500.5,1131.4,-6516.1,0
2026-04-09T09:46:53.357638+00:00,22.44,21.61,22.44,21.61,-102.8,437109506.8073561,9495.0,1129.0,-6512.3,0
2026-04-09T09:46:53.761559+00:00,22.47,21.69,22.47,21.69,-98.8,437109506.8073561,9488.9,1126.4,-6508.2,0
2026-04-09T09:46:54.129558+00:00,22.50,21.76,22.5,21.76,-98.8,437109506.8073561,9483.4,1124.0,-6504.4,0
2026-04-09T09:46:54.493577+00:00,22.53,21.83,22.53,21.83,-101.8,437109506.8073561,9477.9,1121.6,-6500.5,0
2026-04-09T09:46:54.897492+00:00,22.56,21.91,22.56,21.91,-101.8,437109506.8073561,9471.6,1119.0,-6496.3,0
2026-04-09T09:46:55.261570+00:00,22.59,21.98,22.59,21.98,-91.8,437109506.8073561,9466.0,1116.6,-6492.4,0
2026-04-09T09:46:55.625500+00:00,22.62,22.05,22.62,22.05,-95.8,437109506.8073561,9460.3,1114.3,-6488.5,0
2026-04-09T09:46:56.093508+00:00,22.66,22.13,22.66,22.13,-98.8,437109453.9417277,9453.9,1111.6,-6484.1,0
2026-04-09T09:46:56.457577+00:00,22.69,22.21,22.69,22.21,-95.8,437109453.9417277,9447.2,1108.9,-6479.5,0
2026-04-09T09:46:56.821580+00:00,22.73,22.29,22.73,22.29,-96.8,437109453.9417277,9441.4,1106.5,-6475.5,0
2026-04-09T09:46:57.225563+00:00,22.76,22.37,22.76,22.37,-95.8,437109453.9417277,9434.9,1103.9,-6471.1,0
2026-04-09T09:46:57.593509+00:00,22.79,22.44,22.79,22.44,-98.8,437109453.9417277,9429.0,1101.5,-6467.0,0
2026-04-09T09:46:57.957533+00:00,22.82,22.51,22.82,22.51,-95.8,437109453.9417277,9423.1,1099.2,-6463.0,0
2026-04-09T09:46:58.361544+00:00,22.86,22.59,22.86,22.59,-95.8,437109453.9417277,9416.5,1096.6,-6458.5,0
2026-04-09T09:46:58.725622+00:00,22.89,22.67,22.89,22.67,-95.8,437109453.9417277,9410.5,1094.2,-6454.3,0
2026-04-09T09:46:59.093550+00:00,22.92,22.74,22.92,22.74,-97.8,437109453.9417277,9404.4,1091.9,-6450.2,0
2026-04-09T09:46:59.557671+00:00,22.96,22.83,22.96,22.83,-96.8,437109397.6161763,9397.6,1089.2,-6445.5,0
2026-04-09T09:46:59.921649+00:00,23.00,22.91,23.0,22.91,-95.8,437109397.6161763,9390.4,1086.5,-6440.6,0
2026-04-09T09:47:00.289536+00:00,23.03,22.99,23.03,22.99,-97.8,437109397.6161763,9384.2,1084.1,-6436.3,0
2026-04-09T09:47:00.693649+00:00,23.07,23.07,23.07,23.07,-96.8,437109397.6161763,9377.3,1081.5,-6431.6,0
2026-04-09T09:47:01.056476+00:00,23.10,23.15,23.1,23.15,-95.8,437109397.6161763,9371.0,1079.2,-6427.2,0
2026-04-09T09:47:01.422288+00:00,23.13,23.22,23.13,23.22,-95.8,437109397.6161763,9364.7,1076.8,-6422.9,0
2026-04-09T09:47:01.829638+00:00,23.17,23.31,23.17,23.31,-96.8,437109397.6161763,9357.6,1074.2,-6418.1,0
2026-04-09T09:47:02.197578+00:00,23.20,23.38,23.2,23.38,-96.8,437109397.6161763,9351.2,1071.9,-6413.7,0
2026-04-09T09:47:02.621503+00:00,23.24,23.47,23.24,23.47,-95.8,437109347.15540785,9343.6,1069.1,-6408.4,0
2026-04-09T09:47:03.024634+00:00,23.28,23.56,23.28,23.56,-97.8,437109347.15540785,9336.3,1066.5,-6403.5,0
2026-04-09T09:47:03.394870+00:00,23.32,23.64,23.32,23.64,-98.8,437109347.15540785,9329.8,1064.2,-6399.0,0
2026-04-09T09:47:03.757758+00:00,23.35,23.71,23.35,23.71,-92.8,437109347.15540785,9323.2,1061.9,-6394.5,0
2026-04-09T09:47:04.161534+00:00,23.39,23.80,23.39,23.8,-94.8,437109347.15540785,9315.8,1059.3,-6389.4,0
2026-04-09T09:47:04.525499+00:00,23.42,23.88,23.42,23.88,-92.8,437109347.15540785,9309.1,1056.9,-6384.8,0
2026-04-09T09:47:04.890016+00:00,23.46,23.96,23.46,23.96,-96.8,437109347.15540785,9302.3,1054.6,-6380.2,0
2026-04-09T09:47:05.357479+00:00,23.50,24.05,23.5,24.05,-97.8,437109294.8201585,9294.8,1052.0,-6375.0,0
2026-04-09T09:47:05.721667+00:00,23.54,24.14,23.54,24.14,-95.8,437109294.8201585,9286.9,1049.3,-6369.5,0
2026-04-09T09:47:06.089733+00:00,23.57,24.22,23.57,24.22,-92.8,437109294.8201585,9280.0,1047.0,-6364.8,0
2026-04-09T09:47:06.489480+00:00,23.61,24.31,23.61,24.31,-97.8,437109294.8201585,9272.3,1044.4,-6359.5,0
2026-04-09T09:47:06.853488+00:00,23.65,24.39,23.65,24.39,-92.8,437109294.8201585,9265.3,1042.1,-6354.8,0
2026-04-09T09:47:07.217545+00:00,23.69,24.47,23.69,24.47,-91.8,437109294.8201585,9258.2,1039.8,-6349.9,0
2026-04-09T09:47:07.622758+00:00,23.73,24.56,23.73,24.56,-95.8,437109294.8201585,9250.3,1037.2,-6344.5,0
2026-04-09T09:47:07.990938+00:00,23.76,24.64,23.76,24.64,-91.8,437109294.8201585,9243.2,1034.9,-6339.6,0
2026-04-09T09:47:08.418496+00:00,23.81,24.73,23.81,24.73,-95.8,437109238.6903847,9234.7,1032.2,-6333.8,0
2026-04-09T09:47:08.826564+00:00,23.85,24.82,23.85,24.82,-91.8,437109238.6903847,9226.6,1029.6,-6328.2,0
2026-04-09T09:47:09.191040+00:00,23.88,24.91,23.88,24.91,-98.8,437109238.6903847,9219.3,1027.3,-6323.2,0
2026-04-09T09:47:09.558841+00:00,23.92,24.99,23.92,24.99,-97.8,437109238.6903847,9211.8,1025.0,-6318.1,0
2026-04-09T09:47:09.967096+00:00,23.96,25.08,23.96,25.08,-97.8,437109238.6903847,9203.5,1022.4,-6312.4,0
2026-04-09T09:47:10.334138+00:00,24.00,25.16,24.0,25.16,-94.8,437109238.6903847,9196.0,1020.1,-6307.2,0
2026-04-09T09:47:10.699163+00:00,24.04,25.25,24.04,25.25,-95.8,437109238.6903847,9188.4,1017.8,-6302.0,0
2026-04-09T09:47:11.174802+00:00,24.08,25.34,24.08,25.34,-97.8,437109179.9820428,9180.0,1015.2,-6296.2,0
2026-04-09T09:47:11.534502+00:00,24.13,25.44,24.13,25.44,-94.8,437109179.9820428,9170.9,1012.5,-6290.0,0
2026-04-09T09:47:11.902813+00:00,24.17,25.52,24.17,25.52,-96.8,437109179.9820428,9163.2,1010.2,-6284.8,0
2026-04-09T09:47:12.310330+00:00,24.21,25.62,24.21,25.62,-94.8,437109179.9820428,9154.5,1007.7,-6278.8,0
2026-04-09T09:47:12.674829+00:00,24.25,25.71,24.25,25.71,-92.8,437109179.9820428,9146.6,1005.4,-6273.4,0
2026-04-09T09:47:13.042506+00:00,24.29,25.79,24.29,25.79,-93.8,437109179.9820428,9138.8,1003.1,-6268.0,0
2026-04-09T09:47:13.510838+00:00,24.34,25.89,24.34,25.89,-93.8,437109129.90215063,9129.9,1000.5,-6261.9,0
2026-04-09T09:47:13.878439+00:00,24.38,25.99,24.38,25.99,-91.8,437109129.90215063,9120.5,997.8,-6255.5,0
2026-04-09T09:47:14.242758+00:00,24.42,26.07,24.42,26.07,-95.8,437109129.90215063,9112.5,995.6,-6249.9,0
2026-04-09T09:47:14.655390+00:00,24.47,26.17,24.47,26.17,-93.8,437109129.90215063,9103.4,993.0,-6243.7,0
2026-04-09T09:47:15.019096+00:00,24.51,26.26,24.51,26.26,-93.8,437109129.90215063,9095.1,990.7,-6238.0,0
2026-04-09T09:47:15.386793+00:00,24.55,26.35,24.55,26.35,-94.8,437109129.90215063,9086.8,988.4,-6232.3,0
2026-04-09T09:47:15.854540+00:00,24.60,26.44,24.6,26.44,-91.8,437109077.5028286,9077.5,985.9,-6226.0,0
2026-04-09T09:47:16.226544+00:00,24.65,26.55,24.65,26.55,-95.8,437109077.5028286,9067.7,983.2,-6219.2,0
2026-04-09T09:47:16.586853+00:00,24.69,26.64,24.69,26.64,-96.8,437109077.5028286,9059.2,980.9,-6213.4,0
2026-04-09T09:47:16.995466+00:00,24.74,26.74,24.74,26.74,-94.8,437109077.5028286,9049.7,978.4,-6206.9,0
2026-04-09T09:47:17.362237+00:00,24.78,26.83,24.78,26.83,-89.8,437109077.5028286,9041.1,976.1,-6201.0,0
2026-04-09T09:47:17.731841+00:00,24.82,26.92,24.82,26.92,-93.8,437109077.5028286,9032.4,973.9,-6195.0,0
2026-04-09T09:47:18.199098+00:00,24.87,27.02,24.87,27.02,-90.8,437109022.7442094,9022.7,971.4,-6188.4,0
2026-04-09T09:47:18.562517+00:00,24.92,27.12,24.92,27.12,-93.8,437109022.7442094,9012.4,968.7,-6181.3,0
2026-04-09T09:47:18.930532+00:00,24.97,27.21,24.97,27.21,-95.8,437109022.7442094,9003.5,966.4,-6175.2,0
2026-04-09T09:47:19.338338+00:00,25.01,27.32,25.01,27.32,-97.8,437109022.7442094,8993.6,963.9,-6168.4,0
2026-04-09T09:47:19.703466+00:00,25.06,27.41,25.06,27.41,-91.8,437109022.7442094,8984.5,961.6,-6162.2,0
2026-04-09T09:47:20.070889+00:00,25.10,27.50,25.1,27.5,-95.8,437109022.7442094,8975.5,959.4,-6156.0,0
2026-04-09T09:47:20.538696+00:00,25.15,27.60,25.15,27.6,-92.8,437108965.32443964,8965.3,956.9,-6149.0,0
2026-04-09T09:47:20.907896+00:00,25.21,27.71,25.21,27.71,-92.8,437108965.32443964,8954.6,954.3,-6141.6,0
2026-04-09T09:47:21.278703+00:00,25.25,27.81,25.25,27.81,-92.8,437108965.32443964,8945.2,952.0,-6135.2,0
2026-04-09T09:47:21.682962+00:00,25.30,27.91,25.3,27.91,-97.8,437108965.32443964,8934.9,949.5,-6128.1,0
2026-04-09T09:47:22.051659+00:00,25.35,28.01,25.35,28.01,-94.8,437108965.32443964,8925.3,947.3,-6121.6,0
2026-04-09T09:47:22.414840+00:00,25.40,28.10,25.4,28.1,-94.8,437108965.32443964,8915.8,945.0,-6115.1,0
2026-04-09T09:47:22.881480+00:00,25.45,28.21,25.45,28.21,-91.8,437108905.1794467,8905.2,942.5,-6107.8,0
2026-04-09T09:47:23.245604+00:00,25.50,28.32,25.5,28.32,-91.8,437108905.1794467,8893.9,939.9,-6100.0,0
2026-04-09T09:47:23.609743+00:00,25.55,28.41,25.55,28.41,-91.8,437108905.1794467,8884.2,937.7,-6093.4,0
2026-04-09T09:47:24.017484+00:00,25.60,28.52,25.6,28.52,-95.8,437108905.1794467,8873.4,935.2,-6086.0,0
2026-04-09T09:47:24.381582+00:00,25.65,28.62,25.65,28.62,-92.8,437108905.1794467,8863.6,933.0,-6079.2,0
2026-04-09T09:47:24.746827+00:00,25.70,28.71,25.7,28.71,-94.8,437108905.1794467,8853.7,930.8,-6072.4,0
2026-04-09T09:47:25.209604+00:00,25.75,28.82,25.75,28.82,-89.8,437108842.61037195,8842.6,928.4,-6064.9,0
2026-04-09T09:47:25.573501+00:00,25.81,28.93,25.81,28.93,-91.8,437108842.61037195,8830.9,925.8,-6056.8,0
2026-04-09T09:47:25.937484+00:00,25.86,29.03,25.86,29.03,-89.8,437108842.61037195,8820.8,923.6,-6049.9,0
2026-04-09T09:47:26.345186+00:00,25.91,29.14,25.91,29.14,-89.8,437108842.61037195,8809.4,921.1,-6042.1,0
2026-04-09T09:47:26.705553+00:00,25.96,29.24,25.96,29.24,-90.8,437108842.61037195,8799.2,919.0,-6035.1,0
2026-04-09T09:47:27.069622+00:00,26.01,29.34,26.01,29.34,-90.8,437108842.61037195,8788.6,916.7,-6027.8,0
2026-04-09T09:47:27.533470+00:00,26.07,29.45,26.07,29.45,-91.8,437108777.1580281,8777.2,914.3,-6020.0,0
2026-04-09T09:47:27.902797+00:00,26.13,29.57,26.13,29.57,-93.8,437108777.1580281,8764.8,911.7,-6011.5,0
2026-04-09T09:47:28.266857+00:00,26.18,29.67,26.18,29.67,-93.8,437108777.1580281,8754.1,909.6,-6004.2,0
2026-04-09T09:47:28.674942+00:00,26.24,29.78,26.24,29.78,-91.8,437108777.1580281,8742.1,907.1,-5995.9,0
2026-04-09T09:47:29.043022+00:00,26.29,29.88,26.29,29.88,-93.8,437108777.1580281,8731.2,904.9,-5988.5,0
2026-04-09T09:47:29.470799+00:00,26.35,30.00,26.35,30.0,-92.8,437108724.46895534,8718.4,902.3,-5979.7,0
2026-04-09T09:47:29.878324+00:00,26.41,30.12,26.41,30.12,-91.8,437108724.46895534,8706.1,899.9,-5971.2,0
2026-04-09T09:47:30.241509+00:00,26.47,30.22,26.47,30.22,-92.8,437108724.46895534,8695.1,897.7,-5963.7,0
2026-04-09T09:47:30.606144+00:00,26.52,30.32,26.52,30.32,-88.8,437108724.46895534,8683.8,895.5,-5956.0,0
2026-04-09T09:47:31.069530+00:00,26.58,30.44,26.58,30.44,-90.8,437108671.3812084,8671.4,893.1,-5947.4,0
2026-04-09T09:47:31.437496+00:00,26.64,30.56,26.64,30.56,-92.8,437108671.3812084,8658.2,890.6,-5938.4,0
2026-04-09T09:47:31.797499+00:00,26.70,30.66,26.7,30.66,-94.8,437108671.3812084,8646.8,888.5,-5930.5,0
2026-04-09T09:47:32.201747+00:00,26.76,30.78,26.76,30.78,-95.8,437108671.3812084,8634.0,886.1,-5921.8,0
2026-04-09T09:47:32.565575+00:00,26.81,30.88,26.81,30.88,-89.8,437108671.3812084,8622.4,883.9,-5913.8,0
2026-04-09T09:47:32.989482+00:00,26.88,31.01,26.88,31.01,-89.8,437108615.325474,8608.8,881.4,-5904.5,0
2026-04-09T09:47:33.393558+00:00,26.94,31.12,26.94,31.12,-91.8,437108615.325474,8595.7,879.0,-5895.5,0
2026-04-09T09:47:33.757605+00:00,27.00,31.23,27.0,31.23,-90.8,437108615.325474,8583.9,876.9,-5887.4,0
2026-04-09T09:47:34.121538+00:00,27.06,31.34,27.06,31.34,-91.8,437108615.325474,8571.9,874.7,-5879.2,0
2026-04-09T09:47:34.589565+00:00,27.12,31.46,27.12,31.46,-90.8,437108558.4994442,8558.5,872.4,-5870.0,0
2026-04-09T09:47:34.953487+00:00,27.19,31.58,27.19,31.58,-94.8,437108558.4994442,8544.3,869.9,-5860.3,0
2026-04-09T09:47:35.318559+00:00,27.25,31.69,27.25,31.69,-88.8,437108558.4994442,8532.1,867.7,-5851.9,0
2026-04-09T09:47:35.726514+00:00,27.31,31.82,27.31,31.82,-93.8,437108558.4994442,8518.2,865.4,-5842.4,0
2026-04-09T09:47:36.095958+00:00,27.37,31.93,27.37,31.93,-93.8,437108558.4994442,8505.6,863.2,-5833.7,0
2026-04-09T09:47:36.524885+00:00,27.44,32.05,27.44,32.05,-94.8,437108497.75003254,8491.0,860.7,-5823.7,0
2026-04-09T09:47:36.930899+00:00,27.51,32.18,27.51,32.18,-92.8,437108497.75003254,8476.7,858.4,-5813.9,0
2026-04-09T09:47:37.294512+00:00,27.57,32.29,27.57,32.29,-91.8,437108497.75003254,8463.9,856.2,-5805.1,0
2026-04-09T09:47:37.663166+00:00,27.63,32.40,27.63,32.4,-91.8,437108497.75003254,8450.8,854.1,-5796.2,0
2026-04-09T09:47:38.125485+00:00,27.70,32.53,27.7,32.53,-88.8,437108436.3015172,8436.3,851.7,-5786.2,0
2026-04-09T09:47:38.493662+00:00,27.77,32.66,27.77,32.66,-89.8,437108436.3015172,8421.1,849.3,-5775.7,0
2026-04-09T09:47:38.853473+00:00,27.84,32.77,27.84,32.77,-91.8,437108436.3015172,8407.9,847.2,-5766.7,0
2026-04-09T09:47:39.257483+00:00,27.91,32.90,27.91,32.9,-91.8,437108436.3015172,8393.1,844.8,-5756.6,0
2026-04-09T09:47:39.621503+00:00,27.97,33.01,27.97,33.01,-90.8,437108436.3015172,8379.7,842.8,-5747.4,0
2026-04-09T09:47:40.045483+00:00,28.05,33.15,28.05,33.15,-90.8,437108371.4934594,8364.0,840.3,-5736.6,0
2026-04-09T09:47:40.455218+00:00,28.12,33.28,28.12,33.28,-93.8,437108371.4934594,8348.8,838.0,-5726.2,0
2026-04-09T09:47:40.818602+00:00,28.18,33.39,28.18,33.39,-89.8,437108371.4934594,8335.1,835.9,-5716.8,0
2026-04-09T09:47:41.177779+00:00,28.25,33.51,28.25,33.51,-89.8,437108371.4934594,8321.2,833.8,-5707.3,0
2026-04-09T09:47:41.649649+00:00,28.32,33.64,28.32,33.64,-92.8,437108305.7478052,8305.7,831.5,-5696.6,0
2026-04-09T09:47:42.010734+00:00,28.40,33.77,28.4,33.77,-88.8,437108305.7478052,8289.3,829.1,-5685.4,0
2026-04-09T09:47:42.374754+00:00,28.47,33.89,28.47,33.89,-89.8,437108305.7478052,8275.2,827.1,-5675.7,0
2026-04-09T09:47:42.777547+00:00,28.54,34.02,28.54,34.02,-91.8,437108305.7478052,8259.3,824.8,-5664.8,0
2026-04-09T09:47:43.142931+00:00,28.61,34.14,28.61,34.14,-91.8,437108305.7478052,8244.8,822.7,-5654.9,0
2026-04-09T09:47:43.570588+00:00,28.69,34.28,28.69,34.28,-92.8,437108235.794002,8227.7,820.3,-5643.1,0
2026-04-09T09:47:43.977476+00:00,28.77,34.42,28.77,34.42,-88.8,437108235.794002,8211.3,818.0,-5631.9,0
2026-04-09T09:47:44.341578+00:00,28.84,34.54,28.84,34.54,-91.8,437108235.794002,8196.5,815.9,-5621.7,0
2026-04-09T09:47:44.705746+00:00,28.91,34.66,28.91,34.66,-91.8,437108235.794002,8181.6,813.9,-5611.5,0
2026-04-09T09:47:45.169519+00:00,28.99,34.79,28.99,34.79,-89.8,437108164.932503,8164.9,811.6,-5600.1,0
2026-04-09T09:47:45.533479+00:00,29.08,34.93,29.08,34.93,-88.8,437108164.932503,8147.3,809.3,-5587.9,0
2026-04-09T09:47:45.897565+00:00,29.15,35.06,29.15,35.06,-89.8,437108164.932503,8132.0,807.2,-5577.5,0
2026-04-09T09:47:46.361479+00:00,29.23,35.19,29.23,35.19,-89.8,437108114.8995974,8114.9,805.0,-5565.7,0
2026-04-09T09:47:46.730102+00:00,29.32,35.34,29.32,35.34,-89.8,437108114.8995974,8096.6,802.6,-5553.2,0
2026-04-09T09:47:47.089493+00:00,29.39,35.46,29.39,35.46,-92.8,437108114.8995974,8081.0,800.6,-5542.5,0
2026-04-09T09:47:47.557536+00:00,29.48,35.60,29.48,35.6,-87.8,437108063.41865,8063.4,798.3,-5530.4,0
2026-04-09T09:47:47.921491+00:00,29.56,35.75,29.56,35.75,-88.8,437108063.41865,8044.9,796.0,-5517.7,0
2026-04-09T09:47:48.285471+00:00,29.64,35.88,29.64,35.88,-92.8,437108063.41865,8028.6,794.0,-5506.6,0
2026-04-09T09:47:48.754640+00:00,29.73,36.02,29.73,36.02,-92.8,437108010.6405875,8010.6,791.7,-5494.2,0
2026-04-09T09:47:49.123619+00:00,29.82,36.17,29.82,36.17,-91.8,437108010.6405875,7991.6,789.4,-5481.2,0
2026-04-09T09:47:49.486354+00:00,29.90,36.29,29.9,36.29,-89.8,437108010.6405875,7974.9,787.4,-5469.7,0
2026-04-09T09:47:49.954535+00:00,29.99,36.44,29.99,36.44,-86.8,437107956.3148146,7956.3,785.2,-5457.0,0
2026-04-09T09:47:50.323674+00:00,30.08,36.59,30.08,36.59,-89.8,437107956.3148146,7936.6,782.8,-5443.5,0
2026-04-09T09:47:50.686450+00:00,30.16,36.72,30.16,36.72,-93.8,437107956.3148146,7919.5,780.8,-5431.7,0
2026-04-09T09:47:51.158574+00:00,30.25,36.87,30.25,36.87,-90.8,437107900.60934407,7900.6,778.7,-5418.8,0
2026-04-09T09:47:51.527393+00:00,30.35,37.02,30.35,37.02,-91.8,437107900.60934407,7880.2,776.3,-5404.8,0
2026-04-09T09:47:51.893962+00:00,30.43,37.15,30.43,37.15,-92.8,437107900.60934407,7862.9,774.3,-5392.9,0
2026-04-09T09:47:52.358424+00:00,30.53,37.30,30.53,37.3,-91.8,437107843.2757164,7843.3,772.1,-5379.4,0
2026-04-09T09:47:52.726394+00:00,30.63,37.46,30.63,37.46,-90.8,437107843.2757164,7822.5,769.9,-5365.2,0
2026-04-09T09:47:53.089551+00:00,30.71,37.59,30.71,37.59,-91.8,437107843.2757164,7804.6,767.9,-5352.9,0
2026-04-09T09:47:53.553517+00:00,30.81,37.74,30.81,37.74,-91.8,437107784.8642445,7784.9,765.7,-5339.4,0
2026-04-09T09:47:53.917480+00:00,30.91,37.90,30.91,37.9,-88.8,437107784.8642445,7763.6,763.5,-5324.8,0
2026-04-09T09:47:54.281494+00:00,31.00,38.03,31.0,38.03,-90.8,437107784.8642445,7745.4,761.5,-5312.3,0
2026-04-09T09:47:54.750752+00:00,31.10,38.18,31.1,38.18,-93.8,437107724.9726944,7725.0,759.4,-5298.3,0
2026-04-09T09:47:55.114712+00:00,31.20,38.34,31.2,38.34,-92.8,437107724.9726944,7703.4,757.1,-5283.5,0
2026-04-09T09:47:55.478739+00:00,31.29,38.48,31.29,38.48,-90.8,437107724.9726944,7684.7,755.2,-5270.7,0
2026-04-09T09:47:55.941488+00:00,31.39,38.63,31.39,38.63,-89.8,437107663.7420261,7663.7,753.1,-5256.3,0
2026-04-09T09:47:56.305497+00:00,31.50,38.79,31.5,38.79,-87.8,437107663.7420261,7641.6,750.9,-5241.1,0
2026-04-09T09:47:56.669526+00:00,31.59,38.93,31.59,38.93,-93.8,437107663.7420261,7622.4,749.0,-5228.0,0
2026-04-09T09:47:57.133503+00:00,31.70,39.08,31.7,39.08,-92.8,437107600.9479852,7600.9,746.8,-5213.2,0
2026-04-09T09:47:57.497472+00:00,31.81,39.25,31.81,39.25,-91.8,437107600.9479852,7578.0,744.6,-5197.5,0
2026-04-09T09:47:57.866845+00:00,31.91,39.39,31.91,39.39,-89.8,437107600.9479852,7558.6,742.8,-5184.2,0
2026-04-09T09:47:58.334539+00:00,32.01,39.55,32.01,39.55,-95.8,437107536.3086519,7536.3,740.6,-5168.9,0
2026-04-09T09:47:58.698763+00:00,32.13,39.71,32.13,39.71,-89.8,437107536.3086519,7512.6,738.4,-5152.6,0
2026-04-09T09:47:59.066343+00:00,32.23,39.86,32.23,39.86,-91.8,437107536.3086519,7492.4,736.5,-5138.8,0
2026-04-09T09:47:59.534819+00:00,32.34,40.02,32.34,40.02,-88.8,437107469.59763664,7469.6,734.4,-5123.2,0
2026-04-09T09:47:59.903660+00:00,32.46,40.19,32.46,40.19,-91.8,437107469.59763664,7445.5,732.3,-5106.6,0
2026-04-09T09:48:00.271826+00:00,32.56,40.33,32.56,40.33,-88.8,437107469.59763664,7424.8,730.4,-5092.5,0
2026-04-09T09:48:00.739689+00:00,32.68,40.49,32.68,40.49,-91.8,437107401.3915928,7401.4,728.3,-5076.4,0
2026-04-09T09:48:01.102499+00:00,32.80,40.67,32.8,40.67,-94.8,437107401.3915928,7376.6,726.2,-5059.4,0
2026-04-09T09:48:01.470650+00:00,32.91,40.81,32.91,40.81,-95.8,437107401.3915928,7355.2,724.3,-5044.7,0
2026-04-09T09:48:01.938508+00:00,33.02,40.98,33.02,40.98,-92.8,437107331.399346,7331.4,722.3,-5028.4,0
2026-04-09T09:48:02.306376+00:00,33.15,41.15,33.15,41.15,-91.8,437107331.399346,7305.8,720.1,-5010.8,0
2026-04-09T09:48:02.670545+00:00,33.26,41.30,33.26,41.3,-91.8,437107331.399346,7284.1,718.3,-4995.9,0
2026-04-09T09:48:03.138829+00:00,33.38,41.47,33.38,41.47,-89.8,437107259.4699695,7259.5,716.2,-4979.0,0
2026-04-09T09:48:03.507972+00:00,33.51,41.64,33.51,41.64,-91.8,437107259.4699695,7233.4,714.1,-4961.2,0
2026-04-09T09:48:03.870444+00:00,33.62,41.79,33.62,41.79,-91.8,437107259.4699695,7211.1,712.3,-4945.9,0
2026-04-09T09:48:04.338306+00:00,33.75,41.96,33.75,41.96,-89.8,437107185.8818235,7185.9,710.3,-4928.6,0
2026-04-09T09:48:04.706584+00:00,33.88,42.14,33.88,42.14,-91.8,437107185.8818235,7159.2,708.2,-4910.2,0
2026-04-09T09:48:05.075049+00:00,34.00,42.29,34.0,42.29,-92.8,437107185.8818235,7136.3,706.4,-4894.6,0
2026-04-09T09:48:05.542803+00:00,34.13,42.47,34.13,42.47,-88.8,437107110.09242606,7110.1,704.4,-4876.6,0
2026-04-09T09:48:05.911909+00:00,34.27,42.65,34.27,42.65,-96.8,437107110.09242606,7082.8,702.3,-4857.9,0
2026-04-09T09:48:06.274282+00:00,34.39,42.80,34.39,42.8,-95.8,437107110.09242606,7059.3,700.5,-4841.8,0
2026-04-09T09:48:06.742378+00:00,34.52,42.97,34.52,42.97,-93.8,437107032.792338,7032.8,698.6,-4823.6,0
2026-04-09T09:48:07.110500+00:00,34.67,43.16,34.67,43.16,-94.8,437107032.792338,7004.7,696.5,-4804.3,0
2026-04-09T09:48:07.479632+00:00,34.79,43.32,34.79,43.32,-86.8,437107032.792338,6980.4,694.7,-4787.6,0
2026-04-09T09:48:07.945489+00:00,34.93,43.49,34.93,43.49,-89.8,437106953.4447729,6953.4,692.8,-4769.1,0
2026-04-09T09:48:08.309485+00:00,35.08,43.67,35.08,43.67,-90.8,437106953.4447729,6924.7,690.8,-4749.4,0
2026-04-09T09:48:08.674641+00:00,35.21,43.83,35.21,43.83,-90.8,437106953.4447729,6900.0,689.1,-4732.5,0
2026-04-09T09:48:09.137504+00:00,35.35,44.01,35.35,44.01,-90.8,437106872.39073974,6872.4,687.1,-4713.5,0
2026-04-09T09:48:09.501478+00:00,35.50,44.19,35.5,44.19,-89.8,437106872.39073974,6843.2,685.1,-4693.5,0
2026-04-09T09:48:09.865533+00:00,35.63,44.35,35.63,44.35,-89.8,437106872.39073974,6817.9,683.4,-4676.1,0
2026-04-09T09:48:10.330138+00:00,35.78,44.53,35.78,44.53,-89.8,437106789.5654538,6789.6,681.6,-4656.7,0
2026-04-09T09:48:10.693598+00:00,35.94,44.72,35.94,44.72,-92.8,437106789.5654538,6759.6,679.6,-4636.2,0
2026-04-09T09:48:11.057486+00:00,36.07,44.88,36.07,44.88,-89.8,437106789.5654538,6733.7,677.9,-4618.4,0
2026-04-09T09:48:11.521478+00:00,36.23,45.07,36.23,45.07,-88.8,437106704.3103908,6704.3,676.0,-4598.3,0
2026-04-09T09:48:11.885666+00:00,36.39,45.25,36.39,45.25,-88.8,437106704.3103908,6673.7,674.1,-4577.3,0
2026-04-09T09:48:12.253541+00:00,36.53,45.42,36.53,45.42,-89.8,437106704.3103908,6647.1,672.4,-4559.0,0
2026-04-09T09:48:12.721295+00:00,36.69,45.60,36.69,45.6,-89.8,437106617.3901509,6617.4,670.6,-4538.6,0
2026-04-09T09:48:13.082453+00:00,36.86,45.79,36.86,45.79,-90.8,437106617.3901509,6586.0,668.7,-4517.1,0
2026-04-09T09:48:13.450840+00:00,37.01,45.96,37.01,45.96,-89.8,437106617.3901509,6558.4,667.0,-4498.2,0
2026-04-09T09:48:13.918901+00:00,37.17,46.15,37.17,46.15,-91.8,437106527.62579745,6527.6,665.2,-4477.1,0
2026-04-09T09:48:14.286296+00:00,37.35,46.34,37.35,46.34,-91.8,437106527.62579745,6495.1,663.3,-4454.8,0
2026-04-09T09:48:14.651074+00:00,37.50,46.51,37.5,46.51,-91.8,437106527.62579745,6467.2,661.6,-4435.6,0
2026-04-09T09:48:15.118747+00:00,37.67,46.70,37.67,46.7,-88.8,437106435.66944754,6435.7,659.8,-4414.0,0
2026-04-09T09:48:15.486825+00:00,37.85,46.90,37.85,46.9,-90.8,437106435.66944754,6402.3,657.9,-4391.1,0
2026-04-09T09:48:15.954834+00:00,38.04,47.10,38.04,47.1,-88.8,437106384.5359163,6368.7,656.1,-4368.1,0
2026-04-09T09:48:16.322566+00:00,38.22,47.29,38.22,47.29,-93.8,437106384.5359163,6336.4,654.3,-4345.9,0
2026-04-09T09:48:16.687154+00:00,38.38,47.46,38.38,47.46,-91.8,437106384.5359163,6307.3,652.7,-4326.0,0
2026-04-09T09:48:17.158541+00:00,38.57,47.66,38.57,47.66,-94.8,437106289.0413324,6272.8,650.9,-4302.3,0
2026-04-09T09:48:17.522821+00:00,38.76,47.85,38.76,47.85,-89.8,437106289.0413324,6239.8,649.1,-4279.7,0
2026-04-09T09:48:17.895364+00:00,38.93,48.03,38.93,48.03,-92.8,437106289.0413324,6209.6,647.5,-4259.0,0
2026-04-09T09:48:18.358827+00:00,39.14,48.25,39.14,48.25,-89.8,437106190.5808971,6171.0,645.6,-4232.5,0
2026-04-09T09:48:18.786422+00:00,39.32,48.43,39.32,48.43,-91.8,437106140.4006244,6140.4,644.0,-4211.5,0
2026-04-09T09:48:19.194999+00:00,39.52,48.63,39.52,48.63,-92.8,437106140.4006244,6104.5,642.2,-4186.9,0
2026-04-09T09:48:19.622851+00:00,39.75,48.85,39.75,48.85,-89.8,437106082.0176292,6065.0,640.3,-4159.8,0
2026-04-09T09:48:19.990880+00:00,39.93,49.03,39.93,49.03,-91.8,437106082.0176292,6033.5,638.7,-4138.2,0
2026-04-09T09:48:20.400074+00:00,40.13,49.23,40.13,49.23,-91.8,437106082.0176292,5998.5,637.0,-4114.2,0
2026-04-09T09:48:20.830131+00:00,40.35,49.44,40.35,49.44,-89.8,437105978.841447,5961.5,635.3,-4088.8,0
2026-04-09T09:48:21.194971+00:00,40.54,49.62,40.54,49.62,-93.8,437105978.841447,5929.4,633.8,-4066.8,0
2026-04-09T09:48:21.602884+00:00,40.75,49.81,40.75,49.81,-91.8,437105978.841447,5893.5,632.1,-4042.1,0
2026-04-09T09:48:22.030565+00:00,40.97,50.02,40.97,50.02,-91.8,437105873.42236626,5855.6,630.4,-4016.1,0
2026-04-09T09:48:22.458907+00:00,41.17,50.20,41.17,50.2,-91.8,437105822.67291486,5822.7,628.9,-3993.6,0
2026-04-09T09:48:22.866369+00:00,41.42,50.43,41.42,50.43,-90.8,437105822.67291486,5780.5,627.1,-3964.7,0
2026-04-09T09:48:23.294351+00:00,41.65,50.65,41.65,50.65,-93.8,437105760.0287328,5741.7,625.4,-3938.0,0
2026-04-09T09:48:23.722660+00:00,41.86,50.83,41.86,50.83,-95.8,437105708.0042358,5708.0,623.9,-3914.9,0
2026-04-09T09:48:24.131217+00:00,42.12,51.06,42.12,51.06,-96.8,437105708.0042358,5665.1,622.1,-3885.5,0
2026-04-09T09:48:24.558846+00:00,42.36,51.27,42.36,51.27,-89.8,437105643.74542296,5625.4,620.5,-3858.3,0
2026-04-09T09:48:24.986435+00:00,42.58,51.45,42.58,51.45,-95.8,437105590.9666486,5591.0,619.1,-3834.7,0
2026-04-09T09:48:25.391171+00:00,42.85,51.69,42.85,51.69,-92.8,437105590.9666486,5546.7,617.3,-3804.3,0
2026-04-09T09:48:25.818609+00:00,43.11,51.90,43.11,51.9,-93.8,437105525.1401916,5506.0,615.6,-3776.4,0
2026-04-09T09:48:26.246349+00:00,43.33,52.09,43.33,52.09,-94.8,437105470.66883147,5470.7,614.3,-3752.2,0
2026-04-09T09:48:26.654542+00:00,43.61,52.32,43.61,52.32,-94.8,437105470.66883147,5425.4,612.5,-3721.1,0
2026-04-09T09:48:27.082835+00:00,43.88,52.54,43.88,52.54,-94.8,437105403.3986042,5383.7,610.9,-3692.5,0
2026-04-09T09:48:27.510511+00:00,44.11,52.72,44.11,52.72,-92.8,437105347.57815886,5347.6,609.6,-3667.7,0
2026-04-09T09:48:27.917155+00:00,44.41,52.96,44.41,52.96,-91.8,437105347.57815886,5301.2,607.9,-3635.9,0
2026-04-09T09:48:28.350322+00:00,44.69,53.18,44.69,53.18,-95.8,437105278.8954858,5258.9,606.3,-3606.9,0
2026-04-09T09:48:28.775601+00:00,44.93,53.36,44.93,53.36,-95.8,437105222.1395799,5222.1,605.0,-3581.7,0
2026-04-09T09:48:29.179193+00:00,45.24,53.60,45.24,53.6,-90.8,437105222.1395799,5174.7,603.3,-3549.1,0
2026-04-09T09:48:29.607378+00:00,45.54,53.82,45.54,53.82,-92.8,437105151.581714,5131.1,601.8,-3519.2,0
2026-04-09T09:48:30.038589+00:00,45.79,54.01,45.79,54.01,-94.8,437105093.25638413,5093.3,600.5,-3493.3,0
2026-04-09T09:48:30.442865+00:00,46.12,54.25,46.12,54.25,-91.8,437105093.25638413,5044.8,598.9,-3460.1,0
2026-04-09T09:48:30.872202+00:00,46.42,54.46,46.42,54.46,-89.8,437105021.2419334,5000.2,597.4,-3429.5,0
2026-04-09T09:48:31.298269+00:00,46.69,54.65,46.69,54.65,-95.8,437104961.58780813,4961.6,596.2,-3403.0,0
2026-04-09T09:48:31.706601+00:00,47.03,54.89,47.03,54.89,-91.8,437104961.58780813,4912.1,594.6,-3369.0,0
2026-04-09T09:48:32.134543+00:00,47.35,55.11,47.35,55.11,-101.8,437104887.9989502,4866.5,593.2,-3337.8,0
2026-04-09T09:48:32.562566+00:00,47.63,55.30,47.63,55.3,-92.8,437104827.0114019,4827.0,591.9,-3310.7,0
2026-04-09T09:48:32.970965+00:00,47.99,55.54,47.99,55.54,-95.8,437104827.0114019,4776.4,590.4,-3276.0,0
2026-04-09T09:48:33.397937+00:00,48.32,55.76,48.32,55.76,-94.8,437104751.7943868,4730.3,589.0,-3244.3,0
2026-04-09T09:48:33.822316+00:00,48.61,55.95,48.61,55.95,-94.8,437104689.966419,4690.0,587.8,-3216.7,0
2026-04-09T09:48:34.231079+00:00,48.99,56.19,48.99,56.19,-94.8,437104689.966419,4638.3,586.3,-3181.3,0
2026-04-09T09:48:34.658884+00:00,49.34,56.41,49.34,56.41,-95.8,437104613.1685893,4590.8,585.0,-3148.7,0
2026-04-09T09:48:35.086828+00:00,49.64,56.60,49.64,56.6,-96.8,437104549.6373569,4549.6,583.8,-3120.4,0
2026-04-09T09:48:35.494998+00:00,50.04,56.84,50.04,56.84,-97.8,437104549.6373569,4496.9,582.4,-3084.3,0
2026-04-09T09:48:35.923341+00:00,50.41,57.06,50.41,57.06,-95.8,437104471.2373552,4448.4,581.0,-3051.0,0
2026-04-09T09:48:36.350328+00:00,50.72,57.24,50.72,57.24,-97.8,437104406.91980904,4406.9,579.9,-3022.6,0
2026-04-09T09:48:36.759101+00:00,51.14,57.48,51.14,57.48,-96.8,437104406.91980904,4353.0,578.5,-2985.6,0
2026-04-09T09:48:37.186682+00:00,51.52,57.70,51.52,57.7,-99.8,437104326.40896946,4303.5,577.3,-2951.6,0
2026-04-09T09:48:37.614589+00:00,51.86,57.89,51.86,57.89,-98.8,437104260.8288363,4260.8,576.2,-2922.4,0
2026-04-09T09:48:38.021497+00:00,52.30,58.13,52.3,58.13,-94.8,437104260.8288363,4205.3,574.8,-2884.3,0
2026-04-09T09:48:38.449729+00:00,52.70,58.34,52.7,58.34,-95.8,437104178.94257057,4155.5,573.6,-2850.1,0
2026-04-09T09:48:38.869543+00:00,53.05,58.53,53.05,58.53,-96.8,437104112.3109341,4112.3,572.6,-2820.5,0
2026-04-09T09:48:39.273604+00:00,53.50,58.76,53.5,58.76,-99.8,437104112.3109341,4056.9,571.3,-2782.5,0
2026-04-09T09:48:39.697713+00:00,53.92,58.98,53.92,58.98,-97.8,437104029.8707961,4006.0,570.1,-2747.6,0
2026-04-09T09:48:40.121484+00:00,54.29,59.16,54.29,59.16,-95.8,437103962.0192875,3962.0,569.1,-2717.4,0
2026-04-09T09:48:40.525467+00:00,54.77,59.40,54.77,59.4,-95.8,437103962.0192875,3905.1,567.8,-2678.4,0
2026-04-09T09:48:40.953477+00:00,55.21,59.61,55.21,59.61,-93.8,437103878.0830532,3853.3,566.7,-2642.8,0
2026-04-09T09:48:41.378172+00:00,55.60,59.79,55.6,59.79,-95.8,437103808.48948056,3808.5,565.8,-2612.1,0
2026-04-09T09:48:41.781490+00:00,56.09,60.02,56.09,60.02,-95.8,437103808.48948056,3751.1,564.6,-2572.8,0
2026-04-09T09:48:42.205537+00:00,56.56,60.23,56.56,60.23,-95.8,437103723.06960845,3698.3,563.5,-2536.6,0
2026-04-09T09:48:42.629522+00:00,56.96,60.41,56.96,60.41,-93.8,437103652.77906793,3652.8,562.6,-2505.3,0
2026-04-09T09:48:43.034854+00:00,57.49,60.64,57.49,60.64,-100.8,437103652.77906793,3593.9,561.4,-2464.9,0
2026-04-09T09:48:43.465545+00:00,57.98,60.85,57.98,60.85,-93.8,437103565.3619091,3540.2,560.4,-2428.1,0
2026-04-09T09:48:43.885604+00:00,58.40,61.03,58.4,61.03,-94.8,437103494.03161186,3494.0,559.5,-2396.4,0
2026-04-09T09:48:44.289603+00:00,58.96,61.25,58.96,61.25,-97.8,437103494.03161186,3434.1,558.4,-2355.3,0
2026-04-09T09:48:44.713573+00:00,59.47,61.46,59.47,61.46,-95.8,437103405.5793238,3379.5,557.4,-2317.9,0
2026-04-09T09:48:45.137502+00:00,59.92,61.63,59.92,61.63,-100.8,437103332.4514329,3332.5,556.5,-2285.6,0
2026-04-09T09:48:45.545462+00:00,60.50,61.85,60.5,61.85,-97.8,437103332.4514329,3272.2,555.5,-2244.3,0
2026-04-09T09:48:45.969510+00:00,61.03,62.05,61.03,62.05,-97.8,437103242.73904943,3216.7,554.5,-2206.3,0
2026-04-09T09:48:46.393486+00:00,61.50,62.22,61.5,62.22,-98.8,437103168.9903658,3169.0,553.7,-2173.5,0
2026-04-09T09:48:46.797494+00:00,62.11,62.44,62.11,62.44,-97.8,437103168.9903658,3107.8,552.7,-2131.5,0
2026-04-09T09:48:47.221624+00:00,62.67,62.63,62.67,62.63,-99.8,437103077.92711735,3051.6,551.8,-2093.0,0
2026-04-09T09:48:47.645480+00:00,63.17,62.80,63.17,62.8,-98.8,437103002.5584637,3002.6,551.1,-2059.4,0
2026-04-09T09:48:48.049482+00:00,63.81,63.01,63.81,63.01,-98.8,437103002.5584637,2940.5,550.1,-2016.8,0
2026-04-09T09:48:48.508914+00:00,64.40,63.20,64.4,63.2,-100.8,437102910.7293691,2883.4,549.3,-1977.6,0
2026-04-09T09:48:48.927055+00:00,64.95,63.37,64.95,63.37,-105.8,437102831.17783946,2831.2,548.5,-1941.8,0
2026-04-09T09:48:49.334331+00:00,65.62,63.58,65.62,63.58,-99.8,437102831.17783946,2767.5,547.6,-1898.2,0
2026-04-09T09:48:49.762397+00:00,66.24,63.76,66.24,63.76,-99.8,437102736.7326233,2709.7,546.8,-1858.5,0
2026-04-09T09:48:50.190688+00:00,66.79,63.92,66.79,63.92,-104.8,437102659.4528249,2659.5,546.2,-1824.0,0
2026-04-09T09:48:50.598658+00:00,67.50,64.11,67.5,64.11,-104.8,437102659.4528249,2595.0,545.3,-1779.9,0
2026-04-09T09:48:51.026334+00:00,68.16,64.29,68.16,64.29,-100.8,437102563.2552218,2535.4,544.6,-1739.0,0
2026-04-09T09:48:51.450860+00:00,68.73,64.44,68.73,64.44,-99.8,437102484.9782039,2485.0,543.9,-1704.4,0
2026-04-09T09:48:51.859294+00:00,69.47,64.63,69.47,64.63,-98.8,437102484.9782039,2419.9,543.1,-1659.7,0
2026-04-09T09:48:52.286323+00:00,70.15,64.80,70.15,64.8,-103.8,437102388.16336757,2360.1,542.4,-1618.7,0
2026-04-09T09:48:52.714552+00:00,70.75,64.95,70.75,64.95,-101.8,437102308.4870742,2308.5,541.8,-1583.3,0
2026-04-09T09:48:53.122564+00:00,71.53,65.13,71.53,65.13,-101.8,437102308.4870742,2242.6,541.1,-1538.2,0
2026-04-09T09:48:53.554391+00:00,72.24,65.29,72.24,65.29,-99.8,437102210.6746625,2182.2,540.5,-1496.7,0
2026-04-09T09:48:53.978526+00:00,72.86,65.43,72.86,65.43,-103.8,437102130.6046783,2130.6,539.9,-1461.3,0
2026-04-09T09:48:54.385523+00:00,73.68,65.60,73.68,65.6,-99.8,437102130.6046783,2063.3,539.2,-1415.2,0
2026-04-09T09:48:54.809521+00:00,74.42,65.75,74.42,65.75,-100.8,437102031.3493861,2003.0,538.7,-1373.8,0
2026-04-09T09:48:55.233802+00:00,75.06,65.87,75.06,65.87,-100.8,437101950.887313,1950.9,538.2,-1338.0,0
2026-04-09T09:48:55.637471+00:00,75.90,66.03,75.9,66.03,-98.8,437101950.887313,1883.7,537.6,-1292.0,0
2026-04-09T09:48:56.061466+00:00,76.68,66.17,76.68,66.17,-95.8,437101851.82050115,1822.6,537.0,-1250.1,0
2026-04-09T09:48:56.485721+00:00,77.34,66.29,77.34,66.29,-99.8,437101770.54488343,1770.5,536.6,-1214.4,0
2026-04-09T09:48:56.894691+00:00,78.21,66.44,78.21,66.44,-99.8,437101770.54488343,1702.8,536.0,-1167.9,0
2026-04-09T09:48:57.317491+00:00,79.01,66.57,79.01,66.57,-101.8,437101669.9200384,1641.2,535.5,-1125.7,0
2026-04-09T09:48:57.741516+00:00,79.71,66.67,79.71,66.67,-98.8,437101588.22385496,1588.2,535.1,-1089.3,0
2026-04-09T09:48:58.145669+00:00,80.61,66.81,80.61,66.81,-98.8,437101588.22385496,1520.5,534.6,-1042.8,0
2026-04-09T09:48:58.573550+00:00,81.44,66.93,81.44,66.93,-101.8,437101487.4403412,1458.4,534.2,-1000.3,0
2026-04-09T09:48:58.993524+00:00,82.16,67.02,82.16,67.02,-101.8,437101404.39000005,1404.4,533.8,-963.2,0
2026-04-09T09:48:59.402317+00:00,83.09,67.14,83.09,67.14,-101.8,437101404.39000005,1336.2,533.4,-916.4,0
2026-04-09T09:48:59.830531+00:00,83.95,67.25,83.95,67.25,-98.8,437101302.8251559,1273.5,533.0,-873.4,0
2026-04-09T09:49:00.259011+00:00,84.71,67.34,84.71,67.34,-100.8,437101218.693144,1218.7,532.7,-835.9,0
2026-04-09T09:49:00.666852+00:00,85.67,67.44,85.67,67.44,-101.8,437101218.693144,1149.3,532.3,-788.3,0
2026-04-09T09:49:01.095942+00:00,86.55,67.53,86.55,67.53,-100.8,437101115.85734785,1086.6,532.0,-745.2,0
2026-04-09T09:49:01.523623+00:00,87.32,67.61,87.32,67.61,-98.8,437101032.09909296,1032.1,531.7,-707.9,0
2026-04-09T09:49:01.931420+00:00,88.31,67.70,88.31,67.7,-98.8,437101032.09909296,962.3,531.4,-660.0,0
2026-04-09T09:49:02.360360+00:00,89.22,67.77,89.22,67.77,-96.8,437100927.8733653,898.5,531.1,-616.3,0
2026-04-09T09:49:02.787977+00:00,90.01,67.84,90.01,67.84,-100.8,437100843.6428417,843.6,530.9,-578.6,0
2026-04-09T09:49:03.293755+00:00,91.11,67.92,91.11,67.92,-101.8,437100767.1259527,767.1,530.6,-526.1,0
2026-04-09T09:49:03.661741+00:00,92.03,67.98,92.03,67.98,-99.8,437100767.1259527,703.6,530.4,-482.6,0
2026-04-09T09:49:04.129686+00:00,92.98,68.03,92.98,68.03,-102.8,437100669.27923536,638.9,530.2,-438.2,0
2026-04-09T09:49:04.557792+00:00,93.88,68.08,93.88,68.08,-99.8,437100577.7592469,577.8,530.0,-396.3,0
2026-04-09T09:49:04.921638+00:00,94.82,68.13,94.82,68.13,-100.8,437100577.7592469,513.5,529.9,-352.2,0
2026-04-09T09:49:05.394887+00:00,95.86,68.17,95.86,68.17,-103.8,437100480.23120195,443.2,529.7,-304.0,0
2026-04-09T09:49:05.817771+00:00,96.67,68.20,96.67,68.2,-100.8,437100388.46564615,388.5,529.6,-266.4,0
2026-04-09T09:49:06.225903+00:00,97.62,68.23,97.62,68.23,-101.8,437100388.46564615,324.2,529.5,-222.4,0
2026-04-09T09:49:06.650036+00:00,98.67,68.26,98.67,68.26,-101.8,437100284.06038153,253.6,529.4,-173.9,0
2026-04-09T09:49:07.077698+00:00,99.49,68.27,99.49,68.27,-99.8,437100198.7614688,198.8,529.4,-136.3,0
2026-04-09T09:49:07.486319+00:00,100.54,68.29,100.54,68.29,-101.8,437100198.7614688,128.3,529.3,-88.0,0
2026-04-09T09:49:07.913930+00:00,101.50,68.29,101.5,68.29,-101.8,437100094.2121631,63.8,529.3,-43.8,0
2026-04-09T09:49:08.341712+00:00,102.33,68.30,102.33,68.3,-100.8,437100008.3317758,8.3,529.3,-5.7,0
2026-04-09T09:49:08.749710+00:00,103.39,68.29,103.39,68.29,-102.8,437100008.3317758,-62.3,529.3,42.8,0
2026-04-09T09:49:09.173712+00:00,104.34,68.28,104.34,68.28,-98.8,437099903.80970514,-126.1,529.3,86.5,0
2026-04-09T09:49:09.601708+00:00,105.17,68.27,105.17,68.27,-101.8,437099818.47109187,-181.5,529.4,124.5,0
2026-04-09T09:49:10.010415+00:00,106.21,68.25,106.21,68.25,-103.8,437099818.47109187,-252.0,529.4,172.8,0
2026-04-09T09:49:10.440658+00:00,107.17,68.22,107.17,68.22,-101.8,437099713.9217083,-316.5,529.5,217.1,0
2026-04-09T09:49:10.865594+00:00,107.99,68.20,107.99,68.2,-101.8,437099628.1796042,-371.8,529.6,255.0,0
2026-04-09T09:49:11.272645+00:00,109.03,68.16,109.03,68.16,-104.8,437099628.1796042,-442.2,529.7,303.3,0
2026-04-09T09:49:11.697717+00:00,109.97,68.11,109.97,68.11,-99.8,437099524.0620658,-505.9,529.9,347.0,0
2026-04-09T09:49:12.121480+00:00,110.78,68.07,110.78,68.07,-101.8,437099438.85941774,-561.1,530.0,384.9,0
2026-04-09T09:49:12.525593+00:00,111.80,68.02,111.8,68.02,-100.8,437099438.85941774,-630.7,530.2,432.6,0
2026-04-09T09:49:12.951009+00:00,112.73,67.96,112.73,67.96,-98.8,437099336.0334549,-694.3,530.4,476.2,0
2026-04-09T09:49:13.377488+00:00,113.52,67.91,113.52,67.91,-97.8,437099251.1870774,-748.8,530.6,513.6,0
2026-04-09T09:49:13.781515+00:00,114.52,67.83,114.52,67.83,-100.8,437099251.1870774,-818.2,530.8,561.2,0
2026-04-09T09:49:14.205598+00:00,115.44,67.76,115.44,67.76,-101.8,437099148.16618246,-882.1,531.1,605.0,0
2026-04-09T09:49:14.629484+00:00,116.21,67.69,116.21,67.69,-101.8,437099063.6745628,-936.3,531.3,642.2,0
2026-04-09T09:49:15.038601+00:00,117.19,67.60,117.19,67.6,-103.8,437099063.6745628,-1005.4,531.6,689.6,0
2026-04-09T09:49:15.461608+00:00,118.08,67.52,118.08,67.52,-101.8,437098960.9019493,-1068.4,531.9,732.8,0
2026-04-09T09:49:15.885772+00:00,118.84,67.44,118.84,67.44,-99.8,437098877.5636373,-1122.4,532.2,769.8,0
2026-04-09T09:49:16.289503+00:00,119.79,67.33,119.79,67.33,-99.8,437098877.5636373,-1191.2,532.5,817.0,0
2026-04-09T09:49:16.719040+00:00,120.65,67.23,120.65,67.23,-99.8,437098775.4952,-1253.8,532.9,860.0,0
2026-04-09T09:49:17.137664+00:00,121.39,67.14,121.39,67.14,-101.8,437098692.5877765,-1307.4,533.2,896.7,0
2026-04-09T09:49:17.541478+00:00,122.32,67.02,122.32,67.02,-100.8,437098692.5877765,-1376.4,533.7,944.0,0
2026-04-09T09:49:17.965518+00:00,123.16,66.91,123.16,66.91,-97.8,437098591.0240892,-1438.7,534.1,986.8,0
2026-04-09T09:49:18.394589+00:00,123.88,66.81,123.88,66.81,-100.8,437098507.9280074,-1492.1,534.4,1023.4,0
2026-04-09T09:49:18.802376+00:00,124.78,66.67,124.78,66.67,-104.8,437098507.9280074,-1560.5,534.9,1070.3,0
2026-04-09T09:49:19.230527+00:00,125.59,66.55,125.59,66.55,-101.8,437098406.48249865,-1622.4,535.4,1112.8,0
2026-04-09T09:49:19.658523+00:00,126.29,66.43,126.29,66.43,-100.8,437098324.1438089,-1675.9,535.8,1149.4,0
2026-04-09T09:49:20.062346+00:00,127.16,66.29,127.16,66.29,-98.8,437098324.1438089,-1743.7,536.3,1196.0,0
2026-04-09T09:49:20.490873+00:00,127.95,66.15,127.95,66.15,-99.8,437098223.5202097,-1805.6,536.9,1238.4,0
2026-04-09T09:49:20.918535+00:00,128.62,66.03,128.62,66.03,-97.8,437098141.2858161,-1858.7,537.3,1274.8,0
2026-04-09T09:49:21.326322+00:00,129.46,65.87,129.46,65.87,-99.8,437098141.2858161,-1926.0,537.9,1321.0,0
2026-04-09T09:49:21.758721+00:00,130.22,65.72,130.22,65.72,-97.8,437098041.5460634,-1987.4,538.5,1363.1,0
2026-04-09T09:49:22.182679+00:00,130.86,65.58,130.86,65.58,-101.8,437097960.0604298,-2039.9,539.0,1399.1,0
2026-04-09T09:49:22.590822+00:00,131.66,65.42,131.66,65.42,-97.8,437097960.0604298,-2106.1,539.7,1444.5,0
2026-04-09T09:49:23.013482+00:00,132.39,65.26,132.39,65.26,-102.8,437097861.2045238,-2166.9,540.3,1486.2,0
2026-04-09T09:49:23.438135+00:00,133.00,65.12,133.0,65.12,-100.8,437097781.20715535,-2218.8,540.9,1521.8,0
2026-04-09T09:49:23.845472+00:00,133.77,64.94,133.77,64.94,-97.8,437097781.20715535,-2284.2,541.6,1566.7,0
2026-04-09T09:49:24.269536+00:00,134.46,64.77,134.46,64.77,-101.8,437097684.1265955,-2343.7,542.2,1607.5,0
2026-04-09T09:49:24.693613+00:00,135.05,64.63,135.05,64.63,-100.8,437097605.34625137,-2394.7,542.8,1642.4,0
2026-04-09T09:49:25.097481+00:00,135.78,64.44,135.78,64.44,-97.8,437097605.34625137,-2459.3,543.6,1686.8,0
2026-04-09T09:49:25.521493+00:00,136.44,64.26,136.44,64.26,-102.8,437097509.33730656,-2518.2,544.3,1727.2,0
2026-04-09T09:49:25.945611+00:00,137.00,64.11,137.0,64.11,-99.8,437097431.45593727,-2568.5,545.0,1761.7,0
2026-04-09T09:49:26.349488+00:00,137.70,63.91,137.7,63.91,-97.8,437097431.45593727,-2633.0,545.8,1805.9,0
2026-04-09T09:49:26.773559+00:00,138.33,63.73,138.33,63.73,-96.8,437097336.60172397,-2691.1,546.6,1845.8,0
2026-04-09T09:49:27.197545+00:00,138.87,63.57,138.87,63.57,-97.8,437097259.14003044,-2740.9,547.3,1879.9,0
2026-04-09T09:49:27.605497+00:00,139.54,63.37,139.54,63.37,-97.8,437097259.14003044,-2804.0,548.1,1923.1,0
2026-04-09T09:49:28.030124+00:00,140.14,63.18,140.14,63.18,-97.8,437097165.48326373,-2861.4,549.0,1962.5,0
2026-04-09T09:49:28.458913+00:00,140.65,63.02,140.65,63.02,-98.8,437097089.0107807,-2911.0,549.7,1996.6,0
2026-04-09T09:49:28.866983+00:00,141.30,62.80,141.3,62.8,-99.8,437097089.0107807,-2973.8,550.6,2039.6,0
2026-04-09T09:49:29.293626+00:00,141.87,62.61,141.87,62.61,-100.8,437096995.8867068,-3030.4,551.5,2078.4,0
2026-04-09T09:49:29.717560+00:00,142.36,62.44,142.36,62.44,-98.8,437096920.72094977,-3079.3,552.3,2112.0,0
2026-04-09T09:49:30.121491+00:00,142.97,62.22,142.97,62.22,-97.8,437096920.72094977,-3140.7,553.3,2154.1,0
2026-04-09T09:49:30.545487+00:00,143.51,62.03,143.51,62.03,-100.8,437096829.63492,-3196.5,554.2,2192.4,0
2026-04-09T09:49:30.969478+00:00,143.98,61.85,143.98,61.85,-98.8,437096755.3270246,-3244.7,555.0,2225.4,0
2026-04-09T09:49:31.373470+00:00,144.56,61.63,144.56,61.63,-101.8,437096755.3270246,-3305.1,556.0,2266.9,0
2026-04-09T09:49:31.800761+00:00,145.08,61.43,145.08,61.43,-98.8,437096666.13327354,-3360.1,557.0,2304.6,0
2026-04-09T09:49:32.225893+00:00,145.52,61.25,145.52,61.25,-104.8,437096592.96302354,-3407.0,557.9,2336.8,0
2026-04-09T09:49:32.629478+00:00,146.07,61.03,146.07,61.03,-97.8,437096592.96302354,-3466.6,559.0,2377.6,0
2026-04-09T09:49:33.053471+00:00,146.57,60.82,146.57,60.82,-97.8,437096504.6260662,-3520.7,560.0,2414.7,0
2026-04-09T09:49:33.477591+00:00,146.98,60.64,146.98,60.64,-97.8,437096433.1206371,-3566.9,560.9,2446.4,0
2026-04-09T09:49:33.882254+00:00,147.51,60.41,147.51,60.41,-99.8,437096433.1206371,-3625.5,562.0,2486.6,0
2026-04-09T09:49:34.306977+00:00,147.98,60.20,147.98,60.2,-97.8,437096346.1131872,-3679.2,563.1,2523.4,0
2026-04-09T09:49:34.734661+00:00,148.38,60.02,148.38,60.02,-95.8,437096275.3741381,-3724.6,564.0,2554.6,0
2026-04-09T09:49:35.142704+00:00,148.89,59.79,148.89,59.79,-99.8,437096275.3741381,-3782.7,565.2,2594.4,0
2026-04-09T09:49:35.570907+00:00,149.34,59.57,149.34,59.57,-97.8,437096189.2701125,-3835.5,566.3,2630.7,0
2026-04-09T09:49:35.998455+00:00,149.72,59.39,149.72,59.39,-101.8,437096119.319157,-3880.7,567.3,2661.6,0
2026-04-09T09:49:36.407721+00:00,150.20,59.16,150.2,59.16,-95.8,437096119.319157,-3937.3,568.5,2700.5,0
2026-04-09T09:49:36.834200+00:00,150.63,58.94,150.63,58.94,-96.8,437096034.63078094,-3989.1,569.7,2736.0,0
2026-04-09T09:49:37.260154+00:00,151.00,58.75,151.0,58.75,-99.8,437095966.5357964,-4033.5,570.7,2766.4,0
2026-04-09T09:49:37.666580+00:00,151.45,58.51,151.45,58.51,-98.8,437095966.5357964,-4089.5,572.0,2804.9,0
2026-04-09T09:49:38.093479+00:00,151.86,58.30,151.86,58.3,-98.8,437095883.4937314,-4140.3,573.2,2839.7,0
2026-04-09T09:49:38.517469+00:00,152.21,58.11,152.21,58.11,-95.8,437095816.6527909,-4183.3,574.3,2869.2,0
2026-04-09T09:49:38.921544+00:00,152.64,57.87,152.64,57.87,-98.8,437095816.6527909,-4238.0,575.6,2906.7,0
2026-04-09T09:49:39.345470+00:00,153.03,57.66,153.03,57.66,-95.8,437095735.6240308,-4288.0,576.9,2941.0,0
2026-04-09T09:49:39.773488+00:00,153.36,57.47,153.36,57.47,-96.8,437095669.78333557,-4330.2,577.9,2970.0,0
2026-04-09T09:49:40.177577+00:00,153.77,57.23,153.77,57.23,-94.8,437095669.78333557,-4383.7,579.3,3006.6,0
2026-04-09T09:49:40.601480+00:00,154.14,57.01,154.14,57.01,-97.8,437095590.4169047,-4432.3,580.6,3039.9,0
2026-04-09T09:49:41.025468+00:00,154.45,56.83,154.45,56.83,-95.8,437095526.3083066,-4473.7,581.7,3068.4,0
2026-04-09T09:49:41.429466+00:00,154.85,56.59,154.85,56.59,-95.8,437095526.3083066,-4526.2,583.1,3104.3,0
2026-04-09T09:49:41.856871+00:00,155.20,56.37,155.2,56.37,-93.8,437095448.5112996,-4574.2,584.5,3137.3,0
2026-04-09T09:49:42.277636+00:00,155.50,56.18,155.5,56.18,-95.8,437095385.22033966,-4614.8,585.6,3165.1,0
2026-04-09T09:49:42.686810+00:00,155.88,55.94,155.88,55.94,-95.8,437095385.22033966,-4666.2,587.1,3200.4,0
2026-04-09T09:49:43.110885+00:00,156.21,55.72,156.21,55.72,-97.8,437095308.83399874,-4712.9,588.5,3232.4,0
2026-04-09T09:49:43.538862+00:00,156.50,55.53,156.5,55.53,-97.8,437095246.9476536,-4753.1,589.7,3260.0,0
2026-04-09T09:49:43.946543+00:00,156.86,55.29,156.86,55.29,-95.8,437095246.9476536,-4803.8,591.2,3294.8,0
2026-04-09T09:49:44.375556+00:00,157.18,55.07,157.18,55.07,-95.8,437095171.7498603,-4849.9,592.6,3326.4,0
2026-04-09T09:49:44.802124+00:00,157.46,54.88,157.46,54.88,-95.8,437095110.7171052,-4889.3,593.8,3353.4,0
2026-04-09T09:49:45.211031+00:00,157.80,54.64,157.8,54.64,-95.8,437095110.7171052,-4939.0,595.4,3387.5,0
2026-04-09T09:49:45.638533+00:00,158.11,54.42,158.11,54.42,-99.8,437095037.0463766,-4984.2,596.9,3418.5,0
2026-04-09T09:49:46.066856+00:00,158.37,54.24,158.37,54.24,-100.8,437094977.81085926,-5022.2,598.1,3444.6,0
2026-04-09T09:49:46.471138+00:00,158.70,54.00,158.7,54.0,-98.8,437094977.81085926,-5070.9,599.7,3477.9,0
2026-04-09T09:49:46.902859+00:00,159.00,53.78,159.0,53.78,-95.8,437094905.6914006,-5115.0,601.2,3508.2,0
2026-04-09T09:49:47.326854+00:00,159.25,53.59,159.25,53.59,-97.8,437094847.32691526,-5152.7,602.5,3534.0,0
2026-04-09T09:49:47.734411+00:00,159.56,53.35,159.56,53.35,-97.8,437094847.32691526,-5200.2,604.2,3566.7,0
2026-04-09T09:49:48.162598+00:00,159.84,53.13,159.84,53.13,-96.8,437094776.88793975,-5243.4,605.7,3596.3,0
2026-04-09T09:49:48.590999+00:00,160.08,52.95,160.08,52.95,-96.8,437094719.7500896,-5280.2,607.1,3621.5,0
2026-04-09T09:49:48.998166+00:00,160.38,52.71,160.38,52.71,-95.8,437094719.7500896,-5326.8,608.8,3653.5,0
2026-04-09T09:49:49.426860+00:00,160.65,52.49,160.65,52.49,-92.8,437094650.89975977,-5369.0,610.3,3682.4,0
2026-04-09T09:49:49.854139+00:00,160.88,52.31,160.88,52.31,-97.8,437094595.0042071,-5405.0,611.7,3707.1,0
2026-04-09T09:49:50.262421+00:00,161.17,52.07,161.17,52.07,-96.8,437094595.0042071,-5450.4,613.4,3738.3,0
2026-04-09T09:49:50.690971+00:00,161.43,51.86,161.43,51.86,-95.8,437094527.7165379,-5491.4,615.0,3766.3,0
2026-04-09T09:49:51.119976+00:00,161.64,51.67,161.64,51.67,-95.8,437094473.5779995,-5526.4,616.4,3790.4,0
2026-04-09T09:49:51.527900+00:00,161.92,51.44,161.92,51.44,-94.8,437094473.5779995,-5570.9,618.2,3820.9,0
2026-04-09T09:49:51.953629+00:00,162.17,51.22,162.17,51.22,-95.8,437094407.2407412,-5611.2,619.8,3848.5,0
2026-04-09T09:49:52.378346+00:00,162.38,51.04,162.38,51.04,-99.8,437094354.4395414,-5645.6,621.3,3872.1,0
2026-04-09T09:49:52.786836+00:00,162.64,50.81,162.64,50.81,-95.8,437094354.4395414,-5688.9,623.1,3901.9,0
2026-04-09T09:49:53.209686+00:00,162.88,50.59,162.88,50.59,-95.8,437094290.185712,-5728.3,624.7,3928.8,0
2026-04-09T09:49:53.633517+00:00,163.08,50.41,163.08,50.41,-93.8,437094238.54209125,-5761.5,626.2,3951.6,0
2026-04-09T09:49:54.042614+00:00,163.33,50.19,163.33,50.19,-91.8,437094238.54209125,-5803.5,628.0,3980.4,0
2026-04-09T09:49:54.465600+00:00,163.55,49.98,163.55,49.98,-97.8,437094176.1702179,-5841.5,629.7,4006.5,0
2026-04-09T09:49:54.890394+00:00,163.74,49.80,163.74,49.8,-91.8,437094126.07288367,-5873.9,631.2,4028.7,0
2026-04-09T09:49:55.293516+00:00,163.98,49.57,163.98,49.57,-93.8,437094126.07288367,-5914.9,633.1,4056.9,0
2026-04-09T09:49:55.718019+00:00,164.20,49.37,164.2,49.37,-94.8,437094065.2793331,-5952.1,634.8,4082.3,0
2026-04-09T09:49:56.081465+00:00,164.38,49.19,164.38,49.19,-94.8,437094065.2793331,-5983.7,636.3,4104.0,0
2026-04-09T09:49:56.485786+00:00,164.59,48.99,164.59,48.99,-95.8,437094065.2793331,-6018.6,637.9,4128.0,0
2026-04-09T09:49:56.909656+00:00,164.80,48.79,164.8,48.79,-90.8,437093962.04370576,-6055.2,639.7,4153.1,0
2026-04-09T09:49:57.273493+00:00,164.97,48.61,164.97,48.61,-92.8,437093962.04370576,-6086.1,641.2,4174.3,0
2026-04-09T09:49:57.699575+00:00,165.17,48.42,165.17,48.42,-93.8,437093962.04370576,-6120.2,642.9,4197.6,0
2026-04-09T09:49:58.128717+00:00,165.38,48.20,165.38,48.2,-98.8,437093859.39861465,-6157.3,644.8,4223.1,0
2026-04-09T09:49:58.495318+00:00,165.55,48.03,165.55,48.03,-95.8,437093859.39861465,-6187.9,646.3,4244.1,0
2026-04-09T09:49:58.902760+00:00,165.73,47.84,165.73,47.84,-93.8,437093859.39861465,-6221.2,648.1,4266.9,0
2026-04-09T09:49:59.325520+00:00,165.93,47.63,165.93,47.63,-93.8,437093760.0333311,-6256.0,649.9,4290.8,0
2026-04-09T09:49:59.689734+00:00,166.09,47.46,166.09,47.46,-92.8,437093760.0333311,-6285.8,651.5,4311.2,0
2026-04-09T09:50:00.093510+00:00,166.27,47.27,166.27,47.27,-91.8,437093760.0333311,-6318.0,653.2,4333.3,0
2026-04-09T09:50:00.517470+00:00,166.46,47.07,166.46,47.07,-92.8,437093664.01904696,-6352.1,655.1,4356.7,0
2026-04-09T09:50:00.881568+00:00,166.62,46.90,166.62,46.9,-94.8,437093664.01904696,-6380.9,656.7,4376.4,0
2026-04-09T09:50:01.285542+00:00,166.79,46.71,166.79,46.71,-94.8,437093664.01904696,-6412.6,658.4,4398.2,0
2026-04-09T09:50:01.709692+00:00,166.97,46.52,166.97,46.52,-95.8,437093570.15973943,-6445.6,660.3,4420.8,0
2026-04-09T09:50:02.073493+00:00,167.12,46.35,167.12,46.35,-91.8,437093570.15973943,-6473.7,661.9,4440.1,0
2026-04-09T09:50:02.477482+00:00,167.29,46.16,167.29,46.16,-93.8,437093570.15973943,-6504.5,663.7,4461.2,0
2026-04-09T09:50:02.910484+00:00,167.46,45.97,167.46,45.97,-91.8,437093478.5344316,-6536.8,665.6,4483.4,0
2026-04-09T09:50:03.266199+00:00,167.61,45.80,167.61,45.8,-95.8,437093478.5344316,-6564.2,667.2,4502.2,0
2026-04-09T09:50:03.673507+00:00,167.77,45.62,167.77,45.62,-95.8,437093478.5344316,-6594.5,669.1,4522.9,0
2026-04-09T09:50:04.098549+00:00,167.94,45.42,167.94,45.42,-97.8,437093388.79285944,-6625.9,671.0,4544.5,0
2026-04-09T09:50:04.466573+00:00,168.08,45.26,168.08,45.26,-95.8,437093388.79285944,-6653.0,672.7,4563.1,0
2026-04-09T09:50:04.876064+00:00,168.24,45.07,168.24,45.07,-92.8,437093388.79285944,-6682.8,674.5,4583.5,0
2026-04-09T09:50:05.302186+00:00,168.40,44.88,168.4,44.88,-93.8,437093300.7278549,-6713.4,676.5,4604.5,0
2026-04-09T09:50:05.666864+00:00,168.54,44.72,168.54,44.72,-95.8,437093300.7278549,-6739.8,678.2,4622.6,0
2026-04-09T09:50:06.074329+00:00,168.69,44.54,168.69,44.54,-95.8,437093300.7278549,-6768.9,680.1,4642.5,0
2026-04-09T09:50:06.502821+00:00,168.85,44.35,168.85,44.35,-94.8,437093215.1360546,-6799.1,682.1,4663.3,0
2026-04-09T09:50:06.866560+00:00,168.98,44.19,168.98,44.19,-92.8,437093215.1360546,-6824.5,683.7,4680.7,0
2026-04-09T09:50:07.274045+00:00,169.12,44.01,169.12,44.01,-94.8,437093215.1360546,-6852.9,685.7,4700.2,0
2026-04-09T09:50:07.702790+00:00,169.28,43.82,169.28,43.82,-94.8,437093131.52481085,-6882.4,687.7,4720.4,0
2026-04-09T09:50:08.068989+00:00,169.41,43.66,169.41,43.66,-93.8,437093131.52481085,-6907.5,689.4,4737.6,0
2026-04-09T09:50:08.473476+00:00,169.55,43.48,169.55,43.48,-92.8,437093131.52481085,-6934.8,691.3,4756.4,0
2026-04-09T09:50:08.897495+00:00,169.69,43.30,169.69,43.3,-91.8,437093049.9852494,-6963.3,693.4,4775.9,0
2026-04-09T09:50:09.261593+00:00,169.81,43.14,169.81,43.14,-95.8,437093049.9852494,-6987.6,695.1,4792.5,0
2026-04-09T09:50:09.665534+00:00,169.95,42.97,169.95,42.97,-91.8,437093049.9852494,-7014.3,697.0,4810.9,0
2026-04-09T09:50:10.089468+00:00,170.09,42.79,170.09,42.79,-93.8,437092970.92885894,-7042.0,699.1,4829.9,0
2026-04-09T09:50:10.453483+00:00,170.21,42.63,170.21,42.63,-93.8,437092970.92885894,-7066.0,700.9,4846.3,0
2026-04-09T09:50:10.857512+00:00,170.34,42.46,170.34,42.46,-94.8,437092970.92885894,-7092.0,702.8,4864.2,0
2026-04-09T09:50:11.286662+00:00,170.48,42.28,170.48,42.28,-93.8,437092893.81600535,-7119.1,704.9,4882.7,0
2026-04-09T09:50:11.645497+00:00,170.60,42.13,170.6,42.13,-91.8,437092893.81600535,-7142.2,706.7,4898.6,0
2026-04-09T09:50:12.053520+00:00,170.72,41.96,170.72,41.96,-89.8,437092893.81600535,-7167.6,708.7,4916.0,0
2026-04-09T09:50:12.477498+00:00,170.85,41.78,170.85,41.78,-91.8,437092818.35409033,-7194.0,710.7,4934.1,0
2026-04-09T09:50:12.842926+00:00,170.97,41.63,170.97,41.63,-92.8,437092818.35409033,-7216.5,712.5,4949.6,0
2026-04-09T09:50:13.250132+00:00,171.09,41.47,171.09,41.47,-91.8,437092818.35409033,-7241.3,714.5,4966.5,0
2026-04-09T09:50:13.674876+00:00,171.22,41.29,171.22,41.29,-93.8,437092744.707567,-7267.3,716.7,4984.4,0
2026-04-09T09:50:14.042832+00:00,171.33,41.14,171.33,41.14,-93.8,437092744.707567,-7289.5,718.5,4999.6,0
2026-04-09T09:50:14.449349+00:00,171.45,40.97,171.45,40.97,-89.8,437092744.707567,-7313.7,720.5,5016.2,0
2026-04-09T09:50:14.881069+00:00,171.57,40.80,171.57,40.8,-94.8,437092672.75184953,-7339.0,722.7,5033.6,0
2026-04-09T09:50:15.242995+00:00,171.68,40.65,171.68,40.65,-97.8,437092672.75184953,-7360.6,724.5,5048.4,0
2026-04-09T09:50:15.650830+00:00,171.80,40.49,171.8,40.49,-94.8,437092672.75184953,-7384.4,726.6,5064.7,0
2026-04-09T09:50:16.078866+00:00,171.92,40.32,171.92,40.32,-96.8,437092602.44635874,-7409.2,728.8,5081.7,0
2026-04-09T09:50:16.443028+00:00,172.02,40.17,172.02,40.17,-94.8,437092602.44635874,-7430.2,730.6,5096.2,0
2026-04-09T09:50:16.850109+00:00,172.13,40.01,172.13,40.01,-95.8,437092602.44635874,-7453.2,732.7,5111.9,0
2026-04-09T09:50:17.282516+00:00,172.25,39.84,172.25,39.84,-94.8,437092534.03243476,-7477.3,734.9,5128.5,0
2026-04-09T09:50:17.646860+00:00,172.35,39.70,172.35,39.7,-91.8,437092534.03243476,-7497.9,736.8,5142.6,0
2026-04-09T09:50:18.054519+00:00,172.46,39.54,172.46,39.54,-92.8,437092534.03243476,-7520.5,738.9,5158.1,0
2026-04-09T09:50:18.486302+00:00,172.58,39.37,172.58,39.37,-95.8,437092467.0359402,-7544.0,741.1,5174.2,0
2026-04-09T09:50:18.850516+00:00,172.67,39.23,172.67,39.23,-89.8,437092467.0359402,-7564.1,743.0,5187.9,0
2026-04-09T09:50:19.258436+00:00,172.78,39.07,172.78,39.07,-95.8,437092467.0359402,-7586.2,745.1,5203.1,0
2026-04-09T09:50:19.686975+00:00,172.89,38.91,172.89,38.91,-93.8,437092401.75232095,-7608.8,747.3,5218.7,0
2026-04-09T09:50:20.055586+00:00,172.98,38.77,172.98,38.77,-91.8,437092401.75232095,-7628.3,749.3,5232.0,0
2026-04-09T09:50:20.462560+00:00,173.09,38.61,173.09,38.61,-95.8,437092401.75232095,-7649.8,751.4,5246.8,0
2026-04-09T09:50:20.891955+00:00,173.20,38.45,173.2,38.45,-94.8,437092338.0911635,-7672.2,753.7,5262.1,0
2026-04-09T09:50:21.259290+00:00,173.29,38.31,173.29,38.31,-92.8,437092338.0911635,-7691.2,755.6,5275.2,0
2026-04-09T09:50:21.667896+00:00,173.39,38.15,173.39,38.15,-96.8,437092338.0911635,-7712.2,757.7,5289.5,0
2026-04-09T09:50:22.090822+00:00,173.49,37.99,173.49,37.99,-94.8,437092275.97202116,-7734.0,760.0,5304.5,0
2026-04-09T09:50:22.458932+00:00,173.58,37.86,173.58,37.86,-95.8,437092275.97202116,-7752.6,762.0,5317.2,0
2026-04-09T09:50:22.865525+00:00,173.68,37.71,173.68,37.71,-95.8,437092275.97202116,-7773.0,764.1,5331.2,0
2026-04-09T09:50:23.289477+00:00,173.78,37.55,173.78,37.55,-91.8,437092215.80068713,-7794.0,766.4,5345.7,0
2026-04-09T09:50:23.656970+00:00,173.87,37.41,173.87,37.41,-92.8,437092215.80068713,-7812.1,768.4,5358.1,0
2026-04-09T09:50:24.057460+00:00,173.96,37.27,173.96,37.27,-89.8,437092215.80068713,-7831.7,770.5,5371.5,0
2026-04-09T09:50:24.481485+00:00,174.06,37.11,174.06,37.11,-90.8,437092157.4006059,-7852.4,772.8,5385.7,0
2026-04-09T09:50:24.846145+00:00,174.14,36.98,174.14,36.98,-92.8,437092157.4006059,-7869.8,774.8,5397.7,0
2026-04-09T09:50:25.249505+00:00,174.23,36.83,174.23,36.83,-91.8,437092157.4006059,-7889.1,777.0,5410.9,0
2026-04-09T09:50:25.673499+00:00,174.33,36.68,174.33,36.68,-89.8,437092100.4457188,-7909.1,779.3,5424.6,0
2026-04-09T09:50:26.037461+00:00,174.41,36.55,174.41,36.55,-88.8,437092100.4457188,-7926.1,781.2,5436.3,0
2026-04-09T09:50:26.441456+00:00,174.50,36.41,174.5,36.41,-89.8,437092100.4457188,-7944.9,783.4,5449.1,0
2026-04-09T09:50:26.865491+00:00,174.59,36.26,174.59,36.26,-87.8,437092044.90683717,-7964.4,785.7,5462.5,0
2026-04-09T09:50:27.229634+00:00,174.67,36.13,174.67,36.13,-90.8,437092044.90683717,-7981.0,787.7,5473.9,0
2026-04-09T09:50:27.638622+00:00,174.76,35.99,174.76,35.99,-92.8,437092044.90683717,-7999.3,790.0,5486.5,0
2026-04-09T09:50:28.062794+00:00,174.85,35.84,174.85,35.84,-95.8,437091990.5127201,-8018.3,792.3,5499.5,0
2026-04-09T09:50:28.430863+00:00,174.93,35.71,174.93,35.71,-94.8,437091990.5127201,-8034.7,794.3,5510.8,0
2026-04-09T09:50:28.841538+00:00,175.01,35.57,175.01,35.57,-89.8,437091990.5127201,-8052.8,796.6,5523.1,0
2026-04-09T09:50:29.266502+00:00,175.10,35.42,175.1,35.42,-91.8,437091937.2142454,-8071.3,798.9,5535.8,0
2026-04-09T09:50:29.636038+00:00,175.18,35.30,175.18,35.3,-92.8,437091937.2142454,-8087.2,800.9,5546.8,0
2026-04-09T09:50:30.042329+00:00,175.26,35.16,175.26,35.16,-89.8,437091937.2142454,-8104.8,803.2,5558.8,0
2026-04-09T09:50:30.471725+00:00,175.34,35.01,175.34,35.01,-92.8,437091885.3424548,-8123.1,805.6,5571.4,0
2026-04-09T09:50:30.834150+00:00,175.42,34.89,175.42,34.89,-92.8,437091885.3424548,-8138.6,807.6,5582.0,0
2026-04-09T09:50:31.242192+00:00,175.50,34.75,175.5,34.75,-93.8,437091885.3424548,-8155.8,809.9,5593.8,0
2026-04-09T09:50:31.670538+00:00,175.58,34.61,175.58,34.61,-91.8,437091834.79910386,-8173.6,812.3,5606.0,0
2026-04-09T09:50:32.034296+00:00,175.66,34.48,175.66,34.48,-96.8,437091834.79910386,-8188.8,814.4,5616.4,0
2026-04-09T09:50:32.442535+00:00,175.73,34.35,175.73,34.35,-91.8,437091834.79910386,-8205.3,816.7,5627.8,0
2026-04-09T09:50:32.810396+00:00,175.80,34.23,175.8,34.23,-91.8,437091834.79910386,-8220.2,818.7,5638.0,0
2026-04-09T09:50:33.239372+00:00,175.87,34.11,175.87,34.11,-90.8,437091765.1015912,-8234.9,820.8,5648.0,0
2026-04-09T09:50:33.646844+00:00,175.96,33.95,175.96,33.95,-93.8,437091765.1015912,-8253.6,823.4,5660.9,0
2026-04-09T09:50:34.013930+00:00,176.03,33.83,176.03,33.83,-89.8,437091765.1015912,-8268.2,825.5,5670.9,0
2026-04-09T09:50:34.378657+00:00,176.10,33.71,176.1,33.71,-95.8,437091765.1015912,-8282.6,827.6,5680.8,0
2026-04-09T09:50:34.787271+00:00,176.17,33.58,176.17,33.58,-93.8,437091765.1015912,-8298.5,829.9,5691.7,0
2026-04-09T09:50:35.214520+00:00,176.25,33.45,176.25,33.45,-91.8,437091692.6639051,-8314.9,832.3,5702.9,0
2026-04-09T09:50:35.578979+00:00,176.32,33.33,176.32,33.33,-91.8,437091692.6639051,-8329.0,834.4,5712.6,0
2026-04-09T09:50:35.986348+00:00,176.39,33.20,176.39,33.2,-93.8,437091692.6639051,-8344.5,836.8,5723.2,0
2026-04-09T09:50:36.354351+00:00,176.46,33.08,176.46,33.08,-94.8,437091692.6639051,-8358.4,838.9,5732.8,0
2026-04-09T09:50:36.783457+00:00,176.52,32.97,176.52,32.97,-94.8,437091627.8109965,-8372.2,841.0,5742.2,0
2026-04-09T09:50:37.190436+00:00,176.60,32.82,176.6,32.82,-92.8,437091627.8109965,-8389.6,843.7,5754.1,0
2026-04-09T09:50:37.555537+00:00,176.67,32.70,176.67,32.7,-92.8,437091627.8109965,-8402.9,845.8,5763.3,0
2026-04-09T09:50:37.921629+00:00,176.73,32.59,176.73,32.59,-89.8,437091627.8109965,-8416.4,847.9,5772.5,0
2026-04-09T09:50:38.325472+00:00,176.80,32.46,176.8,32.46,-91.8,437091627.8109965,-8431.0,850.2,5782.5,0
2026-04-09T09:50:38.749550+00:00,176.87,32.33,176.87,32.33,-92.8,437091560.8899652,-8446.4,852.7,5793.1,0
2026-04-09T09:50:39.113511+00:00,176.93,32.22,176.93,32.22,-91.8,437091560.8899652,-8459.2,854.8,5801.9,0
2026-04-09T09:50:39.517522+00:00,177.00,32.10,177.0,32.1,-91.8,437091560.8899652,-8473.6,857.2,5811.8,0
2026-04-09T09:50:39.881697+00:00,177.06,31.98,177.06,31.98,-89.8,437091560.8899652,-8486.4,859.3,5820.5,0
2026-04-09T09:50:40.309490+00:00,177.12,31.87,177.12,31.87,-89.8,437091500.9770575,-8499.0,861.4,5829.2,0
2026-04-09T09:50:40.714760+00:00,177.20,31.73,177.2,31.73,-95.8,437091500.9770575,-8515.0,864.1,5840.2,0
2026-04-09T09:50:41.073471+00:00,177.26,31.62,177.26,31.62,-91.8,437091500.9770575,-8527.5,866.2,5848.7,0
2026-04-09T09:50:41.437476+00:00,177.31,31.52,177.31,31.52,-91.8,437091500.9770575,-8539.8,868.4,5857.2,0
2026-04-09T09:50:41.845567+00:00,177.38,31.39,177.38,31.39,-89.8,437091500.9770575,-8553.4,870.7,5866.5,0
2026-04-09T09:50:42.269522+00:00,177.45,31.27,177.45,31.27,-90.8,437091439.007418,-8567.6,873.2,5876.2,0
2026-04-09T09:50:42.633481+00:00,177.50,31.16,177.5,31.16,-87.8,437091439.007418,-8579.7,875.4,5884.5,0
2026-04-09T09:50:43.038816+00:00,177.57,31.04,177.57,31.04,-93.8,437091439.007418,-8592.9,877.7,5893.6,0
2026-04-09T09:50:43.406530+00:00,177.62,30.93,177.62,30.93,-92.8,437091439.007418,-8605.0,879.9,5901.9,0
2026-04-09T09:50:43.834322+00:00,177.68,30.83,177.68,30.83,-94.8,437091383.28414947,-8616.7,882.1,5909.9,0
2026-04-09T09:50:44.241489+00:00,177.75,30.69,177.75,30.69,-92.8,437091383.28414947,-8631.9,884.9,5920.3,0
2026-04-09T09:50:44.608111+00:00,177.81,30.59,177.81,30.59,-93.8,437091383.28414947,-8643.5,887.0,5928.3,0
2026-04-09T09:50:44.974183+00:00,177.86,30.48,177.86,30.48,-94.8,437091383.28414947,-8655.1,889.2,5936.2,0
2026-04-09T09:50:45.382861+00:00,177.92,30.36,177.92,30.36,-95.8,437091383.28414947,-8667.9,891.6,5945.0,0
2026-04-09T09:50:45.810335+00:00,177.98,30.24,177.98,30.24,-94.8,437091325.0727266,-8681.1,894.1,5954.0,0
2026-04-09T09:50:46.174686+00:00,178.04,30.14,178.04,30.14,-89.8,437091325.0727266,-8692.4,896.3,5961.8,0
2026-04-09T09:50:46.582904+00:00,178.10,30.02,178.1,30.02,-96.8,437091325.0727266,-8704.9,898.8,5970.4,0
2026-04-09T09:50:46.956213+00:00,178.15,29.92,178.15,29.92,-98.8,437091325.0727266,-8716.0,901.0,5978.0,0
2026-04-09T09:50:47.382713+00:00,178.20,29.82,178.2,29.82,-93.8,437091272.8940993,-8727.1,903.2,5985.6,0
2026-04-09T09:50:47.790426+00:00,178.27,29.68,178.27,29.68,-91.8,437091272.8940993,-8741.2,906.0,5995.3,0
2026-04-09T09:50:48.159127+00:00,178.32,29.58,178.32,29.58,-92.8,437091272.8940993,-8752.1,908.2,6002.8,0
2026-04-09T09:50:48.522667+00:00,178.38,29.48,178.38,29.48,-96.8,437091272.8940993,-8762.9,910.4,6010.2,0
2026-04-09T09:50:48.930381+00:00,178.43,29.37,178.43,29.37,-92.8,437091272.8940993,-8774.7,912.8,6018.3,0
