t,az_cmd,el_cmd,az_act,el_act,rssi,freq_hz,doppler_hz,range_km,range_rate,packets
2026-04-09T15:27:16.166579+00:00,82.44,32.90,82.44,32.9,-105.7,437652405.5624107,2405.6,1081.1,-1647.8,1
2026-04-09T15:27:16.507612+00:00,82.26,32.93,82.26,32.93,-111.7,437652405.5624107,2378.8,1080.5,-1629.5,1
2026-04-09T15:27:16.846877+00:00,82.10,32.95,82.1,32.95,-101.7,437652405.5624107,2355.6,1079.9,-1613.6,1
2026-04-09T15:27:17.202175+00:00,81.95,32.98,81.95,32.98,-107.7,437652405.5624107,2332.7,1079.4,-1597.9,1
2026-04-09T15:27:17.563307+00:00,81.77,33.01,81.77,33.01,-100.7,437652316.802087,2306.8,1078.8,-1580.2,1
2026-04-09T15:27:17.898178+00:00,81.62,33.03,81.62,33.03,-93.7,437652316.802087,2283.9,1078.3,-1564.5,1
2026-04-09T15:27:18.258157+00:00,81.46,33.05,81.46,33.05,-100.7,437652316.802087,2260.5,1077.7,-1548.5,1
2026-04-09T15:27:18.594164+00:00,81.29,33.08,81.29,33.08,-99.7,437652316.802087,2236.2,1077.2,-1531.8,1
2026-04-09T15:27:18.954148+00:00,81.12,33.10,81.12,33.1,-97.7,437652221.59275603,2211.5,1076.6,-1514.9,1
2026-04-09T15:27:19.315260+00:00,80.97,33.13,80.97,33.13,-101.7,437652221.59275603,2188.4,1076.1,-1499.1,1
2026-04-09T15:27:19.650943+00:00,80.80,33.15,80.8,33.15,-99.7,437652221.59275603,2163.7,1075.6,-1482.1,1
2026-04-09T15:27:19.991301+00:00,80.64,33.17,80.64,33.17,-96.7,437652221.59275603,2140.2,1075.1,-1466.0,1
2026-04-09T15:27:20.364098+00:00,80.47,33.20,80.47,33.2,-103.7,437652125.45605385,2115.4,1074.6,-1449.1,1
2026-04-09T15:27:20.696171+00:00,80.30,33.22,80.3,33.22,-95.7,437652125.45605385,2090.9,1074.0,-1432.3,1
2026-04-09T15:27:21.048426+00:00,80.15,33.24,80.15,33.24,-92.7,437652125.45605385,2067.8,1073.6,-1416.4,1
2026-04-09T15:27:21.443731+00:00,79.97,33.27,79.97,33.27,-93.7,437652052.3412868,2041.8,1073.0,-1398.6,1
2026-04-09T15:27:21.795749+00:00,79.79,33.29,79.79,33.29,-95.7,437652052.3412868,2015.9,1072.5,-1380.9,1
2026-04-09T15:27:22.151735+00:00,79.63,33.31,79.63,33.31,-93.7,437652052.3412868,1991.4,1072.0,-1364.1,1
2026-04-09T15:27:22.544551+00:00,79.45,33.33,79.45,33.33,-95.7,437651975.70771277,1965.3,1071.5,-1346.2,1
2026-04-09T15:27:22.899322+00:00,79.27,33.36,79.27,33.36,-95.7,437651975.70771277,1939.2,1071.0,-1328.4,1
2026-04-09T15:27:23.248640+00:00,79.10,33.38,79.1,33.38,-95.7,437651975.70771277,1914.8,1070.6,-1311.6,1
2026-04-09T15:27:23.648059+00:00,78.93,33.40,78.93,33.4,-94.7,437651899.2033364,1888.6,1070.1,-1293.7,1
2026-04-09T15:27:23.999791+00:00,78.75,33.42,78.75,33.42,-95.7,437651899.2033364,1862.2,1069.6,-1275.6,1
2026-04-09T15:27:24.352175+00:00,78.58,33.44,78.58,33.44,-93.7,437651899.2033364,1837.5,1069.1,-1258.7,1
2026-04-09T15:27:24.751502+00:00,78.40,33.47,78.4,33.47,-95.7,437651821.9191414,1811.1,1068.7,-1240.6,1
2026-04-09T15:27:25.108106+00:00,78.22,33.49,78.22,33.49,-91.7,437651821.9191414,1784.7,1068.2,-1222.5,1
2026-04-09T15:27:25.460167+00:00,78.05,33.51,78.05,33.51,-95.7,437651821.9191414,1759.9,1067.8,-1205.5,1
2026-04-09T15:27:25.855606+00:00,77.87,33.53,77.87,33.53,-95.7,437651744.01925325,1733.5,1067.3,-1187.5,1
2026-04-09T15:27:26.208055+00:00,77.69,33.55,77.69,33.55,-95.7,437651744.01925325,1707.0,1066.9,-1169.3,1
2026-04-09T15:27:26.564105+00:00,77.52,33.57,77.52,33.57,-96.7,437651744.01925325,1682.1,1066.5,-1152.2,1
2026-04-09T15:27:26.959880+00:00,77.34,33.59,77.34,33.59,-96.7,437651666.1115242,1655.3,1066.1,-1133.9,1
2026-04-09T15:27:27.312437+00:00,77.16,33.61,77.16,33.61,-95.7,437651666.1115242,1628.9,1065.6,-1115.8,1
2026-04-09T15:27:27.643714+00:00,76.99,33.63,76.99,33.63,-97.7,437651666.1115242,1604.0,1065.2,-1098.7,1
2026-04-09T15:27:28.044167+00:00,76.82,33.64,76.82,33.64,-95.7,437651589.6502731,1578.8,1064.9,-1081.5,1
2026-04-09T15:27:28.372300+00:00,76.64,33.66,76.64,33.66,-95.7,437651589.6502731,1552.2,1064.5,-1063.3,1
2026-04-09T15:27:28.729416+00:00,76.48,33.68,76.48,33.68,-94.7,437651589.6502731,1528.6,1064.1,-1047.1,1
2026-04-09T15:27:29.103047+00:00,76.29,33.70,76.29,33.7,-95.7,437651512.49812686,1502.0,1063.7,-1028.9,1
2026-04-09T15:27:29.456382+00:00,76.12,33.71,76.12,33.71,-95.7,437651512.49812686,1476.6,1063.4,-1011.5,1
2026-04-09T15:27:29.787928+00:00,75.95,33.73,75.95,33.73,-94.7,437651512.49812686,1451.4,1063.0,-994.2,1
2026-04-09T15:27:30.184178+00:00,75.78,33.75,75.78,33.75,-92.7,437651437.03731036,1426.1,1062.6,-976.9,1
2026-04-09T15:27:30.540188+00:00,75.60,33.76,75.6,33.76,-95.7,437651437.03731036,1399.5,1062.3,-958.6,1
2026-04-09T15:27:30.891039+00:00,75.42,33.78,75.42,33.78,-94.7,437651437.03731036,1374.0,1062.0,-941.2,1
2026-04-09T15:27:31.288549+00:00,75.24,33.79,75.24,33.79,-97.7,437651358.16469824,1347.2,1061.6,-922.8,1
2026-04-09T15:27:31.619632+00:00,75.06,33.81,75.06,33.81,-95.7,437651358.16469824,1320.4,1061.3,-904.5,1
2026-04-09T15:27:31.976271+00:00,74.90,33.82,74.9,33.82,-97.7,437651358.16469824,1296.6,1061.0,-888.2,1
2026-04-09T15:27:32.374958+00:00,74.71,33.84,74.71,33.84,-95.7,437651280.3418831,1269.7,1060.6,-869.7,1
2026-04-09T15:27:32.725519+00:00,74.53,33.86,74.53,33.86,-95.7,437651280.3418831,1242.5,1060.3,-851.1,1
2026-04-09T15:27:33.079054+00:00,74.35,33.87,74.35,33.87,-95.7,437651280.3418831,1217.2,1060.0,-833.8,1
2026-04-09T15:27:33.476214+00:00,74.17,33.88,74.17,33.88,-95.7,437651201.0414935,1190.0,1059.7,-815.1,1
2026-04-09T15:27:33.807340+00:00,73.99,33.90,73.99,33.9,-96.7,437651201.0414935,1163.1,1059.4,-796.7,1
2026-04-09T15:27:34.159013+00:00,73.82,33.91,73.82,33.91,-93.7,437651201.0414935,1139.1,1059.1,-780.3,1
2026-04-09T15:27:34.555437+00:00,73.64,33.92,73.64,33.92,-95.7,437651123.1776915,1112.1,1058.8,-761.8,1
2026-04-09T15:27:34.907119+00:00,73.46,33.94,73.46,33.94,-95.7,437651123.1776915,1085.3,1058.6,-743.4,1
2026-04-09T15:27:35.260263+00:00,73.28,33.95,73.28,33.95,-95.7,437651123.1776915,1059.7,1058.3,-725.9,1
2026-04-09T15:27:35.660105+00:00,73.10,33.96,73.1,33.96,-95.7,437651043.59689856,1032.6,1058.0,-707.3,1
2026-04-09T15:27:36.011077+00:00,72.91,33.97,72.91,33.97,-97.7,437651043.59689856,1005.4,1057.8,-688.7,1
2026-04-09T15:27:36.363004+00:00,72.74,33.99,72.74,33.99,-97.7,437651043.59689856,979.8,1057.5,-671.1,1
2026-04-09T15:27:36.759568+00:00,72.55,34.00,72.55,34.0,-95.7,437650963.7195751,952.6,1057.3,-652.5,1
2026-04-09T15:27:37.110725+00:00,72.37,34.01,72.37,34.01,-94.7,437650963.7195751,925.5,1057.0,-634.0,1
2026-04-09T15:27:37.454480+00:00,72.19,34.02,72.19,34.02,-100.7,437650963.7195751,900.4,1056.8,-616.8,1
2026-04-09T15:27:37.831900+00:00,72.02,34.03,72.02,34.03,-98.7,437650884.4972386,874.2,1056.6,-598.8,1
2026-04-09T15:27:38.166163+00:00,71.84,34.04,71.84,34.04,-98.7,437650884.4972386,848.3,1056.4,-581.1,1
2026-04-09T15:27:38.526225+00:00,71.66,34.05,71.66,34.05,-99.7,437650832.77028006,822.1,1056.2,-563.2,1
2026-04-09T15:27:38.887277+00:00,71.49,34.06,71.49,34.06,-95.7,437650832.77028006,797.6,1056.0,-546.3,1
2026-04-09T15:27:39.242229+00:00,71.31,34.07,71.31,34.07,-99.7,437650780.28506553,769.9,1055.8,-527.4,1
2026-04-09T15:27:39.583347+00:00,71.14,34.08,71.14,34.08,-101.7,437650780.28506553,745.3,1055.6,-510.5,1
2026-04-09T15:27:39.963370+00:00,70.96,34.08,70.96,34.08,-102.7,437650729.5676746,718.9,1055.4,-492.4,1
2026-04-09T15:27:40.298186+00:00,70.78,34.09,70.78,34.09,-97.7,437650729.5676746,693.0,1055.3,-474.7,1
2026-04-09T15:27:40.635029+00:00,70.61,34.10,70.61,34.1,-96.7,437650729.5676746,668.1,1055.1,-457.7,1
2026-04-09T15:27:41.015192+00:00,70.43,34.11,70.43,34.11,-100.7,437650652.8432614,642.2,1055.0,-439.9,1
2026-04-09T15:27:41.354125+00:00,70.26,34.12,70.26,34.12,-100.7,437650652.8432614,615.9,1054.8,-421.9,1
2026-04-09T15:27:41.690403+00:00,70.09,34.12,70.09,34.12,-101.7,437650652.8432614,591.3,1054.7,-405.0,1
2026-04-09T15:27:42.071050+00:00,69.91,34.13,69.91,34.13,-98.7,437650575.7397202,565.1,1054.5,-387.1,1
2026-04-09T15:27:42.424989+00:00,69.73,34.14,69.73,34.14,-97.7,437650575.7397202,538.4,1054.4,-368.8,1
2026-04-09T15:27:42.784622+00:00,69.55,34.14,69.55,34.14,-91.7,437650575.7397202,512.2,1054.3,-350.9,1
2026-04-09T15:27:43.156058+00:00,69.36,34.15,69.36,34.15,-97.7,437650495.5533472,484.9,1054.1,-332.1,1
2026-04-09T15:27:43.511573+00:00,69.18,34.15,69.18,34.15,-94.7,437650495.5533472,458.9,1054.0,-314.4,1
2026-04-09T15:27:43.863747+00:00,69.01,34.16,69.01,34.16,-95.7,437650495.5533472,433.0,1053.9,-296.6,1
2026-04-09T15:27:44.261621+00:00,68.82,34.16,68.82,34.16,-93.7,437650416.6858139,405.5,1053.8,-277.7,1
2026-04-09T15:27:44.592865+00:00,68.63,34.17,68.63,34.17,-95.7,437650416.6858139,378.1,1053.7,-259.0,1
2026-04-09T15:27:44.923997+00:00,68.47,34.17,68.47,34.17,-97.7,437650416.6858139,353.8,1053.6,-242.3,1
2026-04-09T15:27:45.299160+00:00,68.30,34.18,68.3,34.18,-96.7,437650338.9869171,329.3,1053.5,-225.6,1
2026-04-09T15:27:45.632387+00:00,68.11,34.18,68.11,34.18,-91.7,437650338.9869171,301.9,1053.5,-206.8,1
2026-04-09T15:27:45.961204+00:00,67.95,34.18,67.95,34.18,-95.7,437650338.9869171,277.6,1053.4,-190.2,1
2026-04-09T15:27:46.340387+00:00,67.77,34.19,67.77,34.19,-96.7,437650262.9223024,251.8,1053.3,-172.5,1
2026-04-09T15:27:46.693147+00:00,67.59,34.19,67.59,34.19,None,437650262.9223024,225.8,1053.3,-154.7,1
2026-04-09T15:27:47.043335+00:00,67.42,34.19,67.42,34.19,-94.7,437650262.9223024,199.8,1053.2,-136.8,1
2026-04-09T15:27:47.439135+00:00,67.23,34.19,67.23,34.19,-99.7,437650183.5161713,172.3,1053.2,-118.0,1
2026-04-09T15:27:47.795596+00:00,67.04,34.20,67.04,34.2,-97.7,437650183.5161713,144.9,1053.1,-99.2,1
2026-04-09T15:27:48.123304+00:00,66.87,34.20,66.87,34.2,-93.7,437650183.5161713,119.0,1053.1,-81.5,1
2026-04-09T15:27:48.524160+00:00,66.69,34.20,66.69,34.2,-97.7,437650104.2393936,93.0,1053.1,-63.7,1
2026-04-09T15:27:48.852638+00:00,66.50,34.20,66.5,34.2,-96.7,437650104.2393936,65.5,1053.1,-44.8,1
2026-04-09T15:27:49.204653+00:00,66.33,34.20,66.33,34.2,-95.7,437650104.2393936,41.1,1053.0,-28.2,1
2026-04-09T15:27:49.600635+00:00,66.15,34.20,66.15,34.2,-95.7,437650024.84195536,13.7,1053.0,-9.4,1
2026-04-09T15:27:49.955282+00:00,65.96,34.20,65.96,34.2,-97.7,437650024.84195536,-13.8,1053.0,9.5,1
2026-04-09T15:27:50.307057+00:00,65.78,34.20,65.78,34.2,-95.7,437650024.84195536,-39.9,1053.0,27.3,1
2026-04-09T15:27:50.703683+00:00,65.59,34.20,65.59,34.2,-94.7,437649943.8926485,-67.4,1053.1,46.2,1
2026-04-09T15:27:51.060059+00:00,65.41,34.20,65.41,34.2,-94.7,437649943.8926485,-94.8,1053.1,65.0,1
2026-04-09T15:27:51.411505+00:00,65.23,34.20,65.23,34.2,-95.7,437649943.8926485,-120.9,1053.1,82.8,1
2026-04-09T15:27:51.788312+00:00,65.04,34.20,65.04,34.2,-94.7,437649862.7952935,-148.2,1053.1,101.5,1
2026-04-09T15:27:52.139240+00:00,64.87,34.19,64.87,34.19,-96.7,437649862.7952935,-174.3,1053.2,119.4,1
2026-04-09T15:27:52.492428+00:00,64.69,34.19,64.69,34.19,-95.7,437649862.7952935,-200.2,1053.2,137.1,1
2026-04-09T15:27:52.888808+00:00,64.50,34.19,64.5,34.19,-95.7,437649783.4639856,-227.7,1053.3,156.0,1
2026-04-09T15:27:53.244213+00:00,64.31,34.19,64.31,34.19,-97.7,437649783.4639856,-255.2,1053.3,174.8,1
2026-04-09T15:27:53.572232+00:00,64.14,34.18,64.14,34.18,-100.7,437649783.4639856,-281.0,1053.4,192.5,1
2026-04-09T15:27:53.971378+00:00,63.96,34.18,63.96,34.18,-93.7,437649704.2406467,-307.0,1053.5,210.3,1
2026-04-09T15:27:54.324224+00:00,63.77,34.17,63.77,34.17,-95.7,437649704.2406467,-334.6,1053.6,229.2,1
2026-04-09T15:27:54.676495+00:00,63.60,34.17,63.6,34.17,-99.7,437649704.2406467,-360.4,1053.6,246.9,1
2026-04-09T15:27:55.056149+00:00,63.42,34.17,63.42,34.17,-96.7,437649623.2750787,-386.3,1053.7,264.6,1
2026-04-09T15:27:55.408839+00:00,63.23,34.16,63.23,34.16,-95.7,437649623.2750787,-413.9,1053.8,283.6,1
2026-04-09T15:27:55.765204+00:00,63.05,34.16,63.05,34.16,-99.7,437649623.2750787,-439.9,1053.9,301.3,1
2026-04-09T15:27:56.136449+00:00,62.87,34.15,62.87,34.15,-95.7,437649543.51479036,-467.3,1054.1,320.1,1
2026-04-09T15:27:56.467507+00:00,62.69,34.15,62.69,34.15,-91.7,437649543.51479036,-493.2,1054.2,337.8,1
2026-04-09T15:27:56.820524+00:00,62.53,34.14,62.53,34.14,-95.7,437649543.51479036,-517.4,1054.3,354.4,1
2026-04-09T15:27:57.175081+00:00,62.35,34.13,62.35,34.13,-93.7,437649466.27461165,-543.3,1054.4,372.2,1
2026-04-09T15:27:57.528579+00:00,62.17,34.13,62.17,34.13,-97.7,437649466.27461165,-569.2,1054.5,389.9,1
2026-04-09T15:27:57.908247+00:00,61.99,34.12,61.99,34.12,-93.7,437649414.4964196,-596.6,1054.7,408.7,1
2026-04-09T15:27:58.280036+00:00,61.81,34.11,61.81,34.11,-95.7,437649414.4964196,-622.4,1054.8,426.3,1
2026-04-09T15:27:58.632139+00:00,61.62,34.11,61.62,34.11,-95.7,437649414.4964196,-649.9,1055.0,445.2,1
2026-04-09T15:27:59.008415+00:00,61.44,34.10,61.44,34.1,-95.7,437649333.8819572,-677.2,1055.2,463.9,1
2026-04-09T15:27:59.380766+00:00,61.26,34.09,61.26,34.09,-101.7,437649333.8819572,-703.0,1055.3,481.6,1
2026-04-09T15:27:59.732430+00:00,61.07,34.08,61.07,34.08,-101.7,437649333.8819572,-730.2,1055.5,500.2,1
2026-04-09T15:28:00.087085+00:00,60.90,34.07,60.9,34.07,-94.7,437649253.620115,-755.9,1055.7,517.8,1
2026-04-09T15:28:00.462087+00:00,60.72,34.06,60.72,34.06,-97.7,437649253.620115,-781.7,1055.9,535.5,1
2026-04-09T15:28:00.839010+00:00,60.53,34.05,60.53,34.05,-93.7,437649200.46681553,-810.8,1056.1,555.4,1
2026-04-09T15:28:01.168313+00:00,60.35,34.04,60.35,34.04,-95.7,437649200.46681553,-836.3,1056.3,572.9,1
2026-04-09T15:28:01.544809+00:00,60.19,34.03,60.19,34.03,-95.7,437649200.46681553,-860.3,1056.5,589.3,1
2026-04-09T15:28:01.920514+00:00,59.99,34.02,59.99,34.02,-97.7,437649121.70415497,-889.3,1056.7,609.2,1
2026-04-09T15:28:02.272378+00:00,59.81,34.01,59.81,34.01,-97.7,437649121.70415497,-915.0,1057.0,626.8,1
2026-04-09T15:28:02.628205+00:00,59.64,34.00,59.64,34.0,-100.7,437649121.70415497,-940.5,1057.2,644.3,1
2026-04-09T15:28:03.003344+00:00,59.45,33.99,59.45,33.99,-95.7,437649043.0378134,-967.8,1057.4,663.0,1
2026-04-09T15:28:03.355028+00:00,59.28,33.98,59.28,33.98,-95.7,437649043.0378134,-993.6,1057.7,680.6,1
2026-04-09T15:28:03.732114+00:00,59.11,33.97,59.11,33.97,-95.7,437649043.0378134,-1019.1,1057.9,698.1,1
2026-04-09T15:28:04.104186+00:00,58.91,33.95,58.91,33.95,-95.7,437648963.0456377,-1047.8,1058.2,717.7,1
2026-04-09T15:28:04.456876+00:00,58.74,33.94,58.74,33.94,-101.7,437648963.0456377,-1073.3,1058.4,735.2,1
2026-04-09T15:28:04.832457+00:00,58.56,33.93,58.56,33.93,-95.7,437648963.0456377,-1098.7,1058.7,752.6,1
2026-04-09T15:28:05.207653+00:00,58.37,33.92,58.37,33.92,-94.7,437648883.4880113,-1127.5,1059.0,772.3,1
2026-04-09T15:28:05.564131+00:00,58.19,33.90,58.19,33.9,-95.7,437648883.4880113,-1153.0,1059.3,789.8,1
2026-04-09T15:28:05.920367+00:00,58.02,33.89,58.02,33.89,-95.7,437648883.4880113,-1178.5,1059.6,807.3,1
2026-04-09T15:28:06.291277+00:00,57.83,33.88,57.83,33.88,-95.7,437648805.02107954,-1205.7,1059.9,825.9,1
2026-04-09T15:28:06.644933+00:00,57.66,33.86,57.66,33.86,-95.7,437648805.02107954,-1231.1,1060.2,843.3,1
2026-04-09T15:28:07.024076+00:00,57.49,33.85,57.49,33.85,-95.7,437648805.02107954,-1256.5,1060.5,860.7,1
2026-04-09T15:28:07.382213+00:00,57.30,33.83,57.3,33.83,-99.7,437648725.61840105,-1284.8,1060.8,880.1,1
2026-04-09T15:28:07.718264+00:00,57.13,33.82,57.13,33.82,-97.7,437648725.61840105,-1309.3,1061.1,896.9,1
2026-04-09T15:28:08.081991+00:00,56.96,33.80,56.96,33.8,-103.7,437648725.61840105,-1333.3,1061.4,913.3,1
2026-04-09T15:28:08.414207+00:00,56.79,33.79,56.79,33.79,-101.7,437648725.61840105,-1359.1,1061.8,931.0,1
2026-04-09T15:28:08.774115+00:00,56.62,33.77,56.62,33.77,-101.7,437648625.9203015,-1384.6,1062.1,948.4,1
2026-04-09T15:28:09.134156+00:00,56.45,33.76,56.45,33.76,-95.7,437648625.9203015,-1409.0,1062.4,965.1,1
2026-04-09T15:28:09.491373+00:00,56.26,33.74,56.26,33.74,-97.7,437648574.42928445,-1436.1,1062.8,983.7,1
2026-04-09T15:28:09.830153+00:00,56.10,33.72,56.1,33.72,-101.7,437648574.42928445,-1460.0,1063.1,1000.1,1
2026-04-09T15:28:10.191268+00:00,55.94,33.71,55.94,33.71,-99.7,437648574.42928445,-1484.1,1063.5,1016.6,1
2026-04-09T15:28:10.526201+00:00,55.76,33.69,55.76,33.69,-100.7,437648574.42928445,-1509.6,1063.8,1034.1,1
2026-04-09T15:28:10.887271+00:00,55.59,33.67,55.59,33.67,-100.7,437648475.16199195,-1535.3,1064.2,1051.7,1
2026-04-09T15:28:11.242949+00:00,55.43,33.66,55.43,33.66,-101.7,437648475.16199195,-1559.2,1064.6,1068.0,1
2026-04-09T15:28:11.602168+00:00,55.24,33.64,55.24,33.64,-101.7,437648424.20808035,-1586.1,1065.0,1086.5,1
2026-04-09T15:28:11.939036+00:00,55.08,33.62,55.08,33.62,-97.7,437648424.20808035,-1610.3,1065.3,1103.1,1
2026-04-09T15:28:12.308628+00:00,54.92,33.60,54.92,33.6,-99.7,437648424.20808035,-1634.1,1065.7,1119.3,1
2026-04-09T15:28:12.639554+00:00,54.74,33.58,54.74,33.58,-97.7,437648424.20808035,-1660.5,1066.1,1137.4,1
2026-04-09T15:28:13.016249+00:00,54.57,33.56,54.57,33.56,-93.7,437648325.2420409,-1685.6,1066.5,1154.6,1
2026-04-09T15:28:13.392109+00:00,54.40,33.54,54.4,33.54,-94.7,437648325.2420409,-1710.5,1066.9,1171.7,1
2026-04-09T15:28:13.745642+00:00,54.22,33.52,54.22,33.52,-97.7,437648325.2420409,-1737.0,1067.4,1189.8,1
2026-04-09T15:28:14.096568+00:00,54.04,33.50,54.04,33.5,-96.7,437648247.1803439,-1763.3,1067.8,1207.9,1
2026-04-09T15:28:14.474089+00:00,53.88,33.48,53.88,33.48,-95.7,437648247.1803439,-1786.6,1068.2,1223.9,1
2026-04-09T15:28:14.848199+00:00,53.69,33.46,53.69,33.46,-95.7,437648195.92598116,-1814.7,1068.7,1243.1,1
2026-04-09T15:28:15.200015+00:00,53.52,33.44,53.52,33.44,-102.7,437648195.92598116,-1839.5,1069.2,1260.0,1
2026-04-09T15:28:15.575035+00:00,53.35,33.42,53.35,33.42,-97.7,437648195.92598116,-1864.1,1069.6,1276.9,1
2026-04-09T15:28:15.952526+00:00,53.16,33.40,53.16,33.4,-95.7,437648118.7246508,-1892.0,1070.1,1296.0,1
2026-04-09T15:28:16.294195+00:00,52.99,33.38,52.99,33.38,-95.7,437648118.7246508,-1916.7,1070.6,1313.0,1
2026-04-09T15:28:16.654194+00:00,52.83,33.36,52.83,33.36,-99.7,437648118.7246508,-1940.3,1071.0,1329.1,1
2026-04-09T15:28:17.014163+00:00,52.65,33.33,52.65,33.33,-103.7,437648043.3506194,-1966.9,1071.6,1347.3,1
2026-04-09T15:28:17.350965+00:00,52.49,33.31,52.49,33.31,-100.7,437648043.3506194,-1990.3,1072.0,1363.4,1
2026-04-09T15:28:17.710796+00:00,52.33,33.29,52.33,33.29,-100.7,437648043.3506194,-2013.8,1072.5,1379.5,1
2026-04-09T15:28:18.051432+00:00,52.16,33.27,52.16,33.27,-97.7,437648043.3506194,-2038.9,1073.0,1396.7,1
2026-04-09T15:28:18.415352+00:00,51.99,33.24,51.99,33.24,-101.7,437647946.19067264,-2063.9,1073.5,1413.8,1
2026-04-09T15:28:18.770174+00:00,51.84,33.22,51.84,33.22,-99.7,437647946.19067264,-2087.1,1074.0,1429.7,1
2026-04-09T15:28:19.106259+00:00,51.67,33.20,51.67,33.2,-101.7,437647946.19067264,-2112.0,1074.5,1446.7,1
2026-04-09T15:28:19.447302+00:00,51.51,33.18,51.51,33.18,-101.7,437647946.19067264,-2135.3,1075.0,1462.7,1
2026-04-09T15:28:19.826380+00:00,51.34,33.15,51.34,33.15,-99.7,437647849.6979199,-2160.1,1075.5,1479.7,1
2026-04-09T15:28:20.166230+00:00,51.17,33.13,51.17,33.13,-101.7,437647849.6979199,-2185.1,1076.0,1496.8,1
2026-04-09T15:28:20.502641+00:00,51.01,33.10,51.01,33.1,-103.7,437647849.6979199,-2208.2,1076.5,1512.7,1
2026-04-09T15:28:20.886208+00:00,50.84,33.08,50.84,33.08,-101.7,437647777.0965571,-2232.9,1077.1,1529.6,1
2026-04-09T15:28:21.226257+00:00,50.68,33.06,50.68,33.06,-95.7,437647777.0965571,-2257.6,1077.6,1546.5,1
2026-04-09T15:28:21.562878+00:00,50.52,33.03,50.52,33.03,-95.7,437647777.0965571,-2280.9,1078.2,1562.4,1
2026-04-09T15:28:21.947343+00:00,50.35,33.01,50.35,33.01,-101.7,437647704.4891353,-2305.5,1078.7,1579.3,1
2026-04-09T15:28:22.282509+00:00,50.18,32.98,50.18,32.98,-101.7,437647704.4891353,-2330.0,1079.3,1596.1,1
2026-04-09T15:28:22.624070+00:00,50.03,32.96,50.03,32.96,-101.7,437647704.4891353,-2353.1,1079.9,1611.9,1
2026-04-09T15:28:23.002203+00:00,49.86,32.93,49.86,32.93,-103.7,437647632.14278173,-2377.7,1080.4,1628.7,1
2026-04-09T15:28:23.339254+00:00,49.69,32.90,49.69,32.9,-101.7,437647632.14278173,-2402.2,1081.0,1645.5,1
2026-04-09T15:28:23.683516+00:00,49.54,32.88,49.54,32.88,-102.7,437647632.14278173,-2425.0,1081.6,1661.1,1
2026-04-09T15:28:24.058218+00:00,49.37,32.85,49.37,32.85,-102.7,437647560.2880917,-2449.3,1082.2,1677.8,1
2026-04-09T15:28:24.398189+00:00,49.21,32.82,49.21,32.82,-101.7,437647560.2880917,-2473.7,1082.8,1694.5,1
2026-04-09T15:28:24.734820+00:00,49.05,32.80,49.05,32.8,-101.7,437647560.2880917,-2496.3,1083.4,1710.0,1
2026-04-09T15:28:25.119389+00:00,48.89,32.77,48.89,32.77,-101.7,437647489.3242411,-2520.5,1084.0,1726.6,1
2026-04-09T15:28:25.454268+00:00,48.73,32.74,48.73,32.74,-100.7,437647489.3242411,-2544.7,1084.6,1743.1,1
2026-04-09T15:28:25.795396+00:00,48.57,32.72,48.57,32.72,-99.7,437647489.3242411,-2567.6,1085.2,1758.8,1
2026-04-09T15:28:26.175320+00:00,48.41,32.69,48.41,32.69,-103.7,437647418.0954018,-2591.4,1085.8,1775.2,1
2026-04-09T15:28:26.510839+00:00,48.25,32.66,48.25,32.66,-103.7,437647418.0954018,-2615.5,1086.5,1791.6,1
2026-04-09T15:28:26.850258+00:00,48.09,32.63,48.09,32.63,-103.7,437647418.0954018,-2638.1,1087.1,1807.1,1
2026-04-09T15:28:27.230301+00:00,47.93,32.60,47.93,32.6,-103.7,437647347.6141264,-2662.1,1087.7,1823.6,1
2026-04-09T15:28:27.571459+00:00,47.77,32.57,47.77,32.57,-100.7,437647347.6141264,-2686.2,1088.4,1840.0,1
2026-04-09T15:28:27.905575+00:00,47.61,32.55,47.61,32.55,-101.7,437647347.6141264,-2708.7,1089.0,1855.5,1
2026-04-09T15:28:28.287045+00:00,47.45,32.52,47.45,32.52,-99.7,437647277.4833772,-2732.3,1089.7,1871.6,1
2026-04-09T15:28:28.626235+00:00,47.29,32.49,47.29,32.49,-103.7,437647277.4833772,-2756.1,1090.4,1887.9,1
2026-04-09T15:28:28.971374+00:00,47.14,32.46,47.14,32.46,-103.7,437647277.4833772,-2778.6,1091.0,1903.4,1
2026-04-09T15:28:29.346209+00:00,46.98,32.43,46.98,32.43,-101.7,437647207.04041547,-2802.3,1091.7,1919.6,1
2026-04-09T15:28:29.687288+00:00,46.82,32.40,46.82,32.4,-102.7,437647207.04041547,-2825.8,1092.4,1935.7,1
2026-04-09T15:28:30.022169+00:00,46.67,32.37,46.67,32.37,-99.7,437647207.04041547,-2848.0,1093.0,1950.9,1
2026-04-09T15:28:30.378893+00:00,46.51,32.34,46.51,32.34,-102.7,437647207.04041547,-2870.4,1093.7,1966.2,1
2026-04-09T15:28:30.738151+00:00,46.35,32.31,46.35,32.31,-103.7,437647114.6240683,-2895.0,1094.5,1983.1,1
2026-04-09T15:28:31.079357+00:00,46.20,32.28,46.2,32.28,-100.7,437647114.6240683,-2917.2,1095.1,1998.3,1
2026-04-09T15:28:31.449193+00:00,46.05,32.25,46.05,32.25,-99.7,437647114.6240683,-2939.0,1095.8,2013.3,1
2026-04-09T15:28:31.800297+00:00,45.88,32.22,45.88,32.22,-93.7,437647114.6240683,-2963.5,1096.6,2030.0,1
2026-04-09T15:28:32.176321+00:00,45.72,32.18,45.72,32.18,-97.7,437647022.00225246,-2987.7,1097.3,2046.6,1
2026-04-09T15:28:32.548246+00:00,45.56,32.15,45.56,32.15,-98.7,437647022.00225246,-3010.5,1098.0,2062.2,1
2026-04-09T15:28:32.900824+00:00,45.40,32.12,45.4,32.12,-97.7,437647022.00225246,-3034.8,1098.8,2078.9,1
2026-04-09T15:28:33.276038+00:00,45.23,32.08,45.23,32.08,-97.7,437646950.80798465,-3059.0,1099.6,2095.4,1
2026-04-09T15:28:33.629128+00:00,45.08,32.05,45.08,32.05,-98.7,437646950.80798465,-3081.7,1100.4,2111.0,1
2026-04-09T15:28:33.988502+00:00,44.93,32.02,44.93,32.02,-98.7,437646950.80798465,-3104.4,1101.1,2126.5,1
2026-04-09T15:28:34.335676+00:00,44.76,31.99,44.76,31.99,-98.7,437646880.81463045,-3128.5,1101.9,2143.0,1
2026-04-09T15:28:34.692129+00:00,44.62,31.95,44.62,31.95,-96.7,437646880.81463045,-3149.7,1102.6,2157.5,1
2026-04-09T15:28:35.020870+00:00,44.47,31.92,44.47,31.92,-94.7,437646880.81463045,-3172.2,1103.4,2173.0,1
2026-04-09T15:28:35.376312+00:00,44.32,31.89,44.32,31.89,-93.7,437646880.81463045,-3193.3,1104.1,2187.4,1
2026-04-09T15:28:35.773296+00:00,44.16,31.86,44.16,31.86,-95.7,437646792.2984456,-3217.4,1104.9,2203.9,1
2026-04-09T15:28:36.128440+00:00,44.00,31.82,44.0,31.82,-98.7,437646792.2984456,-3241.1,1105.8,2220.2,1
2026-04-09T15:28:36.480131+00:00,43.85,31.79,43.85,31.79,-94.7,437646792.2984456,-3263.6,1106.5,2235.6,1
2026-04-09T15:28:36.857491+00:00,43.69,31.75,43.69,31.75,-95.7,437646722.3720958,-3285.9,1107.3,2250.9,1
2026-04-09T15:28:37.206214+00:00,43.53,31.72,43.53,31.72,-96.7,437646722.3720958,-3309.6,1108.2,2267.1,1
2026-04-09T15:28:37.542614+00:00,43.39,31.68,43.39,31.68,-101.7,437646722.3720958,-3331.1,1109.0,2281.8,1
2026-04-09T15:28:37.922906+00:00,43.24,31.65,43.24,31.65,-100.7,437646655.52439016,-3353.6,1109.8,2297.3,1
2026-04-09T15:28:38.262323+00:00,43.08,31.61,43.08,31.61,-97.7,437646655.52439016,-3376.1,1110.6,2312.7,1
2026-04-09T15:28:38.598519+00:00,42.94,31.58,42.94,31.58,-97.7,437646655.52439016,-3397.2,1111.4,2327.1,1
2026-04-09T15:28:38.978724+00:00,42.79,31.54,42.79,31.54,-99.7,437646589.51851803,-3419.6,1112.2,2342.4,1
2026-04-09T15:28:39.319300+00:00,42.64,31.51,42.64,31.51,-100.7,437646589.51851803,-3442.0,1113.1,2357.8,1
2026-04-09T15:28:39.654272+00:00,42.49,31.48,42.49,31.48,-101.7,437646589.51851803,-3462.8,1113.9,2372.0,1
2026-04-09T15:28:40.034259+00:00,42.34,31.44,42.34,31.44,-98.7,437646523.95672894,-3485.1,1114.7,2387.3,1
2026-04-09T15:28:40.371373+00:00,42.19,31.40,42.19,31.4,-101.7,437646523.95672894,-3507.5,1115.6,2402.6,1
2026-04-09T15:28:40.711326+00:00,42.05,31.37,42.05,31.37,-102.7,437646523.95672894,-3528.0,1116.4,2416.7,1
2026-04-09T15:28:41.090225+00:00,41.90,31.33,41.9,31.33,-102.7,437646458.7420804,-3550.2,1117.3,2431.9,1
2026-04-09T15:28:41.426660+00:00,41.75,31.30,41.75,31.3,-97.7,437646458.7420804,-3572.4,1118.2,2447.1,1
2026-04-09T15:28:41.767313+00:00,41.61,31.26,41.61,31.26,None,437646458.7420804,-3592.7,1119.0,2461.0,1
2026-04-09T15:28:42.147250+00:00,41.46,31.23,41.46,31.23,-102.7,437646394.0969703,-3614.8,1119.9,2476.2,1
2026-04-09T15:28:42.499974+00:00,41.31,31.19,41.31,31.19,-97.7,437646394.0969703,-3637.0,1120.8,2491.4,1
2026-04-09T15:28:42.856049+00:00,41.17,31.15,41.17,31.15,-95.7,437646394.0969703,-3658.4,1121.7,2506.0,1
2026-04-09T15:28:43.232517+00:00,41.01,31.11,41.01,31.11,-94.7,437646327.8907973,-3681.2,1122.6,2521.6,1
2026-04-09T15:28:43.583789+00:00,40.87,31.08,40.87,31.08,-95.7,437646327.8907973,-3702.7,1123.5,2536.4,1
2026-04-09T15:28:43.936036+00:00,40.72,31.04,40.72,31.04,-95.7,437646327.8907973,-3723.9,1124.4,2550.9,1
2026-04-09T15:28:44.336416+00:00,40.57,31.00,40.57,31.0,-95.7,437646262.6989589,-3746.5,1125.4,2566.4,1
2026-04-09T15:28:44.687940+00:00,40.42,30.96,40.42,30.96,-94.7,437646262.6989589,-3769.1,1126.3,2581.9,1
2026-04-09T15:28:45.044148+00:00,40.27,30.92,40.27,30.92,-95.7,437646262.6989589,-3790.2,1127.2,2596.3,1
2026-04-09T15:28:45.415998+00:00,40.12,30.88,40.12,30.88,-97.7,437646196.31137466,-3812.6,1128.2,2611.6,1
2026-04-09T15:28:45.768877+00:00,39.98,30.85,39.98,30.85,-95.7,437646196.31137466,-3833.6,1129.1,2626.0,1
2026-04-09T15:28:46.123904+00:00,39.84,30.81,39.84,30.81,-94.7,437646196.31137466,-3854.5,1130.1,2640.4,1
2026-04-09T15:28:46.524005+00:00,39.68,30.77,39.68,30.77,-93.7,437646132.1224656,-3876.9,1131.1,2655.7,1
2026-04-09T15:28:46.851403+00:00,39.54,30.73,39.54,30.73,-95.7,437646132.1224656,-3899.0,1132.1,2670.8,1
2026-04-09T15:28:47.203156+00:00,39.40,30.69,39.4,30.69,-96.7,437646132.1224656,-3918.5,1133.0,2684.2,1
2026-04-09T15:28:47.580139+00:00,39.26,30.65,39.26,30.65,-99.7,437646068.4478519,-3939.3,1133.9,2698.5,1
2026-04-09T15:28:47.936283+00:00,39.11,30.61,39.11,30.61,-95.7,437646068.4478519,-3961.3,1134.9,2713.5,1
2026-04-09T15:28:48.289416+00:00,38.97,30.57,38.97,30.57,-92.7,437646068.4478519,-3982.0,1135.9,2727.7,1
2026-04-09T15:28:48.664165+00:00,38.82,30.53,38.82,30.53,-93.7,437646004.8577066,-4003.7,1136.9,2742.6,1
2026-04-09T15:28:49.016947+00:00,38.68,30.49,38.68,30.49,-96.7,437646004.8577066,-4024.5,1137.9,2756.8,1
2026-04-09T15:28:49.372132+00:00,38.54,30.45,38.54,30.45,-97.7,437646004.8577066,-4045.0,1138.9,2770.8,1
2026-04-09T15:28:49.772063+00:00,38.40,30.41,38.4,30.41,-95.7,437645941.9579218,-4066.8,1139.9,2785.7,1
2026-04-09T15:28:50.120653+00:00,38.25,30.37,38.25,30.37,-98.7,437645941.9579218,-4088.6,1141.0,2800.7,1
2026-04-09T15:28:50.473637+00:00,38.11,30.33,38.11,30.33,-95.7,437645941.9579218,-4108.7,1141.9,2814.5,1
2026-04-09T15:28:50.872066+00:00,37.97,30.29,37.97,30.29,-96.7,437645878.51354706,-4130.1,1143.0,2829.2,1
2026-04-09T15:28:51.223914+00:00,37.82,30.25,37.82,30.25,-95.7,437645878.51354706,-4151.7,1144.1,2844.0,1
2026-04-09T15:28:51.580107+00:00,37.68,30.21,37.68,30.21,-95.7,437645878.51354706,-4171.8,1145.1,2857.7,1
2026-04-09T15:28:51.976407+00:00,37.54,30.16,37.54,30.16,-93.7,437645815.28943187,-4193.2,1146.2,2872.4,1
2026-04-09T15:28:52.319278+00:00,37.39,30.12,37.39,30.12,-97.7,437645815.28943187,-4214.5,1147.2,2887.0,1
2026-04-09T15:28:52.654164+00:00,37.26,30.08,37.26,30.08,-101.7,437645815.28943187,-4233.5,1148.2,2900.0,1
2026-04-09T15:28:53.034179+00:00,37.13,30.04,37.13,30.04,-101.7,437645754.43970037,-4253.8,1149.2,2913.9,1
2026-04-09T15:28:53.371255+00:00,36.99,30.00,36.99,30.0,-97.7,437645754.43970037,-4274.1,1150.3,2927.8,1
2026-04-09T15:28:53.710365+00:00,36.86,29.96,36.86,29.96,-101.7,437645754.43970037,-4293.0,1151.3,2940.7,1
2026-04-09T15:28:54.090247+00:00,36.72,29.92,36.72,29.92,-102.7,437645695.0711967,-4313.1,1152.3,2954.5,1
2026-04-09T15:28:54.435141+00:00,36.59,29.88,36.59,29.88,-101.7,437645695.0711967,-4333.3,1153.4,2968.3,1
2026-04-09T15:28:54.766129+00:00,36.46,29.84,36.46,29.84,-101.7,437645695.0711967,-4351.9,1154.4,2981.1,1
2026-04-09T15:28:55.146138+00:00,36.32,29.80,36.32,29.8,-100.7,437645636.2209087,-4371.9,1155.5,2994.8,1
2026-04-09T15:28:55.483589+00:00,36.19,29.76,36.19,29.76,-101.7,437645636.2209087,-4391.9,1156.6,3008.5,1
2026-04-09T15:28:55.822157+00:00,36.06,29.72,36.06,29.72,-101.7,437645636.2209087,-4410.4,1157.6,3021.2,1
2026-04-09T15:28:56.202157+00:00,35.93,29.68,35.93,29.68,-98.7,437645577.8368012,-4430.3,1158.7,3034.8,1
2026-04-09T15:28:56.543367+00:00,35.79,29.64,35.79,29.64,-101.7,437645577.8368012,-4450.0,1159.8,3048.3,1
2026-04-09T15:28:56.878171+00:00,35.67,29.60,35.67,29.6,-103.7,437645577.8368012,-4468.4,1160.8,3060.9,1
2026-04-09T15:28:57.267945+00:00,35.53,29.55,35.53,29.55,-100.7,437645519.9384765,-4488.1,1161.9,3074.3,1
2026-04-09T15:28:57.624048+00:00,35.39,29.51,35.39,29.51,-93.7,437645519.9384765,-4508.4,1163.0,3088.3,1
2026-04-09T15:28:57.956152+00:00,35.26,29.47,35.26,29.47,-97.7,437645519.9384765,-4527.6,1164.1,3101.4,1
2026-04-09T15:28:58.353150+00:00,35.13,29.43,35.13,29.43,-94.7,437645461.3369607,-4546.7,1165.2,3114.5,1
2026-04-09T15:28:58.708085+00:00,35.00,29.38,35.0,29.38,-97.7,437645461.3369607,-4567.1,1166.4,3128.5,1
2026-04-09T15:28:59.060431+00:00,34.87,29.34,34.87,29.34,-94.7,437645461.3369607,-4586.2,1167.5,3141.6,1
2026-04-09T15:28:59.464018+00:00,34.73,29.29,34.73,29.29,-98.7,437645401.8372991,-4606.3,1168.7,3155.4,1
2026-04-09T15:28:59.811522+00:00,34.59,29.25,34.59,29.25,-95.7,437645401.8372991,-4626.4,1169.9,3169.1,1
2026-04-09T15:29:00.142987+00:00,34.46,29.21,34.46,29.21,-97.7,437645401.8372991,-4645.3,1171.0,3182.0,1
2026-04-09T15:29:00.540916+00:00,34.33,29.17,34.33,29.17,-97.7,437645344.03128386,-4664.1,1172.2,3195.0,1
2026-04-09T15:29:00.896071+00:00,34.20,29.12,34.2,29.12,-97.7,437645344.03128386,-4683.9,1173.4,3208.5,1
2026-04-09T15:29:01.248392+00:00,34.07,29.08,34.07,29.08,-97.7,437645344.03128386,-4702.7,1174.5,3221.4,1
2026-04-09T15:29:01.648143+00:00,33.94,29.03,33.94,29.03,-95.7,437645285.5256415,-4722.5,1175.7,3234.9,1
2026-04-09T15:29:01.999819+00:00,33.80,28.99,33.8,28.99,-91.7,437645285.5256415,-4742.2,1176.9,3248.4,1
2026-04-09T15:29:02.351887+00:00,33.68,28.94,33.68,28.94,-97.7,437645285.5256415,-4760.7,1178.1,3261.1,1
2026-04-09T15:29:02.752359+00:00,33.54,28.90,33.54,28.9,-97.7,437645227.6722241,-4780.3,1179.3,3274.5,1
2026-04-09T15:29:03.104033+00:00,33.41,28.85,33.41,28.85,-101.7,437645227.6722241,-4799.9,1180.5,3288.0,1
2026-04-09T15:29:03.460438+00:00,33.28,28.81,33.28,28.81,-95.7,437645227.6722241,-4818.2,1181.7,3300.5,1
2026-04-09T15:29:03.856770+00:00,33.15,28.76,33.15,28.76,-97.7,437645170.08397347,-4837.8,1182.9,3313.9,1
2026-04-09T15:29:04.187503+00:00,33.02,28.72,33.02,28.72,-93.7,437645170.08397347,-4857.0,1184.2,3327.1,1
2026-04-09T15:29:04.541605+00:00,32.90,28.68,32.9,28.68,-95.7,437645170.08397347,-4874.1,1185.3,3338.8,1
2026-04-09T15:29:04.920298+00:00,32.77,28.63,32.77,28.63,-95.7,437645114.43885416,-4893.3,1186.6,3352.0,1
2026-04-09T15:29:05.272373+00:00,32.65,28.59,32.65,28.59,-95.7,437645114.43885416,-4911.5,1187.7,3364.4,1
2026-04-09T15:29:05.628071+00:00,32.52,28.55,32.52,28.55,-95.7,437645114.43885416,-4929.5,1188.9,3376.7,1
2026-04-09T15:29:06.024314+00:00,32.39,28.50,32.39,28.5,-92.7,437645059.03858644,-4948.5,1190.2,3389.8,1
2026-04-09T15:29:06.375878+00:00,32.26,28.45,32.26,28.45,-92.7,437645059.03858644,-4967.6,1191.5,3402.8,1
2026-04-09T15:29:06.729810+00:00,32.14,28.41,32.14,28.41,-97.7,437645059.03858644,-4985.3,1192.7,3415.0,1
2026-04-09T15:29:07.128048+00:00,32.01,28.36,32.01,28.36,-98.7,437645003.38277483,-5004.2,1194.0,3427.9,1
2026-04-09T15:29:07.481129+00:00,31.89,28.32,31.89,28.32,-96.7,437645003.38277483,-5022.9,1195.2,3440.7,1
2026-04-09T15:29:07.831487+00:00,31.77,28.27,31.77,28.27,-96.7,437645003.38277483,-5040.7,1196.5,3452.9,1
2026-04-09T15:29:08.228910+00:00,31.64,28.23,31.64,28.23,-99.7,437644948.27048403,-5059.3,1197.8,3465.6,1
2026-04-09T15:29:08.588580+00:00,31.51,28.18,31.51,28.18,-99.7,437644948.27048403,-5078.0,1199.1,3478.5,1
2026-04-09T15:29:08.916049+00:00,31.39,28.14,31.39,28.14,-95.7,437644948.27048403,-5095.5,1200.3,3490.5,1
2026-04-09T15:29:09.313124+00:00,31.27,28.09,31.27,28.09,-100.7,437644894.52643985,-5113.0,1201.5,3502.4,1
2026-04-09T15:29:09.644095+00:00,31.14,28.05,31.14,28.05,-99.7,437644894.52643985,-5131.4,1202.9,3515.0,1
2026-04-09T15:29:09.996649+00:00,31.03,28.00,31.03,28.0,-95.7,437644894.52643985,-5147.6,1204.0,3526.1,1
2026-04-09T15:29:10.376332+00:00,30.91,27.96,30.91,27.96,-98.7,437644841.4916457,-5165.9,1205.4,3538.7,1
2026-04-09T15:29:10.708203+00:00,30.79,27.91,30.79,27.91,-100.7,437644841.4916457,-5183.3,1206.6,3550.6,1
2026-04-09T15:29:11.058930+00:00,30.68,27.87,30.68,27.87,-100.7,437644841.4916457,-5199.4,1207.8,3561.6,1
2026-04-09T15:29:11.460455+00:00,30.55,27.82,30.55,27.82,-95.7,437644789.8532543,-5217.6,1209.1,3574.1,1
2026-04-09T15:29:11.811985+00:00,30.43,27.78,30.43,27.78,-99.7,437644789.8532543,-5235.8,1210.5,3586.5,1
2026-04-09T15:29:12.164238+00:00,30.31,27.73,30.31,27.73,-100.7,437644789.8532543,-5252.7,1211.7,3598.1,1
2026-04-09T15:29:12.563052+00:00,30.19,27.69,30.19,27.69,-96.7,437644736.64096946,-5270.7,1213.1,3610.4,1
2026-04-09T15:29:12.896772+00:00,30.07,27.64,30.07,27.64,-95.7,437644736.64096946,-5288.7,1214.5,3622.8,1
2026-04-09T15:29:13.249196+00:00,29.96,27.60,29.96,27.6,-95.7,437644736.64096946,-5304.5,1215.7,3633.6,1
2026-04-09T15:29:13.647076+00:00,29.84,27.55,29.84,27.55,-98.7,437644684.9220301,-5322.3,1217.0,3645.8,1
2026-04-09T15:29:14.002255+00:00,29.71,27.50,29.71,27.5,-96.7,437644684.9220301,-5340.1,1218.4,3658.0,1
2026-04-09T15:29:14.333279+00:00,29.60,27.46,29.6,27.46,-99.7,437644684.9220301,-5356.7,1219.7,3669.4,1
2026-04-09T15:29:14.716214+00:00,29.49,27.41,29.49,27.41,-97.7,437644633.75302684,-5373.4,1221.0,3680.8,1
2026-04-09T15:29:15.064310+00:00,29.37,27.37,29.37,27.37,-97.7,437644633.75302684,-5390.0,1222.3,3692.2,1
2026-04-09T15:29:15.396147+00:00,29.26,27.32,29.26,27.32,-95.7,437644633.75302684,-5406.4,1223.6,3703.4,1
2026-04-09T15:29:15.771959+00:00,29.15,27.28,29.15,27.28,-95.7,437644633.75302684,-5422.0,1224.9,3714.1,1
2026-04-09T15:29:16.128134+00:00,29.03,27.23,29.03,27.23,-93.7,437644560.6115292,-5439.4,1226.3,3726.0,1
2026-04-09T15:29:16.480335+00:00,28.92,27.19,28.92,27.19,-96.7,437644560.6115292,-5455.8,1227.6,3737.3,1
2026-04-09T15:29:16.856537+00:00,28.81,27.14,28.81,27.14,-93.7,437644560.6115292,-5472.0,1228.9,3748.3,1
2026-04-09T15:29:17.188567+00:00,28.69,27.09,28.69,27.09,-95.7,437644560.6115292,-5489.4,1230.3,3760.2,1
2026-04-09T15:29:17.520245+00:00,28.58,27.05,28.58,27.05,-97.7,437644560.6115292,-5504.5,1231.6,3770.6,1
2026-04-09T15:29:17.916674+00:00,28.47,27.01,28.47,27.01,-96.7,437644486.2550399,-5520.7,1232.9,3781.7,1
2026-04-09T15:29:18.271063+00:00,28.36,26.96,28.36,26.96,-95.7,437644486.2550399,-5537.7,1234.3,3793.3,1
2026-04-09T15:29:18.624143+00:00,28.25,26.91,28.25,26.91,-96.7,437644486.2550399,-5553.7,1235.7,3804.3,1
2026-04-09T15:29:19.000887+00:00,28.13,26.87,28.13,26.87,-94.7,437644436.17379093,-5570.6,1237.1,3815.9,1
2026-04-09T15:29:19.352931+00:00,28.02,26.82,28.02,26.82,-94.7,437644436.17379093,-5586.5,1238.4,3826.8,1
2026-04-09T15:29:19.688430+00:00,27.91,26.78,27.91,26.78,-95.7,437644436.17379093,-5602.4,1239.8,3837.7,1
2026-04-09T15:29:20.060847+00:00,27.81,26.73,27.81,26.73,-94.7,437644436.17379093,-5617.4,1241.1,3847.9,1
2026-04-09T15:29:20.416299+00:00,27.69,26.69,27.69,26.69,-95.7,437644436.17379093,-5634.0,1242.5,3859.3,1
2026-04-09T15:29:20.768579+00:00,27.58,26.64,27.58,26.64,-98.7,437644355.9633159,-5650.7,1244.0,3870.7,1
2026-04-09T15:29:21.143871+00:00,27.48,26.59,27.48,26.59,-98.7,437644355.9633159,-5665.4,1245.3,3880.8,1
2026-04-09T15:29:21.496856+00:00,27.36,26.55,27.36,26.55,-98.7,437644355.9633159,-5681.9,1246.7,3892.2,1
2026-04-09T15:29:21.827942+00:00,27.25,26.50,27.25,26.5,-95.7,437644355.9633159,-5697.4,1248.1,3902.7,1
2026-04-09T15:29:22.218105+00:00,27.15,26.46,27.15,26.46,-100.7,437644293.7350019,-5713.0,1249.5,3913.4,1
2026-04-09T15:29:22.559405+00:00,27.04,26.41,27.04,26.41,-101.7,437644293.7350019,-5728.9,1250.9,3924.3,1
2026-04-09T15:29:22.894141+00:00,26.94,26.37,26.94,26.37,-101.7,437644293.7350019,-5743.4,1252.2,3934.3,1
2026-04-09T15:29:23.250747+00:00,26.83,26.32,26.83,26.32,-97.7,437644293.7350019,-5758.0,1253.5,3944.3,1
2026-04-09T15:29:23.590161+00:00,26.73,26.28,26.73,26.28,-102.7,437644293.7350019,-5773.6,1255.0,3955.0,1
2026-04-09T15:29:23.951401+00:00,26.62,26.23,26.62,26.23,-101.7,437644217.2275961,-5789.1,1256.4,3965.5,1
2026-04-09T15:29:24.311308+00:00,26.52,26.19,26.52,26.19,-96.7,437644217.2275961,-5803.5,1257.7,3975.4,1
2026-04-09T15:29:24.646187+00:00,26.41,26.14,26.41,26.14,-100.7,437644217.2275961,-5818.9,1259.2,3986.0,1
2026-04-09T15:29:24.982302+00:00,26.31,26.10,26.31,26.1,-100.7,437644217.2275961,-5833.3,1260.5,3995.8,1
2026-04-09T15:29:25.362910+00:00,26.21,26.05,26.21,26.05,-101.7,437644157.68267083,-5848.5,1261.9,4006.3,1
2026-04-09T15:29:25.703277+00:00,26.10,26.00,26.1,26.0,-102.7,437644157.68267083,-5863.9,1263.4,4016.8,1
2026-04-09T15:29:26.038211+00:00,26.00,25.96,26.0,25.96,-100.7,437644157.68267083,-5878.0,1264.7,4026.4,1
2026-04-09T15:29:26.398141+00:00,25.91,25.92,25.91,25.92,-97.7,437644157.68267083,-5892.2,1266.1,4036.2,1
2026-04-09T15:29:26.734854+00:00,25.80,25.87,25.8,25.87,-98.7,437644157.68267083,-5907.4,1267.6,4046.6,1
2026-04-09T15:29:27.100367+00:00,25.70,25.83,25.7,25.83,-102.7,437644083.8711279,-5922.2,1269.0,4056.8,1
2026-04-09T15:29:27.476566+00:00,25.60,25.78,25.6,25.78,-98.7,437644083.8711279,-5936.8,1270.4,4066.7,1
2026-04-09T15:29:27.828308+00:00,25.49,25.73,25.49,25.73,-97.7,437644083.8711279,-5952.3,1272.0,4077.4,1
2026-04-09T15:29:28.183057+00:00,25.39,25.69,25.39,25.69,-97.7,437644083.8711279,-5967.0,1273.4,4087.4,1
2026-04-09T15:29:28.584235+00:00,25.28,25.64,25.28,25.64,-95.7,437644023.81083804,-5982.5,1274.9,4098.0,1
2026-04-09T15:29:28.916208+00:00,25.17,25.59,25.17,25.59,-95.7,437644023.81083804,-5997.9,1276.5,4108.6,1
2026-04-09T15:29:29.244375+00:00,25.08,25.55,25.08,25.55,-101.7,437644023.81083804,-6011.5,1277.8,4117.9,1
2026-04-09T15:29:29.620951+00:00,24.98,25.50,24.98,25.5,-96.7,437644023.81083804,-6025.0,1279.2,4127.1,1
2026-04-09T15:29:29.972808+00:00,24.88,25.46,24.88,25.46,-102.7,437643959.77090716,-6040.2,1280.8,4137.6,1
2026-04-09T15:29:30.324470+00:00,24.78,25.41,24.78,25.41,-99.7,437643959.77090716,-6054.5,1282.2,4147.3,1
2026-04-09T15:29:30.704234+00:00,24.68,25.36,24.68,25.36,-99.7,437643959.77090716,-6068.9,1283.7,4157.2,1
2026-04-09T15:29:31.035155+00:00,24.57,25.32,24.57,25.32,-97.7,437643959.77090716,-6083.9,1285.3,4167.5,1
2026-04-09T15:29:31.388698+00:00,24.48,25.27,24.48,25.27,-94.7,437643959.77090716,-6097.2,1286.6,4176.6,1
2026-04-09T15:29:31.767607+00:00,24.37,25.22,24.37,25.22,-101.7,437643893.87409544,-6112.2,1288.2,4186.9,1
2026-04-09T15:29:32.120304+00:00,24.27,25.18,24.27,25.18,-94.7,437643893.87409544,-6126.4,1289.7,4196.6,1
2026-04-09T15:29:32.482284+00:00,24.18,25.13,24.18,25.13,-95.7,437643893.87409544,-6140.4,1291.2,4206.2,1
2026-04-09T15:29:32.828661+00:00,24.08,25.09,24.08,25.09,-95.7,437643893.87409544,-6154.3,1292.7,4215.8,1
2026-04-09T15:29:33.159451+00:00,23.98,25.04,23.98,25.04,-95.7,437643893.87409544,-6168.2,1294.2,4225.3,1
2026-04-09T15:29:33.535871+00:00,23.88,25.00,23.88,25.0,-101.7,437643823.84723896,-6182.2,1295.7,4234.8,1
2026-04-09T15:29:33.911939+00:00,23.79,24.95,23.79,24.95,-100.7,437643823.84723896,-6195.9,1297.2,4244.3,1
2026-04-09T15:29:34.265932+00:00,23.69,24.90,23.69,24.9,-95.7,437643823.84723896,-6210.6,1298.8,4254.3,1
2026-04-09T15:29:34.620085+00:00,23.59,24.86,23.59,24.86,None,437643823.84723896,-6224.3,1300.3,4263.6,1
2026-04-09T15:29:34.973505+00:00,23.49,24.81,23.49,24.81,-95.7,437643823.84723896,-6238.0,1301.8,4273.0,1
2026-04-09T15:29:35.328174+00:00,23.39,24.76,23.39,24.76,-99.7,437643753.3727352,-6252.4,1303.4,4283.0,1
2026-04-09T15:29:35.681420+00:00,23.30,24.72,23.3,24.72,-96.7,437643753.3727352,-6265.2,1304.8,4291.7,1
2026-04-09T15:29:36.055567+00:00,23.21,24.67,23.21,24.67,-95.7,437643753.3727352,-6278.7,1306.3,4300.9,1
2026-04-09T15:29:36.408738+00:00,23.11,24.63,23.11,24.63,-99.7,437643753.3727352,-6293.0,1308.0,4310.7,1
2026-04-09T15:29:36.760798+00:00,23.01,24.58,23.01,24.58,-97.7,437643753.3727352,-6306.4,1309.5,4319.9,1
2026-04-09T15:29:37.154163+00:00,22.91,24.53,22.91,24.53,-94.7,437643685.19563127,-6320.6,1311.1,4329.6,1
2026-04-09T15:29:37.496241+00:00,22.82,24.48,22.82,24.48,-101.7,437643685.19563127,-6334.4,1312.7,4339.1,1
2026-04-09T15:29:37.830181+00:00,22.73,24.44,22.73,24.44,-102.7,437643685.19563127,-6347.0,1314.1,4347.7,1
2026-04-09T15:29:38.190122+00:00,22.64,24.40,22.64,24.4,-103.7,437643685.19563127,-6359.6,1315.6,4356.4,1
2026-04-09T15:29:38.526822+00:00,22.54,24.35,22.54,24.35,-103.7,437643685.19563127,-6373.2,1317.2,4365.7,1
2026-04-09T15:29:38.886149+00:00,22.45,24.31,22.45,24.31,-103.7,437643619.02224773,-6386.4,1318.8,4374.7,1
2026-04-09T15:29:39.247281+00:00,22.36,24.26,22.36,24.26,-98.7,437643619.02224773,-6398.9,1320.2,4383.3,1
2026-04-09T15:29:39.582199+00:00,22.27,24.22,22.27,24.22,-101.7,437643619.02224773,-6412.1,1321.8,4392.3,1
2026-04-09T15:29:39.918733+00:00,22.18,24.17,22.18,24.17,-102.7,437643619.02224773,-6424.5,1323.3,4400.8,1
2026-04-09T15:29:40.298910+00:00,22.09,24.13,22.09,24.13,-101.7,437643567.69321775,-6437.7,1324.9,4409.8,1
2026-04-09T15:29:40.638161+00:00,22.00,24.08,22.0,24.08,-101.7,437643567.69321775,-6450.8,1326.5,4418.8,1
2026-04-09T15:29:40.979433+00:00,21.91,24.04,21.91,24.04,-101.7,437643567.69321775,-6463.2,1328.0,4427.3,1
2026-04-09T15:29:41.334621+00:00,21.82,23.99,21.82,23.99,-101.7,437643567.69321775,-6475.3,1329.5,4435.6,1
2026-04-09T15:29:41.675317+00:00,21.73,23.95,21.73,23.95,-98.7,437643567.69321775,-6488.3,1331.0,4444.5,1
2026-04-09T15:29:42.030675+00:00,21.64,23.90,21.64,23.9,-101.7,437643503.94554055,-6501.2,1332.6,4453.3,1
2026-04-09T15:29:42.384035+00:00,21.55,23.86,21.55,23.86,-101.7,437643503.94554055,-6513.3,1334.2,4461.7,1
2026-04-09T15:29:42.735900+00:00,21.46,23.81,21.46,23.81,-93.7,437643503.94554055,-6526.1,1335.7,4470.4,1
2026-04-09T15:29:43.089823+00:00,21.37,23.77,21.37,23.77,-98.7,437643503.94554055,-6538.6,1337.3,4479.0,1
2026-04-09T15:29:43.488596+00:00,21.28,23.72,21.28,23.72,-95.7,437643453.4348211,-6551.9,1339.0,4488.1,1
2026-04-09T15:29:43.840705+00:00,21.19,23.67,21.19,23.67,-93.7,437643453.4348211,-6565.2,1340.7,4497.2,1
2026-04-09T15:29:44.196281+00:00,21.10,23.63,21.1,23.63,-97.7,437643453.4348211,-6577.7,1342.3,4505.7,1
2026-04-09T15:29:44.572152+00:00,21.01,23.58,21.01,23.58,-100.7,437643453.4348211,-6590.1,1343.9,4514.3,1
2026-04-09T15:29:44.924766+00:00,20.92,23.53,20.92,23.53,-98.7,437643396.80958235,-6603.2,1345.6,4523.2,1
2026-04-09T15:29:45.256672+00:00,20.83,23.49,20.83,23.49,-100.7,437643396.80958235,-6615.5,1347.2,4531.7,1
2026-04-09T15:29:45.633399+00:00,20.75,23.44,20.75,23.44,-100.7,437643396.80958235,-6627.0,1348.7,4539.5,1
2026-04-09T15:29:45.988813+00:00,20.65,23.40,20.65,23.4,-97.7,437643396.80958235,-6640.0,1350.4,4548.4,1
2026-04-09T15:29:46.340398+00:00,20.57,23.35,20.57,23.35,-95.7,437643396.80958235,-6652.2,1352.0,4556.8,1
2026-04-09T15:29:46.736828+00:00,20.48,23.30,20.48,23.3,-96.7,437643340.11234945,-6665.1,1353.7,4565.6,1
2026-04-09T15:29:47.067362+00:00,20.38,23.26,20.38,23.26,-97.7,437643340.11234945,-6677.9,1355.4,4574.4,1
2026-04-09T15:29:47.419375+00:00,20.30,23.21,20.3,23.21,-96.7,437643340.11234945,-6689.1,1356.9,4582.1,1
2026-04-09T15:29:47.798976+00:00,20.22,23.17,20.22,23.17,-97.7,437643340.11234945,-6701.1,1358.6,4590.3,1
2026-04-09T15:29:48.148216+00:00,20.13,23.12,20.13,23.12,-97.7,437643286.18297356,-6713.8,1360.3,4599.0,1
2026-04-09T15:29:48.500546+00:00,20.04,23.08,20.04,23.08,-97.7,437643286.18297356,-6725.7,1361.9,4607.1,1
2026-04-09T15:29:48.880084+00:00,19.96,23.03,19.96,23.03,-99.7,437643286.18297356,-6737.5,1363.5,4615.2,1
2026-04-09T15:29:49.207115+00:00,19.87,22.98,19.87,22.98,-98.7,437643286.18297356,-6750.0,1365.3,4623.8,1
2026-04-09T15:29:49.559955+00:00,19.79,22.94,19.79,22.94,-93.7,437643286.18297356,-6761.1,1366.8,4631.4,1
2026-04-09T15:29:49.936233+00:00,19.71,22.90,19.71,22.9,-94.7,437643231.55575275,-6772.8,1368.4,4639.4,1
2026-04-09T15:29:50.287999+00:00,19.62,22.85,19.62,22.85,-92.7,437643231.55575275,-6785.2,1370.2,4647.9,1
2026-04-09T15:29:50.640571+00:00,19.53,22.80,19.53,22.8,-97.7,437643231.55575275,-6796.8,1371.8,4655.8,1
2026-04-09T15:29:50.996178+00:00,19.45,22.76,19.45,22.76,-102.7,437643231.55575275,-6808.3,1373.5,4663.7,1
2026-04-09T15:29:51.347076+00:00,19.37,22.72,19.37,22.72,-97.7,437643231.55575275,-6819.9,1375.1,4671.7,1
2026-04-09T15:29:51.724543+00:00,19.28,22.67,19.28,22.67,-97.7,437643172.85337377,-6832.1,1376.9,4680.1,1
2026-04-09T15:29:52.096022+00:00,19.20,22.62,19.2,22.62,-99.7,437643172.85337377,-6843.6,1378.5,4687.9,1
2026-04-09T15:29:52.435348+00:00,19.11,22.58,19.11,22.58,-103.7,437643172.85337377,-6855.4,1380.3,4696.0,1
2026-04-09T15:29:52.770370+00:00,19.03,22.53,19.03,22.53,-104.7,437643172.85337377,-6866.4,1381.8,4703.5,1
2026-04-09T15:29:53.130163+00:00,18.96,22.49,18.96,22.49,-100.7,437643172.85337377,-6877.2,1383.4,4710.9,1
2026-04-09T15:29:53.490860+00:00,18.87,22.44,18.87,22.44,-106.7,437643115.3634915,-6889.3,1385.2,4719.2,1
2026-04-09T15:29:53.826126+00:00,18.79,22.40,18.79,22.4,-98.7,437643115.3634915,-6900.0,1386.8,4726.5,1
2026-04-09T15:29:54.186121+00:00,18.71,22.36,18.71,22.36,-103.7,437643115.3634915,-6910.8,1388.4,4734.0,1
2026-04-09T15:29:54.522223+00:00,18.63,22.31,18.63,22.31,-101.7,437643115.3634915,-6922.1,1390.1,4741.7,1
2026-04-09T15:29:54.863505+00:00,18.56,22.27,18.56,22.27,-107.7,437643115.3634915,-6932.8,1391.7,4749.0,1
2026-04-09T15:29:55.218649+00:00,18.48,22.23,18.48,22.23,-102.7,437643115.3634915,-6943.3,1393.3,4756.2,1
2026-04-09T15:29:55.578156+00:00,18.39,22.18,18.39,22.18,-103.7,437643049.3725884,-6955.2,1395.1,4764.3,1
2026-04-09T15:29:55.919304+00:00,18.32,22.14,18.32,22.14,-103.7,437643049.3725884,-6965.8,1396.7,4771.6,1
2026-04-09T15:29:56.274741+00:00,18.24,22.10,18.24,22.1,-103.7,437643049.3725884,-6976.2,1398.3,4778.7,1
2026-04-09T15:29:56.614151+00:00,18.16,22.05,18.16,22.05,-102.7,437643049.3725884,-6987.3,1400.1,4786.4,1
2026-04-09T15:29:56.951019+00:00,18.08,22.01,18.08,22.01,-105.7,437643049.3725884,-6997.8,1401.7,4793.6,1
2026-04-09T15:29:57.323865+00:00,18.01,21.97,18.01,21.97,-100.7,437643049.3725884,-7008.2,1403.3,4800.6,1
2026-04-09T15:29:57.700030+00:00,17.92,21.92,17.92,21.92,-102.7,437642984.29907703,-7020.4,1405.2,4809.0,1
2026-04-09T15:29:58.059893+00:00,17.84,21.87,17.84,21.87,-103.7,437642984.29907703,-7031.2,1407.0,4816.4,1
2026-04-09T15:29:58.408242+00:00,17.77,21.83,17.77,21.83,-98.7,437642984.29907703,-7041.9,1408.6,4823.7,1
2026-04-09T15:29:58.740382+00:00,17.69,21.78,17.69,21.78,-101.7,437642984.29907703,-7052.6,1410.4,4831.1,1
2026-04-09T15:29:59.095004+00:00,17.61,21.74,17.61,21.74,-100.7,437642984.29907703,-7062.6,1412.0,4837.9,1
2026-04-09T15:29:59.495606+00:00,17.53,21.69,17.53,21.69,-99.7,437642930.6583909,-7073.8,1413.8,4845.6,1
2026-04-09T15:29:59.844306+00:00,17.45,21.65,17.45,21.65,-107.7,437642930.6583909,-7085.1,1415.6,4853.3,1
2026-04-09T15:30:00.200372+00:00,17.37,21.60,17.37,21.6,-101.7,437642930.6583909,-7095.6,1417.3,4860.5,1
2026-04-09T15:30:00.575368+00:00,17.30,21.56,17.3,21.56,-100.7,437642930.6583909,-7106.1,1419.0,4867.7,1
2026-04-09T15:30:00.930013+00:00,17.22,21.51,17.22,21.51,-101.7,437642930.6583909,-7117.3,1420.9,4875.4,1
2026-04-09T15:30:01.284106+00:00,17.14,21.47,17.14,21.47,-101.7,437642930.6583909,-7127.7,1422.6,4882.5,1
2026-04-09T15:30:01.659368+00:00,17.06,21.42,17.06,21.42,-98.7,437642865.7310064,-7138.6,1424.4,4890.0,1
2026-04-09T15:30:02.013590+00:00,16.98,21.38,16.98,21.38,-104.7,437642865.7310064,-7149.1,1426.2,4897.1,1
2026-04-09T15:30:02.368193+00:00,16.91,21.33,16.91,21.33,-103.7,437642865.7310064,-7159.3,1427.9,4904.2,1
2026-04-09T15:30:02.743562+00:00,16.83,21.29,16.83,21.29,-103.7,437642865.7310064,-7169.6,1429.6,4911.2,1
2026-04-09T15:30:03.099814+00:00,16.75,21.24,16.75,21.24,-101.7,437642865.7310064,-7180.5,1431.5,4918.7,1
2026-04-09T15:30:03.449036+00:00,16.68,21.20,16.68,21.2,-99.7,437642865.7310064,-7190.6,1433.2,4925.6,1
2026-04-09T15:30:03.844790+00:00,16.60,21.15,16.6,21.15,-101.7,437642802.9834074,-7201.4,1435.1,4933.0,1
2026-04-09T15:30:04.200331+00:00,16.52,21.11,16.52,21.11,-100.7,437642802.9834074,-7212.0,1436.9,4940.3,1
2026-04-09T15:30:04.529049+00:00,16.45,21.07,16.45,21.07,-100.7,437642802.9834074,-7222.1,1438.7,4947.1,1
2026-04-09T15:30:04.884110+00:00,16.38,21.02,16.38,21.02,-103.7,437642802.9834074,-7231.5,1440.3,4953.6,1
2026-04-09T15:30:05.236163+00:00,16.31,20.98,16.31,20.98,-103.7,437642802.9834074,-7241.4,1442.1,4960.4,1
2026-04-09T15:30:05.612303+00:00,16.23,20.93,16.23,20.93,-104.7,437642752.2574181,-7252.0,1443.9,4967.7,1
2026-04-09T15:30:05.988211+00:00,16.16,20.89,16.16,20.89,-103.7,437642752.2574181,-7261.9,1445.7,4974.4,1
2026-04-09T15:30:06.340428+00:00,16.08,20.85,16.08,20.85,-101.7,437642752.2574181,-7272.4,1447.5,4981.6,1
2026-04-09T15:30:06.693142+00:00,16.01,20.80,16.01,20.8,-105.7,437642752.2574181,-7282.2,1449.3,4988.3,1
2026-04-09T15:30:07.069232+00:00,15.93,20.76,15.93,20.76,-99.7,437642752.2574181,-7292.0,1451.1,4995.0,1
2026-04-09T15:30:07.431306+00:00,15.85,20.71,15.85,20.71,-103.7,437642701.22135466,-7302.8,1453.0,5002.5,1
2026-04-09T15:30:07.766160+00:00,15.78,20.67,15.78,20.67,-106.7,437642701.22135466,-7312.2,1454.7,5008.9,1
2026-04-09T15:30:08.131013+00:00,15.72,20.63,15.72,20.63,-105.7,437642701.22135466,-7321.3,1456.4,5015.2,1
2026-04-09T15:30:08.463056+00:00,15.64,20.58,15.64,20.58,-111.7,437642701.22135466,-7331.2,1458.2,5021.9,1
2026-04-09T15:30:08.803328+00:00,15.58,20.54,15.58,20.54,-107.7,437642701.22135466,-7340.3,1459.9,5028.2,1
2026-04-09T15:30:09.163351+00:00,15.51,20.50,15.51,20.5,-104.7,437642701.22135466,-7349.5,1461.6,5034.4,1
2026-04-09T15:30:09.518217+00:00,15.43,20.46,15.43,20.46,-104.7,437642644.11995614,-7359.7,1463.5,5041.4,1
2026-04-09T15:30:09.859909+00:00,15.36,20.42,15.36,20.42,-108.7,437642644.11995614,-7368.8,1465.2,5047.7,1
2026-04-09T15:30:10.214888+00:00,15.30,20.37,15.3,20.37,-107.7,437642644.11995614,-7377.9,1466.9,5053.9,1
2026-04-09T15:30:10.554146+00:00,15.23,20.33,15.23,20.33,-107.7,437642644.11995614,-7387.4,1468.7,5060.4,1
2026-04-09T15:30:10.890190+00:00,15.16,20.29,15.16,20.29,-103.7,437642644.11995614,-7396.5,1470.5,5066.6,1
2026-04-09T15:30:11.250127+00:00,15.09,20.25,15.09,20.25,-103.7,437642644.11995614,-7405.4,1472.2,5072.7,1
2026-04-09T15:30:11.611315+00:00,15.02,20.20,15.02,20.2,-104.7,437642588.4698471,-7415.4,1474.1,5079.6,1
2026-04-09T15:30:11.946170+00:00,14.95,20.16,14.95,20.16,-106.7,437642588.4698471,-7424.2,1475.8,5085.6,1
2026-04-09T15:30:12.320158+00:00,14.89,20.12,14.89,20.12,-103.7,437642588.4698471,-7433.1,1477.5,5091.7,1
2026-04-09T15:30:12.671163+00:00,14.81,20.08,14.81,20.08,-101.7,437642588.4698471,-7443.0,1479.5,5098.5,1
2026-04-09T15:30:13.024945+00:00,14.74,20.03,14.74,20.03,-106.7,437642588.4698471,-7452.1,1481.3,5104.7,1
2026-04-09T15:30:13.401570+00:00,14.68,19.99,14.68,19.99,-101.7,437642588.4698471,-7461.2,1483.1,5111.0,1
2026-04-09T15:30:13.756029+00:00,14.60,19.95,14.6,19.95,-107.7,437642529.01473635,-7471.0,1485.0,5117.7,1
2026-04-09T15:30:14.104887+00:00,14.53,19.90,14.53,19.9,-109.7,437642529.01473635,-7480.0,1486.8,5123.8,1
2026-04-09T15:30:14.484459+00:00,14.47,19.86,14.47,19.86,-106.7,437642529.01473635,-7489.0,1488.6,5130.0,1
2026-04-09T15:30:14.835300+00:00,14.39,19.82,14.39,19.82,-104.7,437642529.01473635,-7498.6,1490.5,5136.6,1
2026-04-09T15:30:15.188006+00:00,14.33,19.77,14.33,19.77,-107.7,437642529.01473635,-7507.6,1492.3,5142.8,1
2026-04-09T15:30:15.563344+00:00,14.26,19.73,14.26,19.73,-101.7,437642529.01473635,-7516.5,1494.2,5148.9,1
2026-04-09T15:30:15.920376+00:00,14.19,19.69,14.19,19.69,-104.7,437642474.00616,-7526.0,1496.1,5155.3,1
2026-04-09T15:30:16.271244+00:00,14.12,19.64,14.12,19.64,-108.7,437642474.00616,-7534.9,1497.9,5161.4,1
2026-04-09T15:30:16.648420+00:00,14.06,19.60,14.06,19.6,-102.7,437642474.00616,-7543.7,1499.8,5167.5,1
2026-04-09T15:30:16.980518+00:00,13.99,19.56,13.99,19.56,-103.7,437642474.00616,-7553.1,1501.7,5173.9,1
2026-04-09T15:30:17.331918+00:00,13.92,19.52,13.92,19.52,-107.7,437642474.00616,-7561.3,1503.4,5179.5,1
2026-04-09T15:30:17.688204+00:00,13.86,19.48,13.86,19.48,-106.7,437642474.00616,-7570.1,1505.2,5185.5,1
2026-04-09T15:30:18.039124+00:00,13.79,19.43,13.79,19.43,-101.7,437642474.00616,-7578.8,1507.1,5191.5,1
2026-04-09T15:30:18.420063+00:00,13.72,19.39,13.72,19.39,-107.7,437642415.74857694,-7588.0,1509.0,5197.8,1
2026-04-09T15:30:18.789548+00:00,13.66,19.35,13.66,19.35,-105.7,437642415.74857694,-7596.6,1510.9,5203.7,1
2026-04-09T15:30:19.119648+00:00,13.59,19.30,13.59,19.3,-109.7,437642415.74857694,-7605.7,1512.8,5209.9,1
2026-04-09T15:30:19.472828+00:00,13.53,19.26,13.53,19.26,-107.7,437642415.74857694,-7613.8,1514.5,5215.5,1
2026-04-09T15:30:19.852066+00:00,13.46,19.22,13.46,19.22,-106.7,437642415.74857694,-7622.3,1516.4,5221.3,1
2026-04-09T15:30:20.180444+00:00,13.39,19.18,13.39,19.18,-103.7,437642415.74857694,-7631.3,1518.3,5227.5,1
2026-04-09T15:30:20.536557+00:00,13.33,19.14,13.33,19.14,-105.7,437642415.74857694,-7639.3,1520.1,5232.9,1
2026-04-09T15:30:20.931988+00:00,13.26,19.10,13.26,19.1,-111.7,437642355.30051625,-7648.3,1522.0,5239.1,1
2026-04-09T15:30:21.285681+00:00,13.20,19.05,13.2,19.05,-107.7,437642355.30051625,-7657.2,1524.0,5245.2,1
2026-04-09T15:30:21.640510+00:00,13.13,19.01,13.13,19.01,-106.7,437642355.30051625,-7665.6,1525.9,5251.0,1
2026-04-09T15:30:22.019232+00:00,13.07,18.97,13.07,18.97,-107.7,437642355.30051625,-7673.9,1527.7,5256.7,1
2026-04-09T15:30:22.354819+00:00,13.00,18.92,13.0,18.92,-111.7,437642355.30051625,-7682.8,1529.7,5262.7,1
2026-04-09T15:30:22.694227+00:00,12.94,18.88,12.94,18.88,-109.7,437642355.30051625,-7690.6,1531.5,5268.1,1
2026-04-09T15:30:23.074126+00:00,12.88,18.84,12.88,18.84,-113.7,437642304.363534,-7699.1,1533.4,5273.9,1
2026-04-09T15:30:23.410152+00:00,12.81,18.80,12.81,18.8,-110.7,437642304.363534,-7707.3,1535.3,5279.6,1
2026-04-09T15:30:23.755151+00:00,12.75,18.76,12.75,18.76,-109.7,437642304.363534,-7715.2,1537.0,5285.0,1
2026-04-09T15:30:24.107025+00:00,12.69,18.72,12.69,18.72,-113.7,437642304.363534,-7723.0,1538.8,5290.3,1
2026-04-09T15:30:24.446471+00:00,12.63,18.68,12.63,18.68,-112.7,437642304.363534,-7731.3,1540.7,5296.0,1
2026-04-09T15:30:24.782515+00:00,12.57,18.64,12.57,18.64,-113.7,437642304.363534,-7739.1,1542.5,5301.3,1
2026-04-09T15:30:25.142124+00:00,12.51,18.60,12.51,18.6,-112.7,437642304.363534,-7746.7,1544.3,5306.5,1
2026-04-09T15:30:25.502293+00:00,12.45,18.56,12.45,18.56,-110.7,437642247.97566235,-7755.4,1546.3,5312.5,1
2026-04-09T15:30:25.838919+00:00,12.39,18.52,12.39,18.52,-110.7,437642247.97566235,-7763.1,1548.1,5317.8,1
2026-04-09T15:30:26.198147+00:00,12.33,18.48,12.33,18.48,-110.7,437642247.97566235,-7770.7,1549.9,5322.9,1
2026-04-09T15:30:26.539328+00:00,12.27,18.44,12.27,18.44,-109.7,437642247.97566235,-7778.7,1551.8,5328.5,1
2026-04-09T15:30:26.874196+00:00,12.21,18.40,12.21,18.4,-111.7,437642247.97566235,-7786.3,1553.6,5333.6,1
2026-04-09T15:30:27.243098+00:00,12.15,18.36,12.15,18.36,-111.7,437642247.97566235,-7793.9,1555.5,5338.9,1
2026-04-09T15:30:27.600211+00:00,12.09,18.32,12.09,18.32,-112.7,437642247.97566235,-7802.2,1557.4,5344.5,1
2026-04-09T15:30:27.941222+00:00,12.03,18.28,12.03,18.28,None,437642247.97566235,-7809.9,1559.3,5349.8,1
2026-04-09T15:30:28.326235+00:00,11.96,18.23,11.96,18.23,-111.7,437642185.279386,-7818.0,1561.3,5355.3,1
2026-04-09T15:30:28.662229+00:00,11.90,18.19,11.9,18.19,-108.7,437642185.279386,-7825.9,1563.2,5360.8,1
2026-04-09T15:30:29.003462+00:00,11.84,18.15,11.84,18.15,-111.7,437642185.279386,-7833.4,1565.0,5365.9,1
2026-04-09T15:30:29.363347+00:00,11.79,18.12,11.79,18.12,-111.7,437642185.279386,-7840.7,1566.8,5370.9,1
2026-04-09T15:30:29.698113+00:00,11.73,18.07,11.73,18.07,-111.7,437642185.279386,-7848.6,1568.8,5376.3,1
2026-04-09T15:30:30.040071+00:00,11.67,18.04,11.67,18.04,-111.7,437642185.279386,-7855.9,1570.6,5381.3,1
2026-04-09T15:30:30.399324+00:00,11.61,18.00,11.61,18.0,-109.7,437642185.279386,-7863.2,1572.4,5386.3,1
2026-04-09T15:30:30.754137+00:00,11.55,17.95,11.55,17.95,-111.7,437642131.7520372,-7871.3,1574.4,5391.9,1
2026-04-09T15:30:31.095321+00:00,11.49,17.92,11.49,17.92,-109.7,437642131.7520372,-7878.6,1576.3,5396.9,1
2026-04-09T15:30:31.450099+00:00,11.44,17.88,11.44,17.88,-108.7,437642131.7520372,-7885.7,1578.1,5401.8,1
2026-04-09T15:30:31.791367+00:00,11.38,17.84,11.38,17.84,-113.7,437642131.7520372,-7893.4,1580.0,5407.0,1
2026-04-09T15:30:32.126166+00:00,11.32,17.80,11.32,17.8,-111.7,437642131.7520372,-7900.5,1581.8,5411.9,1
2026-04-09T15:30:32.486180+00:00,11.27,17.76,11.27,17.76,-107.7,437642131.7520372,-7907.7,1583.7,5416.8,1
2026-04-09T15:30:32.833634+00:00,11.21,17.72,11.21,17.72,-108.7,437642131.7520372,-7915.3,1585.6,5422.0,1
2026-04-09T15:30:33.164877+00:00,11.15,17.68,11.15,17.68,-108.7,437642131.7520372,-7922.6,1587.5,5427.0,1
2026-04-09T15:30:33.563842+00:00,11.09,17.64,11.09,17.64,-107.7,437642073.1843801,-7930.0,1589.5,5432.1,1
2026-04-09T15:30:33.916294+00:00,11.03,17.60,11.03,17.6,-108.7,437642073.1843801,-7937.8,1591.5,5437.4,1
2026-04-09T15:30:34.268751+00:00,10.97,17.56,10.97,17.56,-109.7,437642073.1843801,-7945.1,1593.4,5442.4,1
2026-04-09T15:30:34.624065+00:00,10.92,17.52,10.92,17.52,-112.7,437642073.1843801,-7952.4,1595.3,5447.4,1
2026-04-09T15:30:34.976848+00:00,10.86,17.48,10.86,17.48,-111.7,437642073.1843801,-7959.7,1597.3,5452.4,1
2026-04-09T15:30:35.327404+00:00,10.80,17.44,10.8,17.44,-111.7,437642073.1843801,-7966.9,1599.2,5457.4,1
2026-04-09T15:30:35.703730+00:00,10.75,17.40,10.75,17.4,-109.7,437642073.1843801,-7974.1,1601.1,5462.3,1
2026-04-09T15:30:36.079041+00:00,10.68,17.35,10.68,17.35,-108.7,437642020.92227644,-7982.2,1603.3,5467.9,1
2026-04-09T15:30:36.432971+00:00,10.63,17.31,10.63,17.31,-107.7,437642020.92227644,-7989.3,1605.2,5472.7,1
2026-04-09T15:30:36.808679+00:00,10.57,17.27,10.57,17.27,-107.7,437642020.92227644,-7996.4,1607.2,5477.6,1
2026-04-09T15:30:37.163886+00:00,10.51,17.23,10.51,17.23,-111.7,437642020.92227644,-8004.0,1609.2,5482.8,1
2026-04-09T15:30:37.498211+00:00,10.46,17.19,10.46,17.19,-107.7,437642020.92227644,-8010.9,1611.1,5487.5,1
2026-04-09T15:30:37.864163+00:00,10.40,17.16,10.4,17.16,-111.7,437642020.92227644,-8017.6,1613.0,5492.1,1
2026-04-09T15:30:38.194165+00:00,10.35,17.12,10.35,17.12,-113.7,437642020.92227644,-8024.8,1615.0,5497.0,1
2026-04-09T15:30:38.530191+00:00,10.29,17.08,10.29,17.08,-111.7,437642020.92227644,-8031.4,1616.8,5501.6,1
2026-04-09T15:30:38.890143+00:00,10.24,17.04,10.24,17.04,-109.7,437642020.92227644,-8038.1,1618.7,5506.2,1
2026-04-09T15:30:39.251276+00:00,10.18,17.00,10.18,17.0,-107.7,437641957.30575705,-8045.6,1620.8,5511.3,1
2026-04-09T15:30:39.586189+00:00,10.13,16.96,10.13,16.96,-111.7,437641957.30575705,-8052.1,1622.6,5515.8,1
2026-04-09T15:30:39.946329+00:00,10.08,16.92,10.08,16.92,-113.7,437641957.30575705,-8058.8,1624.5,5520.3,1
2026-04-09T15:30:40.287275+00:00,10.02,16.88,10.02,16.88,-112.7,437641957.30575705,-8065.8,1626.5,5525.1,1
2026-04-09T15:30:40.622176+00:00,9.97,16.85,9.97,16.85,-109.7,437641957.30575705,-8072.3,1628.3,5529.5,1
2026-04-09T15:30:40.982039+00:00,9.92,16.81,9.92,16.81,-110.7,437641957.30575705,-8078.8,1630.2,5534.0,1
2026-04-09T15:30:41.323447+00:00,9.86,16.77,9.86,16.77,-110.7,437641957.30575705,-8085.8,1632.2,5538.8,1
2026-04-09T15:30:41.663427+00:00,9.81,16.73,9.81,16.73,-107.7,437641957.30575705,-8092.2,1634.1,5543.2,1
2026-04-09T15:30:42.045165+00:00,9.75,16.69,9.75,16.69,-107.7,437641903.6714863,-8099.2,1636.1,5548.0,1
2026-04-09T15:30:42.400176+00:00,9.70,16.65,9.7,16.65,-105.7,437641903.6714863,-8106.1,1638.1,5552.7,1
2026-04-09T15:30:42.732107+00:00,9.64,16.61,9.64,16.61,-107.7,437641903.6714863,-8112.7,1640.1,5557.3,1
2026-04-09T15:30:43.107086+00:00,9.59,16.58,9.59,16.58,-104.7,437641903.6714863,-8119.0,1641.9,5561.6,1
2026-04-09T15:30:43.460503+00:00,9.54,16.54,9.54,16.54,-106.7,437641903.6714863,-8126.1,1644.0,5566.4,1
2026-04-09T15:30:43.816409+00:00,9.48,16.50,9.48,16.5,-106.7,437641903.6714863,-8132.7,1646.0,5570.9,1
2026-04-09T15:30:44.172046+00:00,9.43,16.46,9.43,16.46,-107.7,437641903.6714863,-8139.3,1648.0,5575.4,1
2026-04-09T15:30:44.522719+00:00,9.38,16.42,9.38,16.42,-105.7,437641903.6714863,-8145.9,1650.0,5580.0,1
2026-04-09T15:30:44.900304+00:00,9.32,16.38,9.32,16.38,-110.7,437641850.00870293,-8152.8,1652.1,5584.7,1
2026-04-09T15:30:45.276394+00:00,9.27,16.34,9.27,16.34,-106.7,437641850.00870293,-8159.3,1654.0,5589.2,1
2026-04-09T15:30:45.604050+00:00,9.22,16.30,9.22,16.3,-106.7,437641850.00870293,-8166.2,1656.1,5593.9,1
2026-04-09T15:30:45.960219+00:00,9.17,16.27,9.17,16.27,-107.7,437641850.00870293,-8172.2,1658.0,5598.0,1
2026-04-09T15:30:46.336110+00:00,9.11,16.23,9.11,16.23,-107.7,437641850.00870293,-8178.7,1659.9,5602.4,1
2026-04-09T15:30:46.692394+00:00,9.06,16.19,9.06,16.19,-107.7,437641850.00870293,-8185.5,1662.1,5607.1,1
2026-04-09T15:30:47.021641+00:00,9.01,16.15,9.01,16.15,-109.7,437641850.00870293,-8191.9,1664.0,5611.5,1
2026-04-09T15:30:47.396499+00:00,8.96,16.11,8.96,16.11,-110.7,437641850.00870293,-8197.9,1665.9,5615.6,1
2026-04-09T15:30:47.751296+00:00,8.90,16.07,8.9,16.07,-110.7,437641795.3501183,-8204.6,1668.0,5620.2,1
2026-04-09T15:30:48.103368+00:00,8.85,16.03,8.85,16.03,-108.7,437641795.3501183,-8211.0,1670.0,5624.6,1
2026-04-09T15:30:48.480254+00:00,8.80,16.00,8.8,16.0,-106.7,437641795.3501183,-8217.2,1672.0,5628.9,1
2026-04-09T15:30:48.812424+00:00,8.75,15.96,8.75,15.96,-105.7,437641795.3501183,-8223.9,1674.1,5633.4,1
2026-04-09T15:30:49.164073+00:00,8.70,15.92,8.7,15.92,-106.7,437641795.3501183,-8229.8,1676.0,5637.4,1
2026-04-09T15:30:49.540552+00:00,8.65,15.88,8.65,15.88,-106.7,437641795.3501183,-8235.9,1678.0,5641.7,1
2026-04-09T15:30:49.891073+00:00,8.60,15.84,8.6,15.84,-106.7,437641795.3501183,-8242.6,1680.1,5646.2,1
2026-04-09T15:30:50.244663+00:00,8.55,15.80,8.55,15.8,-107.7,437641795.3501183,-8248.7,1682.1,5650.4,1
2026-04-09T15:30:50.623062+00:00,8.49,15.77,8.49,15.77,-103.7,437641795.3501183,-8254.9,1684.1,5654.6,1
2026-04-09T15:30:50.976651+00:00,8.44,15.73,8.44,15.73,-105.7,437641738.5751886,-8261.4,1686.2,5659.1,1
2026-04-09T15:30:51.332140+00:00,8.39,15.69,8.39,15.69,-103.7,437641738.5751886,-8267.5,1688.2,5663.3,1
2026-04-09T15:30:51.704977+00:00,8.34,15.65,8.34,15.65,-102.7,437641738.5751886,-8273.6,1690.2,5667.5,1
2026-04-09T15:30:52.038358+00:00,8.29,15.61,8.29,15.61,-107.7,437641738.5751886,-8280.0,1692.3,5671.9,1
2026-04-09T15:30:52.374591+00:00,8.24,15.58,8.24,15.58,-105.7,437641738.5751886,-8285.6,1694.2,5675.7,1
2026-04-09T15:30:52.734162+00:00,8.20,15.54,8.2,15.54,-106.7,437641738.5751886,-8291.4,1696.1,5679.6,1
2026-04-09T15:30:53.070725+00:00,8.15,15.50,8.15,15.5,-106.7,437641738.5751886,-8297.4,1698.2,5683.8,1
2026-04-09T15:30:53.414273+00:00,8.10,15.47,8.1,15.47,-106.7,437641738.5751886,-8303.1,1700.1,5687.7,1
2026-04-09T15:30:53.771270+00:00,8.05,15.43,8.05,15.43,-106.7,437641738.5751886,-8308.9,1702.0,5691.6,1
2026-04-09T15:30:54.127261+00:00,8.00,15.39,8.0,15.39,-109.7,437641687.20410246,-8315.2,1704.2,5695.9,1
2026-04-09T15:30:54.463568+00:00,7.95,15.36,7.95,15.36,-109.7,437641687.20410246,-8320.8,1706.1,5699.8,1
2026-04-09T15:30:54.822320+00:00,7.91,15.32,7.91,15.32,-113.7,437641687.20410246,-8326.4,1708.0,5703.6,1
2026-04-09T15:30:55.163331+00:00,7.86,15.28,7.86,15.28,-109.7,437641687.20410246,-8332.4,1710.1,5707.7,1
2026-04-09T15:30:55.498261+00:00,7.81,15.25,7.81,15.25,-106.7,437641687.20410246,-8338.0,1712.0,5711.6,1
2026-04-09T15:30:55.858121+00:00,7.77,15.21,7.77,15.21,-107.7,437641687.20410246,-8343.5,1713.9,5715.4,1
2026-04-09T15:30:56.195079+00:00,7.72,15.18,7.72,15.18,-109.7,437641687.20410246,-8349.5,1716.0,5719.4,1
2026-04-09T15:30:56.534158+00:00,7.67,15.14,7.67,15.14,-105.7,437641687.20410246,-8354.9,1717.9,5723.2,1
2026-04-09T15:30:56.895297+00:00,7.62,15.10,7.62,15.1,-107.7,437641687.20410246,-8360.5,1719.9,5727.0,1
2026-04-09T15:30:57.241035+00:00,7.58,15.07,7.58,15.07,-101.7,437641687.20410246,-8366.3,1721.9,5731.0,1
2026-04-09T15:30:57.596199+00:00,7.53,15.03,7.53,15.03,-103.7,437641630.13335496,-8372.0,1723.9,5734.8,1
2026-04-09T15:30:57.969748+00:00,7.48,14.99,7.48,14.99,-103.7,437641630.13335496,-8377.7,1726.0,5738.7,1
2026-04-09T15:30:58.324298+00:00,7.43,14.95,7.43,14.95,-101.7,437641630.13335496,-8383.7,1728.1,5742.8,1
2026-04-09T15:30:58.656763+00:00,7.38,14.92,7.38,14.92,-105.7,437641630.13335496,-8389.3,1730.1,5746.7,1
2026-04-09T15:30:59.028057+00:00,7.34,14.88,7.34,14.88,-106.7,437641630.13335496,-8394.5,1732.0,5750.3,1
2026-04-09T15:30:59.384222+00:00,7.29,14.85,7.29,14.85,-105.7,437641630.13335496,-8400.5,1734.2,5754.4,1
2026-04-09T15:30:59.737607+00:00,7.24,14.81,7.24,14.81,-104.7,437641630.13335496,-8406.1,1736.2,5758.2,1
2026-04-09T15:31:00.111851+00:00,7.20,14.77,7.2,14.77,-103.7,437641630.13335496,-8411.7,1738.3,5762.0,1
2026-04-09T15:31:00.464748+00:00,7.15,14.73,7.15,14.73,-107.7,437641630.13335496,-8417.6,1740.4,5766.1,1
2026-04-09T15:31:00.816657+00:00,7.10,14.70,7.1,14.7,-103.7,437641630.13335496,-8423.1,1742.5,5769.8,1
2026-04-09T15:31:01.192355+00:00,7.05,14.66,7.05,14.66,-101.7,437641573.4717627,-8428.9,1744.6,5773.8,1
2026-04-09T15:31:01.548366+00:00,7.01,14.62,7.01,14.62,-103.7,437641573.4717627,-8434.4,1746.7,5777.6,1
2026-04-09T15:31:01.879242+00:00,6.96,14.59,6.96,14.59,-103.7,437641573.4717627,-8439.9,1748.7,5781.3,1
2026-04-09T15:31:02.256303+00:00,6.92,14.55,6.92,14.55,-101.7,437641573.4717627,-8445.0,1750.6,5784.8,1
2026-04-09T15:31:02.607492+00:00,6.87,14.51,6.87,14.51,-103.7,437641573.4717627,-8450.7,1752.8,5788.8,1
2026-04-09T15:31:02.961087+00:00,6.82,14.48,6.82,14.48,-107.7,437641573.4717627,-8456.1,1754.9,5792.5,1
2026-04-09T15:31:03.332760+00:00,6.78,14.44,6.78,14.44,-103.7,437641573.4717627,-8461.5,1756.9,5796.1,1
2026-04-09T15:31:03.692716+00:00,6.73,14.40,6.73,14.4,-102.7,437641573.4717627,-8467.1,1759.1,5800.0,1
2026-04-09T15:31:04.019795+00:00,6.68,14.37,6.68,14.37,-101.7,437641573.4717627,-8472.5,1761.1,5803.7,1
2026-04-09T15:31:04.373240+00:00,6.64,14.33,6.64,14.33,-102.7,437641573.4717627,-8477.5,1763.0,5807.1,1
2026-04-09T15:31:04.727035+00:00,6.60,14.30,6.6,14.3,-106.7,437641573.4717627,-8482.8,1765.1,5810.7,1
2026-04-09T15:31:05.102830+00:00,6.55,14.26,6.55,14.26,-101.7,437641513.90474015,-8488.4,1767.3,5814.6,1
2026-04-09T15:31:05.479061+00:00,6.50,14.22,6.5,14.22,-101.7,437641513.90474015,-8493.6,1769.3,5818.2,1
2026-04-09T15:31:05.831920+00:00,6.46,14.19,6.46,14.19,-107.7,437641513.90474015,-8499.2,1771.5,5822.0,1
2026-04-09T15:31:06.188114+00:00,6.41,14.15,6.41,14.15,-101.7,437641513.90474015,-8504.4,1773.6,5825.6,1
2026-04-09T15:31:06.563362+00:00,6.37,14.12,6.37,14.12,-103.7,437641513.90474015,-8509.6,1775.7,5829.1,1
2026-04-09T15:31:06.915524+00:00,6.32,14.08,6.32,14.08,-106.7,437641513.90474015,-8515.1,1777.9,5832.9,1
2026-04-09T15:31:07.262198+00:00,6.28,14.04,6.28,14.04,-107.7,437641513.90474015,-8520.3,1779.9,5836.4,1
2026-04-09T15:31:07.622608+00:00,6.23,14.01,6.23,14.01,-107.7,437641513.90474015,-8525.3,1781.9,5839.9,1
2026-04-09T15:31:07.962263+00:00,6.19,13.97,6.19,13.97,-110.7,437641513.90474015,-8530.5,1784.0,5843.4,1
2026-04-09T15:31:08.302383+00:00,6.15,13.94,6.15,13.94,-109.7,437641513.90474015,-8535.4,1786.0,5846.8,1
2026-04-09T15:31:08.663477+00:00,6.11,13.90,6.11,13.9,-106.7,437641513.90474015,-8540.3,1788.0,5850.1,1
2026-04-09T15:31:09.023501+00:00,6.06,13.87,6.06,13.87,-107.7,437641456.36496097,-8545.7,1790.2,5853.9,1
2026-04-09T15:31:09.359353+00:00,6.02,13.83,6.02,13.83,-106.7,437641456.36496097,-8550.6,1792.2,5857.2,1
2026-04-09T15:31:09.718345+00:00,5.98,13.80,5.98,13.8,-104.7,437641456.36496097,-8555.3,1794.2,5860.4,1
2026-04-09T15:31:10.059608+00:00,5.93,13.76,5.93,13.76,-105.7,437641456.36496097,-8560.4,1796.3,5863.9,1
2026-04-09T15:31:10.399330+00:00,5.89,13.73,5.89,13.73,-104.7,437641456.36496097,-8565.2,1798.3,5867.2,1
2026-04-09T15:31:10.759357+00:00,5.85,13.70,5.85,13.7,-107.7,437641456.36496097,-8570.0,1800.2,5870.5,1
2026-04-09T15:31:11.094669+00:00,5.81,13.66,5.81,13.66,-107.7,437641456.36496097,-8575.0,1802.4,5873.9,1
2026-04-09T15:31:11.435549+00:00,5.76,13.63,5.76,13.63,-106.7,437641456.36496097,-8579.8,1804.4,5877.2,1
2026-04-09T15:31:11.796240+00:00,5.72,13.59,5.72,13.59,-107.7,437641456.36496097,-8584.5,1806.4,5880.4,1
2026-04-09T15:31:12.130812+00:00,5.68,13.56,5.68,13.56,-109.7,437641456.36496097,-8589.5,1808.5,5883.8,1
2026-04-09T15:31:12.488452+00:00,5.64,13.52,5.64,13.52,-101.7,437641456.36496097,-8594.2,1810.5,5887.1,1
2026-04-09T15:31:12.864156+00:00,5.60,13.49,5.6,13.49,-105.7,437641456.36496097,-8599.1,1812.6,5890.4,1
2026-04-09T15:31:13.216247+00:00,5.55,13.45,5.55,13.45,None,437641397.53641385,-8604.5,1814.9,5894.1,1
2026-04-09T15:31:13.571310+00:00,5.51,13.42,5.51,13.42,-103.7,437641397.53641385,-8609.0,1816.9,5897.2,1
2026-04-09T15:31:13.948986+00:00,5.47,13.38,5.47,13.38,-100.7,437641397.53641385,-8613.9,1819.0,5900.5,1
2026-04-09T15:31:14.300217+00:00,5.42,13.34,5.42,13.34,-101.7,437641397.53641385,-8619.0,1821.2,5904.0,1
2026-04-09T15:31:14.631864+00:00,5.38,13.31,5.38,13.31,-105.7,437641397.53641385,-8623.7,1823.3,5907.3,1
2026-04-09T15:31:15.006395+00:00,5.34,13.28,5.34,13.28,-106.7,437641397.53641385,-8628.2,1825.2,5910.4,1
2026-04-09T15:31:15.346611+00:00,5.30,13.24,5.3,13.24,-102.7,437641397.53641385,-8633.2,1827.4,5913.8,1
2026-04-09T15:31:15.687433+00:00,5.26,13.21,5.26,13.21,-107.7,437641397.53641385,-8637.7,1829.4,5916.9,1
2026-04-09T15:31:16.043648+00:00,5.22,13.18,5.22,13.18,-104.7,437641397.53641385,-8642.2,1831.4,5920.0,1
2026-04-09T15:31:16.382159+00:00,5.18,13.14,5.18,13.14,-107.7,437641397.53641385,-8647.0,1833.6,5923.2,1
2026-04-09T15:31:16.718139+00:00,5.14,13.11,5.14,13.11,-104.7,437641397.53641385,-8651.4,1835.6,5926.3,1
2026-04-09T15:31:17.079295+00:00,5.10,13.08,5.1,13.08,-106.7,437641397.53641385,-8655.9,1837.6,5929.3,1
2026-04-09T15:31:17.434115+00:00,5.06,13.04,5.06,13.04,-102.7,437641341.0444714,-8660.9,1839.8,5932.7,1
2026-04-09T15:31:17.774150+00:00,5.02,13.01,5.02,13.01,-107.7,437641341.0444714,-8665.2,1841.8,5935.7,1
2026-04-09T15:31:18.131117+00:00,4.98,12.97,4.98,12.97,-106.7,437641341.0444714,-8669.6,1843.8,5938.7,1
2026-04-09T15:31:18.470374+00:00,4.94,12.94,4.94,12.94,-107.7,437641341.0444714,-8674.3,1845.9,5941.9,1
2026-04-09T15:31:18.807132+00:00,4.90,12.91,4.9,12.91,-106.7,437641341.0444714,-8678.7,1848.0,5945.0,1
2026-04-09T15:31:19.166704+00:00,4.86,12.87,4.86,12.87,-108.7,437641341.0444714,-8683.0,1850.0,5947.9,1
2026-04-09T15:31:19.505986+00:00,4.82,12.84,4.82,12.84,-101.7,437641341.0444714,-8687.6,1852.1,5951.1,1
2026-04-09T15:31:19.842151+00:00,4.78,12.81,4.78,12.81,-108.7,437641341.0444714,-8691.9,1854.1,5954.0,1
2026-04-09T15:31:20.216088+00:00,4.74,12.77,4.74,12.77,-100.7,437641341.0444714,-8696.3,1856.1,5957.0,1
2026-04-09T15:31:20.568525+00:00,4.70,12.74,4.7,12.74,-95.7,437641341.0444714,-8701.0,1858.4,5960.2,1
2026-04-09T15:31:20.920310+00:00,4.66,12.70,4.66,12.7,-104.7,437641341.0444714,-8705.5,1860.5,5963.3,1
2026-04-09T15:31:21.296362+00:00,4.62,12.67,4.62,12.67,-104.7,437641341.0444714,-8710.0,1862.6,5966.4,1
2026-04-09T15:31:21.652081+00:00,4.58,12.63,4.58,12.63,-101.7,437641285.34660375,-8714.7,1864.8,5969.6,1
2026-04-09T15:31:22.007198+00:00,4.54,12.60,4.54,12.6,-100.7,437641285.34660375,-8719.1,1866.9,5972.6,1
2026-04-09T15:31:22.366172+00:00,4.50,12.57,4.5,12.57,-101.7,437641285.34660375,-8723.5,1869.0,5975.6,1
2026-04-09T15:31:22.702838+00:00,4.46,12.53,4.46,12.53,-107.7,437641285.34660375,-8727.9,1871.2,5978.7,1
2026-04-09T15:31:23.042533+00:00,4.42,12.50,4.42,12.5,-107.7,437641285.34660375,-8732.1,1873.2,5981.5,1
2026-04-09T15:31:23.403297+00:00,4.39,12.47,4.39,12.47,-106.7,437641285.34660375,-8736.3,1875.2,5984.4,1
2026-04-09T15:31:23.738149+00:00,4.35,12.44,4.35,12.44,-105.7,437641285.34660375,-8740.7,1877.4,5987.4,1
2026-04-09T15:31:24.075263+00:00,4.31,12.40,4.31,12.4,-107.7,437641285.34660375,-8744.8,1879.4,5990.3,1
2026-04-09T15:31:24.434728+00:00,4.27,12.37,4.27,12.37,-105.7,437641285.34660375,-8748.9,1881.4,5993.1,1
2026-04-09T15:31:24.775321+00:00,4.23,12.34,4.23,12.34,-109.7,437641285.34660375,-8753.3,1883.6,5996.0,1
2026-04-09T15:31:25.110157+00:00,4.20,12.31,4.2,12.31,-106.7,437641285.34660375,-8757.4,1885.6,5998.9,1
2026-04-09T15:31:25.470335+00:00,4.16,12.27,4.16,12.27,-107.7,437641285.34660375,-8761.5,1887.6,6001.7,1
2026-04-09T15:31:25.806823+00:00,4.12,12.24,4.12,12.24,-107.7,437641285.34660375,-8765.8,1889.8,6004.6,1
2026-04-09T15:31:26.147280+00:00,4.08,12.21,4.08,12.21,-106.7,437641285.34660375,-8769.8,1891.8,6007.4,1
2026-04-09T15:31:26.526269+00:00,4.04,12.17,4.04,12.17,-103.7,437641227.62006724,-8774.1,1894.0,6010.3,1
2026-04-09T15:31:26.867282+00:00,4.01,12.14,4.01,12.14,-103.7,437641227.62006724,-8778.4,1896.1,6013.2,1
2026-04-09T15:31:27.212092+00:00,3.97,12.11,3.97,12.11,-103.7,437641227.62006724,-8782.4,1898.2,6016.0,1
2026-04-09T15:31:27.587081+00:00,3.93,12.08,3.93,12.08,-102.7,437641227.62006724,-8786.5,1900.3,6018.8,1
2026-04-09T15:31:27.941973+00:00,3.89,12.04,3.89,12.04,-105.7,437641227.62006724,-8791.0,1902.5,6021.8,1
2026-04-09T15:31:28.295058+00:00,3.85,12.01,3.85,12.01,-102.7,437641227.62006724,-8795.1,1904.7,6024.7,1
2026-04-09T15:31:28.676425+00:00,3.82,11.98,3.82,11.98,-101.7,437641227.62006724,-8799.2,1906.8,6027.5,1
2026-04-09T15:31:29.027779+00:00,3.78,11.94,3.78,11.94,-102.7,437641227.62006724,-8803.6,1909.1,6030.5,1
2026-04-09T15:31:29.360179+00:00,3.74,11.91,3.74,11.91,-104.7,437641227.62006724,-8807.7,1911.2,6033.3,1
2026-04-09T15:31:29.735072+00:00,3.70,11.88,3.7,11.88,-100.7,437641227.62006724,-8811.5,1913.2,6036.0,1
2026-04-09T15:31:30.089036+00:00,3.66,11.84,3.66,11.84,-101.7,437641227.62006724,-8815.9,1915.5,6038.9,1
2026-04-09T15:31:30.444476+00:00,3.63,11.81,3.63,11.81,-100.7,437641227.62006724,-8819.9,1917.6,6041.7,1
2026-04-09T15:31:30.840472+00:00,3.59,11.77,3.59,11.77,-100.7,437641177.49711865,-8824.2,1919.9,6044.6,1
2026-04-09T15:31:31.172152+00:00,3.55,11.74,3.55,11.74,-103.7,437641177.49711865,-8828.5,1922.2,6047.6,1
2026-04-09T15:31:31.525073+00:00,3.51,11.71,3.51,11.71,-100.7,437641177.49711865,-8832.2,1924.2,6050.1,1
2026-04-09T15:31:31.880118+00:00,3.48,11.68,3.48,11.68,-100.7,437641177.49711865,-8836.2,1926.3,6052.9,1
2026-04-09T15:31:32.207663+00:00,3.44,11.64,3.44,11.64,-102.7,437641177.49711865,-8840.2,1928.4,6055.6,1
2026-04-09T15:31:32.559945+00:00,3.41,11.61,3.41,11.61,-103.7,437641177.49711865,-8843.9,1930.4,6058.1,1
2026-04-09T15:31:32.916071+00:00,3.37,11.58,3.37,11.58,-101.7,437641177.49711865,-8847.8,1932.6,6060.8,1
2026-04-09T15:31:33.268337+00:00,3.33,11.55,3.33,11.55,-103.7,437641177.49711865,-8851.8,1934.7,6063.5,1
2026-04-09T15:31:33.620379+00:00,3.30,11.52,3.3,11.52,-103.7,437641177.49711865,-8855.7,1936.9,6066.2,1
2026-04-09T15:31:33.993365+00:00,3.26,11.49,3.26,11.49,-101.7,437641177.49711865,-8859.6,1939.0,6068.9,1
2026-04-09T15:31:34.328255+00:00,3.22,11.45,3.22,11.45,-101.7,437641177.49711865,-8863.7,1941.3,6071.7,1
2026-04-09T15:31:34.679179+00:00,3.19,11.42,3.19,11.42,-104.7,437641177.49711865,-8867.4,1943.3,6074.2,1
2026-04-09T15:31:35.055050+00:00,3.15,11.39,3.15,11.39,-100.7,437641177.49711865,-8871.2,1945.4,6076.8,1
2026-04-09T15:31:35.408486+00:00,3.11,11.35,3.11,11.35,-100.7,437641124.7139479,-8875.3,1947.7,6079.6,1
2026-04-09T15:31:35.760900+00:00,3.08,11.32,3.08,11.32,-104.7,437641124.7139479,-8879.1,1949.9,6082.2,1
2026-04-09T15:31:36.140109+00:00,3.04,11.29,3.04,11.29,-98.7,437641124.7139479,-8882.9,1952.0,6084.8,1
2026-04-09T15:31:36.468892+00:00,3.01,11.26,3.01,11.26,-101.7,437641124.7139479,-8887.0,1954.3,6087.6,1
2026-04-09T15:31:36.800190+00:00,2.97,11.23,2.97,11.23,-101.7,437641124.7139479,-8890.5,1956.3,6090.1,1
2026-04-09T15:31:37.170840+00:00,2.94,11.20,2.94,11.2,-101.7,437641124.7139479,-8894.1,1958.4,6092.5,1
2026-04-09T15:31:37.510173+00:00,2.90,11.16,2.9,11.16,-104.7,437641124.7139479,-8898.0,1960.6,6095.2,1
2026-04-09T15:31:37.847290+00:00,2.87,11.13,2.87,11.13,-104.7,437641124.7139479,-8901.6,1962.7,6097.6,1
2026-04-09T15:31:38.206951+00:00,2.84,11.10,2.84,11.1,-103.7,437641124.7139479,-8905.1,1964.7,6100.1,1
2026-04-09T15:31:38.547411+00:00,2.80,11.07,2.8,11.07,-103.7,437641124.7139479,-8908.9,1966.9,6102.7,1
2026-04-09T15:31:38.882248+00:00,2.77,11.04,2.77,11.04,-105.7,437641124.7139479,-8912.4,1969.0,6105.1,1
2026-04-09T15:31:39.243312+00:00,2.73,11.01,2.73,11.01,-109.7,437641124.7139479,-8916.0,1971.0,6107.5,1
2026-04-09T15:31:39.578215+00:00,2.70,10.98,2.7,10.98,-104.7,437641124.7139479,-8919.7,1973.2,6110.1,1
2026-04-09T15:31:39.919361+00:00,2.66,10.95,2.66,10.95,-103.7,437641124.7139479,-8923.3,1975.3,6112.5,1
2026-04-09T15:31:40.274207+00:00,2.63,10.92,2.63,10.92,-103.7,437641124.7139479,-8926.7,1977.3,6114.9,1
2026-04-09T15:31:40.634177+00:00,2.60,10.88,2.6,10.88,-104.7,437641070.8644072,-8930.6,1979.7,6117.5,1
2026-04-09T15:31:40.971268+00:00,2.56,10.85,2.56,10.85,-104.7,437641070.8644072,-8934.1,1981.7,6119.9,1
2026-04-09T15:31:41.330741+00:00,2.53,10.82,2.53,10.82,-104.7,437641070.8644072,-8937.6,1983.8,6122.3,1
2026-04-09T15:31:41.671320+00:00,2.49,10.79,2.49,10.79,-105.7,437641070.8644072,-8941.2,1986.0,6124.8,1
2026-04-09T15:31:42.006304+00:00,2.46,10.76,2.46,10.76,-102.7,437641070.8644072,-8944.7,1988.1,6127.2,1
2026-04-09T15:31:42.357334+00:00,2.43,10.73,2.43,10.73,-101.7,437641070.8644072,-8948.1,1990.1,6129.5,1
2026-04-09T15:31:42.713177+00:00,2.39,10.70,2.39,10.7,-99.7,437641070.8644072,-8951.7,1992.3,6132.0,1
2026-04-09T15:31:43.067138+00:00,2.36,10.67,2.36,10.67,-101.7,437641070.8644072,-8955.3,1994.5,6134.4,1
2026-04-09T15:31:43.444114+00:00,2.33,10.64,2.33,10.64,-103.7,437641070.8644072,-8958.8,1996.7,6136.8,1
2026-04-09T15:31:43.776039+00:00,2.29,10.60,2.29,10.6,-100.7,437641070.8644072,-8962.6,1999.0,6139.4,1
2026-04-09T15:31:44.107362+00:00,2.26,10.57,2.26,10.57,-101.7,437641070.8644072,-8965.9,2001.0,6141.7,1
2026-04-09T15:31:44.484501+00:00,2.23,10.55,2.23,10.55,-101.7,437641070.8644072,-8969.2,2003.1,6143.9,1
2026-04-09T15:31:44.816414+00:00,2.19,10.51,2.19,10.51,-102.7,437641070.8644072,-8972.9,2005.4,6146.5,1
2026-04-09T15:31:45.168105+00:00,2.16,10.48,2.16,10.48,-103.7,437641070.8644072,-8976.2,2007.4,6148.7,1
2026-04-09T15:31:45.540722+00:00,2.13,10.45,2.13,10.45,-101.7,437641070.8644072,-8979.6,2009.6,6151.1,1
2026-04-09T15:31:45.896447+00:00,2.09,10.42,2.09,10.42,-100.7,437641016.75112534,-8983.2,2011.9,6153.6,1
2026-04-09T15:31:46.228331+00:00,2.06,10.39,2.06,10.39,-100.7,437641016.75112534,-8986.7,2014.1,6155.9,1
2026-04-09T15:31:46.579160+00:00,2.03,10.36,2.03,10.36,-97.7,437641016.75112534,-8989.9,2016.1,6158.1,1
2026-04-09T15:31:46.937305+00:00,2.00,10.33,2.0,10.33,-104.7,437641016.75112534,-8993.3,2018.3,6160.5,1
2026-04-09T15:31:47.287091+00:00,1.96,10.30,1.96,10.3,-101.7,437641016.75112534,-8996.8,2020.5,6162.8,1
2026-04-09T15:31:47.663532+00:00,1.93,10.27,1.93,10.27,-101.7,437641016.75112534,-9000.1,2022.6,6165.1,1
2026-04-09T15:31:48.015971+00:00,1.89,10.23,1.89,10.23,-100.7,437641016.75112534,-9003.7,2025.0,6167.6,1
2026-04-09T15:31:48.372447+00:00,1.86,10.20,1.86,10.2,-100.7,437641016.75112534,-9007.1,2027.1,6169.9,1
2026-04-09T15:31:48.744768+00:00,1.83,10.17,1.83,10.17,-101.7,437641016.75112534,-9010.4,2029.3,6172.2,1
2026-04-09T15:31:49.100303+00:00,1.79,10.14,1.79,10.14,-103.7,437641016.75112534,-9014.0,2031.6,6174.6,1
2026-04-09T15:31:49.432523+00:00,1.76,10.11,1.76,10.11,-95.7,437641016.75112534,-9017.3,2033.8,6176.9,1
2026-04-09T15:31:49.807332+00:00,1.73,10.08,1.73,10.08,-101.7,437641016.75112534,-9020.5,2035.9,6179.1,1
2026-04-09T15:31:50.159030+00:00,1.70,10.05,1.7,10.05,-103.7,437641016.75112534,-9024.0,2038.2,6181.5,1
2026-04-09T15:31:50.512366+00:00,1.67,10.02,1.67,10.02,-101.7,437641016.75112534,-9027.2,2040.4,6183.7,1
2026-04-09T15:31:50.887005+00:00,1.63,9.99,1.63,9.99,-99.7,437641016.75112534,-9030.5,2042.5,6185.9,1
2026-04-09T15:31:51.264143+00:00,1.60,9.96,1.6,9.96,-100.7,437640966.0030388,-9034.0,2044.9,6188.3,1
2026-04-09T15:31:51.615903+00:00,1.57,9.92,1.57,9.92,-100.7,437640966.0030388,-9037.5,2047.2,6190.7,1
2026-04-09T15:31:51.992089+00:00,1.53,9.89,1.53,9.89,-101.7,437640966.0030388,-9040.7,2049.4,6192.9,1
2026-04-09T15:31:52.344170+00:00,1.50,9.86,1.5,9.86,-100.7,437640966.0030388,-9044.1,2051.7,6195.3,1
2026-04-09T15:31:52.695315+00:00,1.47,9.83,1.47,9.83,-98.7,437640966.0030388,-9047.3,2053.9,6197.5,1
2026-04-09T15:31:53.070930+00:00,1.44,9.80,1.44,9.8,-103.7,437640966.0030388,-9050.5,2056.1,6199.7,1
2026-04-09T15:31:53.428457+00:00,1.40,9.77,1.4,9.77,-100.7,437640966.0030388,-9053.9,2058.4,6202.0,1
2026-04-09T15:31:53.780095+00:00,1.37,9.74,1.37,9.74,-102.7,437640966.0030388,-9057.1,2060.6,6204.2,1
2026-04-09T15:31:54.156535+00:00,1.34,9.71,1.34,9.71,-103.7,437640966.0030388,-9060.3,2062.8,6206.4,1
2026-04-09T15:31:54.508448+00:00,1.31,9.68,1.31,9.68,-97.7,437640966.0030388,-9063.7,2065.1,6208.7,1
2026-04-09T15:31:54.864150+00:00,1.28,9.65,1.28,9.65,-97.7,437640966.0030388,-9066.8,2067.3,6210.8,1
2026-04-09T15:31:55.215099+00:00,1.24,9.62,1.24,9.62,-101.7,437640966.0030388,-9069.9,2069.5,6213.0,1
2026-04-09T15:31:55.568350+00:00,1.21,9.59,1.21,9.59,-100.7,437640966.0030388,-9073.1,2071.7,6215.1,1
2026-04-09T15:31:55.900943+00:00,1.18,9.56,1.18,9.56,-101.7,437640966.0030388,-9076.2,2073.9,6217.2,1
2026-04-09T15:31:56.276242+00:00,1.15,9.53,1.15,9.53,-97.7,437640966.0030388,-9079.1,2076.0,6219.2,1
2026-04-09T15:31:56.608136+00:00,1.12,9.50,1.12,9.5,-97.7,437640966.0030388,-9082.4,2078.3,6221.5,1
2026-04-09T15:31:56.960300+00:00,1.09,9.47,1.09,9.47,-100.7,437640966.0030388,-9085.3,2080.4,6223.5,1
2026-04-09T15:31:57.356346+00:00,1.06,9.44,1.06,9.44,-101.7,437640912.76794386,-9088.6,2082.7,6225.7,1
2026-04-09T15:31:57.708953+00:00,1.03,9.41,1.03,9.41,-101.7,437640912.76794386,-9091.8,2085.0,6227.9,1
2026-04-09T15:31:58.064129+00:00,1.00,9.38,1.0,9.38,-95.7,437640912.76794386,-9094.8,2087.2,6230.0,1
2026-04-09T15:31:58.440123+00:00,0.97,9.35,0.97,9.35,-97.7,437640912.76794386,-9097.9,2089.4,6232.1,1
2026-04-09T15:31:58.792188+00:00,0.93,9.32,0.93,9.32,-100.7,437640912.76794386,-9101.1,2091.8,6234.3,1
2026-04-09T15:31:59.123510+00:00,0.90,9.29,0.9,9.29,-100.7,437640912.76794386,-9104.1,2094.0,6236.4,1
2026-04-09T15:31:59.499808+00:00,0.87,9.26,0.87,9.26,-102.7,437640912.76794386,-9106.9,2096.0,6238.3,1
2026-04-09T15:31:59.853379+00:00,0.84,9.23,0.84,9.23,-101.7,437640912.76794386,-9110.1,2098.4,6240.5,1
2026-04-09T15:32:00.205396+00:00,0.81,9.20,0.81,9.2,-97.7,437640912.76794386,-9113.1,2100.6,6242.5,1
2026-04-09T15:32:00.580171+00:00,0.78,9.17,0.78,9.17,-100.7,437640912.76794386,-9116.1,2102.8,6244.5,1
2026-04-09T15:32:00.911979+00:00,0.75,9.14,0.75,9.14,-101.7,437640912.76794386,-9119.2,2105.1,6246.7,1
2026-04-09T15:32:01.264850+00:00,0.72,9.11,0.72,9.11,-98.7,437640912.76794386,-9122.0,2107.2,6248.6,1
2026-04-09T15:32:01.641221+00:00,0.69,9.08,0.69,9.08,-96.7,437640912.76794386,-9124.9,2109.4,6250.6,1
2026-04-09T15:32:01.971549+00:00,0.66,9.05,0.66,9.05,-100.7,437640912.76794386,-9128.0,2111.8,6252.7,1
2026-04-09T15:32:02.324119+00:00,0.63,9.02,0.63,9.02,-101.7,437640912.76794386,-9130.8,2113.8,6254.6,1
2026-04-09T15:32:02.700395+00:00,0.60,8.99,0.6,8.99,-100.7,437640912.76794386,-9133.7,2116.0,6256.6,1
2026-04-09T15:32:03.052223+00:00,0.57,8.96,0.57,8.96,-97.7,437640912.76794386,-9136.7,2118.4,6258.7,1
2026-04-09T15:32:03.383317+00:00,0.54,8.93,0.54,8.93,-99.7,437640912.76794386,-9139.6,2120.6,6260.7,1
2026-04-09T15:32:03.781356+00:00,0.51,8.90,0.51,8.9,-100.7,437640858.73521,-9142.5,2122.8,6262.7,1
2026-04-09T15:32:04.135884+00:00,0.48,8.87,0.48,8.87,-102.7,437640858.73521,-9145.5,2125.2,6264.7,1
2026-04-09T15:32:04.489341+00:00,0.45,8.84,0.45,8.84,-98.7,437640858.73521,-9148.4,2127.4,6266.7,1
2026-04-09T15:32:04.865766+00:00,0.42,8.81,0.42,8.81,-99.7,437640858.73521,-9151.3,2129.6,6268.7,1
2026-04-09T15:32:05.220135+00:00,0.39,8.78,0.39,8.78,-99.7,437640858.73521,-9154.3,2132.0,6270.7,1
2026-04-09T15:32:05.571038+00:00,0.36,8.76,0.36,8.76,-101.7,437640858.73521,-9157.1,2134.2,6272.6,1
2026-04-09T15:32:05.948892+00:00,0.33,8.73,0.33,8.73,-101.7,437640858.73521,-9159.9,2136.4,6274.6,1
2026-04-09T15:32:06.300293+00:00,0.30,8.70,0.3,8.7,-97.7,437640858.73521,-9162.9,2138.7,6276.6,1
2026-04-09T15:32:06.659867+00:00,0.27,8.67,0.27,8.67,-101.7,437640858.73521,-9165.7,2141.0,6278.5,1
2026-04-09T15:32:07.032280+00:00,0.25,8.64,0.25,8.64,-103.7,437640858.73521,-9168.5,2143.2,6280.5,1
2026-04-09T15:32:07.370156+00:00,0.22,8.61,0.22,8.61,-103.7,437640858.73521,-9171.4,2145.5,6282.5,1
2026-04-09T15:32:07.706125+00:00,0.19,8.58,0.19,8.58,-102.7,437640858.73521,-9174.0,2147.6,6284.3,1
2026-04-09T15:32:08.066259+00:00,0.16,8.55,0.16,8.55,-101.7,437640858.73521,-9176.7,2149.8,6286.1,1
2026-04-09T15:32:08.402208+00:00,0.13,8.52,0.13,8.52,-102.7,437640858.73521,-9179.4,2152.0,6288.0,1
2026-04-09T15:32:08.743410+00:00,0.10,8.50,0.1,8.5,-102.7,437640858.73521,-9182.1,2154.1,6289.8,1
2026-04-09T15:32:09.099069+00:00,0.08,8.47,0.08,8.47,-102.7,437640858.73521,-9184.7,2156.3,6291.5,1
2026-04-09T15:32:09.439302+00:00,0.05,8.44,0.05,8.44,-103.7,437640858.73521,-9187.4,2158.5,6293.4,1
2026-04-09T15:32:09.774188+00:00,0.02,8.41,0.02,8.41,-107.7,437640858.73521,-9190.0,2160.7,6295.2,1
2026-04-09T15:32:10.135278+00:00,359.99,8.39,359.99,8.39,-104.7,437640858.73521,-9192.6,2162.8,6297.0,1
2026-04-09T15:32:10.491261+00:00,359.96,8.35,359.96,8.35,-109.7,437640805.61772937,-9195.5,2165.2,6299.0,1
2026-04-09T15:32:10.830118+00:00,359.94,8.33,359.94,8.33,-111.7,437640805.61772937,-9198.0,2167.3,6300.7,1
2026-04-09T15:32:11.190204+00:00,359.91,8.30,359.91,8.3,-109.7,437640805.61772937,-9200.6,2169.4,6302.5,1
2026-04-09T15:32:11.526306+00:00,359.88,8.27,359.88,8.27,-109.7,437640805.61772937,-9203.3,2171.7,6304.3,1
2026-04-09T15:32:11.870871+00:00,359.86,8.24,359.86,8.24,-109.7,437640805.61772937,-9205.8,2173.8,6306.0,1
2026-04-09T15:32:12.232044+00:00,359.83,8.22,359.83,8.22,-106.7,437640805.61772937,-9208.4,2176.0,6307.8,1
2026-04-09T15:32:12.587375+00:00,359.80,8.19,359.8,8.19,-108.7,437640805.61772937,-9211.1,2178.3,6309.7,1
2026-04-09T15:32:12.940375+00:00,359.77,8.16,359.77,8.16,-107.7,437640805.61772937,-9213.8,2180.5,6311.5,1
2026-04-09T15:32:13.316655+00:00,359.74,8.13,359.74,8.13,-106.7,437640805.61772937,-9216.4,2182.8,6313.2,1
2026-04-09T15:32:13.649727+00:00,359.71,8.10,359.71,8.1,-107.7,437640805.61772937,-9219.1,2185.1,6315.2,1
2026-04-09T15:32:14.003096+00:00,359.69,8.08,359.69,8.08,-107.7,437640805.61772937,-9221.6,2187.2,6316.8,1
2026-04-09T15:32:14.380237+00:00,359.66,8.05,359.66,8.05,-106.7,437640805.61772937,-9224.2,2189.5,6318.6,1
2026-04-09T15:32:14.731213+00:00,359.63,8.02,359.63,8.02,-104.7,437640805.61772937,-9226.9,2191.9,6320.5,1
2026-04-09T15:32:15.063081+00:00,359.60,7.99,359.6,7.99,-106.7,437640805.61772937,-9229.5,2194.1,6322.2,1
2026-04-09T15:32:15.440383+00:00,359.58,7.96,359.58,7.96,-107.7,437640805.61772937,-9231.9,2196.2,6323.9,1
2026-04-09T15:32:15.792393+00:00,359.55,7.93,359.55,7.93,-105.7,437640805.61772937,-9234.5,2198.5,6325.7,1
2026-04-09T15:32:16.143421+00:00,359.52,7.91,359.52,7.91,-104.7,437640805.61772937,-9237.1,2200.8,6327.5,1
2026-04-09T15:32:16.519292+00:00,359.50,7.88,359.5,7.88,-106.7,437640805.61772937,-9239.6,2203.0,6329.2,1
2026-04-09T15:32:16.875084+00:00,359.47,7.85,359.47,7.85,-108.7,437640805.61772937,-9242.3,2205.4,6331.0,1
2026-04-09T15:32:17.204144+00:00,359.44,7.82,359.44,7.82,-107.7,437640805.61772937,-9244.8,2207.6,6332.7,1
2026-04-09T15:32:17.600644+00:00,359.41,7.79,359.41,7.79,-106.7,437640753.7733348,-9247.3,2209.9,6334.5,1
2026-04-09T15:32:17.956451+00:00,359.39,7.76,359.39,7.76,-108.7,437640753.7733348,-9249.9,2212.2,6336.3,1
2026-04-09T15:32:18.307007+00:00,359.36,7.74,359.36,7.74,-106.7,437640753.7733348,-9252.4,2214.5,6338.0,1
2026-04-09T15:32:18.684139+00:00,359.33,7.71,359.33,7.71,-103.7,437640753.7733348,-9254.9,2216.7,6339.6,1
2026-04-09T15:32:19.017311+00:00,359.30,7.68,359.3,7.68,-107.7,437640753.7733348,-9257.5,2219.1,6341.4,1
2026-04-09T15:32:19.368614+00:00,359.28,7.65,359.28,7.65,-107.7,437640753.7733348,-9259.8,2221.2,6343.0,1
2026-04-09T15:32:19.744141+00:00,359.25,7.62,359.25,7.62,-104.7,437640753.7733348,-9262.3,2223.4,6344.7,1
2026-04-09T15:32:20.075393+00:00,359.22,7.60,359.22,7.6,-107.7,437640753.7733348,-9264.9,2225.8,6346.5,1
2026-04-09T15:32:20.428656+00:00,359.20,7.57,359.2,7.57,-107.7,437640753.7733348,-9267.1,2227.9,6348.0,1
2026-04-09T15:32:20.783149+00:00,359.17,7.54,359.17,7.54,-105.7,437640753.7733348,-9269.6,2230.2,6349.7,1
2026-04-09T15:32:21.135771+00:00,359.15,7.51,359.15,7.51,-107.7,437640753.7733348,-9272.0,2232.4,6351.4,1
2026-04-09T15:32:21.488923+00:00,359.12,7.49,359.12,7.49,-107.7,437640753.7733348,-9274.4,2234.7,6353.0,1
2026-04-09T15:32:21.868154+00:00,359.09,7.46,359.09,7.46,-107.7,437640753.7733348,-9276.8,2236.9,6354.6,1
2026-04-09T15:32:22.220278+00:00,359.07,7.43,359.07,7.43,-104.7,437640753.7733348,-9279.3,2239.3,6356.4,1
2026-04-09T15:32:22.572404+00:00,359.04,7.40,359.04,7.4,-109.7,437640753.7733348,-9281.7,2241.6,6358.0,1
2026-04-09T15:32:22.931315+00:00,359.01,7.38,359.01,7.38,-109.7,437640753.7733348,-9284.0,2243.8,6359.6,1
2026-04-09T15:32:23.266185+00:00,358.99,7.35,358.99,7.35,-109.7,437640753.7733348,-9286.4,2246.0,6361.2,1
2026-04-09T15:32:23.607321+00:00,358.96,7.32,358.96,7.32,-107.7,437640753.7733348,-9288.7,2248.2,6362.8,1
2026-04-09T15:32:23.963085+00:00,358.94,7.30,358.94,7.3,-110.7,437640753.7733348,-9290.9,2250.3,6364.3,1
2026-04-09T15:32:24.302206+00:00,358.91,7.27,358.91,7.27,-107.7,437640753.7733348,-9293.3,2252.6,6365.9,1
2026-04-09T15:32:24.638932+00:00,358.89,7.24,358.89,7.24,-107.7,437640753.7733348,-9295.5,2254.8,6367.5,1
2026-04-09T15:32:25.019376+00:00,358.86,7.22,358.86,7.22,-107.7,437640703.1043706,-9297.9,2257.1,6369.1,1
2026-04-09T15:32:25.358181+00:00,358.84,7.19,358.84,7.19,-109.7,437640703.1043706,-9300.2,2259.3,6370.7,1
2026-04-09T15:32:25.694143+00:00,358.81,7.16,358.81,7.16,-107.7,437640703.1043706,-9302.4,2261.5,6372.2,1
2026-04-09T15:32:26.054179+00:00,358.79,7.14,358.79,7.14,-107.7,437640703.1043706,-9304.6,2263.6,6373.7,1
2026-04-09T15:32:26.390164+00:00,358.76,7.11,358.76,7.11,-109.7,437640703.1043706,-9306.9,2265.9,6375.3,1
2026-04-09T15:32:26.730152+00:00,358.74,7.08,358.74,7.08,-111.7,437640703.1043706,-9309.1,2268.1,6376.8,1
2026-04-09T15:32:27.091344+00:00,358.71,7.06,358.71,7.06,-109.7,437640703.1043706,-9311.3,2270.3,6378.3,1
2026-04-09T15:32:27.426160+00:00,358.69,7.03,358.69,7.03,-107.7,437640703.1043706,-9313.6,2272.5,6379.8,1
2026-04-09T15:32:27.777479+00:00,358.66,7.00,358.66,7.0,-106.7,437640703.1043706,-9315.7,2274.7,6381.3,1
2026-04-09T15:32:28.131053+00:00,358.64,6.98,358.64,6.98,-106.7,437640703.1043706,-9318.0,2277.0,6382.9,1
2026-04-09T15:32:28.484690+00:00,358.61,6.95,358.61,6.95,-105.7,437640703.1043706,-9320.2,2279.2,6384.4,1
2026-04-09T15:32:28.836400+00:00,358.59,6.92,358.59,6.92,-105.7,437640703.1043706,-9322.5,2281.5,6385.9,1
2026-04-09T15:32:29.191691+00:00,358.56,6.90,358.56,6.9,-107.7,437640703.1043706,-9324.7,2283.7,6387.5,1
2026-04-09T15:32:29.548541+00:00,358.54,6.87,358.54,6.87,-105.7,437640703.1043706,-9326.9,2286.0,6389.0,1
2026-04-09T15:32:29.876247+00:00,358.51,6.84,358.51,6.84,-106.7,437640703.1043706,-9329.1,2288.3,6390.5,1
2026-04-09T15:32:30.251620+00:00,358.49,6.82,358.49,6.82,-105.7,437640703.1043706,-9331.2,2290.4,6391.9,1
2026-04-09T15:32:30.608206+00:00,358.46,6.79,358.46,6.79,-104.7,437640703.1043706,-9333.5,2292.8,6393.5,1
2026-04-09T15:32:30.960463+00:00,358.44,6.76,358.44,6.76,-102.7,437640703.1043706,-9335.7,2295.0,6395.0,1
2026-04-09T15:32:31.341183+00:00,358.41,6.74,358.41,6.74,-106.7,437640703.1043706,-9337.9,2297.3,6396.5,1
2026-04-09T15:32:31.692187+00:00,358.39,6.71,358.39,6.71,-103.7,437640703.1043706,-9340.2,2299.7,6398.1,1
2026-04-09T15:32:32.044406+00:00,358.36,6.68,358.36,6.68,-103.7,437640703.1043706,-9342.3,2302.0,6399.5,1
2026-04-09T15:32:32.420081+00:00,358.34,6.66,358.34,6.66,-104.7,437640703.1043706,-9344.5,2304.2,6401.0,1
2026-04-09T15:32:32.771484+00:00,358.31,6.63,358.31,6.63,-104.7,437640703.1043706,-9346.8,2306.6,6402.6,1
2026-04-09T15:32:33.124812+00:00,358.29,6.60,358.29,6.6,-108.7,437640703.1043706,-9348.9,2308.9,6404.0,1
2026-04-09T15:32:33.500179+00:00,358.26,6.57,358.26,6.57,-105.7,437640649.7466717,-9351.2,2311.3,6405.6,1
2026-04-09T15:32:33.856515+00:00,358.24,6.55,358.24,6.55,-104.7,437640649.7466717,-9353.3,2313.6,6407.0,1
2026-04-09T15:32:34.188374+00:00,358.21,6.52,358.21,6.52,-107.7,437640649.7466717,-9355.4,2315.8,6408.5,1
2026-04-09T15:32:34.564243+00:00,358.19,6.50,358.19,6.5,-104.7,437640649.7466717,-9357.4,2318.0,6409.9,1
2026-04-09T15:32:34.892656+00:00,358.17,6.47,358.17,6.47,-105.7,437640649.7466717,-9359.6,2320.4,6411.4,1
2026-04-09T15:32:35.248421+00:00,358.14,6.44,358.14,6.44,-109.7,437640649.7466717,-9361.6,2322.5,6412.7,1
2026-04-09T15:32:35.619868+00:00,358.12,6.42,358.12,6.42,-104.7,437640649.7466717,-9363.6,2324.8,6414.1,1
2026-04-09T15:32:35.976818+00:00,358.09,6.39,358.09,6.39,-107.7,437640649.7466717,-9365.9,2327.2,6415.7,1
2026-04-09T15:32:36.327074+00:00,358.07,6.36,358.07,6.36,-108.7,437640649.7466717,-9367.9,2329.4,6417.1,1
2026-04-09T15:32:36.684369+00:00,358.05,6.34,358.05,6.34,-108.7,437640649.7466717,-9370.0,2331.7,6418.5,1
2026-04-09T15:32:37.035556+00:00,358.02,6.31,358.02,6.31,-105.7,437640649.7466717,-9372.0,2334.0,6419.9,1
2026-04-09T15:32:37.374181+00:00,358.00,6.29,358.0,6.29,-106.7,437640649.7466717,-9374.1,2336.2,6421.3,1
2026-04-09T15:32:37.734186+00:00,357.98,6.26,357.98,6.26,-109.7,437640649.7466717,-9376.0,2338.4,6422.6,1
2026-04-09T15:32:38.071032+00:00,357.95,6.23,357.95,6.23,-109.7,437640649.7466717,-9378.1,2340.7,6424.0,1
2026-04-09T15:32:38.411297+00:00,357.93,6.21,357.93,6.21,-107.7,437640649.7466717,-9380.0,2342.9,6425.4,1
2026-04-09T15:32:38.766896+00:00,357.91,6.18,357.91,6.18,-107.7,437640649.7466717,-9382.0,2345.0,6426.7,1
2026-04-09T15:32:39.106248+00:00,357.88,6.16,357.88,6.16,-110.7,437640649.7466717,-9384.0,2347.3,6428.1,1
2026-04-09T15:32:39.443228+00:00,357.86,6.13,357.86,6.13,-107.7,437640649.7466717,-9385.9,2349.5,6429.4,1
2026-04-09T15:32:39.802776+00:00,357.84,6.11,357.84,6.11,-108.7,437640649.7466717,-9387.8,2351.7,6430.7,1
2026-04-09T15:32:40.142888+00:00,357.82,6.08,357.82,6.08,-108.7,437640649.7466717,-9389.8,2354.0,6432.1,1
2026-04-09T15:32:40.478874+00:00,357.79,6.06,357.79,6.06,-109.7,437640649.7466717,-9391.7,2356.2,6433.4,1
2026-04-09T15:32:40.838495+00:00,357.77,6.03,357.77,6.03,-107.7,437640649.7466717,-9393.6,2358.3,6434.7,1
2026-04-09T15:32:41.178155+00:00,357.75,6.01,357.75,6.01,-109.7,437640649.7466717,-9395.6,2360.7,6436.1,1
2026-04-09T15:32:41.514796+00:00,357.73,5.98,357.73,5.98,-107.7,437640649.7466717,-9397.5,2362.8,6437.3,1
2026-04-09T15:32:41.874212+00:00,357.70,5.96,357.7,5.96,-109.7,437640649.7466717,-9399.4,2365.0,6438.6,1
2026-04-09T15:32:42.243437+00:00,357.68,5.93,357.68,5.93,-109.7,437640599.33503336,-9401.5,2367.5,6440.1,1
2026-04-09T15:32:42.596146+00:00,357.66,5.90,357.66,5.9,-105.7,437640599.33503336,-9403.4,2369.7,6441.4,1
2026-04-09T15:32:42.952333+00:00,357.63,5.88,357.63,5.88,-106.7,437640599.33503336,-9405.3,2372.0,6442.7,1
2026-04-09T15:32:43.303197+00:00,357.61,5.85,357.61,5.85,-105.7,437640599.33503336,-9407.3,2374.3,6444.0,1
2026-04-09T15:32:43.656006+00:00,357.59,5.83,357.59,5.83,-105.7,437640599.33503336,-9409.2,2376.6,6445.3,1
2026-04-09T15:32:44.012284+00:00,357.56,5.80,357.56,5.8,-101.7,437640599.33503336,-9411.1,2378.8,6446.6,1
2026-04-09T15:32:44.343384+00:00,357.54,5.78,357.54,5.78,-103.7,437640599.33503336,-9413.0,2381.1,6448.0,1
2026-04-09T15:32:44.696402+00:00,357.52,5.75,357.52,5.75,-104.7,437640599.33503336,-9414.8,2383.3,6449.2,1
2026-04-09T15:32:45.072690+00:00,357.50,5.73,357.5,5.73,-105.7,437640599.33503336,-9416.7,2385.5,6450.5,1
2026-04-09T15:32:45.424170+00:00,357.47,5.70,357.47,5.7,-107.7,437640599.33503336,-9418.7,2388.0,6451.9,1
2026-04-09T15:32:45.756734+00:00,357.45,5.68,357.45,5.68,-106.7,437640599.33503336,-9420.6,2390.2,6453.1,1
2026-04-09T15:32:46.131839+00:00,357.43,5.65,357.43,5.65,-107.7,437640599.33503336,-9422.3,2392.4,6454.3,1
2026-04-09T15:32:46.488622+00:00,357.41,5.62,357.41,5.62,-105.7,437640599.33503336,-9424.3,2394.8,6455.7,1
2026-04-09T15:32:46.840118+00:00,357.38,5.60,357.38,5.6,-106.7,437640599.33503336,-9426.2,2397.1,6457.0,1
2026-04-09T15:32:47.212211+00:00,357.36,5.57,357.36,5.57,None,437640599.33503336,-9428.0,2399.4,6458.2,1
2026-04-09T15:32:47.543668+00:00,357.34,5.55,357.34,5.55,-105.7,437640599.33503336,-9430.0,2401.8,6459.6,1
2026-04-09T15:32:47.897347+00:00,357.32,5.52,357.32,5.52,-107.7,437640599.33503336,-9431.7,2403.9,6460.8,1
2026-04-09T15:32:48.252164+00:00,357.29,5.50,357.29,5.5,-101.7,437640599.33503336,-9433.5,2406.2,6462.0,1
2026-04-09T15:32:48.604233+00:00,357.27,5.47,357.27,5.47,-104.7,437640599.33503336,-9435.4,2408.5,6463.3,1
2026-04-09T15:32:48.960188+00:00,357.25,5.45,357.25,5.45,-105.7,437640599.33503336,-9437.2,2410.8,6464.5,1
2026-04-09T15:32:49.313022+00:00,357.23,5.42,357.23,5.42,-103.7,437640599.33503336,-9439.0,2413.1,6465.8,1
2026-04-09T15:32:49.643096+00:00,357.21,5.40,357.21,5.4,-107.7,437640599.33503336,-9440.8,2415.4,6467.0,1
2026-04-09T15:32:49.997081+00:00,357.18,5.37,357.18,5.37,-107.7,437640599.33503336,-9442.5,2417.5,6468.2,1
2026-04-09T15:32:50.372423+00:00,357.16,5.35,357.16,5.35,-103.7,437640599.33503336,-9444.3,2419.8,6469.4,1
2026-04-09T15:32:50.727530+00:00,357.14,5.32,357.14,5.32,-103.7,437640599.33503336,-9446.2,2422.2,6470.7,1
2026-04-09T15:32:51.060034+00:00,357.12,5.30,357.12,5.3,-106.7,437640599.33503336,-9448.0,2424.5,6471.9,1
2026-04-09T15:32:51.436055+00:00,357.10,5.27,357.1,5.27,-103.7,437640599.33503336,-9449.6,2426.7,6473.0,1
2026-04-09T15:32:51.788855+00:00,357.07,5.25,357.07,5.25,-102.7,437640548.4871529,-9451.5,2429.1,6474.3,1
2026-04-09T15:32:52.119512+00:00,357.05,5.22,357.05,5.22,-101.7,437640548.4871529,-9453.3,2431.4,6475.5,1
2026-04-09T15:32:52.495814+00:00,357.03,5.20,357.03,5.2,-101.7,437640548.4871529,-9454.9,2433.5,6476.7,1
2026-04-09T15:32:52.847477+00:00,357.01,5.17,357.01,5.17,-104.7,437640548.4871529,-9456.8,2436.0,6477.9,1
2026-04-09T15:32:53.200476+00:00,356.99,5.15,356.99,5.15,-101.7,437640548.4871529,-9458.5,2438.2,6479.1,1
2026-04-09T15:32:53.580236+00:00,356.97,5.12,356.97,5.12,-100.7,437640548.4871529,-9460.2,2440.5,6480.3,1
2026-04-09T15:32:53.928618+00:00,356.94,5.10,356.94,5.1,-105.7,437640548.4871529,-9462.1,2443.0,6481.6,1
2026-04-09T15:32:54.259414+00:00,356.92,5.07,356.92,5.07,-107.7,437640548.4871529,-9463.8,2445.2,6482.7,1
2026-04-09T15:32:54.635086+00:00,356.90,5.05,356.9,5.05,-101.7,437640548.4871529,-9465.4,2447.4,6483.9,1
2026-04-09T15:32:54.986187+00:00,356.88,5.02,356.88,5.02,-103.7,437640548.4871529,-9467.2,2449.8,6485.1,1
2026-04-09T15:32:55.340076+00:00,356.86,5.00,356.86,5.0,-103.7,437640548.4871529,-9468.9,2452.1,6486.2,1
2026-04-09T15:32:55.712616+00:00,356.84,4.98,356.84,4.98,-101.7,437640548.4871529,-9470.6,2454.4,6487.4,1
2026-04-09T15:32:56.044333+00:00,356.81,4.95,356.81,4.95,-101.7,437640548.4871529,-9472.4,2456.8,6488.6,1
2026-04-09T15:32:56.376661+00:00,356.79,4.93,356.79,4.93,-104.7,437640548.4871529,-9474.0,2459.0,6489.7,1
2026-04-09T15:32:56.751518+00:00,356.77,4.90,356.77,4.9,-106.7,437640548.4871529,-9475.6,2461.1,6490.8,1
2026-04-09T15:32:57.104021+00:00,356.75,4.88,356.75,4.88,-104.7,437640548.4871529,-9477.3,2463.6,6492.0,1
2026-04-09T15:32:57.460193+00:00,356.73,4.85,356.73,4.85,-102.7,437640548.4871529,-9479.0,2465.9,6493.2,1
2026-04-09T15:32:57.813394+00:00,356.71,4.83,356.71,4.83,-101.7,437640548.4871529,-9480.7,2468.2,6494.3,1
2026-04-09T15:32:58.143883+00:00,356.69,4.80,356.69,4.8,-102.7,437640548.4871529,-9482.3,2470.4,6495.4,1
2026-04-09T15:32:58.475636+00:00,356.67,4.78,356.67,4.78,-106.7,437640548.4871529,-9483.9,2472.6,6496.5,1
2026-04-09T15:32:58.852393+00:00,356.65,4.76,356.65,4.76,-101.7,437640548.4871529,-9485.4,2474.8,6497.6,1
2026-04-09T15:32:59.204672+00:00,356.63,4.73,356.63,4.73,-104.7,437640548.4871529,-9487.2,2477.2,6498.8,1
2026-04-09T15:32:59.536216+00:00,356.61,4.71,356.61,4.71,-102.7,437640548.4871529,-9488.8,2479.5,6499.9,1
2026-04-09T15:32:59.911600+00:00,356.59,4.69,356.59,4.69,-105.7,437640548.4871529,-9490.3,2481.7,6500.9,1
2026-04-09T15:33:00.268243+00:00,356.57,4.66,356.57,4.66,-103.7,437640548.4871529,-9492.0,2484.1,6502.1,1
2026-04-09T15:33:00.620085+00:00,356.54,4.64,356.54,4.64,-101.7,437640548.4871529,-9493.7,2486.4,6503.2,1
2026-04-09T15:33:00.996122+00:00,356.52,4.61,356.52,4.61,-101.7,437640548.4871529,-9495.3,2488.7,6504.3,1
2026-04-09T15:33:01.324345+00:00,356.50,4.59,356.5,4.59,-103.7,437640548.4871529,-9497.0,2491.1,6505.5,1
2026-04-09T15:33:01.679357+00:00,356.48,4.56,356.48,4.56,-101.7,437640548.4871529,-9498.5,2493.3,6506.5,1
2026-04-09T15:33:02.055910+00:00,356.46,4.54,356.46,4.54,-102.7,437640548.4871529,-9500.1,2495.6,6507.6,1
2026-04-09T15:33:02.408259+00:00,356.44,4.51,356.44,4.51,-103.7,437640498.2565693,-9501.7,2498.0,6508.7,1
2026-04-09T15:33:02.764490+00:00,356.42,4.49,356.42,4.49,-102.7,437640498.2565693,-9503.3,2500.3,6509.8,1
2026-04-09T15:33:03.140450+00:00,356.40,4.47,356.4,4.47,-106.7,437640498.2565693,-9504.9,2502.7,6510.9,1
2026-04-09T15:33:03.492203+00:00,356.38,4.44,356.38,4.44,-105.7,437640498.2565693,-9506.6,2505.1,6512.0,1
2026-04-09T15:33:03.844795+00:00,356.36,4.42,356.36,4.42,-104.7,437640498.2565693,-9508.1,2507.4,6513.1,1
2026-04-09T15:33:04.223796+00:00,356.34,4.39,356.34,4.39,-106.7,437640498.2565693,-9509.7,2509.7,6514.2,1
2026-04-09T15:33:04.572844+00:00,356.32,4.37,356.32,4.37,-103.7,437640498.2565693,-9511.3,2512.1,6515.3,1
2026-04-09T15:33:04.903315+00:00,356.30,4.34,356.3,4.34,-103.7,437640498.2565693,-9512.9,2514.4,6516.4,1
2026-04-09T15:33:05.280063+00:00,356.28,4.32,356.28,4.32,-107.7,437640498.2565693,-9514.3,2516.6,6517.3,1
2026-04-09T15:33:05.636117+00:00,356.26,4.30,356.26,4.3,-100.7,437640498.2565693,-9515.9,2519.0,6518.5,1
2026-04-09T15:33:05.988707+00:00,356.24,4.27,356.24,4.27,-103.7,437640498.2565693,-9517.5,2521.4,6519.5,1
2026-04-09T15:33:06.364169+00:00,356.22,4.25,356.22,4.25,-102.7,437640498.2565693,-9519.0,2523.7,6520.6,1
2026-04-09T15:33:06.717404+00:00,356.19,4.22,356.19,4.22,-106.7,437640498.2565693,-9520.6,2526.1,6521.7,1
2026-04-09T15:33:07.047571+00:00,356.17,4.20,356.17,4.2,-103.7,437640498.2565693,-9522.1,2528.4,6522.7,1
2026-04-09T15:33:07.411292+00:00,356.16,4.18,356.16,4.18,-107.7,437640498.2565693,-9523.5,2530.5,6523.6,1
2026-04-09T15:33:07.746194+00:00,356.14,4.15,356.14,4.15,-109.7,437640498.2565693,-9525.0,2532.9,6524.7,1
2026-04-09T15:33:08.082966+00:00,356.12,4.13,356.12,4.13,-107.7,437640498.2565693,-9526.5,2535.1,6525.7,1
2026-04-09T15:33:08.442202+00:00,356.10,4.11,356.1,4.11,-107.7,437640498.2565693,-9527.9,2537.3,6526.6,1
2026-04-09T15:33:08.783270+00:00,356.08,4.09,356.08,4.09,-109.7,437640498.2565693,-9529.4,2539.6,6527.7,1
2026-04-09T15:33:09.118198+00:00,356.06,4.06,356.06,4.06,-106.7,437640498.2565693,-9530.8,2541.8,6528.6,1
2026-04-09T15:33:09.479428+00:00,356.04,4.04,356.04,4.04,-105.7,437640498.2565693,-9532.2,2544.1,6529.6,1
2026-04-09T15:33:09.814161+00:00,356.02,4.02,356.02,4.02,-106.7,437640498.2565693,-9533.7,2546.4,6530.6,1
2026-04-09T15:33:10.155341+00:00,356.00,3.99,356.0,3.99,-107.7,437640498.2565693,-9535.1,2548.6,6531.6,1
2026-04-09T15:33:10.511030+00:00,355.98,3.97,355.98,3.97,-107.7,437640498.2565693,-9536.5,2550.8,6532.5,1
2026-04-09T15:33:10.851304+00:00,355.96,3.95,355.96,3.95,-105.7,437640498.2565693,-9538.0,2553.2,6533.6,1
2026-04-09T15:33:11.186209+00:00,355.95,3.93,355.95,3.93,-105.7,437640498.2565693,-9539.3,2555.4,6534.5,1
2026-04-09T15:33:11.546169+00:00,355.93,3.90,355.93,3.9,-106.7,437640498.2565693,-9540.7,2557.6,6535.5,1
2026-04-09T15:33:11.882542+00:00,355.91,3.88,355.91,3.88,-107.7,437640498.2565693,-9542.2,2559.9,6536.4,1
2026-04-09T15:33:12.232147+00:00,355.89,3.86,355.89,3.86,-102.7,437640498.2565693,-9543.6,2562.1,6537.4,1
2026-04-09T15:33:12.608114+00:00,355.87,3.83,355.87,3.83,-103.7,437640498.2565693,-9545.0,2564.4,6538.4,1
2026-04-09T15:33:12.935961+00:00,355.85,3.81,355.85,3.81,-101.7,437640498.2565693,-9546.5,2566.9,6539.4,1
2026-04-09T15:33:13.292469+00:00,355.83,3.79,355.83,3.79,-100.7,437640498.2565693,-9547.8,2569.0,6540.3,1
2026-04-09T15:33:13.644878+00:00,355.81,3.77,355.81,3.77,-105.7,437640498.2565693,-9549.2,2571.4,6541.3,1
2026-04-09T15:33:14.000533+00:00,355.79,3.74,355.79,3.74,-107.7,437640498.2565693,-9550.6,2573.7,6542.2,1
2026-04-09T15:33:14.352350+00:00,355.77,3.72,355.77,3.72,-103.7,437640498.2565693,-9552.0,2576.0,6543.2,1
2026-04-09T15:33:14.707764+00:00,355.75,3.70,355.75,3.7,-103.7,437640498.2565693,-9553.4,2578.3,6544.1,1
2026-04-09T15:33:15.083319+00:00,355.73,3.67,355.73,3.67,-104.7,437640445.6858172,-9554.9,2580.8,6545.2,1
2026-04-09T15:33:15.437073+00:00,355.72,3.65,355.72,3.65,-101.7,437640445.6858172,-9556.3,2583.1,6546.1,1
2026-04-09T15:33:15.812132+00:00,355.70,3.63,355.7,3.63,-106.7,437640445.6858172,-9557.7,2585.4,6547.1,1
2026-04-09T15:33:16.163887+00:00,355.68,3.60,355.68,3.6,-103.7,437640445.6858172,-9559.1,2587.9,6548.1,1
2026-04-09T15:33:16.519365+00:00,355.66,3.58,355.66,3.58,-100.7,437640445.6858172,-9560.5,2590.2,6549.0,1
2026-04-09T15:33:16.895279+00:00,355.64,3.56,355.64,3.56,-102.7,437640445.6858172,-9561.9,2592.5,6549.9,1
2026-04-09T15:33:17.247815+00:00,355.62,3.53,355.62,3.53,-101.7,437640445.6858172,-9563.3,2594.9,6550.9,1
2026-04-09T15:33:17.601620+00:00,355.60,3.51,355.6,3.51,-100.7,437640445.6858172,-9564.7,2597.3,6551.8,1
2026-04-09T15:33:17.955815+00:00,355.58,3.49,355.58,3.49,-100.7,437640445.6858172,-9566.0,2599.6,6552.8,1
2026-04-09T15:33:18.308398+00:00,355.56,3.46,355.56,3.46,-103.7,437640445.6858172,-9567.4,2601.9,6553.7,1
2026-04-09T15:33:18.661193+00:00,355.54,3.44,355.54,3.44,-103.7,437640445.6858172,-9568.7,2604.2,6554.6,1
2026-04-09T15:33:19.015886+00:00,355.53,3.42,355.53,3.42,-106.7,437640445.6858172,-9570.0,2606.5,6555.5,1
2026-04-09T15:33:19.368747+00:00,355.51,3.39,355.51,3.39,-98.7,437640445.6858172,-9571.4,2608.8,6556.4,1
2026-04-09T15:33:19.724203+00:00,355.49,3.37,355.49,3.37,-101.7,437640445.6858172,-9572.7,2611.2,6557.3,1
2026-04-09T15:33:20.100173+00:00,355.47,3.35,355.47,3.35,-101.7,437640445.6858172,-9574.0,2613.5,6558.2,1
2026-04-09T15:33:20.452649+00:00,355.45,3.32,355.45,3.32,-103.7,437640445.6858172,-9575.4,2615.9,6559.2,1
2026-04-09T15:33:20.804156+00:00,355.43,3.30,355.43,3.3,-100.7,437640445.6858172,-9576.7,2618.3,6560.1,1
2026-04-09T15:33:21.179057+00:00,355.41,3.28,355.41,3.28,-102.7,437640445.6858172,-9578.0,2620.6,6561.0,1
2026-04-09T15:33:21.536129+00:00,355.39,3.26,355.39,3.26,-98.7,437640445.6858172,-9579.4,2623.0,6561.9,1
2026-04-09T15:33:21.884189+00:00,355.38,3.23,355.38,3.23,-101.7,437640445.6858172,-9580.7,2625.4,6562.8,1
2026-04-09T15:33:22.264221+00:00,355.36,3.21,355.36,3.21,-100.7,437640445.6858172,-9582.0,2627.7,6563.7,1
2026-04-09T15:33:22.616169+00:00,355.34,3.19,355.34,3.19,-103.7,437640445.6858172,-9583.3,2630.1,6564.6,1
2026-04-09T15:33:22.967467+00:00,355.32,3.16,355.32,3.16,-106.7,437640445.6858172,-9584.6,2632.5,6565.5,1
2026-04-09T15:33:23.327302+00:00,355.30,3.14,355.3,3.14,-106.7,437640445.6858172,-9585.9,2634.7,6566.4,1
2026-04-09T15:33:23.662200+00:00,355.28,3.12,355.28,3.12,-105.7,437640445.6858172,-9587.1,2637.1,6567.2,1
2026-04-09T15:33:23.998408+00:00,355.27,3.10,355.27,3.1,-107.7,437640445.6858172,-9588.3,2639.3,6568.1,1
2026-04-09T15:33:24.358840+00:00,355.25,3.08,355.25,3.08,-106.7,437640445.6858172,-9589.6,2641.5,6568.9,1
2026-04-09T15:33:24.698991+00:00,355.23,3.05,355.23,3.05,-105.7,437640445.6858172,-9590.8,2643.9,6569.8,1
2026-04-09T15:33:25.034206+00:00,355.21,3.03,355.21,3.03,-107.7,437640445.6858172,-9592.0,2646.1,6570.6,1
2026-04-09T15:33:25.395325+00:00,355.20,3.01,355.2,3.01,None,437640445.6858172,-9593.2,2648.3,6571.4,1
2026-04-09T15:33:25.730175+00:00,355.18,2.99,355.18,2.99,-107.7,437640445.6858172,-9594.5,2650.7,6572.3,1
2026-04-09T15:33:26.066976+00:00,355.16,2.97,355.16,2.97,-101.7,437640445.6858172,-9595.7,2652.9,6573.1,1
2026-04-09T15:33:26.426183+00:00,355.14,2.95,355.14,2.95,-103.7,437640445.6858172,-9596.8,2655.1,6573.9,1
2026-04-09T15:33:26.767297+00:00,355.13,2.92,355.13,2.92,-107.7,437640445.6858172,-9598.1,2657.5,6574.7,1
2026-04-09T15:33:27.102189+00:00,355.11,2.90,355.11,2.9,-107.7,437640445.6858172,-9599.2,2659.7,6575.5,1
2026-04-09T15:33:27.459505+00:00,355.09,2.88,355.09,2.88,-105.7,437640445.6858172,-9600.4,2661.9,6576.3,1
2026-04-09T15:33:27.798160+00:00,355.07,2.86,355.07,2.86,-103.7,437640445.6858172,-9601.6,2664.3,6577.2,1
2026-04-09T15:33:28.145370+00:00,355.06,2.84,355.06,2.84,-105.7,437640445.6858172,-9602.8,2666.5,6578.0,1
2026-04-09T15:33:28.499238+00:00,355.04,2.82,355.04,2.82,-103.7,437640445.6858172,-9604.0,2668.8,6578.8,1
2026-04-09T15:33:28.876556+00:00,355.02,2.79,355.02,2.79,-102.7,437640395.23354846,-9605.3,2671.3,6579.7,1
2026-04-09T15:33:29.227111+00:00,355.00,2.77,355.0,2.77,-102.7,437640395.23354846,-9606.5,2673.6,6580.5,1
2026-04-09T15:33:29.604128+00:00,354.99,2.75,354.99,2.75,-101.7,437640395.23354846,-9607.7,2675.9,6581.3,1
2026-04-09T15:33:29.955659+00:00,354.97,2.73,354.97,2.73,-103.7,437640395.23354846,-9608.9,2678.4,6582.2,1
2026-04-09T15:33:30.299546+00:00,354.95,2.71,354.95,2.71,-105.7,437640395.23354846,-9610.1,2680.7,6583.0,1
2026-04-09T15:33:30.657000+00:00,354.93,2.68,354.93,2.68,-107.7,437640395.23354846,-9611.2,2683.0,6583.7,1
2026-04-09T15:33:30.994694+00:00,354.92,2.66,354.92,2.66,-107.7,437640395.23354846,-9612.4,2685.3,6584.6,1
2026-04-09T15:33:31.333787+00:00,354.90,2.64,354.9,2.64,-108.7,437640395.23354846,-9613.5,2687.5,6585.3,1
2026-04-09T15:33:31.694229+00:00,354.88,2.62,354.88,2.62,-101.7,437640395.23354846,-9614.7,2689.8,6586.1,1
2026-04-09T15:33:32.035378+00:00,354.86,2.60,354.86,2.6,-107.7,437640395.23354846,-9615.9,2692.2,6586.9,1
2026-04-09T15:33:32.370244+00:00,354.85,2.58,354.85,2.58,-105.7,437640395.23354846,-9617.0,2694.4,6587.7,1
2026-04-09T15:33:32.730196+00:00,354.83,2.56,354.83,2.56,-110.7,437640395.23354846,-9618.1,2696.6,6588.4,1
2026-04-09T15:33:33.072544+00:00,354.81,2.54,354.81,2.54,-104.7,437640395.23354846,-9619.2,2699.0,6589.2,1
2026-04-09T15:33:33.406228+00:00,354.80,2.51,354.8,2.51,-106.7,437640395.23354846,-9620.3,2701.2,6590.0,1
2026-04-09T15:33:33.766298+00:00,354.78,2.49,354.78,2.49,-106.7,437640395.23354846,-9621.4,2703.4,6590.7,1
2026-04-09T15:33:34.102088+00:00,354.76,2.47,354.76,2.47,-109.7,437640395.23354846,-9622.6,2705.8,6591.5,1
2026-04-09T15:33:34.443388+00:00,354.75,2.45,354.75,2.45,-106.7,437640395.23354846,-9623.6,2708.0,6592.2,1
2026-04-09T15:33:34.799053+00:00,354.73,2.43,354.73,2.43,-106.7,437640395.23354846,-9624.7,2710.2,6593.0,1
2026-04-09T15:33:35.138236+00:00,354.71,2.41,354.71,2.41,-109.7,437640395.23354846,-9625.9,2712.6,6593.8,1
2026-04-09T15:33:35.479318+00:00,354.70,2.39,354.7,2.39,-106.7,437640395.23354846,-9626.9,2714.9,6594.5,1
2026-04-09T15:33:35.839453+00:00,354.68,2.37,354.68,2.37,-107.7,437640395.23354846,-9628.0,2717.1,6595.2,1
2026-04-09T15:33:36.174417+00:00,354.66,2.35,354.66,2.35,-102.7,437640395.23354846,-9629.1,2719.5,6596.0,1
2026-04-09T15:33:36.514199+00:00,354.65,2.33,354.65,2.33,-107.7,437640395.23354846,-9630.2,2721.7,6596.7,1
2026-04-09T15:33:36.874258+00:00,354.63,2.31,354.63,2.31,-106.7,437640395.23354846,-9631.2,2723.9,6597.5,1
2026-04-09T15:33:37.215655+00:00,354.61,2.28,354.61,2.28,-107.7,437640395.23354846,-9632.4,2726.3,6598.2,1
2026-04-09T15:33:37.550732+00:00,354.60,2.26,354.6,2.26,-104.7,437640395.23354846,-9633.4,2728.5,6598.9,1
2026-04-09T15:33:37.910192+00:00,354.58,2.24,354.58,2.24,-104.7,437640395.23354846,-9634.4,2730.8,6599.6,1
2026-04-09T15:33:38.251866+00:00,354.56,2.22,354.56,2.22,-107.7,437640395.23354846,-9635.6,2733.1,6600.4,1
2026-04-09T15:33:38.586073+00:00,354.55,2.20,354.55,2.2,-105.7,437640395.23354846,-9636.6,2735.4,6601.1,1
2026-04-09T15:33:38.946244+00:00,354.53,2.18,354.53,2.18,-103.7,437640395.23354846,-9637.6,2737.6,6601.8,1
2026-04-09T15:33:39.287985+00:00,354.52,2.16,354.52,2.16,-105.7,437640395.23354846,-9638.7,2740.0,6602.6,1
2026-04-09T15:33:39.626231+00:00,354.50,2.14,354.5,2.14,-107.7,437640395.23354846,-9639.7,2742.2,6603.3,1
2026-04-09T15:33:39.986682+00:00,354.48,2.12,354.48,2.12,-109.7,437640395.23354846,-9640.8,2744.5,6604.0,1
2026-04-09T15:33:40.325179+00:00,354.47,2.10,354.47,2.1,-106.7,437640395.23354846,-9641.8,2746.8,6604.7,1
2026-04-09T15:33:40.667417+00:00,354.45,2.08,354.45,2.08,-107.7,437640395.23354846,-9642.8,2749.1,6605.4,1
2026-04-09T15:33:41.022793+00:00,354.44,2.06,354.44,2.06,-109.7,437640395.23354846,-9643.9,2751.3,6606.1,1
2026-04-09T15:33:41.362199+00:00,354.42,2.04,354.42,2.04,-106.7,437640395.23354846,-9644.9,2753.7,6606.8,1
2026-04-09T15:33:41.702988+00:00,354.40,2.02,354.4,2.02,-107.7,437640395.23354846,-9645.9,2755.9,6607.5,1
2026-04-09T15:33:42.062397+00:00,354.39,2.00,354.39,2.0,-107.7,437640395.23354846,-9646.9,2758.2,6608.2,1
2026-04-09T15:33:42.403361+00:00,354.37,1.98,354.37,1.98,-106.7,437640395.23354846,-9648.0,2760.6,6608.9,1
2026-04-09T15:33:42.738615+00:00,354.35,1.96,354.35,1.96,-107.7,437640395.23354846,-9649.0,2762.8,6609.6,1
2026-04-09T15:33:43.102219+00:00,354.34,1.94,354.34,1.94,-105.7,437640395.23354846,-9650.0,2765.0,6610.3,1
2026-04-09T15:33:43.438855+00:00,354.32,1.92,354.32,1.92,-106.7,437640395.23354846,-9651.0,2767.4,6611.0,1
2026-04-09T15:33:43.778150+00:00,354.31,1.90,354.31,1.9,-106.7,437640395.23354846,-9652.0,2769.7,6611.7,1
2026-04-09T15:33:44.138211+00:00,354.29,1.88,354.29,1.88,-107.7,437640395.23354846,-9653.0,2771.9,6612.3,1
2026-04-09T15:33:44.474229+00:00,354.28,1.85,354.28,1.85,-106.7,437640395.23354846,-9654.0,2774.3,6613.0,1
2026-04-09T15:33:44.811323+00:00,354.26,1.83,354.26,1.83,-106.7,437640395.23354846,-9655.0,2776.5,6613.7,1
2026-04-09T15:33:45.200686+00:00,354.24,1.81,354.24,1.81,-103.7,437640344.45053405,-9656.0,2778.9,6614.4,1
2026-04-09T15:33:45.552004+00:00,354.23,1.79,354.23,1.79,-103.7,437640344.45053405,-9657.0,2781.3,6615.1,1
2026-04-09T15:33:45.904656+00:00,354.21,1.77,354.21,1.77,-101.7,437640344.45053405,-9658.0,2783.7,6615.8,1
2026-04-09T15:33:46.279722+00:00,354.19,1.75,354.19,1.75,-101.7,437640344.45053405,-9659.0,2786.0,6616.5,1
2026-04-09T15:33:46.636368+00:00,354.18,1.73,354.18,1.73,-98.7,437640344.45053405,-9660.1,2788.5,6617.2,1
2026-04-09T15:33:46.967831+00:00,354.16,1.71,354.16,1.71,-101.7,437640344.45053405,-9661.0,2790.8,6617.9,1
2026-04-09T15:33:47.344391+00:00,354.15,1.69,354.15,1.69,-102.7,437640344.45053405,-9662.0,2793.0,6618.5,1
2026-04-09T15:33:47.695547+00:00,354.13,1.67,354.13,1.67,-102.7,437640344.45053405,-9663.0,2795.5,6619.2,1
2026-04-09T15:33:48.047646+00:00,354.11,1.65,354.11,1.65,-101.7,437640344.45053405,-9664.0,2797.8,6619.9,1
2026-04-09T15:33:48.420896+00:00,354.10,1.63,354.1,1.63,-100.7,437640344.45053405,-9664.9,2800.2,6620.5,1
2026-04-09T15:33:48.775640+00:00,354.08,1.61,354.08,1.61,-101.7,437640344.45053405,-9666.0,2802.7,6621.2,1
2026-04-09T15:33:49.128439+00:00,354.06,1.59,354.06,1.59,-100.7,437640344.45053405,-9666.9,2805.0,6621.9,1
2026-04-09T15:33:49.483117+00:00,354.05,1.57,354.05,1.57,-100.7,437640344.45053405,-9667.9,2807.3,6622.5,1
2026-04-09T15:33:49.836061+00:00,354.03,1.55,354.03,1.55,-100.7,437640344.45053405,-9668.8,2809.7,6623.2,1
2026-04-09T15:33:50.188006+00:00,354.02,1.53,354.02,1.53,-101.7,437640344.45053405,-9669.8,2812.0,6623.9,1
2026-04-09T15:33:50.567119+00:00,354.00,1.51,354.0,1.51,-107.7,437640344.45053405,-9670.7,2814.4,6624.5,1
2026-04-09T15:33:50.915070+00:00,353.99,1.48,353.99,1.48,-101.7,437640344.45053405,-9671.7,2816.8,6625.2,1
2026-04-09T15:33:51.268935+00:00,353.97,1.46,353.97,1.46,-98.7,437640344.45053405,-9672.7,2819.2,6625.8,1
2026-04-09T15:33:51.623250+00:00,353.95,1.44,353.95,1.44,-101.7,437640344.45053405,-9673.6,2821.5,6626.5,1
2026-04-09T15:33:51.975936+00:00,353.94,1.42,353.94,1.42,-98.7,437640344.45053405,-9674.5,2823.9,6627.1,1
2026-04-09T15:33:52.319324+00:00,353.92,1.40,353.92,1.4,-103.7,437640344.45053405,-9675.5,2826.2,6627.7,1
2026-04-09T15:33:52.674336+00:00,353.91,1.39,353.91,1.39,-101.7,437640344.45053405,-9676.3,2828.4,6628.3,1
2026-04-09T15:33:53.015739+00:00,353.89,1.37,353.89,1.37,-102.7,437640344.45053405,-9677.3,2830.8,6629.0,1
2026-04-09T15:33:53.350222+00:00,353.88,1.35,353.88,1.35,-103.7,437640344.45053405,-9678.2,2833.1,6629.6,1
2026-04-09T15:33:53.710189+00:00,353.86,1.33,353.86,1.33,-105.7,437640344.45053405,-9679.0,2835.3,6630.2,1
2026-04-09T15:33:54.046244+00:00,353.85,1.31,353.85,1.31,-103.7,437640344.45053405,-9679.9,2837.6,6630.8,1
2026-04-09T15:33:54.387271+00:00,353.83,1.29,353.83,1.29,-105.7,437640344.45053405,-9680.8,2839.9,6631.4,1
2026-04-09T15:33:54.742374+00:00,353.82,1.27,353.82,1.27,-103.7,437640344.45053405,-9681.7,2842.1,6632.0,1
2026-04-09T15:33:55.083347+00:00,353.80,1.25,353.8,1.25,-105.7,437640344.45053405,-9682.6,2844.5,6632.6,1
2026-04-09T15:33:55.418274+00:00,353.79,1.23,353.79,1.23,-105.7,437640344.45053405,-9683.4,2846.7,6633.2,1
