t,az_cmd,el_cmd,az_act,el_act,rssi,freq_hz,doppler_hz,range_km,range_rate,packets
2026-04-01T19:44:53.546592+00:00,13.61,4.62,13.61,4.62,-77.8,433010485.52906793,10485.5,1871.7,-7259.8,0
2026-04-01T19:44:53.990663+00:00,13.62,4.66,13.62,4.66,-77.8,433010485.52906793,10484.9,1867.7,-7259.3,0
2026-04-01T19:44:54.434819+00:00,13.62,4.70,13.62,4.7,-77.8,433010485.52906793,10484.4,1864.5,-7259.0,0
2026-04-01T19:44:54.918629+00:00,13.62,4.74,13.62,4.74,-77.8,433010485.52906793,10483.8,1861.0,-7258.6,0
2026-04-01T19:44:55.362626+00:00,13.63,4.78,13.63,4.78,-77.8,433010485.52906793,10483.3,1857.8,-7258.2,0
2026-04-01T19:44:55.850634+00:00,13.63,4.81,13.63,4.81,-77.8,433010485.52906793,10482.7,1854.5,-7257.8,0
2026-04-01T19:44:56.294607+00:00,13.64,4.85,13.64,4.85,-77.8,433010485.52906793,10482.1,1851.0,-7257.4,0
2026-04-01T19:44:56.738628+00:00,13.64,4.89,13.64,4.89,-77.8,433010485.52906793,10481.6,1847.8,-7257.0,0
2026-04-01T19:44:57.222629+00:00,13.64,4.93,13.64,4.93,-77.8,433010485.52906793,10481.0,1844.3,-7256.6,0
2026-04-01T19:44:57.670619+00:00,13.65,4.96,13.65,4.96,-77.8,433010485.52906793,10480.4,1841.0,-7256.2,0
2026-04-01T19:44:58.156074+00:00,13.65,5.00,13.65,5.0,-77.8,433010485.52906793,10479.9,1837.8,-7255.8,0
2026-04-01T19:44:58.607606+00:00,13.66,5.04,13.66,5.04,-77.8,433010485.52906793,10479.2,1834.3,-7255.4,0
2026-04-01T19:44:59.071095+00:00,13.66,5.08,13.66,5.08,-77.8,433010485.52906793,10478.6,1830.9,-7255.0,0
2026-04-01T19:44:59.559516+00:00,13.67,5.12,13.67,5.12,-77.8,433010485.52906793,10478.0,1827.3,-7254.5,0
2026-04-01T19:45:00.007609+00:00,13.67,5.16,13.67,5.16,-77.8,433010485.52906793,10477.4,1824.1,-7254.1,0
2026-04-01T19:45:00.495593+00:00,13.67,5.19,13.67,5.19,-77.8,433010485.52906793,10476.8,1820.8,-7253.7,0
2026-04-01T19:45:00.943896+00:00,13.68,5.23,13.68,5.23,-77.8,433010485.52906793,10476.1,1817.3,-7253.3,0
2026-04-01T19:45:01.392578+00:00,13.68,5.27,13.68,5.27,-77.8,433010485.52906793,10475.5,1814.1,-7252.8,0
2026-04-01T19:45:01.878079+00:00,13.69,5.31,13.69,5.31,-77.8,433010485.52906793,10474.8,1810.5,-7252.4,0
2026-04-01T19:45:02.328760+00:00,13.69,5.35,13.69,5.35,-77.8,433010485.52906793,10474.2,1807.3,-7251.9,0
2026-04-01T19:45:02.817911+00:00,13.69,5.39,13.69,5.39,-77.8,433010485.52906793,10473.6,1804.0,-7251.5,0
2026-04-01T19:45:03.285083+00:00,13.70,5.43,13.7,5.43,-77.8,433010485.52906793,10472.8,1800.4,-7251.0,0
2026-04-01T19:45:03.735981+00:00,13.70,5.47,13.7,5.47,-77.8,433010485.52906793,10472.2,1797.1,-7250.5,0
2026-04-01T19:45:04.239718+00:00,13.71,5.51,13.71,5.51,-77.8,433010485.52906793,10471.4,1793.4,-7250.0,0
2026-04-01T19:45:04.688882+00:00,13.71,5.55,13.71,5.55,-77.8,433010485.52906793,10470.8,1790.2,-7249.6,0
2026-04-01T19:45:05.175185+00:00,13.72,5.59,13.72,5.59,-77.8,433010485.52906793,10470.1,1786.9,-7249.1,0
2026-04-01T19:45:05.623229+00:00,13.72,5.63,13.72,5.63,-77.8,433010485.52906793,10469.4,1783.4,-7248.6,0
2026-04-01T19:45:06.067980+00:00,13.72,5.67,13.72,5.67,-77.8,433010485.52906793,10468.7,1780.1,-7248.1,0
2026-04-01T19:45:06.559455+00:00,13.73,5.71,13.73,5.71,-77.8,433010485.52906793,10468.0,1776.6,-7247.6,0
2026-04-01T19:45:07.008372+00:00,13.73,5.75,13.73,5.75,-77.8,433010485.52906793,10467.3,1773.3,-7247.1,0
2026-04-01T19:45:07.495504+00:00,13.74,5.79,13.74,5.79,-77.8,433010485.52906793,10466.6,1770.1,-7246.6,0
2026-04-01T19:45:07.943593+00:00,13.74,5.83,13.74,5.83,-77.8,433010485.52906793,10465.8,1766.5,-7246.1,0
2026-04-01T19:45:08.391465+00:00,13.75,5.87,13.75,5.87,-77.8,433010485.52906793,10465.1,1763.3,-7245.6,0
2026-04-01T19:45:08.879552+00:00,13.75,5.91,13.75,5.91,-77.8,433010485.52906793,10464.3,1759.8,-7245.1,0
2026-04-01T19:45:09.347708+00:00,13.76,5.95,13.76,5.95,-77.8,433010485.52906793,10463.5,1756.4,-7244.5,0
2026-04-01T19:45:09.836020+00:00,13.76,5.99,13.76,5.99,-77.8,433010485.52906793,10462.8,1753.1,-7244.0,0
2026-04-01T19:45:10.283561+00:00,13.76,6.03,13.76,6.03,-77.8,433010485.52906793,10462.0,1749.6,-7243.5,0
2026-04-01T19:45:10.736529+00:00,13.77,6.07,13.77,6.07,-77.8,433010485.52906793,10461.2,1746.4,-7242.9,0
2026-04-01T19:45:11.223246+00:00,13.77,6.12,13.77,6.12,-77.8,433010485.52906793,10460.4,1742.8,-7242.4,0
2026-04-01T19:45:11.671458+00:00,13.78,6.16,13.78,6.16,-77.8,433010485.52906793,10459.6,1739.6,-7241.8,0
2026-04-01T19:45:12.159376+00:00,13.78,6.20,13.78,6.2,-77.8,433010485.52906793,10458.8,1736.3,-7241.3,0
2026-04-01T19:45:12.607658+00:00,13.79,6.24,13.79,6.24,-77.8,433010485.52906793,10458.0,1732.8,-7240.7,0
2026-04-01T19:45:13.055222+00:00,13.79,6.28,13.79,6.28,-77.8,433010485.52906793,10457.2,1729.5,-7240.2,0
2026-04-01T19:45:13.543641+00:00,13.80,6.32,13.8,6.32,-77.8,433010485.52906793,10456.3,1726.0,-7239.6,0
2026-04-01T19:45:14.003457+00:00,13.80,6.36,13.8,6.36,-77.8,433010485.52906793,10455.5,1722.8,-7239.0,0
2026-04-01T19:45:14.499723+00:00,13.80,6.40,13.8,6.4,-77.8,433010485.52906793,10454.7,1719.4,-7238.4,0
2026-04-01T19:45:14.952827+00:00,13.81,6.45,13.81,6.45,-77.8,433010485.52906793,10453.8,1715.8,-7237.8,0
2026-04-01T19:45:15.395439+00:00,13.81,6.49,13.81,6.49,-77.8,433010485.52906793,10453.0,1712.6,-7237.2,0
2026-04-01T19:45:15.887459+00:00,13.82,6.53,13.82,6.53,-77.8,433010485.52906793,10452.1,1709.0,-7236.6,0
2026-04-01T19:45:16.335722+00:00,13.82,6.57,13.82,6.57,-77.8,433010485.52906793,10451.2,1705.8,-7236.0,0
2026-04-01T19:45:16.823698+00:00,13.83,6.61,13.83,6.61,-77.8,433010485.52906793,10450.4,1702.5,-7235.4,0
2026-04-01T19:45:17.271189+00:00,13.83,6.66,13.83,6.66,-77.8,433010485.52906793,10449.4,1699.0,-7234.8,0
2026-04-01T19:45:17.715506+00:00,13.84,6.70,13.84,6.7,-77.8,433010485.52906793,10448.6,1695.8,-7234.2,0
2026-04-01T19:45:18.207253+00:00,13.84,6.74,13.84,6.74,-77.8,433010485.52906793,10447.6,1692.3,-7233.5,0
2026-04-01T19:45:18.655436+00:00,13.84,6.79,13.84,6.79,-77.8,433010485.52906793,10446.7,1689.0,-7232.9,0
2026-04-01T19:45:19.143456+00:00,13.85,6.83,13.85,6.83,-77.8,433010485.52906793,10445.8,1685.8,-7232.3,0
2026-04-01T19:45:19.595225+00:00,13.85,6.87,13.85,6.87,-77.8,433010485.52906793,10444.9,1682.2,-7231.6,0
2026-04-01T19:45:20.043771+00:00,13.86,6.92,13.86,6.92,-77.8,433010485.52906793,10443.9,1679.0,-7231.0,0
2026-04-01T19:45:20.531195+00:00,13.86,6.96,13.86,6.96,-77.8,433010485.52906793,10442.9,1675.4,-7230.3,0
2026-04-01T19:45:20.980693+00:00,13.87,7.00,13.87,7.0,-77.8,433010485.52906793,10442.0,1672.2,-7229.6,0
2026-04-01T19:45:21.467700+00:00,13.87,7.04,13.87,7.04,-77.8,433010485.52906793,10441.1,1669.0,-7229.0,0
2026-04-01T19:45:21.915963+00:00,13.88,7.09,13.88,7.09,-77.8,433010485.52906793,10440.1,1665.4,-7228.3,0
2026-04-01T19:45:22.363458+00:00,13.88,7.13,13.88,7.13,-77.8,433010485.52906793,10439.1,1662.2,-7227.6,0
2026-04-01T19:45:22.851429+00:00,13.89,7.18,13.89,7.18,-77.8,433010485.52906793,10438.1,1658.7,-7226.9,0
2026-04-01T19:45:23.294697+00:00,13.89,7.22,13.89,7.22,-77.8,433010485.52906793,10437.1,1655.4,-7226.2,0
2026-04-01T19:45:23.783721+00:00,13.90,7.26,13.9,7.26,-77.8,433010485.52906793,10436.1,1652.2,-7225.6,0
2026-04-01T19:45:24.230554+00:00,13.90,7.31,13.9,7.31,-77.8,433010485.52906793,10435.1,1648.7,-7224.8,0
2026-04-01T19:45:24.790676+00:00,13.91,7.36,13.91,7.36,-77.8,433010434.463309,10433.9,1644.9,-7224.0,0
2026-04-01T19:45:25.234590+00:00,13.91,7.41,13.91,7.41,-77.8,433010434.463309,10432.8,1641.4,-7223.3,0
2026-04-01T19:45:25.679092+00:00,13.92,7.45,13.92,7.45,-77.8,433010434.463309,10431.8,1638.2,-7222.6,0
2026-04-01T19:45:26.166591+00:00,13.92,7.50,13.92,7.5,-77.8,433010434.463309,10430.7,1634.7,-7221.8,0
2026-04-01T19:45:26.610767+00:00,13.92,7.54,13.92,7.54,-77.8,433010434.463309,10429.7,1631.5,-7221.1,0
2026-04-01T19:45:27.094735+00:00,13.93,7.58,13.93,7.58,-77.8,433010434.463309,10428.6,1628.3,-7220.4,0
2026-04-01T19:45:27.538643+00:00,13.93,7.63,13.93,7.63,-77.8,433010434.463309,10427.5,1624.8,-7219.6,0
2026-04-01T19:45:27.986810+00:00,13.94,7.67,13.94,7.67,-77.8,433010434.463309,10426.4,1621.6,-7218.9,0
2026-04-01T19:45:28.475642+00:00,13.94,7.72,13.94,7.72,-77.8,433010434.463309,10425.3,1618.1,-7218.1,0
2026-04-01T19:45:28.923483+00:00,13.95,7.76,13.95,7.76,-77.8,433010434.463309,10424.2,1614.8,-7217.3,0
2026-04-01T19:45:29.419467+00:00,13.95,7.81,13.95,7.81,-77.8,433010434.463309,10423.1,1611.5,-7216.6,0
2026-04-01T19:45:29.867598+00:00,13.96,7.86,13.96,7.86,-77.8,433010434.463309,10421.9,1608.0,-7215.7,0
2026-04-01T19:45:30.311941+00:00,13.96,7.90,13.96,7.9,-77.8,433010434.463309,10420.8,1604.8,-7215.0,0
2026-04-01T19:45:30.805033+00:00,13.97,7.95,13.97,7.95,-77.8,433010434.463309,10419.6,1601.3,-7214.1,0
2026-04-01T19:45:31.247220+00:00,13.97,7.99,13.97,7.99,-77.8,433010434.463309,10418.4,1598.0,-7213.3,0
2026-04-01T19:45:31.739417+00:00,13.98,8.04,13.98,8.04,-77.8,433010434.463309,10417.3,1594.8,-7212.5,0
2026-04-01T19:45:32.183472+00:00,13.98,8.09,13.98,8.09,-77.8,433010434.463309,10416.1,1591.3,-7211.7,0
2026-04-01T19:45:32.631438+00:00,13.99,8.13,13.99,8.13,-77.8,433010434.463309,10414.9,1588.1,-7210.9,0
2026-04-01T19:45:33.123400+00:00,13.99,8.18,13.99,8.18,-77.8,433010434.463309,10413.6,1584.5,-7210.0,0
2026-04-01T19:45:33.567629+00:00,14.00,8.23,14.0,8.23,-77.8,433010434.463309,10412.5,1581.3,-7209.2,0
2026-04-01T19:45:34.059052+00:00,14.00,8.27,14.0,8.27,-77.8,433010434.463309,10411.3,1578.1,-7208.4,0
2026-04-01T19:45:34.511662+00:00,14.01,8.32,14.01,8.32,-77.8,433010434.463309,10409.9,1574.5,-7207.4,0
2026-04-01T19:45:34.975392+00:00,14.01,8.37,14.01,8.37,-77.8,433010434.463309,10408.7,1571.2,-7206.6,0
2026-04-01T19:45:35.463921+00:00,14.02,8.42,14.02,8.42,-77.8,433010434.463309,10407.3,1567.6,-7205.6,0
2026-04-01T19:45:35.911577+00:00,14.02,8.47,14.02,8.47,-77.8,433010434.463309,10406.1,1564.4,-7204.8,0
2026-04-01T19:45:36.399440+00:00,14.03,8.51,14.03,8.51,-77.8,433010434.463309,10404.9,1561.2,-7203.9,0
2026-04-01T19:45:36.847545+00:00,14.03,8.56,14.03,8.56,-77.8,433010434.463309,10403.5,1557.7,-7203.0,0
2026-04-01T19:45:37.296900+00:00,14.04,8.61,14.04,8.61,-77.8,433010434.463309,10402.2,1554.5,-7202.1,0
2026-04-01T19:45:37.783450+00:00,14.04,8.66,14.04,8.66,-77.8,433010434.463309,10400.9,1550.9,-7201.2,0
2026-04-01T19:45:38.230851+00:00,14.05,8.71,14.05,8.71,-77.8,433010434.463309,10399.6,1547.7,-7200.3,0
2026-04-01T19:45:38.714623+00:00,14.05,8.75,14.05,8.75,-77.8,433010434.463309,10398.3,1544.5,-7199.4,0
2026-04-01T19:45:39.158584+00:00,14.06,8.80,14.06,8.8,-77.8,433010434.463309,10396.9,1541.0,-7198.4,0
2026-04-01T19:45:39.602683+00:00,14.06,8.85,14.06,8.85,-77.8,433010434.463309,10395.5,1537.8,-7197.5,0
2026-04-01T19:45:40.090680+00:00,14.07,8.90,14.07,8.9,-77.8,433010434.463309,10394.1,1534.3,-7196.5,0
2026-04-01T19:45:40.534591+00:00,14.07,8.95,14.07,8.95,-77.8,433010434.463309,10392.8,1531.1,-7195.6,0
2026-04-01T19:45:41.018621+00:00,14.08,8.99,14.08,8.99,-77.8,433010434.463309,10391.4,1527.9,-7194.6,0
2026-04-01T19:45:41.462643+00:00,14.08,9.05,14.08,9.05,-77.8,433010434.463309,10389.9,1524.4,-7193.6,0
2026-04-01T19:45:41.906601+00:00,14.09,9.09,14.09,9.09,-77.8,433010434.463309,10388.6,1521.2,-7192.6,0
2026-04-01T19:45:42.394713+00:00,14.10,9.15,14.1,9.15,-77.8,433010434.463309,10387.1,1517.7,-7191.6,0
2026-04-01T19:45:42.838594+00:00,14.10,9.19,14.1,9.19,-77.8,433010434.463309,10385.7,1514.6,-7190.6,0
2026-04-01T19:45:43.327468+00:00,14.11,9.24,14.11,9.24,-77.8,433010434.463309,10384.3,1511.3,-7189.7,0
2026-04-01T19:45:43.835774+00:00,14.11,9.29,14.11,9.29,-77.8,433010382.7219297,10382.7,1507.8,-7188.6,0
2026-04-01T19:45:44.283496+00:00,14.12,9.35,14.12,9.35,-77.8,433010382.7219297,10381.1,1504.2,-7187.5,0
2026-04-01T19:45:44.775598+00:00,14.12,9.40,14.12,9.4,-77.8,433010382.7219297,10379.5,1500.7,-7186.4,0
2026-04-01T19:45:45.239489+00:00,14.13,9.45,14.13,9.45,-77.8,433010382.7219297,10378.0,1497.3,-7185.3,0
2026-04-01T19:45:45.727187+00:00,14.13,9.50,14.13,9.5,-77.8,433010382.7219297,10376.5,1494.1,-7184.3,0
2026-04-01T19:45:46.175462+00:00,14.14,9.56,14.14,9.56,-77.8,433010382.7219297,10374.9,1490.6,-7183.1,0
2026-04-01T19:45:46.624917+00:00,14.14,9.61,14.14,9.61,-77.8,433010382.7219297,10373.3,1487.4,-7182.1,0
2026-04-01T19:45:47.112146+00:00,14.15,9.66,14.15,9.66,-77.8,433010382.7219297,10371.7,1483.8,-7181.0,0
2026-04-01T19:45:47.559388+00:00,14.16,9.71,14.16,9.71,-77.8,433010382.7219297,10370.2,1480.6,-7179.9,0
2026-04-01T19:45:48.051729+00:00,14.16,9.76,14.16,9.76,-77.8,433010382.7219297,10368.6,1477.4,-7178.8,0
2026-04-01T19:45:48.500848+00:00,14.17,9.81,14.17,9.81,-77.8,433010382.7219297,10366.9,1473.9,-7177.6,0
2026-04-01T19:45:48.944957+00:00,14.17,9.86,14.17,9.86,-77.8,433010382.7219297,10365.3,1470.7,-7176.6,0
2026-04-01T19:45:49.434391+00:00,14.18,9.92,14.18,9.92,-77.8,433010382.7219297,10363.6,1467.2,-7175.4,0
2026-04-01T19:45:49.883026+00:00,14.18,9.97,14.18,9.97,-77.8,433010382.7219297,10362.0,1464.0,-7174.2,0
2026-04-01T19:45:50.371469+00:00,14.19,10.02,14.19,10.02,-77.8,433010382.7219297,10360.4,1460.8,-7173.1,0
2026-04-01T19:45:50.815700+00:00,14.19,10.08,14.19,10.08,-77.8,433010382.7219297,10358.6,1457.2,-7171.9,0
2026-04-01T19:45:51.263858+00:00,14.20,10.13,14.2,10.13,-77.8,433010382.7219297,10357.0,1454.1,-7170.8,0
2026-04-01T19:45:51.755553+00:00,14.21,10.18,14.21,10.18,-77.8,433010382.7219297,10355.2,1450.6,-7169.5,0
2026-04-01T19:45:52.202610+00:00,14.21,10.23,14.21,10.23,-77.8,433010382.7219297,10353.5,1447.3,-7168.4,0
2026-04-01T19:45:52.689590+00:00,14.22,10.29,14.22,10.29,-77.8,433010382.7219297,10351.8,1444.1,-7167.2,0
2026-04-01T19:45:53.138950+00:00,14.22,10.34,14.22,10.34,-77.8,433010382.7219297,10350.0,1440.6,-7165.9,0
2026-04-01T19:45:53.582594+00:00,14.23,10.39,14.23,10.39,-77.8,433010382.7219297,10348.2,1437.4,-7164.7,0
2026-04-01T19:45:54.070599+00:00,14.23,10.45,14.23,10.45,-77.8,433010382.7219297,10346.4,1433.9,-7163.4,0
2026-04-01T19:45:54.514622+00:00,14.24,10.50,14.24,10.5,-77.8,433010382.7219297,10344.7,1430.8,-7162.2,0
2026-04-01T19:45:54.998650+00:00,14.24,10.55,14.24,10.55,-77.8,433010382.7219297,10342.9,1427.6,-7161.0,0
2026-04-01T19:45:55.442631+00:00,14.25,10.61,14.25,10.61,-77.8,433010382.7219297,10341.0,1424.1,-7159.7,0
2026-04-01T19:45:55.886608+00:00,14.26,10.66,14.26,10.66,-77.8,433010382.7219297,10339.2,1420.9,-7158.5,0
2026-04-01T19:45:56.374647+00:00,14.26,10.72,14.26,10.72,-77.8,433010382.7219297,10337.2,1417.4,-7157.1,0
2026-04-01T19:45:56.818583+00:00,14.27,10.77,14.27,10.77,-77.8,433010382.7219297,10335.4,1414.2,-7155.9,0
2026-04-01T19:45:57.308607+00:00,14.27,10.83,14.27,10.83,-77.8,433010382.7219297,10333.6,1411.0,-7154.6,0
2026-04-01T19:45:57.815846+00:00,14.28,10.89,14.28,10.89,-77.8,433010332.34095925,10331.3,1407.1,-7153.0,0
2026-04-01T19:45:58.259683+00:00,14.29,10.95,14.29,10.95,-77.8,433010332.34095925,10329.5,1403.9,-7151.7,0
2026-04-01T19:45:58.751619+00:00,14.29,11.01,14.29,11.01,-77.8,433010332.34095925,10327.4,1400.5,-7150.3,0
2026-04-01T19:45:59.200798+00:00,14.30,11.06,14.3,11.06,-77.8,433010332.34095925,10325.5,1397.2,-7149.0,0
2026-04-01T19:45:59.687700+00:00,14.30,11.11,14.3,11.11,-77.8,433010332.34095925,10323.6,1394.0,-7147.7,0
2026-04-01T19:46:00.135636+00:00,14.31,11.17,14.31,11.17,-77.8,433010332.34095925,10321.5,1390.6,-7146.2,0
2026-04-01T19:46:00.580422+00:00,14.32,11.23,14.32,11.23,-77.8,433010332.34095925,10319.5,1387.3,-7144.9,0
2026-04-01T19:46:01.071945+00:00,14.32,11.29,14.32,11.29,-77.8,433010332.34095925,10317.4,1383.9,-7143.4,0
2026-04-01T19:46:01.520705+00:00,14.33,11.34,14.33,11.34,-77.8,433010332.34095925,10315.4,1380.7,-7142.0,0
2026-04-01T19:46:02.007408+00:00,14.33,11.40,14.33,11.4,-77.8,433010332.34095925,10313.4,1377.5,-7140.6,0
2026-04-01T19:46:02.456672+00:00,14.34,11.46,14.34,11.46,-77.8,433010332.34095925,10311.2,1374.0,-7139.1,0
2026-04-01T19:46:02.899927+00:00,14.35,11.51,14.35,11.51,-77.8,433010332.34095925,10309.2,1370.8,-7137.7,0
2026-04-01T19:46:03.393563+00:00,14.35,11.58,14.35,11.58,-77.8,433010332.34095925,10306.9,1367.3,-7136.1,0
2026-04-01T19:46:03.839519+00:00,14.36,11.63,14.36,11.63,-77.8,433010332.34095925,10304.9,1364.1,-7134.7,0
2026-04-01T19:46:04.327504+00:00,14.36,11.69,14.36,11.69,-77.8,433010332.34095925,10302.8,1360.9,-7133.2,0
2026-04-01T19:46:04.775456+00:00,14.37,11.75,14.37,11.75,-77.8,433010332.34095925,10300.5,1357.4,-7131.6,0
2026-04-01T19:46:05.227246+00:00,14.38,11.81,14.38,11.81,-77.8,433010332.34095925,10298.3,1354.2,-7130.2,0
2026-04-01T19:46:05.731493+00:00,14.38,11.87,14.38,11.87,-77.8,433010332.34095925,10295.9,1350.6,-7128.5,0
2026-04-01T19:46:06.179214+00:00,14.39,11.93,14.39,11.93,-77.8,433010332.34095925,10293.7,1347.4,-7127.0,0
2026-04-01T19:46:06.667719+00:00,14.40,11.99,14.4,11.99,-77.8,433010332.34095925,10291.5,1344.2,-7125.5,0
2026-04-01T19:46:07.116536+00:00,14.40,12.05,14.4,12.05,-77.8,433010332.34095925,10289.1,1340.7,-7123.8,0
2026-04-01T19:46:07.559514+00:00,14.41,12.11,14.41,12.11,-77.8,433010332.34095925,10286.9,1337.6,-7122.3,0
2026-04-01T19:46:08.051723+00:00,14.42,12.17,14.42,12.17,-77.8,433010332.34095925,10284.5,1334.1,-7120.6,0
2026-04-01T19:46:08.559858+00:00,14.42,12.23,14.42,12.23,-77.8,433010282.2103492,10282.2,1330.9,-7119.0,0
2026-04-01T19:46:09.053003+00:00,14.43,12.30,14.43,12.3,-77.8,433010282.2103492,10279.4,1327.0,-7117.1,0
2026-04-01T19:46:09.495954+00:00,14.44,12.36,14.44,12.36,-77.8,433010282.2103492,10277.1,1323.8,-7115.5,0
2026-04-01T19:46:09.987741+00:00,14.44,12.42,14.44,12.42,-77.8,433010282.2103492,10274.8,1320.6,-7113.9,0
2026-04-01T19:46:10.439508+00:00,14.45,12.48,14.45,12.48,-77.8,433010282.2103492,10272.2,1317.1,-7112.1,0
2026-04-01T19:46:10.907705+00:00,14.46,12.54,14.46,12.54,-77.8,433010282.2103492,10269.7,1313.7,-7110.3,0
2026-04-01T19:46:11.395576+00:00,14.46,12.61,14.46,12.61,-77.8,433010282.2103492,10267.1,1310.3,-7108.5,0
2026-04-01T19:46:11.843541+00:00,14.47,12.67,14.47,12.67,-77.8,433010282.2103492,10264.7,1307.1,-7106.9,0
2026-04-01T19:46:12.332957+00:00,14.48,12.73,14.48,12.73,-77.8,433010282.2103492,10262.3,1303.9,-7105.2,0
2026-04-01T19:46:12.779838+00:00,14.48,12.79,14.48,12.79,-77.8,433010282.2103492,10259.6,1300.5,-7103.3,0
2026-04-01T19:46:13.227200+00:00,14.49,12.86,14.49,12.86,-77.8,433010282.2103492,10257.1,1297.3,-7101.6,0
2026-04-01T19:46:13.715454+00:00,14.50,12.92,14.5,12.92,-77.8,433010282.2103492,10254.4,1293.8,-7099.7,0
2026-04-01T19:46:14.162333+00:00,14.50,12.98,14.5,12.98,-77.8,433010282.2103492,10251.9,1290.6,-7098.0,0
2026-04-01T19:46:14.651449+00:00,14.51,13.04,14.51,13.04,-77.8,433010282.2103492,10249.4,1287.5,-7096.3,0
2026-04-01T19:46:15.099645+00:00,14.52,13.11,14.52,13.11,-77.8,433010282.2103492,10246.5,1284.0,-7094.3,0
2026-04-01T19:46:15.547794+00:00,14.52,13.17,14.52,13.17,-77.8,433010282.2103492,10244.0,1280.8,-7092.5,0
2026-04-01T19:46:16.035208+00:00,14.53,13.24,14.53,13.24,-77.8,433010282.2103492,10241.1,1277.3,-7090.6,0
2026-04-01T19:46:16.484874+00:00,14.54,13.30,14.54,13.3,-77.8,433010282.2103492,10238.5,1274.2,-7088.8,0
2026-04-01T19:46:16.991146+00:00,14.54,13.37,14.54,13.37,-77.8,433010282.2103492,10235.7,1270.9,-7086.8,0
2026-04-01T19:46:17.438862+00:00,14.55,13.44,14.55,13.44,-77.8,433010282.2103492,10232.8,1267.4,-7084.8,0
2026-04-01T19:46:17.942588+00:00,14.56,13.50,14.56,13.5,-77.8,433010230.09307665,10230.1,1264.2,-7082.9,0
2026-04-01T19:46:18.430621+00:00,14.57,13.58,14.57,13.58,-77.8,433010230.09307665,10226.8,1260.4,-7080.6,0
2026-04-01T19:46:18.874599+00:00,14.57,13.64,14.57,13.64,-77.8,433010230.09307665,10224.1,1257.2,-7078.7,0
2026-04-01T19:46:19.358710+00:00,14.58,13.70,14.58,13.7,-77.8,433010230.09307665,10221.3,1254.1,-7076.8,0
2026-04-01T19:46:19.802715+00:00,14.59,13.77,14.59,13.77,-77.8,433010230.09307665,10218.2,1250.6,-7074.7,0
2026-04-01T19:46:20.246596+00:00,14.59,13.84,14.59,13.84,-77.8,433010230.09307665,10215.4,1247.5,-7072.8,0
2026-04-01T19:46:20.739502+00:00,14.60,13.91,14.6,13.91,-77.8,433010230.09307665,10212.4,1244.1,-7070.6,0
2026-04-01T19:46:21.198620+00:00,14.61,13.97,14.61,13.97,-77.8,433010230.09307665,10209.4,1240.8,-7068.6,0
2026-04-01T19:46:21.682686+00:00,14.62,14.04,14.62,14.04,-77.8,433010230.09307665,10206.5,1237.6,-7066.6,0
2026-04-01T19:46:22.131676+00:00,14.62,14.11,14.62,14.11,-77.8,433010230.09307665,10203.3,1234.2,-7064.4,0
2026-04-01T19:46:22.579442+00:00,14.63,14.17,14.63,14.17,-77.8,433010230.09307665,10200.3,1231.0,-7062.3,0
2026-04-01T19:46:23.067231+00:00,14.64,14.25,14.64,14.25,-77.8,433010230.09307665,10197.1,1227.6,-7060.1,0
2026-04-01T19:46:23.515451+00:00,14.64,14.31,14.64,14.31,-77.8,433010230.09307665,10194.1,1224.4,-7058.0,0
2026-04-01T19:46:24.004745+00:00,14.65,14.38,14.65,14.38,-77.8,433010230.09307665,10191.1,1221.3,-7055.9,0
2026-04-01T19:46:24.451759+00:00,14.66,14.45,14.66,14.45,-77.8,433010230.09307665,10187.7,1217.8,-7053.6,0
2026-04-01T19:46:24.899702+00:00,14.67,14.52,14.67,14.52,-77.8,433010230.09307665,10184.6,1214.7,-7051.5,0
2026-04-01T19:46:25.382605+00:00,14.67,14.59,14.67,14.59,-77.8,433010230.09307665,10181.2,1211.2,-7049.1,0
2026-04-01T19:46:25.830602+00:00,14.68,14.66,14.68,14.66,-77.8,433010230.09307665,10178.1,1208.1,-7046.9,0
2026-04-01T19:46:26.374765+00:00,14.69,14.74,14.69,14.74,-77.8,433010176.21129245,10174.5,1204.5,-7044.4,0
2026-04-01T19:46:26.818618+00:00,14.70,14.81,14.7,14.81,-77.8,433010176.21129245,10171.1,1201.1,-7042.0,0
2026-04-01T19:46:27.262692+00:00,14.71,14.88,14.71,14.88,-77.8,433010176.21129245,10167.8,1198.0,-7039.8,0
2026-04-01T19:46:27.746585+00:00,14.71,14.95,14.71,14.95,-77.8,433010176.21129245,10164.3,1194.6,-7037.4,0
2026-04-01T19:46:28.190682+00:00,14.72,15.02,14.72,15.02,-77.8,433010176.21129245,10161.0,1191.4,-7035.1,0
2026-04-01T19:46:28.678716+00:00,14.73,15.09,14.73,15.09,-77.8,433010176.21129245,10157.7,1188.3,-7032.8,0
2026-04-01T19:46:29.122620+00:00,14.74,15.17,14.74,15.17,-77.8,433010176.21129245,10154.0,1184.9,-7030.3,0
2026-04-01T19:46:29.566609+00:00,14.74,15.24,14.74,15.24,-77.8,433010176.21129245,10150.7,1181.8,-7027.9,0
2026-04-01T19:46:30.054596+00:00,14.75,15.31,14.75,15.31,-77.8,433010176.21129245,10147.0,1178.4,-7025.4,0
2026-04-01T19:46:30.498585+00:00,14.76,15.38,14.76,15.38,-77.8,433010176.21129245,10143.6,1175.3,-7023.0,0
2026-04-01T19:46:30.982666+00:00,14.77,15.45,14.77,15.45,-77.8,433010176.21129245,10140.1,1172.1,-7020.6,0
2026-04-01T19:46:31.427530+00:00,14.78,15.53,14.78,15.53,-77.8,433010176.21129245,10136.3,1168.7,-7018.0,0
2026-04-01T19:46:31.874772+00:00,14.78,15.60,14.78,15.6,-77.8,433010176.21129245,10132.8,1165.6,-7015.5,0
2026-04-01T19:46:32.362595+00:00,14.79,15.68,14.79,15.68,-77.8,433010176.21129245,10128.9,1162.2,-7012.8,0
2026-04-01T19:46:32.866610+00:00,14.80,15.75,14.8,15.75,-77.8,433010125.3126755,10125.3,1159.1,-7010.4,0
2026-04-01T19:46:33.350769+00:00,14.81,15.84,14.81,15.84,-77.8,433010125.3126755,10121.2,1155.5,-7007.5,0
2026-04-01T19:46:33.794616+00:00,14.82,15.91,14.82,15.91,-77.8,433010125.3126755,10117.2,1152.1,-7004.8,0
2026-04-01T19:46:34.238603+00:00,14.82,15.99,14.82,15.99,-77.8,433010125.3126755,10113.5,1149.0,-7002.2,0
2026-04-01T19:46:34.727424+00:00,14.83,16.07,14.83,16.07,-77.8,433010125.3126755,10109.5,1145.6,-6999.4,0
2026-04-01T19:46:35.175522+00:00,14.84,16.14,14.84,16.14,-77.8,433010125.3126755,10105.7,1142.5,-6996.8,0
2026-04-01T19:46:35.664553+00:00,14.85,16.21,14.85,16.21,-77.8,433010125.3126755,10101.8,1139.3,-6994.1,0
2026-04-01T19:46:36.115360+00:00,14.86,16.30,14.86,16.3,-77.8,433010125.3126755,10097.7,1135.9,-6991.2,0
2026-04-01T19:46:36.579436+00:00,14.87,16.37,14.87,16.37,-77.8,433010125.3126755,10093.6,1132.7,-6988.4,0
2026-04-01T19:46:37.067427+00:00,14.88,16.46,14.88,16.46,-77.8,433010125.3126755,10089.3,1129.2,-6985.4,0
2026-04-01T19:46:37.510650+00:00,14.88,16.53,14.88,16.53,-77.8,433010125.3126755,10085.3,1126.1,-6982.7,0
2026-04-01T19:46:37.994995+00:00,14.89,16.61,14.89,16.61,-77.8,433010125.3126755,10081.4,1123.0,-6979.9,0
2026-04-01T19:46:38.442706+00:00,14.90,16.69,14.9,16.69,-77.8,433010125.3126755,10077.0,1119.6,-6976.9,0
2026-04-01T19:46:38.946666+00:00,14.91,16.77,14.91,16.77,-77.8,433010072.91824347,10072.9,1116.5,-6974.1,0
2026-04-01T19:46:39.434721+00:00,14.92,16.86,14.92,16.86,-77.8,433010072.91824347,10067.9,1112.7,-6970.6,0
2026-04-01T19:46:39.878613+00:00,14.93,16.94,14.93,16.94,-77.8,433010072.91824347,10063.8,1109.6,-6967.8,0
2026-04-01T19:46:40.362595+00:00,14.94,17.01,14.94,17.01,-77.8,433010072.91824347,10059.6,1106.5,-6964.9,0
2026-04-01T19:46:40.806663+00:00,14.95,17.10,14.95,17.1,-77.8,433010072.91824347,10055.0,1103.1,-6961.7,0
2026-04-01T19:46:41.250607+00:00,14.95,17.18,14.95,17.18,-77.8,433010072.91824347,10050.8,1100.0,-6958.8,0
2026-04-01T19:46:41.738718+00:00,14.96,17.26,14.96,17.26,-77.8,433010072.91824347,10046.1,1096.7,-6955.5,0
2026-04-01T19:46:42.182601+00:00,14.97,17.34,14.97,17.34,-77.8,433010072.91824347,10041.8,1093.6,-6952.5,0
2026-04-01T19:46:42.671355+00:00,14.98,17.42,14.98,17.42,-77.8,433010072.91824347,10037.4,1090.5,-6949.5,0
2026-04-01T19:46:43.119736+00:00,14.99,17.51,14.99,17.51,-77.8,433010072.91824347,10032.5,1087.1,-6946.1,0
2026-04-01T19:46:43.563093+00:00,15.00,17.59,15.0,17.59,-77.8,433010072.91824347,10028.1,1084.0,-6943.0,0
2026-04-01T19:46:44.055526+00:00,15.01,17.68,15.01,17.68,-77.8,433010072.91824347,10023.1,1080.6,-6939.6,0
2026-04-01T19:46:44.562754+00:00,15.02,17.77,15.02,17.77,-77.8,433010020.39757335,10017.9,1077.1,-6936.0,0
2026-04-01T19:46:45.054691+00:00,15.03,17.85,15.03,17.85,-77.8,433010020.39757335,10013.3,1073.9,-6932.8,0
2026-04-01T19:46:45.498707+00:00,15.04,17.94,15.04,17.94,-77.8,433010020.39757335,10008.2,1070.5,-6929.3,0
2026-04-01T19:46:45.942613+00:00,15.05,18.02,15.05,18.02,-77.8,433010020.39757335,10003.5,1067.5,-6926.0,0
2026-04-01T19:46:46.430034+00:00,15.06,18.11,15.06,18.11,-77.8,433010020.39757335,9998.4,1064.1,-6922.5,0
2026-04-01T19:46:46.874601+00:00,15.07,18.20,15.07,18.2,-77.8,433010020.39757335,9993.6,1061.0,-6919.2,0
2026-04-01T19:46:47.359568+00:00,15.08,18.28,15.08,18.28,-77.8,433010020.39757335,9988.8,1058.0,-6915.9,0
2026-04-01T19:46:47.802587+00:00,15.09,18.37,15.09,18.37,-77.8,433010020.39757335,9983.5,1054.6,-6912.2,0
2026-04-01T19:46:48.246649+00:00,15.10,18.46,15.1,18.46,-77.8,433010020.39757335,9978.6,1051.5,-6908.8,0
2026-04-01T19:46:48.730625+00:00,15.11,18.55,15.11,18.55,-77.8,433010020.39757335,9973.2,1048.2,-6905.0,0
2026-04-01T19:46:49.238643+00:00,15.12,18.64,15.12,18.64,-77.8,433009970.2253541,9967.5,1044.7,-6901.1,0
2026-04-01T19:46:49.728571+00:00,15.13,18.73,15.13,18.73,-77.8,433009970.2253541,9962.4,1041.6,-6897.6,0
2026-04-01T19:46:50.171470+00:00,15.14,18.82,15.14,18.82,-77.8,433009970.2253541,9956.8,1038.3,-6893.7,0
2026-04-01T19:46:50.619422+00:00,15.15,18.91,15.15,18.91,-77.8,433009970.2253541,9951.6,1035.2,-6890.1,0
2026-04-01T19:46:51.111693+00:00,15.16,19.01,15.16,19.01,-77.8,433009970.2253541,9945.9,1031.8,-6886.2,0
2026-04-01T19:46:51.578514+00:00,15.17,19.10,15.17,19.1,-77.8,433009970.2253541,9940.4,1028.6,-6882.3,0
2026-04-01T19:46:52.063251+00:00,15.18,19.19,15.18,19.19,-77.8,433009970.2253541,9935.0,1025.5,-6878.6,0
2026-04-01T19:46:52.506602+00:00,15.19,19.28,15.19,19.28,-77.8,433009970.2253541,9929.2,1022.2,-6874.6,0
2026-04-01T19:46:52.950650+00:00,15.20,19.37,15.2,19.37,-77.8,433009970.2253541,9923.7,1019.1,-6870.8,0
2026-04-01T19:46:53.434717+00:00,15.21,19.47,15.21,19.47,-77.8,433009970.2253541,9917.8,1015.8,-6866.7,0
2026-04-01T19:46:53.942749+00:00,15.22,19.57,15.22,19.57,-77.8,433009914.5155865,9911.5,1012.3,-6862.3,0
2026-04-01T19:46:54.426717+00:00,15.23,19.66,15.23,19.66,-77.8,433009914.5155865,9905.9,1009.3,-6858.5,0
2026-04-01T19:46:54.870587+00:00,15.24,19.76,15.24,19.76,-77.8,433009914.5155865,9899.7,1005.9,-6854.2,0
2026-04-01T19:46:55.314602+00:00,15.25,19.85,15.25,19.85,-77.8,433009914.5155865,9894.0,1002.9,-6850.2,0
2026-04-01T19:46:55.798603+00:00,15.26,19.95,15.26,19.95,-77.8,433009914.5155865,9887.7,999.6,-6845.9,0
2026-04-01T19:46:56.242574+00:00,15.27,20.04,15.27,20.04,-77.8,433009914.5155865,9882.0,996.5,-6841.9,0
2026-04-01T19:46:56.731656+00:00,15.28,20.14,15.28,20.14,-77.8,433009914.5155865,9876.1,993.5,-6837.8,0
2026-04-01T19:46:57.179627+00:00,15.29,20.24,15.29,20.24,-77.8,433009914.5155865,9869.6,990.2,-6833.3,0
2026-04-01T19:46:57.687725+00:00,15.30,20.33,15.3,20.33,-77.8,433009863.53727734,9863.5,987.1,-6829.1,0
2026-04-01T19:46:58.175868+00:00,15.32,20.45,15.32,20.45,-77.8,433009863.53727734,9856.1,983.4,-6824.0,0
2026-04-01T19:46:58.623709+00:00,15.33,20.54,15.33,20.54,-77.8,433009863.53727734,9849.9,980.3,-6819.7,0
2026-04-01T19:46:59.112793+00:00,15.34,20.64,15.34,20.64,-77.8,433009863.53727734,9843.7,977.3,-6815.4,0
2026-04-01T19:46:59.555665+00:00,15.35,20.74,15.35,20.74,-77.8,433009863.53727734,9836.8,973.9,-6810.6,0
2026-04-01T19:47:00.003665+00:00,15.36,20.84,15.36,20.84,-77.8,433009863.53727734,9830.5,970.9,-6806.3,0
2026-04-01T19:47:00.491788+00:00,15.37,20.95,15.37,20.95,-77.8,433009863.53727734,9823.5,967.6,-6801.4,0
2026-04-01T19:47:00.938729+00:00,15.38,21.04,15.38,21.04,-77.8,433009863.53727734,9817.0,964.5,-6796.9,0
2026-04-01T19:47:01.426613+00:00,15.40,21.14,15.4,21.14,-77.8,433009863.53727734,9810.4,961.5,-6792.4,0
2026-04-01T19:47:01.930590+00:00,15.41,21.26,15.41,21.26,-77.8,433009805.94381243,9802.4,957.8,-6786.8,0
2026-04-01T19:47:02.373805+00:00,15.42,21.36,15.42,21.36,-77.8,433009805.94381243,9795.8,954.8,-6782.2,0
2026-04-01T19:47:02.858627+00:00,15.43,21.47,15.43,21.47,-77.8,433009805.94381243,9788.4,951.5,-6777.1,0
2026-04-01T19:47:03.302592+00:00,15.44,21.57,15.44,21.57,-77.8,433009805.94381243,9781.6,948.5,-6772.4,0
2026-04-01T19:47:03.792082+00:00,15.46,21.67,15.46,21.67,-77.8,433009805.94381243,9774.7,945.5,-6767.7,0
2026-04-01T19:47:04.234583+00:00,15.47,21.78,15.47,21.78,-77.8,433009805.94381243,9767.2,942.2,-6762.5,0
2026-04-01T19:47:04.679701+00:00,15.48,21.88,15.48,21.88,-77.8,433009805.94381243,9760.2,939.2,-6757.6,0
2026-04-01T19:47:05.162583+00:00,15.49,21.99,15.49,21.99,-77.8,433009805.94381243,9752.5,935.9,-6752.3,0
2026-04-01T19:47:05.666645+00:00,15.51,22.10,15.51,22.1,-77.8,433009745.3841059,9745.4,932.9,-6747.3,0
2026-04-01T19:47:06.155477+00:00,15.52,22.22,15.52,22.22,-77.8,433009745.3841059,9737.1,929.5,-6741.6,0
2026-04-01T19:47:06.603717+00:00,15.53,22.33,15.53,22.33,-77.8,433009745.3841059,9729.1,926.2,-6736.0,0
2026-04-01T19:47:07.051750+00:00,15.54,22.44,15.54,22.44,-77.8,433009745.3841059,9721.7,923.2,-6730.9,0
2026-04-01T19:47:07.539254+00:00,15.56,22.55,15.56,22.55,-77.8,433009745.3841059,9713.5,919.9,-6725.2,0
2026-04-01T19:47:07.988026+00:00,15.57,22.66,15.57,22.66,-77.8,433009745.3841059,9705.9,916.9,-6720.0,0
2026-04-01T19:47:08.478975+00:00,15.58,22.77,15.58,22.77,-77.8,433009745.3841059,9698.2,913.9,-6714.7,0
2026-04-01T19:47:08.986620+00:00,15.60,22.89,15.6,22.89,-77.8,433009689.62708724,9689.6,910.6,-6708.7,0
2026-04-01T19:47:09.435139+00:00,15.61,23.01,15.61,23.01,-77.8,433009689.62708724,9680.8,907.2,-6702.6,0
2026-04-01T19:47:09.922637+00:00,15.62,23.13,15.62,23.13,-77.8,433009689.62708724,9672.0,903.9,-6696.5,0
2026-04-01T19:47:10.372774+00:00,15.64,23.24,15.64,23.24,-77.8,433009689.62708724,9664.1,900.9,-6691.0,0
2026-04-01T19:47:10.855444+00:00,15.65,23.35,15.65,23.35,-77.8,433009689.62708724,9656.1,898.0,-6685.5,0
2026-04-01T19:47:11.298625+00:00,15.66,23.47,15.66,23.47,-77.8,433009689.62708724,9647.1,894.7,-6679.3,0
2026-04-01T19:47:11.751646+00:00,15.68,23.58,15.68,23.58,-77.8,433009689.62708724,9638.9,891.7,-6673.6,0
2026-04-01T19:47:12.310674+00:00,15.69,23.71,15.69,23.71,-77.8,433009629.46725214,9629.5,888.4,-6667.1,0
2026-04-01T19:47:12.754764+00:00,15.71,23.84,15.71,23.84,-77.8,433009629.46725214,9619.9,885.0,-6660.4,0
2026-04-01T19:47:13.242663+00:00,15.72,23.96,15.72,23.96,-77.8,433009629.46725214,9610.6,881.8,-6654.0,0
2026-04-01T19:47:13.691074+00:00,15.74,24.08,15.74,24.08,-77.8,433009629.46725214,9601.9,878.8,-6648.0,0
2026-04-01T19:47:14.179179+00:00,15.75,24.19,15.75,24.19,-77.8,433009629.46725214,9593.3,875.8,-6642.0,0
2026-04-01T19:47:14.624156+00:00,15.76,24.32,15.76,24.32,-77.8,433009629.46725214,9583.5,872.6,-6635.3,0
2026-04-01T19:47:15.135501+00:00,15.78,24.45,15.78,24.45,-77.8,433009578.27313936,9573.4,869.2,-6628.3,0
2026-04-01T19:47:15.622948+00:00,15.80,24.58,15.8,24.58,-77.8,433009578.27313936,9563.5,866.0,-6621.4,0
2026-04-01T19:47:16.066606+00:00,15.81,24.70,15.81,24.7,-77.8,433009578.27313936,9554.3,863.0,-6615.0,0
2026-04-01T19:47:16.555398+00:00,15.82,24.82,15.82,24.82,-77.8,433009578.27313936,9545.1,860.1,-6608.7,0
2026-04-01T19:47:16.999043+00:00,15.84,24.95,15.84,24.95,-77.8,433009578.27313936,9534.9,856.8,-6601.6,0
2026-04-01T19:47:17.506625+00:00,15.85,25.07,15.85,25.07,-77.8,433009525.5387814,9525.5,853.9,-6595.1,0
2026-04-01T19:47:17.990584+00:00,15.87,25.22,15.87,25.22,-77.8,433009525.5387814,9513.9,850.3,-6587.1,0
2026-04-01T19:47:18.434613+00:00,15.89,25.34,15.89,25.34,-77.8,433009525.5387814,9504.3,847.4,-6580.4,0
2026-04-01T19:47:18.918614+00:00,15.90,25.46,15.9,25.46,-77.8,433009525.5387814,9494.5,844.4,-6573.6,0
2026-04-01T19:47:19.362611+00:00,15.92,25.60,15.92,25.6,-77.8,433009525.5387814,9483.8,841.3,-6566.2,0
2026-04-01T19:47:19.806608+00:00,15.93,25.72,15.93,25.72,-77.8,433009525.5387814,9473.9,838.4,-6559.3,0
2026-04-01T19:47:20.354880+00:00,15.95,25.87,15.95,25.87,-77.8,433009467.9608318,9461.5,834.8,-6550.8,0
2026-04-01T19:47:20.803444+00:00,15.97,26.00,15.97,26.0,-77.8,433009467.9608318,9451.3,831.9,-6543.7,0
2026-04-01T19:47:21.291506+00:00,15.98,26.13,15.98,26.13,-77.8,433009467.9608318,9441.0,828.9,-6536.6,0
2026-04-01T19:47:21.739679+00:00,16.00,26.27,16.0,26.27,-77.8,433009467.9608318,9429.5,825.7,-6528.6,0
2026-04-01T19:47:22.192319+00:00,16.02,26.40,16.02,26.4,-77.8,433009467.9608318,9418.9,822.8,-6521.3,0
2026-04-01T19:47:22.751218+00:00,16.03,26.54,16.03,26.54,-77.8,433009406.6542756,9406.7,819.5,-6512.8,0
2026-04-01T19:47:23.199026+00:00,16.05,26.69,16.05,26.69,-77.8,433009406.6542756,9394.4,816.2,-6504.4,0
2026-04-01T19:47:23.686580+00:00,16.07,26.84,16.07,26.84,-77.8,433009406.6542756,9382.4,813.0,-6496.0,0
2026-04-01T19:47:24.130615+00:00,16.09,26.97,16.09,26.97,-77.8,433009406.6542756,9371.3,810.1,-6488.3,0
2026-04-01T19:47:24.618608+00:00,16.10,27.10,16.1,27.1,-77.8,433009406.6542756,9360.2,807.3,-6480.6,0
2026-04-01T19:47:25.062954+00:00,16.12,27.24,16.12,27.24,-77.8,433009406.6542756,9347.9,804.1,-6472.1,0
2026-04-01T19:47:25.566670+00:00,16.14,27.40,16.14,27.4,-77.8,433009341.07748824,9334.8,800.8,-6463.1,0
2026-04-01T19:47:26.055939+00:00,16.16,27.55,16.16,27.55,-77.8,433009341.07748824,9322.2,797.7,-6454.3,0
2026-04-01T19:47:26.498607+00:00,16.17,27.68,16.17,27.68,-77.8,433009341.07748824,9310.6,794.9,-6446.3,0
2026-04-01T19:47:26.982583+00:00,16.19,27.82,16.19,27.82,-77.8,433009341.07748824,9298.6,792.0,-6438.0,0
2026-04-01T19:47:27.491691+00:00,16.21,27.99,16.21,27.99,-77.8,433009290.50680816,9283.9,788.5,-6427.8,0
2026-04-01T19:47:27.940194+00:00,16.23,28.13,16.23,28.13,-77.8,433009290.50680816,9271.7,785.6,-6419.3,0
2026-04-01T19:47:28.427465+00:00,16.25,28.28,16.25,28.28,-77.8,433009290.50680816,9258.2,782.5,-6410.0,0
2026-04-01T19:47:28.875509+00:00,16.27,28.43,16.27,28.43,-77.8,433009290.50680816,9245.7,779.6,-6401.4,0
2026-04-01T19:47:29.424169+00:00,16.29,28.59,16.29,28.59,-77.8,433009238.20899403,9231.5,776.4,-6391.5,0
2026-04-01T19:47:29.869928+00:00,16.31,28.75,16.31,28.75,-77.8,433009238.20899403,9217.4,773.2,-6381.8,0
2026-04-01T19:47:30.314587+00:00,16.33,28.89,16.33,28.89,-77.8,433009238.20899403,9204.4,770.4,-6372.8,0
2026-04-01T19:47:30.802591+00:00,16.35,29.05,16.35,29.05,-77.8,433009238.20899403,9190.2,767.3,-6362.9,0
2026-04-01T19:47:31.306625+00:00,16.37,29.22,16.37,29.22,-77.8,433009182.3588836,9175.2,764.1,-6352.6,0
2026-04-01T19:47:31.790608+00:00,16.39,29.36,16.39,29.36,-77.8,433009182.3588836,9161.8,761.2,-6343.3,0
2026-04-01T19:47:32.234586+00:00,16.41,29.53,16.41,29.53,-77.8,433009182.3588836,9147.1,758.2,-6333.1,0
2026-04-01T19:47:32.678714+00:00,16.43,29.67,16.43,29.67,-77.8,433009182.3588836,9133.4,755.4,-6323.6,0
2026-04-01T19:47:33.226600+00:00,16.45,29.86,16.45,29.86,-77.8,433009125.29787517,9116.5,751.9,-6311.9,0
2026-04-01T19:47:33.670590+00:00,16.47,30.01,16.47,30.01,-77.8,433009125.29787517,9102.3,749.1,-6302.1,0
2026-04-01T19:47:34.154572+00:00,16.49,30.16,16.49,30.16,-77.8,433009125.29787517,9088.2,746.3,-6292.3,0
2026-04-01T19:47:34.604078+00:00,16.51,30.33,16.51,30.33,-77.8,433009125.29787517,9072.5,743.3,-6281.5,0
2026-04-01T19:47:35.111585+00:00,16.54,30.51,16.54,30.51,-77.8,433009063.82135606,9055.9,740.1,-6270.0,0
2026-04-01T19:47:35.600099+00:00,16.56,30.68,16.56,30.68,-77.8,433009063.82135606,9039.7,737.0,-6258.8,0
2026-04-01T19:47:36.047728+00:00,16.58,30.84,16.58,30.84,-77.8,433009063.82135606,9024.7,734.2,-6248.4,0
2026-04-01T19:47:36.539063+00:00,16.60,31.00,16.6,31.0,-77.8,433009063.82135606,9009.5,731.4,-6237.9,0
2026-04-01T19:47:37.042622+00:00,16.63,31.20,16.63,31.2,-77.8,433008998.8884533,8990.5,728.0,-6224.7,0
2026-04-01T19:47:37.486584+00:00,16.65,31.36,16.65,31.36,-77.8,433008998.8884533,8975.1,725.2,-6214.0,0
2026-04-01T19:47:37.974602+00:00,16.67,31.53,16.67,31.53,-77.8,433008998.8884533,8958.0,722.2,-6202.2,0
2026-04-01T19:47:38.418676+00:00,16.70,31.70,16.7,31.7,-77.8,433008998.8884533,8942.2,719.5,-6191.2,0
2026-04-01T19:47:38.962593+00:00,16.72,31.88,16.72,31.88,-77.8,433008932.6177093,8923.8,716.3,-6178.5,0
2026-04-01T19:47:39.411730+00:00,16.75,32.07,16.75,32.07,-77.8,433008932.6177093,8906.1,713.3,-6166.2,0
2026-04-01T19:47:39.854869+00:00,16.77,32.23,16.77,32.23,-77.8,433008932.6177093,8889.7,710.6,-6154.9,0
2026-04-01T19:47:40.338802+00:00,16.79,32.42,16.79,32.42,-77.8,433008932.6177093,8871.5,707.6,-6142.3,0
2026-04-01T19:47:40.842697+00:00,16.82,32.61,16.82,32.61,-77.8,433008861.4575329,8852.2,704.5,-6128.9,0
2026-04-01T19:47:41.331592+00:00,16.84,32.78,16.84,32.78,-77.8,433008861.4575329,8835.1,701.8,-6117.1,0
2026-04-01T19:47:41.775822+00:00,16.87,32.97,16.87,32.97,-77.8,433008861.4575329,8816.3,698.8,-6104.1,0
2026-04-01T19:47:42.223611+00:00,16.89,33.14,16.89,33.14,-77.8,433008861.4575329,8798.6,696.1,-6091.8,0
2026-04-01T19:47:42.776557+00:00,16.92,33.36,16.92,33.36,-77.8,433008788.0039145,8776.7,692.8,-6076.6,0
2026-04-01T19:47:43.222988+00:00,16.95,33.54,16.95,33.54,-77.8,433008788.0039145,8758.4,690.0,-6064.0,0
2026-04-01T19:47:43.706588+00:00,16.97,33.71,16.97,33.71,-77.8,433008788.0039145,8740.2,687.3,-6051.4,0
2026-04-01T19:47:44.150598+00:00,17.00,33.91,17.0,33.91,-77.8,433008788.0039145,8720.0,684.4,-6037.4,0
2026-04-01T19:47:44.658629+00:00,17.03,34.11,17.03,34.11,-77.8,433008709.0169791,8698.8,681.3,-6022.7,0
2026-04-01T19:47:45.142587+00:00,17.06,34.31,17.06,34.31,-77.8,433008709.0169791,8678.1,678.4,-6008.4,0
2026-04-01T19:47:45.646581+00:00,17.09,34.50,17.09,34.5,-77.8,433008658.8109084,8658.8,675.7,-5995.0,0
2026-04-01T19:47:46.134597+00:00,17.12,34.70,17.12,34.7,-77.8,433008658.8109084,8636.8,672.7,-5979.8,0
2026-04-01T19:47:46.579178+00:00,17.15,34.91,17.15,34.91,-77.8,433008658.8109084,8615.4,669.8,-5965.0,0
2026-04-01T19:47:47.082665+00:00,17.18,35.12,17.18,35.12,-77.8,433008603.4671605,8592.7,666.8,-5949.3,0
2026-04-01T19:47:47.566665+00:00,17.21,35.33,17.21,35.33,-77.8,433008603.4671605,8570.5,663.9,-5933.9,0
2026-04-01T19:47:48.075482+00:00,17.24,35.52,17.24,35.52,-77.8,433008550.08398134,8550.1,661.3,-5919.7,0
2026-04-01T19:47:48.563675+00:00,17.27,35.74,17.27,35.74,-77.8,433008550.08398134,8526.4,658.3,-5903.3,0
2026-04-01T19:47:49.011926+00:00,17.30,35.95,17.3,35.95,-77.8,433008550.08398134,8503.3,655.4,-5887.4,0
2026-04-01T19:47:49.519251+00:00,17.33,36.17,17.33,36.17,-77.8,433008490.56238884,8478.9,652.4,-5870.5,0
2026-04-01T19:47:50.011907+00:00,17.37,36.39,17.37,36.39,-77.8,433008490.56238884,8455.0,649.5,-5853.9,0
2026-04-01T19:47:50.516519+00:00,17.40,36.59,17.4,36.59,-77.8,433008433.23479956,8433.2,647.0,-5838.8,0
2026-04-01T19:47:50.998579+00:00,17.43,36.82,17.43,36.82,-77.8,433008433.23479956,8407.9,644.0,-5821.3,0
2026-04-01T19:47:51.442578+00:00,17.46,37.04,17.46,37.04,-77.8,433008433.23479956,8383.4,641.2,-5804.3,0
2026-04-01T19:47:51.951717+00:00,17.50,37.27,17.5,37.27,-77.8,433008370.050188,8357.6,638.2,-5786.5,0
2026-04-01T19:47:52.434579+00:00,17.53,37.49,17.53,37.49,-77.8,433008370.050188,8332.4,635.5,-5769.0,0
2026-04-01T19:47:52.938582+00:00,17.57,37.69,17.57,37.69,-77.8,433008309.11599874,8309.1,632.9,-5752.9,0
2026-04-01T19:47:53.426752+00:00,17.60,37.93,17.6,37.93,-77.8,433008309.11599874,8282.0,630.0,-5734.1,0
2026-04-01T19:47:53.870699+00:00,17.64,38.16,17.64,38.16,-77.8,433008309.11599874,8255.9,627.2,-5716.1,0
2026-04-01T19:47:54.374718+00:00,17.68,38.40,17.68,38.4,-77.8,433008241.36566025,8228.2,624.3,-5696.9,0
2026-04-01T19:47:54.863427+00:00,17.71,38.63,17.71,38.63,-77.8,433008241.36566025,8201.3,621.6,-5678.3,0
2026-04-01T19:47:55.370654+00:00,17.75,38.85,17.75,38.85,-77.8,433008175.9292157,8175.9,619.0,-5660.7,0
2026-04-01T19:47:55.854679+00:00,17.79,39.10,17.79,39.1,-77.8,433008175.9292157,8147.3,616.2,-5640.9,0
2026-04-01T19:47:56.302747+00:00,17.83,39.34,17.83,39.34,-77.8,433008175.9292157,8118.8,613.4,-5621.2,0
2026-04-01T19:47:56.806686+00:00,17.87,39.59,17.87,39.59,-77.8,433008103.53909993,8089.5,610.6,-5600.8,0
2026-04-01T19:47:57.294609+00:00,17.91,39.83,17.91,39.83,-77.8,433008103.53909993,8060.5,607.9,-5580.8,0
2026-04-01T19:47:57.798598+00:00,17.95,40.06,17.95,40.06,-77.8,433008033.8775597,8033.9,605.4,-5562.3,0
2026-04-01T19:47:58.282603+00:00,17.99,40.31,17.99,40.31,-77.8,433008033.8775597,8002.8,602.6,-5540.9,0
2026-04-01T19:47:58.727144+00:00,18.03,40.56,18.03,40.56,-77.8,433008033.8775597,7972.9,599.9,-5520.2,0
2026-04-01T19:47:59.238222+00:00,18.08,40.82,18.08,40.82,-77.8,433007956.59095913,7941.4,597.1,-5498.3,0
2026-04-01T19:47:59.738657+00:00,18.12,41.09,18.12,41.09,-77.8,433007956.59095913,7909.3,594.3,-5476.1,0
2026-04-01T19:48:00.243679+00:00,18.17,41.35,18.17,41.35,-77.8,433007892.30264616,7876.6,591.6,-5453.4,0
2026-04-01T19:48:00.735495+00:00,18.21,41.61,18.21,41.61,-77.8,433007892.30264616,7844.9,588.9,-5431.5,0
2026-04-01T19:48:01.244617+00:00,18.25,41.85,18.25,41.85,-77.8,433007815.11336875,7815.1,586.5,-5410.9,0
2026-04-01T19:48:01.731550+00:00,18.31,42.15,18.31,42.15,-77.8,433007815.11336875,7778.3,583.5,-5385.4,0
2026-04-01T19:48:02.179470+00:00,18.35,42.39,18.35,42.39,-77.8,433007815.11336875,7747.8,581.1,-5364.3,0
2026-04-01T19:48:02.727860+00:00,18.40,42.67,18.4,42.67,-77.8,433007729.4865942,7713.0,578.4,-5340.2,0
2026-04-01T19:48:03.179014+00:00,18.45,42.94,18.45,42.94,-77.8,433007729.4865942,7678.7,575.8,-5316.4,0
2026-04-01T19:48:03.682763+00:00,18.49,43.19,18.49,43.19,-77.8,433007646.6596244,7646.7,573.4,-5294.3,0
2026-04-01T19:48:04.170727+00:00,18.55,43.50,18.55,43.5,-77.8,433007646.6596244,7607.5,570.5,-5267.1,0
2026-04-01T19:48:04.614600+00:00,18.60,43.75,18.6,43.75,-77.8,433007646.6596244,7575.2,568.2,-5244.8,0
2026-04-01T19:48:05.162597+00:00,18.65,44.04,18.65,44.04,-77.8,433007555.655391,7537.7,565.5,-5218.8,0
2026-04-01T19:48:05.606586+00:00,18.71,44.32,18.71,44.32,-77.8,433007555.655391,7501.5,563.0,-5193.8,0
2026-04-01T19:48:06.110700+00:00,18.76,44.58,18.76,44.58,-77.8,433007467.4749406,7467.5,560.7,-5170.2,0
2026-04-01T19:48:06.598602+00:00,18.82,44.90,18.82,44.9,-77.8,433007467.4749406,7425.7,557.9,-5141.2,0
2026-04-01T19:48:07.042608+00:00,18.87,45.16,18.87,45.16,-77.8,433007467.4749406,7391.1,555.6,-5117.3,0
2026-04-01T19:48:07.590685+00:00,18.93,45.47,18.93,45.47,-77.8,433007370.1919511,7350.9,553.0,-5089.5,0
2026-04-01T19:48:08.034601+00:00,18.99,45.76,18.99,45.76,-77.8,433007370.1919511,7311.9,550.5,-5062.5,0
2026-04-01T19:48:08.544099+00:00,19.04,46.03,19.04,46.03,-77.8,433007275.8448778,7275.8,548.3,-5037.5,0
2026-04-01T19:48:09.030697+00:00,19.11,46.37,19.11,46.37,-77.8,433007275.8448778,7230.8,545.6,-5006.3,0
2026-04-01T19:48:09.474725+00:00,19.17,46.64,19.17,46.64,-77.8,433007275.8448778,7193.9,543.3,-4980.8,0
2026-04-01T19:48:10.022682+00:00,19.23,46.96,19.23,46.96,-77.8,433007171.45447457,7150.6,540.8,-4950.8,0
2026-04-01T19:48:10.471807+00:00,19.30,47.26,19.3,47.26,-77.8,433007171.45447457,7109.1,538.4,-4922.1,0
2026-04-01T19:48:10.975398+00:00,19.36,47.54,19.36,47.54,-77.8,433007070.6664398,7070.7,536.2,-4895.5,0
2026-04-01T19:48:11.458597+00:00,19.43,47.89,19.43,47.89,-77.8,433007070.6664398,7022.7,533.6,-4862.3,0
2026-04-01T19:48:11.902627+00:00,19.49,48.18,19.49,48.18,-77.8,433007070.6664398,6982.8,531.4,-4834.6,0
2026-04-01T19:48:12.450610+00:00,19.57,48.51,19.57,48.51,-77.8,433006959.3061448,6937.3,529.0,-4803.1,0
2026-04-01T19:48:12.894611+00:00,19.64,48.82,19.64,48.82,-77.8,433006959.3061448,6893.1,526.7,-4772.5,0
2026-04-01T19:48:13.398583+00:00,19.70,49.11,19.7,49.11,-77.8,433006851.9382162,6851.9,524.5,-4744.0,0
2026-04-01T19:48:13.947574+00:00,19.79,49.48,19.79,49.48,-77.8,433006800.33435875,6800.3,522.0,-4708.3,0
2026-04-01T19:48:14.395540+00:00,19.87,49.82,19.87,49.82,-77.8,433006800.33435875,6751.9,519.6,-4674.8,0
2026-04-01T19:48:14.883460+00:00,19.94,50.12,19.94,50.12,-77.8,433006800.33435875,6708.7,517.5,-4644.8,0
2026-04-01T19:48:15.391565+00:00,20.03,50.50,20.03,50.5,-77.8,433006678.8094325,6655.0,514.9,-4607.7,0
2026-04-01T19:48:15.944678+00:00,20.11,50.85,20.11,50.85,-77.8,433006628.69786394,6604.6,512.6,-4572.8,0
2026-04-01T19:48:16.452366+00:00,20.21,51.23,20.21,51.23,-77.8,433006573.2680768,6549.0,510.1,-4534.3,0
2026-04-01T19:48:16.994592+00:00,20.30,51.59,20.3,51.59,-77.8,433006521.8546343,6497.1,507.8,-4498.4,0
2026-04-01T19:48:17.502663+00:00,20.40,51.97,20.4,51.97,-77.8,433006466.06305885,6440.7,505.4,-4459.3,0
2026-04-01T19:48:18.046625+00:00,20.49,52.33,20.49,52.33,-77.8,433006413.0437838,6387.9,503.1,-4422.7,0
2026-04-01T19:48:18.552926+00:00,20.59,52.72,20.59,52.72,-77.8,433006355.4806441,6329.5,500.7,-4382.3,0
2026-04-01T19:48:19.122622+00:00,20.69,53.09,20.69,53.09,-77.8,433006301.144685,6274.7,498.5,-4344.3,0
2026-04-01T19:48:19.626824+00:00,20.81,53.50,20.81,53.5,-77.8,433006239.16039264,6212.9,496.1,-4301.6,0
2026-04-01T19:48:20.170604+00:00,20.91,53.88,20.91,53.88,-77.8,433006183.5133915,6156.5,493.9,-4262.5,0
2026-04-01T19:48:20.678711+00:00,21.02,54.28,21.02,54.28,-77.8,433006122.675115,6095.2,491.6,-4220.1,0
2026-04-01T19:48:21.228437+00:00,21.13,54.66,21.13,54.66,-77.8,433006065.049209,6037.7,489.5,-4180.3,0
2026-04-01T19:48:21.735455+00:00,21.26,55.07,21.26,55.07,-77.8,433006001.8385035,5974.3,487.2,-4136.3,0
2026-04-01T19:48:22.283625+00:00,21.37,55.46,21.37,55.46,-77.8,433005942.74851817,5914.2,485.1,-4094.8,0
2026-04-01T19:48:22.790670+00:00,21.50,55.89,21.5,55.89,-77.8,433005878.00144625,5849.1,482.8,-4049.7,0
2026-04-01T19:48:23.341559+00:00,21.63,56.28,21.63,56.28,-77.8,433005817.3070389,5787.9,480.8,-4007.3,0
2026-04-01T19:48:23.847141+00:00,21.77,56.71,21.77,56.71,-77.8,433005750.3857105,5720.6,478.6,-3960.7,0
2026-04-01T19:48:24.394606+00:00,21.90,57.11,21.9,57.11,-77.8,433005688.34852517,5658.3,476.6,-3917.6,0
2026-04-01T19:48:24.898644+00:00,22.04,57.54,22.04,57.54,-77.8,433005620.1813895,5589.6,474.5,-3870.1,0
2026-04-01T19:48:25.446652+00:00,22.18,57.95,22.18,57.95,-77.8,433005556.5979644,5525.7,472.5,-3825.8,0
2026-04-01T19:48:25.950632+00:00,22.34,58.39,22.34,58.39,-77.8,433005486.57181484,5455.8,470.5,-3777.4,0
2026-04-01T19:48:26.494605+00:00,22.49,58.80,22.49,58.8,-77.8,433005421.344474,5389.6,468.6,-3731.6,0
2026-04-01T19:48:27.002701+00:00,22.65,59.24,22.65,59.24,-77.8,433005350.05065465,5317.9,466.5,-3681.9,0
2026-04-01T19:48:27.546594+00:00,22.81,59.66,22.81,59.66,-77.8,433005282.6113272,5250.6,464.7,-3635.3,0
2026-04-01T19:48:28.055206+00:00,22.99,60.12,22.99,60.12,-77.8,433005209.5304283,5176.5,462.7,-3584.0,0
2026-04-01T19:48:28.603690+00:00,23.16,60.54,23.16,60.54,-77.8,433005140.3110738,5107.0,460.9,-3535.9,0
2026-04-01T19:48:29.111838+00:00,23.35,61.00,23.35,61.0,-77.8,433005064.7858114,5031.2,459.0,-3483.4,0
2026-04-01T19:48:29.658731+00:00,23.53,61.43,23.53,61.43,-77.8,433004993.94828254,4960.0,457.2,-3434.1,0
2026-04-01T19:48:30.166604+00:00,23.74,61.91,23.74,61.91,-77.8,433004916.81189823,4881.8,455.4,-3380.0,0
2026-04-01T19:48:30.714608+00:00,23.94,62.34,23.94,62.34,-77.8,433004844.31141233,4809.3,453.7,-3329.8,0
2026-04-01T19:48:31.218593+00:00,24.16,62.81,24.16,62.81,-77.8,433004765.15980333,4730.4,451.9,-3275.1,0
2026-04-01T19:48:31.762715+00:00,24.37,63.26,24.37,63.26,-77.8,433004691.5221172,4655.7,450.2,-3223.5,0
2026-04-01T19:48:32.270592+00:00,24.61,63.73,24.61,63.73,-77.8,433004611.11130124,4574.9,448.5,-3167.5,0
2026-04-01T19:48:32.814595+00:00,24.83,64.18,24.83,64.18,-77.8,433004535.2090878,4499.2,446.9,-3115.1,0
2026-04-01T19:48:33.322607+00:00,25.09,64.67,25.09,64.67,-77.8,433004453.00202435,4416.0,445.2,-3057.5,0
2026-04-01T19:48:33.870655+00:00,25.34,65.12,25.34,65.12,-77.8,433004375.3896027,4338.6,443.7,-3003.9,0
2026-04-01T19:48:34.374598+00:00,25.62,65.61,25.62,65.61,-77.8,433004290.7452281,4253.6,442.0,-2945.0,0
2026-04-01T19:48:34.923600+00:00,25.89,66.07,25.89,66.07,-77.8,433004212.0911663,4174.3,440.6,-2890.1,0
2026-04-01T19:48:35.431650+00:00,26.20,66.57,26.2,66.57,-77.8,433004125.45801353,4087.0,439.0,-2829.7,0
2026-04-01T19:48:35.983449+00:00,26.50,67.04,26.5,67.04,-77.8,433004044.5129779,4005.6,437.6,-2773.3,0
2026-04-01T19:48:36.490806+00:00,26.84,67.54,26.84,67.54,-77.8,433003955.67982733,3916.4,436.1,-2711.6,0
2026-04-01T19:48:37.039146+00:00,27.17,68.01,27.17,68.01,-77.8,433003873.17621034,3833.4,434.7,-2654.1,0
2026-04-01T19:48:37.546605+00:00,27.54,68.52,27.54,68.52,-77.8,433003783.1381564,3743.1,433.3,-2591.6,0
2026-04-01T19:48:38.090784+00:00,27.90,68.99,27.9,68.99,-77.8,433003699.02377003,3659.2,432.0,-2533.5,0
2026-04-01T19:48:38.598624+00:00,28.31,69.51,28.31,69.51,-77.8,433003607.9564177,3567.1,430.6,-2469.7,0
2026-04-01T19:48:39.142660+00:00,28.71,69.98,28.71,69.98,-77.8,433003522.1928264,3481.6,429.4,-2410.5,0
2026-04-01T19:48:39.650641+00:00,29.16,70.50,29.16,70.5,-77.8,433003429.48226357,3387.8,428.1,-2345.6,0
2026-04-01T19:48:40.202696+00:00,29.60,70.98,29.6,70.98,-77.8,433003342.1600909,3300.8,426.9,-2285.4,0
2026-04-01T19:48:40.706675+00:00,30.12,71.50,30.12,71.5,-77.8,433003246.43815124,3204.8,425.7,-2218.9,0
2026-04-01T19:48:41.254143+00:00,30.62,71.99,30.62,71.99,-77.8,433003158.31729364,3115.6,424.5,-2157.1,0
2026-04-01T19:48:41.758697+00:00,31.19,72.51,31.19,72.51,-77.8,433003061.79702175,3019.4,423.4,-2090.5,0
2026-04-01T19:48:42.306683+00:00,31.75,72.99,31.75,72.99,-77.8,433002972.1630706,2928.8,422.3,-2027.8,0
2026-04-01T19:48:42.814869+00:00,32.39,73.51,32.39,73.51,-77.8,433002874.04824996,2831.2,421.3,-1960.2,0
2026-04-01T19:48:43.371749+00:00,33.04,74.01,33.04,74.01,-77.8,433002782.36152005,2737.6,420.3,-1895.4,0
2026-04-01T19:48:43.874618+00:00,33.78,74.53,33.78,74.53,-77.8,433002681.1658563,2637.7,419.2,-1826.3,0
2026-04-01T19:48:44.422629+00:00,34.51,75.02,34.51,75.02,-77.8,433002589.14501876,2544.5,418.3,-1761.7,0
2026-04-01T19:48:44.926881+00:00,35.35,75.54,35.35,75.54,-77.8,433002488.17679507,2444.2,417.4,-1692.2,0
2026-04-01T19:48:45.470617+00:00,36.19,76.02,36.19,76.02,-77.8,433002394.65855557,2350.2,416.6,-1627.2,0
2026-04-01T19:48:45.974665+00:00,37.18,76.55,37.18,76.55,-77.8,433002293.18996376,2247.7,415.7,-1556.2,0
2026-04-01T19:48:46.522616+00:00,38.15,77.03,38.15,77.03,-77.8,433002198.56026536,2152.8,414.9,-1490.5,0
2026-04-01T19:48:47.030673+00:00,39.30,77.54,39.3,77.54,-77.8,433002095.08561695,2049.2,414.1,-1418.8,0
2026-04-01T19:48:47.574642+00:00,40.44,78.02,40.44,78.02,-77.8,433001998.61524075,1953.1,413.4,-1352.2,0
2026-04-01T19:48:48.082673+00:00,41.80,78.53,41.8,78.53,-77.8,433001894.7756304,1848.2,412.7,-1279.7,0
2026-04-01T19:48:48.626620+00:00,43.16,78.99,43.16,78.99,-77.8,433001797.3089258,1751.5,412.1,-1212.7,0
2026-04-01T19:48:49.134666+00:00,44.78,79.49,44.78,79.49,-77.8,433001692.4535928,1645.5,411.4,-1139.3,0
2026-04-01T19:48:49.678641+00:00,46.41,79.95,46.41,79.95,-77.8,433001594.07219124,1547.7,410.9,-1071.6,0
2026-04-01T19:48:50.188324+00:00,48.36,80.43,48.36,80.43,-77.8,433001488.2901722,1440.9,410.3,-997.6,0
2026-04-01T19:48:50.730588+00:00,50.36,80.87,50.36,80.87,-77.8,433001388.7755374,1341.6,409.8,-928.9,0
2026-04-01T19:48:51.234604+00:00,52.72,81.33,52.72,81.33,-77.8,433001282.520919,1234.8,409.3,-854.9,0
2026-04-01T19:48:51.783710+00:00,55.14,81.74,55.14,81.74,-77.8,433001183.41232634,1135.5,408.9,-786.2,0
2026-04-01T19:48:52.291418+00:00,58.06,82.17,58.06,82.17,-77.8,433001075.07619077,1027.3,408.5,-711.2,0
2026-04-01T19:48:52.843206+00:00,61.06,82.55,61.06,82.55,-77.8,433000974.6387487,926.7,408.2,-641.6,0
2026-04-01T19:48:53.360779+00:00,64.68,82.93,64.68,82.93,-77.8,433000865.1812807,817.0,407.8,-565.6,0
2026-04-01T19:48:53.926612+00:00,68.55,83.28,68.55,83.28,-77.8,433000761.93442494,711.2,407.5,-492.4,0
2026-04-01T19:48:54.430750+00:00,72.97,83.60,72.97,83.6,-77.8,433000649.57925606,601.8,407.3,-416.6,0
2026-04-01T19:48:54.974639+00:00,77.41,83.86,77.41,83.86,-77.8,433000548.9566001,500.9,407.1,-346.8,0
2026-04-01T19:48:55.482680+00:00,82.63,84.09,82.63,84.09,-77.8,433000440.23954654,391.6,406.9,-271.2,0
2026-04-01T19:48:56.030628+00:00,87.82,84.26,87.82,84.26,-77.8,433000338.57293636,289.9,406.8,-200.7,0
2026-04-01T19:48:56.534947+00:00,93.69,84.39,93.69,84.39,-77.8,433000228.81457317,180.9,406.7,-125.3,0
2026-04-01T19:48:57.082655+00:00,99.35,84.46,99.35,84.46,-77.8,433000127.72706467,79.1,406.7,-54.8,0
2026-04-01T19:48:57.586602+00:00,105.51,84.46,105.51,84.46,-77.8,433000017.91469127,-30.0,406.7,20.8,0
2026-04-01T19:48:58.135720+00:00,111.21,84.42,111.21,84.42,-77.8,432999916.8717051,-131.8,406.7,91.3,0
2026-04-01T19:48:58.639730+00:00,117.15,84.30,117.15,84.3,-77.8,432999806.7939891,-240.9,406.8,166.8,0
2026-04-01T19:48:59.186756+00:00,122.43,84.15,122.43,84.15,-77.8,432999705.77745646,-342.6,406.9,237.2,0
2026-04-01T19:48:59.694806+00:00,127.78,83.93,127.78,83.93,-77.8,432999596.29697996,-452.3,407.0,313.1,0
2026-04-01T19:49:00.243260+00:00,132.36,83.68,132.36,83.68,-77.8,432999494.6792739,-553.8,407.2,383.4,0
2026-04-01T19:49:00.746639+00:00,136.89,83.37,136.89,83.37,-77.8,432999385.1331219,-663.2,407.4,459.2,0
2026-04-01T19:49:01.294940+00:00,140.67,83.05,140.67,83.05,-77.8,432999284.7936642,-763.6,407.7,528.7,0
2026-04-01T19:49:01.798638+00:00,144.39,82.68,144.39,82.68,-77.8,432999175.6693342,-872.5,408.0,604.1,0
2026-04-01T19:49:02.346786+00:00,147.48,82.31,147.48,82.31,-77.8,432999075.6646453,-972.5,408.3,673.3,0
2026-04-01T19:49:02.855752+00:00,150.51,81.89,150.51,81.89,-77.8,432998967.08855164,-1080.9,408.7,748.4,0
2026-04-01T19:49:03.399132+00:00,153.02,81.48,153.02,81.48,-77.8,432998866.5514943,-1180.3,409.1,817.2,0
2026-04-01T19:49:03.903725+00:00,155.48,81.02,155.48,81.02,-77.8,432998759.53627414,-1288.1,409.6,891.8,0
2026-04-01T19:49:04.455672+00:00,157.53,80.59,157.53,80.59,-77.8,432998660.4795166,-1386.8,410.0,960.2,0
2026-04-01T19:49:04.963445+00:00,159.57,80.11,159.57,80.11,-77.8,432998552.53399616,-1494.6,410.6,1034.8,0
2026-04-01T19:49:05.511563+00:00,161.27,79.65,161.27,79.65,-77.8,432998453.6209314,-1593.4,411.1,1103.2,0
2026-04-01T19:49:06.024762+00:00,162.93,79.15,162.93,79.15,-77.8,432998347.28953004,-1699.5,411.8,1176.7,0
2026-04-01T19:49:06.571039+00:00,164.36,78.68,164.36,78.68,-77.8,432998248.15387374,-1798.2,412.4,1245.0,0
2026-04-01T19:49:07.078754+00:00,165.75,78.17,165.75,78.17,-77.8,432998142.34029526,-1903.3,413.1,1317.8,0
2026-04-01T19:49:07.626648+00:00,166.94,77.70,166.94,77.7,-77.8,432998046.0077936,-2000.2,413.8,1384.9,0
2026-04-01T19:49:08.130644+00:00,168.10,77.18,168.1,77.18,-77.8,432997941.74891776,-2103.5,414.5,1456.4,0
2026-04-01T19:49:08.678586+00:00,169.11,76.70,169.11,76.7,-77.8,432997846.3450416,-2199.4,415.3,1522.8,0
2026-04-01T19:49:09.182602+00:00,170.11,76.18,170.11,76.18,-77.8,432997743.21349263,-2301.5,416.1,1593.5,0
2026-04-01T19:49:09.726606+00:00,170.97,75.70,170.97,75.7,-77.8,432997648.9104969,-2395.6,417.0,1658.6,0
2026-04-01T19:49:10.234689+00:00,171.84,75.17,171.84,75.17,-77.8,432997547.75362134,-2497.2,417.9,1729.0,0
2026-04-01T19:49:10.778592+00:00,172.58,74.69,172.58,74.69,-77.8,432997453.8818801,-2590.0,418.8,1793.2,0
2026-04-01T19:49:11.282639+00:00,173.34,74.16,173.34,74.16,-77.8,432997354.05455923,-2690.3,419.8,1862.7,0
2026-04-01T19:49:11.831472+00:00,173.98,73.68,173.98,73.68,-77.8,432997262.17600393,-2781.9,420.7,1926.1,0
2026-04-01T19:49:12.343007+00:00,174.65,73.15,174.65,73.15,-77.8,432997162.8197837,-2880.8,421.8,1994.5,0
2026-04-01T19:49:12.891737+00:00,175.22,72.67,175.22,72.67,-77.8,432997070.90349805,-2971.7,422.8,2057.5,0
2026-04-01T19:49:13.399981+00:00,175.81,72.14,175.81,72.14,-77.8,432996973.09863055,-3069.8,424.0,2125.4,0
2026-04-01T19:49:13.946905+00:00,176.32,71.65,176.32,71.65,-77.8,432996883.1959829,-3159.5,425.1,2187.5,0
2026-04-01T19:49:14.450597+00:00,176.84,71.13,176.84,71.13,-77.8,432996787.2162778,-3255.1,426.3,2253.7,0
2026-04-01T19:49:14.998587+00:00,177.29,70.65,177.29,70.65,-77.8,432996699.60319334,-3342.4,427.5,2314.2,0
2026-04-01T19:49:15.502670+00:00,177.75,70.14,177.75,70.14,-77.8,432996605.0413743,-3435.9,428.7,2378.9,0
2026-04-01T19:49:16.046611+00:00,178.16,69.66,178.16,69.66,-77.8,432996518.8095033,-3522.5,430.0,2438.8,0
2026-04-01T19:49:16.555192+00:00,178.57,69.15,178.57,69.15,-77.8,432996426.57497793,-3614.3,431.3,2502.4,0
2026-04-01T19:49:17.098607+00:00,178.94,68.68,178.94,68.68,-77.8,432996341.09171975,-3698.7,432.6,2560.8,0
2026-04-01T19:49:17.602678+00:00,179.31,68.17,179.31,68.17,-77.8,432996250.64991564,-3789.5,434.0,2623.7,0
2026-04-01T19:49:18.150610+00:00,179.64,67.70,179.64,67.7,-77.8,432996167.5161662,-3872.2,435.3,2681.0,0
2026-04-01T19:49:18.655147+00:00,179.98,67.20,179.98,67.2,-77.8,432996078.02396846,-3960.7,436.8,2742.2,0
2026-04-01T19:49:19.208315+00:00,180.29,66.73,180.29,66.73,-77.8,432995996.3849762,-4042.5,438.2,2798.9,0
2026-04-01T19:49:19.715452+00:00,180.60,66.23,180.6,66.23,-77.8,432995907.83568496,-4130.0,439.8,2859.4,0
2026-04-01T19:49:20.261607+00:00,180.88,65.77,180.88,65.77,-77.8,432995827.45766276,-4210.1,441.2,2914.9,0
2026-04-01T19:49:20.770799+00:00,181.17,65.27,181.17,65.27,-77.8,432995741.8181938,-4296.2,442.9,2974.5,0
2026-04-01T19:49:21.314595+00:00,181.42,64.81,181.42,64.81,-77.8,432995662.78541785,-4374.6,444.4,3028.8,0
2026-04-01T19:49:21.822640+00:00,181.68,64.33,181.68,64.33,-77.8,432995579.29975337,-4457.7,446.0,3086.3,0
2026-04-01T19:49:22.366605+00:00,181.91,63.88,181.91,63.88,-77.8,432995502.1365699,-4533.9,447.6,3139.1,0
2026-04-01T19:49:22.878168+00:00,182.15,63.40,182.15,63.4,-77.8,432995420.42282224,-4615.8,449.3,3195.8,0
2026-04-01T19:49:23.443747+00:00,182.38,62.94,182.38,62.94,-77.8,432995344.4289275,-4693.2,451.0,3249.4,0
2026-04-01T19:49:23.946654+00:00,182.60,62.46,182.6,62.46,-77.8,432995261.3868593,-4773.2,452.8,3304.8,0
2026-04-01T19:49:24.490574+00:00,182.80,62.03,182.8,62.03,-77.8,432995188.39869964,-4846.0,454.5,3355.2,0
2026-04-01T19:49:24.994988+00:00,183.01,61.55,183.01,61.55,-77.8,432995110.36595464,-4924.2,456.4,3409.3,0
2026-04-01T19:49:25.542596+00:00,183.19,61.12,183.19,61.12,-77.8,432995038.8390532,-4995.3,458.1,3458.5,0
2026-04-01T19:49:26.046617+00:00,183.38,60.66,183.38,60.66,-77.8,432994962.11065054,-5071.6,460.0,3511.4,0
2026-04-01T19:49:26.594695+00:00,183.55,60.24,183.55,60.24,-77.8,432994892.32745624,-5141.0,461.8,3559.4,0
2026-04-01T19:49:27.103762+00:00,183.73,59.78,183.73,59.78,-77.8,432994817.36215484,-5215.5,463.8,3611.0,0
2026-04-01T19:49:27.650644+00:00,183.89,59.36,183.89,59.36,-77.8,432994748.5772285,-5283.8,465.6,3658.3,0
2026-04-01T19:49:28.159015+00:00,184.06,58.91,184.06,58.91,-77.8,432994675.6059945,-5356.0,467.6,3708.3,0
2026-04-01T19:49:28.698868+00:00,184.21,58.50,184.21,58.5,-77.8,432994608.60779494,-5422.5,469.5,3754.4,0
2026-04-01T19:49:29.206802+00:00,184.37,58.06,184.37,58.06,-77.8,432994538.35949457,-5492.9,471.6,3803.1,0
2026-04-01T19:49:29.751142+00:00,184.51,57.65,184.51,57.65,-77.8,432994473.08772373,-5557.3,473.5,3847.7,0
2026-04-01T19:49:30.254637+00:00,184.66,57.22,184.66,57.22,-77.8,432994404.02634305,-5626.4,475.6,3895.5,0
2026-04-01T19:49:30.807881+00:00,184.79,56.82,184.79,56.82,-77.8,432994340.97784287,-5689.2,477.6,3939.0,0
2026-04-01T19:49:31.315457+00:00,184.93,56.38,184.93,56.38,-77.8,432994272.5691623,-5757.0,479.8,3985.9,0
2026-04-01T19:49:31.863502+00:00,185.05,55.99,185.05,55.99,-77.8,432994210.65257317,-5818.6,481.8,4028.6,0
2026-04-01T19:49:32.371831+00:00,185.18,55.56,185.18,55.56,-77.8,432994144.67168295,-5884.2,484.0,4074.0,0
2026-04-01T19:49:32.923474+00:00,185.30,55.18,185.3,55.18,-77.8,432994084.2808816,-5944.2,486.1,4115.5,0
2026-04-01T19:49:33.435363+00:00,185.43,54.76,185.43,54.76,-77.8,432994019.62196475,-6008.0,488.4,4159.7,0
2026-04-01T19:49:33.998030+00:00,185.54,54.36,185.54,54.36,-77.8,432993960.42971957,-6069.3,490.6,4202.1,0
2026-04-01T19:49:34.502621+00:00,185.66,53.95,185.66,53.95,-77.8,432993896.2718761,-6131.2,492.9,4245.0,0
2026-04-01T19:49:35.050598+00:00,185.76,53.58,185.76,53.58,-77.8,432993839.52469975,-6187.5,495.1,4284.0,0
2026-04-01T19:49:35.554815+00:00,185.87,53.18,185.87,53.18,-77.8,432993778.7252115,-6247.5,497.4,4325.5,0
2026-04-01T19:49:36.098597+00:00,185.97,52.81,185.97,52.81,-77.8,432993723.5366166,-6302.8,499.6,4363.8,0
2026-04-01T19:49:36.606704+00:00,186.08,52.41,186.08,52.41,-77.8,432993664.8422712,-6361.1,502.0,4404.2,0
2026-04-01T19:49:37.150601+00:00,186.17,52.05,186.17,52.05,-77.8,432993610.7467991,-6414.4,504.2,4441.1,0
2026-04-01T19:49:37.654600+00:00,186.27,51.67,186.27,51.67,-77.8,432993553.64277107,-6471.6,506.7,4480.7,0
2026-04-01T19:49:38.202601+00:00,186.36,51.31,186.36,51.31,-77.8,432993501.45709026,-6523.4,508.9,4516.6,0
2026-04-01T19:49:38.707493+00:00,186.45,50.93,186.45,50.93,-77.8,432993445.5054251,-6578.6,511.4,4554.8,0
2026-04-01T19:49:39.255494+00:00,186.54,50.58,186.54,50.58,-77.8,432993394.6653431,-6629.5,513.7,4590.0,0
2026-04-01T19:49:39.763445+00:00,186.63,50.21,186.63,50.21,-77.8,432993340.2701438,-6683.5,516.2,4627.4,0
2026-04-01T19:49:40.210856+00:00,186.70,49.90,186.7,49.9,-77.8,432993340.2701438,-6727.2,518.3,4657.7,0
2026-04-01T19:49:40.758720+00:00,186.78,49.57,186.78,49.57,-77.8,432993226.0261204,-6774.0,520.6,4690.0,0
2026-04-01T19:49:41.206603+00:00,186.86,49.23,186.86,49.23,-77.8,432993226.0261204,-6821.9,523.0,4723.2,0
2026-04-01T19:49:41.690734+00:00,186.93,48.94,186.93,48.94,-77.8,432993226.0261204,-6863.9,525.1,4752.3,0
2026-04-01T19:49:42.199734+00:00,187.01,48.58,187.01,48.58,-77.8,432993108.0767635,-6914.2,527.7,4787.2,0
2026-04-01T19:49:42.643204+00:00,187.07,48.29,187.07,48.29,-77.8,432993108.0767635,-6954.6,529.8,4815.1,0
2026-04-01T19:49:43.186632+00:00,187.14,47.98,187.14,47.98,-77.8,432993001.80689436,-6998.2,532.2,4845.3,0
2026-04-01T19:49:43.630654+00:00,187.21,47.65,187.21,47.65,-77.8,432993001.80689436,-7043.3,534.7,4876.5,0
2026-04-01T19:49:44.119754+00:00,187.27,47.37,187.27,47.37,-77.8,432993001.80689436,-7082.1,536.8,4903.4,0
2026-04-01T19:49:44.622620+00:00,187.34,47.02,187.34,47.02,-77.8,432992891.3239185,-7129.1,539.5,4935.9,0
2026-04-01T19:49:45.066696+00:00,187.40,46.75,187.4,46.75,-77.8,432992891.3239185,-7166.9,541.7,4962.1,0
2026-04-01T19:49:45.615373+00:00,187.46,46.44,187.46,46.44,-77.8,432992791.9795111,-7208.0,544.1,4990.6,0
2026-04-01T19:49:46.063776+00:00,187.53,46.13,187.53,46.13,-77.8,432992791.9795111,-7250.2,546.7,5019.7,0
2026-04-01T19:49:46.551938+00:00,187.58,45.86,187.58,45.86,-77.8,432992791.9795111,-7286.8,548.9,5045.1,0
2026-04-01T19:49:47.063201+00:00,187.65,45.53,187.65,45.53,-77.8,432992688.322558,-7331.1,551.7,5075.8,0
2026-04-01T19:49:47.551456+00:00,187.70,45.25,187.7,45.25,-77.8,432992688.322558,-7367.1,554.0,5100.7,0
2026-04-01T19:49:48.059852+00:00,187.76,44.97,187.76,44.97,-77.8,432992594.8097842,-7405.2,556.5,5127.1,0
2026-04-01T19:49:48.502620+00:00,187.82,44.67,187.82,44.67,-77.8,432992594.8097842,-7444.5,559.1,5154.3,0
2026-04-01T19:49:48.986579+00:00,187.87,44.38,187.87,44.38,-77.8,432992594.8097842,-7481.6,561.6,5179.9,0
2026-04-01T19:49:49.490648+00:00,187.93,44.09,187.93,44.09,-77.8,432992498.3808409,-7519.6,564.2,5206.3,0
2026-04-01T19:49:49.978592+00:00,187.97,43.83,187.97,43.83,-77.8,432992498.3808409,-7552.9,566.5,5229.4,0
2026-04-01T19:49:50.482583+00:00,188.03,43.56,188.03,43.56,-77.8,432992411.21029484,-7588.8,569.1,5254.2,0
2026-04-01T19:49:50.926604+00:00,188.08,43.27,188.08,43.27,-77.8,432992411.21029484,-7625.3,571.8,5279.5,0
2026-04-01T19:49:51.415750+00:00,188.13,43.00,188.13,43.0,-77.8,432992411.21029484,-7659.9,574.3,5303.4,0
2026-04-01T19:49:51.918601+00:00,188.18,42.72,188.18,42.72,-77.8,432992321.24205977,-7695.5,577.0,5328.0,0
2026-04-01T19:49:52.407181+00:00,188.22,42.47,188.22,42.47,-77.8,432992321.24205977,-7726.3,579.4,5349.4,0
2026-04-01T19:49:52.915533+00:00,188.27,42.21,188.27,42.21,-77.8,432992240.1528025,-7759.8,582.0,5372.6,0
2026-04-01T19:49:53.403461+00:00,188.32,41.93,188.32,41.93,-77.8,432992240.1528025,-7794.6,584.7,5396.7,0
2026-04-01T19:49:53.850730+00:00,188.37,41.67,188.37,41.67,-77.8,432992240.1528025,-7827.2,587.4,5419.2,0
2026-04-01T19:49:54.358673+00:00,188.41,41.39,188.41,41.39,-77.8,432992155.30179244,-7860.7,590.1,5442.5,0
2026-04-01T19:49:54.843349+00:00,188.46,41.14,188.46,41.14,-77.8,432992155.30179244,-7892.1,592.8,5464.2,0
2026-04-01T19:49:55.351759+00:00,188.50,40.90,188.5,40.9,-77.8,432992079.1717863,-7920.8,595.2,5484.1,0
2026-04-01T19:49:55.834732+00:00,188.54,40.64,188.54,40.64,-77.8,432992079.1717863,-7952.7,598.0,5506.1,0
2026-04-01T19:49:56.278614+00:00,188.58,40.39,188.58,40.39,-77.8,432992079.1717863,-7982.9,600.7,5527.0,0
2026-04-01T19:49:56.782609+00:00,188.63,40.13,188.63,40.13,-77.8,432992000.66794074,-8014.2,603.5,5548.7,0
2026-04-01T19:49:57.270593+00:00,188.67,39.89,188.67,39.89,-77.8,432992000.66794074,-8043.7,606.2,5569.1,0
2026-04-01T19:49:57.774615+00:00,188.70,39.66,188.7,39.66,-77.8,432991929.5014172,-8070.5,608.7,5587.7,0
2026-04-01T19:49:58.262694+00:00,188.75,39.41,188.75,39.41,-77.8,432991929.5014172,-8100.3,611.5,5608.4,0
2026-04-01T19:49:58.707444+00:00,188.78,39.17,188.78,39.17,-77.8,432991929.5014172,-8128.5,614.2,5627.9,0
2026-04-01T19:49:59.216782+00:00,188.83,38.92,188.83,38.92,-77.8,432991856.0449778,-8157.8,617.1,5648.2,0
2026-04-01T19:49:59.708406+00:00,188.86,38.68,188.86,38.68,-77.8,432991856.0449778,-8185.6,619.8,5667.4,0
2026-04-01T19:50:00.231498+00:00,188.90,38.46,188.9,38.46,-77.8,432991788.4159406,-8211.6,622.5,5685.4,0
2026-04-01T19:50:00.722912+00:00,188.94,38.19,188.94,38.19,-77.8,432991788.4159406,-8242.1,625.6,5706.5,0
2026-04-01T19:50:01.170703+00:00,188.97,37.98,188.97,37.98,-77.8,432991788.4159406,-8266.6,628.2,5723.5,0
2026-04-01T19:50:01.714603+00:00,189.01,37.74,189.01,37.74,-77.8,432991718.98148775,-8293.8,631.1,5742.3,0
2026-04-01T19:50:02.158605+00:00,189.05,37.51,189.05,37.51,-77.8,432991718.98148775,-8319.7,633.9,5760.2,0
2026-04-01T19:50:02.662672+00:00,189.08,37.31,189.08,37.31,-77.8,432991657.0183527,-8343.0,636.5,5776.4,0
2026-04-01T19:50:03.150634+00:00,189.12,37.06,189.12,37.06,-77.8,432991657.0183527,-8371.1,639.6,5795.8,0
2026-04-01T19:50:03.594591+00:00,189.15,36.86,189.15,36.86,-77.8,432991657.0183527,-8393.7,642.2,5811.5,0
2026-04-01T19:50:04.138598+00:00,189.18,36.63,189.18,36.63,-77.8,432991592.8689721,-8419.1,645.1,5829.1,0
2026-04-01T19:50:04.582597+00:00,189.22,36.41,189.22,36.41,-77.8,432991592.8689721,-8443.4,648.0,5845.8,0
2026-04-01T19:50:05.090626+00:00,189.24,36.21,189.24,36.21,-77.8,432991534.8812777,-8465.1,650.6,5860.9,0
2026-04-01T19:50:05.575688+00:00,189.28,35.97,189.28,35.97,-77.8,432991534.8812777,-8491.4,653.8,5879.1,0
2026-04-01T19:50:06.023891+00:00,189.31,35.78,189.31,35.78,-77.8,432991534.8812777,-8512.8,656.4,5893.9,0
2026-04-01T19:50:06.571482+00:00,189.34,35.56,189.34,35.56,-77.8,432991474.57968926,-8536.8,659.4,5910.5,0
2026-04-01T19:50:07.021611+00:00,189.37,35.35,189.37,35.35,-77.8,432991474.57968926,-8559.4,662.3,5926.2,0
2026-04-01T19:50:07.531042+00:00,189.40,35.16,189.4,35.16,-77.8,432991420.0448523,-8580.0,664.9,5940.4,0
2026-04-01T19:50:08.014647+00:00,189.43,34.92,189.43,34.92,-77.8,432991420.0448523,-8605.0,668.2,5957.8,0
2026-04-01T19:50:08.462885+00:00,189.46,34.73,189.46,34.73,-77.8,432991420.0448523,-8624.8,670.9,5971.5,0
2026-04-01T19:50:09.006657+00:00,189.49,34.52,189.49,34.52,-77.8,432991363.42038774,-8647.1,673.9,5986.9,0
2026-04-01T19:50:09.450819+00:00,189.52,34.32,189.52,34.32,-77.8,432991363.42038774,-8668.3,676.8,6001.6,0
2026-04-01T19:50:09.959753+00:00,189.55,34.14,189.55,34.14,-77.8,432991312.61274683,-8687.4,679.5,6014.8,0
2026-04-01T19:50:10.442612+00:00,189.58,33.92,189.58,33.92,-77.8,432991312.61274683,-8710.5,682.8,6030.8,0
2026-04-01T19:50:10.887456+00:00,189.60,33.74,189.6,33.74,-77.8,432991312.61274683,-8729.2,685.5,6043.8,0
2026-04-01T19:50:11.434601+00:00,189.63,33.54,189.63,33.54,-77.8,432991259.9214086,-8750.0,688.5,6058.2,0
2026-04-01T19:50:11.878612+00:00,189.66,33.34,189.66,33.34,-77.8,432991259.9214086,-8769.7,691.4,6071.8,0
2026-04-01T19:50:12.323200+00:00,189.68,33.17,189.68,33.17,-77.8,432991259.9214086,-8787.8,694.2,6084.4,0
2026-04-01T19:50:12.811816+00:00,189.71,32.98,189.71,32.98,-77.8,432991259.9214086,-8807.1,697.1,6097.7,0
2026-04-01T19:50:13.319541+00:00,189.74,32.78,189.74,32.78,-77.8,432991182.4084258,-8827.0,700.2,6111.5,0
2026-04-01T19:50:13.811123+00:00,189.76,32.61,189.76,32.61,-77.8,432991182.4084258,-8844.4,702.9,6123.5,0
2026-04-01T19:50:14.258241+00:00,189.79,32.42,189.79,32.42,-77.8,432991182.4084258,-8863.3,706.0,6136.6,0
2026-04-01T19:50:14.707742+00:00,189.81,32.25,189.81,32.25,-77.8,432991182.4084258,-8880.2,708.7,6148.3,0
2026-04-01T19:50:15.254223+00:00,189.84,32.04,189.84,32.04,-77.8,432991109.82013744,-8900.7,712.1,6162.5,0
2026-04-01T19:50:15.698819+00:00,189.86,31.87,189.86,31.87,-77.8,432991109.82013744,-8917.0,714.8,6173.8,0
2026-04-01T19:50:16.206619+00:00,189.88,31.71,189.88,31.71,-77.8,432991109.82013744,-8933.3,717.6,6185.1,0
2026-04-01T19:50:16.650799+00:00,189.91,31.52,189.91,31.52,-77.8,432991109.82013744,-8951.6,720.7,6197.8,0
2026-04-01T19:50:17.154601+00:00,189.93,31.34,189.93,31.34,-77.8,432991039.0838107,-8969.5,723.9,6210.1,0
2026-04-01T19:50:17.638598+00:00,189.96,31.16,189.96,31.16,-77.8,432991039.0838107,-8986.5,726.9,6221.9,0
2026-04-01T19:50:18.082644+00:00,189.98,31.00,189.98,31.0,-77.8,432991039.0838107,-9001.8,729.6,6232.5,0
2026-04-01T19:50:18.570681+00:00,190.00,30.84,190.0,30.84,-77.8,432991039.0838107,-9017.0,732.4,6243.0,0
2026-04-01T19:50:19.075191+00:00,190.02,30.65,190.02,30.65,-77.8,432990972.62547266,-9035.4,735.8,6255.8,0
2026-04-01T19:50:19.523850+00:00,190.04,30.49,190.04,30.49,-77.8,432990972.62547266,-9050.4,738.6,6266.1,0
2026-04-01T19:50:20.011644+00:00,190.07,30.32,190.07,30.32,-77.8,432990972.62547266,-9066.4,741.7,6277.3,0
2026-04-01T19:50:20.463461+00:00,190.09,30.16,190.09,30.16,-77.8,432990972.62547266,-9081.0,744.5,6287.3,0
2026-04-01T19:50:21.049658+00:00,190.11,29.98,190.11,29.98,-77.8,432990910.25400335,-9098.0,747.8,6299.1,0
2026-04-01T19:50:21.490677+00:00,190.13,29.81,190.13,29.81,-77.8,432990910.25400335,-9114.1,751.0,6310.2,0
2026-04-01T19:50:21.934754+00:00,190.15,29.66,190.15,29.66,-77.8,432990910.25400335,-9128.1,753.8,6319.9,0
2026-04-01T19:50:22.422640+00:00,190.17,29.49,190.17,29.49,-77.8,432990910.25400335,-9143.0,756.9,6330.3,0
2026-04-01T19:50:22.926718+00:00,190.20,29.33,190.2,29.33,-77.8,432990848.817683,-9158.5,760.1,6341.0,0
2026-04-01T19:50:23.410743+00:00,190.21,29.18,190.21,29.18,-77.8,432990848.817683,-9172.0,762.9,6350.3,0
2026-04-01T19:50:23.854609+00:00,190.23,29.02,190.23,29.02,-77.8,432990848.817683,-9186.5,766.0,6360.4,0
2026-04-01T19:50:24.298740+00:00,190.25,28.87,190.25,28.87,-77.8,432990848.817683,-9199.6,768.8,6369.4,0
2026-04-01T19:50:24.846615+00:00,190.28,28.69,190.28,28.69,-77.8,432990792.78209424,-9215.4,772.3,6380.4,0
2026-04-01T19:50:25.290711+00:00,190.29,28.55,190.29,28.55,-77.8,432990792.78209424,-9228.3,775.2,6389.3,0
2026-04-01T19:50:25.779433+00:00,190.31,28.41,190.31,28.41,-77.8,432990792.78209424,-9241.0,778.0,6398.1,0
2026-04-01T19:50:26.227404+00:00,190.33,28.25,190.33,28.25,-77.8,432990792.78209424,-9254.7,781.1,6407.6,0
2026-04-01T19:50:26.735464+00:00,190.35,28.09,190.35,28.09,-77.8,432990737.8748903,-9268.8,784.4,6417.4,0
2026-04-01T19:50:27.224099+00:00,190.37,27.94,190.37,27.94,-77.8,432990737.8748903,-9282.2,787.5,6426.7,0
2026-04-01T19:50:27.674994+00:00,190.39,27.80,190.39,27.8,-77.8,432990737.8748903,-9294.4,790.4,6435.1,0
2026-04-01T19:50:28.162707+00:00,190.41,27.66,190.41,27.66,-77.8,432990737.8748903,-9306.4,793.3,6443.4,0
2026-04-01T19:50:28.666601+00:00,190.43,27.49,190.43,27.49,-77.8,432990685.3803141,-9320.9,796.8,6453.4,0
2026-04-01T19:50:29.110623+00:00,190.44,27.35,190.44,27.35,-77.8,432990685.3803141,-9332.7,799.7,6461.6,0
2026-04-01T19:50:29.599692+00:00,190.46,27.21,190.46,27.21,-77.8,432990685.3803141,-9345.2,802.8,6470.2,0
2026-04-01T19:50:30.042664+00:00,190.48,27.07,190.48,27.07,-77.8,432990685.3803141,-9356.5,805.7,6478.1,0
2026-04-01T19:50:30.526658+00:00,190.49,26.94,190.49,26.94,-77.8,432990685.3803141,-9367.7,808.6,6485.9,0
2026-04-01T19:50:31.031209+00:00,190.51,26.79,190.51,26.79,-77.8,432990620.0214461,-9380.0,811.7,6494.3,0
2026-04-01T19:50:31.479774+00:00,190.53,26.64,190.53,26.64,-77.8,432990620.0214461,-9392.4,815.0,6503.0,0
2026-04-01T19:50:31.962601+00:00,190.55,26.50,190.55,26.5,-77.8,432990620.0214461,-9404.3,818.2,6511.1,0
2026-04-01T19:50:32.407894+00:00,190.56,26.37,190.56,26.37,-77.8,432990620.0214461,-9415.0,821.1,6518.6,0
2026-04-01T19:50:32.895707+00:00,190.58,26.24,190.58,26.24,-77.8,432990620.0214461,-9425.7,824.0,6526.0,0
2026-04-01T19:50:33.343458+00:00,190.60,26.10,190.6,26.1,-77.8,432990620.0214461,-9437.2,827.2,6534.0,0
2026-04-01T19:50:33.856157+00:00,190.61,25.96,190.61,25.96,-77.8,432990556.5737798,-9449.1,830.5,6542.2,0
2026-04-01T19:50:34.367695+00:00,190.63,25.81,190.63,25.81,-77.8,432990556.5737798,-9460.9,833.8,6550.3,0
2026-04-01T19:50:34.810675+00:00,190.65,25.69,190.65,25.69,-77.8,432990556.5737798,-9471.0,836.8,6557.4,0
2026-04-01T19:50:35.294690+00:00,190.66,25.56,190.66,25.56,-77.8,432990556.5737798,-9481.2,839.7,6564.4,0
2026-04-01T19:50:35.738586+00:00,190.68,25.43,190.68,25.43,-77.8,432990556.5737798,-9491.9,842.9,6571.9,0
2026-04-01T19:50:36.373161+00:00,190.69,25.29,190.69,25.29,-77.8,432990502.29141897,-9503.0,846.2,6579.5,0
2026-04-01T19:50:36.874605+00:00,190.71,25.11,190.71,25.11,-77.8,432990502.29141897,-9516.7,850.4,6589.0,0
2026-04-01T19:50:37.318657+00:00,190.73,24.99,190.73,24.99,-77.8,432990502.29141897,-9526.3,853.3,6595.6,0
2026-04-01T19:50:37.802645+00:00,190.74,24.87,190.74,24.87,-77.8,432990502.29141897,-9535.7,856.2,6602.2,0
2026-04-01T19:50:38.251733+00:00,190.76,24.74,190.76,24.74,-77.8,432990502.29141897,-9545.9,859.4,6609.2,0
2026-04-01T19:50:38.754603+00:00,190.77,24.61,190.77,24.61,-77.8,432990448.57677674,-9556.3,862.8,6616.4,0
2026-04-01T19:50:39.238597+00:00,190.79,24.48,190.79,24.48,-77.8,432990448.57677674,-9566.3,866.0,6623.4,0
2026-04-01T19:50:39.687543+00:00,190.80,24.36,190.8,24.36,-77.8,432990448.57677674,-9575.4,868.9,6629.6,0
2026-04-01T19:50:40.175248+00:00,190.82,24.24,190.82,24.24,-77.8,432990448.57677674,-9584.4,871.9,6635.8,0
2026-04-01T19:50:40.618748+00:00,190.83,24.12,190.83,24.12,-77.8,432990448.57677674,-9594.0,875.1,6642.5,0
2026-04-01T19:50:41.130593+00:00,190.84,24.00,190.84,24.0,-77.8,432990397.2345635,-9602.8,878.1,6648.6,0
2026-04-01T19:50:41.618601+00:00,190.86,23.86,190.86,23.86,-77.8,432990397.2345635,-9613.5,881.8,6656.0,0
2026-04-01T19:50:42.067731+00:00,190.87,23.75,190.87,23.75,-77.8,432990397.2345635,-9622.0,884.7,6661.9,0
2026-04-01T19:50:42.550607+00:00,190.89,23.63,190.89,23.63,-77.8,432990397.2345635,-9630.5,887.7,6667.8,0
2026-04-01T19:50:42.995178+00:00,190.90,23.51,190.9,23.51,-77.8,432990397.2345635,-9639.6,890.9,6674.1,0
2026-04-01T19:50:43.439607+00:00,190.91,23.40,190.91,23.4,-77.8,432990397.2345635,-9647.9,893.9,6679.8,0
2026-04-01T19:50:43.926567+00:00,190.93,23.28,190.93,23.28,-77.8,432990397.2345635,-9656.8,897.2,6686.0,0
2026-04-01T19:50:44.430662+00:00,190.94,23.17,190.94,23.17,-77.8,432990335.0351728,-9665.0,900.2,6691.6,0
2026-04-01T19:50:44.923214+00:00,190.96,23.04,190.96,23.04,-77.8,432990335.0351728,-9674.0,903.5,6697.9,0
2026-04-01T19:50:45.371453+00:00,190.97,22.92,190.97,22.92,-77.8,432990335.0351728,-9682.8,906.8,6704.0,0
2026-04-01T19:50:45.819500+00:00,190.98,22.81,190.98,22.81,-77.8,432990335.0351728,-9690.7,909.8,6709.4,0
2026-04-01T19:50:46.307612+00:00,191.00,22.69,191.0,22.69,-77.8,432990335.0351728,-9699.2,913.1,6715.3,0
2026-04-01T19:50:46.755533+00:00,191.01,22.59,191.01,22.59,-77.8,432990335.0351728,-9706.9,916.1,6720.7,0
2026-04-01T19:50:47.246772+00:00,191.02,22.48,191.02,22.48,-77.8,432990335.0351728,-9714.5,919.1,6726.0,0
2026-04-01T19:50:47.754706+00:00,191.03,22.36,191.03,22.36,-77.8,432990277.2519982,-9722.7,922.4,6731.7,0
2026-04-01T19:50:48.198617+00:00,191.05,22.24,191.05,22.24,-77.8,432990277.2519982,-9731.2,925.8,6737.5,0
2026-04-01T19:50:48.682608+00:00,191.06,22.13,191.06,22.13,-77.8,432990277.2519982,-9739.3,929.1,6743.1,0
2026-04-01T19:50:49.126654+00:00,191.07,22.03,191.07,22.03,-77.8,432990277.2519982,-9746.5,932.1,6748.1,0
2026-04-01T19:50:49.610615+00:00,191.08,21.92,191.08,21.92,-77.8,432990277.2519982,-9753.7,935.1,6753.1,0
2026-04-01T19:50:50.059723+00:00,191.10,21.81,191.1,21.81,-77.8,432990277.2519982,-9761.4,938.4,6758.4,0
2026-04-01T19:50:50.502652+00:00,191.11,21.71,191.11,21.71,-77.8,432990277.2519982,-9768.4,941.4,6763.3,0
2026-04-01T19:50:51.051004+00:00,191.12,21.60,191.12,21.6,-77.8,432990223.9534479,-9776.0,944.7,6768.6,0
2026-04-01T19:50:51.494670+00:00,191.13,21.48,191.13,21.48,-77.8,432990223.9534479,-9784.0,948.1,6774.0,0
2026-04-01T19:50:51.982979+00:00,191.14,21.38,191.14,21.38,-77.8,432990223.9534479,-9790.8,951.1,6778.8,0
2026-04-01T19:50:52.431464+00:00,191.16,21.27,191.16,21.27,-77.8,432990223.9534479,-9798.2,954.5,6783.9,0
2026-04-01T19:50:52.879775+00:00,191.17,21.17,191.17,21.17,-77.8,432990223.9534479,-9804.9,957.5,6788.5,0
2026-04-01T19:50:53.367597+00:00,191.18,21.06,191.18,21.06,-77.8,432990223.9534479,-9812.2,960.8,6793.6,0
2026-04-01T19:50:53.815958+00:00,191.19,20.97,191.19,20.97,-77.8,432990223.9534479,-9818.7,963.8,6798.1,0
2026-04-01T19:50:54.307173+00:00,191.20,20.87,191.2,20.87,-77.8,432990223.9534479,-9825.3,966.9,6802.6,0
2026-04-01T19:50:54.751151+00:00,191.21,20.76,191.21,20.76,-77.8,432990223.9534479,-9832.4,970.3,6807.6,0
2026-04-01T19:50:55.258752+00:00,191.22,20.65,191.22,20.65,-77.8,432990163.89375687,-9839.6,973.7,6812.5,0
2026-04-01T19:50:55.742601+00:00,191.24,20.55,191.24,20.55,-77.8,432990163.89375687,-9846.4,977.0,6817.2,0
2026-04-01T19:50:56.186649+00:00,191.25,20.45,191.25,20.45,-77.8,432990163.89375687,-9852.6,980.0,6821.6,0
2026-04-01T19:50:56.670650+00:00,191.26,20.36,191.26,20.36,-77.8,432990163.89375687,-9858.8,983.1,6825.8,0
2026-04-01T19:50:57.118803+00:00,191.27,20.25,191.27,20.25,-77.8,432990163.89375687,-9865.4,986.4,6830.4,0
2026-04-01T19:50:57.562618+00:00,191.28,20.16,191.28,20.16,-77.8,432990163.89375687,-9871.4,989.4,6834.6,0
2026-04-01T19:50:58.046622+00:00,191.29,20.06,191.29,20.06,-77.8,432990163.89375687,-9877.9,992.7,6839.1,0
2026-04-01T19:50:58.490684+00:00,191.30,19.97,191.3,19.97,-77.8,432990163.89375687,-9883.8,995.8,6843.2,0
2026-04-01T19:50:59.039729+00:00,191.31,19.87,191.31,19.87,-77.8,432990110.3145208,-9889.7,998.8,6847.2,0
2026-04-01T19:50:59.483454+00:00,191.32,19.76,191.32,19.76,-77.8,432990110.3145208,-9896.7,1002.5,6852.1,0
2026-04-01T19:50:59.931449+00:00,191.33,19.67,191.33,19.67,-77.8,432990110.3145208,-9902.5,1005.6,6856.1,0
2026-04-01T19:51:00.419687+00:00,191.34,19.57,191.34,19.57,-77.8,432990110.3145208,-9908.8,1009.0,6860.4,0
2026-04-01T19:51:00.867689+00:00,191.35,19.48,191.35,19.48,-77.8,432990110.3145208,-9914.4,1012.0,6864.3,0
2026-04-01T19:51:01.355458+00:00,191.36,19.39,191.36,19.39,-77.8,432990110.3145208,-9920.0,1015.1,6868.2,0
2026-04-01T19:51:01.803454+00:00,191.37,19.29,191.37,19.29,-77.8,432990110.3145208,-9926.0,1018.5,6872.4,0
2026-04-01T19:51:02.256572+00:00,191.38,19.20,191.38,19.2,-77.8,432990110.3145208,-9931.5,1021.5,6876.2,0
2026-04-01T19:51:02.759461+00:00,191.40,19.10,191.4,19.1,-77.8,432990110.3145208,-9937.6,1025.0,6880.4,0
2026-04-01T19:51:03.207461+00:00,191.40,19.01,191.4,19.01,-77.8,432990110.3145208,-9943.1,1028.1,6884.2,0
2026-04-01T19:51:03.755518+00:00,191.42,18.91,191.42,18.91,-77.8,432990053.762696,-9949.1,1031.6,6888.4,0
2026-04-01T19:51:04.203199+00:00,191.43,18.82,191.43,18.82,-77.8,432990053.762696,-9954.8,1035.0,6892.3,0
2026-04-01T19:51:04.651050+00:00,191.44,18.73,191.44,18.73,-77.8,432990053.762696,-9960.1,1038.1,6896.0,0
2026-04-01T19:51:05.138611+00:00,191.45,18.63,191.45,18.63,-77.8,432990053.762696,-9965.7,1041.5,6899.9,0
2026-04-01T19:51:05.582953+00:00,191.46,18.55,191.46,18.55,-77.8,432990053.762696,-9970.8,1044.5,6903.4,0
2026-04-01T19:51:06.070594+00:00,191.46,18.46,191.46,18.46,-77.8,432990053.762696,-9975.8,1047.6,6906.9,0
2026-04-01T19:51:06.515154+00:00,191.47,18.37,191.47,18.37,-77.8,432990053.762696,-9981.2,1050.9,6910.6,0
2026-04-01T19:51:06.958638+00:00,191.48,18.29,191.48,18.29,-77.8,432990053.762696,-9986.2,1054.0,6914.1,0
2026-04-01T19:51:07.532692+00:00,191.49,18.20,191.49,18.2,-77.8,432990053.762696,-9991.5,1057.4,6917.8,0
2026-04-01T19:51:08.050761+00:00,191.50,18.09,191.5,18.09,-77.8,432990002.5544785,-9997.4,1061.1,6921.8,0
2026-04-01T19:51:08.534605+00:00,191.52,17.99,191.52,17.99,-77.8,432990002.5544785,-10003.3,1064.9,6925.9,0
2026-04-01T19:51:08.978666+00:00,191.52,17.91,191.52,17.91,-77.8,432990002.5544785,-10008.1,1068.0,6929.2,0
2026-04-01T19:51:09.467952+00:00,191.53,17.83,191.53,17.83,-77.8,432990002.5544785,-10012.7,1071.1,6932.4,0
2026-04-01T19:51:09.911095+00:00,191.54,17.74,191.54,17.74,-77.8,432990002.5544785,-10017.8,1074.4,6935.9,0
2026-04-01T19:51:10.359545+00:00,191.55,17.66,191.55,17.66,-77.8,432990002.5544785,-10022.4,1077.6,6939.1,0
2026-04-01T19:51:10.851655+00:00,191.56,17.57,191.56,17.57,-77.8,432990002.5544785,-10027.4,1080.9,6942.6,0
2026-04-01T19:51:11.295814+00:00,191.57,17.49,191.57,17.49,-77.8,432990002.5544785,-10032.0,1084.1,6945.8,0
2026-04-01T19:51:11.783718+00:00,191.58,17.41,191.58,17.41,-77.8,432990002.5544785,-10036.5,1087.2,6948.9,0
2026-04-01T19:51:12.231435+00:00,191.59,17.32,191.59,17.32,-77.8,432990002.5544785,-10041.4,1090.6,6952.2,0
2026-04-01T19:51:12.683488+00:00,191.60,17.24,191.6,17.24,-77.8,432990002.5544785,-10045.7,1093.7,6955.3,0
2026-04-01T19:51:13.172865+00:00,191.60,17.15,191.6,17.15,-77.8,432990002.5544785,-10050.5,1097.1,6958.6,0
2026-04-01T19:51:13.679502+00:00,191.61,17.06,191.61,17.06,-77.8,432989946.8637524,-10055.5,1100.6,6962.0,0
2026-04-01T19:51:14.167493+00:00,191.62,16.98,191.62,16.98,-77.8,432989946.8637524,-10059.7,1103.7,6965.0,0
2026-04-01T19:51:14.615549+00:00,191.63,16.90,191.63,16.9,-77.8,432989946.8637524,-10064.4,1107.1,6968.2,0
2026-04-01T19:51:15.063467+00:00,191.64,16.82,191.64,16.82,-77.8,432989946.8637524,-10068.6,1110.3,6971.1,0
2026-04-01T19:51:15.551488+00:00,191.65,16.74,191.65,16.74,-77.8,432989946.8637524,-10073.1,1113.7,6974.2,0
2026-04-01T19:51:15.999457+00:00,191.66,16.66,191.66,16.66,-77.8,432989946.8637524,-10077.2,1116.8,6977.1,0
2026-04-01T19:51:16.487468+00:00,191.67,16.58,191.67,16.58,-77.8,432989946.8637524,-10081.3,1119.9,6979.9,0
2026-04-01T19:51:16.935628+00:00,191.67,16.50,191.67,16.5,-77.8,432989946.8637524,-10085.7,1123.3,6983.0,0
2026-04-01T19:51:17.384801+00:00,191.68,16.42,191.68,16.42,-77.8,432989946.8637524,-10089.8,1126.5,6985.8,0
2026-04-01T19:51:17.874879+00:00,191.69,16.34,191.69,16.34,-77.8,432989946.8637524,-10094.1,1129.9,6988.8,0
2026-04-01T19:51:18.336986+00:00,191.70,16.26,191.7,16.26,-77.8,432989946.8637524,-10098.2,1133.1,6991.6,0
2026-04-01T19:51:18.828772+00:00,191.71,16.19,191.71,16.19,-77.8,432989946.8637524,-10102.1,1136.2,6994.3,0
2026-04-01T19:51:19.271442+00:00,191.72,16.11,191.72,16.11,-77.8,432989946.8637524,-10106.3,1139.7,6997.2,0
2026-04-01T19:51:19.783255+00:00,191.72,16.02,191.72,16.02,-77.8,432989891.41774476,-10110.6,1143.2,7000.2,0
2026-04-01T19:51:20.271488+00:00,191.73,15.94,191.73,15.94,-77.8,432989891.41774476,-10114.8,1146.7,7003.1,0
2026-04-01T19:51:20.720049+00:00,191.74,15.87,191.74,15.87,-77.8,432989891.41774476,-10118.6,1149.8,7005.7,0
2026-04-01T19:51:21.207451+00:00,191.75,15.79,191.75,15.79,-77.8,432989891.41774476,-10122.3,1152.9,7008.3,0
2026-04-01T19:51:21.655458+00:00,191.76,15.71,191.76,15.71,-77.8,432989891.41774476,-10126.3,1156.4,7011.1,0
2026-04-01T19:51:22.099461+00:00,191.76,15.64,191.76,15.64,-77.8,432989891.41774476,-10130.0,1159.5,7013.6,0
2026-04-01T19:51:22.591481+00:00,191.77,15.56,191.77,15.56,-77.8,432989891.41774476,-10133.9,1162.9,7016.3,0
2026-04-01T19:51:23.044287+00:00,191.78,15.49,191.78,15.49,-77.8,432989891.41774476,-10137.5,1166.0,7018.8,0
2026-04-01T19:51:23.547416+00:00,191.79,15.42,191.79,15.42,-77.8,432989891.41774476,-10141.2,1169.3,7021.4,0
2026-04-01T19:51:23.995549+00:00,191.80,15.34,191.8,15.34,-77.8,432989891.41774476,-10145.0,1172.8,7024.0,0
2026-04-01T19:51:24.439940+00:00,191.80,15.27,191.8,15.27,-77.8,432989891.41774476,-10148.6,1175.9,7026.5,0
2026-04-01T19:51:24.931224+00:00,191.81,15.19,191.81,15.19,-77.8,432989891.41774476,-10152.3,1179.3,7029.0,0
2026-04-01T19:51:25.375757+00:00,191.82,15.12,191.82,15.12,-77.8,432989891.41774476,-10155.7,1182.5,7031.4,0
2026-04-01T19:51:25.867457+00:00,191.83,15.05,191.83,15.05,-77.8,432989891.41774476,-10159.1,1185.6,7033.8,0
2026-04-01T19:51:26.375746+00:00,191.83,14.97,191.83,14.97,-77.8,432989837.21013945,-10162.8,1189.1,7036.3,0
2026-04-01T19:51:26.863470+00:00,191.84,14.90,191.84,14.9,-77.8,432989837.21013945,-10166.6,1192.7,7038.9,0
2026-04-01T19:51:27.311553+00:00,191.85,14.82,191.85,14.82,-77.8,432989837.21013945,-10170.2,1196.1,7041.4,0
2026-04-01T19:51:27.755739+00:00,191.86,14.75,191.86,14.75,-77.8,432989837.21013945,-10173.4,1199.3,7043.7,0
2026-04-01T19:51:28.251245+00:00,191.86,14.68,191.86,14.68,-77.8,432989837.21013945,-10176.9,1202.7,7046.1,0
2026-04-01T19:51:28.715478+00:00,191.87,14.61,191.87,14.61,-77.8,432989837.21013945,-10180.3,1206.0,7048.4,0
2026-04-01T19:51:29.203194+00:00,191.88,14.54,191.88,14.54,-77.8,432989837.21013945,-10183.5,1209.1,7050.7,0
2026-04-01T19:51:29.652002+00:00,191.89,14.46,191.89,14.46,-77.8,432989837.21013945,-10187.0,1212.6,7053.1,0
2026-04-01T19:51:30.100925+00:00,191.89,14.40,191.89,14.4,-77.8,432989837.21013945,-10190.1,1215.8,7055.2,0
2026-04-01T19:51:30.587055+00:00,191.90,14.32,191.9,14.32,-77.8,432989837.21013945,-10193.5,1219.2,7057.6,0
2026-04-01T19:51:31.039502+00:00,191.91,14.26,191.91,14.26,-77.8,432989837.21013945,-10196.5,1222.4,7059.7,0
2026-04-01T19:51:31.527553+00:00,191.91,14.19,191.91,14.19,-77.8,432989837.21013945,-10199.6,1225.5,7061.8,0
2026-04-01T19:51:31.975444+00:00,191.92,14.12,191.92,14.12,-77.8,432989837.21013945,-10202.9,1229.0,7064.1,0
2026-04-01T19:51:32.424825+00:00,191.93,14.05,191.93,14.05,-77.8,432989837.21013945,-10205.9,1232.2,7066.1,0
2026-04-01T19:51:32.911485+00:00,191.94,13.98,191.94,13.98,-77.8,432989837.21013945,-10209.1,1235.6,7068.4,0
2026-04-01T19:51:33.359499+00:00,191.94,13.91,191.94,13.91,-77.8,432989837.21013945,-10212.0,1238.8,7070.4,0
2026-04-01T19:51:33.907534+00:00,191.95,13.85,191.95,13.85,-77.8,432989785.0907512,-10214.9,1241.9,7072.4,0
2026-04-01T19:51:34.351773+00:00,191.96,13.77,191.96,13.77,-77.8,432989785.0907512,-10218.5,1245.8,7074.9,0
2026-04-01T19:51:34.799251+00:00,191.96,13.71,191.96,13.71,-77.8,432989785.0907512,-10221.3,1249.0,7076.8,0
2026-04-01T19:51:35.287535+00:00,191.97,13.64,191.97,13.64,-77.8,432989785.0907512,-10224.4,1252.4,7079.0,0
2026-04-01T19:51:35.735772+00:00,191.98,13.57,191.98,13.57,-77.8,432989785.0907512,-10227.2,1255.6,7080.9,0
2026-04-01T19:51:36.223826+00:00,191.98,13.51,191.98,13.51,-77.8,432989785.0907512,-10230.0,1258.8,7082.8,0
2026-04-01T19:51:36.671517+00:00,191.99,13.44,191.99,13.44,-77.8,432989785.0907512,-10233.0,1262.2,7084.9,0
2026-04-01T19:51:37.119718+00:00,192.00,13.38,192.0,13.38,-77.8,432989785.0907512,-10235.7,1265.4,7086.8,0
2026-04-01T19:51:37.607670+00:00,192.01,13.31,192.01,13.31,-77.8,432989785.0907512,-10238.7,1268.9,7088.9,0
2026-04-01T19:51:38.055459+00:00,192.01,13.24,192.01,13.24,-77.8,432989785.0907512,-10241.3,1272.0,7090.7,0
2026-04-01T19:51:38.544191+00:00,192.02,13.18,192.02,13.18,-77.8,432989785.0907512,-10244.0,1275.2,7092.6,0
2026-04-01T19:51:38.992033+00:00,192.02,13.11,192.02,13.11,-77.8,432989785.0907512,-10246.9,1278.7,7094.5,0
2026-04-01T19:51:39.439831+00:00,192.03,13.05,192.03,13.05,-77.8,432989785.0907512,-10249.5,1281.8,7096.4,0
2026-04-01T19:51:39.931670+00:00,192.04,12.99,192.04,12.99,-77.8,432989785.0907512,-10252.3,1285.3,7098.3,0
2026-04-01T19:51:40.374606+00:00,192.04,12.92,192.04,12.92,-77.8,432989785.0907512,-10254.9,1288.5,7100.1,0
2026-04-01T19:51:40.858590+00:00,192.05,12.86,192.05,12.86,-77.8,432989785.0907512,-10257.4,1291.7,7101.9,0
2026-04-01T19:51:41.302599+00:00,192.06,12.80,192.06,12.8,-77.8,432989785.0907512,-10260.2,1295.1,7103.7,0
2026-04-01T19:51:41.747188+00:00,192.06,12.74,192.06,12.74,-77.8,432989785.0907512,-10262.6,1298.3,7105.5,0
2026-04-01T19:51:42.234599+00:00,192.07,12.67,192.07,12.67,-77.8,432989785.0907512,-10265.3,1301.7,7107.3,0
2026-04-01T19:51:42.738619+00:00,192.08,12.61,192.08,12.61,-77.8,432989732.241439,-10267.8,1304.9,7109.0,0
2026-04-01T19:51:43.226609+00:00,192.08,12.54,192.08,12.54,-77.8,432989732.241439,-10270.5,1308.5,7110.9,0
2026-04-01T19:51:43.673809+00:00,192.09,12.48,192.09,12.48,-77.8,432989732.241439,-10273.1,1311.9,7112.7,0
2026-04-01T19:51:44.134741+00:00,192.10,12.42,192.1,12.42,-77.8,432989732.241439,-10275.6,1315.2,7114.4,0
2026-04-01T19:51:44.618604+00:00,192.10,12.35,192.1,12.35,-77.8,432989732.241439,-10278.2,1318.7,7116.2,0
2026-04-01T19:51:45.067477+00:00,192.11,12.29,192.11,12.29,-77.8,432989732.241439,-10280.5,1321.9,7117.8,0
2026-04-01T19:51:45.555452+00:00,192.11,12.23,192.11,12.23,-77.8,432989732.241439,-10282.9,1325.0,7119.5,0
2026-04-01T19:51:46.003526+00:00,192.12,12.17,192.12,12.17,-77.8,432989732.241439,-10285.4,1328.5,7121.2,0
2026-04-01T19:51:46.447697+00:00,192.13,12.11,192.13,12.11,-77.8,432989732.241439,-10287.7,1331.7,7122.8,0
2026-04-01T19:51:46.939467+00:00,192.13,12.05,192.13,12.05,-77.8,432989732.241439,-10290.1,1335.2,7124.5,0
2026-04-01T19:51:47.388876+00:00,192.14,11.99,192.14,11.99,-77.8,432989732.241439,-10292.4,1338.4,7126.1,0
2026-04-01T19:51:47.875465+00:00,192.14,11.93,192.14,11.93,-77.8,432989732.241439,-10294.6,1341.6,7127.6,0
2026-04-01T19:51:48.323513+00:00,192.15,11.87,192.15,11.87,-77.8,432989732.241439,-10297.1,1345.0,7129.3,0
2026-04-01T19:51:48.771496+00:00,192.16,11.81,192.16,11.81,-77.8,432989732.241439,-10299.2,1348.2,7130.8,0
2026-04-01T19:51:49.259202+00:00,192.16,11.75,192.16,11.75,-77.8,432989732.241439,-10301.6,1351.7,7132.4,0
2026-04-01T19:51:49.708818+00:00,192.17,11.69,192.17,11.69,-77.8,432989732.241439,-10303.8,1354.9,7133.9,0
2026-04-01T19:51:50.195513+00:00,192.17,11.64,192.17,11.64,-77.8,432989732.241439,-10305.9,1358.1,7135.4,0
2026-04-01T19:51:50.640082+00:00,192.18,11.58,192.18,11.58,-77.8,432989732.241439,-10308.2,1361.6,7137.0,0
2026-04-01T19:51:51.087512+00:00,192.19,11.52,192.19,11.52,-77.8,432989732.241439,-10310.3,1364.8,7138.5,0
2026-04-01T19:51:51.579502+00:00,192.19,11.46,192.19,11.46,-77.8,432989732.241439,-10312.6,1368.2,7140.0,0
2026-04-01T19:51:52.027375+00:00,192.20,11.40,192.2,11.4,-77.8,432989732.241439,-10314.7,1371.5,7141.5,0
2026-04-01T19:51:52.515734+00:00,192.20,11.35,192.2,11.35,-77.8,432989732.241439,-10316.7,1374.6,7142.9,0
2026-04-01T19:51:53.023479+00:00,192.21,11.29,192.21,11.29,-77.8,432989681.07200974,-10318.9,1378.2,7144.4,0
2026-04-01T19:51:53.512236+00:00,192.22,11.22,192.22,11.22,-77.8,432989681.07200974,-10321.2,1381.8,7146.0,0
2026-04-01T19:51:53.959532+00:00,192.22,11.16,192.22,11.16,-77.8,432989681.07200974,-10323.4,1385.3,7147.5,0
2026-04-01T19:51:54.427723+00:00,192.23,11.11,192.23,11.11,-77.8,432989681.07200974,-10325.5,1388.6,7148.9,0
2026-04-01T19:51:54.915235+00:00,192.23,11.05,192.23,11.05,-77.8,432989681.07200974,-10327.6,1392.1,7150.4,0
2026-04-01T19:51:55.363689+00:00,192.24,10.99,192.24,10.99,-77.8,432989681.07200974,-10329.5,1395.3,7151.8,0
2026-04-01T19:51:55.855565+00:00,192.24,10.94,192.24,10.94,-77.8,432989681.07200974,-10331.5,1398.5,7153.1,0
2026-04-01T19:51:56.300018+00:00,192.25,10.88,192.25,10.88,-77.8,432989681.07200974,-10333.6,1402.0,7154.6,0
2026-04-01T19:51:56.748010+00:00,192.26,10.83,192.26,10.83,-77.8,432989681.07200974,-10335.4,1405.2,7155.9,0
2026-04-01T19:51:57.239174+00:00,192.26,10.77,192.26,10.77,-77.8,432989681.07200974,-10337.5,1408.7,7157.3,0
2026-04-01T19:51:57.688541+00:00,192.27,10.71,192.27,10.71,-77.8,432989681.07200974,-10339.3,1411.9,7158.6,0
2026-04-01T19:51:58.175850+00:00,192.27,10.66,192.27,10.66,-77.8,432989681.07200974,-10341.2,1415.1,7159.8,0
2026-04-01T19:51:58.623511+00:00,192.28,10.60,192.28,10.6,-77.8,432989681.07200974,-10343.2,1418.6,7161.2,0
2026-04-01T19:51:59.074892+00:00,192.28,10.55,192.28,10.55,-77.8,432989681.07200974,-10345.0,1421.9,7162.5,0
2026-04-01T19:51:59.579258+00:00,192.29,10.49,192.29,10.49,-77.8,432989681.07200974,-10347.1,1425.5,7163.9,0
2026-04-01T19:52:00.027550+00:00,192.30,10.44,192.3,10.44,-77.8,432989681.07200974,-10348.8,1428.7,7165.1,0
2026-04-01T19:52:00.515237+00:00,192.30,10.38,192.3,10.38,-77.8,432989681.07200974,-10350.6,1431.9,7166.4,0
2026-04-01T19:52:00.963463+00:00,192.31,10.33,192.31,10.33,-77.8,432989681.07200974,-10352.5,1435.4,7167.7,0
2026-04-01T19:52:01.407711+00:00,192.31,10.27,192.31,10.27,-77.8,432989681.07200974,-10354.2,1438.6,7168.9,0
2026-04-01T19:52:01.899466+00:00,192.32,10.22,192.32,10.22,-77.8,432989681.07200974,-10356.1,1442.1,7170.2,0
2026-04-01T19:52:02.348764+00:00,192.32,10.17,192.32,10.17,-77.8,432989681.07200974,-10357.8,1445.3,7171.4,0
2026-04-01T19:52:02.835200+00:00,192.33,10.11,192.33,10.11,-77.8,432989681.07200974,-10359.5,1448.5,7172.5,0
2026-04-01T19:52:03.284552+00:00,192.33,10.06,192.33,10.06,-77.8,432989681.07200974,-10361.3,1452.0,7173.8,0
2026-04-01T19:52:03.727457+00:00,192.34,10.01,192.34,10.01,-77.8,432989681.07200974,-10363.0,1455.3,7174.9,0
2026-04-01T19:52:04.215318+00:00,192.34,9.95,192.34,9.95,-77.8,432989681.07200974,-10364.8,1458.7,7176.2,0
2026-04-01T19:52:04.663741+00:00,192.35,9.90,192.35,9.9,-77.8,432989681.07200974,-10366.4,1462.0,7177.3,0
2026-04-01T19:52:05.152221+00:00,192.35,9.85,192.35,9.85,-77.8,432989681.07200974,-10368.1,1465.2,7178.4,0
2026-04-01T19:52:05.603502+00:00,192.36,9.80,192.36,9.8,-77.8,432989681.07200974,-10369.8,1468.7,7179.7,0
2026-04-01T19:52:06.107688+00:00,192.36,9.74,192.36,9.74,-77.8,432989629.22625476,-10371.6,1472.3,7180.9,0
2026-04-01T19:52:06.595421+00:00,192.37,9.68,192.37,9.68,-77.8,432989629.22625476,-10373.3,1475.8,7182.1,0
2026-04-01T19:52:07.043435+00:00,192.37,9.63,192.37,9.63,-77.8,432989629.22625476,-10374.9,1479.0,7183.2,0
2026-04-01T19:52:07.535477+00:00,192.38,9.58,192.38,9.58,-77.8,432989629.22625476,-10376.5,1482.3,7184.3,0
2026-04-01T19:52:07.984031+00:00,192.39,9.53,192.39,9.53,-77.8,432989629.22625476,-10378.1,1485.8,7185.4,0
2026-04-01T19:52:08.427961+00:00,192.39,9.48,192.39,9.48,-77.8,432989629.22625476,-10379.7,1489.0,7186.5,0
2026-04-01T19:52:08.920599+00:00,192.40,9.43,192.4,9.43,-77.8,432989629.22625476,-10381.3,1492.5,7187.6,0
2026-04-01T19:52:09.363429+00:00,192.40,9.38,192.4,9.38,-77.8,432989629.22625476,-10382.8,1495.7,7188.7,0
2026-04-01T19:52:09.851715+00:00,192.41,9.33,192.41,9.33,-77.8,432989629.22625476,-10384.3,1498.9,7189.7,0
2026-04-01T19:52:10.299575+00:00,192.41,9.28,192.41,9.28,-77.8,432989629.22625476,-10385.9,1502.4,7190.8,0
2026-04-01T19:52:10.751353+00:00,192.42,9.23,192.42,9.23,-77.8,432989629.22625476,-10387.4,1505.7,7191.8,0
2026-04-01T19:52:11.255185+00:00,192.42,9.17,192.42,9.17,-77.8,432989629.22625476,-10389.0,1509.3,7193.0,0
2026-04-01T19:52:11.703654+00:00,192.43,9.12,192.43,9.12,-77.8,432989629.22625476,-10390.4,1512.5,7193.9,0
2026-04-01T19:52:12.191697+00:00,192.43,9.08,192.43,9.08,-77.8,432989629.22625476,-10391.9,1515.8,7194.9,0
2026-04-01T19:52:12.639827+00:00,192.44,9.02,192.44,9.02,-77.8,432989629.22625476,-10393.4,1519.3,7196.0,0
2026-04-01T19:52:13.087441+00:00,192.44,8.98,192.44,8.98,-77.8,432989629.22625476,-10394.8,1522.5,7197.0,0
2026-04-01T19:52:13.580542+00:00,192.45,8.92,192.45,8.92,-77.8,432989629.22625476,-10396.3,1526.0,7198.0,0
2026-04-01T19:52:14.023987+00:00,192.45,8.88,192.45,8.88,-77.8,432989629.22625476,-10397.7,1529.3,7199.0,0
2026-04-01T19:52:14.515235+00:00,192.45,8.83,192.45,8.83,-77.8,432989629.22625476,-10399.1,1532.5,7199.9,0
2026-04-01T19:52:14.959605+00:00,192.46,8.78,192.46,8.78,-77.8,432989629.22625476,-10400.5,1536.0,7200.9,0
2026-04-01T19:52:15.407455+00:00,192.46,8.73,192.46,8.73,-77.8,432989629.22625476,-10401.9,1539.2,7201.9,0
2026-04-01T19:52:15.903491+00:00,192.47,8.68,192.47,8.68,-77.8,432989629.22625476,-10403.3,1542.7,7202.9,0
2026-04-01T19:52:16.368793+00:00,192.47,8.63,192.47,8.63,-77.8,432989629.22625476,-10404.7,1546.1,7203.8,0
2026-04-01T19:52:16.856519+00:00,192.48,8.58,192.48,8.58,-77.8,432989629.22625476,-10406.0,1549.3,7204.7,0
2026-04-01T19:52:17.303783+00:00,192.48,8.53,192.48,8.53,-77.8,432989629.22625476,-10407.4,1552.9,7205.7,0
2026-04-01T19:52:17.747664+00:00,192.49,8.48,192.49,8.48,-77.8,432989629.22625476,-10408.7,1556.1,7206.6,0
2026-04-01T19:52:18.239713+00:00,192.49,8.43,192.49,8.43,-77.8,432989629.22625476,-10410.1,1559.6,7207.6,0
2026-04-01T19:52:18.687464+00:00,192.50,8.39,192.5,8.39,-77.8,432989629.22625476,-10411.4,1562.8,7208.4,0
2026-04-01T19:52:19.175536+00:00,192.50,8.34,192.5,8.34,-77.8,432989629.22625476,-10412.6,1566.1,7209.3,0
2026-04-01T19:52:19.624261+00:00,192.51,8.29,192.51,8.29,-77.8,432989629.22625476,-10414.0,1569.6,7210.2,0
2026-04-01T19:52:20.067459+00:00,192.51,8.25,192.51,8.25,-77.8,432989629.22625476,-10415.2,1572.8,7211.1,0
2026-04-01T19:52:20.559083+00:00,192.52,8.20,192.52,8.2,-77.8,432989629.22625476,-10416.5,1576.3,7212.0,0
2026-04-01T19:52:21.011575+00:00,192.52,8.15,192.52,8.15,-77.8,432989629.22625476,-10417.7,1579.5,7212.8,0
2026-04-01T19:52:21.515251+00:00,192.53,8.10,192.53,8.1,-77.8,432989629.22625476,-10419.0,1582.9,7213.7,0
2026-04-01T19:52:21.963458+00:00,192.53,8.05,192.53,8.05,-77.8,432989629.22625476,-10420.3,1586.5,7214.6,0
2026-04-01T19:52:22.471647+00:00,192.54,8.01,192.54,8.01,-77.8,432989578.5377995,-10421.5,1589.7,7215.4,0
2026-04-01T19:52:22.959232+00:00,192.54,7.95,192.54,7.95,-77.8,432989578.5377995,-10422.9,1593.6,7216.4,0
2026-04-01T19:52:23.407680+00:00,192.54,7.91,192.54,7.91,-77.8,432989578.5377995,-10424.0,1596.9,7217.2,0
2026-04-01T19:52:23.895167+00:00,192.55,7.87,192.55,7.87,-77.8,432989578.5377995,-10425.2,1600.1,7218.0,0
2026-04-01T19:52:24.343559+00:00,192.55,7.82,192.55,7.82,-77.8,432989578.5377995,-10426.4,1603.6,7218.9,0
2026-04-01T19:52:24.792609+00:00,192.56,7.77,192.56,7.77,-77.8,432989578.5377995,-10427.5,1606.9,7219.6,0
2026-04-01T19:52:25.279455+00:00,192.56,7.72,192.56,7.72,-77.8,432989578.5377995,-10428.8,1610.4,7220.5,0
2026-04-01T19:52:25.727699+00:00,192.57,7.68,192.57,7.68,-77.8,432989578.5377995,-10429.9,1613.6,7221.2,0
2026-04-01T19:52:26.215461+00:00,192.57,7.64,192.57,7.64,-77.8,432989578.5377995,-10431.0,1616.9,7222.0,0
2026-04-01T19:52:26.663683+00:00,192.58,7.59,192.58,7.59,-77.8,432989578.5377995,-10432.1,1620.4,7222.8,0
2026-04-01T19:52:27.111889+00:00,192.58,7.54,192.58,7.54,-77.8,432989578.5377995,-10433.2,1623.6,7223.6,0
2026-04-01T19:52:27.599815+00:00,192.59,7.50,192.59,7.5,-77.8,432989578.5377995,-10434.4,1627.2,7224.4,0
2026-04-01T19:52:28.047098+00:00,192.59,7.45,192.59,7.45,-77.8,432989578.5377995,-10435.4,1630.4,7225.1,0
2026-04-01T19:52:28.536202+00:00,192.59,7.41,192.59,7.41,-77.8,432989578.5377995,-10436.5,1633.6,7225.8,0
2026-04-01T19:52:28.983439+00:00,192.60,7.36,192.6,7.36,-77.8,432989578.5377995,-10437.6,1637.1,7226.6,0
2026-04-01T19:52:29.431490+00:00,192.60,7.32,192.6,7.32,-77.8,432989578.5377995,-10438.6,1640.4,7227.3,0
2026-04-01T19:52:29.919672+00:00,192.61,7.27,192.61,7.27,-77.8,432989578.5377995,-10439.8,1643.9,7228.1,0
2026-04-01T19:52:30.367679+00:00,192.61,7.23,192.61,7.23,-77.8,432989578.5377995,-10440.8,1647.1,7228.8,0
2026-04-01T19:52:30.855653+00:00,192.62,7.19,192.62,7.19,-77.8,432989578.5377995,-10441.8,1650.4,7229.5,0
2026-04-01T19:52:31.306882+00:00,192.62,7.14,192.62,7.14,-77.8,432989578.5377995,-10442.9,1653.9,7230.2,0
2026-04-01T19:52:31.771475+00:00,192.62,7.10,192.62,7.1,-77.8,432989578.5377995,-10443.9,1657.3,7230.9,0
2026-04-01T19:52:32.259429+00:00,192.63,7.05,192.63,7.05,-77.8,432989578.5377995,-10445.0,1660.8,7231.7,0
2026-04-01T19:52:32.707434+00:00,192.63,7.01,192.63,7.01,-77.8,432989578.5377995,-10445.9,1664.1,7232.4,0
2026-04-01T19:52:33.197344+00:00,192.64,6.97,192.64,6.97,-77.8,432989578.5377995,-10446.9,1667.3,7233.0,0
2026-04-01T19:52:33.643127+00:00,192.64,6.92,192.64,6.92,-77.8,432989578.5377995,-10447.9,1670.8,7233.7,0
2026-04-01T19:52:34.091593+00:00,192.65,6.88,192.65,6.88,-77.8,432989578.5377995,-10448.9,1674.1,7234.4,0
2026-04-01T19:52:34.579507+00:00,192.65,6.83,192.65,6.83,-77.8,432989578.5377995,-10449.9,1677.6,7235.1,0
2026-04-01T19:52:35.022634+00:00,192.65,6.79,192.65,6.79,-77.8,432989578.5377995,-10450.8,1680.8,7235.7,0
2026-04-01T19:52:35.510673+00:00,192.66,6.75,192.66,6.75,-77.8,432989578.5377995,-10451.7,1684.1,7236.4,0
2026-04-01T19:52:35.954586+00:00,192.66,6.71,192.66,6.71,-77.8,432989578.5377995,-10452.7,1687.6,7237.0,0
2026-04-01T19:52:36.402299+00:00,192.67,6.66,192.67,6.66,-77.8,432989578.5377995,-10453.6,1690.8,7237.7,0
2026-04-01T19:52:36.886592+00:00,192.67,6.62,192.67,6.62,-77.8,432989578.5377995,-10454.6,1694.3,7238.3,0
2026-04-01T19:52:37.330601+00:00,192.67,6.58,192.67,6.58,-77.8,432989578.5377995,-10455.4,1697.5,7238.9,0
2026-04-01T19:52:37.814661+00:00,192.68,6.54,192.68,6.54,-77.8,432989578.5377995,-10456.3,1700.7,7239.5,0
2026-04-01T19:52:38.258634+00:00,192.68,6.49,192.68,6.49,-77.8,432989578.5377995,-10457.2,1704.3,7240.2,0
2026-04-01T19:52:38.707704+00:00,192.69,6.45,192.69,6.45,-77.8,432989578.5377995,-10458.1,1707.5,7240.8,0
2026-04-01T19:52:39.190669+00:00,192.69,6.41,192.69,6.41,-77.8,432989578.5377995,-10459.0,1711.0,7241.4,0
2026-04-01T19:52:39.635596+00:00,192.70,6.37,192.7,6.37,-77.8,432989578.5377995,-10459.9,1714.2,7242.0,0
2026-04-01T19:52:40.123970+00:00,192.70,6.33,192.7,6.33,-77.8,432989578.5377995,-10460.7,1717.5,7242.6,0
2026-04-01T19:52:40.571473+00:00,192.70,6.28,192.7,6.28,-77.8,432989578.5377995,-10461.6,1721.0,7243.2,0
2026-04-01T19:52:41.020409+00:00,192.71,6.24,192.71,6.24,-77.8,432989578.5377995,-10462.4,1724.2,7243.8,0
2026-04-01T19:52:41.511825+00:00,192.71,6.20,192.71,6.2,-77.8,432989578.5377995,-10463.3,1727.7,7244.4,0
2026-04-01T19:52:41.959721+00:00,192.72,6.16,192.72,6.16,-77.8,432989578.5377995,-10464.1,1731.0,7244.9,0
2026-04-01T19:52:42.447509+00:00,192.72,6.12,192.72,6.12,-77.8,432989578.5377995,-10464.9,1734.3,7245.5,0
2026-04-01T19:52:42.895498+00:00,192.72,6.08,192.72,6.08,-77.8,432989578.5377995,-10465.8,1737.8,7246.1,0
2026-04-01T19:52:43.343480+00:00,192.73,6.04,192.73,6.04,-77.8,432989578.5377995,-10466.6,1741.1,7246.6,0
2026-04-01T19:52:43.831493+00:00,192.73,5.99,192.73,5.99,-77.8,432989578.5377995,-10467.4,1744.6,7247.2,0
2026-04-01T19:52:44.280921+00:00,192.74,5.95,192.74,5.95,-77.8,432989578.5377995,-10468.2,1747.9,7247.8,0
2026-04-01T19:52:44.767380+00:00,192.74,5.92,192.74,5.92,-77.8,432989578.5377995,-10468.9,1751.1,7248.3,0
2026-04-01T19:52:45.216791+00:00,192.74,5.87,192.74,5.87,-77.8,432989578.5377995,-10469.8,1754.6,7248.9,0
2026-04-01T19:52:45.659756+00:00,192.75,5.83,192.75,5.83,-77.8,432989578.5377995,-10470.5,1757.9,7249.4,0
2026-04-01T19:52:46.152726+00:00,192.75,5.79,192.75,5.79,-77.8,432989578.5377995,-10471.3,1761.4,7249.9,0
2026-04-01T19:52:46.664614+00:00,192.76,5.75,192.76,5.75,-77.8,432989527.9607722,-10472.0,1764.7,7250.4,0
2026-04-01T19:52:47.167822+00:00,192.76,5.70,192.76,5.7,-77.8,432989527.9607722,-10473.0,1768.8,7251.1,0
2026-04-01T19:52:47.615184+00:00,192.76,5.66,192.76,5.66,-77.8,432989527.9607722,-10473.7,1772.0,7251.6,0
2026-04-01T19:52:48.103669+00:00,192.77,5.63,192.77,5.63,-77.8,432989527.9607722,-10474.4,1775.3,7252.1,0
2026-04-01T19:52:48.546711+00:00,192.77,5.58,192.77,5.58,-77.8,432989527.9607722,-10475.2,1778.8,7252.6,0
2026-04-01T19:52:48.993631+00:00,192.78,5.55,192.78,5.55,-77.8,432989527.9607722,-10475.8,1782.1,7253.1,0
2026-04-01T19:52:49.478609+00:00,192.78,5.50,192.78,5.5,-77.8,432989527.9607722,-10476.6,1785.6,7253.6,0
2026-04-01T19:52:49.922687+00:00,192.78,5.47,192.78,5.47,-77.8,432989527.9607722,-10477.3,1788.8,7254.1,0
2026-04-01T19:52:50.406595+00:00,192.79,5.43,192.79,5.43,-77.8,432989527.9607722,-10477.9,1792.0,7254.5,0
2026-04-01T19:52:50.850584+00:00,192.79,5.39,192.79,5.39,-77.8,432989527.9607722,-10478.7,1795.5,7255.0,0
2026-04-01T19:52:51.294973+00:00,192.79,5.35,192.79,5.35,-77.8,432989527.9607722,-10479.3,1798.8,7255.5,0
2026-04-01T19:52:51.786918+00:00,192.80,5.31,192.8,5.31,-77.8,432989527.9607722,-10480.0,1802.3,7256.0,0
2026-04-01T19:52:52.246594+00:00,192.80,5.27,192.8,5.27,-77.8,432989527.9607722,-10480.7,1805.6,7256.4,0
2026-04-01T19:52:52.730601+00:00,192.81,5.23,192.81,5.23,-77.8,432989527.9607722,-10481.3,1808.9,7256.9,0
2026-04-01T19:52:53.175040+00:00,192.81,5.19,192.81,5.19,-77.8,432989527.9607722,-10482.0,1812.4,7257.4,0
2026-04-01T19:52:53.627974+00:00,192.81,5.15,192.81,5.15,-77.8,432989527.9607722,-10482.7,1815.6,7257.8,0
2026-04-01T19:52:54.115458+00:00,192.82,5.11,192.82,5.11,-77.8,432989527.9607722,-10483.4,1819.2,7258.3,0
2026-04-01T19:52:54.563025+00:00,192.82,5.08,192.82,5.08,-77.8,432989527.9607722,-10484.0,1822.5,7258.7,0
2026-04-01T19:52:55.050615+00:00,192.82,5.04,192.82,5.04,-77.8,432989527.9607722,-10484.6,1825.7,7259.1,0
2026-04-01T19:52:55.494681+00:00,192.83,5.00,192.83,5.0,-77.8,432989527.9607722,-10485.2,1829.2,7259.6,0
2026-04-01T19:52:55.938868+00:00,192.83,4.96,192.83,4.96,-77.8,432989527.9607722,-10485.8,1832.5,7260.0,0
2026-04-01T19:52:56.422715+00:00,192.84,4.92,192.84,4.92,-77.8,432989527.9607722,-10486.5,1836.0,7260.4,0
2026-04-01T19:52:56.870319+00:00,192.84,4.88,192.84,4.88,-77.8,432989527.9607722,-10487.1,1839.2,7260.8,0
2026-04-01T19:52:57.354591+00:00,192.84,4.85,192.84,4.85,-77.8,432989527.9607722,-10487.6,1842.4,7261.2,0
2026-04-01T19:52:57.797570+00:00,192.85,4.81,192.85,4.81,-77.8,432989527.9607722,-10488.3,1846.0,7261.7,0
2026-04-01T19:52:58.242604+00:00,192.85,4.77,192.85,4.77,-77.8,432989527.9607722,-10488.8,1849.2,7262.1,0
2026-04-01T19:52:58.730595+00:00,192.85,4.73,192.85,4.73,-77.8,432989527.9607722,-10489.4,1852.7,7262.5,0
2026-04-01T19:52:59.174650+00:00,192.86,4.70,192.86,4.7,-77.8,432989527.9607722,-10490.0,1855.9,7262.9,0
2026-04-01T19:52:59.658594+00:00,192.86,4.66,192.86,4.66,-77.8,432989527.9607722,-10490.5,1859.2,7263.2,0
2026-04-01T19:53:00.103723+00:00,192.86,4.62,192.86,4.62,-77.8,432989527.9607722,-10491.1,1862.7,7263.7,0
2026-04-01T19:53:00.551485+00:00,192.87,4.59,192.87,4.59,-77.8,432989527.9607722,-10491.7,1865.9,7264.0,0
2026-04-01T19:53:01.039260+00:00,192.87,4.55,192.87,4.55,-77.8,432989527.9607722,-10492.3,1869.5,7264.4,0
2026-04-01T19:53:01.487480+00:00,192.88,4.51,192.88,4.51,-77.8,432989527.9607722,-10492.8,1872.7,7264.8,0
2026-04-01T19:53:01.975667+00:00,192.88,4.48,192.88,4.48,-77.8,432989527.9607722,-10493.3,1876.0,7265.2,0
2026-04-01T19:53:02.423735+00:00,192.88,4.44,192.88,4.44,-77.8,432989527.9607722,-10493.9,1879.5,7265.6,0
2026-04-01T19:53:02.871492+00:00,192.89,4.40,192.89,4.4,-77.8,432989527.9607722,-10494.4,1882.8,7265.9,0
2026-04-01T19:53:03.360877+00:00,192.89,4.36,192.89,4.36,-77.8,432989527.9607722,-10494.9,1886.3,7266.3,0
2026-04-01T19:53:03.808634+00:00,192.89,4.33,192.89,4.33,-77.8,432989527.9607722,-10495.4,1889.6,7266.6,0
2026-04-01T19:53:04.299770+00:00,192.90,4.29,192.9,4.29,-77.8,432989527.9607722,-10495.9,1892.8,7267.0,0
2026-04-01T19:53:04.747196+00:00,192.90,4.25,192.9,4.25,-77.8,432989527.9607722,-10496.5,1896.4,7267.4,0
2026-04-01T19:53:05.195501+00:00,192.90,4.22,192.9,4.22,-77.8,432989527.9607722,-10497.0,1899.7,7267.7,0
2026-04-01T19:53:05.683591+00:00,192.91,4.18,192.91,4.18,-77.8,432989527.9607722,-10497.5,1903.2,7268.1,0
2026-04-01T19:53:06.131543+00:00,192.91,4.14,192.91,4.14,-77.8,432989527.9607722,-10498.0,1906.5,7268.4,0
2026-04-01T19:53:06.619442+00:00,192.91,4.11,192.91,4.11,-77.8,432989527.9607722,-10498.4,1909.7,7268.7,0
2026-04-01T19:53:07.075459+00:00,192.92,4.07,192.92,4.07,-77.8,432989527.9607722,-10498.9,1913.3,7269.1,0
2026-04-01T19:53:07.539468+00:00,192.92,4.04,192.92,4.04,-77.8,432989527.9607722,-10499.4,1916.7,7269.4,0
2026-04-01T19:53:08.027438+00:00,192.93,4.00,192.93,4.0,-77.8,432989527.9607722,-10499.9,1920.3,7269.7,0
2026-04-01T19:53:08.475629+00:00,192.93,3.96,192.93,3.96,-77.8,432989527.9607722,-10500.4,1923.5,7270.0,0
2026-04-01T19:53:08.963738+00:00,192.93,3.93,192.93,3.93,-77.8,432989527.9607722,-10500.8,1926.8,7270.3,0
2026-04-01T19:53:09.411495+00:00,192.94,3.89,192.94,3.89,-77.8,432989527.9607722,-10501.3,1930.3,7270.7,0
2026-04-01T19:53:09.859608+00:00,192.94,3.86,192.94,3.86,-77.8,432989527.9607722,-10501.7,1933.6,7271.0,0
                                                                                                                                                                                                                                                                                                                                                                                                                                                                                                                                                                                                                                                                                                                                                                                                                                                                                                                                                                                                                                                                                                                                                                                                                                                                                                                               