t,az_cmd,el_cmd,az_act,el_act,rssi,freq_hz,doppler_hz,range_km,range_rate,packets
2026-04-09T09:14:32.746506+00:00,139.74,0.00,139.74,0.0,-98.8,437332172.1021408,9672.1,3113.7,-6630.4,0
2026-04-09T09:14:33.109527+00:00,139.72,0.03,139.72,0.03,-101.8,437332172.1021408,9671.4,3110.6,-6629.9,0
2026-04-09T09:14:33.473505+00:00,139.71,0.04,139.71,0.04,-106.8,437332172.1021408,9670.8,3108.2,-6629.5,0
2026-04-09T09:14:33.877541+00:00,139.70,0.06,139.7,0.06,-103.8,437332172.1021408,9670.2,3105.5,-6629.1,0
2026-04-09T09:14:34.241777+00:00,139.68,0.08,139.68,0.08,-104.8,437332172.1021408,9669.7,3103.1,-6628.7,0
2026-04-09T09:14:34.605493+00:00,139.67,0.10,139.67,0.1,-102.8,437332172.1021408,9669.1,3100.7,-6628.3,0
2026-04-09T09:14:35.009510+00:00,139.66,0.12,139.66,0.12,-106.8,437332172.1021408,9668.5,3098.0,-6627.9,0
2026-04-09T09:14:35.373513+00:00,139.64,0.14,139.64,0.14,-102.8,437332172.1021408,9667.9,3095.6,-6627.5,0
2026-04-09T09:14:35.737640+00:00,139.63,0.15,139.63,0.15,-105.8,437332172.1021408,9667.3,3093.2,-6627.1,0
2026-04-09T09:14:36.146835+00:00,139.61,0.17,139.61,0.17,-106.8,437332172.1021408,9666.7,3090.5,-6626.7,0
2026-04-09T09:14:36.511000+00:00,139.60,0.19,139.6,0.19,-103.8,437332172.1021408,9666.1,3088.0,-6626.3,0
2026-04-09T09:14:36.878830+00:00,139.59,0.21,139.59,0.21,-101.8,437332172.1021408,9665.5,3085.6,-6625.9,0
2026-04-09T09:14:37.287058+00:00,139.57,0.23,139.57,0.23,-101.8,437332172.1021408,9664.8,3082.9,-6625.4,0
2026-04-09T09:14:37.655110+00:00,139.56,0.25,139.56,0.25,-104.8,437332172.1021408,9664.3,3080.5,-6625.0,0
2026-04-09T09:14:38.021516+00:00,139.55,0.27,139.55,0.27,-98.8,437332172.1021408,9663.7,3078.0,-6624.6,0
2026-04-09T09:14:38.425509+00:00,139.53,0.29,139.53,0.29,-101.8,437332172.1021408,9663.0,3075.4,-6624.2,0
2026-04-09T09:14:38.789920+00:00,139.52,0.31,139.52,0.31,-106.8,437332172.1021408,9662.4,3073.0,-6623.7,0
2026-04-09T09:14:39.153475+00:00,139.51,0.32,139.51,0.32,-101.8,437332172.1021408,9661.8,3070.5,-6623.3,0
2026-04-09T09:14:39.557462+00:00,139.49,0.34,139.49,0.34,-101.8,437332172.1021408,9661.1,3067.9,-6622.9,0
2026-04-09T09:14:39.921479+00:00,139.48,0.36,139.48,0.36,-101.8,437332172.1021408,9660.5,3065.5,-6622.5,0
2026-04-09T09:14:40.285510+00:00,139.46,0.38,139.46,0.38,-103.8,437332172.1021408,9659.9,3063.0,-6622.0,0
2026-04-09T09:14:40.689478+00:00,139.45,0.40,139.45,0.4,-105.8,437332172.1021408,9659.2,3060.4,-6621.6,0
2026-04-09T09:14:41.053490+00:00,139.44,0.42,139.44,0.42,-107.8,437332172.1021408,9658.6,3057.9,-6621.1,0
2026-04-09T09:14:41.417619+00:00,139.42,0.44,139.42,0.44,-107.8,437332172.1021408,9658.0,3055.5,-6620.7,0
2026-04-09T09:14:41.821531+00:00,139.41,0.46,139.41,0.46,-101.8,437332172.1021408,9657.3,3052.9,-6620.2,0
2026-04-09T09:14:42.186182+00:00,139.39,0.48,139.39,0.48,-103.8,437332172.1021408,9656.7,3050.4,-6619.8,0
2026-04-09T09:14:42.549555+00:00,139.38,0.50,139.38,0.5,-98.8,437332172.1021408,9656.0,3048.0,-6619.4,0
2026-04-09T09:14:42.958554+00:00,139.37,0.52,139.37,0.52,-104.8,437332172.1021408,9655.3,3045.4,-6618.9,0
2026-04-09T09:14:43.322548+00:00,139.35,0.54,139.35,0.54,-102.8,437332172.1021408,9654.7,3042.9,-6618.5,0
2026-04-09T09:14:43.690330+00:00,139.34,0.56,139.34,0.56,-102.8,437332172.1021408,9654.1,3040.5,-6618.0,0
2026-04-09T09:14:44.098525+00:00,139.32,0.58,139.32,0.58,-103.8,437332172.1021408,9653.3,3037.8,-6617.5,0
2026-04-09T09:14:44.461488+00:00,139.31,0.60,139.31,0.6,-101.8,437332172.1021408,9652.7,3035.4,-6617.1,0
2026-04-09T09:14:44.825557+00:00,139.30,0.62,139.3,0.62,-101.8,437332172.1021408,9652.0,3033.0,-6616.7,0
2026-04-09T09:14:45.229512+00:00,139.28,0.64,139.28,0.64,-101.8,437332172.1021408,9651.3,3030.3,-6616.1,0
2026-04-09T09:14:45.593483+00:00,139.27,0.66,139.27,0.66,-101.8,437332172.1021408,9650.7,3027.9,-6615.7,0
2026-04-09T09:14:45.957468+00:00,139.25,0.67,139.25,0.67,-103.8,437332172.1021408,9650.0,3025.5,-6615.3,0
2026-04-09T09:14:46.361919+00:00,139.24,0.70,139.24,0.7,-102.8,437332172.1021408,9649.3,3022.8,-6614.7,0
2026-04-09T09:14:46.725580+00:00,139.22,0.71,139.22,0.71,-102.8,437332172.1021408,9648.6,3020.4,-6614.3,0
2026-04-09T09:14:47.088518+00:00,139.21,0.73,139.21,0.73,-101.8,437332172.1021408,9647.9,3018.0,-6613.8,0
2026-04-09T09:14:47.493494+00:00,139.20,0.76,139.2,0.76,-103.8,437332172.1021408,9647.2,3015.3,-6613.3,0
2026-04-09T09:14:47.857504+00:00,139.18,0.77,139.18,0.77,-97.8,437332172.1021408,9646.5,3012.9,-6612.9,0
2026-04-09T09:14:48.221596+00:00,139.17,0.79,139.17,0.79,-101.8,437332172.1021408,9645.8,3010.5,-6612.4,0
2026-04-09T09:14:48.629584+00:00,139.15,0.82,139.15,0.82,-103.8,437332172.1021408,9645.1,3007.8,-6611.9,0
2026-04-09T09:14:48.993495+00:00,139.14,0.83,139.14,0.83,-98.8,437332172.1021408,9644.4,3005.4,-6611.4,0
2026-04-09T09:14:49.358863+00:00,139.12,0.85,139.12,0.85,-104.8,437332172.1021408,9643.7,3003.0,-6610.9,0
2026-04-09T09:14:49.766617+00:00,139.11,0.88,139.11,0.88,-102.8,437332172.1021408,9643.0,3000.3,-6610.4,0
2026-04-09T09:14:50.130648+00:00,139.10,0.90,139.1,0.9,-106.8,437332172.1021408,9642.2,2997.9,-6609.9,0
2026-04-09T09:14:50.498826+00:00,139.08,0.92,139.08,0.92,-105.8,437332172.1021408,9641.5,2995.5,-6609.5,0
2026-04-09T09:14:50.906918+00:00,139.07,0.94,139.07,0.94,-99.8,437332172.1021408,9640.8,2992.8,-6608.9,0
2026-04-09T09:14:51.270672+00:00,139.05,0.96,139.05,0.96,-100.8,437332172.1021408,9640.1,2990.4,-6608.4,0
2026-04-09T09:14:51.639515+00:00,139.04,0.98,139.04,0.98,-101.8,437332172.1021408,9639.3,2988.0,-6607.9,0
2026-04-09T09:14:52.046330+00:00,139.02,1.00,139.02,1.0,-103.8,437332172.1021408,9638.5,2985.3,-6607.4,0
2026-04-09T09:14:52.410674+00:00,139.01,1.02,139.01,1.02,-106.8,437332172.1021408,9637.8,2982.8,-6606.9,0
2026-04-09T09:14:52.778521+00:00,138.99,1.04,138.99,1.04,-102.8,437332172.1021408,9637.1,2980.4,-6606.4,0
2026-04-09T09:14:53.186859+00:00,138.98,1.06,138.98,1.06,-106.8,437332172.1021408,9636.3,2977.7,-6605.9,0
2026-04-09T09:14:53.555069+00:00,138.96,1.08,138.96,1.08,-105.8,437332172.1021408,9635.6,2975.3,-6605.4,0
2026-04-09T09:14:53.922401+00:00,138.95,1.10,138.95,1.1,-103.8,437332172.1021408,9634.8,2972.9,-6604.9,0
2026-04-09T09:14:54.326368+00:00,138.93,1.12,138.93,1.12,-100.8,437332172.1021408,9634.0,2970.2,-6604.3,0
2026-04-09T09:14:54.694545+00:00,138.92,1.14,138.92,1.14,-102.8,437332172.1021408,9633.3,2967.8,-6603.8,0
2026-04-09T09:14:55.063778+00:00,138.90,1.16,138.9,1.16,-103.8,437332172.1021408,9632.5,2965.3,-6603.3,0
2026-04-09T09:14:55.466950+00:00,138.89,1.19,138.89,1.19,-104.8,437332172.1021408,9631.7,2962.7,-6602.7,0
2026-04-09T09:14:55.834834+00:00,138.87,1.21,138.87,1.21,-103.8,437332172.1021408,9631.0,2960.2,-6602.2,0
2026-04-09T09:14:56.203613+00:00,138.86,1.23,138.86,1.23,-105.8,437332172.1021408,9630.2,2957.8,-6601.7,0
2026-04-09T09:14:56.606820+00:00,138.84,1.25,138.84,1.25,-101.8,437332172.1021408,9629.4,2955.1,-6601.1,0
2026-04-09T09:14:56.974543+00:00,138.83,1.27,138.83,1.27,-107.8,437332172.1021408,9628.6,2952.7,-6600.6,0
2026-04-09T09:14:57.343226+00:00,138.81,1.29,138.81,1.29,-100.8,437332172.1021408,9627.8,2950.3,-6600.1,0
2026-04-09T09:14:57.750540+00:00,138.80,1.31,138.8,1.31,-103.8,437332172.1021408,9627.0,2947.6,-6599.5,0
2026-04-09T09:14:58.114587+00:00,138.78,1.33,138.78,1.33,-104.8,437332172.1021408,9626.2,2945.2,-6598.9,0
2026-04-09T09:14:58.483893+00:00,138.77,1.35,138.77,1.35,-103.8,437332172.1021408,9625.4,2942.8,-6598.4,0
2026-04-09T09:14:58.890901+00:00,138.75,1.38,138.75,1.38,-101.8,437332172.1021408,9624.6,2940.1,-6597.8,0
2026-04-09T09:14:59.254411+00:00,138.74,1.40,138.74,1.4,-102.8,437332172.1021408,9623.8,2937.7,-6597.3,0
2026-04-09T09:14:59.622419+00:00,138.72,1.42,138.72,1.42,-100.8,437332172.1021408,9623.0,2935.2,-6596.7,0
2026-04-09T09:15:00.030794+00:00,138.71,1.44,138.71,1.44,-104.8,437332172.1021408,9622.1,2932.5,-6596.1,0
2026-04-09T09:15:00.399413+00:00,138.69,1.46,138.69,1.46,-105.8,437332172.1021408,9621.3,2930.1,-6595.6,0
2026-04-09T09:15:00.822600+00:00,138.67,1.48,138.67,1.48,-102.8,437332120.8435737,9620.4,2927.3,-6595.0,0
2026-04-09T09:15:01.232327+00:00,138.66,1.51,138.66,1.51,-103.8,437332120.8435737,9619.5,2924.6,-6594.4,0
2026-04-09T09:15:01.598561+00:00,138.64,1.53,138.64,1.53,-100.8,437332120.8435737,9618.7,2922.2,-6593.8,0
2026-04-09T09:15:01.966355+00:00,138.63,1.55,138.63,1.55,-101.8,437332120.8435737,9617.9,2919.8,-6593.2,0
2026-04-09T09:15:02.374594+00:00,138.61,1.57,138.61,1.57,-104.8,437332120.8435737,9617.0,2917.1,-6592.6,0
2026-04-09T09:15:02.739087+00:00,138.60,1.59,138.6,1.59,-106.8,437332120.8435737,9616.2,2914.7,-6592.1,0
2026-04-09T09:15:03.106523+00:00,138.58,1.61,138.58,1.61,-105.8,437332120.8435737,9615.4,2912.3,-6591.5,0
2026-04-09T09:15:03.514899+00:00,138.56,1.64,138.56,1.64,-106.8,437332120.8435737,9614.5,2909.6,-6590.9,0
2026-04-09T09:15:03.878536+00:00,138.55,1.66,138.55,1.66,-109.8,437332120.8435737,9613.6,2907.2,-6590.3,0
2026-04-09T09:15:04.247001+00:00,138.53,1.68,138.53,1.68,-105.8,437332120.8435737,9612.8,2904.8,-6589.7,0
2026-04-09T09:15:04.655017+00:00,138.52,1.70,138.52,1.7,-101.8,437332120.8435737,9611.9,2902.1,-6589.1,0
2026-04-09T09:15:05.018416+00:00,138.50,1.72,138.5,1.72,-103.8,437332120.8435737,9611.0,2899.6,-6588.5,0
2026-04-09T09:15:05.386906+00:00,138.49,1.75,138.49,1.75,-103.8,437332120.8435737,9610.2,2897.2,-6588.0,0
2026-04-09T09:15:05.794766+00:00,138.47,1.77,138.47,1.77,-103.8,437332120.8435737,9609.3,2894.6,-6587.3,0
2026-04-09T09:15:06.158820+00:00,138.46,1.79,138.46,1.79,-107.8,437332120.8435737,9608.4,2892.1,-6586.7,0
2026-04-09T09:15:06.526823+00:00,138.44,1.81,138.44,1.81,-103.8,437332120.8435737,9607.6,2889.7,-6586.2,0
2026-04-09T09:15:06.933496+00:00,138.42,1.83,138.42,1.83,-100.8,437332120.8435737,9606.6,2887.0,-6585.5,0
2026-04-09T09:15:07.297657+00:00,138.41,1.86,138.41,1.86,-101.8,437332120.8435737,9605.7,2884.6,-6584.9,0
2026-04-09T09:15:07.661622+00:00,138.39,1.88,138.39,1.88,-101.8,437332120.8435737,9604.9,2882.3,-6584.3,0
2026-04-09T09:15:08.065474+00:00,138.38,1.90,138.38,1.9,-100.8,437332120.8435737,9603.9,2879.6,-6583.7,0
2026-04-09T09:15:08.429512+00:00,138.36,1.92,138.36,1.92,-100.8,437332120.8435737,9603.1,2877.2,-6583.1,0
2026-04-09T09:15:08.793875+00:00,138.35,1.94,138.35,1.94,-101.8,437332120.8435737,9602.2,2874.8,-6582.5,0
2026-04-09T09:15:09.197506+00:00,138.33,1.97,138.33,1.97,-102.8,437332120.8435737,9601.2,2872.1,-6581.8,0
2026-04-09T09:15:09.561512+00:00,138.31,1.99,138.31,1.99,-100.8,437332120.8435737,9600.3,2869.7,-6581.2,0
2026-04-09T09:15:09.925517+00:00,138.30,2.01,138.3,2.01,-101.8,437332120.8435737,9599.5,2867.3,-6580.6,0
2026-04-09T09:15:10.329508+00:00,138.28,2.03,138.28,2.03,-106.8,437332120.8435737,9598.5,2864.7,-6579.9,0
2026-04-09T09:15:10.694097+00:00,138.27,2.05,138.27,2.05,-104.8,437332120.8435737,9597.6,2862.3,-6579.3,0
2026-04-09T09:15:11.057492+00:00,138.25,2.08,138.25,2.08,-103.8,437332120.8435737,9596.7,2859.9,-6578.7,0
2026-04-09T09:15:11.461472+00:00,138.23,2.10,138.23,2.1,-101.8,437332120.8435737,9595.7,2857.2,-6578.0,0
2026-04-09T09:15:11.831745+00:00,138.22,2.12,138.22,2.12,-103.8,437332120.8435737,9594.8,2854.8,-6577.4,0
2026-04-09T09:15:12.194829+00:00,138.20,2.14,138.2,2.14,-105.8,437332120.8435737,9593.9,2852.4,-6576.8,0
2026-04-09T09:15:12.602554+00:00,138.18,2.17,138.18,2.17,-103.8,437332120.8435737,9592.9,2849.7,-6576.1,0
2026-04-09T09:15:12.970529+00:00,138.17,2.19,138.17,2.19,-107.8,437332120.8435737,9592.0,2847.3,-6575.5,0
2026-04-09T09:15:13.334131+00:00,138.15,2.21,138.15,2.21,-103.8,437332120.8435737,9591.0,2844.9,-6574.8,0
2026-04-09T09:15:13.743330+00:00,138.14,2.24,138.14,2.24,-107.8,437332120.8435737,9590.0,2842.2,-6574.1,0
2026-04-09T09:15:14.112408+00:00,138.12,2.26,138.12,2.26,-100.8,437332120.8435737,9589.1,2839.8,-6573.5,0
2026-04-09T09:15:14.474331+00:00,138.10,2.28,138.1,2.28,-104.8,437332120.8435737,9588.1,2837.4,-6572.8,0
2026-04-09T09:15:14.882565+00:00,138.09,2.30,138.09,2.3,-103.8,437332120.8435737,9587.1,2834.8,-6572.1,0
2026-04-09T09:15:15.250987+00:00,138.07,2.33,138.07,2.33,-105.8,437332120.8435737,9586.1,2832.3,-6571.5,0
2026-04-09T09:15:15.614829+00:00,138.05,2.35,138.05,2.35,-107.8,437332120.8435737,9585.2,2829.9,-6570.8,0
2026-04-09T09:15:16.022852+00:00,138.04,2.37,138.04,2.37,-101.8,437332120.8435737,9584.1,2827.3,-6570.1,0
2026-04-09T09:15:16.389160+00:00,138.02,2.39,138.02,2.39,-104.8,437332120.8435737,9583.2,2824.8,-6569.4,0
2026-04-09T09:15:16.756734+00:00,138.00,2.42,138.0,2.42,-105.8,437332120.8435737,9582.2,2822.4,-6568.8,0
2026-04-09T09:15:17.166453+00:00,137.99,2.44,137.99,2.44,-107.8,437332120.8435737,9581.2,2819.8,-6568.1,0
2026-04-09T09:15:17.530929+00:00,137.97,2.46,137.97,2.46,-102.8,437332120.8435737,9580.2,2817.4,-6567.4,0
2026-04-09T09:15:17.899511+00:00,137.96,2.49,137.96,2.49,-107.8,437332120.8435737,9579.2,2814.9,-6566.7,0
2026-04-09T09:15:18.306479+00:00,137.94,2.51,137.94,2.51,-101.8,437332120.8435737,9578.1,2812.3,-6566.0,0
2026-04-09T09:15:18.675686+00:00,137.92,2.53,137.92,2.53,-103.8,437332120.8435737,9577.1,2809.8,-6565.3,0
2026-04-09T09:15:19.042541+00:00,137.90,2.55,137.9,2.55,-106.8,437332120.8435737,9576.2,2807.5,-6564.6,0
2026-04-09T09:15:19.451526+00:00,137.89,2.58,137.89,2.58,-106.8,437332120.8435737,9575.1,2804.8,-6563.9,0
2026-04-09T09:15:19.817975+00:00,137.87,2.60,137.87,2.6,-103.8,437332120.8435737,9574.1,2802.4,-6563.2,0
2026-04-09T09:15:20.184121+00:00,137.85,2.62,137.85,2.62,-104.8,437332120.8435737,9573.1,2799.9,-6562.5,0
2026-04-09T09:15:20.590573+00:00,137.84,2.65,137.84,2.65,-103.8,437332120.8435737,9572.0,2797.3,-6561.7,0
2026-04-09T09:15:20.955053+00:00,137.82,2.67,137.82,2.67,-106.8,437332120.8435737,9571.0,2794.9,-6561.1,0
2026-04-09T09:15:21.382352+00:00,137.80,2.70,137.8,2.7,-106.8,437332070.32577854,9569.8,2792.1,-6560.2,0
2026-04-09T09:15:21.790906+00:00,137.78,2.72,137.78,2.72,-101.8,437332070.32577854,9568.6,2789.4,-6559.5,0
2026-04-09T09:15:22.155138+00:00,137.77,2.75,137.77,2.75,-108.8,437332070.32577854,9567.6,2787.0,-6558.8,0
2026-04-09T09:15:22.522654+00:00,137.75,2.77,137.75,2.77,-106.8,437332070.32577854,9566.6,2784.6,-6558.1,0
2026-04-09T09:15:22.930265+00:00,137.73,2.79,137.73,2.79,-101.8,437332070.32577854,9565.5,2781.9,-6557.3,0
2026-04-09T09:15:23.299319+00:00,137.71,2.82,137.71,2.82,-106.8,437332070.32577854,9564.4,2779.5,-6556.6,0
2026-04-09T09:15:23.662551+00:00,137.70,2.84,137.7,2.84,-107.8,437332070.32577854,9563.4,2777.1,-6555.9,0
2026-04-09T09:15:24.070370+00:00,137.68,2.86,137.68,2.86,-105.8,437332070.32577854,9562.2,2774.4,-6555.1,0
2026-04-09T09:15:24.438581+00:00,137.66,2.89,137.66,2.89,-103.8,437332070.32577854,9561.2,2772.0,-6554.4,0
2026-04-09T09:15:24.802278+00:00,137.65,2.91,137.65,2.91,-105.8,437332070.32577854,9560.1,2769.6,-6553.6,0
2026-04-09T09:15:25.210897+00:00,137.63,2.93,137.63,2.93,-109.8,437332070.32577854,9559.0,2767.0,-6552.8,0
2026-04-09T09:15:25.578897+00:00,137.61,2.96,137.61,2.96,-103.8,437332070.32577854,9557.9,2764.6,-6552.1,0
2026-04-09T09:15:25.946839+00:00,137.59,2.98,137.59,2.98,-107.8,437332070.32577854,9556.8,2762.2,-6551.4,0
2026-04-09T09:15:26.349485+00:00,137.58,3.01,137.58,3.01,-104.8,437332070.32577854,9555.6,2759.5,-6550.6,0
2026-04-09T09:15:26.713566+00:00,137.56,3.03,137.56,3.03,-103.8,437332070.32577854,9554.6,2757.1,-6549.8,0
2026-04-09T09:15:27.077623+00:00,137.54,3.05,137.54,3.05,-105.8,437332070.32577854,9553.5,2754.7,-6549.1,0
2026-04-09T09:15:27.481582+00:00,137.52,3.08,137.52,3.08,-101.8,437332070.32577854,9552.3,2752.1,-6548.3,0
2026-04-09T09:15:27.845563+00:00,137.51,3.10,137.51,3.1,-106.8,437332070.32577854,9551.2,2749.7,-6547.5,0
2026-04-09T09:15:28.209525+00:00,137.49,3.12,137.49,3.12,-103.8,437332070.32577854,9550.2,2747.3,-6546.8,0
2026-04-09T09:15:28.618603+00:00,137.47,3.15,137.47,3.15,-103.8,437332070.32577854,9548.9,2744.7,-6546.0,0
2026-04-09T09:15:28.981482+00:00,137.45,3.17,137.45,3.17,-106.8,437332070.32577854,9547.9,2742.3,-6545.2,0
2026-04-09T09:15:29.346638+00:00,137.44,3.19,137.44,3.19,-101.8,437332070.32577854,9546.8,2739.9,-6544.5,0
2026-04-09T09:15:29.750198+00:00,137.42,3.22,137.42,3.22,-103.8,437332070.32577854,9545.5,2737.2,-6543.6,0
2026-04-09T09:15:30.117515+00:00,137.40,3.24,137.4,3.24,-103.8,437332070.32577854,9544.4,2734.9,-6542.9,0
2026-04-09T09:15:30.477587+00:00,137.38,3.27,137.38,3.27,-101.8,437332070.32577854,9543.3,2732.5,-6542.1,0
2026-04-09T09:15:30.881486+00:00,137.37,3.29,137.37,3.29,-101.8,437332070.32577854,9542.1,2729.8,-6541.3,0
2026-04-09T09:15:31.246569+00:00,137.35,3.31,137.35,3.31,-103.8,437332070.32577854,9541.0,2727.5,-6540.5,0
2026-04-09T09:15:31.610735+00:00,137.33,3.34,137.33,3.34,-105.8,437332070.32577854,9539.8,2725.1,-6539.7,0
2026-04-09T09:15:32.019096+00:00,137.31,3.36,137.31,3.36,-108.8,437332070.32577854,9538.6,2722.4,-6538.9,0
2026-04-09T09:15:32.386656+00:00,137.29,3.39,137.29,3.39,-101.8,437332070.32577854,9537.4,2720.0,-6538.1,0
2026-04-09T09:15:32.755908+00:00,137.28,3.41,137.28,3.41,-103.8,437332070.32577854,9536.3,2717.6,-6537.3,0
2026-04-09T09:15:33.162179+00:00,137.26,3.44,137.26,3.44,-101.8,437332070.32577854,9535.0,2715.0,-6536.4,0
2026-04-09T09:15:33.530551+00:00,137.24,3.46,137.24,3.46,-101.8,437332070.32577854,9533.8,2712.6,-6535.6,0
2026-04-09T09:15:33.899588+00:00,137.22,3.48,137.22,3.48,-107.8,437332070.32577854,9532.7,2710.1,-6534.8,0
2026-04-09T09:15:34.306412+00:00,137.20,3.51,137.2,3.51,-107.8,437332070.32577854,9531.4,2707.5,-6533.9,0
2026-04-09T09:15:34.674896+00:00,137.19,3.53,137.19,3.53,-107.8,437332070.32577854,9530.2,2705.1,-6533.1,0
2026-04-09T09:15:35.038614+00:00,137.17,3.56,137.17,3.56,-106.8,437332070.32577854,9529.0,2702.7,-6532.3,0
2026-04-09T09:15:35.446033+00:00,137.15,3.58,137.15,3.58,-104.8,437332070.32577854,9527.7,2700.0,-6531.4,0
2026-04-09T09:15:35.814784+00:00,137.13,3.61,137.13,3.61,-106.8,437332070.32577854,9526.5,2697.6,-6530.6,0
2026-04-09T09:15:36.181563+00:00,137.11,3.63,137.11,3.63,-102.8,437332070.32577854,9525.3,2695.2,-6529.8,0
2026-04-09T09:15:36.585486+00:00,137.09,3.66,137.09,3.66,-107.8,437332070.32577854,9524.0,2692.6,-6528.9,0
2026-04-09T09:15:36.949479+00:00,137.08,3.68,137.08,3.68,-101.8,437332070.32577854,9522.8,2690.2,-6528.1,0
2026-04-09T09:15:37.313476+00:00,137.06,3.70,137.06,3.7,-102.8,437332070.32577854,9521.6,2687.8,-6527.2,0
2026-04-09T09:15:37.781693+00:00,137.04,3.73,137.04,3.73,-101.8,437332020.28449905,9520.3,2685.1,-6526.3,0
2026-04-09T09:15:38.145472+00:00,137.02,3.76,137.02,3.76,-106.8,437332020.28449905,9518.9,2682.4,-6525.4,0
2026-04-09T09:15:38.510600+00:00,137.00,3.78,137.0,3.78,-102.8,437332020.28449905,9517.7,2680.0,-6524.5,0
2026-04-09T09:15:38.913768+00:00,136.98,3.81,136.98,3.81,-106.8,437332020.28449905,9516.3,2677.4,-6523.6,0
2026-04-09T09:15:39.278511+00:00,136.96,3.83,136.96,3.83,-103.8,437332020.28449905,9515.1,2675.0,-6522.8,0
2026-04-09T09:15:39.641534+00:00,136.94,3.86,136.94,3.86,-102.8,437332020.28449905,9513.9,2672.6,-6521.9,0
2026-04-09T09:15:40.045496+00:00,136.93,3.88,136.93,3.88,-104.8,437332020.28449905,9512.5,2670.0,-6521.0,0
2026-04-09T09:15:40.413913+00:00,136.91,3.91,136.91,3.91,-109.8,437332020.28449905,9511.3,2667.6,-6520.1,0
2026-04-09T09:15:40.773640+00:00,136.89,3.93,136.89,3.93,-102.8,437332020.28449905,9510.0,2665.2,-6519.3,0
2026-04-09T09:15:41.178552+00:00,136.87,3.96,136.87,3.96,-103.8,437332020.28449905,9508.6,2662.6,-6518.3,0
2026-04-09T09:15:41.542948+00:00,136.85,3.98,136.85,3.98,-107.8,437332020.28449905,9507.4,2660.2,-6517.5,0
2026-04-09T09:15:41.910181+00:00,136.83,4.00,136.83,4.0,-102.8,437332020.28449905,9506.1,2657.8,-6516.6,0
2026-04-09T09:15:42.318547+00:00,136.81,4.03,136.81,4.03,-106.8,437332020.28449905,9504.7,2655.2,-6515.6,0
2026-04-09T09:15:42.687905+00:00,136.79,4.06,136.79,4.06,-107.8,437332020.28449905,9503.4,2652.8,-6514.8,0
2026-04-09T09:15:43.050844+00:00,136.78,4.08,136.78,4.08,-109.8,437332020.28449905,9502.2,2650.4,-6513.9,0
2026-04-09T09:15:43.463955+00:00,136.76,4.11,136.76,4.11,-106.8,437332020.28449905,9500.7,2647.8,-6512.9,0
2026-04-09T09:15:43.826318+00:00,136.74,4.13,136.74,4.13,-106.8,437332020.28449905,9499.4,2645.4,-6512.0,0
2026-04-09T09:15:44.194564+00:00,136.72,4.16,136.72,4.16,-107.8,437332020.28449905,9498.1,2643.0,-6511.1,0
2026-04-09T09:15:44.603174+00:00,136.70,4.18,136.7,4.18,-106.8,437332020.28449905,9496.7,2640.3,-6510.1,0
2026-04-09T09:15:44.967141+00:00,136.68,4.21,136.68,4.21,-105.8,437332020.28449905,9495.4,2637.9,-6509.3,0
2026-04-09T09:15:45.334327+00:00,136.66,4.23,136.66,4.23,-107.8,437332020.28449905,9494.1,2635.5,-6508.4,0
2026-04-09T09:15:45.742862+00:00,136.64,4.26,136.64,4.26,-105.8,437332020.28449905,9492.6,2632.9,-6507.4,0
2026-04-09T09:15:46.110556+00:00,136.62,4.28,136.62,4.28,-103.8,437332020.28449905,9491.3,2630.5,-6506.4,0
2026-04-09T09:15:46.477516+00:00,136.60,4.31,136.6,4.31,-103.8,437332020.28449905,9489.9,2628.1,-6505.5,0
2026-04-09T09:15:46.881541+00:00,136.58,4.34,136.58,4.34,-103.8,437332020.28449905,9488.5,2625.5,-6504.5,0
2026-04-09T09:15:47.245624+00:00,136.56,4.36,136.56,4.36,-105.8,437332020.28449905,9487.2,2623.1,-6503.6,0
2026-04-09T09:15:47.610184+00:00,136.55,4.38,136.55,4.38,-110.8,437332020.28449905,9485.8,2620.7,-6502.7,0
2026-04-09T09:15:48.013542+00:00,136.52,4.41,136.52,4.41,-103.8,437332020.28449905,9484.3,2618.1,-6501.7,0
2026-04-09T09:15:48.382653+00:00,136.51,4.44,136.51,4.44,-105.8,437332020.28449905,9483.0,2615.7,-6500.7,0
2026-04-09T09:15:48.746356+00:00,136.49,4.46,136.49,4.46,-103.8,437332020.28449905,9481.6,2613.3,-6499.8,0
2026-04-09T09:15:49.149628+00:00,136.47,4.49,136.47,4.49,-101.8,437332020.28449905,9480.1,2610.7,-6498.8,0
2026-04-09T09:15:49.514134+00:00,136.45,4.51,136.45,4.51,-109.8,437332020.28449905,9478.8,2608.4,-6497.9,0
2026-04-09T09:15:49.877598+00:00,136.43,4.54,136.43,4.54,-106.8,437332020.28449905,9477.4,2606.0,-6496.9,0
2026-04-09T09:15:50.289706+00:00,136.41,4.56,136.41,4.56,-104.8,437332020.28449905,9475.8,2603.3,-6495.9,0
2026-04-09T09:15:50.657727+00:00,136.39,4.59,136.39,4.59,-109.8,437332020.28449905,9474.5,2600.9,-6494.9,0
2026-04-09T09:15:51.017500+00:00,136.37,4.61,136.37,4.61,-106.8,437332020.28449905,9473.1,2598.6,-6494.0,0
2026-04-09T09:15:51.421557+00:00,136.35,4.64,136.35,4.64,-108.8,437332020.28449905,9471.5,2596.0,-6492.9,0
2026-04-09T09:15:51.790670+00:00,136.33,4.67,136.33,4.67,-101.8,437332020.28449905,9470.1,2593.6,-6491.9,0
2026-04-09T09:15:52.214292+00:00,136.31,4.70,136.31,4.7,-104.8,437331969.2538618,9468.5,2590.8,-6490.8,0
2026-04-09T09:15:52.617537+00:00,136.28,4.72,136.28,4.72,-106.8,437331969.2538618,9466.9,2588.2,-6489.8,0
2026-04-09T09:15:52.981652+00:00,136.27,4.75,136.27,4.75,-103.8,437331969.2538618,9465.5,2585.8,-6488.8,0
2026-04-09T09:15:53.345622+00:00,136.25,4.77,136.25,4.77,-107.8,437331969.2538618,9464.1,2583.4,-6487.8,0
2026-04-09T09:15:53.753589+00:00,136.22,4.80,136.22,4.8,-104.8,437331969.2538618,9462.5,2580.8,-6486.7,0
2026-04-09T09:15:54.117527+00:00,136.21,4.83,136.21,4.83,-106.8,437331969.2538618,9461.1,2578.5,-6485.7,0
2026-04-09T09:15:54.481629+00:00,136.19,4.85,136.19,4.85,-105.8,437331969.2538618,9459.6,2576.1,-6484.8,0
2026-04-09T09:15:54.885515+00:00,136.16,4.88,136.16,4.88,-104.8,437331969.2538618,9458.0,2573.5,-6483.7,0
2026-04-09T09:15:55.249570+00:00,136.14,4.90,136.14,4.9,-106.8,437331969.2538618,9456.6,2571.1,-6482.7,0
2026-04-09T09:15:55.613660+00:00,136.13,4.93,136.13,4.93,-103.8,437331969.2538618,9455.1,2568.7,-6481.7,0
2026-04-09T09:15:56.021565+00:00,136.10,4.96,136.1,4.96,-103.8,437331969.2538618,9453.5,2566.1,-6480.6,0
2026-04-09T09:15:56.385810+00:00,136.08,4.98,136.08,4.98,-106.8,437331969.2538618,9452.1,2563.8,-6479.6,0
2026-04-09T09:15:56.749573+00:00,136.06,5.01,136.06,5.01,-105.8,437331969.2538618,9450.6,2561.4,-6478.6,0
2026-04-09T09:15:57.153491+00:00,136.04,5.03,136.04,5.03,-107.8,437331969.2538618,9449.0,2558.8,-6477.4,0
2026-04-09T09:15:57.517520+00:00,136.02,5.06,136.02,5.06,-107.8,437331969.2538618,9447.5,2556.4,-6476.4,0
2026-04-09T09:15:57.881498+00:00,136.00,5.09,136.0,5.09,-109.8,437331969.2538618,9446.0,2554.0,-6475.4,0
2026-04-09T09:15:58.290119+00:00,135.98,5.11,135.98,5.11,-107.8,437331969.2538618,9444.3,2551.4,-6474.3,0
2026-04-09T09:15:58.649597+00:00,135.96,5.14,135.96,5.14,-105.8,437331969.2538618,9442.8,2549.1,-6473.2,0
2026-04-09T09:15:59.017527+00:00,135.94,5.16,135.94,5.16,-106.8,437331969.2538618,9441.3,2546.7,-6472.2,0
2026-04-09T09:15:59.421478+00:00,135.92,5.19,135.92,5.19,-101.8,437331969.2538618,9439.6,2544.1,-6471.0,0
2026-04-09T09:15:59.785572+00:00,135.90,5.22,135.9,5.22,-103.8,437331969.2538618,9438.1,2541.7,-6470.0,0
2026-04-09T09:16:00.149473+00:00,135.88,5.24,135.88,5.24,-110.8,437331969.2538618,9436.6,2539.4,-6469.0,0
2026-04-09T09:16:00.553476+00:00,135.86,5.27,135.86,5.27,-105.8,437331969.2538618,9434.9,2536.8,-6467.8,0
2026-04-09T09:16:00.922112+00:00,135.84,5.30,135.84,5.3,-101.8,437331969.2538618,9433.4,2534.4,-6466.8,0
2026-04-09T09:16:01.281519+00:00,135.82,5.32,135.82,5.32,-104.8,437331969.2538618,9431.8,2532.1,-6465.7,0
2026-04-09T09:16:01.690826+00:00,135.80,5.35,135.8,5.35,-108.8,437331969.2538618,9430.1,2529.5,-6464.5,0
2026-04-09T09:16:02.059369+00:00,135.77,5.38,135.77,5.38,-107.8,437331969.2538618,9428.6,2527.1,-6463.5,0
2026-04-09T09:16:02.421988+00:00,135.75,5.40,135.75,5.4,-105.8,437331969.2538618,9427.0,2524.7,-6462.4,0
2026-04-09T09:16:02.829979+00:00,135.73,5.43,135.73,5.43,-104.8,437331969.2538618,9425.2,2522.1,-6461.2,0
2026-04-09T09:16:03.193481+00:00,135.71,5.46,135.71,5.46,-108.8,437331969.2538618,9423.7,2519.7,-6460.1,0
2026-04-09T09:16:03.557490+00:00,135.69,5.48,135.69,5.48,-109.8,437331969.2538618,9422.1,2517.3,-6459.0,0
2026-04-09T09:16:03.961482+00:00,135.67,5.51,135.67,5.51,-107.8,437331969.2538618,9420.3,2514.7,-6457.8,0
2026-04-09T09:16:04.325492+00:00,135.65,5.54,135.65,5.54,-107.8,437331969.2538618,9418.7,2512.4,-6456.7,0
2026-04-09T09:16:04.749506+00:00,135.62,5.57,135.62,5.57,-104.8,437331917.76807714,9416.9,2509.6,-6455.4,0
2026-04-09T09:16:05.153598+00:00,135.60,5.60,135.6,5.6,-103.8,437331917.76807714,9415.1,2507.0,-6454.2,0
2026-04-09T09:16:05.517588+00:00,135.58,5.62,135.58,5.62,-107.8,437331917.76807714,9413.5,2504.7,-6453.1,0
2026-04-09T09:16:05.881788+00:00,135.56,5.65,135.56,5.65,-106.8,437331917.76807714,9411.9,2502.3,-6452.0,0
2026-04-09T09:16:06.291028+00:00,135.54,5.68,135.54,5.68,-101.8,437331917.76807714,9410.1,2499.7,-6450.8,0
2026-04-09T09:16:06.653479+00:00,135.52,5.70,135.52,5.7,-105.8,437331917.76807714,9408.5,2497.4,-6449.7,0
2026-04-09T09:16:07.017483+00:00,135.50,5.73,135.5,5.73,-105.8,437331917.76807714,9406.8,2495.0,-6448.6,0
2026-04-09T09:16:07.421486+00:00,135.47,5.76,135.47,5.76,-104.8,437331917.76807714,9405.0,2492.4,-6447.3,0
2026-04-09T09:16:07.786319+00:00,135.45,5.78,135.45,5.78,-106.8,437331917.76807714,9403.4,2490.1,-6446.2,0
2026-04-09T09:16:08.150542+00:00,135.43,5.81,135.43,5.81,-103.8,437331917.76807714,9401.7,2487.7,-6445.0,0
2026-04-09T09:16:08.558541+00:00,135.41,5.84,135.41,5.84,-108.8,437331917.76807714,9399.9,2485.1,-6443.8,0
2026-04-09T09:16:08.922562+00:00,135.39,5.86,135.39,5.86,-107.8,437331917.76807714,9398.2,2482.8,-6442.6,0
2026-04-09T09:16:09.291269+00:00,135.36,5.89,135.36,5.89,-107.8,437331917.76807714,9396.5,2480.4,-6441.5,0
2026-04-09T09:16:09.699946+00:00,135.34,5.92,135.34,5.92,-111.8,437331917.76807714,9394.6,2477.8,-6440.2,0
2026-04-09T09:16:10.063686+00:00,135.32,5.95,135.32,5.95,-110.8,437331917.76807714,9392.9,2475.4,-6439.0,0
2026-04-09T09:16:10.425615+00:00,135.30,5.97,135.3,5.97,-107.8,437331917.76807714,9391.2,2473.1,-6437.9,0
2026-04-09T09:16:10.829528+00:00,135.28,6.00,135.28,6.0,-104.8,437331917.76807714,9389.3,2470.5,-6436.6,0
2026-04-09T09:16:11.197508+00:00,135.25,6.03,135.25,6.03,-107.8,437331917.76807714,9387.6,2468.1,-6435.4,0
2026-04-09T09:16:11.557492+00:00,135.23,6.05,135.23,6.05,-109.8,437331917.76807714,9385.9,2465.8,-6434.2,0
2026-04-09T09:16:11.966600+00:00,135.21,6.08,135.21,6.08,-107.8,437331917.76807714,9384.0,2463.2,-6432.9,0
2026-04-09T09:16:12.325807+00:00,135.19,6.11,135.19,6.11,-104.8,437331917.76807714,9382.3,2460.8,-6431.7,0
2026-04-09T09:16:12.689545+00:00,135.17,6.14,135.17,6.14,-107.8,437331917.76807714,9380.6,2458.5,-6430.6,0
2026-04-09T09:16:13.101508+00:00,135.14,6.17,135.14,6.17,-107.8,437331917.76807714,9378.7,2455.9,-6429.2,0
2026-04-09T09:16:13.465481+00:00,135.12,6.19,135.12,6.19,-103.8,437331917.76807714,9376.9,2453.5,-6428.0,0
2026-04-09T09:16:13.829582+00:00,135.10,6.22,135.1,6.22,-106.8,437331917.76807714,9375.1,2451.2,-6426.8,0
2026-04-09T09:16:14.233494+00:00,135.07,6.25,135.07,6.25,-107.8,437331917.76807714,9373.2,2448.6,-6425.5,0
2026-04-09T09:16:14.597486+00:00,135.05,6.28,135.05,6.28,-106.8,437331917.76807714,9371.4,2446.2,-6424.3,0
2026-04-09T09:16:14.961495+00:00,135.03,6.30,135.03,6.3,-103.8,437331917.76807714,9369.7,2443.9,-6423.1,0
2026-04-09T09:16:15.429542+00:00,135.01,6.33,135.01,6.33,-109.8,437331867.6833486,9367.7,2441.3,-6421.7,0
2026-04-09T09:16:15.795227+00:00,134.98,6.36,134.98,6.36,-108.8,437331867.6833486,9365.6,2438.6,-6420.3,0
2026-04-09T09:16:16.162780+00:00,134.96,6.39,134.96,6.39,-103.8,437331867.6833486,9363.8,2436.2,-6419.0,0
2026-04-09T09:16:16.565555+00:00,134.94,6.42,134.94,6.42,-106.8,437331867.6833486,9361.8,2433.6,-6417.7,0
2026-04-09T09:16:16.929498+00:00,134.91,6.45,134.91,6.45,-102.8,437331867.6833486,9360.0,2431.3,-6416.4,0
2026-04-09T09:16:17.294172+00:00,134.89,6.47,134.89,6.47,-105.8,437331867.6833486,9358.2,2428.9,-6415.2,0
2026-04-09T09:16:17.697501+00:00,134.87,6.50,134.87,6.5,-106.8,437331867.6833486,9356.1,2426.3,-6413.8,0
2026-04-09T09:16:18.061472+00:00,134.84,6.53,134.84,6.53,-111.8,437331867.6833486,9354.3,2424.0,-6412.6,0
2026-04-09T09:16:18.425489+00:00,134.82,6.56,134.82,6.56,-109.8,437331867.6833486,9352.5,2421.7,-6411.3,0
2026-04-09T09:16:18.829492+00:00,134.80,6.59,134.8,6.59,-111.8,437331867.6833486,9350.4,2419.1,-6409.9,0
2026-04-09T09:16:19.193469+00:00,134.78,6.61,134.78,6.61,-109.8,437331867.6833486,9348.6,2416.7,-6408.6,0
2026-04-09T09:16:19.557486+00:00,134.75,6.64,134.75,6.64,-106.8,437331867.6833486,9346.7,2414.4,-6407.4,0
2026-04-09T09:16:19.963474+00:00,134.73,6.67,134.73,6.67,-104.8,437331867.6833486,9344.7,2411.8,-6405.9,0
2026-04-09T09:16:20.325553+00:00,134.71,6.70,134.71,6.7,-104.8,437331867.6833486,9342.8,2409.5,-6404.6,0
2026-04-09T09:16:20.689593+00:00,134.68,6.73,134.68,6.73,-107.8,437331867.6833486,9340.9,2407.1,-6403.4,0
2026-04-09T09:16:21.098341+00:00,134.66,6.76,134.66,6.76,-110.8,437331867.6833486,9338.8,2404.6,-6401.9,0
2026-04-09T09:16:21.462581+00:00,134.64,6.78,134.64,6.78,-103.8,437331867.6833486,9336.9,2402.2,-6400.6,0
2026-04-09T09:16:21.830314+00:00,134.61,6.81,134.61,6.81,-107.8,437331867.6833486,9335.0,2399.9,-6399.3,0
2026-04-09T09:16:22.238574+00:00,134.59,6.84,134.59,6.84,-109.8,437331867.6833486,9332.9,2397.3,-6397.8,0
2026-04-09T09:16:22.602315+00:00,134.57,6.87,134.57,6.87,-109.8,437331867.6833486,9331.0,2394.9,-6396.5,0
2026-04-09T09:16:22.969482+00:00,134.54,6.90,134.54,6.9,-107.8,437331867.6833486,9329.0,2392.6,-6395.2,0
2026-04-09T09:16:23.373482+00:00,134.52,6.93,134.52,6.93,-109.8,437331867.6833486,9326.9,2390.0,-6393.7,0
2026-04-09T09:16:23.737709+00:00,134.49,6.95,134.49,6.95,-110.8,437331867.6833486,9324.9,2387.6,-6392.4,0
2026-04-09T09:16:24.101478+00:00,134.47,6.98,134.47,6.98,-106.8,437331867.6833486,9323.0,2385.3,-6391.1,0
2026-04-09T09:16:24.505484+00:00,134.45,7.01,134.45,7.01,-109.8,437331867.6833486,9320.8,2382.8,-6389.6,0
2026-04-09T09:16:24.869484+00:00,134.42,7.04,134.42,7.04,-103.8,437331867.6833486,9318.9,2380.4,-6388.2,0
2026-04-09T09:16:25.293562+00:00,134.40,7.07,134.4,7.07,-103.8,437331817.65916383,9316.6,2377.7,-6386.7,0
2026-04-09T09:16:25.697571+00:00,134.37,7.10,134.37,7.1,-109.8,437331817.65916383,9314.4,2375.1,-6385.2,0
2026-04-09T09:16:26.061494+00:00,134.35,7.13,134.35,7.13,-103.8,437331817.65916383,9312.4,2372.8,-6383.8,0
2026-04-09T09:16:26.425487+00:00,134.32,7.16,134.32,7.16,-105.8,437331817.65916383,9310.4,2370.5,-6382.5,0
2026-04-09T09:16:26.830178+00:00,134.30,7.19,134.3,7.19,-106.8,437331817.65916383,9308.2,2367.9,-6380.9,0
2026-04-09T09:16:27.193470+00:00,134.27,7.22,134.27,7.22,-103.8,437331817.65916383,9306.2,2365.6,-6379.6,0
2026-04-09T09:16:27.563282+00:00,134.25,7.24,134.25,7.24,-110.8,437331817.65916383,9304.2,2363.3,-6378.2,0
2026-04-09T09:16:27.966549+00:00,134.22,7.27,134.22,7.27,-105.8,437331817.65916383,9301.9,2360.7,-6376.6,0
2026-04-09T09:16:28.334560+00:00,134.20,7.30,134.2,7.3,-103.8,437331817.65916383,9299.9,2358.3,-6375.2,0
2026-04-09T09:16:28.702323+00:00,134.18,7.33,134.18,7.33,-107.8,437331817.65916383,9297.8,2356.0,-6373.8,0
2026-04-09T09:16:29.110642+00:00,134.15,7.36,134.15,7.36,-109.8,437331817.65916383,9295.6,2353.4,-6372.3,0
2026-04-09T09:16:29.478808+00:00,134.13,7.39,134.13,7.39,-107.8,437331817.65916383,9293.5,2351.0,-6370.8,0
2026-04-09T09:16:29.847693+00:00,134.10,7.42,134.1,7.42,-106.8,437331817.65916383,9291.4,2348.7,-6369.4,0
2026-04-09T09:16:30.254267+00:00,134.08,7.45,134.08,7.45,-108.8,437331817.65916383,9289.1,2346.1,-6367.8,0
2026-04-09T09:16:30.618568+00:00,134.05,7.48,134.05,7.48,-107.8,437331817.65916383,9287.0,2343.8,-6366.4,0
2026-04-09T09:16:30.986537+00:00,134.03,7.51,134.03,7.51,-108.8,437331817.65916383,9284.9,2341.4,-6365.0,0
2026-04-09T09:16:31.394516+00:00,134.00,7.54,134.0,7.54,-113.8,437331817.65916383,9282.5,2338.8,-6363.4,0
2026-04-09T09:16:31.767286+00:00,133.98,7.57,133.98,7.57,-107.8,437331817.65916383,9280.4,2336.5,-6361.9,0
2026-04-09T09:16:32.126843+00:00,133.95,7.59,133.95,7.59,-108.8,437331817.65916383,9278.3,2334.2,-6360.5,0
2026-04-09T09:16:32.534927+00:00,133.93,7.63,133.93,7.63,-107.8,437331817.65916383,9275.9,2331.6,-6358.8,0
2026-04-09T09:16:32.903112+00:00,133.90,7.65,133.9,7.65,-105.8,437331817.65916383,9273.8,2329.2,-6357.4,0
2026-04-09T09:16:33.266449+00:00,133.88,7.68,133.88,7.68,-109.8,437331817.65916383,9271.6,2326.9,-6355.9,0
2026-04-09T09:16:33.678656+00:00,133.85,7.71,133.85,7.71,-107.8,437331817.65916383,9269.3,2324.3,-6354.3,0
2026-04-09T09:16:34.046166+00:00,133.83,7.74,133.83,7.74,-105.8,437331817.65916383,9267.1,2322.0,-6352.8,0
2026-04-09T09:16:34.474857+00:00,133.80,7.78,133.8,7.78,-109.8,437331765.7403126,9264.6,2319.3,-6351.0,0
2026-04-09T09:16:34.883624+00:00,133.77,7.81,133.77,7.81,-111.8,437331765.7403126,9262.1,2316.7,-6349.4,0
2026-04-09T09:16:35.246248+00:00,133.75,7.84,133.75,7.84,-111.8,437331765.7403126,9259.9,2314.4,-6347.9,0
2026-04-09T09:16:35.614606+00:00,133.72,7.87,133.72,7.87,-106.8,437331765.7403126,9257.7,2312.0,-6346.3,0
2026-04-09T09:16:36.023020+00:00,133.69,7.90,133.69,7.9,-106.8,437331765.7403126,9255.3,2309.4,-6344.7,0
2026-04-09T09:16:36.387004+00:00,133.67,7.93,133.67,7.93,-110.8,437331765.7403126,9253.1,2307.1,-6343.1,0
2026-04-09T09:16:36.754569+00:00,133.64,7.95,133.64,7.95,-106.8,437331765.7403126,9250.9,2304.8,-6341.6,0
2026-04-09T09:16:37.163082+00:00,133.62,7.99,133.62,7.99,-109.8,437331765.7403126,9248.4,2302.2,-6339.9,0
2026-04-09T09:16:37.525620+00:00,133.59,8.02,133.59,8.02,-107.8,437331765.7403126,9246.1,2299.9,-6338.4,0
2026-04-09T09:16:37.889505+00:00,133.57,8.04,133.57,8.04,-103.8,437331765.7403126,9243.9,2297.6,-6336.9,0
2026-04-09T09:16:38.293587+00:00,133.54,8.08,133.54,8.08,-107.8,437331765.7403126,9241.4,2295.0,-6335.1,0
2026-04-09T09:16:38.657481+00:00,133.51,8.10,133.51,8.1,-107.8,437331765.7403126,9239.2,2292.7,-6333.6,0
2026-04-09T09:16:39.021489+00:00,133.49,8.13,133.49,8.13,-109.8,437331765.7403126,9236.9,2290.4,-6332.1,0
2026-04-09T09:16:39.425486+00:00,133.46,8.17,133.46,8.17,-111.8,437331765.7403126,9234.4,2287.8,-6330.3,0
2026-04-09T09:16:39.789528+00:00,133.43,8.19,133.43,8.19,-106.8,437331765.7403126,9232.1,2285.5,-6328.8,0
2026-04-09T09:16:40.153482+00:00,133.41,8.22,133.41,8.22,-108.8,437331765.7403126,9229.8,2283.2,-6327.2,0
2026-04-09T09:16:40.557485+00:00,133.38,8.26,133.38,8.26,-107.8,437331765.7403126,9227.3,2280.7,-6325.5,0
2026-04-09T09:16:40.921591+00:00,133.36,8.28,133.36,8.28,-107.8,437331765.7403126,9225.0,2278.4,-6323.9,0
2026-04-09T09:16:41.285609+00:00,133.33,8.31,133.33,8.31,-110.8,437331765.7403126,9222.7,2276.1,-6322.3,0
2026-04-09T09:16:41.689509+00:00,133.30,8.35,133.3,8.35,-110.8,437331765.7403126,9220.1,2273.5,-6320.5,0
2026-04-09T09:16:42.053531+00:00,133.28,8.37,133.28,8.37,-107.8,437331765.7403126,9217.8,2271.2,-6318.9,0
2026-04-09T09:16:42.423921+00:00,133.25,8.40,133.25,8.4,-110.8,437331765.7403126,9215.4,2268.9,-6317.3,0
2026-04-09T09:16:42.890354+00:00,133.22,8.44,133.22,8.44,-107.8,437331712.8207069,9212.8,2266.4,-6315.6,0
2026-04-09T09:16:43.255243+00:00,133.19,8.47,133.19,8.47,-107.8,437331712.8207069,9210.0,2263.6,-6313.6,0
2026-04-09T09:16:43.622721+00:00,133.17,8.50,133.17,8.5,-111.8,437331712.8207069,9207.7,2261.3,-6312.0,0
2026-04-09T09:16:44.029570+00:00,133.14,8.53,133.14,8.53,-113.8,437331712.8207069,9205.0,2258.8,-6310.2,0
2026-04-09T09:16:44.393505+00:00,133.11,8.56,133.11,8.56,-106.8,437331712.8207069,9202.6,2256.5,-6308.6,0
2026-04-09T09:16:44.757638+00:00,133.09,8.59,133.09,8.59,-115.8,437331712.8207069,9200.2,2254.2,-6306.9,0
2026-04-09T09:16:45.161488+00:00,133.06,8.62,133.06,8.62,-108.8,437331712.8207069,9197.6,2251.6,-6305.1,0
2026-04-09T09:16:45.525512+00:00,133.03,8.65,133.03,8.65,-110.8,437331712.8207069,9195.1,2249.3,-6303.4,0
2026-04-09T09:16:45.890146+00:00,133.00,8.68,133.0,8.68,-109.8,437331712.8207069,9192.7,2247.0,-6301.8,0
2026-04-09T09:16:46.293496+00:00,132.98,8.72,132.98,8.72,-108.8,437331712.8207069,9190.0,2244.5,-6299.9,0
2026-04-09T09:16:46.657495+00:00,132.95,8.75,132.95,8.75,-107.8,437331712.8207069,9187.6,2242.2,-6298.2,0
2026-04-09T09:16:47.021500+00:00,132.92,8.77,132.92,8.77,-107.8,437331712.8207069,9185.1,2239.9,-6296.6,0
2026-04-09T09:16:47.425595+00:00,132.89,8.81,132.89,8.81,-107.8,437331712.8207069,9182.4,2237.3,-6294.7,0
2026-04-09T09:16:47.789492+00:00,132.87,8.84,132.87,8.84,-105.8,437331712.8207069,9179.9,2235.0,-6293.0,0
2026-04-09T09:16:48.153666+00:00,132.84,8.87,132.84,8.87,-110.8,437331712.8207069,9177.5,2232.8,-6291.3,0
2026-04-09T09:16:48.557505+00:00,132.81,8.90,132.81,8.9,-107.8,437331712.8207069,9174.7,2230.2,-6289.4,0
2026-04-09T09:16:48.921508+00:00,132.78,8.93,132.78,8.93,-106.8,437331712.8207069,9172.2,2227.9,-6287.7,0
2026-04-09T09:16:49.290967+00:00,132.76,8.96,132.76,8.96,-108.8,437331712.8207069,9169.7,2225.6,-6286.0,0
2026-04-09T09:16:49.698845+00:00,132.73,8.99,132.73,8.99,-110.8,437331712.8207069,9166.9,2223.1,-6284.1,0
2026-04-09T09:16:50.062827+00:00,132.70,9.02,132.7,9.02,-108.8,437331712.8207069,9164.3,2220.8,-6282.3,0
2026-04-09T09:16:50.490514+00:00,132.67,9.06,132.67,9.06,-109.8,437331662.77800286,9161.4,2218.1,-6280.3,0
2026-04-09T09:16:50.898351+00:00,132.64,9.09,132.64,9.09,-113.8,437331662.77800286,9158.5,2215.5,-6278.3,0
2026-04-09T09:16:51.267144+00:00,132.61,9.12,132.61,9.12,-106.8,437331662.77800286,9155.9,2213.2,-6276.6,0
2026-04-09T09:16:51.630831+00:00,132.58,9.15,132.58,9.15,-107.8,437331662.77800286,9153.3,2210.9,-6274.8,0
2026-04-09T09:16:52.038546+00:00,132.55,9.19,132.55,9.19,-103.8,437331662.77800286,9150.5,2208.4,-6272.8,0
2026-04-09T09:16:52.409288+00:00,132.53,9.22,132.53,9.22,-112.8,437331662.77800286,9147.9,2206.1,-6271.0,0
2026-04-09T09:16:52.765780+00:00,132.50,9.25,132.5,9.25,-108.8,437331662.77800286,9145.3,2203.8,-6269.3,0
2026-04-09T09:16:53.173479+00:00,132.47,9.28,132.47,9.28,-110.8,437331662.77800286,9142.4,2201.3,-6267.3,0
2026-04-09T09:16:53.537478+00:00,132.44,9.31,132.44,9.31,-109.8,437331662.77800286,9139.8,2199.0,-6265.5,0
2026-04-09T09:16:53.901491+00:00,132.41,9.34,132.41,9.34,-108.8,437331662.77800286,9137.2,2196.7,-6263.7,0
2026-04-09T09:16:54.305637+00:00,132.38,9.37,132.38,9.37,-106.8,437331662.77800286,9134.2,2194.2,-6261.7,0
2026-04-09T09:16:54.669485+00:00,132.35,9.40,132.35,9.4,-113.8,437331662.77800286,9131.6,2191.9,-6259.9,0
2026-04-09T09:16:55.033497+00:00,132.33,9.43,132.33,9.43,-107.8,437331662.77800286,9128.9,2189.6,-6258.1,0
2026-04-09T09:16:55.438169+00:00,132.30,9.47,132.3,9.47,-111.8,437331662.77800286,9126.0,2187.1,-6256.0,0
2026-04-09T09:16:55.801673+00:00,132.27,9.50,132.27,9.5,-109.8,437331662.77800286,9123.3,2184.8,-6254.2,0
2026-04-09T09:16:56.165671+00:00,132.24,9.53,132.24,9.53,-114.8,437331662.77800286,9120.6,2182.5,-6252.4,0
2026-04-09T09:16:56.569507+00:00,132.21,9.56,132.21,9.56,-108.8,437331662.77800286,9117.6,2180.0,-6250.3,0
2026-04-09T09:16:56.933761+00:00,132.18,9.59,132.18,9.59,-111.8,437331662.77800286,9114.9,2177.7,-6248.5,0
2026-04-09T09:16:57.298899+00:00,132.15,9.62,132.15,9.62,-106.8,437331662.77800286,9112.2,2175.5,-6246.6,0
2026-04-09T09:16:57.767079+00:00,132.12,9.66,132.12,9.66,-108.8,437331609.1717586,9109.2,2172.9,-6244.5,0
2026-04-09T09:16:58.134571+00:00,132.09,9.69,132.09,9.69,-111.8,437331609.1717586,9106.0,2170.2,-6242.3,0
2026-04-09T09:16:58.498882+00:00,132.06,9.72,132.06,9.72,-109.8,437331609.1717586,9103.2,2168.0,-6240.4,0
2026-04-09T09:16:58.907301+00:00,132.03,9.76,132.03,9.76,-110.8,437331609.1717586,9100.1,2165.4,-6238.3,0
2026-04-09T09:16:59.269635+00:00,132.00,9.79,132.0,9.79,-107.8,437331609.1717586,9097.3,2163.1,-6236.4,0
2026-04-09T09:16:59.633516+00:00,131.97,9.82,131.97,9.82,-107.8,437331609.1717586,9094.5,2160.8,-6234.5,0
2026-04-09T09:17:00.037543+00:00,131.94,9.86,131.94,9.86,-113.8,437331609.1717586,9091.4,2158.3,-6232.3,0
2026-04-09T09:17:00.401502+00:00,131.91,9.89,131.91,9.89,-107.8,437331609.1717586,9088.7,2156.1,-6230.4,0
2026-04-09T09:17:00.765583+00:00,131.88,9.92,131.88,9.92,-108.8,437331609.1717586,9085.8,2153.8,-6228.5,0
2026-04-09T09:17:01.169558+00:00,131.85,9.95,131.85,9.95,-113.8,437331609.1717586,9082.7,2151.3,-6226.4,0
2026-04-09T09:17:01.533908+00:00,131.82,9.98,131.82,9.98,-112.8,437331609.1717586,9079.9,2149.0,-6224.4,0
2026-04-09T09:17:01.902840+00:00,131.79,10.01,131.79,10.01,-109.8,437331609.1717586,9077.0,2146.7,-6222.5,0
2026-04-09T09:17:02.305491+00:00,131.76,10.05,131.76,10.05,-113.8,437331609.1717586,9073.9,2144.2,-6220.3,0
2026-04-09T09:17:02.669497+00:00,131.73,10.08,131.73,10.08,-113.8,437331609.1717586,9071.0,2142.0,-6218.3,0
2026-04-09T09:17:03.034591+00:00,131.70,10.11,131.7,10.11,-109.8,437331609.1717586,9068.1,2139.7,-6216.4,0
2026-04-09T09:17:03.442618+00:00,131.67,10.15,131.67,10.15,-110.8,437331609.1717586,9064.9,2137.2,-6214.2,0
2026-04-09T09:17:03.806632+00:00,131.64,10.18,131.64,10.18,-112.8,437331609.1717586,9062.0,2134.9,-6212.2,0
2026-04-09T09:17:04.170537+00:00,131.61,10.21,131.61,10.21,-109.8,437331609.1717586,9059.1,2132.6,-6210.2,0
2026-04-09T09:17:04.638525+00:00,131.58,10.24,131.58,10.24,-113.8,437331555.800567,9055.8,2130.1,-6207.9,0
2026-04-09T09:17:05.008994+00:00,131.54,10.28,131.54,10.28,-117.8,437331555.800567,9052.4,2127.5,-6205.5,0
2026-04-09T09:17:05.370319+00:00,131.51,10.31,131.51,10.31,-105.8,437331555.800567,9049.4,2125.2,-6203.5,0
2026-04-09T09:17:05.778680+00:00,131.48,10.35,131.48,10.35,-113.8,437331555.800567,9046.1,2122.7,-6201.3,0
2026-04-09T09:17:06.147613+00:00,131.45,10.38,131.45,10.38,-112.8,437331555.800567,9043.1,2120.4,-6199.2,0
2026-04-09T09:17:06.514338+00:00,131.42,10.41,131.42,10.41,-109.8,437331555.800567,9040.1,2118.1,-6197.2,0
2026-04-09T09:17:06.918576+00:00,131.39,10.45,131.39,10.45,-110.8,437331555.800567,9036.8,2115.6,-6194.9,0
2026-04-09T09:17:07.290552+00:00,131.36,10.48,131.36,10.48,-107.8,437331555.800567,9033.7,2113.3,-6192.8,0
2026-04-09T09:17:07.655199+00:00,131.32,10.51,131.32,10.51,-109.8,437331555.800567,9030.7,2111.0,-6190.7,0
2026-04-09T09:17:08.061469+00:00,131.29,10.55,131.29,10.55,-118.8,437331555.800567,9027.3,2108.5,-6188.4,0
2026-04-09T09:17:08.425482+00:00,131.26,10.58,131.26,10.58,-112.8,437331555.800567,9024.2,2106.2,-6186.3,0
2026-04-09T09:17:08.789527+00:00,131.23,10.61,131.23,10.61,-109.8,437331555.800567,9021.2,2104.0,-6184.2,0
2026-04-09T09:17:09.193496+00:00,131.20,10.64,131.2,10.64,-109.8,437331555.800567,9017.8,2101.5,-6181.9,0
2026-04-09T09:17:09.557491+00:00,131.17,10.68,131.17,10.68,-108.8,437331555.800567,9014.7,2099.2,-6179.7,0
2026-04-09T09:17:09.921594+00:00,131.14,10.71,131.14,10.71,-109.8,437331555.800567,9011.6,2097.0,-6177.6,0
2026-04-09T09:17:10.325518+00:00,131.10,10.74,131.1,10.74,-108.8,437331555.800567,9008.2,2094.5,-6175.3,0
2026-04-09T09:17:10.689502+00:00,131.07,10.78,131.07,10.78,-109.8,437331555.800567,9005.1,2092.3,-6173.1,0
2026-04-09T09:17:11.113497+00:00,131.03,10.81,131.03,10.81,-113.8,437331503.1900911,9001.5,2089.6,-6170.7,0
2026-04-09T09:17:11.522247+00:00,131.00,10.85,131.0,10.85,-102.8,437331503.1900911,8998.0,2087.1,-6168.3,0
2026-04-09T09:17:11.881509+00:00,130.97,10.88,130.97,10.88,-107.8,437331503.1900911,8994.8,2084.9,-6166.1,0
2026-04-09T09:17:12.245572+00:00,130.94,10.91,130.94,10.91,-112.8,437331503.1900911,8991.7,2082.7,-6164.0,0
2026-04-09T09:17:12.649491+00:00,130.90,10.95,130.9,10.95,-111.8,437331503.1900911,8988.2,2080.2,-6161.5,0
2026-04-09T09:17:13.018561+00:00,130.87,10.98,130.87,10.98,-118.8,437331503.1900911,8985.0,2077.9,-6159.4,0
2026-04-09T09:17:13.382725+00:00,130.84,11.01,130.84,11.01,-113.8,437331503.1900911,8981.8,2075.7,-6157.2,0
2026-04-09T09:17:13.790712+00:00,130.81,11.05,130.81,11.05,-107.8,437331503.1900911,8978.2,2073.2,-6154.7,0
2026-04-09T09:17:14.158416+00:00,130.77,11.08,130.77,11.08,-112.8,437331503.1900911,8974.9,2070.9,-6152.5,0
2026-04-09T09:17:14.527559+00:00,130.74,11.12,130.74,11.12,-115.8,437331503.1900911,8971.7,2068.6,-6150.2,0
2026-04-09T09:17:14.934387+00:00,130.71,11.15,130.71,11.15,-115.8,437331503.1900911,8968.1,2066.2,-6147.8,0
2026-04-09T09:17:15.299030+00:00,130.68,11.18,130.68,11.18,-116.8,437331503.1900911,8964.8,2063.9,-6145.5,0
2026-04-09T09:17:15.667017+00:00,130.64,11.22,130.64,11.22,-118.8,437331503.1900911,8961.5,2061.6,-6143.3,0
2026-04-09T09:17:16.074912+00:00,130.61,11.25,130.61,11.25,-109.8,437331503.1900911,8957.8,2059.1,-6140.7,0
2026-04-09T09:17:16.439053+00:00,130.58,11.29,130.58,11.29,-113.8,437331503.1900911,8954.5,2056.9,-6138.5,0
2026-04-09T09:17:16.871176+00:00,130.54,11.32,130.54,11.32,-117.8,437331452.45006436,8950.6,2054.3,-6135.8,0
2026-04-09T09:17:17.274503+00:00,130.50,11.36,130.5,11.36,-115.8,437331452.45006436,8946.9,2051.8,-6133.3,0
2026-04-09T09:17:17.642565+00:00,130.47,11.39,130.47,11.39,-112.8,437331452.45006436,8943.5,2049.5,-6131.0,0
2026-04-09T09:17:18.006559+00:00,130.44,11.43,130.44,11.43,-113.8,437331452.45006436,8940.1,2047.2,-6128.6,0
2026-04-09T09:17:18.414895+00:00,130.40,11.46,130.4,11.46,-110.8,437331452.45006436,8936.4,2044.8,-6126.1,0
2026-04-09T09:17:18.782695+00:00,130.37,11.50,130.37,11.5,-111.8,437331452.45006436,8933.0,2042.5,-6123.7,0
2026-04-09T09:17:19.151104+00:00,130.34,11.53,130.34,11.53,-112.8,437331452.45006436,8929.6,2040.3,-6121.4,0
2026-04-09T09:17:19.558622+00:00,130.30,11.57,130.3,11.57,-112.8,437331452.45006436,8925.8,2037.8,-6118.8,0
2026-04-09T09:17:19.922698+00:00,130.27,11.60,130.27,11.6,-108.8,437331452.45006436,8922.4,2035.5,-6116.4,0
2026-04-09T09:17:20.291205+00:00,130.23,11.63,130.23,11.63,-111.8,437331452.45006436,8918.9,2033.3,-6114.1,0
2026-04-09T09:17:20.698835+00:00,130.20,11.67,130.2,11.67,-115.8,437331452.45006436,8915.1,2030.8,-6111.4,0
2026-04-09T09:17:21.062866+00:00,130.16,11.70,130.16,11.7,-113.8,437331452.45006436,8911.6,2028.6,-6109.1,0
2026-04-09T09:17:21.430664+00:00,130.13,11.74,130.13,11.74,-115.8,437331452.45006436,8908.1,2026.3,-6106.7,0
2026-04-09T09:17:21.838853+00:00,130.09,11.78,130.09,11.78,-112.8,437331452.45006436,8904.2,2023.8,-6104.0,0
2026-04-09T09:17:22.202909+00:00,130.06,11.81,130.06,11.81,-113.8,437331452.45006436,8900.7,2021.6,-6101.6,0
2026-04-09T09:17:22.629592+00:00,130.02,11.85,130.02,11.85,-112.8,437331398.5282798,8896.6,2019.0,-6098.8,0
2026-04-09T09:17:23.033473+00:00,129.98,11.89,129.98,11.89,-113.8,437331398.5282798,8892.6,2016.5,-6096.1,0
2026-04-09T09:17:23.397555+00:00,129.95,11.92,129.95,11.92,-113.8,437331398.5282798,8889.1,2014.3,-6093.6,0
2026-04-09T09:17:23.761548+00:00,129.92,11.95,129.92,11.95,-104.8,437331398.5282798,8885.6,2012.1,-6091.2,0
2026-04-09T09:17:24.166172+00:00,129.88,11.99,129.88,11.99,-111.8,437331398.5282798,8881.6,2009.6,-6088.5,0
2026-04-09T09:17:24.529629+00:00,129.84,12.02,129.84,12.02,-108.8,437331398.5282798,8878.0,2007.4,-6086.1,0
2026-04-09T09:17:24.893518+00:00,129.81,12.06,129.81,12.06,-109.8,437331398.5282798,8874.4,2005.2,-6083.6,0
2026-04-09T09:17:25.302793+00:00,129.77,12.09,129.77,12.09,-103.8,437331398.5282798,8870.4,2002.7,-6080.9,0
2026-04-09T09:17:25.661485+00:00,129.74,12.13,129.74,12.13,-106.8,437331398.5282798,8866.8,2000.5,-6078.4,0
2026-04-09T09:17:26.025482+00:00,129.71,12.16,129.71,12.16,-104.8,437331398.5282798,8863.2,1998.3,-6075.9,0
2026-04-09T09:17:26.429520+00:00,129.67,12.20,129.67,12.2,-109.8,437331398.5282798,8859.2,1995.9,-6073.1,0
2026-04-09T09:17:26.793514+00:00,129.63,12.23,129.63,12.23,-109.8,437331398.5282798,8855.5,1993.6,-6070.6,0
2026-04-09T09:17:27.157514+00:00,129.60,12.27,129.6,12.27,-107.8,437331398.5282798,8851.8,1991.4,-6068.1,0
2026-04-09T09:17:27.626886+00:00,129.56,12.31,129.56,12.31,-105.8,437331347.73411965,8847.7,1989.0,-6065.3,0
2026-04-09T09:17:27.990740+00:00,129.52,12.35,129.52,12.35,-107.8,437331347.73411965,8843.4,1986.4,-6062.3,0
2026-04-09T09:17:28.358214+00:00,129.49,12.38,129.49,12.38,-104.8,437331347.73411965,8839.7,1984.2,-6059.7,0
2026-04-09T09:17:28.767219+00:00,129.45,12.42,129.45,12.42,-113.8,437331347.73411965,8835.5,1981.7,-6056.9,0
2026-04-09T09:17:29.129484+00:00,129.41,12.45,129.41,12.45,-108.8,437331347.73411965,8831.7,1979.5,-6054.3,0
2026-04-09T09:17:29.493513+00:00,129.38,12.49,129.38,12.49,-109.8,437331347.73411965,8827.9,1977.3,-6051.7,0
2026-04-09T09:17:29.897492+00:00,129.34,12.52,129.34,12.52,-113.8,437331347.73411965,8823.7,1974.8,-6048.8,0
2026-04-09T09:17:30.261654+00:00,129.30,12.56,129.3,12.56,-109.8,437331347.73411965,8820.0,1972.6,-6046.2,0
2026-04-09T09:17:30.625501+00:00,129.27,12.59,129.27,12.59,-105.8,437331347.73411965,8816.1,1970.4,-6043.6,0
2026-04-09T09:17:31.034621+00:00,129.23,12.63,129.23,12.63,-110.8,437331347.73411965,8811.9,1968.0,-6040.7,0
2026-04-09T09:17:31.398633+00:00,129.19,12.67,129.19,12.67,-109.8,437331347.73411965,8808.1,1965.8,-6038.1,0
2026-04-09T09:17:31.757598+00:00,129.16,12.70,129.16,12.7,-111.8,437331347.73411965,8804.2,1963.6,-6035.5,0
2026-04-09T09:17:32.165515+00:00,129.12,12.74,129.12,12.74,-103.8,437331347.73411965,8799.9,1961.2,-6032.5,0
2026-04-09T09:17:32.535074+00:00,129.08,12.77,129.08,12.77,-106.8,437331347.73411965,8796.1,1959.0,-6029.9,0
2026-04-09T09:17:32.953526+00:00,129.04,12.81,129.04,12.81,-108.8,437331293.5879666,8791.5,1956.4,-6026.7,0
2026-04-09T09:17:33.357484+00:00,129.00,12.85,129.0,12.85,-108.8,437331293.5879666,8787.2,1954.0,-6023.8,0
2026-04-09T09:17:33.722431+00:00,128.96,12.89,128.96,12.89,-108.8,437331293.5879666,8783.3,1951.8,-6021.1,0
2026-04-09T09:17:34.086938+00:00,128.93,12.92,128.93,12.92,-108.8,437331293.5879666,8779.3,1949.6,-6018.4,0
2026-04-09T09:17:34.494888+00:00,128.89,12.96,128.89,12.96,-107.8,437331293.5879666,8774.9,1947.1,-6015.3,0
2026-04-09T09:17:34.862557+00:00,128.85,13.00,128.85,13.0,-109.8,437331293.5879666,8770.9,1944.9,-6012.6,0
2026-04-09T09:17:35.226675+00:00,128.81,13.03,128.81,13.03,-105.8,437331293.5879666,8766.9,1942.7,-6009.9,0
2026-04-09T09:17:35.634750+00:00,128.77,13.07,128.77,13.07,-105.8,437331293.5879666,8762.4,1940.3,-6006.8,0
2026-04-09T09:17:36.002950+00:00,128.74,13.11,128.74,13.11,-112.8,437331293.5879666,8758.3,1938.1,-6004.0,0
2026-04-09T09:17:36.370145+00:00,128.70,13.14,128.7,13.14,-111.8,437331293.5879666,8754.2,1935.9,-6001.2,0
2026-04-09T09:17:36.778893+00:00,128.66,13.18,128.66,13.18,-106.8,437331293.5879666,8749.7,1933.4,-5998.1,0
2026-04-09T09:17:37.147573+00:00,128.62,13.22,128.62,13.22,-109.8,437331293.5879666,8745.6,1931.2,-5995.3,0
2026-04-09T09:17:37.579935+00:00,128.58,13.26,128.58,13.26,-106.8,437331243.0423925,8740.8,1928.7,-5992.0,0
2026-04-09T09:17:37.981504+00:00,128.54,13.30,128.54,13.3,-106.8,437331243.0423925,8736.2,1926.2,-5988.8,0
2026-04-09T09:17:38.346637+00:00,128.50,13.33,128.5,13.33,-107.8,437331243.0423925,8732.1,1924.0,-5986.0,0
2026-04-09T09:17:38.705503+00:00,128.46,13.37,128.46,13.37,-107.8,437331243.0423925,8727.9,1921.8,-5983.2,0
2026-04-09T09:17:39.109568+00:00,128.42,13.41,128.42,13.41,-104.8,437331243.0423925,8723.3,1919.4,-5980.0,0
2026-04-09T09:17:39.473476+00:00,128.38,13.44,128.38,13.44,-103.8,437331243.0423925,8719.2,1917.2,-5977.2,0
2026-04-09T09:17:39.837507+00:00,128.34,13.48,128.34,13.48,-105.8,437331243.0423925,8715.0,1915.1,-5974.3,0
2026-04-09T09:17:40.241743+00:00,128.30,13.52,128.3,13.52,-107.8,437331243.0423925,8710.3,1912.7,-5971.1,0
2026-04-09T09:17:40.605492+00:00,128.26,13.55,128.26,13.55,-107.8,437331243.0423925,8706.1,1910.5,-5968.2,0
2026-04-09T09:17:40.969487+00:00,128.23,13.59,128.23,13.59,-109.8,437331243.0423925,8701.9,1908.3,-5965.3,0
2026-04-09T09:17:41.373489+00:00,128.18,13.63,128.18,13.63,-109.8,437331243.0423925,8697.2,1905.9,-5962.1,0
2026-04-09T09:17:41.737698+00:00,128.15,13.66,128.15,13.66,-103.8,437331243.0423925,8692.9,1903.7,-5959.2,0
2026-04-09T09:17:42.165498+00:00,128.10,13.71,128.1,13.71,-105.8,437331190.3122534,8687.9,1901.2,-5955.7,0
2026-04-09T09:17:42.569477+00:00,128.06,13.75,128.06,13.75,-108.8,437331190.3122534,8683.2,1898.8,-5952.5,0
2026-04-09T09:17:42.935179+00:00,128.02,13.78,128.02,13.78,-105.8,437331190.3122534,8678.8,1896.6,-5949.5,0
2026-04-09T09:17:43.303275+00:00,127.98,13.82,127.98,13.82,-108.8,437331190.3122534,8674.5,1894.4,-5946.5,0
2026-04-09T09:17:43.705505+00:00,127.94,13.86,127.94,13.86,-106.8,437331190.3122534,8669.6,1892.0,-5943.2,0
2026-04-09T09:17:44.069500+00:00,127.90,13.89,127.9,13.89,-109.8,437331190.3122534,8665.3,1889.9,-5940.2,0
2026-04-09T09:17:44.433478+00:00,127.86,13.93,127.86,13.93,-108.8,437331190.3122534,8660.9,1887.7,-5937.2,0
2026-04-09T09:17:44.837495+00:00,127.82,13.97,127.82,13.97,-105.8,437331190.3122534,8656.0,1885.3,-5933.8,0
2026-04-09T09:17:45.201516+00:00,127.78,14.01,127.78,14.01,-107.8,437331190.3122534,8651.6,1883.2,-5930.8,0
2026-04-09T09:17:45.565473+00:00,127.74,14.04,127.74,14.04,-109.8,437331190.3122534,8647.2,1881.0,-5927.8,0
2026-04-09T09:17:45.969498+00:00,127.70,14.08,127.7,14.08,-99.8,437331190.3122534,8642.2,1878.6,-5924.4,0
2026-04-09T09:17:46.333491+00:00,127.66,14.12,127.66,14.12,-107.8,437331190.3122534,8637.7,1876.5,-5921.3,0
2026-04-09T09:17:46.757695+00:00,127.61,14.16,127.61,14.16,-109.8,437331134.9666198,8632.5,1873.9,-5917.7,0
2026-04-09T09:17:47.161483+00:00,127.57,14.20,127.57,14.2,-107.8,437331134.9666198,8627.5,1871.6,-5914.3,0
2026-04-09T09:17:47.525575+00:00,127.53,14.24,127.53,14.24,-107.8,437331134.9666198,8622.9,1869.4,-5911.2,0
2026-04-09T09:17:47.889496+00:00,127.49,14.28,127.49,14.28,-109.8,437331134.9666198,8618.4,1867.2,-5908.1,0
2026-04-09T09:17:48.300478+00:00,127.44,14.32,127.44,14.32,-106.8,437331134.9666198,8613.3,1864.8,-5904.6,0
2026-04-09T09:17:48.662566+00:00,127.40,14.35,127.4,14.35,-107.8,437331134.9666198,8608.8,1862.7,-5901.5,0
2026-04-09T09:17:49.030219+00:00,127.36,14.39,127.36,14.39,-109.8,437331134.9666198,8604.1,1860.5,-5898.3,0
2026-04-09T09:17:49.438932+00:00,127.32,14.43,127.32,14.43,-106.8,437331134.9666198,8599.0,1858.1,-5894.8,0
2026-04-09T09:17:49.802406+00:00,127.28,14.47,127.28,14.47,-105.8,437331134.9666198,8594.3,1856.0,-5891.6,0
2026-04-09T09:17:50.171116+00:00,127.23,14.51,127.23,14.51,-108.8,437331134.9666198,8589.6,1853.8,-5888.3,0
2026-04-09T09:17:50.638969+00:00,127.19,14.55,127.19,14.55,-111.8,437331084.37189823,8584.4,1851.4,-5884.7,0
2026-04-09T09:17:51.007139+00:00,127.14,14.59,127.14,14.59,-111.8,437331084.37189823,8578.9,1848.9,-5881.0,0
2026-04-09T09:17:51.370358+00:00,127.10,14.63,127.1,14.63,-109.8,437331084.37189823,8574.2,1846.7,-5877.7,0
2026-04-09T09:17:51.779926+00:00,127.05,14.67,127.05,14.67,-107.8,437331084.37189823,8568.9,1844.3,-5874.1,0
2026-04-09T09:17:52.146889+00:00,127.01,14.71,127.01,14.71,-107.8,437331084.37189823,8564.0,1842.2,-5870.8,0
2026-04-09T09:17:52.510993+00:00,126.97,14.74,126.97,14.74,-113.8,437331084.37189823,8559.2,1840.0,-5867.5,0
2026-04-09T09:17:52.918233+00:00,126.92,14.79,126.92,14.79,-103.8,437331084.37189823,8553.9,1837.7,-5863.9,0
2026-04-09T09:17:53.281515+00:00,126.88,14.82,126.88,14.82,-104.8,437331084.37189823,8549.1,1835.5,-5860.5,0
2026-04-09T09:17:53.645500+00:00,126.84,14.86,126.84,14.86,-103.8,437331084.37189823,8544.3,1833.4,-5857.2,0
2026-04-09T09:17:54.049484+00:00,126.79,14.90,126.79,14.9,-106.8,437331084.37189823,8538.9,1831.0,-5853.6,0
2026-04-09T09:17:54.413502+00:00,126.75,14.94,126.75,14.94,-103.8,437331084.37189823,8534.0,1828.9,-5850.2,0
2026-04-09T09:17:54.837508+00:00,126.70,14.98,126.7,14.98,-103.8,437331031.0598259,8528.3,1826.4,-5846.3,0
2026-04-09T09:17:55.245492+00:00,126.66,15.03,126.66,15.03,-105.8,437331031.0598259,8522.9,1824.0,-5842.6,0
2026-04-09T09:17:55.610641+00:00,126.61,15.06,126.61,15.06,-109.8,437331031.0598259,8518.0,1821.9,-5839.2,0
2026-04-09T09:17:55.974743+00:00,126.57,15.10,126.57,15.1,-109.8,437331031.0598259,8513.0,1819.8,-5835.8,0
2026-04-09T09:17:56.377496+00:00,126.52,15.14,126.52,15.14,-109.8,437331031.0598259,8507.5,1817.4,-5832.1,0
2026-04-09T09:17:56.741602+00:00,126.48,15.18,126.48,15.18,-111.8,437331031.0598259,8502.6,1815.3,-5828.7,0
2026-04-09T09:17:57.105534+00:00,126.44,15.22,126.44,15.22,-106.8,437331031.0598259,8497.6,1813.2,-5825.2,0
2026-04-09T09:17:57.509526+00:00,126.39,15.26,126.39,15.26,-105.8,437331031.0598259,8492.0,1810.8,-5821.4,0
2026-04-09T09:17:57.874847+00:00,126.35,15.30,126.35,15.3,-105.8,437331031.0598259,8487.0,1808.7,-5818.0,0
2026-04-09T09:17:58.239582+00:00,126.31,15.34,126.31,15.34,-103.8,437331031.0598259,8481.9,1806.6,-5814.5,0
2026-04-09T09:17:58.710598+00:00,126.26,15.38,126.26,15.38,-109.8,437330976.16435367,8476.2,1804.2,-5810.6,0
2026-04-09T09:17:59.078348+00:00,126.21,15.42,126.21,15.42,-107.8,437330976.16435367,8470.2,1801.7,-5806.5,0
2026-04-09T09:17:59.442533+00:00,126.16,15.46,126.16,15.46,-105.8,437330976.16435367,8465.0,1799.6,-5802.9,0
2026-04-09T09:17:59.850326+00:00,126.11,15.51,126.11,15.51,-103.8,437330976.16435367,8459.3,1797.2,-5799.0,0
2026-04-09T09:18:00.220088+00:00,126.07,15.54,126.07,15.54,-106.8,437330976.16435367,8454.1,1795.1,-5795.4,0
2026-04-09T09:18:00.590582+00:00,126.02,15.58,126.02,15.58,-107.8,437330976.16435367,8448.8,1793.0,-5791.8,0
2026-04-09T09:18:00.998860+00:00,125.97,15.63,125.97,15.63,-110.8,437330976.16435367,8443.0,1790.6,-5787.8,0
2026-04-09T09:18:01.362880+00:00,125.93,15.67,125.93,15.67,-105.8,437330976.16435367,8437.7,1788.5,-5784.2,0
2026-04-09T09:18:01.734597+00:00,125.89,15.70,125.89,15.7,-106.8,437330976.16435367,8432.4,1786.3,-5780.6,0
2026-04-09T09:18:02.142974+00:00,125.84,15.75,125.84,15.75,-109.8,437330976.16435367,8426.5,1784.0,-5776.5,0
2026-04-09T09:18:02.508067+00:00,125.79,15.79,125.79,15.79,-107.8,437330976.16435367,8421.1,1781.8,-5772.8,0
2026-04-09T09:18:02.934377+00:00,125.74,15.83,125.74,15.83,-105.8,437330917.86275506,8414.9,1779.4,-5768.6,0
2026-04-09T09:18:03.342565+00:00,125.69,15.88,125.69,15.88,-103.8,437330917.86275506,8409.0,1777.0,-5764.5,0
2026-04-09T09:18:03.710620+00:00,125.64,15.91,125.64,15.91,-101.8,437330917.86275506,8403.6,1774.9,-5760.8,0
2026-04-09T09:18:04.074664+00:00,125.60,15.95,125.6,15.95,-110.8,437330917.86275506,8398.1,1772.8,-5757.1,0
2026-04-09T09:18:04.482510+00:00,125.55,16.00,125.55,16.0,-107.8,437330917.86275506,8392.1,1770.5,-5753.0,0
2026-04-09T09:18:04.850910+00:00,125.50,16.04,125.5,16.04,-108.8,437330917.86275506,8386.7,1768.4,-5749.2,0
2026-04-09T09:18:05.219707+00:00,125.45,16.08,125.45,16.08,-105.8,437330917.86275506,8381.2,1766.2,-5745.4,0
2026-04-09T09:18:05.622639+00:00,125.40,16.12,125.4,16.12,-105.8,437330917.86275506,8375.1,1763.9,-5741.3,0
2026-04-09T09:18:05.991327+00:00,125.36,16.16,125.36,16.16,-103.8,437330917.86275506,8369.6,1761.8,-5737.5,0
2026-04-09T09:18:06.418819+00:00,125.30,16.20,125.3,16.2,-107.8,437330866.13906866,8363.1,1759.4,-5733.1,0
2026-04-09T09:18:06.826582+00:00,125.25,16.25,125.25,16.25,-107.8,437330866.13906866,8356.9,1757.0,-5728.8,0
2026-04-09T09:18:07.191600+00:00,125.21,16.29,125.21,16.29,-106.8,437330866.13906866,8351.3,1754.9,-5725.0,0
2026-04-09T09:18:07.558729+00:00,125.16,16.33,125.16,16.33,-107.8,437330866.13906866,8345.7,1752.8,-5721.1,0
2026-04-09T09:18:07.965577+00:00,125.11,16.37,125.11,16.37,-107.8,437330866.13906866,8339.5,1750.5,-5716.9,0
2026-04-09T09:18:08.329567+00:00,125.06,16.41,125.06,16.41,-108.8,437330866.13906866,8333.8,1748.4,-5713.0,0
2026-04-09T09:18:08.693499+00:00,125.01,16.45,125.01,16.45,-100.8,437330866.13906866,8328.1,1746.3,-5709.1,0
2026-04-09T09:18:09.097491+00:00,124.96,16.49,124.96,16.49,-103.8,437330866.13906866,8321.9,1744.0,-5704.8,0
2026-04-09T09:18:09.461488+00:00,124.91,16.53,124.91,16.53,-103.8,437330866.13906866,8316.2,1741.9,-5700.9,0
2026-04-09T09:18:09.885481+00:00,124.86,16.58,124.86,16.58,-104.8,437330812.7087577,8309.5,1739.5,-5696.3,0
2026-04-09T09:18:10.294645+00:00,124.81,16.62,124.81,16.62,-104.8,437330812.7087577,8303.2,1737.2,-5692.0,0
2026-04-09T09:18:10.653488+00:00,124.76,16.66,124.76,16.66,-107.8,437330812.7087577,8297.4,1735.1,-5688.0,0
2026-04-09T09:18:11.017481+00:00,124.71,16.70,124.71,16.7,-105.8,437330812.7087577,8291.6,1733.1,-5684.1,0
2026-04-09T09:18:11.421552+00:00,124.66,16.75,124.66,16.75,-102.8,437330812.7087577,8285.2,1730.8,-5679.7,0
2026-04-09T09:18:11.785687+00:00,124.61,16.79,124.61,16.79,-108.8,437330812.7087577,8279.4,1728.7,-5675.7,0
2026-04-09T09:18:12.150186+00:00,124.56,16.83,124.56,16.83,-106.8,437330812.7087577,8273.5,1726.6,-5671.7,0
2026-04-09T09:18:12.557573+00:00,124.51,16.87,124.51,16.87,-103.8,437330812.7087577,8267.0,1724.4,-5667.2,0
2026-04-09T09:18:12.917689+00:00,124.46,16.91,124.46,16.91,-107.8,437330812.7087577,8261.1,1722.3,-5663.2,0
2026-04-09T09:18:13.346202+00:00,124.40,16.96,124.4,16.96,-102.8,437330757.52623636,8254.2,1719.9,-5658.4,0
2026-04-09T09:18:13.754824+00:00,124.35,17.00,124.35,17.0,-108.8,437330757.52623636,8247.6,1717.6,-5653.9,0
2026-04-09T09:18:14.127108+00:00,124.30,17.05,124.3,17.05,-101.8,437330757.52623636,8241.5,1715.5,-5649.7,0
2026-04-09T09:18:14.486869+00:00,124.25,17.09,124.25,17.09,-106.8,437330757.52623636,8235.6,1713.5,-5645.6,0
2026-04-09T09:18:14.894534+00:00,124.20,17.13,124.2,17.13,-107.8,437330757.52623636,8228.8,1711.1,-5641.0,0
2026-04-09T09:18:15.262969+00:00,124.15,17.17,124.15,17.17,-107.8,437330757.52623636,8222.7,1709.1,-5636.8,0
2026-04-09T09:18:15.630627+00:00,124.10,17.21,124.1,17.21,-109.8,437330757.52623636,8216.6,1707.0,-5632.6,0
2026-04-09T09:18:16.038552+00:00,124.04,17.26,124.04,17.26,-107.8,437330757.52623636,8209.8,1704.7,-5627.9,0
2026-04-09T09:18:16.402685+00:00,123.99,17.30,123.99,17.3,-105.8,437330757.52623636,8203.6,1702.7,-5623.7,0
2026-04-09T09:18:16.830382+00:00,123.93,17.35,123.93,17.35,-103.8,437330699.82437813,8196.4,1700.2,-5618.8,0
2026-04-09T09:18:17.238576+00:00,123.88,17.39,123.88,17.39,-106.8,437330699.82437813,8189.5,1698.0,-5614.1,0
2026-04-09T09:18:17.606929+00:00,123.83,17.43,123.83,17.43,-105.8,437330699.82437813,8183.3,1695.9,-5609.8,0
2026-04-09T09:18:17.970874+00:00,123.78,17.47,123.78,17.47,-103.8,437330699.82437813,8177.1,1693.9,-5605.5,0
2026-04-09T09:18:18.378349+00:00,123.72,17.52,123.72,17.52,-107.8,437330699.82437813,8170.1,1691.6,-5600.7,0
2026-04-09T09:18:18.746500+00:00,123.67,17.56,123.67,17.56,-106.8,437330699.82437813,8163.7,1689.5,-5596.4,0
2026-04-09T09:18:19.115390+00:00,123.62,17.60,123.62,17.6,-105.8,437330699.82437813,8157.4,1687.4,-5592.0,0
2026-04-09T09:18:19.522911+00:00,123.56,17.65,123.56,17.65,-105.8,437330699.82437813,8150.4,1685.2,-5587.2,0
2026-04-09T09:18:19.886368+00:00,123.51,17.69,123.51,17.69,-103.8,437330699.82437813,8143.9,1683.1,-5582.8,0
2026-04-09T09:18:20.314329+00:00,123.45,17.74,123.45,17.74,-100.8,437330639.99636215,8136.5,1680.7,-5577.7,0
2026-04-09T09:18:20.722861+00:00,123.39,17.79,123.39,17.79,-107.8,437330639.99636215,8129.3,1678.5,-5572.8,0
2026-04-09T09:18:21.090420+00:00,123.34,17.83,123.34,17.83,-106.8,437330639.99636215,8122.8,1676.4,-5568.3,0
2026-04-09T09:18:21.458556+00:00,123.29,17.87,123.29,17.87,-107.8,437330639.99636215,8116.3,1674.4,-5563.9,0
2026-04-09T09:18:21.867236+00:00,123.23,17.91,123.23,17.91,-105.8,437330639.99636215,8109.1,1672.1,-5558.9,0
2026-04-09T09:18:22.231092+00:00,123.18,17.96,123.18,17.96,-107.8,437330639.99636215,8102.5,1670.1,-5554.4,0
2026-04-09T09:18:22.598855+00:00,123.12,18.00,123.12,18.0,-106.8,437330639.99636215,8095.9,1668.0,-5549.9,0
2026-04-09T09:18:23.066553+00:00,123.06,18.05,123.06,18.05,-106.8,437330588.6045985,8088.6,1665.8,-5544.9,0
2026-04-09T09:18:23.434556+00:00,123.00,18.09,123.0,18.09,-107.8,437330588.6045985,8080.9,1663.4,-5539.6,0
2026-04-09T09:18:23.803031+00:00,122.95,18.14,122.95,18.14,-104.8,437330588.6045985,8074.2,1661.4,-5535.0,0
2026-04-09T09:18:24.210899+00:00,122.89,18.18,122.89,18.18,-103.8,437330588.6045985,8066.8,1659.1,-5530.0,0
2026-04-09T09:18:24.574855+00:00,122.84,18.23,122.84,18.23,-100.8,437330588.6045985,8060.0,1657.1,-5525.3,0
2026-04-09T09:18:24.944442+00:00,122.78,18.27,122.78,18.27,-107.8,437330588.6045985,8053.3,1655.1,-5520.7,0
2026-04-09T09:18:25.350552+00:00,122.72,18.31,122.72,18.31,-104.8,437330588.6045985,8045.8,1652.8,-5515.6,0
2026-04-09T09:18:25.715440+00:00,122.67,18.36,122.67,18.36,-101.8,437330588.6045985,8039.0,1650.8,-5510.9,0
2026-04-09T09:18:26.142584+00:00,122.61,18.41,122.61,18.41,-103.8,437330534.853049,8031.1,1648.4,-5505.5,0
2026-04-09T09:18:26.550570+00:00,122.55,18.45,122.55,18.45,-104.8,437330534.853049,8023.5,1646.2,-5500.3,0
2026-04-09T09:18:26.918891+00:00,122.49,18.50,122.49,18.5,-108.8,437330534.853049,8016.6,1644.2,-5495.5,0
2026-04-09T09:18:27.283376+00:00,122.44,18.54,122.44,18.54,-103.8,437330534.853049,8009.8,1642.2,-5490.8,0
2026-04-09T09:18:27.690878+00:00,122.38,18.59,122.38,18.59,-106.8,437330534.853049,8002.0,1639.9,-5485.5,0
2026-04-09T09:18:28.058555+00:00,122.32,18.63,122.32,18.63,-109.8,437330534.853049,7995.0,1637.9,-5480.7,0
2026-04-09T09:18:28.422645+00:00,122.27,18.67,122.27,18.67,-108.8,437330534.853049,7988.0,1635.9,-5475.9,0
2026-04-09T09:18:28.894369+00:00,122.20,18.72,122.2,18.72,-105.8,437330480.30374515,7980.3,1633.7,-5470.6,0
2026-04-09T09:18:29.258779+00:00,122.14,18.77,122.14,18.77,-103.8,437330480.30374515,7972.1,1631.4,-5465.0,0
2026-04-09T09:18:29.630590+00:00,122.08,18.81,122.08,18.81,-107.8,437330480.30374515,7965.0,1629.3,-5460.1,0
2026-04-09T09:18:30.035176+00:00,122.02,18.86,122.02,18.86,-104.8,437330480.30374515,7957.1,1627.1,-5454.7,0
2026-04-09T09:18:30.402798+00:00,121.96,18.90,121.96,18.9,-103.8,437330480.30374515,7949.9,1625.1,-5449.8,0
2026-04-09T09:18:30.770434+00:00,121.91,18.94,121.91,18.94,-100.8,437330480.30374515,7942.8,1623.1,-5444.9,0
2026-04-09T09:18:31.175465+00:00,121.85,18.99,121.85,18.99,-107.8,437330480.30374515,7934.8,1620.9,-5439.5,0
2026-04-09T09:18:31.544118+00:00,121.79,19.04,121.79,19.04,-104.8,437330480.30374515,7927.6,1618.9,-5434.5,0
2026-04-09T09:18:31.970953+00:00,121.72,19.09,121.72,19.09,-103.8,437330423.05560976,7919.1,1616.6,-5428.7,0
2026-04-09T09:18:32.378336+00:00,121.66,19.14,121.66,19.14,-107.8,437330423.05560976,7911.0,1614.4,-5423.1,0
2026-04-09T09:18:32.747812+00:00,121.60,19.18,121.6,19.18,-105.8,437330423.05560976,7903.7,1612.4,-5418.1,0
2026-04-09T09:18:33.110846+00:00,121.55,19.22,121.55,19.22,-107.8,437330423.05560976,7896.4,1610.4,-5413.1,0
2026-04-09T09:18:33.519014+00:00,121.48,19.27,121.48,19.27,-109.8,437330423.05560976,7888.2,1608.2,-5407.5,0
2026-04-09T09:18:33.887371+00:00,121.42,19.31,121.42,19.31,-107.8,437330423.05560976,7880.7,1606.2,-5402.4,0
2026-04-09T09:18:34.256203+00:00,121.37,19.36,121.37,19.36,-105.8,437330423.05560976,7873.4,1604.2,-5397.3,0
2026-04-09T09:18:34.726635+00:00,121.30,19.41,121.3,19.41,-107.8,437330365.05886734,7865.1,1602.0,-5391.6,0
2026-04-09T09:18:35.086882+00:00,121.23,19.46,121.23,19.46,-109.8,437330365.05886734,7856.2,1599.7,-5385.6,0
2026-04-09T09:18:35.454923+00:00,121.17,19.50,121.17,19.5,-107.8,437330365.05886734,7848.8,1597.7,-5380.5,0
2026-04-09T09:18:35.862364+00:00,121.11,19.55,121.11,19.55,-107.8,437330365.05886734,7840.4,1595.6,-5374.7,0
2026-04-09T09:18:36.230687+00:00,121.05,19.59,121.05,19.59,-107.8,437330365.05886734,7832.7,1593.6,-5369.5,0
2026-04-09T09:18:36.594884+00:00,120.99,19.64,120.99,19.64,-107.8,437330365.05886734,7825.2,1591.6,-5364.3,0
2026-04-09T09:18:37.002609+00:00,120.93,19.69,120.93,19.69,-106.8,437330365.05886734,7816.7,1589.4,-5358.5,0
2026-04-09T09:18:37.370171+00:00,120.87,19.73,120.87,19.73,-107.8,437330365.05886734,7809.0,1587.5,-5353.2,0
2026-04-09T09:18:37.798349+00:00,120.80,19.78,120.8,19.78,-106.8,437330304.2215495,7800.0,1585.2,-5347.1,0
2026-04-09T09:18:38.201494+00:00,120.73,19.83,120.73,19.83,-101.8,437330304.2215495,7791.4,1583.0,-5341.2,0
2026-04-09T09:18:38.565479+00:00,120.67,19.88,120.67,19.88,-107.8,437330304.2215495,7783.6,1581.1,-5335.8,0
2026-04-09T09:18:38.929589+00:00,120.61,19.92,120.61,19.92,-106.8,437330304.2215495,7775.8,1579.1,-5330.5,0
2026-04-09T09:18:39.333508+00:00,120.54,19.97,120.54,19.97,-106.8,437330304.2215495,7767.3,1577.0,-5324.6,0
2026-04-09T09:18:39.697560+00:00,120.48,20.01,120.48,20.01,-104.8,437330304.2215495,7759.4,1575.0,-5319.2,0
2026-04-09T09:18:40.065495+00:00,120.42,20.06,120.42,20.06,-107.8,437330304.2215495,7751.6,1573.1,-5313.9,0
2026-04-09T09:18:40.529507+00:00,120.36,20.11,120.36,20.11,-106.8,437330242.85643184,7742.9,1570.9,-5307.9,0
2026-04-09T09:18:40.893501+00:00,120.29,20.16,120.29,20.16,-103.8,437330242.85643184,7733.6,1568.7,-5301.6,0
2026-04-09T09:18:41.258415+00:00,120.22,20.20,120.22,20.2,-103.8,437330242.85643184,7725.7,1566.8,-5296.1,0
2026-04-09T09:18:41.661509+00:00,120.16,20.25,120.16,20.25,-107.8,437330242.85643184,7716.9,1564.6,-5290.0,0
2026-04-09T09:18:42.025458+00:00,120.09,20.30,120.09,20.3,-104.8,437330242.85643184,7708.8,1562.7,-5284.5,0
2026-04-09T09:18:42.389474+00:00,120.03,20.34,120.03,20.34,-106.8,437330242.85643184,7700.7,1560.8,-5279.0,0
2026-04-09T09:18:42.853551+00:00,119.96,20.39,119.96,20.39,-101.8,437330191.7602647,7691.8,1558.6,-5272.8,0
2026-04-09T09:18:43.222440+00:00,119.89,20.44,119.89,20.44,-105.8,437330191.7602647,7682.3,1556.4,-5266.4,0
2026-04-09T09:18:43.590873+00:00,119.83,20.49,119.83,20.49,-101.8,437330191.7602647,7674.1,1554.5,-5260.7,0
2026-04-09T09:18:43.998816+00:00,119.76,20.54,119.76,20.54,-101.8,437330191.7602647,7665.0,1552.3,-5254.5,0
2026-04-09T09:18:44.366178+00:00,119.70,20.58,119.7,20.58,-103.8,437330191.7602647,7656.7,1550.4,-5248.8,0
2026-04-09T09:18:44.730856+00:00,119.63,20.63,119.63,20.63,-108.8,437330191.7602647,7648.4,1548.5,-5243.1,0
2026-04-09T09:18:45.203329+00:00,119.56,20.68,119.56,20.68,-104.8,437330139.1127503,7639.1,1546.3,-5236.7,0
2026-04-09T09:18:45.567897+00:00,119.49,20.73,119.49,20.73,-103.8,437330139.1127503,7629.3,1544.1,-5230.1,0
2026-04-09T09:18:45.930826+00:00,119.42,20.78,119.42,20.78,-106.8,437330139.1127503,7621.0,1542.2,-5224.3,0
2026-04-09T09:18:46.338518+00:00,119.35,20.83,119.35,20.83,-100.8,437330139.1127503,7611.6,1540.1,-5217.9,0
2026-04-09T09:18:46.707041+00:00,119.29,20.87,119.29,20.87,-101.8,437330139.1127503,7603.1,1538.1,-5212.1,0
2026-04-09T09:18:47.075468+00:00,119.23,20.92,119.23,20.92,-105.8,437330139.1127503,7594.7,1536.2,-5206.3,0
2026-04-09T09:18:47.542535+00:00,119.15,20.97,119.15,20.97,-103.8,437330085.1475165,7585.1,1534.1,-5199.8,0
2026-04-09T09:18:47.906916+00:00,119.08,21.02,119.08,21.02,-102.8,437330085.1475165,7575.0,1531.9,-5192.8,0
2026-04-09T09:18:48.275052+00:00,119.01,21.07,119.01,21.07,-108.8,437330085.1475165,7566.5,1530.0,-5187.0,0
2026-04-09T09:18:48.681409+00:00,118.94,21.12,118.94,21.12,-105.8,437330085.1475165,7556.9,1527.9,-5180.4,0
2026-04-09T09:18:49.050357+00:00,118.87,21.16,118.87,21.16,-103.8,437330085.1475165,7548.1,1526.0,-5174.4,0
2026-04-09T09:18:49.414898+00:00,118.81,21.21,118.81,21.21,-103.8,437330085.1475165,7539.5,1524.1,-5168.5,0
2026-04-09T09:18:49.882328+00:00,118.73,21.26,118.73,21.26,-102.8,437330029.74632496,7529.7,1522.0,-5161.8,0
2026-04-09T09:18:50.280326+00:00,118.66,21.31,118.66,21.31,-105.8,437330029.74632496,7519.5,1519.8,-5154.7,0
2026-04-09T09:18:50.639688+00:00,118.59,21.36,118.59,21.36,-104.8,437330029.74632496,7510.2,1517.8,-5148.4,0
2026-04-09T09:18:51.047586+00:00,118.51,21.41,118.51,21.41,-104.8,437330029.74632496,7500.3,1515.7,-5141.6,0
2026-04-09T09:18:51.410616+00:00,118.45,21.46,118.45,21.46,-107.8,437330029.74632496,7491.4,1513.8,-5135.5,0
2026-04-09T09:18:51.778491+00:00,118.38,21.51,118.38,21.51,-104.8,437330029.74632496,7482.5,1511.9,-5129.4,0
2026-04-09T09:18:52.252049+00:00,118.30,21.56,118.3,21.56,-103.8,437329972.46257555,7472.5,1509.8,-5122.5,0
2026-04-09T09:18:52.614763+00:00,118.22,21.61,118.22,21.61,-106.8,437329972.46257555,7462.0,1507.6,-5115.3,0
2026-04-09T09:18:52.982774+00:00,118.16,21.66,118.16,21.66,-102.8,437329972.46257555,7452.8,1505.7,-5109.1,0
2026-04-09T09:18:53.390645+00:00,118.08,21.71,118.08,21.71,-103.8,437329972.46257555,7442.7,1503.7,-5102.1,0
2026-04-09T09:18:53.760154+00:00,118.01,21.76,118.01,21.76,-106.8,437329972.46257555,7433.6,1501.8,-5095.8,0
2026-04-09T09:18:54.122569+00:00,117.94,21.80,117.94,21.8,-109.8,437329972.46257555,7424.5,1499.9,-5089.6,0
2026-04-09T09:18:54.590607+00:00,117.87,21.85,117.87,21.85,-104.8,437329914.23505425,7414.2,1497.9,-5082.6,0
2026-04-09T09:18:54.958877+00:00,117.79,21.91,117.79,21.91,-103.8,437329914.23505425,7403.4,1495.7,-5075.2,0
2026-04-09T09:18:55.331797+00:00,117.72,21.96,117.72,21.96,-107.8,437329914.23505425,7394.1,1493.8,-5068.8,0
2026-04-09T09:18:55.735171+00:00,117.64,22.01,117.64,22.01,-105.8,437329914.23505425,7383.9,1491.8,-5061.8,0
2026-04-09T09:18:56.098905+00:00,117.57,22.05,117.57,22.05,-108.8,437329914.23505425,7374.5,1489.9,-5055.3,0
2026-04-09T09:18:56.466596+00:00,117.50,22.10,117.5,22.1,-108.8,437329914.23505425,7365.0,1488.1,-5048.9,0
2026-04-09T09:18:56.934861+00:00,117.42,22.15,117.42,22.15,-103.8,437329854.5480697,7354.5,1486.0,-5041.7,0
2026-04-09T09:18:57.302684+00:00,117.34,22.21,117.34,22.21,-103.8,437329854.5480697,7343.5,1483.8,-5034.1,0
2026-04-09T09:18:57.666725+00:00,117.27,22.26,117.27,22.26,-107.8,437329854.5480697,7333.9,1482.0,-5027.6,0
2026-04-09T09:18:58.074831+00:00,117.19,22.31,117.19,22.31,-107.8,437329854.5480697,7323.4,1480.0,-5020.3,0
2026-04-09T09:18:58.442861+00:00,117.12,22.35,117.12,22.35,-104.8,437329854.5480697,7313.8,1478.1,-5013.7,0
2026-04-09T09:18:58.806712+00:00,117.05,22.40,117.05,22.4,-101.8,437329854.5480697,7304.1,1476.3,-5007.1,0
2026-04-09T09:18:59.279067+00:00,116.97,22.45,116.97,22.45,-103.8,437329793.48068535,7293.5,1474.2,-4999.8,0
2026-04-09T09:18:59.646581+00:00,116.88,22.51,116.88,22.51,-104.8,437329793.48068535,7282.0,1472.1,-4992.0,0
2026-04-09T09:19:00.010706+00:00,116.81,22.56,116.81,22.56,-105.8,437329793.48068535,7272.4,1470.3,-4985.4,0
2026-04-09T09:19:00.424080+00:00,116.73,22.61,116.73,22.61,-105.8,437329793.48068535,7261.5,1468.2,-4977.9,0
2026-04-09T09:19:00.787632+00:00,116.66,22.66,116.66,22.66,-101.8,437329793.48068535,7251.6,1466.4,-4971.1,0
2026-04-09T09:19:01.155045+00:00,116.58,22.70,116.58,22.7,-104.8,437329793.48068535,7241.7,1464.6,-4964.3,0
2026-04-09T09:19:01.622564+00:00,116.50,22.76,116.5,22.76,-101.8,437329730.7736308,7230.8,1462.6,-4956.8,0
2026-04-09T09:19:01.991226+00:00,116.42,22.81,116.42,22.81,-105.8,437329730.7736308,7219.1,1460.4,-4948.8,0
2026-04-09T09:19:02.354881+00:00,116.34,22.86,116.34,22.86,-103.8,437329730.7736308,7209.1,1458.6,-4942.0,0
2026-04-09T09:19:02.762690+00:00,116.26,22.91,116.26,22.91,-101.8,437329730.7736308,7198.0,1456.6,-4934.3,0
2026-04-09T09:19:03.130547+00:00,116.19,22.96,116.19,22.96,-101.8,437329730.7736308,7187.9,1454.8,-4927.4,0
2026-04-09T09:19:03.494852+00:00,116.11,23.01,116.11,23.01,-104.8,437329730.7736308,7177.8,1453.0,-4920.5,0
2026-04-09T09:19:03.966855+00:00,116.03,23.06,116.03,23.06,-103.8,437329666.5266254,7166.5,1451.0,-4912.8,0
2026-04-09T09:19:04.330150+00:00,115.94,23.12,115.94,23.12,-98.8,437329666.5266254,7154.7,1448.9,-4904.6,0
2026-04-09T09:19:04.698945+00:00,115.87,23.17,115.87,23.17,-105.8,437329666.5266254,7144.3,1447.1,-4897.6,0
2026-04-09T09:19:05.106576+00:00,115.78,23.22,115.78,23.22,-103.8,437329666.5266254,7132.9,1445.1,-4889.7,0
2026-04-09T09:19:05.474641+00:00,115.71,23.27,115.71,23.27,-106.8,437329666.5266254,7122.7,1443.3,-4882.7,0
2026-04-09T09:19:05.898605+00:00,115.62,23.32,115.62,23.32,-99.8,437329616.1434513,7110.6,1441.2,-4874.4,0
2026-04-09T09:19:06.307064+00:00,115.53,23.38,115.53,23.38,-105.8,437329616.1434513,7099.0,1439.3,-4866.5,0
2026-04-09T09:19:06.670518+00:00,115.46,23.43,115.46,23.43,-103.8,437329616.1434513,7088.5,1437.5,-4859.3,0
2026-04-09T09:19:07.038806+00:00,115.38,23.47,115.38,23.47,-106.8,437329616.1434513,7078.1,1435.7,-4852.1,0
2026-04-09T09:19:07.446681+00:00,115.30,23.53,115.3,23.53,-101.8,437329616.1434513,7066.3,1433.7,-4844.1,0
2026-04-09T09:19:07.815501+00:00,115.22,23.58,115.22,23.58,-103.8,437329616.1434513,7055.8,1432.0,-4836.9,0
2026-04-09T09:19:08.239254+00:00,115.13,23.63,115.13,23.63,-106.8,437329549.13350904,7043.4,1429.9,-4828.4,0
2026-04-09T09:19:08.651884+00:00,115.04,23.69,115.04,23.69,-102.8,437329549.13350904,7031.6,1427.9,-4820.3,0
2026-04-09T09:19:09.014840+00:00,114.96,23.73,114.96,23.73,-102.8,437329549.13350904,7020.8,1426.1,-4812.9,0
2026-04-09T09:19:09.382427+00:00,114.88,23.78,114.88,23.78,-101.8,437329549.13350904,7010.0,1424.4,-4805.5,0
2026-04-09T09:19:09.850332+00:00,114.80,23.84,114.8,23.84,-102.8,437329498.0928998,6998.1,1422.4,-4797.3,0
2026-04-09T09:19:10.216039+00:00,114.70,23.89,114.7,23.89,-106.8,437329498.0928998,6985.3,1420.4,-4788.6,0
2026-04-09T09:19:10.587647+00:00,114.63,23.94,114.63,23.94,-104.8,437329498.0928998,6974.5,1418.6,-4781.2,0
2026-04-09T09:19:10.993789+00:00,114.54,24.00,114.54,24.0,-101.8,437329498.0928998,6962.4,1416.7,-4772.8,0
2026-04-09T09:19:11.358354+00:00,114.46,24.05,114.46,24.05,-101.8,437329498.0928998,6951.3,1414.9,-4765.3,0
2026-04-09T09:19:11.786989+00:00,114.36,24.10,114.36,24.1,-103.8,437329444.5500486,6938.6,1412.9,-4756.5,0
2026-04-09T09:19:12.195367+00:00,114.27,24.16,114.27,24.16,-103.8,437329444.5500486,6926.3,1411.0,-4748.1,0
2026-04-09T09:19:12.558508+00:00,114.19,24.21,114.19,24.21,-101.8,437329444.5500486,6915.1,1409.2,-4740.4,0
2026-04-09T09:19:12.927008+00:00,114.11,24.25,114.11,24.25,-101.8,437329444.5500486,6903.9,1407.5,-4732.8,0
2026-04-09T09:19:13.393997+00:00,114.02,24.31,114.02,24.31,-103.8,437329391.42744285,6891.4,1405.5,-4724.2,0
2026-04-09T09:19:13.763013+00:00,113.93,24.37,113.93,24.37,-106.8,437329391.42744285,6878.4,1403.5,-4715.3,0
2026-04-09T09:19:14.126132+00:00,113.85,24.41,113.85,24.41,-103.8,437329391.42744285,6867.1,1401.8,-4707.5,0
2026-04-09T09:19:14.535101+00:00,113.75,24.47,113.75,24.47,-103.8,437329391.42744285,6854.5,1399.9,-4698.9,0
2026-04-09T09:19:14.902882+00:00,113.67,24.52,113.67,24.52,-101.8,437329391.42744285,6843.1,1398.2,-4691.0,0
2026-04-09T09:19:15.330860+00:00,113.57,24.58,113.57,24.58,-104.8,437329335.99562323,6829.7,1396.2,-4681.9,0
2026-04-09T09:19:15.743997+00:00,113.48,24.63,113.48,24.63,-101.8,437329335.99562323,6816.9,1394.2,-4673.1,0
2026-04-09T09:19:16.107099+00:00,113.40,24.68,113.4,24.68,-103.8,437329335.99562323,6805.4,1392.5,-4665.2,0
2026-04-09T09:19:16.469554+00:00,113.32,24.73,113.32,24.73,-99.8,437329335.99562323,6793.9,1390.8,-4657.3,0
2026-04-09T09:19:16.933603+00:00,113.22,24.78,113.22,24.78,-100.8,437329280.9491474,6780.9,1388.9,-4648.5,0
2026-04-09T09:19:17.297527+00:00,113.13,24.84,113.13,24.84,-100.8,437329280.9491474,6767.5,1387.0,-4639.2,0
2026-04-09T09:19:17.661495+00:00,113.04,24.89,113.04,24.89,-101.8,437329280.9491474,6755.8,1385.3,-4631.2,0
2026-04-09T09:19:18.069489+00:00,112.95,24.94,112.95,24.94,-97.8,437329280.9491474,6742.9,1383.4,-4622.4,0
2026-04-09T09:19:18.433488+00:00,112.86,24.99,112.86,24.99,-99.8,437329280.9491474,6731.1,1381.7,-4614.3,0
2026-04-09T09:19:18.857493+00:00,112.76,25.05,112.76,25.05,-101.8,437329223.84987867,6717.4,1379.8,-4604.9,0
2026-04-09T09:19:19.261629+00:00,112.67,25.11,112.67,25.11,-99.8,437329223.84987867,6704.3,1377.9,-4595.9,0
2026-04-09T09:19:19.625530+00:00,112.59,25.15,112.59,25.15,-96.8,437329223.84987867,6692.4,1376.2,-4587.8,0
2026-04-09T09:19:19.989524+00:00,112.50,25.20,112.5,25.2,-100.8,437329223.84987867,6680.6,1374.6,-4579.6,0
2026-04-09T09:19:20.454156+00:00,112.40,25.26,112.4,25.26,-95.8,437329167.23994684,6667.2,1372.7,-4570.5,0
2026-04-09T09:19:20.821529+00:00,112.30,25.32,112.3,25.32,-97.8,437329167.23994684,6653.1,1370.8,-4560.8,0
2026-04-09T09:19:21.181487+00:00,112.22,25.37,112.22,25.37,-100.8,437329167.23994684,6641.1,1369.1,-4552.6,0
2026-04-09T09:19:21.590888+00:00,112.12,25.42,112.12,25.42,-107.8,437329167.23994684,6627.6,1367.3,-4543.4,0
2026-04-09T09:19:21.958885+00:00,112.03,25.47,112.03,25.47,-101.8,437329167.23994684,6615.3,1365.6,-4534.9,0
2026-04-09T09:19:22.386352+00:00,111.93,25.53,111.93,25.53,-106.8,437329107.72960794,6601.1,1363.7,-4525.2,0
2026-04-09T09:19:22.794796+00:00,111.83,25.58,111.83,25.58,-97.8,437329107.72960794,6587.4,1361.8,-4515.7,0
2026-04-09T09:19:23.157574+00:00,111.74,25.63,111.74,25.63,-98.8,437329107.72960794,6574.9,1360.2,-4507.2,0
2026-04-09T09:19:23.521509+00:00,111.65,25.68,111.65,25.68,-99.8,437329107.72960794,6562.6,1358.5,-4498.8,0
2026-04-09T09:19:23.985516+00:00,111.56,25.74,111.56,25.74,-98.8,437329048.8268445,6548.8,1356.7,-4489.3,0
2026-04-09T09:19:24.349491+00:00,111.45,25.80,111.45,25.8,-98.8,437329048.8268445,6534.3,1354.8,-4479.4,0
2026-04-09T09:19:24.713508+00:00,111.36,25.85,111.36,25.85,-97.8,437329048.8268445,6521.8,1353.2,-4470.8,0
2026-04-09T09:19:25.117487+00:00,111.26,25.90,111.26,25.9,-103.8,437329048.8268445,6507.8,1351.4,-4461.2,0
2026-04-09T09:19:25.481486+00:00,111.17,25.95,111.17,25.95,-101.8,437329048.8268445,6495.2,1349.8,-4452.5,0
2026-04-09T09:19:25.911144+00:00,111.07,26.01,111.07,26.01,-101.8,437328987.4652882,6480.4,1347.9,-4442.4,0
2026-04-09T09:19:26.309713+00:00,110.97,26.06,110.97,26.06,-100.8,437328987.4652882,6466.3,1346.1,-4432.8,0
2026-04-09T09:19:26.673531+00:00,110.87,26.11,110.87,26.11,-100.8,437328987.4652882,6453.6,1344.5,-4424.0,0
2026-04-09T09:19:27.037514+00:00,110.78,26.16,110.78,26.16,-97.8,437328987.4652882,6440.8,1342.9,-4415.3,0
2026-04-09T09:19:27.505513+00:00,110.68,26.22,110.68,26.22,-97.8,437328926.45274943,6426.5,1341.1,-4405.4,0
2026-04-09T09:19:27.871921+00:00,110.57,26.28,110.57,26.28,-99.8,437328926.45274943,6411.5,1339.2,-4395.2,0
2026-04-09T09:19:28.235746+00:00,110.48,26.33,110.48,26.33,-100.8,437328926.45274943,6398.5,1337.6,-4386.3,0
2026-04-09T09:19:28.642556+00:00,110.38,26.38,110.38,26.38,-100.8,437328926.45274943,6383.9,1335.8,-4376.3,0
2026-04-09T09:19:29.010433+00:00,110.28,26.43,110.28,26.43,-99.8,437328926.45274943,6370.7,1334.2,-4367.3,0
2026-04-09T09:19:29.438580+00:00,110.18,26.49,110.18,26.49,-105.8,437328862.601772,6355.5,1332.4,-4356.8,0
2026-04-09T09:19:29.846353+00:00,110.07,26.55,110.07,26.55,-101.8,437328862.601772,6340.7,1330.6,-4346.7,0
2026-04-09T09:19:30.211784+00:00,109.98,26.60,109.98,26.6,-104.8,437328862.601772,6327.2,1329.0,-4337.4,0
2026-04-09T09:19:30.578549+00:00,109.88,26.65,109.88,26.65,-106.8,437328862.601772,6314.0,1327.4,-4328.3,0
2026-04-09T09:19:31.050451+00:00,109.77,26.71,109.77,26.71,-103.8,437328799.0292965,6299.0,1325.6,-4318.1,0
2026-04-09T09:19:31.414812+00:00,109.66,26.76,109.66,26.76,-99.8,437328799.0292965,6283.3,1323.8,-4307.3,0
2026-04-09T09:19:31.778948+00:00,109.57,26.81,109.57,26.81,-107.8,437328799.0292965,6269.9,1322.2,-4298.1,0
2026-04-09T09:19:32.186851+00:00,109.46,26.87,109.46,26.87,-101.8,437328799.0292965,6254.8,1320.5,-4287.8,0
2026-04-09T09:19:32.554849+00:00,109.36,26.92,109.36,26.92,-103.8,437328799.0292965,6241.1,1318.9,-4278.4,0
2026-04-09T09:19:32.982591+00:00,109.25,26.98,109.25,26.98,-101.8,437328732.6639683,6225.1,1317.1,-4267.5,0
2026-04-09T09:19:33.390388+00:00,109.14,27.04,109.14,27.04,-100.8,437328732.6639683,6209.9,1315.3,-4257.0,0
2026-04-09T09:19:33.756118+00:00,109.05,27.09,109.05,27.09,-101.8,437328732.6639683,6196.2,1313.8,-4247.6,0
2026-04-09T09:19:34.122830+00:00,108.95,27.14,108.95,27.14,-101.8,437328732.6639683,6182.3,1312.2,-4238.1,0
2026-04-09T09:19:34.590570+00:00,108.84,27.19,108.84,27.19,-102.8,437328666.8342753,6166.8,1310.5,-4227.5,0
2026-04-09T09:19:34.958388+00:00,108.72,27.25,108.72,27.25,-106.8,437328666.8342753,6150.5,1308.7,-4216.3,0
2026-04-09T09:19:35.322702+00:00,108.62,27.30,108.62,27.3,-101.8,437328666.8342753,6136.7,1307.1,-4206.8,0
2026-04-09T09:19:35.730900+00:00,108.51,27.36,108.51,27.36,-105.8,437328666.8342753,6121.0,1305.4,-4196.1,0
2026-04-09T09:19:36.098904+00:00,108.41,27.41,108.41,27.41,-103.8,437328666.8342753,6106.8,1303.9,-4186.4,0
2026-04-09T09:19:36.526841+00:00,108.30,27.47,108.3,27.47,-101.8,437328598.0885051,6090.3,1302.1,-4175.0,0
2026-04-09T09:19:36.935713+00:00,108.19,27.52,108.19,27.52,-100.8,437328598.0885051,6074.6,1300.4,-4164.3,0
2026-04-09T09:19:37.298921+00:00,108.08,27.58,108.08,27.58,-101.8,437328598.0885051,6060.3,1298.9,-4154.4,0
2026-04-09T09:19:37.666561+00:00,107.98,27.63,107.98,27.63,-101.8,437328598.0885051,6045.9,1297.4,-4144.6,0
2026-04-09T09:19:38.133483+00:00,107.87,27.68,107.87,27.68,-101.8,437328529.92324364,6029.9,1295.7,-4133.6,0
2026-04-09T09:19:38.501281+00:00,107.75,27.74,107.75,27.74,-100.8,437328529.92324364,6013.2,1293.9,-4122.2,0
2026-04-09T09:19:38.861497+00:00,107.65,27.79,107.65,27.79,-106.8,437328529.92324364,5998.8,1292.4,-4112.3,0
2026-04-09T09:19:39.265674+00:00,107.54,27.85,107.54,27.85,-100.8,437328529.92324364,5982.8,1290.8,-4101.3,0
2026-04-09T09:19:39.629479+00:00,107.44,27.90,107.44,27.9,-101.8,437328529.92324364,5968.3,1289.3,-4091.4,0
2026-04-09T09:19:40.054133+00:00,107.32,27.96,107.32,27.96,-103.8,437328459.2924227,5951.3,1287.5,-4079.8,0
2026-04-09T09:19:40.457485+00:00,107.20,28.01,107.2,28.01,-101.8,437328459.2924227,5935.1,1285.9,-4068.6,0
2026-04-09T09:19:40.821494+00:00,107.10,28.06,107.1,28.06,-104.8,437328459.2924227,5920.5,1284.4,-4058.6,0
2026-04-09T09:19:41.185491+00:00,106.99,28.11,106.99,28.11,-99.8,437328459.2924227,5905.7,1282.9,-4048.5,0
2026-04-09T09:19:41.649506+00:00,106.88,28.17,106.88,28.17,-102.8,437328389.3386244,5889.3,1281.3,-4037.2,0
2026-04-09T09:19:42.013489+00:00,106.76,28.23,106.76,28.23,-100.8,437328389.3386244,5872.1,1279.6,-4025.4,0
2026-04-09T09:19:42.377487+00:00,106.65,28.28,106.65,28.28,-95.8,437328389.3386244,5857.0,1278.1,-4015.1,0
2026-04-09T09:19:42.781560+00:00,106.53,28.33,106.53,28.33,-101.8,437328389.3386244,5840.4,1276.5,-4003.7,0
2026-04-09T09:19:43.150856+00:00,106.43,28.38,106.43,28.38,-104.8,437328389.3386244,5825.4,1275.0,-3993.4,0
2026-04-09T09:19:43.582550+00:00,106.31,28.44,106.31,28.44,-105.8,437328316.0328333,5807.9,1273.3,-3981.4,0
2026-04-09T09:19:43.987747+00:00,106.19,28.50,106.19,28.5,-106.8,437328316.0328333,5790.8,1271.7,-3969.7,0
2026-04-09T09:19:44.350609+00:00,106.08,28.55,106.08,28.55,-100.8,437328316.0328333,5775.6,1270.3,-3959.3,0
2026-04-09T09:19:44.719224+00:00,105.97,28.60,105.97,28.6,-102.8,437328316.0328333,5760.2,1268.8,-3948.7,0
2026-04-09T09:19:45.186839+00:00,105.85,28.66,105.85,28.66,-103.8,437328243.05397904,5743.1,1267.2,-3937.0,0
2026-04-09T09:19:45.555632+00:00,105.72,28.71,105.72,28.71,-102.8,437328243.05397904,5725.0,1265.5,-3924.6,0
2026-04-09T09:19:45.922147+00:00,105.61,28.76,105.61,28.76,-107.8,437328243.05397904,5709.6,1264.1,-3914.0,0
2026-04-09T09:19:46.390124+00:00,105.49,28.82,105.49,28.82,-107.8,437328192.280475,5692.3,1262.5,-3902.2,0
2026-04-09T09:19:46.760053+00:00,105.37,28.88,105.37,28.88,-101.8,437328192.280475,5674.0,1260.8,-3889.7,0
2026-04-09T09:19:47.122898+00:00,105.25,28.93,105.25,28.93,-101.8,437328192.280475,5658.3,1259.4,-3878.9,0
2026-04-09T09:19:47.590577+00:00,105.13,28.99,105.13,28.99,-101.8,437328140.765843,5640.8,1257.8,-3866.8,0
2026-04-09T09:19:47.958543+00:00,105.00,29.05,105.0,29.05,-106.8,437328140.765843,5622.3,1256.2,-3854.2,0
2026-04-09T09:19:48.326415+00:00,104.89,29.10,104.89,29.1,-100.8,437328140.765843,5606.4,1254.8,-3843.3,0
2026-04-09T09:19:48.798595+00:00,104.77,29.15,104.77,29.15,-101.8,437328088.83238995,5588.8,1253.2,-3831.2,0
2026-04-09T09:19:49.158857+00:00,104.64,29.21,104.64,29.21,-106.8,437328088.83238995,5570.0,1251.6,-3818.3,0
2026-04-09T09:19:49.526851+00:00,104.52,29.26,104.52,29.26,-107.8,437328088.83238995,5554.1,1250.2,-3807.4,0
2026-04-09T09:19:49.995997+00:00,104.40,29.32,104.4,29.32,-107.8,437328036.14249474,5536.1,1248.6,-3795.1,0
2026-04-09T09:19:50.362819+00:00,104.27,29.38,104.27,29.38,-107.8,437328036.14249474,5517.3,1247.0,-3782.2,0
2026-04-09T09:19:50.727251+00:00,104.15,29.42,104.15,29.42,-103.8,437328036.14249474,5501.2,1245.6,-3771.2,0
2026-04-09T09:19:51.198660+00:00,104.02,29.48,104.02,29.48,-106.8,437327982.8147523,5482.8,1244.1,-3758.6,0
2026-04-09T09:19:51.567619+00:00,103.89,29.54,103.89,29.54,-107.8,437327982.8147523,5463.8,1242.5,-3745.5,0
2026-04-09T09:19:51.934956+00:00,103.78,29.59,103.78,29.59,-102.8,437327982.8147523,5447.5,1241.1,-3734.4,0
2026-04-09T09:19:52.402829+00:00,103.65,29.65,103.65,29.65,-103.8,437327929.1294449,5429.1,1239.6,-3721.8,0
2026-04-09T09:19:52.772001+00:00,103.51,29.70,103.51,29.7,-103.8,437327929.1294449,5409.7,1238.0,-3708.4,0
2026-04-09T09:19:53.133527+00:00,103.40,29.75,103.4,29.75,-100.8,437327929.1294449,5393.2,1236.6,-3697.2,0
2026-04-09T09:19:53.597547+00:00,103.27,29.81,103.27,29.81,-100.8,437327874.88392866,5374.9,1235.1,-3684.6,0
2026-04-09T09:19:53.965007+00:00,103.13,29.87,103.13,29.87,-102.8,437327874.88392866,5355.6,1233.6,-3671.3,0
2026-04-09T09:19:54.329504+00:00,103.02,29.92,103.02,29.92,-103.8,437327874.88392866,5338.9,1232.2,-3659.9,0
2026-04-09T09:19:54.793571+00:00,102.89,29.97,102.89,29.97,-106.8,437327820.175074,5320.2,1230.7,-3647.1,0
2026-04-09T09:19:55.157519+00:00,102.75,30.03,102.75,30.03,-105.8,437327820.175074,5300.6,1229.2,-3633.7,0
2026-04-09T09:19:55.521504+00:00,102.63,30.08,102.63,30.08,-106.8,437327820.175074,5283.8,1227.9,-3622.2,0
2026-04-09T09:19:55.985510+00:00,102.50,30.13,102.5,30.13,-103.8,437327765.0709034,5265.1,1226.4,-3609.3,0
2026-04-09T09:19:56.349506+00:00,102.36,30.19,102.36,30.19,-101.8,437327765.0709034,5245.3,1224.9,-3595.8,0
2026-04-09T09:19:56.713724+00:00,102.24,30.24,102.24,30.24,-104.8,437327765.0709034,5228.3,1223.6,-3584.1,0
2026-04-09T09:19:57.177557+00:00,102.11,30.30,102.11,30.3,-105.8,437327709.1807311,5209.2,1222.1,-3571.0,0
2026-04-09T09:19:57.541483+00:00,101.97,30.35,101.97,30.35,-101.8,437327709.1807311,5189.2,1220.6,-3557.3,0
2026-04-09T09:19:57.911980+00:00,101.85,30.40,101.85,30.4,-108.8,437327709.1807311,5172.0,1219.3,-3545.5,0
2026-04-09T09:19:58.377977+00:00,101.71,30.46,101.71,30.46,-109.8,437327652.8717378,5152.9,1217.9,-3532.4,0
2026-04-09T09:19:58.746761+00:00,101.57,30.51,101.57,30.51,-103.8,437327652.8717378,5132.5,1216.4,-3518.4,0
2026-04-09T09:19:59.113332+00:00,101.45,30.56,101.45,30.56,-106.8,437327652.8717378,5114.8,1215.1,-3506.3,0
2026-04-09T09:19:59.573472+00:00,101.31,30.62,101.31,30.62,-103.8,437327595.4045761,5095.4,1213.7,-3493.0,0
2026-04-09T09:19:59.938231+00:00,101.17,30.68,101.17,30.68,-105.8,437327595.4045761,5075.0,1212.2,-3479.0,0
2026-04-09T09:20:00.301507+00:00,101.05,30.72,101.05,30.72,-101.8,437327595.4045761,5057.5,1210.9,-3467.0,0
2026-04-09T09:20:00.769607+00:00,100.91,30.78,100.91,30.78,-102.8,437327537.9124846,5037.9,1209.5,-3453.6,0
2026-04-09T09:20:01.134613+00:00,100.77,30.84,100.77,30.84,-102.8,437327537.9124846,5017.3,1208.1,-3439.5,0
2026-04-09T09:20:01.498670+00:00,100.64,30.88,100.64,30.88,-101.8,437327537.9124846,4999.6,1206.8,-3427.3,0
2026-04-09T09:20:01.961671+00:00,100.51,30.94,100.51,30.94,-103.8,437327479.8138861,4979.8,1205.4,-3413.8,0
2026-04-09T09:20:02.325496+00:00,100.36,30.99,100.36,30.99,-106.8,437327479.8138861,4959.0,1204.0,-3399.5,0
2026-04-09T09:20:02.689484+00:00,100.23,31.04,100.23,31.04,-103.8,437327479.8138861,4941.1,1202.8,-3387.2,0
2026-04-09T09:20:03.153543+00:00,100.09,31.10,100.09,31.1,-104.8,437327421.1166156,4921.1,1201.4,-3373.5,0
2026-04-09T09:20:03.517586+00:00,99.95,31.15,99.95,31.15,-105.8,437327421.1166156,4900.1,1200.0,-3359.1,0
2026-04-09T09:20:03.881476+00:00,99.82,31.20,99.82,31.2,-101.8,437327421.1166156,4882.0,1198.7,-3346.7,0
2026-04-09T09:20:04.356072+00:00,99.68,31.25,99.68,31.25,-105.8,437327361.789333,4861.8,1197.4,-3332.8,0
2026-04-09T09:20:04.715502+00:00,99.53,31.31,99.53,31.31,-107.8,437327361.789333,4840.2,1196.0,-3318.0,0
2026-04-09T09:20:05.082541+00:00,99.40,31.36,99.4,31.36,-107.8,437327361.789333,4821.9,1194.7,-3305.5,0
2026-04-09T09:20:05.549572+00:00,99.26,31.41,99.26,31.41,-97.8,437327301.30210114,4801.3,1193.4,-3291.4,0
2026-04-09T09:20:05.913545+00:00,99.11,31.47,99.11,31.47,-103.8,437327301.30210114,4779.9,1192.0,-3276.7,0
2026-04-09T09:20:06.277538+00:00,98.98,31.52,98.98,31.52,-101.8,437327301.30210114,4761.4,1190.8,-3264.0,0
2026-04-09T09:20:06.741880+00:00,98.83,31.57,98.83,31.57,-106.8,437327240.8016921,4740.8,1189.5,-3249.9,0
2026-04-09T09:20:07.105476+00:00,98.68,31.63,98.68,31.63,-103.8,437327240.8016921,4718.9,1188.1,-3234.9,0
2026-04-09T09:20:07.469483+00:00,98.55,31.67,98.55,31.67,-103.8,437327240.8016921,4700.5,1187.0,-3222.3,0
2026-04-09T09:20:07.938695+00:00,98.41,31.73,98.41,31.73,-101.8,437327179.48251647,4679.5,1185.6,-3207.9,0
2026-04-09T09:20:08.301489+00:00,98.25,31.78,98.25,31.78,-103.8,437327179.48251647,4657.6,1184.3,-3192.9,0
2026-04-09T09:20:08.661496+00:00,98.12,31.83,98.12,31.83,-103.8,437327179.48251647,4638.8,1183.1,-3179.9,0
2026-04-09T09:20:09.129485+00:00,97.98,31.88,97.98,31.88,-102.8,437327117.7683812,4617.8,1181.8,-3165.6,0
2026-04-09T09:20:09.496992+00:00,97.82,31.93,97.82,31.93,-103.8,437327117.7683812,4595.7,1180.5,-3150.4,0
2026-04-09T09:20:09.858228+00:00,97.69,31.98,97.69,31.98,-101.8,437327117.7683812,4576.6,1179.4,-3137.4,0
2026-04-09T09:20:10.322861+00:00,97.54,32.03,97.54,32.03,-106.8,437327055.4523688,4555.5,1178.1,-3122.8,0
2026-04-09T09:20:10.687265+00:00,97.38,32.09,97.38,32.09,-102.8,437327055.4523688,4532.9,1176.8,-3107.4,0
2026-04-09T09:20:11.054534+00:00,97.25,32.14,97.25,32.14,-103.8,437327055.4523688,4513.7,1175.6,-3094.2,0
2026-04-09T09:20:11.523351+00:00,97.10,32.19,97.1,32.19,-107.8,437326992.090016,4492.1,1174.4,-3079.4,0
2026-04-09T09:20:11.890431+00:00,96.94,32.24,96.94,32.24,-102.8,437326992.090016,4469.4,1173.1,-3063.8,0
2026-04-09T09:20:12.254910+00:00,96.80,32.29,96.8,32.29,-102.8,437326992.090016,4450.0,1172.0,-3050.6,0
2026-04-09T09:20:12.728295+00:00,96.65,32.34,96.65,32.34,-107.8,437326928.1418124,4428.1,1170.7,-3035.6,0
2026-04-09T09:20:13.090836+00:00,96.49,32.39,96.49,32.39,-106.8,437326928.1418124,4405.2,1169.4,-3019.9,0
2026-04-09T09:20:13.458872+00:00,96.35,32.44,96.35,32.44,-103.8,437326928.1418124,4385.4,1168.3,-3006.3,0
2026-04-09T09:20:13.926781+00:00,96.20,32.49,96.2,32.49,-103.8,437326863.3057508,4363.3,1167.1,-2991.1,0
2026-04-09T09:20:14.294596+00:00,96.03,32.55,96.03,32.55,-104.8,437326863.3057508,4340.2,1165.8,-2975.3,0
2026-04-09T09:20:14.662437+00:00,95.90,32.59,95.9,32.59,-105.8,437326863.3057508,4320.5,1164.7,-2961.8,0
2026-04-09T09:20:15.126872+00:00,95.74,32.64,95.74,32.64,-103.8,437326798.2022279,4298.2,1163.5,-2946.5,0
2026-04-09T09:20:15.494552+00:00,95.58,32.70,95.58,32.7,-107.8,437326798.2022279,4274.8,1162.3,-2930.5,0
2026-04-09T09:20:15.863377+00:00,95.44,32.74,95.44,32.74,-105.8,437326798.2022279,4254.6,1161.2,-2916.6,0
2026-04-09T09:20:16.330339+00:00,95.28,32.79,95.28,32.79,-103.8,437326732.43201023,4232.4,1160.0,-2901.4,0
2026-04-09T09:20:16.695128+00:00,95.12,32.84,95.12,32.84,-107.8,437326732.43201023,4208.8,1158.8,-2885.2,0
2026-04-09T09:20:17.062541+00:00,94.97,32.89,94.97,32.89,-102.8,437326732.43201023,4188.5,1157.7,-2871.3,0
2026-04-09T09:20:17.530943+00:00,94.81,32.94,94.81,32.94,-107.8,437326665.8255752,4165.8,1156.5,-2855.7,0
2026-04-09T09:20:17.898983+00:00,94.65,32.99,94.65,32.99,-107.8,437326665.8255752,4142.0,1155.3,-2839.4,0
2026-04-09T09:20:18.262624+00:00,94.50,33.04,94.5,33.04,-104.8,437326665.8255752,4121.5,1154.3,-2825.3,0
2026-04-09T09:20:18.736011+00:00,94.35,33.09,94.35,33.09,-104.8,437326598.8466172,4098.8,1153.1,-2809.8,0
2026-04-09T09:20:19.098523+00:00,94.18,33.14,94.18,33.14,-103.8,437326598.8466172,4074.8,1151.9,-2793.4,0
2026-04-09T09:20:19.467910+00:00,94.03,33.18,94.03,33.18,-106.8,437326598.8466172,4054.1,1150.9,-2779.1,0
2026-04-09T09:20:19.943096+00:00,93.87,33.23,93.87,33.23,-106.8,437326531.25367326,4031.3,1149.8,-2763.5,0
2026-04-09T09:20:20.302783+00:00,93.70,33.28,93.7,33.28,-106.8,437326531.25367326,4006.9,1148.6,-2746.8,0
2026-04-09T09:20:20.667221+00:00,93.55,33.33,93.55,33.33,-103.8,437326531.25367326,3986.0,1147.6,-2732.4,0
2026-04-09T09:20:21.138538+00:00,93.39,33.37,93.39,33.37,-105.8,437326462.87722063,3962.9,1146.5,-2716.6,0
2026-04-09T09:20:21.502859+00:00,93.22,33.43,93.22,33.43,-106.8,437326462.87722063,3938.4,1145.3,-2699.9,0
2026-04-09T09:20:21.870336+00:00,93.07,33.47,93.07,33.47,-103.8,437326462.87722063,3917.3,1144.3,-2685.4,0
2026-04-09T09:20:22.338346+00:00,92.91,33.52,92.91,33.52,-103.8,437326393.88535744,3893.9,1143.3,-2669.3,0
2026-04-09T09:20:22.707323+00:00,92.74,33.57,92.74,33.57,-107.8,437326393.88535744,3869.2,1142.1,-2652.4,0
2026-04-09T09:20:23.069484+00:00,92.59,33.61,92.59,33.61,-97.8,437326393.88535744,3848.0,1141.1,-2637.8,0
2026-04-09T09:20:23.533495+00:00,92.42,33.66,92.42,33.66,-100.8,437326324.740354,3824.7,1140.1,-2621.9,0
2026-04-09T09:20:23.897519+00:00,92.25,33.71,92.25,33.71,-101.8,437326324.740354,3799.9,1139.0,-2604.9,0
2026-04-09T09:20:24.261557+00:00,92.10,33.75,92.1,33.75,-101.8,437326324.740354,3778.7,1138.0,-2590.4,0
2026-04-09T09:20:24.729670+00:00,91.94,33.80,91.94,33.8,-105.8,437326255.07502943,3755.1,1137.0,-2574.2,0
2026-04-09T09:20:25.098536+00:00,91.76,33.84,91.76,33.84,-103.8,437326255.07502943,3730.2,1135.9,-2557.1,0
2026-04-09T09:20:25.458616+00:00,91.61,33.89,91.61,33.89,-101.8,437326255.07502943,3708.8,1135.0,-2542.5,0
2026-04-09T09:20:25.921722+00:00,91.44,33.93,91.44,33.93,-101.8,437326185.03646976,3685.0,1133.9,-2526.2,0
2026-04-09T09:20:26.285574+00:00,91.27,33.98,91.27,33.98,-97.8,437326185.03646976,3660.0,1132.9,-2509.0,0
2026-04-09T09:20:26.649478+00:00,91.12,34.02,91.12,34.02,-106.8,437326185.03646976,3638.4,1132.0,-2494.2,0
2026-04-09T09:20:27.113466+00:00,90.95,34.07,90.95,34.07,-101.8,437326114.43164694,3614.4,1131.0,-2477.8,0
2026-04-09T09:20:27.477497+00:00,90.77,34.11,90.77,34.11,-103.8,437326114.43164694,3588.9,1129.9,-2460.3,0
2026-04-09T09:20:27.842864+00:00,90.62,34.15,90.62,34.15,-98.8,437326114.43164694,3567.4,1129.0,-2445.5,0
2026-04-09T09:20:28.310385+00:00,90.45,34.20,90.45,34.2,-99.8,437326043.01731724,3543.0,1128.0,-2428.8,0
2026-04-09T09:20:28.678519+00:00,90.27,34.25,90.27,34.25,-103.8,437326043.01731724,3517.3,1127.0,-2411.2,0
2026-04-09T09:20:29.047019+00:00,90.11,34.29,90.11,34.29,-106.8,437326043.01731724,3495.2,1126.1,-2396.0,0
2026-04-09T09:20:29.497498+00:00,89.94,34.33,89.94,34.33,-103.8,437325970.7938366,3470.8,1125.1,-2379.3,0
2026-04-09T09:20:29.862139+00:00,89.76,34.38,89.76,34.38,-103.8,437325970.7938366,3445.8,1124.2,-2362.2,0
2026-04-09T09:20:30.229771+00:00,89.61,34.42,89.61,34.42,-97.8,437325970.7938366,3423.8,1123.3,-2347.1,0
2026-04-09T09:20:30.689494+00:00,89.44,34.46,89.44,34.46,-100.8,437325899.2609121,3399.3,1122.4,-2330.3,0
2026-04-09T09:20:31.053482+00:00,89.25,34.51,89.25,34.51,-101.8,437325899.2609121,3373.4,1121.4,-2312.5,0
2026-04-09T09:20:31.417495+00:00,89.10,34.54,89.1,34.54,-100.8,437325899.2609121,3351.2,1120.5,-2297.3,0
2026-04-09T09:20:31.881477+00:00,88.92,34.59,88.92,34.59,-99.8,437325826.44517004,3326.4,1119.6,-2280.3,0
2026-04-09T09:20:32.245663+00:00,88.74,34.63,88.74,34.63,-101.8,437325826.44517004,3300.2,1118.6,-2262.3,0
2026-04-09T09:20:32.609494+00:00,88.58,34.67,88.58,34.67,-99.8,437325826.44517004,3278.0,1117.8,-2247.1,0
2026-04-09T09:20:33.073486+00:00,88.41,34.71,88.41,34.71,-101.8,437325753.08595794,3253.1,1116.9,-2230.0,0
2026-04-09T09:20:33.437507+00:00,88.22,34.76,88.22,34.76,-101.8,437325753.08595794,3226.6,1116.0,-2211.9,0
2026-04-09T09:20:33.801541+00:00,88.06,34.79,88.06,34.79,-101.8,437325753.08595794,3204.0,1115.2,-2196.4,0
2026-04-09T09:20:34.269588+00:00,87.88,34.84,87.88,34.84,-104.8,437325678.9500036,3179.0,1114.3,-2179.2,0
2026-04-09T09:20:34.634972+00:00,87.70,34.88,87.7,34.88,-104.8,437325678.9500036,3152.5,1113.4,-2161.1,0
2026-04-09T09:20:34.998760+00:00,87.54,34.92,87.54,34.92,-103.8,437325678.9500036,3129.5,1112.6,-2145.4,0
2026-04-09T09:20:35.470925+00:00,87.36,34.96,87.36,34.96,-100.8,437325604.26345646,3104.3,1111.7,-2128.0,0
2026-04-09T09:20:35.834714+00:00,87.17,35.00,87.17,35.0,-103.8,437325604.26345646,3077.5,1110.8,-2109.7,0
2026-04-09T09:20:36.203177+00:00,87.01,35.04,87.01,35.04,-110.8,437325604.26345646,3054.3,1110.0,-2093.8,0
2026-04-09T09:20:36.670841+00:00,86.82,35.08,86.82,35.08,-105.8,437325528.5832776,3028.6,1109.2,-2076.1,0
2026-04-09T09:20:37.038527+00:00,86.63,35.12,86.63,35.12,-105.8,437325528.5832776,3001.6,1108.3,-2057.6,0
2026-04-09T09:20:37.402900+00:00,86.47,35.15,86.47,35.15,-108.8,437325528.5832776,2978.5,1107.6,-2041.8,0
2026-04-09T09:20:37.874110+00:00,86.29,35.19,86.29,35.19,-100.8,437325452.6153375,2952.6,1106.7,-2024.1,0
2026-04-09T09:20:38.237660+00:00,86.10,35.23,86.1,35.23,-99.8,437325452.6153375,2925.4,1105.9,-2005.4,0
2026-04-09T09:20:38.601504+00:00,85.93,35.27,85.93,35.27,-100.8,437325452.6153375,2902.2,1105.1,-1989.5,0
2026-04-09T09:20:39.065475+00:00,85.75,35.31,85.75,35.31,-100.8,437325376.4278367,2876.4,1104.3,-1971.8,0
2026-04-09T09:20:39.429479+00:00,85.56,35.35,85.56,35.35,-100.8,437325376.4278367,2849.3,1103.5,-1953.2,0
2026-04-09T09:20:39.794127+00:00,85.39,35.38,85.39,35.38,-95.8,437325376.4278367,2825.9,1102.8,-1937.2,0
2026-04-09T09:20:40.257863+00:00,85.21,35.42,85.21,35.42,-102.8,437325299.98053163,2800.0,1102.0,-1919.4,0
2026-04-09T09:20:40.625005+00:00,85.01,35.46,85.01,35.46,-101.8,437325299.98053163,2772.4,1101.2,-1900.5,0
2026-04-09T09:20:40.985498+00:00,84.85,35.49,84.85,35.49,-103.8,437325299.98053163,2749.2,1100.5,-1884.6,0
2026-04-09T09:20:41.449481+00:00,84.66,35.53,84.66,35.53,-101.8,437325222.78782487,2722.8,1099.8,-1866.5,0
2026-04-09T09:20:41.813497+00:00,84.47,35.57,84.47,35.57,-103.8,437325222.78782487,2695.3,1099.0,-1847.7,0
2026-04-09T09:20:42.177475+00:00,84.30,35.60,84.3,35.6,-99.8,437325222.78782487,2671.7,1098.3,-1831.5,0
2026-04-09T09:20:42.645487+00:00,84.12,35.64,84.12,35.64,-102.8,437325145.3976382,2645.4,1097.6,-1813.5,0
2026-04-09T09:20:43.010592+00:00,83.92,35.67,83.92,35.67,-100.8,437325145.3976382,2617.7,1096.8,-1794.5,0
2026-04-09T09:20:43.374712+00:00,83.75,35.70,83.75,35.7,-101.8,437325145.3976382,2594.0,1096.1,-1778.2,0
2026-04-09T09:20:43.846693+00:00,83.56,35.74,83.56,35.74,-100.8,437325067.25332445,2567.3,1095.4,-1759.9,0
2026-04-09T09:20:44.210854+00:00,83.36,35.78,83.36,35.78,-101.8,437325067.25332445,2539.2,1094.7,-1740.7,0
2026-04-09T09:20:44.578353+00:00,83.19,35.81,83.19,35.81,-100.8,437325067.25332445,2515.0,1094.0,-1724.1,0
2026-04-09T09:20:45.042015+00:00,83.00,35.84,83.0,35.84,-101.8,437324988.15740365,2488.2,1093.3,-1705.7,0
2026-04-09T09:20:45.405609+00:00,82.80,35.88,82.8,35.88,-101.8,437324988.15740365,2460.2,1092.6,-1686.5,0
2026-04-09T09:20:45.773363+00:00,82.63,35.91,82.63,35.91,-102.8,437324988.15740365,2436.1,1092.0,-1670.0,0
2026-04-09T09:20:46.237557+00:00,82.44,35.94,82.44,35.94,-101.8,437324909.38877577,2409.4,1091.3,-1651.7,0
2026-04-09T09:20:46.601557+00:00,82.24,35.98,82.24,35.98,-103.8,437324909.38877577,2381.0,1090.6,-1632.2,0
2026-04-09T09:20:46.965492+00:00,82.07,36.01,82.07,36.01,-101.8,437324909.38877577,2357.1,1090.0,-1615.8,0
2026-04-09T09:20:47.433502+00:00,81.88,36.04,81.88,36.04,-100.8,437324830.18280756,2330.2,1089.4,-1597.4,0
2026-04-09T09:20:47.797500+00:00,81.68,36.07,81.68,36.07,-101.8,437324830.18280756,2301.6,1088.7,-1577.8,0
2026-04-09T09:20:48.161627+00:00,81.51,36.10,81.51,36.1,-102.8,437324830.18280756,2277.3,1088.1,-1561.2,0
2026-04-09T09:20:48.625530+00:00,81.31,36.13,81.31,36.13,-104.8,437324750.30035084,2250.3,1087.5,-1542.6,0
2026-04-09T09:20:48.989503+00:00,81.11,36.16,81.11,36.16,-103.8,437324750.30035084,2221.7,1086.9,-1523.0,0
2026-04-09T09:20:49.353481+00:00,80.94,36.19,80.94,36.19,-101.8,437324750.30035084,2197.2,1086.3,-1506.2,0
2026-04-09T09:20:49.823337+00:00,80.74,36.22,80.74,36.22,-107.8,437324670.0010319,2170.0,1085.7,-1487.6,0
2026-04-09T09:20:50.191781+00:00,80.54,36.25,80.54,36.25,-103.8,437324670.0010319,2141.2,1085.1,-1467.8,0
2026-04-09T09:20:50.554621+00:00,80.36,36.28,80.36,36.28,-103.8,437324670.0010319,2116.7,1084.5,-1451.0,0
2026-04-09T09:20:51.027044+00:00,80.17,36.31,80.17,36.31,-103.8,437324589.00456816,2089.0,1084.0,-1432.1,0
2026-04-09T09:20:51.390595+00:00,79.96,36.34,79.96,36.34,-106.8,437324589.00456816,2060.0,1083.3,-1412.2,0
2026-04-09T09:20:51.759763+00:00,79.78,36.37,79.78,36.37,-97.8,437324589.00456816,2035.1,1082.8,-1395.1,0
2026-04-09T09:20:52.226940+00:00,79.59,36.39,79.59,36.39,-106.8,437324507.6535666,2007.7,1082.3,-1376.3,0
2026-04-09T09:20:52.590763+00:00,79.38,36.42,79.38,36.42,-101.8,437324507.6535666,1978.3,1081.7,-1356.1,0
2026-04-09T09:20:52.957618+00:00,79.20,36.45,79.2,36.45,-101.8,437324507.6535666,1953.5,1081.2,-1339.1,0
2026-04-09T09:20:53.421574+00:00,79.01,36.48,79.01,36.48,-100.8,437324425.65777314,1925.7,1080.6,-1320.1,0
2026-04-09T09:20:53.785524+00:00,78.80,36.51,78.8,36.51,-103.8,437324425.65777314,1896.7,1080.1,-1300.2,0
2026-04-09T09:20:54.149509+00:00,78.62,36.53,78.62,36.53,-101.8,437324425.65777314,1871.8,1079.6,-1283.1,0
2026-04-09T09:20:54.613719+00:00,78.42,36.56,78.42,36.56,-106.8,437324344.1003883,1844.1,1079.1,-1264.2,0
2026-04-09T09:20:54.977709+00:00,78.22,36.58,78.22,36.58,-97.8,437324344.1003883,1815.0,1078.6,-1244.2,0
2026-04-09T09:20:55.341500+00:00,78.04,36.61,78.04,36.61,-101.8,437324344.1003883,1790.0,1078.1,-1227.1,0
2026-04-09T09:20:55.809558+00:00,77.84,36.63,77.84,36.63,-102.8,437324262.2018211,1762.2,1077.6,-1208.0,0
2026-04-09T09:20:56.177116+00:00,77.63,36.66,77.63,36.66,-100.8,437324262.2018211,1733.0,1077.1,-1188.0,0
2026-04-09T09:20:56.537557+00:00,77.45,36.68,77.45,36.68,-108.8,437324262.2018211,1707.9,1076.7,-1170.8,0
2026-04-09T09:20:57.001600+00:00,77.25,36.70,77.25,36.7,-100.8,437324179.9624276,1680.0,1076.2,-1151.6,0
2026-04-09T09:20:57.365488+00:00,77.04,36.73,77.04,36.73,-103.8,437324179.9624276,1650.6,1075.7,-1131.5,0
2026-04-09T09:20:57.729552+00:00,76.86,36.75,76.86,36.75,-101.8,437324179.9624276,1625.4,1075.3,-1114.3,0
2026-04-09T09:20:58.193559+00:00,76.66,36.77,76.66,36.77,-99.8,437324097.1241841,1597.1,1074.9,-1094.9,0
2026-04-09T09:20:58.557532+00:00,76.45,36.80,76.45,36.8,-107.8,437324097.1241841,1567.7,1074.4,-1074.7,0
2026-04-09T09:20:58.925527+00:00,76.27,36.82,76.27,36.82,-101.8,437324097.1241841,1542.4,1074.0,-1057.3,0
2026-04-09T09:20:59.393539+00:00,76.07,36.84,76.07,36.84,-103.8,437324014.28148884,1514.3,1073.6,-1038.1,0
2026-04-09T09:20:59.759338+00:00,75.86,36.86,75.86,36.86,-102.8,437324014.28148884,1484.5,1073.2,-1017.6,0
2026-04-09T09:21:00.121551+00:00,75.68,36.88,75.68,36.88,-100.8,437324014.28148884,1459.1,1072.8,-1000.3,0
2026-04-09T09:21:00.585534+00:00,75.48,36.90,75.48,36.9,-101.8,437323930.8521414,1430.9,1072.4,-980.9,0
2026-04-09T09:21:00.948580+00:00,75.26,36.92,75.26,36.92,-101.8,437323930.8521414,1400.9,1072.0,-960.4,0
2026-04-09T09:21:01.317397+00:00,75.08,36.94,75.08,36.94,-103.8,437323930.8521414,1375.5,1071.6,-942.9,0
2026-04-09T09:21:01.781587+00:00,74.88,36.96,74.88,36.96,-104.8,437323847.14393604,1347.1,1071.3,-923.5,0
2026-04-09T09:21:02.149529+00:00,74.66,36.98,74.66,36.98,-101.8,437323847.14393604,1317.1,1070.9,-902.9,0
2026-04-09T09:21:02.513507+00:00,74.48,37.00,74.48,37.0,-103.8,437323847.14393604,1291.6,1070.6,-885.4,0
2026-04-09T09:21:02.978259+00:00,74.28,37.02,74.28,37.02,-106.8,437323762.9036571,1262.9,1070.2,-865.7,0
2026-04-09T09:21:03.345415+00:00,74.06,37.03,74.06,37.03,-107.8,437323762.9036571,1233.1,1069.8,-845.3,0
2026-04-09T09:21:03.709530+00:00,73.88,37.05,73.88,37.05,-104.8,437323762.9036571,1207.4,1069.5,-827.7,0
2026-04-09T09:21:04.173527+00:00,73.67,37.07,73.67,37.07,-103.8,437323678.6943622,1178.7,1069.2,-808.0,0
2026-04-09T09:21:04.537526+00:00,73.46,37.09,73.46,37.09,-103.8,437323678.6943622,1148.8,1068.9,-787.5,0
2026-04-09T09:21:04.901506+00:00,73.28,37.10,73.28,37.1,-103.8,437323678.6943622,1123.1,1068.6,-769.9,0
2026-04-09T09:21:05.369506+00:00,73.07,37.12,73.07,37.12,-101.8,437323594.5280714,1094.5,1068.3,-750.3,0
2026-04-09T09:21:05.732493+00:00,72.85,37.13,72.85,37.13,-100.8,437323594.5280714,1064.3,1067.9,-729.6,0
2026-04-09T09:21:06.097515+00:00,72.67,37.15,72.67,37.15,-104.8,437323594.5280714,1038.5,1067.7,-711.9,0
2026-04-09T09:21:06.565532+00:00,72.46,37.16,72.46,37.16,-98.8,437323509.8664784,1009.9,1067.4,-692.3,0
2026-04-09T09:21:06.929562+00:00,72.25,37.18,72.25,37.18,-104.8,437323509.8664784,979.8,1067.1,-671.7,0
2026-04-09T09:21:07.293526+00:00,72.06,37.19,72.06,37.19,-100.8,437323509.8664784,953.7,1066.9,-653.8,0
2026-04-09T09:21:07.761512+00:00,71.86,37.20,71.86,37.2,-105.8,437323425.0131037,925.0,1066.6,-634.1,0
2026-04-09T09:21:08.125585+00:00,71.64,37.22,71.64,37.22,-101.8,437323425.0131037,894.9,1066.3,-613.5,0
2026-04-09T09:21:08.489484+00:00,71.46,37.23,71.46,37.23,-101.8,437323425.0131037,869.0,1066.1,-595.7,0
2026-04-09T09:21:08.953543+00:00,71.25,37.24,71.25,37.24,-105.8,437323339.97569364,840.0,1065.9,-575.8,0
2026-04-09T09:21:09.317491+00:00,71.03,37.26,71.03,37.26,-105.8,437323339.97569364,809.8,1065.6,-555.1,0
2026-04-09T09:21:09.682145+00:00,70.85,37.27,70.85,37.27,-97.8,437323339.97569364,783.9,1065.4,-537.3,0
2026-04-09T09:21:10.149626+00:00,70.64,37.28,70.64,37.28,-101.8,437323255.05402917,755.1,1065.2,-517.6,0
2026-04-09T09:21:10.513585+00:00,70.42,37.29,70.42,37.29,-101.8,437323255.05402917,724.8,1065.0,-496.9,0
2026-04-09T09:21:10.877509+00:00,70.24,37.30,70.24,37.3,-105.8,437323255.05402917,698.8,1064.8,-479.1,0
2026-04-09T09:21:11.341675+00:00,70.03,37.31,70.03,37.31,-102.8,437323169.9833199,670.0,1064.7,-459.3,0
2026-04-09T09:21:11.709722+00:00,69.81,37.32,69.81,37.32,-103.8,437323169.9833199,639.4,1064.5,-438.3,0
2026-04-09T09:21:12.073555+00:00,69.62,37.33,69.62,37.33,-102.8,437323169.9833199,613.4,1064.3,-420.5,0
2026-04-09T09:21:12.537486+00:00,69.42,37.34,69.42,37.34,-101.8,437323084.4913857,584.5,1064.1,-400.7,0
2026-04-09T09:21:12.901502+00:00,69.20,37.35,69.2,37.35,-99.8,437323084.4913857,554.2,1064.0,-379.9,0
2026-04-09T09:21:13.266804+00:00,69.01,37.35,69.01,37.35,-103.8,437323084.4913857,528.1,1063.8,-362.0,0
2026-04-09T09:21:13.734989+00:00,68.80,37.36,68.8,37.36,-103.8,437322999.0148545,499.0,1063.7,-342.1,0
2026-04-09T09:21:14.102455+00:00,68.58,37.37,68.58,37.37,-105.8,437322999.0148545,468.2,1063.5,-321.0,0
2026-04-09T09:21:14.467296+00:00,68.40,37.37,68.4,37.37,-106.8,437322999.0148545,442.1,1063.4,-303.1,0
2026-04-09T09:21:14.938642+00:00,68.19,37.38,68.19,37.38,-103.8,437322912.87550163,412.9,1063.3,-283.0,0
2026-04-09T09:21:15.307047+00:00,67.96,37.39,67.96,37.39,-102.8,437322912.87550163,381.9,1063.2,-261.8,0
2026-04-09T09:21:15.670801+00:00,67.78,37.39,67.78,37.39,-104.8,437322912.87550163,355.8,1063.1,-243.9,0
2026-04-09T09:21:16.138619+00:00,67.57,37.40,67.57,37.4,-113.8,437322826.514763,326.5,1063.0,-223.8,0
2026-04-09T09:21:16.507076+00:00,67.35,37.40,67.35,37.4,-107.8,437322826.514763,295.8,1062.9,-202.8,0
2026-04-09T09:21:16.877775+00:00,67.16,37.41,67.16,37.41,-104.8,437322826.514763,269.4,1062.8,-184.7,0
2026-04-09T09:21:17.342454+00:00,66.95,37.41,66.95,37.41,-107.8,437322740.33650184,240.3,1062.8,-164.8,0
2026-04-09T09:21:17.710660+00:00,66.73,37.41,66.73,37.41,-104.8,437322740.33650184,209.3,1062.7,-143.5,0
2026-04-09T09:21:18.079648+00:00,66.54,37.42,66.54,37.42,-107.8,437322740.33650184,182.9,1062.7,-125.4,0
2026-04-09T09:21:18.546556+00:00,66.33,37.42,66.33,37.42,-106.8,437322653.87376237,153.9,1062.6,-105.5,0
2026-04-09T09:21:18.910070+00:00,66.11,37.42,66.11,37.42,-103.8,437322653.87376237,122.8,1062.6,-84.2,0
2026-04-09T09:21:19.281430+00:00,65.92,37.42,65.92,37.42,-101.8,437322653.87376237,96.7,1062.5,-66.3,0
2026-04-09T09:21:19.751995+00:00,65.71,37.43,65.71,37.43,-103.8,437322567.30452025,67.3,1062.5,-46.1,0
2026-04-09T09:21:20.118574+00:00,65.48,37.43,65.48,37.43,-108.8,437322567.30452025,36.3,1062.5,-24.9,0
2026-04-09T09:21:20.482866+00:00,65.30,37.43,65.3,37.43,-107.8,437322567.30452025,10.1,1062.5,-6.9,0
2026-04-09T09:21:20.950856+00:00,65.09,37.43,65.09,37.43,-104.8,437322480.8457958,-19.2,1062.5,13.1,0
2026-04-09T09:21:21.318575+00:00,64.87,37.43,64.87,37.43,-107.8,437322480.8457958,-49.9,1062.5,34.2,0
2026-04-09T09:21:21.682534+00:00,64.68,37.43,64.68,37.43,-103.8,437322480.8457958,-76.1,1062.5,52.1,0
2026-04-09T09:21:22.158615+00:00,64.47,37.43,64.47,37.43,-105.8,437322394.6136322,-105.4,1062.6,72.2,0
2026-04-09T09:21:22.518570+00:00,64.24,37.42,64.24,37.42,-104.8,437322394.6136322,-136.4,1062.6,93.5,0
2026-04-09T09:21:22.885544+00:00,64.06,37.42,64.06,37.42,-103.8,437322394.6136322,-162.6,1062.6,111.5,0
2026-04-09T09:21:23.349490+00:00,63.85,37.42,63.85,37.42,-107.8,437322308.0416245,-192.0,1062.7,131.6,0
2026-04-09T09:21:23.713489+00:00,63.63,37.42,63.63,37.42,-105.8,437322308.0416245,-222.3,1062.7,152.4,0
2026-04-09T09:21:24.077496+00:00,63.44,37.41,63.44,37.41,-105.8,437322308.0416245,-248.5,1062.8,170.3,0
2026-04-09T09:21:24.545490+00:00,63.23,37.41,63.23,37.41,-109.8,437322222.51107126,-277.5,1062.9,190.2,0
2026-04-09T09:21:24.909497+00:00,63.01,37.41,63.01,37.41,-106.8,437322222.51107126,-307.9,1063.0,211.1,0
2026-04-09T09:21:25.273664+00:00,62.83,37.40,62.83,37.4,-100.8,437322222.51107126,-334.0,1063.0,229.0,0
2026-04-09T09:21:25.737636+00:00,62.62,37.40,62.62,37.4,-105.8,437322136.9671628,-363.0,1063.1,248.9,0
2026-04-09T09:21:26.101497+00:00,62.40,37.39,62.4,37.39,-107.8,437322136.9671628,-393.4,1063.2,269.7,0
2026-04-09T09:21:26.465511+00:00,62.21,37.39,62.21,37.39,-104.8,437322136.9671628,-419.6,1063.3,287.6,0
2026-04-09T09:21:26.929478+00:00,62.01,37.38,62.01,37.38,-105.8,437322051.4893184,-448.5,1063.5,307.5,0
2026-04-09T09:21:27.293519+00:00,61.79,37.37,61.79,37.37,-102.8,437322051.4893184,-479.2,1063.6,328.5,0
2026-04-09T09:21:27.657542+00:00,61.60,37.37,61.6,37.37,-103.8,437322051.4893184,-505.3,1063.7,346.4,0
2026-04-09T09:21:28.126885+00:00,61.39,37.36,61.39,37.36,-106.8,437321965.8186462,-534.2,1063.9,366.2,0
2026-04-09T09:21:28.495602+00:00,61.17,37.35,61.17,37.35,-107.8,437321965.8186462,-564.5,1064.0,387.0,0
2026-04-09T09:21:28.858053+00:00,60.98,37.35,60.98,37.35,-104.8,437321965.8186462,-590.9,1064.2,405.1,0
2026-04-09T09:21:29.326432+00:00,60.77,37.34,60.77,37.34,-99.8,437321879.8223282,-620.2,1064.3,425.1,0
2026-04-09T09:21:29.695686+00:00,60.56,37.33,60.56,37.33,-104.8,437321879.8223282,-650.6,1064.5,446.0,0
2026-04-09T09:21:30.057504+00:00,60.37,37.32,60.37,37.32,-101.8,437321879.8223282,-677.0,1064.7,464.1,0
2026-04-09T09:21:30.526626+00:00,60.16,37.31,60.16,37.31,-104.8,437321794.22880495,-705.8,1064.9,483.8,0
2026-04-09T09:21:30.890653+00:00,59.94,37.30,59.94,37.3,-101.8,437321794.22880495,-736.0,1065.1,504.6,0
2026-04-09T09:21:31.249510+00:00,59.76,37.29,59.76,37.29,-105.8,437321794.22880495,-762.0,1065.3,522.4,0
2026-04-09T09:21:31.717635+00:00,59.55,37.28,59.55,37.28,-100.8,437321709.2093354,-790.8,1065.5,542.1,0
2026-04-09T09:21:32.081581+00:00,59.33,37.27,59.33,37.27,-103.8,437321709.2093354,-821.0,1065.7,562.8,0
2026-04-09T09:21:32.449458+00:00,59.15,37.26,59.15,37.26,-107.8,437321709.2093354,-847.0,1065.9,580.6,0
2026-04-09T09:21:32.909571+00:00,58.94,37.24,58.94,37.24,-106.8,437321624.35097486,-875.6,1066.2,600.3,0
2026-04-09T09:21:33.273512+00:00,58.73,37.23,58.73,37.23,-103.8,437321624.35097486,-905.8,1066.4,620.9,0
2026-04-09T09:21:33.637561+00:00,58.54,37.22,58.54,37.22,-106.8,437321624.35097486,-931.7,1066.7,638.7,0
2026-04-09T09:21:34.101706+00:00,58.34,37.20,58.34,37.2,-106.8,437321539.6515419,-960.3,1066.9,658.3,0
2026-04-09T09:21:34.465586+00:00,58.12,37.19,58.12,37.19,-104.8,437321539.6515419,-990.7,1067.2,679.1,0
2026-04-09T09:21:34.829620+00:00,57.93,37.18,57.93,37.18,-101.8,437321539.6515419,-1016.5,1067.5,696.8,0
2026-04-09T09:21:35.299087+00:00,57.73,37.16,57.73,37.16,-106.8,437321454.86280674,-1045.1,1067.8,716.5,0
2026-04-09T09:21:35.666561+00:00,57.51,37.15,57.51,37.15,-103.8,437321454.86280674,-1075.4,1068.1,737.2,0
2026-04-09T09:21:36.035610+00:00,57.33,37.13,57.33,37.13,-107.8,437321454.86280674,-1101.5,1068.3,755.1,0
2026-04-09T09:21:36.502847+00:00,57.12,37.12,57.12,37.12,-107.8,437321369.9827216,-1130.0,1068.6,774.6,0
2026-04-09T09:21:36.866800+00:00,56.91,37.10,56.91,37.1,-102.8,437321369.9827216,-1160.2,1069.0,795.3,0
2026-04-09T09:21:37.235063+00:00,56.72,37.09,56.72,37.09,-103.8,437321369.9827216,-1186.2,1069.3,813.1,0
2026-04-09T09:21:37.707257+00:00,56.51,37.07,56.51,37.07,-101.8,437321285.0719194,-1214.9,1069.6,832.9,0
2026-04-09T09:21:38.070582+00:00,56.30,37.05,56.3,37.05,-101.8,437321285.0719194,-1245.1,1070.0,853.5,0
2026-04-09T09:21:38.434568+00:00,56.11,37.03,56.11,37.03,-109.8,437321285.0719194,-1270.7,1070.3,871.1,0
2026-04-09T09:21:38.907538+00:00,55.91,37.02,55.91,37.02,-101.8,437321200.67752063,-1299.3,1070.6,890.7,0
2026-04-09T09:21:39.270972+00:00,55.69,37.00,55.69,37.0,-105.8,437321200.67752063,-1329.4,1071.0,911.3,0
2026-04-09T09:21:39.640064+00:00,55.51,36.98,55.51,36.98,-105.8,437321200.67752063,-1355.2,1071.4,929.0,0
2026-04-09T09:21:40.106858+00:00,55.31,36.96,55.31,36.96,-104.8,437321116.4419605,-1383.6,1071.8,948.5,0
2026-04-09T09:21:40.474569+00:00,55.09,36.94,55.09,36.94,-103.8,437321116.4419605,-1413.7,1072.2,969.1,0
2026-04-09T09:21:40.838958+00:00,54.91,36.92,54.91,36.92,-105.8,437321116.4419605,-1439.4,1072.5,986.8,0
2026-04-09T09:21:41.311648+00:00,54.71,36.90,54.71,36.9,-107.8,437321032.373074,-1467.6,1072.9,1006.1,0
2026-04-09T09:21:41.676750+00:00,54.49,36.88,54.49,36.88,-103.8,437321032.373074,-1497.5,1073.4,1026.6,0
2026-04-09T09:21:42.043834+00:00,54.31,36.86,54.31,36.86,-109.8,437321032.373074,-1523.1,1073.7,1044.1,0
2026-04-09T09:21:42.509737+00:00,54.11,36.84,54.11,36.84,-103.8,437320948.4913393,-1551.5,1074.2,1063.6,0
2026-04-09T09:21:42.883202+00:00,53.89,36.81,53.89,36.81,-107.8,437320948.4913393,-1581.3,1074.6,1084.0,0
2026-04-09T09:21:43.243592+00:00,53.71,36.79,53.71,36.79,-104.8,437320948.4913393,-1606.5,1075.0,1101.3,0
2026-04-09T09:21:43.713495+00:00,53.51,36.77,53.51,36.77,-103.8,437320865.18993527,-1634.8,1075.5,1120.7,0
2026-04-09T09:21:44.083665+00:00,53.30,36.75,53.3,36.75,-106.8,437320865.18993527,-1664.7,1076.0,1141.2,0
2026-04-09T09:21:44.446877+00:00,53.12,36.73,53.12,36.73,-110.8,437320865.18993527,-1689.9,1076.4,1158.4,0
2026-04-09T09:21:44.914975+00:00,52.92,36.70,52.92,36.7,-105.8,437320781.95245844,-1718.0,1076.9,1177.8,0
2026-04-09T09:21:45.282794+00:00,52.71,36.68,52.71,36.68,-106.8,437320781.95245844,-1747.6,1077.4,1198.0,0
2026-04-09T09:21:45.646901+00:00,52.53,36.65,52.53,36.65,-107.8,437320781.95245844,-1772.9,1077.8,1215.4,0
2026-04-09T09:21:46.114897+00:00,52.33,36.63,52.33,36.63,-109.8,437320699.2965588,-1800.7,1078.3,1234.4,0
2026-04-09T09:21:46.482537+00:00,52.12,36.60,52.12,36.6,-106.8,437320699.2965588,-1830.1,1078.8,1254.6,0
2026-04-09T09:21:46.851328+00:00,51.94,36.58,51.94,36.58,-106.8,437320699.2965588,-1855.3,1079.3,1271.9,0
2026-04-09T09:21:47.318364+00:00,51.74,36.55,51.74,36.55,-103.8,437320616.6864232,-1883.3,1079.8,1291.0,0
2026-04-09T09:21:47.682842+00:00,51.53,36.53,51.53,36.53,-101.8,437320616.6864232,-1912.3,1080.4,1310.9,0
2026-04-09T09:21:48.055359+00:00,51.35,36.50,51.35,36.5,-104.8,437320616.6864232,-1937.4,1080.9,1328.1,0
2026-04-09T09:21:48.518527+00:00,51.16,36.47,51.16,36.47,-105.8,437320534.77040505,-1965.2,1081.4,1347.2,0
2026-04-09T09:21:48.886820+00:00,50.95,36.44,50.95,36.44,-107.8,437320534.77040505,-1994.4,1082.0,1367.2,0
2026-04-09T09:21:49.250551+00:00,50.77,36.42,50.77,36.42,-104.8,437320534.77040505,-2019.1,1082.5,1384.1,0
2026-04-09T09:21:49.719780+00:00,50.58,36.39,50.58,36.39,-109.8,437320453.18933696,-2046.8,1083.1,1403.1,0
2026-04-09T09:21:50.086587+00:00,50.37,36.36,50.37,36.36,-105.8,437320453.18933696,-2075.8,1083.7,1423.0,0
2026-04-09T09:21:50.451093+00:00,50.19,36.34,50.19,36.34,-106.8,437320453.18933696,-2100.7,1084.2,1440.1,0
2026-04-09T09:21:50.923891+00:00,50.00,36.31,50.0,36.31,-104.8,437320371.99699605,-2128.0,1084.8,1458.8,0
2026-04-09T09:21:51.286825+00:00,49.79,36.28,49.79,36.28,-109.8,437320371.99699605,-2156.9,1085.4,1478.6,0
2026-04-09T09:21:51.654599+00:00,49.62,36.25,49.62,36.25,-104.8,437320371.99699605,-2181.6,1086.0,1495.6,0
2026-04-09T09:21:52.122893+00:00,49.42,36.22,49.42,36.22,-109.8,437320291.18732786,-2208.8,1086.6,1514.2,0
2026-04-09T09:21:52.486947+00:00,49.22,36.19,49.22,36.19,-109.8,437320291.18732786,-2237.5,1087.2,1533.8,0
2026-04-09T09:21:52.854545+00:00,49.04,36.16,49.04,36.16,-105.8,437320291.18732786,-2262.2,1087.8,1550.8,0
2026-04-09T09:21:53.326287+00:00,48.85,36.13,48.85,36.13,-107.8,437320210.5407721,-2289.5,1088.4,1569.5,0
2026-04-09T09:21:53.691652+00:00,48.65,36.09,48.65,36.09,-103.8,437320210.5407721,-2318.0,1089.1,1589.1,0
2026-04-09T09:21:54.054790+00:00,48.47,36.07,48.47,36.07,-106.8,437320210.5407721,-2342.3,1089.7,1605.7,0
2026-04-09T09:21:54.522140+00:00,48.28,36.03,48.28,36.03,-106.8,437320130.5653627,-2369.4,1090.3,1624.3,0
2026-04-09T09:21:54.891912+00:00,48.08,36.00,48.08,36.0,-103.8,437320130.5653627,-2397.9,1091.0,1643.8,0
2026-04-09T09:21:55.254847+00:00,47.91,35.97,47.91,35.97,-104.8,437320130.5653627,-2422.0,1091.6,1660.3,0
2026-04-09T09:21:55.722824+00:00,47.72,35.94,47.72,35.94,-105.8,437320051.0288963,-2449.0,1092.3,1678.8,0
2026-04-09T09:21:56.090940+00:00,47.52,35.90,47.52,35.9,-107.8,437320051.0288963,-2477.2,1093.0,1698.2,0
2026-04-09T09:21:56.454826+00:00,47.35,35.87,47.35,35.87,-107.8,437320051.0288963,-2501.2,1093.7,1714.6,0
2026-04-09T09:21:56.922928+00:00,47.16,35.84,47.16,35.84,-107.8,437319971.93101674,-2528.1,1094.4,1733.0,0
2026-04-09T09:21:57.290521+00:00,46.96,35.80,46.96,35.8,-106.8,437319971.93101674,-2556.2,1095.1,1752.3,0
2026-04-09T09:21:57.655066+00:00,46.79,35.77,46.79,35.77,-103.8,437319971.93101674,-2580.3,1095.8,1768.8,0
2026-04-09T09:21:58.128115+00:00,46.60,35.74,46.6,35.74,-105.8,437319893.2865038,-2606.7,1096.5,1786.9,0
2026-04-09T09:21:58.494363+00:00,46.40,35.70,46.4,35.7,-103.8,437319893.2865038,-2634.7,1097.3,1806.1,0
2026-04-09T09:21:58.859964+00:00,46.23,35.67,46.23,35.67,-107.8,437319893.2865038,-2658.6,1097.9,1822.5,0
2026-04-09T09:21:59.326541+00:00,46.04,35.63,46.04,35.63,-105.8,437319815.10319257,-2684.9,1098.7,1840.5,0
2026-04-09T09:21:59.692013+00:00,45.85,35.59,45.85,35.59,-103.8,437319815.10319257,-2712.7,1099.5,1859.6,0
2026-04-09T09:22:00.058907+00:00,45.68,35.56,45.68,35.56,-107.8,437319815.10319257,-2736.5,1100.1,1875.9,0
2026-04-09T09:22:00.526859+00:00,45.49,35.52,45.49,35.52,-109.8,437319737.3743165,-2762.6,1100.9,1893.8,0
2026-04-09T09:22:00.890842+00:00,45.30,35.48,45.3,35.48,-104.8,437319737.3743165,-2790.2,1101.7,1912.7,0
2026-04-09T09:22:01.258860+00:00,45.13,35.45,45.13,35.45,-107.8,437319737.3743165,-2813.9,1102.4,1929.0,0
2026-04-09T09:22:01.726447+00:00,44.95,35.41,44.95,35.41,-102.8,437319659.91966844,-2840.1,1103.2,1946.9,0
2026-04-09T09:22:02.094208+00:00,44.75,35.37,44.75,35.37,-103.8,437319659.91966844,-2867.5,1104.0,1965.7,0
2026-04-09T09:22:02.458759+00:00,44.59,35.34,44.59,35.34,-104.8,437319659.91966844,-2890.7,1104.8,1981.7,0
2026-04-09T09:22:02.931429+00:00,44.40,35.30,44.4,35.3,-105.8,437319583.1822871,-2916.8,1105.6,1999.5,0
2026-04-09T09:22:03.294548+00:00,44.21,35.26,44.21,35.26,-107.8,437319583.1822871,-2944.0,1106.4,2018.2,0
2026-04-09T09:22:03.667534+00:00,44.05,35.22,44.05,35.22,-107.8,437319583.1822871,-2967.4,1107.2,2034.2,0
2026-04-09T09:22:04.130768+00:00,43.86,35.19,43.86,35.19,-106.8,437319506.945639,-2993.1,1108.0,2051.8,0
2026-04-09T09:22:04.499243+00:00,43.67,35.14,43.67,35.14,-100.8,437319506.945639,-3020.4,1108.9,2070.5,0
2026-04-09T09:22:04.862484+00:00,43.51,35.11,43.51,35.11,-100.8,437319506.945639,-3043.3,1109.7,2086.3,0
2026-04-09T09:22:05.330516+00:00,43.33,35.07,43.33,35.07,-107.8,437319431.0026287,-3069.0,1110.5,2103.9,0
2026-04-09T09:22:05.698540+00:00,43.14,35.03,43.14,35.03,-101.8,437319431.0026287,-3095.9,1111.4,2122.3,0
2026-04-09T09:22:06.061471+00:00,42.98,34.99,42.98,34.99,-104.8,437319431.0026287,-3118.9,1112.2,2138.1,0
2026-04-09T09:22:06.525593+00:00,42.80,34.95,42.8,34.95,-101.8,437319355.82211477,-3144.2,1113.1,2155.4,0
2026-04-09T09:22:06.889525+00:00,42.61,34.91,42.61,34.91,-105.8,437319355.82211477,-3170.6,1114.0,2173.5,0
2026-04-09T09:22:07.253577+00:00,42.45,34.87,42.45,34.87,-105.8,437319355.82211477,-3193.3,1114.8,2189.0,0
2026-04-09T09:22:07.717488+00:00,42.27,34.83,42.27,34.83,-100.8,437319281.654464,-3218.3,1115.7,2206.2,0
2026-04-09T09:22:08.085474+00:00,42.09,34.79,42.09,34.79,-100.8,437319281.654464,-3244.6,1116.6,2224.2,0
2026-04-09T09:22:08.445472+00:00,41.93,34.75,41.93,34.75,-101.8,437319281.654464,-3267.1,1117.4,2239.6,0
2026-04-09T09:22:08.917907+00:00,41.75,34.71,41.75,34.71,-103.8,437319208.00214833,-3292.0,1118.3,2256.7,0
2026-04-09T09:22:09.277485+00:00,41.57,34.66,41.57,34.66,-101.8,437319208.00214833,-3318.0,1119.3,2274.5,0
2026-04-09T09:22:09.638387+00:00,41.41,34.62,41.41,34.62,-103.8,437319208.00214833,-3340.4,1120.1,2289.9,0
2026-04-09T09:22:10.105467+00:00,41.24,34.58,41.24,34.58,-100.8,437319134.8726467,-3365.1,1121.0,2306.9,0
2026-04-09T09:22:10.469485+00:00,41.06,34.54,41.06,34.54,-105.8,437319134.8726467,-3391.0,1122.0,2324.6,0
2026-04-09T09:22:10.833683+00:00,40.90,34.50,40.9,34.5,-103.8,437319134.8726467,-3413.1,1122.9,2339.8,0
2026-04-09T09:22:11.302838+00:00,40.73,34.45,40.73,34.45,-107.8,437319062.29338187,-3437.7,1123.8,2356.6,0
2026-04-09T09:22:11.665481+00:00,40.54,34.41,40.54,34.41,-100.8,437319062.29338187,-3463.8,1124.8,2374.5,0
2026-04-09T09:22:12.029489+00:00,40.39,34.37,40.39,34.37,-104.8,437319062.29338187,-3485.8,1125.7,2389.6,0
2026-04-09T09:22:12.493625+00:00,40.22,34.32,40.22,34.32,-104.8,437318989.8305749,-3510.2,1126.7,2406.3,0
2026-04-09T09:22:12.857657+00:00,40.04,34.28,40.04,34.28,-103.8,437318989.8305749,-3535.6,1127.7,2423.7,0
2026-04-09T09:22:13.221479+00:00,39.89,34.24,39.89,34.24,-103.8,437318989.8305749,-3557.5,1128.6,2438.7,0
2026-04-09T09:22:13.689618+00:00,39.72,34.19,39.72,34.19,-106.8,437318918.3742206,-3581.6,1129.6,2455.3,0
2026-04-09T09:22:14.057013+00:00,39.54,34.15,39.54,34.15,-107.8,437318918.3742206,-3606.9,1130.6,2472.6,0
2026-04-09T09:22:14.417503+00:00,39.39,34.11,39.39,34.11,-106.8,437318918.3742206,-3628.6,1131.5,2487.4,0
2026-04-09T09:22:14.881531+00:00,39.22,34.06,39.22,34.06,-103.8,437318847.4681031,-3652.5,1132.5,2503.9,0
2026-04-09T09:22:15.245495+00:00,39.04,34.01,39.04,34.01,-101.8,437318847.4681031,-3677.6,1133.6,2521.1,0
2026-04-09T09:22:15.609480+00:00,38.89,33.97,38.89,33.97,-103.8,437318847.4681031,-3699.1,1134.5,2535.8,0
2026-04-09T09:22:16.073593+00:00,38.72,33.93,38.72,33.93,-102.8,437318777.0758961,-3722.9,1135.6,2552.1,0
2026-04-09T09:22:16.437514+00:00,38.55,33.88,38.55,33.88,-103.8,437318777.0758961,-3748.0,1136.6,2569.3,0
2026-04-09T09:22:16.807373+00:00,38.40,33.84,38.4,33.84,-106.8,437318777.0758961,-3769.1,1137.6,2583.8,0
2026-04-09T09:22:17.274571+00:00,38.23,33.79,38.23,33.79,-107.8,437318707.11533123,-3792.9,1138.6,2600.1,0
2026-04-09T09:22:17.638514+00:00,38.06,33.74,38.06,33.74,-104.8,437318707.11533123,-3817.8,1139.7,2617.2,0
2026-04-09T09:22:18.006828+00:00,37.91,33.70,37.91,33.7,-107.8,437318707.11533123,-3839.2,1140.7,2631.8,0
2026-04-09T09:22:18.474858+00:00,37.74,33.65,37.74,33.65,-108.8,437318637.41439265,-3862.6,1141.8,2647.9,0
2026-04-09T09:22:18.842593+00:00,37.57,33.60,37.57,33.6,-105.8,437318637.41439265,-3887.5,1142.9,2664.9,0
2026-04-09T09:22:19.211821+00:00,37.42,33.56,37.42,33.56,-106.8,437318637.41439265,-3908.4,1143.9,2679.3,0
2026-04-09T09:22:19.674278+00:00,37.26,33.51,37.26,33.51,-97.8,437318568.17323124,-3931.8,1145.0,2695.3,0
2026-04-09T09:22:20.037523+00:00,37.09,33.46,37.09,33.46,-100.8,437318568.17323124,-3956.1,1146.1,2712.0,0
2026-04-09T09:22:20.401561+00:00,36.94,33.42,36.94,33.42,-101.8,437318568.17323124,-3976.9,1147.1,2726.2,0
2026-04-09T09:22:20.865482+00:00,36.78,33.37,36.78,33.37,-101.8,437318500.1472207,-3999.9,1148.2,2742.0,0
2026-04-09T09:22:21.229486+00:00,36.61,33.32,36.61,33.32,-100.8,437318500.1472207,-4023.9,1149.4,2758.5,0
2026-04-09T09:22:21.593476+00:00,36.47,33.28,36.47,33.28,-101.8,437318500.1472207,-4044.5,1150.4,2772.6,0
2026-04-09T09:22:22.057598+00:00,36.31,33.23,36.31,33.23,-101.8,437318432.69886976,-4067.3,1151.5,2788.2,0
2026-04-09T09:22:22.421601+00:00,36.14,33.18,36.14,33.18,-99.8,437318432.69886976,-4091.4,1152.7,2804.7,0
2026-04-09T09:22:22.785612+00:00,36.00,33.13,36.0,33.13,-102.8,437318432.69886976,-4111.6,1153.7,2818.5,0
2026-04-09T09:22:23.249492+00:00,35.84,33.08,35.84,33.08,-99.8,437318365.6287399,-4134.4,1154.9,2834.2,0
2026-04-09T09:22:23.613556+00:00,35.67,33.03,35.67,33.03,-97.8,437318365.6287399,-4158.0,1156.1,2850.4,0
2026-04-09T09:22:23.977498+00:00,35.53,32.99,35.53,32.99,-101.8,437318365.6287399,-4178.3,1157.1,2864.3,0
2026-04-09T09:22:24.450368+00:00,35.37,32.94,35.37,32.94,-107.8,437318299.3638433,-4200.6,1158.3,2879.6,0
2026-04-09T09:22:24.815143+00:00,35.21,32.89,35.21,32.89,-102.8,437318299.3638433,-4224.1,1159.5,2895.7,0
2026-04-09T09:22:25.178842+00:00,35.07,32.84,35.07,32.84,-107.8,437318299.3638433,-4244.3,1160.6,2909.6,0
2026-04-09T09:22:25.651122+00:00,34.91,32.79,34.91,32.79,-101.8,437318233.24995023,-4266.8,1161.8,2924.9,0
2026-04-09T09:22:26.013594+00:00,34.74,32.74,34.74,32.74,-98.8,437318233.24995023,-4290.4,1163.1,2941.1,0
2026-04-09T09:22:26.377532+00:00,34.60,32.69,34.6,32.69,-105.8,437318233.24995023,-4310.3,1164.1,2954.8,0
2026-04-09T09:22:26.841496+00:00,34.45,32.64,34.45,32.64,-99.8,437318167.7553852,-4332.2,1165.3,2969.8,0
2026-04-09T09:22:27.205662+00:00,34.29,32.59,34.29,32.59,-103.8,437318167.7553852,-4355.2,1166.6,2985.6,0
2026-04-09T09:22:27.569482+00:00,34.15,32.54,34.15,32.54,-99.8,437318167.7553852,-4374.9,1167.7,2999.1,0
2026-04-09T09:22:28.038777+00:00,34.00,32.49,34.0,32.49,-103.8,437318103.2786693,-4396.7,1168.9,3014.0,0
2026-04-09T09:22:28.402749+00:00,33.84,32.44,33.84,32.44,-100.8,437318103.2786693,-4419.5,1170.2,3029.6,0
2026-04-09T09:22:28.761734+00:00,33.70,32.39,33.7,32.39,-100.8,437318103.2786693,-4439.0,1171.3,3043.0,0
2026-04-09T09:22:29.229605+00:00,33.55,32.34,33.55,32.34,-99.8,437318039.41558325,-4460.6,1172.5,3057.8,0
2026-04-09T09:22:29.597683+00:00,33.39,32.29,33.39,32.29,-98.8,437318039.41558325,-4483.2,1173.8,3073.3,0
2026-04-09T09:22:29.957613+00:00,33.26,32.24,33.26,32.24,-99.8,437318039.41558325,-4502.4,1174.9,3086.5,0
2026-04-09T09:22:30.421576+00:00,33.11,32.19,33.11,32.19,-104.8,437317976.1493884,-4523.9,1176.2,3101.2,0
2026-04-09T09:22:30.791351+00:00,32.95,32.14,32.95,32.14,-100.8,437317976.1493884,-4546.4,1177.5,3116.7,0
2026-04-09T09:22:31.154554+00:00,32.82,32.09,32.82,32.09,-102.8,437317976.1493884,-4565.6,1178.6,3129.8,0
2026-04-09T09:22:31.622872+00:00,32.67,32.04,32.67,32.04,-103.8,437317913.0541408,-4586.9,1179.9,3144.4,0
2026-04-09T09:22:31.990883+00:00,32.51,31.98,32.51,31.98,-107.8,437317913.0541408,-4609.3,1181.3,3159.8,0
2026-04-09T09:22:32.354672+00:00,32.38,31.94,32.38,31.94,-107.8,437317913.0541408,-4628.5,1182.4,3172.9,0
2026-04-09T09:22:32.826255+00:00,32.23,31.88,32.23,31.88,-107.8,437317850.5760845,-4649.4,1183.7,3187.3,0
2026-04-09T09:22:33.190970+00:00,32.08,31.83,32.08,31.83,-105.8,437317850.5760845,-4671.5,1185.1,3202.4,0
2026-04-09T09:22:33.558851+00:00,31.94,31.78,31.94,31.78,-101.8,437317850.5760845,-4690.5,1186.3,3215.5,0
2026-04-09T09:22:34.026883+00:00,31.80,31.73,31.8,31.73,-104.8,437317788.5008229,-4711.5,1187.6,3229.8,0
2026-04-09T09:22:34.394714+00:00,31.64,31.67,31.64,31.67,-105.8,437317788.5008229,-4733.4,1189.0,3244.8,0
2026-04-09T09:22:34.767424+00:00,31.51,31.62,31.51,31.62,-103.8,437317788.5008229,-4752.2,1190.2,3257.7,0
2026-04-09T09:22:35.230829+00:00,31.37,31.57,31.37,31.57,-101.8,437317726.9886192,-4773.0,1191.5,3272.0,0
2026-04-09T09:22:35.596401+00:00,31.21,31.52,31.21,31.52,-104.8,437317726.9886192,-4794.7,1192.9,3286.8,0
2026-04-09T09:22:35.962358+00:00,31.09,31.47,31.09,31.47,-107.8,437317726.9886192,-4813.0,1194.1,3299.4,0
2026-04-09T09:22:36.430540+00:00,30.94,31.41,30.94,31.41,-103.8,437317666.4048734,-4833.6,1195.5,3313.5,0
2026-04-09T09:22:36.797623+00:00,30.79,31.36,30.79,31.36,-99.8,437317666.4048734,-4855.1,1196.9,3328.2,0
2026-04-09T09:22:37.161478+00:00,30.66,31.31,30.66,31.31,-98.8,437317666.4048734,-4873.5,1198.1,3340.9,0
2026-04-09T09:22:37.625489+00:00,30.52,31.26,30.52,31.26,-101.8,437317606.5779258,-4893.4,1199.4,3354.5,0
2026-04-09T09:22:37.989525+00:00,30.38,31.20,30.38,31.2,-101.8,437317606.5779258,-4914.7,1200.9,3369.1,0
2026-04-09T09:22:38.353471+00:00,30.25,31.15,30.25,31.15,-103.8,437317606.5779258,-4932.7,1202.1,3381.5,0
2026-04-09T09:22:38.821486+00:00,30.11,31.10,30.11,31.1,-101.8,437317547.4009343,-4952.6,1203.5,3395.1,0
2026-04-09T09:22:39.186619+00:00,29.96,31.04,29.96,31.04,-102.8,437317547.4009343,-4973.5,1204.9,3409.4,0
2026-04-09T09:22:39.551193+00:00,29.84,31.00,29.84,31.0,-103.8,437317547.4009343,-4991.3,1206.2,3421.7,0
2026-04-09T09:22:40.017456+00:00,29.70,30.94,29.7,30.94,-101.8,437317488.82190245,-5011.2,1207.6,3435.3,0
2026-04-09T09:22:40.377506+00:00,29.56,30.89,29.56,30.89,-101.8,437317488.82190245,-5031.7,1209.0,3449.3,0
2026-04-09T09:22:40.741570+00:00,29.43,30.84,29.43,30.84,-101.8,437317488.82190245,-5049.4,1210.3,3461.4,0
2026-04-09T09:22:41.205484+00:00,29.30,30.78,29.3,30.78,-106.8,437317431.0851425,-5068.9,1211.7,3474.8,0
2026-04-09T09:22:41.569473+00:00,29.15,30.73,29.15,30.73,-101.8,437317431.0851425,-5089.3,1213.1,3488.8,0
2026-04-09T09:22:41.934000+00:00,29.03,30.68,29.03,30.68,-101.8,437317431.0851425,-5106.8,1214.4,3500.8,0
2026-04-09T09:22:42.403122+00:00,28.89,30.62,28.89,30.62,-104.8,437317373.6617861,-5126.3,1215.8,3514.2,0
2026-04-09T09:22:42.770333+00:00,28.75,30.57,28.75,30.57,-102.8,437317373.6617861,-5146.7,1217.4,3528.2,0
2026-04-09T09:22:43.134854+00:00,28.63,30.52,28.63,30.52,-106.8,437317373.6617861,-5164.0,1218.6,3540.0,0
2026-04-09T09:22:43.607901+00:00,28.50,30.46,28.5,30.46,-107.8,437317316.6494156,-5183.4,1220.1,3553.3,0
2026-04-09T09:22:43.970359+00:00,28.35,30.40,28.35,30.4,-106.8,437317316.6494156,-5203.5,1221.6,3567.1,0
2026-04-09T09:22:44.338557+00:00,28.23,30.35,28.23,30.35,-103.8,437317316.6494156,-5220.8,1222.9,3579.0,0
2026-04-09T09:22:44.805236+00:00,28.10,30.30,28.1,30.3,-103.8,437317260.0526608,-5239.9,1224.4,3592.1,0
2026-04-09T09:22:45.178053+00:00,27.96,30.24,27.96,30.24,-101.8,437317260.0526608,-5259.9,1225.9,3605.8,0
2026-04-09T09:22:45.538642+00:00,27.84,30.19,27.84,30.19,-99.8,437317260.0526608,-5276.8,1227.2,3617.4,0
2026-04-09T09:22:46.006542+00:00,27.71,30.14,27.71,30.14,-107.8,437317204.2479623,-5295.8,1228.7,3630.3,0
2026-04-09T09:22:46.374588+00:00,27.57,30.08,27.57,30.08,-104.8,437317204.2479623,-5315.5,1230.3,3643.9,0
2026-04-09T09:22:46.739113+00:00,27.45,30.03,27.45,30.03,-102.8,437317204.2479623,-5332.3,1231.6,3655.4,0
2026-04-09T09:22:47.206523+00:00,27.32,29.98,27.32,29.98,-109.8,437317149.0465654,-5351.0,1233.1,3668.2,0
2026-04-09T09:22:47.574834+00:00,27.19,29.92,27.19,29.92,-105.8,437317149.0465654,-5370.5,1234.7,3681.6,0
2026-04-09T09:22:47.943454+00:00,27.07,29.87,27.07,29.87,-103.8,437317149.0465654,-5387.2,1236.0,3693.1,0
2026-04-09T09:22:48.411219+00:00,26.94,29.81,26.94,29.81,-105.8,437317094.43529314,-5405.6,1237.5,3705.6,0
2026-04-09T09:22:48.778891+00:00,26.80,29.75,26.8,29.75,-106.8,437317094.43529314,-5425.1,1239.1,3719.0,0
2026-04-09T09:22:49.142552+00:00,26.69,29.70,26.69,29.7,-104.8,437317094.43529314,-5441.5,1240.5,3730.2,0
2026-04-09T09:22:49.611976+00:00,26.56,29.65,26.56,29.65,-105.8,437317040.2417735,-5459.8,1242.0,3742.8,0
2026-04-09T09:22:49.978575+00:00,26.43,29.59,26.43,29.59,-106.8,437317040.2417735,-5478.9,1243.6,3755.9,0
2026-04-09T09:22:50.351808+00:00,26.31,29.54,26.31,29.54,-108.8,437317040.2417735,-5495.0,1245.0,3767.0,0
2026-04-09T09:22:50.815958+00:00,26.19,29.49,26.19,29.49,-103.8,437316986.8182292,-5513.2,1246.5,3779.4,0
2026-04-09T09:22:51.178605+00:00,26.05,29.43,26.05,29.43,-105.8,437316986.8182292,-5532.1,1248.1,3792.3,0
2026-04-09T09:22:51.546430+00:00,25.94,29.38,25.94,29.38,-109.8,437316986.8182292,-5548.3,1249.5,3803.5,0
2026-04-09T09:22:52.014535+00:00,25.82,29.32,25.82,29.32,-102.8,437316933.9524007,-5566.0,1251.1,3815.6,0
2026-04-09T09:22:52.378899+00:00,25.68,29.26,25.68,29.26,-107.8,437316933.9524007,-5584.9,1252.7,3828.5,0
2026-04-09T09:22:52.746971+00:00,25.57,29.21,25.57,29.21,-103.8,437316933.9524007,-5600.7,1254.1,3839.4,0
2026-04-09T09:22:53.214853+00:00,25.45,29.16,25.45,29.16,-105.8,437316881.5666494,-5618.4,1255.7,3851.5,0
2026-04-09T09:22:53.582504+00:00,25.32,29.10,25.32,29.1,-102.8,437316881.5666494,-5636.9,1257.3,3864.2,0
2026-04-09T09:22:53.950361+00:00,25.21,29.05,25.21,29.05,-106.8,437316881.5666494,-5652.6,1258.8,3874.9,0
2026-04-09T09:22:54.419805+00:00,25.08,28.99,25.08,28.99,-105.8,437316829.9077806,-5670.1,1260.3,3887.0,0
2026-04-09T09:22:54.782446+00:00,24.96,28.93,24.96,28.93,-103.8,437316829.9077806,-5688.4,1262.0,3899.5,0
2026-04-09T09:22:55.150601+00:00,24.85,28.88,24.85,28.88,-103.8,437316829.9077806,-5704.0,1263.4,3910.2,0
2026-04-09T09:22:55.618849+00:00,24.72,28.83,24.72,28.83,-101.8,437316778.6093257,-5721.4,1265.0,3922.1,0
2026-04-09T09:22:55.986545+00:00,24.60,28.77,24.6,28.77,-102.8,437316778.6093257,-5739.4,1266.7,3934.5,0
2026-04-09T09:22:56.350658+00:00,24.49,28.72,24.49,28.72,-107.8,437316778.6093257,-5754.7,1268.2,3945.0,0
2026-04-09T09:22:56.823497+00:00,24.37,28.66,24.37,28.66,-101.8,437316728.1538551,-5771.8,1269.8,3956.7,0
2026-04-09T09:22:57.186543+00:00,24.24,28.60,24.24,28.6,-103.8,437316728.1538551,-5789.7,1271.5,3969.0,0
2026-04-09T09:22:57.554658+00:00,24.14,28.55,24.14,28.55,-106.8,437316728.1538551,-5805.0,1272.9,3979.5,0
2026-04-09T09:22:58.022559+00:00,24.02,28.50,24.02,28.5,-108.8,437316677.9843651,-5822.0,1274.6,3991.1,0
2026-04-09T09:22:58.391618+00:00,23.89,28.44,23.89,28.44,-101.8,437316677.9843651,-5839.6,1276.3,4003.2,0
2026-04-09T09:22:58.754672+00:00,23.79,28.39,23.79,28.39,-107.8,437316677.9843651,-5854.6,1277.7,4013.4,0
2026-04-09T09:22:59.162365+00:00,23.67,28.33,23.67,28.33,-101.8,437316677.9843651,-5871.3,1279.4,4024.9,0
2026-04-09T09:22:59.528986+00:00,23.56,28.28,23.56,28.28,-105.8,437316677.9843651,-5886.3,1280.8,4035.2,0
2026-04-09T09:22:59.958683+00:00,23.44,28.22,23.44,28.22,-111.8,437316604.513681,-5903.6,1282.6,4047.0,0
2026-04-09T09:23:00.366932+00:00,23.33,28.17,23.33,28.17,-104.8,437316604.513681,-5920.1,1284.2,4058.3,0
2026-04-09T09:23:00.739222+00:00,23.22,28.12,23.22,28.12,-106.8,437316604.513681,-5934.9,1285.7,4068.5,0
2026-04-09T09:23:01.098922+00:00,23.12,28.07,23.12,28.07,-101.8,437316604.513681,-5949.7,1287.2,4078.6,0
2026-04-09T09:23:01.566903+00:00,23.00,28.01,23.0,28.01,-108.8,437316533.9067214,-5966.1,1288.9,4089.9,0
2026-04-09T09:23:01.934901+00:00,22.88,27.95,22.88,27.95,-104.8,437316533.9067214,-5983.2,1290.6,4101.6,0
2026-04-09T09:23:02.302533+00:00,22.78,27.90,22.78,27.9,-103.8,437316533.9067214,-5997.8,1292.1,4111.6,0
2026-04-09T09:23:02.706639+00:00,22.67,27.84,22.67,27.84,-106.8,437316533.9067214,-6013.8,1293.8,4122.6,0
2026-04-09T09:23:03.074800+00:00,22.56,27.79,22.56,27.79,-105.8,437316533.9067214,-6028.3,1295.3,4132.5,0
2026-04-09T09:23:03.502533+00:00,22.44,27.74,22.44,27.74,-106.8,437316462.7687565,-6045.1,1297.1,4144.0,0
2026-04-09T09:23:03.910522+00:00,22.33,27.68,22.33,27.68,-104.8,437316462.7687565,-6061.1,1298.8,4155.0,0
2026-04-09T09:23:04.275091+00:00,22.23,27.63,22.23,27.63,-109.8,437316462.7687565,-6075.3,1300.3,4164.7,0
2026-04-09T09:23:04.642322+00:00,22.13,27.58,22.13,27.58,-100.8,437316462.7687565,-6089.6,1301.8,4174.5,0
2026-04-09T09:23:05.110981+00:00,22.02,27.52,22.02,27.52,-103.8,437316394.6213021,-6105.4,1303.5,4185.3,0
2026-04-09T09:23:05.478859+00:00,21.90,27.46,21.9,27.46,-103.8,437316394.6213021,-6121.9,1305.3,4196.7,0
2026-04-09T09:23:05.847465+00:00,21.80,27.41,21.8,27.41,-101.8,437316394.6213021,-6135.8,1306.9,4206.2,0
2026-04-09T09:23:06.250549+00:00,21.69,27.36,21.69,27.36,-104.8,437316394.6213021,-6151.5,1308.6,4216.9,0
2026-04-09T09:23:06.618841+00:00,21.59,27.31,21.59,27.31,-104.8,437316394.6213021,-6165.5,1310.1,4226.5,0
2026-04-09T09:23:07.046839+00:00,21.48,27.25,21.48,27.25,-103.8,437316325.9068723,-6181.6,1311.9,4237.6,0
2026-04-09T09:23:07.454964+00:00,21.37,27.19,21.37,27.19,-104.8,437316325.9068723,-6197.0,1313.7,4248.2,0
2026-04-09T09:23:07.818996+00:00,21.27,27.14,21.27,27.14,-100.8,437316325.9068723,-6210.8,1315.2,4257.6,0
2026-04-09T09:23:08.186688+00:00,21.17,27.09,21.17,27.09,-101.8,437316325.9068723,-6224.6,1316.8,4267.1,0
2026-04-09T09:23:08.649491+00:00,21.07,27.04,21.07,27.04,-101.8,437316260.25596166,-6239.7,1318.5,4277.5,0
2026-04-09T09:23:09.013485+00:00,20.96,26.98,20.96,26.98,-102.8,437316260.25596166,-6255.5,1320.3,4288.3,0
2026-04-09T09:23:09.378128+00:00,20.86,26.93,20.86,26.93,-103.8,437316260.25596166,-6269.0,1321.9,4297.5,0
2026-04-09T09:23:09.781622+00:00,20.75,26.87,20.75,26.87,-98.8,437316260.25596166,-6283.9,1323.6,4307.8,0
2026-04-09T09:23:10.145506+00:00,20.66,26.82,20.66,26.82,-101.8,437316260.25596166,-6297.3,1325.2,4316.9,0
2026-04-09T09:23:10.569532+00:00,20.55,26.77,20.55,26.77,-102.8,437316194.39136684,-6312.9,1327.0,4327.6,0
2026-04-09T09:23:10.977301+00:00,20.44,26.71,20.44,26.71,-104.8,437316194.39136684,-6327.6,1328.8,4337.7,0
2026-04-09T09:23:11.337567+00:00,20.35,26.66,20.35,26.66,-102.8,437316194.39136684,-6340.8,1330.4,4346.7,0
2026-04-09T09:23:11.701730+00:00,20.26,26.61,20.26,26.61,-102.8,437316194.39136684,-6354.0,1331.9,4355.8,0
