t,az_cmd,el_cmd,az_act,el_act,rssi,freq_hz,doppler_hz,range_km,range_rate,packets
2026-04-09T15:20:50.329363+00:00,15.32,22.15,15.32,22.15,-94.7,437494263.71804726,9263.7,1488.6,-6348.1,1
2026-04-09T15:20:51.665959+00:00,15.32,22.27,15.32,22.27,-109.7,437494263.71804726,9255.7,1483.7,-6342.6,22
2026-04-09T15:20:52.643918+00:00,15.33,22.48,15.33,22.48,-112.7,437494263.71804726,9242.2,1475.7,-6333.4,63
2026-04-09T15:20:54.011662+00:00,15.34,22.63,15.34,22.63,-110.7,437494263.71804726,9232.3,1469.8,-6326.5,95
2026-04-09T15:20:55.139187+00:00,15.35,22.88,15.35,22.88,-107.7,437494263.71804726,9215.1,1459.9,-6314.7,135
2026-04-09T15:20:56.193652+00:00,15.36,23.07,15.36,23.07,-104.7,437494207.6678047,9202.5,1452.8,-6306.2,181
2026-04-09T15:20:57.539372+00:00,15.36,23.26,15.36,23.26,-109.7,437494207.6678047,9189.8,1445.7,-6297.4,223
2026-04-09T15:20:58.794731+00:00,15.37,23.48,15.37,23.48,None,437494207.6678047,9174.7,1437.5,-6287.1,259
2026-04-09T15:20:59.632429+00:00,15.38,23.66,15.38,23.66,-106.7,437494207.6678047,9161.8,1430.6,-6278.2,290
2026-04-09T15:21:00.780193+00:00,15.39,23.84,15.39,23.84,-109.7,437494155.82157975,9149.3,1424.0,-6269.7,323
2026-04-09T15:21:01.783896+00:00,15.40,24.00,15.4,24.0,-106.7,437494155.82157975,9138.6,1418.4,-6262.3,358
2026-04-09T15:21:02.910898+00:00,15.40,24.19,15.4,24.19,-107.7,437494155.82157975,9124.5,1411.3,-6252.7,393
2026-04-09T15:21:03.794211+00:00,15.41,24.37,15.41,24.37,-105.7,437494155.82157975,9111.7,1404.8,-6243.9,429
2026-04-09T15:21:05.014257+00:00,15.42,24.55,15.42,24.55,-107.7,437494104.7755432,9099.3,1398.7,-6235.4,467
2026-04-09T15:21:05.924274+00:00,15.42,24.72,15.42,24.72,-109.7,437494104.7755432,9086.8,1392.6,-6226.9,499
2026-04-09T15:21:07.041041+00:00,15.43,24.95,15.43,24.95,-106.7,437494104.7755432,9070.0,1384.6,-6215.4,545
2026-04-09T15:21:07.402116+00:00,15.44,25.08,15.44,25.08,-111.7,437494104.7755432,9060.7,1380.2,-6209.0,559
2026-04-09T15:21:07.726211+00:00,15.44,25.14,15.44,25.14,-110.7,437494104.7755432,9056.4,1378.2,-6206.0,559
2026-04-09T15:21:08.070125+00:00,15.44,25.20,15.44,25.2,-109.7,437494053.693167,9051.8,1376.0,-6202.9,559
2026-04-09T15:21:08.414123+00:00,15.45,25.26,15.45,25.26,-109.7,437494053.693167,9047.2,1373.9,-6199.7,559
2026-04-09T15:21:08.738170+00:00,15.45,25.32,15.45,25.32,-107.7,437494053.693167,9042.8,1371.9,-6196.7,559
2026-04-09T15:21:09.062280+00:00,15.45,25.38,15.45,25.38,-107.7,437494053.693167,9038.5,1369.9,-6193.7,559
2026-04-09T15:21:09.406142+00:00,15.45,25.44,15.45,25.44,-103.7,437494053.693167,9034.1,1367.9,-6190.7,559
2026-04-09T15:21:09.730097+00:00,15.46,25.50,15.46,25.5,-109.7,437494053.693167,9029.4,1365.8,-6187.5,559
2026-04-09T15:21:10.054280+00:00,15.46,25.56,15.46,25.56,-106.7,437494053.693167,9024.9,1363.8,-6184.4,559
2026-04-09T15:21:10.374135+00:00,15.46,25.62,15.46,25.62,-107.7,437494053.693167,9020.4,1361.8,-6181.4,559
2026-04-09T15:21:10.718141+00:00,15.46,25.69,15.46,25.69,-107.7,437494053.693167,9015.7,1359.6,-6178.1,559
2026-04-09T15:21:11.042168+00:00,15.47,25.75,15.47,25.75,-107.7,437494053.693167,9011.1,1357.6,-6175.0,559
2026-04-09T15:21:11.366102+00:00,15.47,25.81,15.47,25.81,-105.7,437494053.693167,9006.6,1355.6,-6171.9,559
2026-04-09T15:21:11.710107+00:00,15.47,25.87,15.47,25.87,-106.7,437494053.693167,9002.1,1353.7,-6168.8,559
2026-04-09T15:21:12.054140+00:00,15.47,25.94,15.47,25.94,-107.7,437493998.9091175,8996.9,1351.4,-6165.2,559
2026-04-09T15:21:12.379171+00:00,15.48,26.00,15.48,26.0,-106.7,437493998.9091175,8992.3,1349.4,-6162.1,559
2026-04-09T15:21:12.727487+00:00,15.48,26.06,15.48,26.06,-104.7,437493998.9091175,8987.7,1347.4,-6158.9,559
2026-04-09T15:21:13.055504+00:00,15.48,26.12,15.48,26.12,-105.7,437493998.9091175,8982.7,1345.3,-6155.5,559
2026-04-09T15:21:13.383500+00:00,15.48,26.19,15.48,26.19,-105.7,437493998.9091175,8977.9,1343.2,-6152.3,559
2026-04-09T15:21:13.727538+00:00,15.49,26.25,15.49,26.25,-104.7,437493998.9091175,8973.2,1341.2,-6149.0,559
2026-04-09T15:21:14.055146+00:00,15.49,26.31,15.49,26.31,-103.7,437493998.9091175,8968.2,1339.1,-6145.6,559
2026-04-09T15:21:14.379196+00:00,15.49,26.37,15.49,26.37,-106.7,437493998.9091175,8963.4,1337.1,-6142.3,559
2026-04-09T15:21:14.707312+00:00,15.49,26.44,15.49,26.44,-105.7,437493998.9091175,8958.6,1335.1,-6139.0,559
2026-04-09T15:21:15.051620+00:00,15.50,26.50,15.5,26.5,-102.7,437493998.9091175,8953.5,1333.0,-6135.5,559
2026-04-09T15:21:15.382744+00:00,15.50,26.57,15.5,26.57,-103.7,437493998.9091175,8948.7,1331.0,-6132.2,559
2026-04-09T15:21:15.703517+00:00,15.50,26.63,15.5,26.63,-103.7,437493998.9091175,8943.7,1329.0,-6128.8,559
2026-04-09T15:21:16.071336+00:00,15.50,26.70,15.5,26.7,-105.7,437493940.7326397,8938.6,1326.9,-6125.3,559
2026-04-09T15:21:16.395173+00:00,15.51,26.76,15.51,26.76,-103.7,437493940.7326397,8933.4,1324.7,-6121.7,559
2026-04-09T15:21:16.722976+00:00,15.51,26.83,15.51,26.83,-107.7,437493940.7326397,8928.5,1322.8,-6118.4,559
2026-04-09T15:21:17.047707+00:00,15.51,26.89,15.51,26.89,-107.7,437493940.7326397,8923.6,1320.8,-6115.0,559
2026-04-09T15:21:17.395549+00:00,15.51,26.96,15.51,26.96,-106.7,437493940.7326397,8918.2,1318.6,-6111.3,559
2026-04-09T15:21:17.719500+00:00,15.52,27.02,15.52,27.02,-109.7,437493940.7326397,8913.2,1316.6,-6107.9,559
2026-04-09T15:21:18.047217+00:00,15.52,27.08,15.52,27.08,-107.7,437493940.7326397,8908.2,1314.7,-6104.5,559
2026-04-09T15:21:18.391688+00:00,15.52,27.15,15.52,27.15,-103.7,437493940.7326397,8903.2,1312.7,-6101.0,559
2026-04-09T15:21:18.719240+00:00,15.53,27.22,15.53,27.22,-109.7,437493940.7326397,8897.8,1310.6,-6097.3,559
2026-04-09T15:21:19.043192+00:00,15.53,27.28,15.53,27.28,-105.7,437493940.7326397,8892.6,1308.6,-6093.8,559
2026-04-09T15:21:19.411570+00:00,15.53,27.35,15.53,27.35,-106.7,437493889.4151234,8887.2,1306.5,-6090.1,559
2026-04-09T15:21:19.735361+00:00,15.53,27.42,15.53,27.42,-103.7,437493889.4151234,8881.7,1304.4,-6086.3,559
2026-04-09T15:21:20.063024+00:00,15.54,27.48,15.54,27.48,-107.7,437493889.4151234,8876.5,1302.4,-6082.8,559
2026-04-09T15:21:20.391084+00:00,15.54,27.55,15.54,27.55,-105.7,437493889.4151234,8871.3,1300.4,-6079.2,559
2026-04-09T15:21:20.735401+00:00,15.54,27.62,15.54,27.62,-109.7,437493889.4151234,8865.8,1298.3,-6075.4,559
2026-04-09T15:21:21.063783+00:00,15.54,27.68,15.54,27.68,-104.7,437493889.4151234,8860.5,1296.3,-6071.8,559
2026-04-09T15:21:21.387171+00:00,15.55,27.75,15.55,27.75,-107.7,437493889.4151234,8855.2,1294.3,-6068.1,559
2026-04-09T15:21:21.735186+00:00,15.55,27.81,15.55,27.81,-105.7,437493889.4151234,8849.9,1292.3,-6064.5,559
2026-04-09T15:21:22.059617+00:00,15.55,27.88,15.55,27.88,-109.7,437493889.4151234,8844.2,1290.2,-6060.6,559
2026-04-09T15:21:22.387312+00:00,15.55,27.95,15.55,27.95,-107.7,437493889.4151234,8838.9,1288.3,-6057.0,559
2026-04-09T15:21:22.751447+00:00,15.56,28.02,15.56,28.02,-107.7,437493835.4462258,8833.2,1286.2,-6053.1,559
2026-04-09T15:21:23.079745+00:00,15.56,28.09,15.56,28.09,-105.7,437493835.4462258,8827.4,1284.1,-6049.1,559
2026-04-09T15:21:23.403931+00:00,15.56,28.16,15.56,28.16,-105.7,437493835.4462258,8821.9,1282.1,-6045.3,559
2026-04-09T15:21:23.732217+00:00,15.57,28.22,15.57,28.22,-109.7,437493835.4462258,8816.5,1280.1,-6041.6,559
2026-04-09T15:21:24.079312+00:00,15.57,28.30,15.57,28.3,-107.7,437493835.4462258,8810.6,1278.0,-6037.6,559
2026-04-09T15:21:24.403506+00:00,15.57,28.36,15.57,28.36,-105.7,437493835.4462258,8805.1,1276.1,-6033.8,559
2026-04-09T15:21:24.727157+00:00,15.57,28.43,15.57,28.43,-103.7,437493835.4462258,8799.5,1274.1,-6030.0,559
2026-04-09T15:21:25.074828+00:00,15.58,28.50,15.58,28.5,-109.7,437493835.4462258,8794.0,1272.2,-6026.2,559
2026-04-09T15:21:25.403530+00:00,15.58,28.57,15.58,28.57,-105.7,437493835.4462258,8788.0,1270.1,-6022.1,559
2026-04-09T15:21:25.727518+00:00,15.58,28.64,15.58,28.64,-107.7,437493835.4462258,8782.4,1268.1,-6018.3,559
2026-04-09T15:21:26.094853+00:00,15.58,28.71,15.58,28.71,-106.7,437493778.8131212,8776.4,1266.0,-6014.1,559
2026-04-09T15:21:26.419469+00:00,15.59,28.78,15.59,28.78,-109.7,437493778.8131212,8770.4,1263.9,-6010.0,559
2026-04-09T15:21:26.747496+00:00,15.59,28.85,15.59,28.85,-107.7,437493778.8131212,8764.6,1262.0,-6006.1,559
2026-04-09T15:21:27.071138+00:00,15.59,28.92,15.59,28.92,-105.7,437493778.8131212,8758.8,1260.0,-6002.1,559
2026-04-09T15:21:27.419509+00:00,15.60,28.99,15.6,28.99,-111.7,437493778.8131212,8752.7,1257.9,-5997.9,559
2026-04-09T15:21:27.743527+00:00,15.60,29.06,15.6,29.06,-108.7,437493778.8131212,8746.9,1256.0,-5993.9,559
2026-04-09T15:21:28.071388+00:00,15.60,29.13,15.6,29.13,-110.7,437493778.8131212,8741.1,1254.0,-5990.0,559
2026-04-09T15:21:28.415280+00:00,15.60,29.20,15.6,29.2,-106.7,437493778.8131212,8735.2,1252.1,-5985.9,559
2026-04-09T15:21:28.743528+00:00,15.61,29.27,15.61,29.27,-105.7,437493778.8131212,8729.0,1250.0,-5981.7,559
2026-04-09T15:21:29.068478+00:00,15.61,29.34,15.61,29.34,-106.7,437493778.8131212,8723.0,1248.0,-5977.6,559
2026-04-09T15:21:29.435155+00:00,15.61,29.42,15.61,29.42,-104.7,437493719.28209466,8716.7,1246.0,-5973.2,559
2026-04-09T15:21:29.763464+00:00,15.62,29.49,15.62,29.49,-107.7,437493719.28209466,8710.4,1243.9,-5968.9,559
2026-04-09T15:21:30.087665+00:00,15.62,29.56,15.62,29.56,-104.7,437493719.28209466,8704.3,1242.0,-5964.7,559
2026-04-09T15:21:30.420087+00:00,15.62,29.63,15.62,29.63,-104.7,437493719.28209466,8698.3,1240.0,-5960.6,559
2026-04-09T15:21:30.759509+00:00,15.62,29.71,15.62,29.71,-107.7,437493719.28209466,8691.9,1238.0,-5956.2,559
2026-04-09T15:21:31.087709+00:00,15.63,29.78,15.63,29.78,-105.7,437493719.28209466,8685.7,1236.0,-5952.0,559
2026-04-09T15:21:31.411468+00:00,15.63,29.85,15.63,29.85,-109.7,437493719.28209466,8679.6,1234.1,-5947.8,559
2026-04-09T15:21:31.759348+00:00,15.63,29.92,15.63,29.92,-106.7,437493719.28209466,8673.4,1232.1,-5943.6,559
2026-04-09T15:21:32.108144+00:00,15.64,30.00,15.64,30.0,-103.7,437493669.12673986,8666.4,1230.0,-5938.8,559
2026-04-09T15:21:32.431514+00:00,15.64,30.08,15.64,30.08,-104.7,437493669.12673986,8660.2,1228.0,-5934.5,559
2026-04-09T15:21:32.779534+00:00,15.64,30.15,15.64,30.15,-107.7,437493669.12673986,8654.0,1226.1,-5930.2,559
2026-04-09T15:21:33.103088+00:00,15.64,30.22,15.64,30.22,-108.7,437493669.12673986,8647.3,1224.0,-5925.6,559
2026-04-09T15:21:33.431509+00:00,15.65,30.30,15.65,30.3,-105.7,437493669.12673986,8641.0,1222.1,-5921.3,559
2026-04-09T15:21:33.755177+00:00,15.65,30.37,15.65,30.37,-103.7,437493669.12673986,8634.6,1220.2,-5917.0,559
2026-04-09T15:21:34.103028+00:00,15.65,30.45,15.65,30.45,-101.7,437493669.12673986,8627.8,1218.1,-5912.3,559
2026-04-09T15:21:34.427476+00:00,15.66,30.52,15.66,30.52,-106.7,437493669.12673986,8621.4,1216.2,-5907.9,559
2026-04-09T15:21:34.775168+00:00,15.66,30.60,15.66,30.6,-102.7,437493617.3474942,8614.5,1214.2,-5903.2,559
2026-04-09T15:21:35.119513+00:00,15.66,30.67,15.66,30.67,-104.7,437493617.3474942,8607.7,1212.1,-5898.5,559
2026-04-09T15:21:35.450781+00:00,15.67,30.75,15.67,30.75,-107.7,437493617.3474942,8601.2,1210.2,-5894.1,559
2026-04-09T15:21:35.771528+00:00,15.67,30.82,15.67,30.82,-104.7,437493617.3474942,8594.6,1208.3,-5889.5,559
2026-04-09T15:21:36.119251+00:00,15.67,30.90,15.67,30.9,-106.7,437493617.3474942,8588.0,1206.4,-5885.1,559
2026-04-09T15:21:36.443690+00:00,15.67,30.98,15.67,30.98,-106.7,437493617.3474942,8581.0,1204.3,-5880.2,559
2026-04-09T15:21:36.771180+00:00,15.68,31.05,15.68,31.05,-106.7,437493617.3474942,8574.4,1202.4,-5875.7,559
2026-04-09T15:21:37.119097+00:00,15.68,31.13,15.68,31.13,-108.7,437493617.3474942,8567.6,1200.5,-5871.1,559
2026-04-09T15:21:37.463261+00:00,15.68,31.21,15.68,31.21,-101.7,437493562.95463216,8560.1,1198.3,-5865.9,559
2026-04-09T15:21:37.792261+00:00,15.69,31.28,15.69,31.28,-101.7,437493562.95463216,8553.3,1196.4,-5861.3,559
2026-04-09T15:21:38.135534+00:00,15.69,31.36,15.69,31.36,-103.7,437493562.95463216,8546.6,1194.5,-5856.7,559
2026-04-09T15:21:38.463772+00:00,15.69,31.44,15.69,31.44,-103.7,437493562.95463216,8539.3,1192.5,-5851.7,559
2026-04-09T15:21:38.787611+00:00,15.70,31.52,15.7,31.52,-102.7,437493562.95463216,8532.4,1190.6,-5846.9,559
2026-04-09T15:21:39.135004+00:00,15.70,31.59,15.7,31.59,-103.7,437493562.95463216,8525.6,1188.7,-5842.3,559
2026-04-09T15:21:39.459570+00:00,15.70,31.67,15.7,31.67,-103.7,437493562.95463216,8518.2,1186.6,-5837.2,559
2026-04-09T15:21:39.787509+00:00,15.71,31.75,15.71,31.75,-103.7,437493562.95463216,8511.2,1184.8,-5832.4,559
2026-04-09T15:21:40.152544+00:00,15.71,31.83,15.71,31.83,-105.7,437493506.78681964,8503.9,1182.7,-5827.4,559
2026-04-09T15:21:40.483069+00:00,15.71,31.91,15.71,31.91,-106.7,437493506.78681964,8496.3,1180.7,-5822.2,559
2026-04-09T15:21:40.808636+00:00,15.71,31.99,15.71,31.99,-104.7,437493506.78681964,8489.3,1178.8,-5817.4,559
2026-04-09T15:21:41.131585+00:00,15.72,32.07,15.72,32.07,-99.7,437493506.78681964,8482.2,1176.9,-5812.5,559
2026-04-09T15:21:41.479658+00:00,15.72,32.15,15.72,32.15,-105.7,437493506.78681964,8474.5,1174.9,-5807.3,559
2026-04-09T15:21:41.803195+00:00,15.72,32.23,15.72,32.23,-101.7,437493506.78681964,8467.3,1173.0,-5802.3,559
2026-04-09T15:21:42.132436+00:00,15.73,32.30,15.73,32.3,-98.7,437493506.78681964,8460.1,1171.1,-5797.4,559
2026-04-09T15:21:42.475184+00:00,15.73,32.39,15.73,32.39,-101.7,437493506.78681964,8452.5,1169.1,-5792.2,559
2026-04-09T15:21:42.823502+00:00,15.73,32.47,15.73,32.47,-103.7,437493447.85646886,8444.7,1167.1,-5786.8,559
2026-04-09T15:21:43.147523+00:00,15.74,32.55,15.74,32.55,-101.7,437493447.85646886,8437.3,1165.2,-5781.8,559
2026-04-09T15:21:43.495170+00:00,15.74,32.63,15.74,32.63,-101.7,437493447.85646886,8429.5,1163.2,-5776.5,559
2026-04-09T15:21:43.819178+00:00,15.74,32.71,15.74,32.71,-101.7,437493447.85646886,8422.1,1161.3,-5771.4,559
2026-04-09T15:21:44.148010+00:00,15.75,32.79,15.75,32.79,-99.7,437493447.85646886,8414.7,1159.5,-5766.3,559
2026-04-09T15:21:44.491894+00:00,15.75,32.87,15.75,32.87,-101.7,437493447.85646886,8406.8,1157.5,-5760.9,559
2026-04-09T15:21:44.819532+00:00,15.75,32.95,15.75,32.95,-100.7,437493447.85646886,8399.2,1155.6,-5755.7,559
2026-04-09T15:21:45.147503+00:00,15.76,33.04,15.76,33.04,-101.7,437493447.85646886,8391.6,1153.7,-5750.5,559
2026-04-09T15:21:45.519457+00:00,15.76,33.12,15.76,33.12,-99.7,437493386.8020203,8383.6,1151.7,-5745.0,559
2026-04-09T15:21:45.839528+00:00,15.76,33.21,15.76,33.21,-103.7,437493386.8020203,8375.4,1149.7,-5739.4,559
2026-04-09T15:21:46.163479+00:00,15.77,33.29,15.77,33.29,-99.7,437493386.8020203,8367.7,1147.8,-5734.1,559
2026-04-09T15:21:46.491651+00:00,15.77,33.37,15.77,33.37,-103.7,437493386.8020203,8360.1,1146.0,-5728.9,559
2026-04-09T15:21:46.839603+00:00,15.77,33.45,15.77,33.45,-101.7,437493386.8020203,8351.8,1144.0,-5723.2,559
2026-04-09T15:21:47.163518+00:00,15.78,33.54,15.78,33.54,-97.7,437493386.8020203,8344.0,1142.1,-5717.9,559
2026-04-09T15:21:47.488055+00:00,15.78,33.62,15.78,33.62,-99.7,437493386.8020203,8336.2,1140.3,-5712.5,559
2026-04-09T15:21:47.835479+00:00,15.78,33.70,15.78,33.7,-103.7,437493386.8020203,8328.3,1138.4,-5707.1,559
2026-04-09T15:21:48.183517+00:00,15.79,33.79,15.79,33.79,-100.7,437493322.80119675,8319.4,1136.3,-5701.0,559
2026-04-09T15:21:48.508059+00:00,15.79,33.87,15.79,33.87,-101.7,437493322.80119675,8311.4,1134.5,-5695.5,559
2026-04-09T15:21:48.856686+00:00,15.79,33.96,15.79,33.96,-99.7,437493322.80119675,8303.4,1132.6,-5690.0,559
2026-04-09T15:21:49.179483+00:00,15.80,34.04,15.8,34.04,-101.7,437493322.80119675,8294.8,1130.6,-5684.2,559
2026-04-09T15:21:49.504130+00:00,15.80,34.13,15.8,34.13,-99.7,437493322.80119675,8286.8,1128.8,-5678.6,559
2026-04-09T15:21:49.831180+00:00,15.80,34.21,15.8,34.21,-97.7,437493322.80119675,8278.7,1126.9,-5673.1,559
2026-04-09T15:21:50.180256+00:00,15.81,34.30,15.81,34.3,-99.7,437493322.80119675,8270.0,1125.0,-5667.1,559
2026-04-09T15:21:50.503355+00:00,15.81,34.38,15.81,34.38,-97.7,437493322.80119675,8261.9,1123.1,-5661.5,559
2026-04-09T15:21:50.854953+00:00,15.81,34.47,15.81,34.47,None,437493256.5929077,8253.0,1121.2,-5655.5,559
2026-04-09T15:21:51.195544+00:00,15.82,34.56,15.82,34.56,-97.7,437493256.5929077,8244.1,1119.2,-5649.4,559
2026-04-09T15:21:51.523283+00:00,15.82,34.65,15.82,34.65,-97.7,437493256.5929077,8235.9,1117.4,-5643.7,559
2026-04-09T15:21:51.847545+00:00,15.82,34.73,15.82,34.73,-95.7,437493256.5929077,8227.4,1115.5,-5638.0,559
2026-04-09T15:21:52.194802+00:00,15.83,34.82,15.83,34.82,-99.7,437493256.5929077,8219.1,1113.7,-5632.2,559
2026-04-09T15:21:52.519620+00:00,15.83,34.91,15.83,34.91,-95.7,437493256.5929077,8210.1,1111.8,-5626.1,559
2026-04-09T15:21:52.867163+00:00,15.84,35.00,15.84,35.0,-103.7,437493204.70250493,8201.0,1109.8,-5619.9,559
2026-04-09T15:21:53.211321+00:00,15.84,35.08,15.84,35.08,-98.7,437493204.70250493,8192.4,1108.0,-5614.0,559
2026-04-09T15:21:53.539670+00:00,15.84,35.18,15.84,35.18,-93.7,437493204.70250493,8183.3,1106.0,-5607.7,559
2026-04-09T15:21:53.863394+00:00,15.85,35.26,15.85,35.26,-97.7,437493204.70250493,8174.6,1104.2,-5601.8,559
2026-04-09T15:21:54.191543+00:00,15.85,35.35,15.85,35.35,-101.7,437493204.70250493,8166.0,1102.4,-5595.9,559
2026-04-09T15:21:54.540636+00:00,15.85,35.44,15.85,35.44,-95.7,437493204.70250493,8156.6,1100.4,-5589.4,559
2026-04-09T15:21:54.883193+00:00,15.86,35.53,15.86,35.53,-95.7,437493151.0307388,8147.4,1098.5,-5583.1,559
2026-04-09T15:21:55.207496+00:00,15.86,35.62,15.86,35.62,-98.7,437493151.0307388,8138.5,1096.7,-5577.0,559
2026-04-09T15:21:55.555618+00:00,15.86,35.71,15.86,35.71,-95.7,437493151.0307388,8129.1,1094.8,-5570.6,559
2026-04-09T15:21:55.883154+00:00,15.87,35.80,15.87,35.8,-97.7,437493151.0307388,8120.1,1092.9,-5564.4,559
2026-04-09T15:21:56.207202+00:00,15.87,35.89,15.87,35.89,-97.7,437493151.0307388,8111.2,1091.1,-5558.3,559
2026-04-09T15:21:56.555225+00:00,15.87,35.98,15.87,35.98,-97.7,437493151.0307388,8102.3,1089.3,-5552.2,559
2026-04-09T15:21:56.899482+00:00,15.88,36.08,15.88,36.08,-93.7,437493095.81559944,8092.0,1087.3,-5545.2,559
2026-04-09T15:21:57.228743+00:00,15.88,36.17,15.88,36.17,-94.7,437493095.81559944,8082.8,1085.5,-5538.9,559
2026-04-09T15:21:57.571176+00:00,15.89,36.26,15.89,36.26,-97.7,437493095.81559944,8073.6,1083.7,-5532.6,559
2026-04-09T15:21:57.899505+00:00,15.89,36.35,15.89,36.35,-96.7,437493095.81559944,8063.9,1081.8,-5525.9,559
2026-04-09T15:21:58.223495+00:00,15.89,36.44,15.89,36.44,-96.7,437493095.81559944,8054.6,1079.9,-5519.5,559
2026-04-09T15:21:58.553113+00:00,15.90,36.53,15.9,36.53,-95.7,437493095.81559944,8045.3,1078.2,-5513.2,559
2026-04-09T15:21:58.915678+00:00,15.90,36.63,15.9,36.63,-98.7,437493039.3100404,8034.8,1076.1,-5506.0,559
2026-04-09T15:21:59.243541+00:00,15.91,36.73,15.91,36.73,-97.7,437493039.3100404,8025.4,1074.4,-5499.5,559
2026-04-09T15:21:59.569092+00:00,15.91,36.82,15.91,36.82,-97.7,437493039.3100404,8015.9,1072.5,-5493.0,559
2026-04-09T15:21:59.915181+00:00,15.91,36.91,15.91,36.91,-97.7,437493039.3100404,8005.8,1070.7,-5486.1,559
2026-04-09T15:22:00.239514+00:00,15.92,37.01,15.92,37.01,-98.7,437493039.3100404,7996.2,1068.9,-5479.5,559
2026-04-09T15:22:00.567207+00:00,15.92,37.10,15.92,37.1,-96.7,437493039.3100404,7986.7,1067.1,-5473.0,559
2026-04-09T15:22:00.935105+00:00,15.92,37.19,15.92,37.19,-97.7,437492980.52433634,7976.5,1065.2,-5466.0,559
2026-04-09T15:22:01.259250+00:00,15.93,37.29,15.93,37.29,-91.7,437492980.52433634,7966.1,1063.3,-5458.9,559
2026-04-09T15:22:01.583155+00:00,15.93,37.39,15.93,37.39,None,437492980.52433634,7956.3,1061.5,-5452.1,559
2026-04-09T15:22:01.911554+00:00,15.94,37.48,15.94,37.48,-95.7,437492980.52433634,7946.5,1059.7,-5445.5,559
2026-04-09T15:22:02.255289+00:00,15.94,37.58,15.94,37.58,-98.7,437492980.52433634,7936.0,1057.9,-5438.2,559
2026-04-09T15:22:02.583215+00:00,15.94,37.67,15.94,37.67,-96.7,437492980.52433634,7926.1,1056.1,-5431.5,559
2026-04-09T15:22:02.927613+00:00,15.95,37.77,15.95,37.77,-99.7,437492919.7883956,7915.6,1054.2,-5424.3,559
2026-04-09T15:22:03.275507+00:00,15.95,37.87,15.95,37.87,-99.7,437492919.7883956,7904.9,1052.3,-5416.9,559
2026-04-09T15:22:03.604250+00:00,15.96,37.96,15.96,37.96,-98.7,437492919.7883956,7894.8,1050.6,-5410.0,559
2026-04-09T15:22:03.927494+00:00,15.96,38.06,15.96,38.06,-100.7,437492919.7883956,7884.7,1048.8,-5403.1,559
2026-04-09T15:22:04.275499+00:00,15.96,38.16,15.96,38.16,-98.7,437492919.7883956,7873.8,1046.9,-5395.6,559
2026-04-09T15:22:04.599174+00:00,15.97,38.25,15.97,38.25,-97.7,437492919.7883956,7863.6,1045.2,-5388.7,559
2026-04-09T15:22:04.947548+00:00,15.97,38.36,15.97,38.36,-97.7,437492857.09366757,7852.6,1043.3,-5381.1,559
2026-04-09T15:22:05.291495+00:00,15.98,38.46,15.98,38.46,-96.7,437492857.09366757,7841.6,1041.4,-5373.5,559
2026-04-09T15:22:05.620212+00:00,15.98,38.56,15.98,38.56,-95.7,437492857.09366757,7831.3,1039.7,-5366.5,559
2026-04-09T15:22:05.959824+00:00,15.99,38.65,15.99,38.65,None,437492857.09366757,7820.7,1037.9,-5359.3,559
2026-04-09T15:22:06.311497+00:00,15.99,38.76,15.99,38.76,-93.7,437492857.09366757,7809.0,1036.0,-5351.2,559
2026-04-09T15:22:06.640293+00:00,15.99,38.86,15.99,38.86,-95.7,437492857.09366757,7798.3,1034.2,-5343.9,559
2026-04-09T15:22:06.983516+00:00,16.00,38.96,16.0,38.96,-95.7,437492791.5516085,7787.1,1032.4,-5336.2,559
2026-04-09T15:22:07.330143+00:00,16.00,39.07,16.0,39.07,-103.7,437492791.5516085,7775.7,1030.5,-5328.4,559
2026-04-09T15:22:07.650102+00:00,16.01,39.16,16.01,39.16,-103.7,437492791.5516085,7765.0,1028.8,-5321.1,559
2026-04-09T15:22:07.974223+00:00,16.01,39.26,16.01,39.26,-100.7,437492791.5516085,7754.3,1027.1,-5313.7,559
2026-04-09T15:22:08.318120+00:00,16.02,39.36,16.02,39.36,-101.7,437492791.5516085,7743.5,1025.4,-5306.3,559
2026-04-09T15:22:08.642098+00:00,16.02,39.46,16.02,39.46,-102.7,437492791.5516085,7732.0,1023.6,-5298.4,559
2026-04-09T15:22:08.986358+00:00,16.02,39.57,16.02,39.57,-103.7,437492725.1886971,7720.5,1021.8,-5290.6,559
2026-04-09T15:22:09.330105+00:00,16.03,39.67,16.03,39.67,-97.7,437492725.1886971,7709.6,1020.0,-5283.1,559
2026-04-09T15:22:09.650163+00:00,16.03,39.77,16.03,39.77,-99.7,437492725.1886971,7697.9,1018.2,-5275.1,559
2026-04-09T15:22:09.974104+00:00,16.04,39.87,16.04,39.87,-98.7,437492725.1886971,7686.8,1016.5,-5267.5,559
2026-04-09T15:22:10.298116+00:00,16.04,39.97,16.04,39.97,-103.7,437492725.1886971,7675.6,1014.8,-5259.8,559
2026-04-09T15:22:10.642117+00:00,16.05,40.08,16.05,40.08,-101.7,437492725.1886971,7663.9,1013.0,-5251.8,559
2026-04-09T15:22:10.986122+00:00,16.05,40.18,16.05,40.18,-106.7,437492656.7494285,7651.9,1011.2,-5243.6,559
2026-04-09T15:22:11.311277+00:00,16.05,40.28,16.05,40.28,-105.7,437492656.7494285,7640.6,1009.5,-5235.9,559
2026-04-09T15:22:11.650194+00:00,16.06,40.39,16.06,40.39,-100.7,437492656.7494285,7628.5,1007.7,-5227.6,559
2026-04-09T15:22:11.974308+00:00,16.06,40.49,16.06,40.49,-97.7,437492656.7494285,7617.1,1006.0,-5219.7,559
2026-04-09T15:22:12.299547+00:00,16.07,40.59,16.07,40.59,-101.7,437492656.7494285,7605.6,1004.3,-5211.8,559
2026-04-09T15:22:12.647504+00:00,16.07,40.70,16.07,40.7,-95.7,437492656.7494285,7594.1,1002.7,-5203.9,559
2026-04-09T15:22:12.996877+00:00,16.08,40.81,16.08,40.81,-95.7,437492585.9103072,7580.8,1000.7,-5194.9,559
2026-04-09T15:22:13.319551+00:00,16.08,40.91,16.08,40.91,-98.7,437492585.9103072,7569.2,999.1,-5186.9,559
2026-04-09T15:22:13.667205+00:00,16.09,41.02,16.09,41.02,-97.7,437492585.9103072,7557.3,997.4,-5178.7,559
2026-04-09T15:22:13.992384+00:00,16.09,41.13,16.09,41.13,-97.7,437492585.9103072,7544.8,995.6,-5170.2,559
2026-04-09T15:22:14.319540+00:00,16.10,41.23,16.1,41.23,-95.7,437492585.9103072,7532.8,993.9,-5161.9,559
2026-04-09T15:22:14.643174+00:00,16.10,41.34,16.1,41.34,-97.7,437492585.9103072,7520.7,992.2,-5153.6,559
2026-04-09T15:22:15.011356+00:00,16.11,41.46,16.11,41.46,-95.7,437492513.15087616,7507.2,990.3,-5144.4,559
2026-04-09T15:22:15.335545+00:00,16.11,41.56,16.11,41.56,-95.7,437492513.15087616,7495.0,988.6,-5136.0,559
2026-04-09T15:22:15.663231+00:00,16.11,41.67,16.11,41.67,-97.7,437492513.15087616,7482.9,987.0,-5127.7,559
2026-04-09T15:22:16.015163+00:00,16.12,41.78,16.12,41.78,-94.7,437492513.15087616,7469.9,985.2,-5118.8,559
2026-04-09T15:22:16.355526+00:00,16.12,41.89,16.12,41.89,-95.7,437492461.7777813,7456.7,983.4,-5109.8,559
2026-04-09T15:22:16.679232+00:00,16.13,42.00,16.13,42.0,-95.7,437492461.7777813,7444.3,981.8,-5101.3,559
2026-04-09T15:22:17.027034+00:00,16.13,42.11,16.13,42.11,-92.7,437492461.7777813,7431.1,980.0,-5092.3,559
2026-04-09T15:22:17.356718+00:00,16.14,42.22,16.14,42.22,-95.7,437492461.7777813,7418.5,978.3,-5083.6,559
2026-04-09T15:22:17.699497+00:00,16.14,42.33,16.14,42.33,-96.7,437492410.4531396,7405.2,976.6,-5074.5,559
2026-04-09T15:22:18.046932+00:00,16.15,42.45,16.15,42.45,-95.7,437492410.4531396,7391.7,974.8,-5065.2,559
2026-04-09T15:22:18.371261+00:00,16.15,42.56,16.15,42.56,-93.7,437492410.4531396,7378.9,973.2,-5056.5,559
2026-04-09T15:22:18.700598+00:00,16.16,42.67,16.16,42.67,-97.7,437492410.4531396,7366.2,971.5,-5047.8,559
2026-04-09T15:22:19.062841+00:00,16.16,42.79,16.16,42.79,-98.7,437492357.937122,7351.8,969.7,-5037.9,559
2026-04-09T15:22:19.390361+00:00,16.17,42.90,16.17,42.9,-99.7,437492357.937122,7338.7,968.0,-5029.0,559
2026-04-09T15:22:19.714139+00:00,16.17,43.01,16.17,43.01,-101.7,437492357.937122,7325.8,966.4,-5020.1,559
2026-04-09T15:22:20.062756+00:00,16.18,43.13,16.18,43.13,-96.7,437492357.937122,7311.9,964.7,-5010.5,559
2026-04-09T15:22:20.406163+00:00,16.19,43.24,16.19,43.24,-102.7,437492303.5549482,7297.8,962.9,-5000.9,559
2026-04-09T15:22:20.734114+00:00,16.19,43.35,16.19,43.35,-96.7,437492303.5549482,7284.7,961.3,-4991.9,559
2026-04-09T15:22:21.082166+00:00,16.20,43.47,16.2,43.47,-104.7,437492303.5549482,7270.7,959.6,-4982.3,559
2026-04-09T15:22:21.402134+00:00,16.20,43.58,16.2,43.58,-101.7,437492303.5549482,7257.3,958.0,-4973.1,559
2026-04-09T15:22:21.746102+00:00,16.21,43.70,16.21,43.7,-97.7,437492248.9305089,7243.1,956.2,-4963.4,559
2026-04-09T15:22:22.090162+00:00,16.21,43.82,16.21,43.82,-98.7,437492248.9305089,7229.0,954.6,-4953.7,559
2026-04-09T15:22:22.414789+00:00,16.22,43.93,16.22,43.93,-102.7,437492248.9305089,7215.3,952.9,-4944.4,559
2026-04-09T15:22:22.738103+00:00,16.22,44.04,16.22,44.04,-101.7,437492248.9305089,7201.9,951.4,-4935.2,559
2026-04-09T15:22:23.102131+00:00,16.23,44.16,16.23,44.16,-102.7,437492193.2785793,7187.4,949.7,-4925.3,559
2026-04-09T15:22:23.426110+00:00,16.23,44.28,16.23,44.28,-95.7,437492193.2785793,7172.9,948.0,-4915.3,559
2026-04-09T15:22:23.750097+00:00,16.24,44.40,16.24,44.4,-97.7,437492193.2785793,7159.1,946.4,-4905.9,559
2026-04-09T15:22:24.075263+00:00,16.24,44.51,16.24,44.51,-102.7,437492193.2785793,7145.3,944.8,-4896.4,559
2026-04-09T15:22:24.434501+00:00,16.25,44.64,16.25,44.64,-102.7,437492136.38895833,7129.6,943.0,-4885.7,559
2026-04-09T15:22:24.764670+00:00,16.25,44.75,16.25,44.75,-101.7,437492136.38895833,7115.6,941.4,-4876.1,559
2026-04-09T15:22:25.086989+00:00,16.26,44.87,16.26,44.87,-92.7,437492136.38895833,7101.6,939.8,-4866.5,559
2026-04-09T15:22:25.435544+00:00,16.27,44.99,16.27,44.99,-98.7,437492136.38895833,7086.3,938.1,-4856.0,559
2026-04-09T15:22:25.783329+00:00,16.27,45.11,16.27,45.11,-101.7,437492077.26123244,7071.1,936.5,-4845.5,559
2026-04-09T15:22:26.114523+00:00,16.28,45.23,16.28,45.23,-95.7,437492077.26123244,7056.8,934.9,-4835.8,559
2026-04-09T15:22:26.455765+00:00,16.28,45.36,16.28,45.36,-94.7,437492077.26123244,7041.2,933.2,-4825.1,559
2026-04-09T15:22:26.783504+00:00,16.29,45.47,16.29,45.47,-95.7,437492077.26123244,7026.7,931.6,-4815.2,559
2026-04-09T15:22:27.126971+00:00,16.30,45.60,16.3,45.6,-97.7,437492017.4259489,7011.3,930.0,-4804.6,559
2026-04-09T15:22:27.475738+00:00,16.30,45.72,16.3,45.72,-95.7,437492017.4259489,6995.6,928.3,-4793.8,559
2026-04-09T15:22:27.799479+00:00,16.31,45.84,16.31,45.84,-92.7,437492017.4259489,6980.8,926.7,-4783.7,559
2026-04-09T15:22:28.127267+00:00,16.31,45.96,16.31,45.96,-89.7,437492017.4259489,6966.0,925.2,-4773.5,559
2026-04-09T15:22:28.495633+00:00,16.32,46.10,16.32,46.1,-95.7,437491956.4969084,6949.1,923.4,-4762.0,559
2026-04-09T15:22:28.819487+00:00,16.33,46.22,16.33,46.22,-95.7,437491956.4969084,6934.0,921.9,-4751.6,559
2026-04-09T15:22:29.147571+00:00,16.33,46.33,16.33,46.33,-103.7,437491956.4969084,6919.0,920.3,-4741.4,559
2026-04-09T15:22:29.495533+00:00,16.34,46.46,16.34,46.46,-95.7,437491956.4969084,6902.8,918.7,-4730.2,559
2026-04-09T15:22:29.839508+00:00,16.34,46.59,16.34,46.59,-95.7,437491893.12312484,6886.7,917.1,-4719.2,559
2026-04-09T15:22:30.163317+00:00,16.35,46.71,16.35,46.71,-97.7,437491893.12312484,6871.3,915.5,-4708.7,559
2026-04-09T15:22:30.512010+00:00,16.36,46.84,16.36,46.84,-95.7,437491893.12312484,6855.0,913.9,-4697.5,559
2026-04-09T15:22:30.840240+00:00,16.36,46.96,16.36,46.96,-94.7,437491893.12312484,6839.5,912.4,-4686.8,559
2026-04-09T15:22:31.192058+00:00,16.37,47.09,16.37,47.09,-93.7,437491829.50778824,6822.8,910.7,-4675.4,559
2026-04-09T15:22:31.535249+00:00,16.37,47.23,16.37,47.23,-94.7,437491829.50778824,6806.1,909.1,-4663.9,559
2026-04-09T15:22:31.859489+00:00,16.38,47.35,16.38,47.35,-94.7,437491829.50778824,6790.3,907.6,-4653.1,559
2026-04-09T15:22:32.186985+00:00,16.39,47.47,16.39,47.47,-93.7,437491829.50778824,6774.5,906.1,-4642.4,559
2026-04-09T15:22:32.551610+00:00,16.39,47.60,16.39,47.6,-95.7,437491764.44527215,6757.7,904.5,-4630.8,559
2026-04-09T15:22:32.879201+00:00,16.40,47.74,16.4,47.74,-96.7,437491764.44527215,6740.7,902.9,-4619.2,559
2026-04-09T15:22:33.203349+00:00,16.41,47.86,16.41,47.86,-96.7,437491764.44527215,6724.5,901.4,-4608.1,559
2026-04-09T15:22:33.531309+00:00,16.41,47.99,16.41,47.99,-94.7,437491764.44527215,6708.5,899.9,-4597.1,559
2026-04-09T15:22:33.900613+00:00,16.42,48.13,16.42,48.13,-97.7,437491698.125826,6690.1,898.2,-4584.5,559
2026-04-09T15:22:34.223174+00:00,16.43,48.25,16.43,48.25,-95.7,437491698.125826,6673.7,896.7,-4573.2,559
2026-04-09T15:22:34.547425+00:00,16.43,48.38,16.43,48.38,-95.7,437491698.125826,6657.4,895.2,-4562.1,559
2026-04-09T15:22:34.895479+00:00,16.44,48.51,16.44,48.51,-93.7,437491698.125826,6639.9,893.6,-4550.1,559
2026-04-09T15:22:35.243573+00:00,16.45,48.65,16.45,48.65,-94.7,437491629.39940166,6622.2,892.0,-4538.0,559
2026-04-09T15:22:35.571410+00:00,16.45,48.78,16.45,48.78,-95.7,437491629.39940166,6605.7,890.6,-4526.6,559
2026-04-09T15:22:35.915532+00:00,16.46,48.91,16.46,48.91,-93.7,437491629.39940166,6587.5,889.0,-4514.2,559
2026-04-09T15:22:36.248455+00:00,16.47,49.04,16.47,49.04,-95.7,437491629.39940166,6570.8,887.5,-4502.8,559
2026-04-09T15:22:36.587186+00:00,16.48,49.18,16.48,49.18,-95.7,437491559.7901336,6553.0,886.0,-4490.5,559
2026-04-09T15:22:36.935181+00:00,16.48,49.32,16.48,49.32,-95.7,437491559.7901336,6534.7,884.4,-4478.0,559
2026-04-09T15:22:37.258199+00:00,16.49,49.44,16.49,49.44,-100.7,437491559.7901336,6517.6,883.0,-4466.3,559
2026-04-09T15:22:37.582147+00:00,16.50,49.57,16.5,49.57,-99.7,437491559.7901336,6500.4,881.5,-4454.5,559
2026-04-09T15:22:37.946115+00:00,16.50,49.71,16.5,49.71,-97.7,437491489.75832623,6482.2,880.0,-4442.0,559
2026-04-09T15:22:38.270186+00:00,16.51,49.85,16.51,49.85,-98.7,437491489.75832623,6463.8,878.4,-4429.4,559
2026-04-09T15:22:38.594119+00:00,16.52,49.98,16.52,49.98,-100.7,437491489.75832623,6446.8,877.0,-4417.7,559
2026-04-09T15:22:38.914099+00:00,16.53,50.11,16.53,50.11,-100.7,437491489.75832623,6429.3,875.6,-4405.8,559
2026-04-09T15:22:39.278780+00:00,16.53,50.26,16.53,50.26,-103.7,437491418.36199445,6409.6,874.0,-4392.2,559
2026-04-09T15:22:39.602121+00:00,16.54,50.39,16.54,50.39,-97.7,437491418.36199445,6391.9,872.6,-4380.1,559
2026-04-09T15:22:39.926107+00:00,16.55,50.52,16.55,50.52,-102.7,437491418.36199445,6374.2,871.2,-4368.0,559
2026-04-09T15:22:40.270109+00:00,16.56,50.66,16.56,50.66,-100.7,437491418.36199445,6355.5,869.7,-4355.2,559
2026-04-09T15:22:40.614121+00:00,16.56,50.80,16.56,50.8,-101.7,437491344.1753351,6336.5,868.2,-4342.2,559
2026-04-09T15:22:40.934240+00:00,16.57,50.93,16.57,50.93,-100.7,437491344.1753351,6318.6,866.8,-4329.9,559
2026-04-09T15:22:41.278122+00:00,16.58,51.08,16.58,51.08,-101.7,437491344.1753351,6299.3,865.3,-4316.7,559
2026-04-09T15:22:41.602157+00:00,16.59,51.21,16.59,51.21,-99.7,437491344.1753351,6281.1,863.9,-4304.2,559
2026-04-09T15:22:41.946103+00:00,16.60,51.35,16.6,51.35,-102.7,437491269.797001,6261.8,862.4,-4291.0,559
2026-04-09T15:22:42.291487+00:00,16.60,51.50,16.6,51.5,-95.7,437491269.797001,6242.3,860.9,-4277.6,559
2026-04-09T15:22:42.619268+00:00,16.61,51.63,16.61,51.63,-94.7,437491269.797001,6223.9,859.6,-4265.0,559
2026-04-09T15:22:42.947574+00:00,16.62,51.77,16.62,51.77,-93.7,437491269.797001,6205.1,858.2,-4252.1,559
2026-04-09T15:22:43.311500+00:00,16.63,51.92,16.63,51.92,-98.7,437491193.13282144,6184.1,856.6,-4237.7,559
2026-04-09T15:22:43.639090+00:00,16.64,52.06,16.64,52.06,-102.7,437491193.13282144,6165.2,855.2,-4224.8,559
2026-04-09T15:22:43.963393+00:00,16.64,52.20,16.64,52.2,-94.7,437491193.13282144,6146.1,853.8,-4211.7,559
2026-04-09T15:22:44.311234+00:00,16.65,52.34,16.65,52.34,-95.7,437491193.13282144,6126.0,852.4,-4197.9,559
2026-04-09T15:22:44.655198+00:00,16.66,52.49,16.66,52.49,-100.7,437491113.846475,6105.8,851.0,-4184.1,559
2026-04-09T15:22:44.979783+00:00,16.67,52.63,16.67,52.63,-94.7,437491113.846475,6086.5,849.6,-4170.8,559
2026-04-09T15:22:45.327192+00:00,16.68,52.78,16.68,52.78,-95.7,437491113.846475,6066.0,848.2,-4156.8,559
2026-04-09T15:22:45.656267+00:00,16.69,52.92,16.69,52.92,-97.7,437491113.846475,6046.5,846.8,-4143.5,559
2026-04-09T15:22:45.999473+00:00,16.70,53.07,16.7,53.07,-97.7,437491034.0442456,6025.9,845.4,-4129.3,559
2026-04-09T15:22:46.351830+00:00,16.71,53.22,16.71,53.22,-95.7,437491034.0442456,6004.9,843.9,-4115.0,559
2026-04-09T15:22:46.671188+00:00,16.71,53.36,16.71,53.36,-94.7,437491034.0442456,5985.2,842.6,-4101.4,559
2026-04-09T15:22:46.995662+00:00,16.72,53.50,16.72,53.5,-95.7,437491034.0442456,5965.4,841.3,-4087.9,559
2026-04-09T15:22:47.362785+00:00,16.73,53.65,16.73,53.65,-96.7,437490952.98473006,5944.4,839.9,-4073.5,559
2026-04-09T15:22:47.693333+00:00,16.74,53.80,16.74,53.8,-101.7,437490952.98473006,5923.0,838.4,-4058.8,559
2026-04-09T15:22:48.018721+00:00,16.75,53.95,16.75,53.95,-101.7,437490952.98473006,5902.9,837.1,-4045.0,559
2026-04-09T15:22:48.366178+00:00,16.76,54.09,16.76,54.09,-106.7,437490952.98473006,5882.4,835.8,-4031.0,559
2026-04-09T15:22:48.710113+00:00,16.77,54.25,16.77,54.25,-101.7,437490868.38386416,5859.7,834.3,-4015.5,559
2026-04-09T15:22:49.030376+00:00,16.78,54.39,16.78,54.39,-101.7,437490868.38386416,5839.5,833.0,-4001.6,559
2026-04-09T15:22:49.374104+00:00,16.79,54.54,16.79,54.54,-103.7,437490868.38386416,5819.1,831.7,-3987.6,559
2026-04-09T15:22:49.698101+00:00,16.80,54.69,16.8,54.69,-98.7,437490868.38386416,5797.3,830.4,-3972.7,559
2026-04-09T15:22:50.042206+00:00,16.81,54.84,16.81,54.84,-104.7,437490784.5219077,5775.5,829.0,-3957.7,559
2026-04-09T15:22:50.386131+00:00,16.82,54.99,16.82,54.99,-101.7,437490784.5219077,5754.8,827.7,-3943.5,559
2026-04-09T15:22:50.710098+00:00,16.83,55.14,16.83,55.14,-101.7,437490784.5219077,5732.7,826.4,-3928.4,559
2026-04-09T15:22:51.035514+00:00,16.84,55.29,16.84,55.29,-103.7,437490784.5219077,5712.1,825.1,-3914.3,559
2026-04-09T15:22:51.398132+00:00,16.85,55.44,16.85,55.44,-100.7,437490698.67230594,5689.8,823.8,-3899.0,559
2026-04-09T15:22:51.718117+00:00,16.86,55.60,16.86,55.6,-100.7,437490698.67230594,5667.5,822.4,-3883.7,559
2026-04-09T15:22:52.042240+00:00,16.87,55.75,16.87,55.75,-106.7,437490698.67230594,5646.2,821.2,-3869.1,559
2026-04-09T15:22:52.366192+00:00,16.88,55.90,16.88,55.9,-103.7,437490698.67230594,5624.9,819.9,-3854.5,559
2026-04-09T15:22:52.731242+00:00,16.89,56.06,16.89,56.06,-98.7,437490611.6092395,5600.9,818.5,-3838.1,559
2026-04-09T15:22:53.054996+00:00,16.90,56.21,16.9,56.21,-94.7,437490611.6092395,5579.4,817.3,-3823.4,559
2026-04-09T15:22:53.383286+00:00,16.91,56.36,16.91,56.36,-92.7,437490611.6092395,5557.8,816.0,-3808.6,559
2026-04-09T15:22:53.731526+00:00,16.92,56.52,16.92,56.52,-92.7,437490611.6092395,5534.4,814.7,-3792.5,559
2026-04-09T15:22:54.075184+00:00,16.93,56.68,16.93,56.68,-91.7,437490520.5420245,5511.4,813.4,-3776.7,559
2026-04-09T15:22:54.403563+00:00,16.94,56.83,16.94,56.83,-95.7,437490520.5420245,5489.1,812.2,-3761.5,559
2026-04-09T15:22:54.747531+00:00,16.96,56.99,16.96,56.99,-92.7,437490520.5420245,5465.5,810.9,-3745.3,559
2026-04-09T15:22:55.075015+00:00,16.97,57.14,16.97,57.14,-94.7,437490520.5420245,5443.4,809.7,-3730.2,559
2026-04-09T15:22:55.419627+00:00,16.98,57.31,16.98,57.31,-102.7,437490429.22149956,5419.5,808.4,-3713.8,559
2026-04-09T15:22:55.767488+00:00,16.99,57.47,16.99,57.47,-98.7,437490429.22149956,5395.8,807.1,-3697.5,559
2026-04-09T15:22:56.096924+00:00,17.00,57.62,17.0,57.62,-103.7,437490429.22149956,5373.1,805.9,-3682.0,559
2026-04-09T15:22:56.424496+00:00,17.01,57.78,17.01,57.78,-95.7,437490429.22149956,5350.7,804.7,-3666.6,559
2026-04-09T15:22:56.787511+00:00,17.03,57.95,17.03,57.95,-100.7,437490335.75086904,5324.8,803.3,-3648.9,559
2026-04-09T15:22:57.111046+00:00,17.04,58.11,17.04,58.11,-93.7,437490335.75086904,5301.9,802.2,-3633.2,559
2026-04-09T15:22:57.441151+00:00,17.05,58.26,17.05,58.26,-95.7,437490335.75086904,5279.0,801.0,-3617.5,559
2026-04-09T15:22:57.783488+00:00,17.06,58.43,17.06,58.43,-101.7,437490335.75086904,5254.3,799.7,-3600.6,559
2026-04-09T15:22:58.131159+00:00,17.08,58.59,17.08,58.59,-93.7,437490239.86542237,5229.8,798.5,-3583.8,559
2026-04-09T15:22:58.456043+00:00,17.09,58.75,17.09,58.75,-91.7,437490239.86542237,5206.4,797.3,-3567.8,559
2026-04-09T15:22:58.802260+00:00,17.10,58.92,17.1,58.92,None,437490239.86542237,5181.6,796.1,-3550.8,559
2026-04-09T15:22:59.126217+00:00,17.11,59.07,17.11,59.07,-101.7,437490239.86542237,5158.3,794.9,-3534.8,559
2026-04-09T15:22:59.470248+00:00,17.13,59.24,17.13,59.24,-101.7,437490143.3764497,5133.3,793.7,-3517.7,559
2026-04-09T15:22:59.815247+00:00,17.14,59.41,17.14,59.41,-100.7,437490143.3764497,5108.3,792.5,-3500.5,559
2026-04-09T15:23:00.154149+00:00,17.16,59.57,17.16,59.57,-101.7,437490093.18012357,5083.1,791.3,-3483.3,559
2026-04-09T15:23:00.478252+00:00,17.17,59.73,17.17,59.73,-97.7,437490093.18012357,5059.3,790.2,-3467.0,559
2026-04-09T15:23:00.822127+00:00,17.18,59.90,17.18,59.9,-99.7,437490093.18012357,5033.9,789.0,-3449.6,559
2026-04-09T15:23:01.146110+00:00,17.20,60.06,17.2,60.06,-99.7,437490093.18012357,5009.9,787.9,-3433.1,559
2026-04-09T15:23:01.494017+00:00,17.21,60.23,17.21,60.23,-98.7,437489994.91156894,4984.6,786.7,-3415.8,559
2026-04-09T15:23:01.834130+00:00,17.22,60.40,17.22,60.4,-98.7,437489994.91156894,4958.9,785.6,-3398.1,559
2026-04-09T15:23:02.178107+00:00,17.24,60.57,17.24,60.57,-101.7,437489943.4301672,4933.0,784.4,-3380.4,559
2026-04-09T15:23:02.498535+00:00,17.25,60.73,17.25,60.73,-101.7,437489943.4301672,4908.6,783.3,-3363.7,559
2026-04-09T15:23:02.862144+00:00,17.27,60.91,17.27,60.91,-100.7,437489893.2659055,4881.0,782.1,-3344.8,559
2026-04-09T15:23:03.186149+00:00,17.28,61.07,17.28,61.07,-100.7,437489893.2659055,4856.3,781.0,-3327.8,559
2026-04-09T15:23:03.531159+00:00,17.30,61.24,17.3,61.24,-105.7,437489840.911992,4830.0,779.9,-3309.8,559
2026-04-09T15:23:03.874523+00:00,17.32,61.42,17.32,61.42,-103.7,437489840.911992,4803.6,778.7,-3291.7,559
2026-04-09T15:23:04.222185+00:00,17.33,61.59,17.33,61.59,-99.7,437489788.0250946,4777.1,777.6,-3273.6,559
2026-04-09T15:23:04.546848+00:00,17.35,61.75,17.35,61.75,-104.7,437489788.0250946,4752.0,776.5,-3256.4,559
2026-04-09T15:23:04.909118+00:00,17.36,61.94,17.36,61.94,-103.7,437489735.9223533,4723.7,775.4,-3237.0,559
2026-04-09T15:23:05.234180+00:00,17.38,62.10,17.38,62.1,-99.7,437489735.9223533,4698.4,774.3,-3219.6,559
2026-04-09T15:23:05.578163+00:00,17.40,62.28,17.4,62.28,-103.7,437489682.19785887,4671.3,773.2,-3201.1,559
2026-04-09T15:23:05.922148+00:00,17.41,62.45,17.41,62.45,-100.7,437489682.19785887,4644.2,772.1,-3182.5,559
2026-04-09T15:23:06.266206+00:00,17.43,62.63,17.43,62.63,-101.7,437489627.96033174,4617.0,771.0,-3163.8,559
2026-04-09T15:23:06.595048+00:00,17.45,62.79,17.45,62.79,-95.7,437489627.96033174,4591.3,770.0,-3146.3,559
2026-04-09T15:23:06.953118+00:00,17.47,62.98,17.47,62.98,-103.7,437489574.45637,4562.2,768.8,-3126.3,559
2026-04-09T15:23:07.278152+00:00,17.48,63.15,17.48,63.15,-103.7,437489574.45637,4536.3,767.8,-3108.6,559
2026-04-09T15:23:07.622204+00:00,17.50,63.33,17.5,63.33,-105.7,437489519.6919156,4508.5,766.8,-3089.5,559
2026-04-09T15:23:07.966127+00:00,17.52,63.50,17.52,63.5,-101.7,437489519.6919156,4480.8,765.7,-3070.5,559
2026-04-09T15:23:08.310138+00:00,17.54,63.68,17.54,63.68,-101.7,437489464.0716942,4452.5,764.6,-3051.1,559
2026-04-09T15:23:08.634182+00:00,17.56,63.85,17.56,63.85,-101.7,437489464.0716942,4426.5,763.7,-3033.3,559
2026-04-09T15:23:08.998171+00:00,17.58,64.04,17.58,64.04,-102.7,437489409.6150594,4396.6,762.6,-3012.9,559
2026-04-09T15:23:09.322138+00:00,17.59,64.21,17.59,64.21,-102.7,437489409.6150594,4370.1,761.6,-2994.7,559
2026-04-09T15:23:09.667266+00:00,17.61,64.39,17.61,64.39,-103.7,437489353.08349246,4341.6,760.6,-2975.2,559
2026-04-09T15:23:10.006130+00:00,17.63,64.57,17.63,64.57,-102.7,437489353.08349246,4313.2,759.5,-2955.7,559
2026-04-09T15:23:10.354154+00:00,17.65,64.75,17.65,64.75,-103.7,437489296.4179671,4284.6,758.5,-2936.1,559
2026-04-09T15:23:10.679356+00:00,17.67,64.93,17.67,64.93,-104.7,437489296.4179671,4257.6,757.6,-2917.6,559
2026-04-09T15:23:11.042148+00:00,17.70,65.12,17.7,65.12,-103.7,437489240.1999201,4227.1,756.5,-2896.7,559
2026-04-09T15:23:11.362160+00:00,17.72,65.29,17.72,65.29,-105.7,437489240.1999201,4199.8,755.6,-2878.0,559
2026-04-09T15:23:11.709939+00:00,17.74,65.47,17.74,65.47,None,437489182.7331374,4170.7,754.6,-2858.0,559
2026-04-09T15:23:12.050152+00:00,17.76,65.66,17.76,65.66,-102.7,437489182.7331374,4141.5,753.6,-2838.0,559
2026-04-09T15:23:12.394167+00:00,17.78,65.84,17.78,65.84,-103.7,437489124.3724666,4112.2,752.7,-2818.0,559
2026-04-09T15:23:12.718181+00:00,17.80,66.02,17.8,66.02,-103.7,437489124.3724666,4084.5,751.7,-2799.0,559
2026-04-09T15:23:13.082947+00:00,17.83,66.21,17.83,66.21,-105.7,437489067.2687258,4053.3,750.7,-2777.6,559
2026-04-09T15:23:13.406147+00:00,17.85,66.39,17.85,66.39,-98.7,437489067.2687258,4025.4,749.8,-2758.5,559
2026-04-09T15:23:13.750254+00:00,17.87,66.57,17.87,66.57,-106.7,437489008.0120292,3995.7,748.9,-2738.1,559
2026-04-09T15:23:14.094202+00:00,17.90,66.76,17.9,66.76,-101.7,437489008.0120292,3966.2,748.0,-2717.9,559
2026-04-09T15:23:14.438154+00:00,17.92,66.94,17.92,66.94,-104.7,437488948.286834,3936.2,747.0,-2697.4,559
2026-04-09T15:23:14.762179+00:00,17.95,67.12,17.95,67.12,-101.7,437488948.286834,3908.0,746.2,-2678.0,559
2026-04-09T15:23:15.126158+00:00,17.97,67.32,17.97,67.32,-106.7,437488889.88519174,3876.0,745.2,-2656.1,559
2026-04-09T15:23:15.450180+00:00,18.00,67.49,18.0,67.49,-104.7,437488889.88519174,3847.5,744.3,-2636.6,559
2026-04-09T15:23:15.794127+00:00,18.02,67.68,18.02,67.68,-104.7,437488829.2878411,3817.0,743.4,-2615.7,559
2026-04-09T15:23:16.134120+00:00,18.05,67.87,18.05,67.87,-98.7,437488829.2878411,3786.5,742.5,-2594.8,559
2026-04-09T15:23:16.478112+00:00,18.08,68.06,18.08,68.06,-101.7,437488768.60997283,3755.9,741.6,-2573.8,559
2026-04-09T15:23:16.805952+00:00,18.11,68.24,18.11,68.24,-101.7,437488768.60997283,3727.0,740.8,-2554.0,559
2026-04-09T15:23:17.166110+00:00,18.13,68.44,18.13,68.44,-101.7,437488708.5733953,3694.7,739.9,-2531.8,559
2026-04-09T15:23:17.486135+00:00,18.16,68.62,18.16,68.62,-102.7,437488708.5733953,3665.6,739.1,-2511.9,559
2026-04-09T15:23:17.830108+00:00,18.19,68.81,18.19,68.81,-101.7,437488647.3700248,3634.5,738.2,-2490.6,559
2026-04-09T15:23:18.174095+00:00,18.22,69.00,18.22,69.0,-102.7,437488647.3700248,3603.3,737.4,-2469.2,559
2026-04-09T15:23:18.518140+00:00,18.25,69.19,18.25,69.19,-103.7,437488585.03014445,3572.1,736.5,-2447.8,559
2026-04-09T15:23:18.843523+00:00,18.28,69.37,18.28,69.37,-100.7,437488585.03014445,3543.0,735.7,-2427.9,559
2026-04-09T15:23:19.211547+00:00,18.32,69.58,18.32,69.58,-98.7,437488523.9400687,3509.2,734.8,-2404.7,559
2026-04-09T15:23:19.535528+00:00,18.35,69.76,18.35,69.76,-102.7,437488523.9400687,3479.5,734.1,-2384.4,559
2026-04-09T15:23:19.883555+00:00,18.38,69.95,18.38,69.95,-98.7,437488460.37674797,3447.4,733.2,-2362.3,559
2026-04-09T15:23:20.227481+00:00,18.41,70.15,18.41,70.15,-98.7,437488460.37674797,3415.6,732.4,-2340.6,559
2026-04-09T15:23:20.575488+00:00,18.45,70.34,18.45,70.34,-101.7,437488396.38625634,3383.3,731.6,-2318.4,559
2026-04-09T15:23:20.899473+00:00,18.48,70.53,18.48,70.53,-96.7,437488396.38625634,3352.9,730.9,-2297.6,559
2026-04-09T15:23:21.267532+00:00,18.52,70.74,18.52,70.74,-95.7,437488333.8354625,3318.8,730.0,-2274.2,559
2026-04-09T15:23:21.592837+00:00,18.55,70.92,18.55,70.92,-100.7,437488333.8354625,3288.1,729.3,-2253.2,559
2026-04-09T15:23:21.942291+00:00,18.59,71.12,18.59,71.12,-97.7,437488268.87697804,3255.7,728.5,-2231.0,559
2026-04-09T15:23:22.283651+00:00,18.63,71.32,18.63,71.32,-98.7,437488268.87697804,3222.9,727.8,-2208.5,559
2026-04-09T15:23:22.631485+00:00,18.67,71.51,18.67,71.51,-95.7,437488203.7421385,3190.4,727.0,-2186.3,559
2026-04-09T15:23:22.955489+00:00,18.71,71.70,18.71,71.7,-99.7,437488203.7421385,3159.4,726.3,-2165.0,559
2026-04-09T15:23:23.323662+00:00,18.75,71.91,18.75,71.91,-98.7,437488139.9981876,3124.7,725.5,-2141.2,559
2026-04-09T15:23:23.653124+00:00,18.79,72.10,18.79,72.1,-99.7,437488139.9981876,3093.4,724.8,-2119.8,559
2026-04-09T15:23:23.995423+00:00,18.83,72.30,18.83,72.3,-108.7,437488073.4040552,3060.5,724.1,-2097.3,559
2026-04-09T15:23:24.341108+00:00,18.88,72.50,18.88,72.5,-104.7,437488073.4040552,3026.9,723.3,-2074.2,559
2026-04-09T15:23:24.686135+00:00,18.92,72.70,18.92,72.7,-107.7,437488007.3464695,2994.0,722.6,-2051.7,559
2026-04-09T15:23:25.011361+00:00,18.96,72.88,18.96,72.88,-103.7,437488007.3464695,2962.7,722.0,-2030.2,559
2026-04-09T15:23:25.370332+00:00,19.01,73.09,19.01,73.09,-107.7,437487942.59818584,2927.4,721.2,-2006.0,559
2026-04-09T15:23:25.694101+00:00,19.06,73.28,19.06,73.28,-107.7,437487942.59818584,2895.9,720.6,-1984.4,559
2026-04-09T15:23:26.038188+00:00,19.11,73.48,19.11,73.48,-101.7,437487876.26912034,2862.4,719.9,-1961.5,559
2026-04-09T15:23:26.382119+00:00,19.16,73.68,19.16,73.68,-106.7,437487876.26912034,2829.2,719.3,-1938.7,559
2026-04-09T15:23:26.727471+00:00,19.21,73.88,19.21,73.88,-107.7,437487809.0454542,2795.5,718.6,-1915.6,559
2026-04-09T15:23:27.050234+00:00,19.26,74.07,19.26,74.07,-107.7,437487809.0454542,2763.8,718.0,-1893.9,559
2026-04-09T15:23:27.410106+00:00,19.32,74.28,19.32,74.28,-99.7,437487743.4011448,2727.8,717.3,-1869.3,559
2026-04-09T15:23:27.734126+00:00,19.37,74.47,19.37,74.47,-107.7,437487743.4011448,2695.8,716.7,-1847.3,559
2026-04-09T15:23:28.078125+00:00,19.43,74.68,19.43,74.68,-103.7,437487675.86199915,2661.7,716.1,-1824.0,559
2026-04-09T15:23:28.422188+00:00,19.48,74.88,19.48,74.88,-102.7,437487675.86199915,2628.0,715.4,-1800.9,559
2026-04-09T15:23:28.768251+00:00,19.54,75.08,19.54,75.08,-105.7,437487607.54243815,2593.8,714.8,-1777.4,559
2026-04-09T15:23:29.091775+00:00,19.60,75.27,19.6,75.27,-105.7,437487607.54243815,2561.6,714.3,-1755.3,559
2026-04-09T15:23:29.459505+00:00,19.67,75.49,19.67,75.49,-97.7,437487540.6980242,2524.6,713.6,-1730.0,559
2026-04-09T15:23:29.783495+00:00,19.73,75.68,19.73,75.68,-101.7,437487540.6980242,2491.8,713.0,-1707.5,559
2026-04-09T15:23:30.132660+00:00,19.80,75.89,19.8,75.89,-97.7,437487471.3205116,2457.1,712.5,-1683.8,559
2026-04-09T15:23:30.475547+00:00,19.87,76.09,19.87,76.09,-100.7,437487471.3205116,2422.4,711.9,-1660.0,559
2026-04-09T15:23:30.823486+00:00,19.94,76.30,19.94,76.3,-99.7,437487401.56054026,2387.3,711.3,-1635.9,559
2026-04-09T15:23:31.147558+00:00,20.01,76.49,20.01,76.49,-100.7,437487401.56054026,2354.2,710.8,-1613.2,559
2026-04-09T15:23:31.515185+00:00,20.09,76.71,20.09,76.71,-101.7,437487333.49767375,2317.1,710.2,-1587.8,559
2026-04-09T15:23:31.839499+00:00,20.17,76.90,20.17,76.9,-98.7,437487333.49767375,2283.9,709.7,-1565.1,559
2026-04-09T15:23:32.187650+00:00,20.25,77.11,20.25,77.11,-101.7,437487263.09017676,2248.7,709.1,-1540.9,559
2026-04-09T15:23:32.531500+00:00,20.33,77.32,20.33,77.32,-99.7,437487263.09017676,2213.1,708.6,-1516.6,559
2026-04-09T15:23:32.879492+00:00,20.42,77.53,20.42,77.53,-100.7,437487192.35473084,2177.9,708.1,-1492.4,559
2026-04-09T15:23:33.203495+00:00,20.51,77.72,20.51,77.72,-101.7,437487192.35473084,2144.3,707.6,-1469.4,559
2026-04-09T15:23:33.571516+00:00,20.60,77.94,20.6,77.94,-101.7,437487123.3653773,2106.8,707.1,-1443.7,559
2026-04-09T15:23:33.895486+00:00,20.70,78.14,20.7,78.14,-97.7,437487123.3653773,2073.1,706.6,-1420.6,559
2026-04-09T15:23:34.243271+00:00,20.80,78.35,20.8,78.35,-107.7,437487052.02088314,2037.4,706.1,-1396.2,559
2026-04-09T15:23:34.587509+00:00,20.90,78.56,20.9,78.56,-99.7,437487052.02088314,2001.4,705.6,-1371.5,559
2026-04-09T15:23:34.934818+00:00,21.01,78.76,21.01,78.76,-106.7,437486980.3733791,1965.4,705.2,-1346.8,559
2026-04-09T15:23:35.259297+00:00,21.11,78.96,21.11,78.96,-100.7,437486980.3733791,1931.6,704.7,-1323.7,559
2026-04-09T15:23:35.627520+00:00,21.23,79.18,21.23,79.18,-101.7,437486910.55177265,1893.7,704.3,-1297.7,559
2026-04-09T15:23:35.956588+00:00,21.35,79.38,21.35,79.38,-99.7,437486910.55177265,1859.6,703.8,-1274.3,559
2026-04-09T15:23:36.299538+00:00,21.47,79.59,21.47,79.59,-97.7,437486837.79002583,1823.6,703.4,-1249.6,559
2026-04-09T15:23:36.647531+00:00,21.60,79.80,21.6,79.8,-101.7,437486837.79002583,1787.1,703.0,-1224.6,559
2026-04-09T15:23:36.991543+00:00,21.74,80.01,21.74,80.01,None,437486765.4305108,1751.1,702.6,-1199.9,559
2026-04-09T15:23:37.323109+00:00,21.87,80.21,21.87,80.21,-97.7,437486765.4305108,1716.7,702.2,-1176.4,559
2026-04-09T15:23:37.687589+00:00,22.03,80.43,22.03,80.43,-99.7,437486694.4210912,1678.2,701.7,-1150.0,559
2026-04-09T15:23:38.011584+00:00,22.18,80.63,22.18,80.63,-99.7,437486694.4210912,1643.4,701.4,-1126.1,559
2026-04-09T15:23:38.360260+00:00,22.34,80.84,22.34,80.84,-101.7,437486621.8157481,1606.9,701.0,-1101.2,559
2026-04-09T15:23:38.704688+00:00,22.51,81.05,22.51,81.05,-106.7,437486621.8157481,1570.5,700.6,-1076.2,559
2026-04-09T15:23:39.051521+00:00,22.69,81.26,22.69,81.26,-99.7,437486548.4763051,1533.6,700.2,-1050.9,559
2026-04-09T15:23:39.375504+00:00,22.86,81.46,22.86,81.46,-101.7,437486548.4763051,1498.9,699.9,-1027.2,559
2026-04-09T15:23:39.743757+00:00,23.07,81.68,23.07,81.68,-104.7,437486477.27663594,1460.1,699.5,-1000.6,559
2026-04-09T15:23:40.067512+00:00,23.26,81.88,23.26,81.88,-99.7,437486477.27663594,1425.3,699.2,-976.7,559
2026-04-09T15:23:40.415521+00:00,23.48,82.10,23.48,82.1,-103.7,437486403.6062156,1388.5,698.9,-951.5,559
2026-04-09T15:23:40.759766+00:00,23.71,82.31,23.71,82.31,-103.7,437486403.6062156,1351.9,698.6,-926.4,559
2026-04-09T15:23:41.107505+00:00,23.95,82.52,23.95,82.52,-103.7,437486329.69148135,1314.6,698.2,-900.9,559
2026-04-09T15:23:41.431467+00:00,24.19,82.72,24.19,82.72,-99.7,437486329.69148135,1279.6,697.9,-876.9,559
2026-04-09T15:23:41.799548+00:00,24.48,82.94,24.48,82.94,-105.7,437486257.7911128,1240.5,697.6,-850.1,559
2026-04-09T15:23:42.123544+00:00,24.75,83.14,24.75,83.14,-103.7,437486257.7911128,1205.4,697.4,-826.0,559
2026-04-09T15:23:42.475160+00:00,25.05,83.35,25.05,83.35,-98.7,437486183.51467276,1168.3,697.1,-800.6,559
2026-04-09T15:23:42.815551+00:00,25.38,83.56,25.38,83.56,-102.7,437486183.51467276,1131.4,696.8,-775.3,559
2026-04-09T15:23:43.163554+00:00,25.73,83.78,25.73,83.78,-105.7,437486109.0644607,1093.9,696.5,-749.6,559
2026-04-09T15:23:43.487206+00:00,26.08,83.97,26.08,83.97,-100.7,437486109.0644607,1058.6,696.3,-725.4,559
2026-04-09T15:23:43.855506+00:00,26.50,84.20,26.5,84.2,-101.7,437486036.644023,1019.2,696.0,-698.4,559
2026-04-09T15:23:44.179500+00:00,26.91,84.40,26.91,84.4,-101.7,437486036.644023,983.9,695.8,-674.2,559
2026-04-09T15:23:44.527540+00:00,27.37,84.61,27.37,84.61,-105.7,437485961.83531165,946.5,695.6,-648.6,559
2026-04-09T15:23:44.875545+00:00,27.87,84.82,27.87,84.82,-101.7,437485961.83531165,908.9,695.4,-622.8,559
2026-04-09T15:23:45.219343+00:00,28.41,85.03,28.41,85.03,-101.7,437485886.4739321,871.6,695.2,-597.3,559
2026-04-09T15:23:45.543465+00:00,28.96,85.23,28.96,85.23,-101.7,437485886.4739321,836.1,695.0,-573.0,559
2026-04-09T15:23:45.911502+00:00,29.64,85.45,29.64,85.45,-108.7,437485814.02891177,796.5,694.8,-545.8,559
2026-04-09T15:23:46.235499+00:00,30.31,85.65,30.31,85.65,-103.7,437485814.02891177,761.0,694.6,-521.5,559
2026-04-09T15:23:46.583198+00:00,31.08,85.85,31.08,85.85,-103.7,437485738.8436646,723.5,694.4,-495.8,559
2026-04-09T15:23:46.932557+00:00,31.93,86.06,31.93,86.06,-107.7,437485738.8436646,686.1,694.2,-470.2,559
2026-04-09T15:23:47.276686+00:00,32.89,86.27,32.89,86.27,-102.7,437485662.99592847,648.2,694.1,-444.2,559
2026-04-09T15:23:47.608173+00:00,33.89,86.46,33.89,86.46,-105.7,437485662.99592847,612.6,693.9,-419.8,559
2026-04-09T15:23:47.967497+00:00,35.14,86.68,35.14,86.68,-106.7,437485589.37293696,572.8,693.8,-392.5,559
2026-04-09T15:23:48.295511+00:00,36.42,86.87,36.42,86.87,-109.7,437485589.37293696,537.1,693.7,-368.0,559
2026-04-09T15:23:48.639497+00:00,37.93,87.07,37.93,87.07,-106.7,437485514.3992713,499.5,693.5,-342.3,559
2026-04-09T15:23:48.987260+00:00,39.70,87.27,39.7,87.27,-107.7,437485514.3992713,461.4,693.4,-316.2,559
2026-04-09T15:23:49.331536+00:00,41.74,87.47,41.74,87.47,-107.7,437485438.8620713,423.4,693.3,-290.1,559
2026-04-09T15:23:49.659500+00:00,43.93,87.65,43.93,87.65,-103.7,437485438.8620713,388.1,693.2,-266.0,559
2026-04-09T15:23:50.027516+00:00,46.85,87.85,46.85,87.85,-109.7,437485365.37922853,348.1,693.1,-238.6,559
2026-04-09T15:23:50.351216+00:00,49.94,88.02,49.94,88.02,-110.7,437485365.37922853,312.5,693.1,-214.1,559
2026-04-09T15:23:50.700586+00:00,53.89,88.19,53.89,88.19,-109.7,437485289.7190699,274.2,693.0,-187.9,559
2026-04-09T15:23:51.043474+00:00,58.59,88.36,58.59,88.36,-108.7,437485289.7190699,236.6,692.9,-162.1,559
2026-04-09T15:23:51.391494+00:00,64.35,88.51,64.35,88.51,-113.7,437485213.94813275,198.5,692.9,-136.0,559
2026-04-09T15:23:51.715508+00:00,70.87,88.64,70.87,88.64,-113.7,437485213.94813275,162.7,692.8,-111.5,559
2026-04-09T15:23:52.083192+00:00,79.56,88.75,79.56,88.75,-113.7,437485140.36160356,122.7,692.8,-84.1,559
2026-04-09T15:23:52.407486+00:00,88.62,88.83,88.62,88.83,-113.7,437485140.36160356,86.9,692.8,-59.5,559
2026-04-09T15:23:52.759980+00:00,99.19,88.87,99.19,88.87,-111.7,437485064.5664899,49.1,692.8,-33.6,559
2026-04-09T15:23:53.099567+00:00,110.15,88.87,110.15,88.87,-106.7,437485064.5664899,11.5,692.8,-7.8,559
2026-04-09T15:23:53.447515+00:00,120.91,88.83,120.91,88.83,-111.7,437484988.7534089,-26.7,692.8,18.3,559
2026-04-09T15:23:53.771504+00:00,130.11,88.76,130.11,88.76,-109.7,437484988.7534089,-62.5,692.8,42.8,559
2026-04-09T15:23:54.139680+00:00,138.98,88.65,138.98,88.65,-105.7,437484915.1464143,-102.5,692.8,70.2,559
2026-04-09T15:23:54.466937+00:00,145.65,88.53,145.65,88.53,-107.7,437484915.1464143,-138.3,692.8,94.8,559
2026-04-09T15:23:54.818999+00:00,151.58,88.38,151.58,88.38,-107.7,437484838.9841672,-176.7,692.9,121.1,559
2026-04-09T15:23:55.170728+00:00,156.46,88.21,156.46,88.21,-107.7,437484838.9841672,-215.1,692.9,147.4,559
2026-04-09T15:23:55.514368+00:00,160.50,88.03,160.5,88.03,-103.7,437484761.9122558,-253.5,693.0,173.7,559
2026-04-09T15:23:55.838939+00:00,163.64,87.86,163.64,87.86,-111.7,437484761.9122558,-289.1,693.0,198.1,559
2026-04-09T15:23:56.206236+00:00,166.59,87.67,166.59,87.67,-109.7,437484688.8016067,-328.9,693.1,225.4,559
2026-04-09T15:23:56.530249+00:00,168.82,87.49,168.82,87.49,-107.7,437484688.8016067,-364.2,693.2,249.6,559
2026-04-09T15:23:56.874232+00:00,170.87,87.29,170.87,87.29,-104.7,437484613.1948445,-401.9,693.3,275.4,559
2026-04-09T15:23:57.218348+00:00,172.66,87.09,172.66,87.09,-106.7,437484613.1948445,-440.0,693.4,301.5,559
2026-04-09T15:23:57.567278+00:00,174.20,86.89,174.2,86.89,-109.7,437484537.9905367,-477.6,693.5,327.3,559
2026-04-09T15:23:57.890253+00:00,175.48,86.70,175.48,86.7,-110.7,437484537.9905367,-512.8,693.6,351.4,559
2026-04-09T15:23:58.254501+00:00,176.75,86.49,176.75,86.49,-110.7,437484464.63955945,-552.7,693.7,378.7,559
2026-04-09T15:23:58.578246+00:00,177.75,86.29,177.75,86.29,-108.7,437484464.63955945,-587.9,693.8,402.9,559
2026-04-09T15:23:58.922254+00:00,178.73,86.09,178.73,86.09,-101.7,437484389.60225457,-625.9,694.0,428.9,559
2026-04-09T15:23:59.266238+00:00,179.59,85.88,179.59,85.88,-109.7,437484389.60225457,-663.4,694.1,454.6,559
2026-04-09T15:23:59.615399+00:00,180.37,85.67,180.37,85.67,-106.7,437484314.6590056,-700.8,694.3,480.3,559
2026-04-09T15:23:59.939082+00:00,181.03,85.48,181.03,85.48,-100.7,437484314.6590056,-736.0,694.5,504.3,559
2026-04-09T15:24:00.307018+00:00,181.73,85.25,181.73,85.25,-105.7,437484241.4561932,-776.1,694.7,531.8,559
2026-04-09T15:24:00.631089+00:00,182.29,85.06,182.29,85.06,-107.7,437484241.4561932,-811.3,694.8,555.9,559
2026-04-09T15:24:00.979415+00:00,182.84,84.84,182.84,84.84,-99.7,437484166.29521716,-849.1,695.0,581.8,559
2026-04-09T15:24:01.327059+00:00,183.35,84.63,183.35,84.63,-107.7,437484166.29521716,-886.8,695.2,607.7,559
2026-04-09T15:24:01.671221+00:00,183.81,84.42,183.81,84.42,-106.7,437484090.8293607,-924.1,695.5,633.2,559
2026-04-09T15:24:01.998623+00:00,184.22,84.22,184.22,84.22,-108.7,437484090.8293607,-959.6,695.7,657.6,559
2026-04-09T15:24:02.367476+00:00,184.65,84.00,184.65,84.0,-100.7,437484018.14421254,-999.0,695.9,684.6,559
2026-04-09T15:24:02.691472+00:00,185.00,83.80,185.0,83.8,-105.7,437484018.14421254,-1034.7,696.1,709.0,559
2026-04-09T15:24:03.042833+00:00,185.35,83.59,185.35,83.59,-103.7,437483943.3056632,-1071.9,696.4,734.6,559
2026-04-09T15:24:03.383479+00:00,185.68,83.37,185.68,83.37,-103.7,437483943.3056632,-1109.4,696.6,760.3,559
2026-04-09T15:24:03.731470+00:00,185.99,83.16,185.99,83.16,-102.7,437483868.72193795,-1146.5,696.9,785.6,559
2026-04-09T15:24:04.054846+00:00,186.26,82.96,186.26,82.96,-103.7,437483868.72193795,-1181.6,697.2,809.7,559
2026-04-09T15:24:04.424736+00:00,186.55,82.74,186.55,82.74,-103.7,437483796.5328995,-1220.8,697.5,836.6,559
2026-04-09T15:24:04.751493+00:00,186.80,82.54,186.8,82.54,-98.7,437483796.5328995,-1255.9,697.8,860.7,559
2026-04-09T15:24:05.095277+00:00,187.04,82.33,187.04,82.33,-102.7,437483721.79490817,-1292.9,698.1,886.0,559
2026-04-09T15:24:05.443545+00:00,187.27,82.11,187.27,82.11,-103.7,437483721.79490817,-1330.1,698.4,911.5,559
2026-04-09T15:24:05.791531+00:00,187.49,81.90,187.49,81.9,None,437483647.7452356,-1367.3,698.7,937.0,559
2026-04-09T15:24:06.115002+00:00,187.69,81.70,187.69,81.7,-103.7,437483647.7452356,-1402.2,699.0,960.9,559
2026-04-09T15:24:06.483643+00:00,187.89,81.48,187.89,81.48,-102.7,437483576.10084903,-1441.1,699.4,987.5,559
2026-04-09T15:24:06.812275+00:00,188.07,81.28,188.07,81.28,-100.7,437483576.10084903,-1475.9,699.7,1011.4,559
2026-04-09T15:24:07.154131+00:00,188.25,81.07,188.25,81.07,-108.7,437483501.91276455,-1512.6,700.0,1036.5,559
2026-04-09T15:24:07.498272+00:00,188.42,80.86,188.42,80.86,-107.7,437483501.91276455,-1549.5,700.4,1061.8,559
2026-04-09T15:24:07.842105+00:00,188.58,80.65,188.58,80.65,-107.7,437483429.1510177,-1585.5,700.8,1086.5,559
2026-04-09T15:24:08.170484+00:00,188.72,80.45,188.72,80.45,-106.7,437483429.1510177,-1619.7,701.1,1109.9,559
2026-04-09T15:24:08.530136+00:00,188.88,80.23,188.88,80.23,None,437483358.0705217,-1658.2,701.5,1136.3,559
2026-04-09T15:24:08.850194+00:00,189.01,80.03,189.01,80.03,-105.7,437483358.0705217,-1692.2,701.9,1159.6,559
2026-04-09T15:24:09.194130+00:00,189.15,79.82,189.15,79.82,-107.7,437483286.4321026,-1728.6,702.3,1184.5,559
2026-04-09T15:24:09.538124+00:00,189.28,79.61,189.28,79.61,-108.7,437483286.4321026,-1764.7,702.7,1209.3,559
2026-04-09T15:24:09.882112+00:00,189.41,79.40,189.41,79.4,-107.7,437483214.17555046,-1800.8,703.1,1234.0,559
2026-04-09T15:24:10.206521+00:00,189.52,79.21,189.52,79.21,-106.7,437483214.17555046,-1834.3,703.5,1257.0,559
2026-04-09T15:24:10.577090+00:00,189.64,78.99,189.64,78.99,-107.7,437483144.2043094,-1873.0,704.0,1283.5,559
2026-04-09T15:24:10.902131+00:00,189.75,78.79,189.75,78.79,-107.7,437483144.2043094,-1906.8,704.4,1306.7,559
2026-04-09T15:24:11.246260+00:00,189.86,78.58,189.86,78.58,-109.7,437483071.6766338,-1942.7,704.9,1331.3,559
2026-04-09T15:24:11.590130+00:00,189.96,78.37,189.96,78.37,-105.7,437483071.6766338,-1978.5,705.3,1355.8,559
2026-04-09T15:24:11.934113+00:00,190.06,78.16,190.06,78.16,-109.7,437483000.2159948,-2014.5,705.8,1380.5,559
2026-04-09T15:24:12.259772+00:00,190.15,77.97,190.15,77.97,-103.7,437483000.2159948,-2047.6,706.3,1403.1,559
2026-04-09T15:24:12.627231+00:00,190.25,77.75,190.25,77.75,-102.7,437482930.91223055,-2085.7,706.8,1429.2,559
2026-04-09T15:24:12.953111+00:00,190.34,77.55,190.34,77.55,-102.7,437482930.91223055,-2119.4,707.3,1452.3,559
2026-04-09T15:24:13.303139+00:00,190.42,77.34,190.42,77.34,-101.7,437482859.4749274,-2154.9,707.8,1476.6,559
2026-04-09T15:24:13.643239+00:00,190.51,77.14,190.51,77.14,-107.7,437482859.4749274,-2190.1,708.3,1500.8,559
2026-04-09T15:24:13.991691+00:00,190.59,76.93,190.59,76.93,-101.7,437482788.6755305,-2225.8,708.8,1525.3,559
2026-04-09T15:24:14.315214+00:00,190.67,76.73,190.67,76.73,-97.7,437482788.6755305,-2259.2,709.3,1548.1,559
2026-04-09T15:24:14.683176+00:00,190.75,76.52,190.75,76.52,-102.7,437482720.0376399,-2296.4,709.9,1573.7,559
2026-04-09T15:24:15.007621+00:00,190.82,76.32,190.82,76.32,-101.7,437482720.0376399,-2329.7,710.4,1596.4,559
2026-04-09T15:24:15.355515+00:00,190.89,76.11,190.89,76.11,-101.7,437482649.626224,-2364.7,710.9,1620.4,559
2026-04-09T15:24:15.703505+00:00,190.96,75.91,190.96,75.91,-104.7,437482649.626224,-2399.9,711.5,1644.6,559
2026-04-09T15:24:16.051247+00:00,191.03,75.70,191.03,75.7,-105.7,437482579.2005572,-2435.0,712.1,1668.6,559
2026-04-09T15:24:16.375530+00:00,191.09,75.51,191.09,75.51,-103.7,437482579.2005572,-2467.6,712.6,1690.9,559
2026-04-09T15:24:16.743498+00:00,191.16,75.29,191.16,75.29,-99.7,437482511.5130239,-2504.7,713.3,1716.4,559
2026-04-09T15:24:17.067278+00:00,191.22,75.10,191.22,75.1,-106.7,437482511.5130239,-2537.5,713.8,1738.8,559
2026-04-09T15:24:17.415214+00:00,191.28,74.89,191.28,74.89,-97.7,437482442.1843206,-2571.9,714.4,1762.5,559
2026-04-09T15:24:17.763505+00:00,191.34,74.69,191.34,74.69,-100.7,437482442.1843206,-2606.7,715.0,1786.2,559
2026-04-09T15:24:18.107254+00:00,191.40,74.49,191.4,74.49,-101.7,437482372.7539015,-2640.8,715.7,1809.6,559
2026-04-09T15:24:18.439731+00:00,191.45,74.29,191.45,74.29,-98.7,437482372.7539015,-2673.4,716.3,1832.0,559
2026-04-09T15:24:18.799729+00:00,191.51,74.08,191.51,74.08,-98.7,437482305.663125,-2709.4,716.9,1856.7,559
2026-04-09T15:24:19.126807+00:00,191.56,73.89,191.56,73.89,-97.7,437482305.663125,-2741.7,717.5,1878.8,559
2026-04-09T15:24:19.471213+00:00,191.61,73.68,191.61,73.68,-100.7,437482237.87922,-2775.7,718.2,1902.1,559
2026-04-09T15:24:19.819546+00:00,191.66,73.48,191.66,73.48,-99.7,437482237.87922,-2809.9,718.9,1925.5,559
2026-04-09T15:24:20.163241+00:00,191.71,73.28,191.71,73.28,-101.7,437482169.8886769,-2843.9,719.5,1948.8,559
2026-04-09T15:24:20.491491+00:00,191.76,73.09,191.76,73.09,-106.7,437482169.8886769,-2875.4,720.2,1970.4,559
2026-04-09T15:24:20.860554+00:00,191.81,72.88,191.81,72.88,-103.7,437482104.3067152,-2911.4,720.9,1995.1,559
2026-04-09T15:24:21.183544+00:00,191.85,72.69,191.85,72.69,-99.7,437482104.3067152,-2942.7,721.5,2016.5,559
2026-04-09T15:24:21.573633+00:00,191.90,72.49,191.9,72.49,-100.7,437482037.1437935,-2976.5,722.3,2039.7,559
2026-04-09T15:24:21.943687+00:00,191.95,72.26,191.95,72.26,-99.7,437481985.67058605,-3014.3,723.1,2065.6,559
2026-04-09T15:24:22.266133+00:00,191.99,72.06,191.99,72.06,-101.7,437481985.67058605,-3047.7,723.8,2088.5,559
2026-04-09T15:24:22.610121+00:00,192.03,71.86,192.03,71.86,-104.7,437481932.8855826,-3080.8,724.5,2111.1,559
2026-04-09T15:24:22.954182+00:00,192.07,71.66,192.07,71.66,-103.7,437481932.8855826,-3113.7,725.2,2133.7,559
2026-04-09T15:24:23.298095+00:00,192.11,71.46,192.11,71.46,-108.7,437481867.1215656,-3146.4,726.0,2156.1,559
2026-04-09T15:24:23.622124+00:00,192.15,71.28,192.15,71.28,-102.7,437481867.1215656,-3176.8,726.7,2176.9,559
2026-04-09T15:24:23.986361+00:00,192.19,71.07,192.19,71.07,-104.7,437481803.66405785,-3211.3,727.5,2200.6,559
2026-04-09T15:24:24.310110+00:00,192.22,70.89,192.22,70.89,-107.7,437481803.66405785,-3241.8,728.2,2221.5,559
2026-04-09T15:24:24.650206+00:00,192.26,70.69,192.26,70.69,-106.7,437481738.70307946,-3274.3,729.0,2243.8,559
2026-04-09T15:24:24.994132+00:00,192.29,70.50,192.29,70.5,-101.7,437481738.70307946,-3306.6,729.7,2265.9,559
2026-04-09T15:24:25.338114+00:00,192.33,70.30,192.33,70.3,-107.7,437481674.52305067,-3338.8,730.5,2288.0,559
2026-04-09T15:24:25.662110+00:00,192.36,70.12,192.36,70.12,-106.7,437481674.52305067,-3369.0,731.3,2308.7,559
2026-04-09T15:24:26.026533+00:00,192.40,69.91,192.4,69.91,-104.7,437481612.2462306,-3402.5,732.1,2331.6,559
2026-04-09T15:24:26.350119+00:00,192.43,69.73,192.43,69.73,-106.7,437481612.2462306,-3432.4,732.8,2352.1,559
2026-04-09T15:24:26.694112+00:00,192.46,69.54,192.46,69.54,-101.7,437481548.4994295,-3464.3,733.7,2373.9,559
2026-04-09T15:24:27.076552+00:00,192.49,69.35,192.49,69.35,-102.7,437481548.4994295,-3495.9,734.5,2395.6,559
2026-04-09T15:24:27.423545+00:00,192.53,69.13,192.53,69.13,-101.7,437481481.67799515,-3531.5,735.4,2420.0,559
2026-04-09T15:24:27.751483+00:00,192.56,68.95,192.56,68.95,-99.7,437481481.67799515,-3561.1,736.2,2440.3,559
2026-04-09T15:24:28.119557+00:00,192.59,68.74,192.59,68.74,-105.7,437481420.00719494,-3594.7,737.1,2463.3,559
2026-04-09T15:24:28.445267+00:00,192.62,68.56,192.62,68.56,-100.7,437481420.00719494,-3624.3,737.9,2483.6,559
2026-04-09T15:24:28.790327+00:00,192.64,68.37,192.64,68.37,-104.7,437481357.0474001,-3655.5,738.8,2505.0,559
2026-04-09T15:24:29.134153+00:00,192.67,68.17,192.67,68.17,-107.7,437481357.0474001,-3686.9,739.7,2526.5,559
2026-04-09T15:24:29.478569+00:00,192.70,67.98,192.7,67.98,-105.7,437481294.98327476,-3717.8,740.5,2547.7,559
2026-04-09T15:24:29.806763+00:00,192.73,67.81,192.73,67.81,-103.7,437481294.98327476,-3746.8,741.4,2567.5,559
2026-04-09T15:24:30.170118+00:00,192.75,67.60,192.75,67.6,-111.7,437481234.8127388,-3779.6,742.3,2590.0,559
2026-04-09T15:24:30.494148+00:00,192.78,67.42,192.78,67.42,-104.7,437481234.8127388,-3808.4,743.1,2609.7,559
2026-04-09T15:24:30.838095+00:00,192.80,67.24,192.8,67.24,-101.7,437481173.75472754,-3838.5,744.0,2630.4,559
2026-04-09T15:24:31.182117+00:00,192.83,67.05,192.83,67.05,-105.7,437481173.75472754,-3868.8,744.9,2651.2,559
2026-04-09T15:24:31.522108+00:00,192.86,66.86,192.86,66.86,-105.7,437481113.08327216,-3899.1,745.9,2671.9,559
2026-04-09T15:24:31.846093+00:00,192.88,66.69,192.88,66.69,-103.7,437481113.08327216,-3927.5,746.7,2691.3,559
2026-04-09T15:24:32.210098+00:00,192.90,66.49,192.9,66.49,-104.7,437481054.95132834,-3959.2,747.7,2713.1,559
2026-04-09T15:24:32.534116+00:00,192.93,66.31,192.93,66.31,-103.7,437481054.95132834,-3987.4,748.6,2732.4,559
2026-04-09T15:24:32.878094+00:00,192.95,66.13,192.95,66.13,-101.7,437480995.1559475,-4017.2,749.5,2752.8,559
2026-04-09T15:24:33.222129+00:00,192.97,65.94,192.97,65.94,-104.7,437480995.1559475,-4046.5,750.5,2772.9,559
2026-04-09T15:24:33.567205+00:00,193.00,65.76,193.0,65.76,-102.7,437480935.81445795,-4076.1,751.4,2793.2,559
2026-04-09T15:24:33.894792+00:00,193.02,65.58,193.02,65.58,-99.7,437480935.81445795,-4104.1,752.3,2812.4,559
2026-04-09T15:24:34.259189+00:00,193.04,65.39,193.04,65.39,-99.7,437480878.2176358,-4135.2,753.4,2833.7,559
2026-04-09T15:24:34.583327+00:00,193.06,65.21,193.06,65.21,-101.7,437480878.2176358,-4163.0,754.3,2852.8,559
2026-04-09T15:24:34.931466+00:00,193.08,65.03,193.08,65.03,-96.7,437480819.73725736,-4192.2,755.3,2872.8,559
2026-04-09T15:24:35.279490+00:00,193.10,64.84,193.1,64.84,-98.7,437480819.73725736,-4221.5,756.3,2892.9,559
2026-04-09T15:24:35.633255+00:00,193.12,64.66,193.12,64.66,-98.7,437480761.0687669,-4250.4,757.3,2912.7,559
2026-04-09T15:24:35.955822+00:00,193.14,64.48,193.14,64.48,-99.7,437480761.0687669,-4278.1,758.3,2931.6,559
2026-04-09T15:24:36.329788+00:00,193.16,64.29,193.16,64.29,-97.7,437480704.5161799,-4308.9,759.4,2952.7,559
2026-04-09T15:24:36.655195+00:00,193.18,64.12,193.18,64.12,-101.7,437480704.5161799,-4335.9,760.3,2971.3,559
2026-04-09T15:24:36.999672+00:00,193.20,63.93,193.2,63.93,-100.7,437480646.5181947,-4364.8,761.4,2991.0,559
2026-04-09T15:24:37.346106+00:00,193.22,63.75,193.22,63.75,-103.7,437480646.5181947,-4393.5,762.4,3010.7,559
2026-04-09T15:24:37.690125+00:00,193.24,63.57,193.24,63.57,-104.7,437480589.69519675,-4421.6,763.4,3030.0,559
2026-04-09T15:24:38.010253+00:00,193.26,63.40,193.26,63.4,-105.7,437480589.69519675,-4448.0,764.4,3048.1,559
2026-04-09T15:24:38.374109+00:00,193.28,63.21,193.28,63.21,-105.7,437480535.5014911,-4477.7,765.5,3068.4,559
2026-04-09T15:24:38.698143+00:00,193.29,63.05,193.29,63.05,-106.7,437480535.5014911,-4503.9,766.5,3086.4,559
2026-04-09T15:24:39.046745+00:00,193.31,62.87,193.31,62.87,-103.7,437480479.82747257,-4531.6,767.6,3105.4,559
2026-04-09T15:24:39.386143+00:00,193.33,62.69,193.33,62.69,-107.7,437480479.82747257,-4559.3,768.7,3124.3,559
2026-04-09T15:24:39.730119+00:00,193.35,62.52,193.35,62.52,-102.7,437480424.6069891,-4586.5,769.7,3142.9,559
2026-04-09T15:24:40.054170+00:00,193.36,62.35,193.36,62.35,-107.7,437480424.6069891,-4612.2,770.8,3160.5,559
2026-04-09T15:24:40.418149+00:00,193.38,62.16,193.38,62.16,-101.7,437480371.43578607,-4641.2,771.9,3180.4,559
2026-04-09T15:24:40.742125+00:00,193.40,62.00,193.4,62.0,-104.7,437480371.43578607,-4667.0,773.0,3198.1,559
2026-04-09T15:24:41.086113+00:00,193.41,61.82,193.41,61.82,-105.7,437480317.13555497,-4694.1,774.1,3216.7,559
2026-04-09T15:24:41.430110+00:00,193.43,61.65,193.43,61.65,-103.7,437480317.13555497,-4721.0,775.2,3235.1,559
2026-04-09T15:24:41.774133+00:00,193.45,61.47,193.45,61.47,-105.7,437480263.2959844,-4747.5,776.3,3253.3,559
2026-04-09T15:24:42.099508+00:00,193.46,61.31,193.46,61.31,-101.7,437480263.2959844,-4772.6,777.3,3270.5,559
2026-04-09T15:24:42.467836+00:00,193.48,61.12,193.48,61.12,-93.7,437480211.3464404,-4801.1,778.5,3290.0,559
2026-04-09T15:24:42.791548+00:00,193.49,60.96,193.49,60.96,-94.7,437480211.3464404,-4826.2,779.6,3307.2,559
2026-04-09T15:24:43.135539+00:00,193.51,60.79,193.51,60.79,-101.7,437480158.12072766,-4852.7,780.8,3325.4,559
2026-04-09T15:24:43.484411+00:00,193.52,60.61,193.52,60.61,-95.7,437480158.12072766,-4878.9,781.9,3343.3,559
2026-04-09T15:24:43.831240+00:00,193.54,60.44,193.54,60.44,-94.7,437480105.29190266,-4905.3,783.1,3361.5,559
2026-04-09T15:24:44.160642+00:00,193.55,60.28,193.55,60.28,-97.7,437480105.29190266,-4930.1,784.2,3378.4,559
2026-04-09T15:24:44.523606+00:00,193.57,60.10,193.57,60.1,-95.7,437480054.19242525,-4957.5,785.4,3397.2,559
2026-04-09T15:24:44.852254+00:00,193.58,59.94,193.58,59.94,-91.7,437480054.19242525,-4982.0,786.5,3414.0,559
2026-04-09T15:24:45.195529+00:00,193.59,59.77,193.59,59.77,-97.7,437480002.3971473,-5007.8,787.7,3431.6,559
2026-04-09T15:24:45.543614+00:00,193.61,59.60,193.61,59.6,-94.7,437480002.3971473,-5033.6,788.9,3449.3,559
2026-04-09T15:24:45.887527+00:00,193.62,59.43,193.62,59.43,-93.7,437479951.0824812,-5059.0,790.1,3466.8,559
2026-04-09T15:24:46.216608+00:00,193.63,59.27,193.63,59.27,-91.7,437479951.0824812,-5083.1,791.2,3483.3,559
2026-04-09T15:24:46.559616+00:00,193.65,59.10,193.65,59.1,-103.7,437479951.0824812,-5108.4,792.4,3500.6,559
2026-04-09T15:24:46.887245+00:00,193.66,58.94,193.66,58.94,-99.7,437479951.0824812,-5132.2,793.6,3516.9,559
2026-04-09T15:24:47.231527+00:00,193.67,58.77,193.67,58.77,-100.7,437479852.69136876,-5157.3,794.8,3534.1,559
2026-04-09T15:24:47.579242+00:00,193.69,58.60,193.69,58.6,-97.7,437479852.69136876,-5182.4,796.0,3551.3,559
2026-04-09T15:24:47.903486+00:00,193.70,58.45,193.7,58.45,-97.7,437479852.69136876,-5205.9,797.2,3567.4,559
2026-04-09T15:24:48.231533+00:00,193.71,58.29,193.71,58.29,-95.7,437479852.69136876,-5229.2,798.4,3583.3,559
2026-04-09T15:24:48.600329+00:00,193.72,58.11,193.72,58.11,-92.7,437479756.0043085,-5255.5,799.7,3601.4,559
2026-04-09T15:24:48.923605+00:00,193.74,57.96,193.74,57.96,-97.7,437479756.0043085,-5278.3,800.8,3617.1,559
2026-04-09T15:24:49.251738+00:00,193.75,57.80,193.75,57.8,-98.7,437479756.0043085,-5301.6,802.0,3633.0,559
2026-04-09T15:24:49.595205+00:00,193.76,57.64,193.76,57.64,-94.7,437479756.0043085,-5325.8,803.3,3649.6,559
2026-04-09T15:24:49.943670+00:00,193.77,57.47,193.77,57.47,-96.7,437479659.71164215,-5350.2,804.6,3666.3,559
2026-04-09T15:24:50.267609+00:00,193.78,57.32,193.78,57.32,-95.7,437479659.71164215,-5372.9,805.8,3681.9,559
2026-04-09T15:24:50.615183+00:00,193.80,57.16,193.8,57.16,-96.7,437479659.71164215,-5396.9,807.0,3698.3,559
2026-04-09T15:24:50.939185+00:00,193.81,57.00,193.81,57.0,-97.7,437479659.71164215,-5419.4,808.3,3713.7,559
2026-04-09T15:24:51.288632+00:00,193.82,56.84,193.82,56.84,-97.7,437479566.55524415,-5443.1,809.5,3730.0,559
2026-04-09T15:24:51.631170+00:00,193.83,56.68,193.83,56.68,-98.7,437479566.55524415,-5466.7,810.8,3746.1,559
2026-04-09T15:24:51.959781+00:00,193.84,56.53,193.84,56.53,-97.7,437479566.55524415,-5488.9,812.1,3761.4,559
2026-04-09T15:24:52.283345+00:00,193.85,56.38,193.85,56.38,-94.7,437479566.55524415,-5511.1,813.3,3776.6,559
2026-04-09T15:24:52.651195+00:00,193.86,56.22,193.86,56.22,-100.7,437479475.1075299,-5534.4,814.6,3792.5,559
2026-04-09T15:24:52.975627+00:00,193.87,56.06,193.87,56.06,-98.7,437479475.1075299,-5557.7,815.9,3808.5,559
2026-04-09T15:24:53.304293+00:00,193.88,55.91,193.88,55.91,-97.7,437479475.1075299,-5579.3,817.1,3823.3,559
2026-04-09T15:24:53.627218+00:00,193.89,55.76,193.89,55.76,-101.7,437479475.1075299,-5601.1,818.4,3838.2,559
2026-04-09T15:24:53.995388+00:00,193.90,55.59,193.9,55.59,-101.7,437479385.39165705,-5625.3,819.8,3854.8,559
2026-04-09T15:24:54.328065+00:00,193.91,55.44,193.91,55.44,-96.7,437479385.39165705,-5646.8,821.1,3869.5,559
2026-04-09T15:24:54.647518+00:00,193.92,55.29,193.92,55.29,-95.7,437479385.39165705,-5668.2,822.3,3884.2,559
2026-04-09T15:24:54.997308+00:00,193.94,55.13,193.94,55.13,-98.7,437479385.39165705,-5690.8,823.7,3899.7,559
2026-04-09T15:24:55.339520+00:00,193.95,54.98,193.95,54.98,-97.7,437479295.66438353,-5713.1,825.0,3915.0,559
2026-04-09T15:24:55.667533+00:00,193.95,54.83,193.95,54.83,-99.7,437479295.66438353,-5734.2,826.3,3929.4,559
2026-04-09T15:24:56.012208+00:00,193.96,54.68,193.96,54.68,-96.7,437479295.66438353,-5756.4,827.7,3944.6,559
2026-04-09T15:24:56.339496+00:00,193.97,54.53,193.97,54.53,-98.7,437479295.66438353,-5777.3,829.0,3959.0,559
2026-04-09T15:24:56.688575+00:00,193.98,54.37,193.98,54.37,-97.7,437479209.4538776,-5799.5,830.3,3974.2,559
2026-04-09T15:24:57.031734+00:00,193.99,54.22,193.99,54.22,None,437479209.4538776,-5821.3,831.7,3989.1,559
2026-04-09T15:24:57.359521+00:00,194.00,54.08,194.0,54.08,-101.7,437479209.4538776,-5841.9,833.0,4003.2,559
2026-04-09T15:24:57.683607+00:00,194.01,53.93,194.01,53.93,-101.7,437479209.4538776,-5862.5,834.3,4017.3,559
2026-04-09T15:24:58.051240+00:00,194.02,53.78,194.02,53.78,None,437479124.7792632,-5884.0,835.7,4032.1,559
2026-04-09T15:24:58.375528+00:00,194.03,53.63,194.03,53.63,-95.7,437479124.7792632,-5905.6,837.1,4046.9,559
2026-04-09T15:24:58.703238+00:00,194.04,53.48,194.04,53.48,-97.7,437479124.7792632,-5925.6,838.4,4060.6,559
2026-04-09T15:24:59.027519+00:00,194.05,53.34,194.05,53.34,-101.7,437479124.7792632,-5945.5,839.8,4074.2,559
2026-04-09T15:24:59.399715+00:00,194.06,53.18,194.06,53.18,-95.7,437479041.7549038,-5968.1,841.3,4089.7,559
2026-04-09T15:24:59.719533+00:00,194.07,53.04,194.07,53.04,-99.7,437479041.7549038,-5988.2,842.6,4103.5,559
2026-04-09T15:25:00.045037+00:00,194.08,52.90,194.08,52.9,-95.7,437479041.7549038,-6007.6,843.9,4116.8,559
2026-04-09T15:25:00.391514+00:00,194.08,52.75,194.08,52.75,-93.7,437479041.7549038,-6028.4,845.4,4131.1,559
2026-04-09T15:25:00.739537+00:00,194.09,52.60,194.09,52.6,-98.7,437478959.1509462,-6049.3,846.8,4145.4,559
2026-04-09T15:25:01.066949+00:00,194.10,52.46,194.1,52.46,-94.7,437478959.1509462,-6068.8,848.2,4158.7,559
2026-04-09T15:25:01.411503+00:00,194.11,52.31,194.11,52.31,-97.7,437478959.1509462,-6089.3,849.6,4172.8,559
2026-04-09T15:25:01.741733+00:00,194.12,52.17,194.12,52.17,-91.7,437478959.1509462,-6108.6,851.0,4186.0,559
2026-04-09T15:25:02.082989+00:00,194.13,52.02,194.13,52.02,-101.7,437478879.003845,-6128.9,852.4,4199.9,559
2026-04-09T15:25:02.431526+00:00,194.14,51.88,194.14,51.88,None,437478879.003845,-6149.3,853.9,4213.9,559
2026-04-09T15:25:02.755522+00:00,194.14,51.74,194.14,51.74,-97.7,437478879.003845,-6168.3,855.3,4226.9,559
2026-04-09T15:25:03.084152+00:00,194.15,51.60,194.15,51.6,-99.7,437478879.003845,-6187.1,856.6,4239.8,559
2026-04-09T15:25:03.447545+00:00,194.16,51.45,194.16,51.45,-95.7,437478800.9024614,-6208.1,858.2,4254.2,559
2026-04-09T15:25:03.775477+00:00,194.17,51.31,194.17,51.31,-95.7,437478800.9024614,-6226.8,859.6,4267.0,559
2026-04-09T15:25:04.099234+00:00,194.18,51.18,194.18,51.18,-98.7,437478800.9024614,-6245.4,861.0,4279.7,559
2026-04-09T15:25:04.450671+00:00,194.18,51.03,194.18,51.03,-101.7,437478800.9024614,-6265.1,862.4,4293.3,559
2026-04-09T15:25:04.791547+00:00,194.19,50.89,194.19,50.89,-95.7,437478722.9856271,-6284.8,863.9,4306.7,559
2026-04-09T15:25:05.119286+00:00,194.20,50.75,194.2,50.75,-98.7,437478722.9856271,-6302.9,865.3,4319.2,559
2026-04-09T15:25:05.464057+00:00,194.21,50.61,194.21,50.61,-96.7,437478722.9856271,-6322.4,866.8,4332.5,559
2026-04-09T15:25:05.791500+00:00,194.21,50.48,194.21,50.48,-97.7,437478722.9856271,-6340.4,868.3,4344.8,559
2026-04-09T15:25:06.135140+00:00,194.22,50.33,194.22,50.33,-95.7,437478648.0849973,-6359.7,869.8,4358.1,559
2026-04-09T15:25:06.483552+00:00,194.23,50.19,194.23,50.19,-94.7,437478648.0849973,-6378.6,871.3,4371.1,559
2026-04-09T15:25:06.812555+00:00,194.24,50.06,194.24,50.06,-102.7,437478648.0849973,-6396.5,872.7,4383.3,559
2026-04-09T15:25:07.134364+00:00,194.24,49.93,194.24,49.93,-100.7,437478648.0849973,-6414.2,874.1,4395.4,559
2026-04-09T15:25:07.498244+00:00,194.25,49.79,194.25,49.79,-103.7,437478574.5802438,-6433.1,875.7,4408.4,559
2026-04-09T15:25:07.822110+00:00,194.26,49.65,194.26,49.65,-101.7,437478574.5802438,-6451.7,877.2,4421.1,559
2026-04-09T15:25:08.146164+00:00,194.27,49.52,194.27,49.52,-103.7,437478574.5802438,-6468.8,878.6,4432.8,559
2026-04-09T15:25:08.466399+00:00,194.27,49.39,194.27,49.39,-106.7,437478574.5802438,-6486.1,880.0,4444.7,559
2026-04-09T15:25:08.830132+00:00,194.28,49.24,194.28,49.24,None,437478503.13545895,-6505.5,881.7,4458.0,559
2026-04-09T15:25:09.154234+00:00,194.29,49.11,194.29,49.11,-102.7,437478503.13545895,-6522.6,883.1,4469.7,559
2026-04-09T15:25:09.481994+00:00,194.29,48.98,194.29,48.98,-101.7,437478503.13545895,-6539.6,884.5,4481.4,559
2026-04-09T15:25:09.822109+00:00,194.30,48.85,194.3,48.85,-97.7,437478503.13545895,-6557.6,886.1,4493.7,559
2026-04-09T15:25:10.166862+00:00,194.31,48.71,194.31,48.71,-99.7,437478431.90158755,-6575.3,887.6,4505.8,559
2026-04-09T15:25:10.490254+00:00,194.31,48.59,194.31,48.59,-99.7,437478431.90158755,-6592.0,889.1,4517.3,559
2026-04-09T15:25:10.834098+00:00,194.32,48.45,194.32,48.45,None,437478431.90158755,-6609.8,890.6,4529.4,559
2026-04-09T15:25:11.154115+00:00,194.33,48.32,194.33,48.32,-101.7,437478431.90158755,-6626.3,892.1,4540.8,559
2026-04-09T15:25:11.498222+00:00,194.33,48.19,194.33,48.19,-101.7,437478363.3390487,-6643.9,893.7,4552.8,559
2026-04-09T15:25:11.842113+00:00,194.34,48.06,194.34,48.06,-101.7,437478363.3390487,-6661.4,895.2,4564.8,559
2026-04-09T15:25:12.167244+00:00,194.35,47.93,194.35,47.93,-101.7,437478363.3390487,-6677.5,896.7,4575.8,559
2026-04-09T15:25:12.495380+00:00,194.35,47.81,194.35,47.81,-95.7,437478363.3390487,-6693.9,898.2,4587.1,559
2026-04-09T15:25:12.863542+00:00,194.36,47.67,194.36,47.67,-94.7,437478295.7013936,-6711.1,899.8,4598.9,559
2026-04-09T15:25:13.187158+00:00,194.37,47.54,194.37,47.54,-95.7,437478295.7013936,-6728.6,901.4,4610.8,559
2026-04-09T15:25:13.516610+00:00,194.37,47.41,194.37,47.41,-91.7,437478295.7013936,-6744.6,902.9,4621.8,559
2026-04-09T15:25:13.839544+00:00,194.38,47.29,194.38,47.29,-94.7,437478295.7013936,-6760.5,904.4,4632.7,559
2026-04-09T15:25:14.207895+00:00,194.39,47.15,194.39,47.15,-95.7,437478229.3149682,-6778.6,906.1,4645.1,559
2026-04-09T15:25:14.534799+00:00,194.39,47.03,194.39,47.03,-95.7,437478229.3149682,-6794.4,907.6,4656.0,559
2026-04-09T15:25:14.859174+00:00,194.40,46.90,194.4,46.9,-98.7,437478229.3149682,-6810.1,909.1,4666.7,559
2026-04-09T15:25:15.203598+00:00,194.41,46.77,194.41,46.77,-95.7,437478229.3149682,-6826.9,910.8,4678.2,559
2026-04-09T15:25:15.551014+00:00,194.41,46.64,194.41,46.64,-96.7,437478163.3496571,-6843.4,912.4,4689.5,559
2026-04-09T15:25:15.875165+00:00,194.42,46.52,194.42,46.52,-92.7,437478163.3496571,-6859.0,913.9,4700.2,559
2026-04-09T15:25:16.223507+00:00,194.42,46.39,194.42,46.39,-95.7,437478163.3496571,-6875.3,915.5,4711.4,559
2026-04-09T15:25:16.552430+00:00,194.43,46.27,194.43,46.27,-99.7,437478163.3496571,-6890.7,917.1,4722.0,559
2026-04-09T15:25:16.895182+00:00,194.44,46.14,194.44,46.14,-92.7,437478099.48350465,-6906.9,918.7,4733.0,559
2026-04-09T15:25:17.243581+00:00,194.44,46.01,194.44,46.01,-94.7,437478099.48350465,-6923.1,920.4,4744.2,559
2026-04-09T15:25:17.567322+00:00,194.45,45.89,194.45,45.89,-94.7,437478099.48350465,-6938.3,921.9,4754.6,559
2026-04-09T15:25:17.895180+00:00,194.45,45.77,194.45,45.77,-96.7,437478099.48350465,-6953.2,923.5,4764.8,559
2026-04-09T15:25:18.263582+00:00,194.46,45.64,194.46,45.64,-95.7,437478037.0887583,-6970.2,925.2,4776.4,559
2026-04-09T15:25:18.592377+00:00,194.46,45.52,194.46,45.52,-102.7,437478037.0887583,-6985.1,926.8,4786.6,559
2026-04-09T15:25:18.915514+00:00,194.47,45.40,194.47,45.4,-95.7,437478037.0887583,-7000.0,928.4,4796.8,559
2026-04-09T15:25:19.263482+00:00,194.48,45.28,194.48,45.28,-100.7,437478037.0887583,-7015.6,930.0,4807.5,559
2026-04-09T15:25:19.611053+00:00,194.48,45.15,194.48,45.15,-95.7,437477975.1129886,-7031.2,931.7,4818.2,559
2026-04-09T15:25:19.935541+00:00,194.49,45.03,194.49,45.03,-94.7,437477975.1129886,-7045.6,933.2,4828.1,559
2026-04-09T15:25:20.283272+00:00,194.49,44.91,194.49,44.91,-94.7,437477975.1129886,-7061.2,934.9,4838.8,559
2026-04-09T15:25:20.607175+00:00,194.50,44.79,194.5,44.79,-93.7,437477975.1129886,-7075.6,936.5,4848.7,559
2026-04-09T15:25:20.956523+00:00,194.50,44.67,194.5,44.67,-93.7,437477915.40382576,-7090.8,938.2,4859.1,559
2026-04-09T15:25:21.299526+00:00,194.51,44.55,194.51,44.55,-96.7,437477915.40382576,-7105.9,939.9,4869.4,559
2026-04-09T15:25:21.627191+00:00,194.52,44.43,194.52,44.43,-92.7,437477915.40382576,-7120.1,941.5,4879.1,559
2026-04-09T15:25:21.951337+00:00,194.52,44.32,194.52,44.32,-97.7,437477915.40382576,-7134.1,943.0,4888.7,559
2026-04-09T15:25:22.314121+00:00,194.53,44.19,194.53,44.19,-102.7,437477856.9195283,-7149.2,944.7,4899.1,559
2026-04-09T15:25:22.638102+00:00,194.53,44.07,194.53,44.07,-93.7,437477856.9195283,-7163.9,946.4,4909.2,559
2026-04-09T15:25:22.962229+00:00,194.54,43.96,194.54,43.96,-99.7,437477856.9195283,-7177.5,948.0,4918.5,559
2026-04-09T15:25:23.286115+00:00,194.54,43.85,194.54,43.85,-98.7,437477856.9195283,-7191.2,949.6,4927.9,559
2026-04-09T15:25:23.650113+00:00,194.55,43.72,194.55,43.72,-98.7,437477800.05840915,-7206.6,951.4,4938.4,559
2026-04-09T15:25:23.975397+00:00,194.55,43.61,194.55,43.61,-102.7,437477800.05840915,-7220.2,953.0,4947.7,559
2026-04-09T15:25:24.294121+00:00,194.56,43.50,194.56,43.5,-99.7,437477800.05840915,-7233.7,954.6,4957.0,559
2026-04-09T15:25:24.641579+00:00,194.56,43.38,194.56,43.38,-101.7,437477800.05840915,-7248.0,956.3,4966.8,559
2026-04-09T15:25:24.984143+00:00,194.57,43.26,194.57,43.26,-95.7,437477743.52078557,-7262.2,958.0,4976.5,559
2026-04-09T15:25:25.306104+00:00,194.57,43.15,194.57,43.15,-98.7,437477743.52078557,-7275.5,959.6,4985.6,559
2026-04-09T15:25:25.650118+00:00,194.58,43.03,194.58,43.03,-100.7,437477743.52078557,-7289.4,961.3,4995.2,559
2026-04-09T15:25:25.975276+00:00,194.58,42.92,194.58,42.92,-100.7,437477743.52078557,-7302.5,962.9,5004.2,559
2026-04-09T15:25:26.314130+00:00,194.59,42.81,194.59,42.81,-101.7,437477689.06023175,-7316.5,964.7,5013.7,559
2026-04-09T15:25:26.658111+00:00,194.59,42.69,194.59,42.69,-97.7,437477689.06023175,-7330.3,966.4,5023.2,559
2026-04-09T15:25:26.983146+00:00,194.60,42.58,194.6,42.58,-96.7,437477689.06023175,-7343.3,968.0,5032.1,559
2026-04-09T15:25:27.312575+00:00,194.60,42.47,194.6,42.47,-97.7,437477689.06023175,-7356.1,969.7,5040.9,559
2026-04-09T15:25:27.675369+00:00,194.61,42.36,194.61,42.36,-94.7,437477635.5844156,-7369.8,971.4,5050.2,559
2026-04-09T15:25:28.003318+00:00,194.61,42.24,194.61,42.24,-100.7,437477635.5844156,-7383.5,973.2,5059.6,559
2026-04-09T15:25:28.327597+00:00,194.62,42.13,194.62,42.13,-98.7,437477635.5844156,-7396.3,974.8,5068.4,559
2026-04-09T15:25:28.656599+00:00,194.62,42.02,194.62,42.02,-97.7,437477635.5844156,-7408.9,976.5,5077.1,559
2026-04-09T15:25:29.019476+00:00,194.63,41.90,194.63,41.9,-95.7,437477582.97291696,-7423.1,978.3,5086.8,559
2026-04-09T15:25:29.347183+00:00,194.63,41.80,194.63,41.8,-93.7,437477582.97291696,-7435.7,980.0,5095.4,559
2026-04-09T15:25:29.675890+00:00,194.64,41.69,194.64,41.69,-93.7,437477582.97291696,-7448.2,981.6,5104.0,559
2026-04-09T15:25:30.018130+00:00,194.64,41.57,194.64,41.57,-96.7,437477582.97291696,-7461.4,983.4,5113.0,559
2026-04-09T15:25:30.363514+00:00,194.65,41.46,194.65,41.46,-91.7,437477530.803909,-7474.6,985.2,5122.1,559
2026-04-09T15:25:30.691523+00:00,194.65,41.36,194.65,41.36,-95.7,437477530.803909,-7486.8,986.8,5130.4,559
2026-04-09T15:25:31.040478+00:00,194.66,41.24,194.66,41.24,-95.7,437477530.803909,-7499.9,988.6,5139.4,559
2026-04-09T15:25:31.363200+00:00,194.66,41.14,194.66,41.14,-94.7,437477530.803909,-7511.9,990.3,5147.6,559
2026-04-09T15:25:31.712590+00:00,194.67,41.03,194.67,41.03,-101.7,437477480.3528479,-7524.9,992.1,5156.5,559
2026-04-09T15:25:32.055350+00:00,194.67,40.92,194.67,40.92,-91.7,437477480.3528479,-7537.6,993.9,5165.2,559
2026-04-09T15:25:32.383521+00:00,194.67,40.81,194.67,40.81,-95.7,437477480.3528479,-7549.6,995.6,5173.5,559
2026-04-09T15:25:32.707750+00:00,194.68,40.71,194.68,40.71,-93.7,437477480.3528479,-7561.6,997.3,5181.7,559
2026-04-09T15:25:33.055725+00:00,194.68,40.60,194.68,40.6,-96.7,437477480.3528479,-7573.4,998.9,5189.8,559
2026-04-09T15:25:33.383569+00:00,194.69,40.49,194.69,40.49,-92.7,437477480.3528479,-7586.0,1000.8,5198.4,559
2026-04-09T15:25:33.727522+00:00,194.69,40.38,194.69,40.38,-93.7,437477406.5637888,-7598.4,1002.5,5206.9,559
2026-04-09T15:25:34.075582+00:00,194.70,40.28,194.7,40.28,-101.7,437477406.5637888,-7610.1,1004.3,5214.9,559
2026-04-09T15:25:34.399502+00:00,194.70,40.17,194.7,40.17,-91.7,437477406.5637888,-7622.4,1006.1,5223.4,559
2026-04-09T15:25:34.744345+00:00,194.71,40.07,194.71,40.07,-98.7,437477406.5637888,-7633.9,1007.8,5231.2,559
2026-04-09T15:25:35.095274+00:00,194.71,39.96,194.71,39.96,-94.7,437477406.5637888,-7646.0,1009.6,5239.5,559
2026-04-09T15:25:35.420767+00:00,194.71,39.85,194.71,39.85,-91.7,437477406.5637888,-7658.2,1011.4,5247.9,559
2026-04-09T15:25:35.768618+00:00,194.72,39.74,194.72,39.74,-93.7,437477334.50764,-7670.4,1013.2,5256.2,559
2026-04-09T15:25:36.116034+00:00,194.72,39.65,194.72,39.65,-92.7,437477334.50764,-7681.5,1014.9,5263.9,559
2026-04-09T15:25:36.439641+00:00,194.73,39.54,194.73,39.54,-95.7,437477334.50764,-7693.5,1016.7,5272.1,559
2026-04-09T15:25:36.763503+00:00,194.73,39.44,194.73,39.44,-94.7,437477334.50764,-7704.8,1018.5,5279.8,559
2026-04-09T15:25:37.090871+00:00,194.74,39.34,194.74,39.34,-95.7,437477334.50764,-7715.8,1020.2,5287.4,559
2026-04-09T15:25:37.440566+00:00,194.74,39.23,194.74,39.23,-94.7,437477334.50764,-7727.7,1022.0,5295.5,559
2026-04-09T15:25:37.783191+00:00,194.74,39.13,194.74,39.13,-89.7,437477265.3209114,-7739.3,1023.9,5303.4,559
2026-04-09T15:25:38.110856+00:00,194.75,39.03,194.75,39.03,-91.7,437477265.3209114,-7750.2,1025.6,5311.0,559
2026-04-09T15:25:38.455878+00:00,194.75,38.92,194.75,38.92,-92.7,437477265.3209114,-7761.7,1027.4,5318.8,559
2026-04-09T15:25:38.783500+00:00,194.76,38.82,194.76,38.82,-97.7,437477265.3209114,-7772.6,1029.2,5326.3,559
2026-04-09T15:25:39.111130+00:00,194.76,38.73,194.76,38.73,-97.7,437477265.3209114,-7783.4,1030.9,5333.7,559
2026-04-09T15:25:39.455838+00:00,194.76,38.62,194.76,38.62,-91.7,437477265.3209114,-7794.9,1032.8,5341.6,559
2026-04-09T15:25:39.806972+00:00,194.77,38.52,194.77,38.52,-93.7,437477198.45209277,-7806.1,1034.6,5349.3,559
2026-04-09T15:25:40.127210+00:00,194.77,38.42,194.77,38.42,-89.7,437477198.45209277,-7816.7,1036.4,5356.5,559
2026-04-09T15:25:40.475678+00:00,194.78,38.32,194.78,38.32,-95.7,437477198.45209277,-7827.9,1038.2,5364.2,559
2026-04-09T15:25:40.803178+00:00,194.78,38.22,194.78,38.22,-97.7,437477198.45209277,-7838.4,1040.0,5371.4,559
2026-04-09T15:25:41.127626+00:00,194.78,38.12,194.78,38.12,-91.7,437477198.45209277,-7848.9,1041.7,5378.6,559
2026-04-09T15:25:41.476806+00:00,194.79,38.02,194.79,38.02,-95.7,437477198.45209277,-7859.9,1043.6,5386.1,559
2026-04-09T15:25:41.819504+00:00,194.79,37.92,194.79,37.92,-91.7,437477133.4964585,-7870.8,1045.4,5393.5,559
2026-04-09T15:25:42.143366+00:00,194.80,37.83,194.8,37.83,-91.7,437477133.4964585,-7881.1,1047.2,5400.6,559
2026-04-09T15:25:42.491676+00:00,194.80,37.73,194.8,37.73,-91.7,437477133.4964585,-7891.9,1049.1,5408.0,559
2026-04-09T15:25:42.819174+00:00,194.80,37.63,194.8,37.63,-91.7,437477133.4964585,-7902.1,1050.9,5415.0,559
2026-04-09T15:25:43.142820+00:00,194.81,37.54,194.81,37.54,-92.7,437477133.4964585,-7912.2,1052.6,5422.0,559
2026-04-09T15:25:43.491522+00:00,194.81,37.44,194.81,37.44,-95.7,437477133.4964585,-7922.2,1054.4,5428.8,559
2026-04-09T15:25:43.841753+00:00,194.82,37.34,194.82,37.34,-91.7,437477070.7632531,-7933.4,1056.4,5436.5,559
2026-04-09T15:25:44.163072+00:00,194.82,37.24,194.82,37.24,-91.7,437477070.7632531,-7943.4,1058.1,5443.3,559
2026-04-09T15:25:44.511334+00:00,194.82,37.15,194.82,37.15,-93.7,437477070.7632531,-7953.4,1059.9,5450.1,559
2026-04-09T15:25:44.839641+00:00,194.83,37.05,194.83,37.05,-91.7,437477070.7632531,-7963.9,1061.8,5457.3,559
2026-04-09T15:25:45.163227+00:00,194.83,36.96,194.83,36.96,-93.7,437477070.7632531,-7973.6,1063.6,5464.0,559
2026-04-09T15:25:45.487787+00:00,194.83,36.87,194.83,36.87,-95.7,437477070.7632531,-7983.3,1065.4,5470.6,559
2026-04-09T15:25:45.855504+00:00,194.84,36.76,194.84,36.76,-91.7,437477010.53678226,-7994.2,1067.4,5478.2,559
2026-04-09T15:25:46.179724+00:00,194.84,36.67,194.84,36.67,-92.7,437477010.53678226,-8003.9,1069.2,5484.8,559
2026-04-09T15:25:46.509361+00:00,194.85,36.58,194.85,36.58,-93.7,437477010.53678226,-8013.4,1071.0,5491.3,559
2026-04-09T15:25:46.855247+00:00,194.85,36.48,194.85,36.48,-95.7,437477010.53678226,-8023.6,1072.9,5498.3,559
2026-04-09T15:25:47.179503+00:00,194.85,36.39,194.85,36.39,None,437477010.53678226,-8033.1,1074.7,5504.8,559
2026-04-09T15:25:47.507731+00:00,194.86,36.30,194.86,36.3,-93.7,437477010.53678226,-8042.5,1076.5,5511.2,559
2026-04-09T15:25:47.875195+00:00,194.86,36.20,194.86,36.2,-89.7,437476951.48814887,-8052.6,1078.4,5518.1,559
2026-04-09T15:25:48.199510+00:00,194.86,36.11,194.86,36.11,-95.7,437476951.48814887,-8062.4,1080.3,5524.9,559
2026-04-09T15:25:48.524641+00:00,194.87,36.02,194.87,36.02,-93.7,437476951.48814887,-8071.7,1082.1,5531.3,559
2026-04-09T15:25:48.851506+00:00,194.87,35.93,194.87,35.93,-92.7,437476951.48814887,-8080.9,1083.9,5537.5,559
2026-04-09T15:25:49.199504+00:00,194.88,35.83,194.88,35.83,-94.7,437476951.48814887,-8090.8,1085.8,5544.3,559
2026-04-09T15:25:49.523214+00:00,194.88,35.74,194.88,35.74,-89.7,437476951.48814887,-8099.9,1087.6,5550.6,559
2026-04-09T15:25:49.876138+00:00,194.88,35.65,194.88,35.65,-91.7,437476894.40115285,-8109.5,1089.6,5557.2,559
2026-04-09T15:25:50.215556+00:00,194.89,35.56,194.89,35.56,-95.7,437476894.40115285,-8119.1,1091.5,5563.7,559
2026-04-09T15:25:50.543227+00:00,194.89,35.47,194.89,35.47,-95.7,437476894.40115285,-8128.1,1093.3,5569.9,559
2026-04-09T15:25:50.867167+00:00,194.89,35.38,194.89,35.38,-93.7,437476894.40115285,-8137.1,1095.1,5576.1,559
2026-04-09T15:25:51.215598+00:00,194.90,35.29,194.9,35.29,-92.7,437476894.40115285,-8146.0,1096.9,5582.1,559
2026-04-09T15:25:51.539404+00:00,194.90,35.20,194.9,35.2,-93.7,437476894.40115285,-8155.4,1098.9,5588.6,559
2026-04-09T15:25:51.887191+00:00,194.90,35.11,194.9,35.11,-91.7,437476839.0620307,-8164.8,1100.8,5595.0,559
2026-04-09T15:25:52.232272+00:00,194.91,35.02,194.91,35.02,-93.7,437476839.0620307,-8173.5,1102.6,5601.0,559
2026-04-09T15:25:52.559204+00:00,194.91,34.93,194.91,34.93,-91.7,437476839.0620307,-8182.7,1104.6,5607.3,559
2026-04-09T15:25:52.883494+00:00,194.91,34.84,194.91,34.84,-91.7,437476839.0620307,-8191.5,1106.4,5613.3,559
2026-04-09T15:25:53.211170+00:00,194.92,34.75,194.92,34.75,-94.7,437476839.0620307,-8200.0,1108.2,5619.2,559
2026-04-09T15:25:53.555508+00:00,194.92,34.66,194.92,34.66,-94.7,437476839.0620307,-8209.2,1110.2,5625.5,559
2026-04-09T15:25:53.903190+00:00,194.92,34.57,194.92,34.57,-94.7,437476785.43800503,-8218.3,1112.1,5631.7,559
2026-04-09T15:25:54.227517+00:00,194.93,34.49,194.93,34.49,-99.7,437476785.43800503,-8226.8,1114.0,5637.5,559
2026-04-09T15:25:54.575300+00:00,194.93,34.40,194.93,34.4,-90.7,437476785.43800503,-8235.7,1115.9,5643.6,559
2026-04-09T15:25:54.903892+00:00,194.93,34.31,194.93,34.31,-91.7,437476785.43800503,-8244.2,1117.7,5649.4,559
2026-04-09T15:25:55.227495+00:00,194.94,34.23,194.94,34.23,-91.7,437476785.43800503,-8252.5,1119.6,5655.1,559
2026-04-09T15:25:55.576296+00:00,194.94,34.14,194.94,34.14,-91.7,437476785.43800503,-8260.8,1121.4,5660.9,559
2026-04-09T15:25:55.919176+00:00,194.94,34.05,194.94,34.05,-95.7,437476733.34737706,-8270.1,1123.5,5667.2,559
2026-04-09T15:25:56.243503+00:00,194.95,33.96,194.95,33.96,-94.7,437476733.34737706,-8278.4,1125.4,5672.9,559
2026-04-09T15:25:56.591177+00:00,194.95,33.88,194.95,33.88,-95.7,437476733.34737706,-8286.5,1127.2,5678.4,559
2026-04-09T15:25:56.920638+00:00,194.95,33.79,194.95,33.79,-90.7,437476733.34737706,-8295.2,1129.2,5684.4,559
2026-04-09T15:25:57.243717+00:00,194.96,33.71,194.96,33.71,-95.7,437476733.34737706,-8303.4,1131.0,5690.0,559
2026-04-09T15:25:57.567377+00:00,194.96,33.63,194.96,33.63,-95.7,437476733.34737706,-8311.4,1132.9,5695.5,559
2026-04-09T15:25:57.915553+00:00,194.96,33.54,194.96,33.54,-91.7,437476733.34737706,-8319.9,1134.8,5701.3,559
2026-04-09T15:25:58.239783+00:00,194.97,33.46,194.97,33.46,-92.7,437476733.34737706,-8327.9,1136.7,5706.8,559
2026-04-09T15:25:58.587185+00:00,194.97,33.37,194.97,33.37,-100.7,437476667.13410014,-8336.3,1138.7,5712.6,559
2026-04-09T15:25:58.935581+00:00,194.97,33.28,194.97,33.28,-96.7,437476667.13410014,-8344.7,1140.7,5718.3,559
2026-04-09T15:25:59.259509+00:00,194.98,33.20,194.98,33.2,-92.7,437476667.13410014,-8352.6,1142.5,5723.7,559
2026-04-09T15:25:59.587191+00:00,194.98,33.12,194.98,33.12,-98.7,437476667.13410014,-8360.4,1144.4,5729.1,559
2026-04-09T15:25:59.935174+00:00,194.98,33.03,194.98,33.03,-95.7,437476667.13410014,-8368.6,1146.4,5734.7,559
2026-04-09T15:26:00.259523+00:00,194.99,32.95,194.99,32.95,-91.7,437476667.13410014,-8376.4,1148.2,5740.0,559
2026-04-09T15:26:00.584340+00:00,194.99,32.87,194.99,32.87,-100.7,437476667.13410014,-8384.0,1150.1,5745.3,559
2026-04-09T15:26:00.931173+00:00,194.99,32.79,194.99,32.79,-91.7,437476667.13410014,-8391.7,1152.0,5750.6,559
2026-04-09T15:26:01.275471+00:00,195.00,32.70,195.0,32.7,-92.7,437476602.93447644,-8400.4,1154.1,5756.5,559
2026-04-09T15:26:01.603604+00:00,195.00,32.62,195.0,32.62,-92.7,437476602.93447644,-8407.9,1156.0,5761.6,559
2026-04-09T15:26:01.952563+00:00,195.00,32.54,195.0,32.54,-90.7,437476602.93447644,-8415.5,1157.9,5766.8,559
2026-04-09T15:26:02.275571+00:00,195.00,32.45,195.0,32.45,-94.7,437476602.93447644,-8423.5,1159.9,5772.3,559
2026-04-09T15:26:02.603188+00:00,195.01,32.38,195.01,32.38,-93.7,437476602.93447644,-8430.9,1161.8,5777.4,559
2026-04-09T15:26:02.927498+00:00,195.01,32.30,195.01,32.3,-91.7,437476602.93447644,-8438.4,1163.6,5782.5,559
2026-04-09T15:26:03.275493+00:00,195.01,32.21,195.01,32.21,-95.7,437476602.93447644,-8446.2,1165.6,5787.9,559
2026-04-09T15:26:03.599183+00:00,195.02,32.13,195.02,32.13,-94.7,437476602.93447644,-8453.6,1167.5,5792.9,559
2026-04-09T15:26:03.947616+00:00,195.02,32.05,195.02,32.05,-94.7,437476541.8593641,-8461.3,1169.5,5798.2,559
2026-04-09T15:26:04.291483+00:00,195.02,31.97,195.02,31.97,-91.7,437476541.8593641,-8469.1,1171.6,5803.5,559
2026-04-09T15:26:04.619185+00:00,195.03,31.89,195.03,31.89,-95.7,437476541.8593641,-8476.2,1173.4,5808.5,559
2026-04-09T15:26:04.948404+00:00,195.03,31.81,195.03,31.81,-91.7,437476541.8593641,-8483.5,1175.3,5813.4,559
2026-04-09T15:26:05.291217+00:00,195.03,31.73,195.03,31.73,-91.7,437476541.8593641,-8491.1,1177.3,5818.6,559
2026-04-09T15:26:05.615186+00:00,195.03,31.65,195.03,31.65,-95.7,437476541.8593641,-8498.1,1179.2,5823.5,559
2026-04-09T15:26:05.944241+00:00,195.04,31.58,195.04,31.58,-95.7,437476541.8593641,-8505.3,1181.1,5828.4,559
2026-04-09T15:26:06.287318+00:00,195.04,31.50,195.04,31.5,-89.7,437476541.8593641,-8512.3,1183.0,5833.2,559
2026-04-09T15:26:06.635184+00:00,195.04,31.41,195.04,31.41,-92.7,437476482.79149204,-8520.2,1185.2,5838.6,559
2026-04-09T15:26:06.958971+00:00,195.05,31.34,195.05,31.34,-92.7,437476482.79149204,-8527.3,1187.1,5843.4,559
2026-04-09T15:26:07.307279+00:00,195.05,31.26,195.05,31.26,-93.7,437476482.79149204,-8534.2,1189.0,5848.2,559
2026-04-09T15:26:07.631197+00:00,195.05,31.18,195.05,31.18,-97.7,437476482.79149204,-8541.5,1191.0,5853.2,559
2026-04-09T15:26:07.958803+00:00,195.06,31.10,195.06,31.1,-93.7,437476482.79149204,-8548.4,1192.9,5857.9,559
2026-04-09T15:26:08.283516+00:00,195.06,31.03,195.06,31.03,-91.7,437476482.79149204,-8555.2,1194.8,5862.6,559
2026-04-09T15:26:08.631279+00:00,195.06,30.95,195.06,30.95,-95.7,437476482.79149204,-8562.5,1196.9,5867.6,559
2026-04-09T15:26:08.956454+00:00,195.06,30.87,195.06,30.87,-91.7,437476482.79149204,-8569.3,1198.8,5872.2,559
2026-04-09T15:26:09.303509+00:00,195.07,30.79,195.07,30.79,-94.7,437476426.48402065,-8576.4,1200.8,5877.1,559
2026-04-09T15:26:09.652353+00:00,195.07,30.71,195.07,30.71,-92.7,437476426.48402065,-8583.6,1202.9,5882.0,559
2026-04-09T15:26:09.980705+00:00,195.07,30.64,195.07,30.64,-94.7,437476426.48402065,-8590.2,1204.7,5886.5,559
2026-04-09T15:26:10.304571+00:00,195.08,30.57,195.08,30.57,-88.7,437476426.48402065,-8596.8,1206.7,5891.1,559
2026-04-09T15:26:10.647623+00:00,195.08,30.49,195.08,30.49,-96.7,437476426.48402065,-8603.9,1208.7,5895.9,559
2026-04-09T15:26:10.975236+00:00,195.08,30.41,195.08,30.41,-95.7,437476426.48402065,-8610.4,1210.6,5900.4,559
2026-04-09T15:26:11.299512+00:00,195.08,30.34,195.08,30.34,-94.7,437476426.48402065,-8616.9,1212.6,5904.9,559
2026-04-09T15:26:11.647249+00:00,195.09,30.27,195.09,30.27,-98.7,437476426.48402065,-8623.5,1214.5,5909.4,559
2026-04-09T15:26:11.991183+00:00,195.09,30.18,195.09,30.18,-92.7,437476371.9764388,-8630.7,1216.7,5914.3,559
2026-04-09T15:26:12.319170+00:00,195.09,30.11,195.09,30.11,-91.7,437476371.9764388,-8637.2,1218.6,5918.8,559
2026-04-09T15:26:12.663316+00:00,195.10,30.04,195.1,30.04,-93.7,437476371.9764388,-8643.7,1220.5,5923.2,559
2026-04-09T15:26:12.991188+00:00,195.10,29.96,195.1,29.96,-95.7,437476371.9764388,-8650.4,1222.6,5927.8,559
2026-04-09T15:26:13.315506+00:00,195.10,29.89,195.1,29.89,-95.7,437476371.9764388,-8656.7,1224.5,5932.1,559
2026-04-09T15:26:13.644552+00:00,195.10,29.82,195.1,29.82,-95.7,437476371.9764388,-8663.0,1226.4,5936.5,559
2026-04-09T15:26:13.986800+00:00,195.11,29.74,195.11,29.74,-92.7,437476371.9764388,-8669.7,1228.5,5941.0,559
2026-04-09T15:26:14.316586+00:00,195.11,29.67,195.11,29.67,-95.7,437476371.9764388,-8676.0,1230.4,5945.3,559
2026-04-09T15:26:14.659506+00:00,195.11,29.59,195.11,29.59,-94.7,437476320.0439959,-8682.5,1232.5,5949.8,559
2026-04-09T15:26:15.012203+00:00,195.11,29.52,195.11,29.52,-92.7,437476320.0439959,-8689.2,1234.6,5954.4,559
2026-04-09T15:26:15.331515+00:00,195.12,29.44,195.12,29.44,-97.7,437476320.0439959,-8695.3,1236.5,5958.6,559
2026-04-09T15:26:15.655352+00:00,195.12,29.37,195.12,29.37,-93.7,437476320.0439959,-8701.4,1238.4,5962.8,559
2026-04-09T15:26:16.002984+00:00,195.12,29.30,195.12,29.3,-91.7,437476320.0439959,-8707.5,1240.4,5966.9,559
2026-04-09T15:26:16.327280+00:00,195.13,29.23,195.13,29.23,-93.7,437476320.0439959,-8714.0,1242.4,5971.4,559
2026-04-09T15:26:16.651520+00:00,195.13,29.16,195.13,29.16,-93.7,437476320.0439959,-8719.9,1244.4,5975.5,559
2026-04-09T15:26:16.979589+00:00,195.13,29.09,195.13,29.09,-101.7,437476320.0439959,-8725.9,1246.3,5979.6,559
2026-04-09T15:26:17.329294+00:00,195.13,29.01,195.13,29.01,-91.7,437476320.0439959,-8732.3,1248.4,5983.9,559
2026-04-09T15:26:17.651515+00:00,195.14,28.94,195.14,28.94,-95.7,437476320.0439959,-8738.2,1250.3,5988.0,559
2026-04-09T15:26:17.995073+00:00,195.14,28.87,195.14,28.87,-94.7,437476257.99697167,-8744.5,1252.4,5992.3,559
2026-04-09T15:26:18.343226+00:00,195.14,28.80,195.14,28.8,-94.7,437476257.99697167,-8750.8,1254.5,5996.6,559
2026-04-09T15:26:18.667517+00:00,195.14,28.73,195.14,28.73,-95.7,437476257.99697167,-8756.6,1256.4,6000.6,559
2026-04-09T15:26:18.995198+00:00,195.15,28.66,195.15,28.66,-90.7,437476257.99697167,-8762.5,1258.4,6004.6,559
2026-04-09T15:26:19.339198+00:00,195.15,28.59,195.15,28.59,-95.7,437476257.99697167,-8768.6,1260.5,6008.8,559
2026-04-09T15:26:19.668541+00:00,195.15,28.52,195.15,28.52,-94.7,437476257.99697167,-8774.4,1262.4,6012.7,559
2026-04-09T15:26:19.990787+00:00,195.15,28.45,195.15,28.45,None,437476257.99697167,-8780.0,1264.4,6016.6,559
2026-04-09T15:26:20.339237+00:00,195.16,28.38,195.16,28.38,-91.7,437476257.99697167,-8785.8,1266.4,6020.6,559
2026-04-09T15:26:20.663200+00:00,195.16,28.31,195.16,28.31,-92.7,437476257.99697167,-8791.9,1268.4,6024.8,559
2026-04-09T15:26:20.992284+00:00,195.16,28.24,195.16,28.24,-97.7,437476257.99697167,-8797.5,1270.4,6028.6,559
2026-04-09T15:26:21.355298+00:00,195.16,28.17,195.16,28.17,-93.7,437476198.88777196,-8803.5,1272.5,6032.7,559
2026-04-09T15:26:21.683504+00:00,195.17,28.10,195.17,28.1,-94.7,437476198.88777196,-8809.4,1274.6,6036.8,559
2026-04-09T15:26:22.006995+00:00,195.17,28.03,195.17,28.03,-95.7,437476198.88777196,-8815.0,1276.6,6040.6,559
2026-04-09T15:26:22.332033+00:00,195.17,27.96,195.17,27.96,-91.7,437476198.88777196,-8820.5,1278.5,6044.4,559
2026-04-09T15:26:22.679085+00:00,195.17,27.89,195.17,27.89,-94.7,437476198.88777196,-8826.4,1280.6,6048.4,559
2026-04-09T15:26:23.007653+00:00,195.18,27.82,195.18,27.82,-98.7,437476198.88777196,-8831.9,1282.6,6052.2,559
2026-04-09T15:26:23.331493+00:00,195.18,27.76,195.18,27.76,-97.7,437476198.88777196,-8837.4,1284.6,6055.9,559
2026-04-09T15:26:23.678967+00:00,195.18,27.69,195.18,27.69,-99.7,437476198.88777196,-8842.8,1286.5,6059.7,559
2026-04-09T15:26:24.007554+00:00,195.18,27.62,195.18,27.62,-100.7,437476198.88777196,-8848.5,1288.6,6063.6,559
2026-04-09T15:26:24.331179+00:00,195.19,27.55,195.19,27.55,-95.7,437476198.88777196,-8853.9,1290.6,6067.3,559
