t,az_cmd,el_cmd,az_act,el_act,rssi,freq_hz,doppler_hz,range_km,range_rate,packets
2026-04-01T21:51:22.987636+00:00,235.74,0.00,235.74,0.0,-93.8,436759864.4800939,9864.5,2709.5,-6771.1,1
2026-04-01T21:51:23.355697+00:00,235.75,0.03,235.75,0.03,-93.8,436759864.4800939,9864.4,2706.2,-6771.1,1
2026-04-01T21:51:23.720601+00:00,235.76,0.05,235.76,0.05,-93.8,436759864.4800939,9864.4,2703.8,-6771.1,1
2026-04-01T21:51:24.128012+00:00,235.77,0.07,235.77,0.07,-93.8,436759864.4800939,9864.3,2701.0,-6771.0,1
2026-04-01T21:51:24.495619+00:00,235.78,0.08,235.78,0.08,-93.8,436759864.4800939,9864.2,2698.5,-6771.0,1
2026-04-01T21:51:24.863205+00:00,235.78,0.10,235.78,0.1,-93.8,436759864.4800939,9864.2,2696.0,-6770.9,1
2026-04-01T21:51:25.272064+00:00,235.79,0.12,235.79,0.12,-93.8,436759864.4800939,9864.1,2693.3,-6770.9,1
2026-04-01T21:51:25.635893+00:00,235.80,0.14,235.8,0.14,-93.8,436759864.4800939,9864.1,2690.8,-6770.9,1
2026-04-01T21:51:26.003734+00:00,235.81,0.16,235.81,0.16,-93.8,436759864.4800939,9864.0,2688.3,-6770.8,1
2026-04-01T21:51:26.411837+00:00,235.81,0.18,235.81,0.18,-93.8,436759864.4800939,9863.9,2685.6,-6770.8,1
2026-04-01T21:51:26.780771+00:00,235.82,0.20,235.82,0.2,-93.8,436759864.4800939,9863.9,2683.1,-6770.7,1
2026-04-01T21:51:27.143874+00:00,235.83,0.21,235.83,0.21,-93.8,436759864.4800939,9863.8,2680.6,-6770.7,1
2026-04-01T21:51:27.551565+00:00,235.84,0.23,235.84,0.23,-93.8,436759864.4800939,9863.7,2677.8,-6770.6,1
2026-04-01T21:51:27.924420+00:00,235.84,0.25,235.84,0.25,-93.8,436759864.4800939,9863.7,2675.3,-6770.6,1
2026-04-01T21:51:28.283689+00:00,235.85,0.27,235.85,0.27,-93.8,436759864.4800939,9863.6,2672.9,-6770.5,1
2026-04-01T21:51:28.694225+00:00,235.86,0.29,235.86,0.29,-93.8,436759864.4800939,9863.5,2670.1,-6770.5,1
2026-04-01T21:51:29.059905+00:00,235.87,0.31,235.87,0.31,-93.8,436759864.4800939,9863.4,2667.6,-6770.4,1
2026-04-01T21:51:29.423544+00:00,235.87,0.33,235.87,0.33,-93.8,436759864.4800939,9863.3,2665.2,-6770.4,1
2026-04-01T21:51:29.831362+00:00,235.88,0.35,235.88,0.35,-93.8,436759864.4800939,9863.3,2662.4,-6770.3,1
2026-04-01T21:51:30.199904+00:00,235.89,0.37,235.89,0.37,-93.8,436759864.4800939,9863.2,2659.9,-6770.2,1
2026-04-01T21:51:30.565731+00:00,235.90,0.39,235.9,0.39,-93.8,436759864.4800939,9863.1,2657.4,-6770.2,1
2026-04-01T21:51:30.971142+00:00,235.91,0.41,235.91,0.41,-93.8,436759864.4800939,9863.0,2654.7,-6770.1,1
2026-04-01T21:51:31.339637+00:00,235.91,0.43,235.91,0.43,-93.8,436759864.4800939,9862.9,2652.2,-6770.1,1
2026-04-01T21:51:31.704098+00:00,235.92,0.45,235.92,0.45,-93.8,436759864.4800939,9862.8,2649.7,-6770.0,1
2026-04-01T21:51:32.111746+00:00,235.93,0.47,235.93,0.47,-93.8,436759864.4800939,9862.7,2647.0,-6769.9,1
2026-04-01T21:51:32.480629+00:00,235.94,0.49,235.94,0.49,-93.8,436759864.4800939,9862.6,2644.5,-6769.9,1
2026-04-01T21:51:32.843380+00:00,235.95,0.51,235.95,0.51,-93.8,436759864.4800939,9862.5,2642.0,-6769.8,1
2026-04-01T21:51:33.251293+00:00,235.95,0.53,235.95,0.53,-93.8,436759864.4800939,9862.4,2639.2,-6769.7,1
2026-04-01T21:51:33.614939+00:00,235.96,0.55,235.96,0.55,-93.8,436759864.4800939,9862.3,2636.8,-6769.7,1
2026-04-01T21:51:33.982513+00:00,235.97,0.56,235.97,0.56,-93.8,436759864.4800939,9862.2,2634.3,-6769.6,1
2026-04-01T21:51:34.386519+00:00,235.98,0.59,235.98,0.59,-93.8,436759864.4800939,9862.1,2631.6,-6769.5,1
2026-04-01T21:51:34.750936+00:00,235.98,0.60,235.98,0.6,-93.8,436759864.4800939,9862.0,2629.1,-6769.4,1
2026-04-01T21:51:35.114524+00:00,235.99,0.62,235.99,0.62,-93.8,436759864.4800939,9861.9,2626.6,-6769.4,1
2026-04-01T21:51:35.522511+00:00,236.00,0.65,236.0,0.65,-93.8,436759864.4800939,9861.8,2623.8,-6769.3,1
2026-04-01T21:51:35.886511+00:00,236.01,0.66,236.01,0.66,-93.8,436759864.4800939,9861.7,2621.4,-6769.2,1
2026-04-01T21:51:36.250664+00:00,236.02,0.68,236.02,0.68,-93.8,436759864.4800939,9861.6,2618.9,-6769.1,1
2026-04-01T21:51:36.654512+00:00,236.02,0.71,236.02,0.71,-93.8,436759864.4800939,9861.4,2616.2,-6769.0,1
2026-04-01T21:51:37.022508+00:00,236.03,0.73,236.03,0.73,-93.8,436759864.4800939,9861.3,2613.7,-6769.0,1
2026-04-01T21:51:37.387150+00:00,236.04,0.74,236.04,0.74,-93.8,436759864.4800939,9861.2,2611.2,-6768.9,1
2026-04-01T21:51:37.790591+00:00,236.05,0.77,236.05,0.77,-93.8,436759864.4800939,9861.1,2608.5,-6768.8,1
2026-04-01T21:51:38.154523+00:00,236.06,0.79,236.06,0.79,-93.8,436759864.4800939,9860.9,2606.0,-6768.7,1
2026-04-01T21:51:38.519923+00:00,236.06,0.81,236.06,0.81,-93.8,436759864.4800939,9860.8,2603.6,-6768.6,1
2026-04-01T21:51:38.927346+00:00,236.07,0.83,236.07,0.83,-93.8,436759864.4800939,9860.7,2600.8,-6768.5,1
2026-04-01T21:51:39.295202+00:00,236.08,0.85,236.08,0.85,-93.8,436759864.4800939,9860.6,2598.3,-6768.4,1
2026-04-01T21:51:39.659852+00:00,236.09,0.87,236.09,0.87,-93.8,436759864.4800939,9860.4,2595.9,-6768.4,1
2026-04-01T21:51:40.067935+00:00,236.10,0.89,236.1,0.89,-93.8,436759864.4800939,9860.3,2593.1,-6768.3,1
2026-04-01T21:51:40.431705+00:00,236.11,0.91,236.11,0.91,-93.8,436759864.4800939,9860.1,2590.6,-6768.2,1
2026-04-01T21:51:40.799928+00:00,236.11,0.93,236.11,0.93,-93.8,436759864.4800939,9860.0,2588.2,-6768.1,1
2026-04-01T21:51:41.207600+00:00,236.12,0.95,236.12,0.95,-93.8,436759864.4800939,9859.9,2585.4,-6768.0,1
2026-04-01T21:51:41.572006+00:00,236.13,0.97,236.13,0.97,-93.8,436759864.4800939,9859.7,2582.9,-6767.9,1
2026-04-01T21:51:41.939183+00:00,236.14,0.99,236.14,0.99,-93.8,436759864.4800939,9859.6,2580.4,-6767.8,1
2026-04-01T21:51:42.347484+00:00,236.15,1.01,236.15,1.01,-93.8,436759864.4800939,9859.4,2577.7,-6767.7,1
2026-04-01T21:51:42.712594+00:00,236.15,1.03,236.15,1.03,-93.8,436759864.4800939,9859.3,2575.2,-6767.6,1
2026-04-01T21:51:43.079901+00:00,236.16,1.05,236.16,1.05,-93.8,436759864.4800939,9859.1,2572.7,-6767.5,1
2026-04-01T21:51:43.487597+00:00,236.17,1.08,236.17,1.08,-93.8,436759864.4800939,9859.0,2570.0,-6767.3,1
2026-04-01T21:51:43.856407+00:00,236.18,1.10,236.18,1.1,-93.8,436759864.4800939,9858.8,2567.5,-6767.2,1
2026-04-01T21:51:44.219963+00:00,236.19,1.12,236.19,1.12,-93.8,436759864.4800939,9858.6,2565.0,-6767.1,1
2026-04-01T21:51:44.627867+00:00,236.20,1.14,236.2,1.14,-93.8,436759864.4800939,9858.5,2562.2,-6767.0,1
2026-04-01T21:51:44.995662+00:00,236.20,1.16,236.2,1.16,-93.8,436759864.4800939,9858.3,2559.8,-6766.9,1
2026-04-01T21:51:45.354621+00:00,236.21,1.18,236.21,1.18,-93.8,436759864.4800939,9858.2,2557.3,-6766.8,1
2026-04-01T21:51:45.762662+00:00,236.22,1.20,236.22,1.2,-93.8,436759864.4800939,9858.0,2554.6,-6766.7,1
2026-04-01T21:51:46.127653+00:00,236.23,1.22,236.23,1.22,-93.8,436759864.4800939,9857.8,2552.1,-6766.6,1
2026-04-01T21:51:46.491655+00:00,236.24,1.24,236.24,1.24,-93.8,436759864.4800939,9857.6,2549.6,-6766.5,1
2026-04-01T21:51:46.895163+00:00,236.25,1.27,236.25,1.27,-93.8,436759864.4800939,9857.5,2546.9,-6766.3,1
2026-04-01T21:51:47.259987+00:00,236.25,1.29,236.25,1.29,-93.8,436759864.4800939,9857.3,2544.4,-6766.2,1
2026-04-01T21:51:47.618516+00:00,236.26,1.31,236.26,1.31,-93.8,436759864.4800939,9857.1,2542.0,-6766.1,1
2026-04-01T21:51:48.026509+00:00,236.27,1.33,236.27,1.33,-93.8,436759864.4800939,9856.9,2539.2,-6766.0,1
2026-04-01T21:51:48.394035+00:00,236.28,1.35,236.28,1.35,-93.8,436759864.4800939,9856.8,2536.8,-6765.8,1
2026-04-01T21:51:48.756546+00:00,236.29,1.37,236.29,1.37,-93.8,436759864.4800939,9856.6,2534.3,-6765.7,1
2026-04-01T21:51:49.158646+00:00,236.30,1.40,236.3,1.4,-93.8,436759864.4800939,9856.4,2531.6,-6765.6,1
2026-04-01T21:51:49.522526+00:00,236.30,1.42,236.3,1.42,-93.8,436759864.4800939,9856.2,2529.1,-6765.5,1
2026-04-01T21:51:49.887871+00:00,236.31,1.44,236.31,1.44,-93.8,436759864.4800939,9856.0,2526.7,-6765.3,1
2026-04-01T21:51:50.295110+00:00,236.32,1.46,236.32,1.46,-93.8,436759864.4800939,9855.8,2523.9,-6765.2,1
2026-04-01T21:51:50.660086+00:00,236.33,1.48,236.33,1.48,-93.8,436759864.4800939,9855.6,2521.4,-6765.1,1
2026-04-01T21:51:51.027904+00:00,236.34,1.50,236.34,1.5,-93.8,436759864.4800939,9855.4,2518.9,-6764.9,1
2026-04-01T21:51:51.435597+00:00,236.35,1.53,236.35,1.53,-93.8,436759864.4800939,9855.2,2516.2,-6764.8,1
2026-04-01T21:51:51.803528+00:00,236.36,1.55,236.36,1.55,-93.8,436759864.4800939,9855.0,2513.7,-6764.6,1
2026-04-01T21:51:52.166589+00:00,236.36,1.57,236.36,1.57,-93.8,436759864.4800939,9854.8,2511.2,-6764.5,1
2026-04-01T21:51:52.574556+00:00,236.37,1.59,236.37,1.59,-93.8,436759864.4800939,9854.6,2508.5,-6764.4,1
2026-04-01T21:51:52.938518+00:00,236.38,1.61,236.38,1.61,-93.8,436759864.4800939,9854.4,2506.0,-6764.2,1
2026-04-01T21:51:53.298508+00:00,236.39,1.64,236.39,1.64,-93.8,436759864.4800939,9854.2,2503.5,-6764.1,1
2026-04-01T21:51:53.706959+00:00,236.40,1.66,236.4,1.66,-93.8,436759864.4800939,9854.0,2500.8,-6763.9,1
2026-04-01T21:51:54.071638+00:00,236.41,1.68,236.41,1.68,-93.8,436759864.4800939,9853.7,2498.4,-6763.8,1
2026-04-01T21:51:54.435633+00:00,236.42,1.70,236.42,1.7,-93.8,436759864.4800939,9853.5,2495.9,-6763.6,1
2026-04-01T21:51:54.838544+00:00,236.42,1.73,236.42,1.73,-93.8,436759864.4800939,9853.3,2493.2,-6763.5,1
2026-04-01T21:51:55.202734+00:00,236.43,1.75,236.43,1.75,-93.8,436759864.4800939,9853.1,2490.7,-6763.3,1
2026-04-01T21:51:55.566520+00:00,236.44,1.77,236.44,1.77,-93.8,436759864.4800939,9852.9,2488.2,-6763.2,1
2026-04-01T21:51:55.970521+00:00,236.45,1.79,236.45,1.79,-93.8,436759864.4800939,9852.6,2485.5,-6763.0,1
2026-04-01T21:51:56.335153+00:00,236.46,1.81,236.46,1.81,-93.8,436759864.4800939,9852.4,2483.0,-6762.9,1
2026-04-01T21:51:56.698724+00:00,236.47,1.84,236.47,1.84,-93.8,436759864.4800939,9852.2,2480.6,-6762.7,1
2026-04-01T21:51:57.103919+00:00,236.48,1.86,236.48,1.86,-93.8,436759864.4800939,9851.9,2477.8,-6762.5,1
2026-04-01T21:51:57.466542+00:00,236.49,1.88,236.49,1.88,-93.8,436759864.4800939,9851.7,2475.4,-6762.4,1
2026-04-01T21:51:57.830536+00:00,236.49,1.90,236.49,1.9,-93.8,436759864.4800939,9851.5,2472.9,-6762.2,1
2026-04-01T21:51:58.234824+00:00,236.50,1.93,236.5,1.93,-93.8,436759864.4800939,9851.2,2470.2,-6762.0,1
2026-04-01T21:51:58.598533+00:00,236.51,1.95,236.51,1.95,-93.8,436759864.4800939,9851.0,2467.7,-6761.9,1
2026-04-01T21:51:58.962539+00:00,236.52,1.97,236.52,1.97,-93.8,436759864.4800939,9850.7,2465.2,-6761.7,1
2026-04-01T21:51:59.370525+00:00,236.53,1.99,236.53,1.99,-93.8,436759864.4800939,9850.5,2462.5,-6761.5,1
2026-04-01T21:51:59.734908+00:00,236.54,2.02,236.54,2.02,-93.8,436759864.4800939,9850.2,2460.1,-6761.4,1
2026-04-01T21:52:00.094507+00:00,236.55,2.04,236.55,2.04,-93.8,436759864.4800939,9850.0,2457.6,-6761.2,1
2026-04-01T21:52:00.502529+00:00,236.56,2.06,236.56,2.06,-93.8,436759864.4800939,9849.7,2454.9,-6761.0,1
2026-04-01T21:52:00.866523+00:00,236.56,2.09,236.56,2.09,-93.8,436759864.4800939,9849.5,2452.4,-6760.8,1
2026-04-01T21:52:01.227282+00:00,236.57,2.11,236.57,2.11,-93.8,436759864.4800939,9849.2,2449.9,-6760.7,1
2026-04-01T21:52:01.634522+00:00,236.58,2.13,236.58,2.13,-93.8,436759864.4800939,9848.9,2447.2,-6760.5,1
2026-04-01T21:52:01.998550+00:00,236.59,2.15,236.59,2.15,-93.8,436759864.4800939,9848.7,2444.7,-6760.3,1
2026-04-01T21:52:02.363215+00:00,236.60,2.18,236.6,2.18,-93.8,436759864.4800939,9848.4,2442.3,-6760.1,1
2026-04-01T21:52:02.771642+00:00,236.61,2.20,236.61,2.2,-93.8,436759864.4800939,9848.1,2439.5,-6759.9,1
2026-04-01T21:52:03.140958+00:00,236.62,2.22,236.62,2.22,-93.8,436759864.4800939,9847.8,2437.1,-6759.7,1
2026-04-01T21:52:03.503023+00:00,236.63,2.25,236.63,2.25,-93.8,436759864.4800939,9847.6,2434.6,-6759.5,1
2026-04-01T21:52:03.911393+00:00,236.64,2.27,236.64,2.27,-93.8,436759864.4800939,9847.3,2431.8,-6759.3,1
2026-04-01T21:52:04.278542+00:00,236.65,2.29,236.65,2.29,-93.8,436759864.4800939,9847.0,2429.3,-6759.1,1
2026-04-01T21:52:04.642495+00:00,236.65,2.32,236.65,2.32,-93.8,436759864.4800939,9846.7,2426.9,-6759.0,1
2026-04-01T21:52:05.046558+00:00,236.66,2.34,236.66,2.34,-93.8,436759864.4800939,9846.4,2424.1,-6758.7,1
2026-04-01T21:52:05.410521+00:00,236.67,2.36,236.67,2.36,-93.8,436759864.4800939,9846.1,2421.7,-6758.6,1
2026-04-01T21:52:05.775230+00:00,236.68,2.39,236.68,2.39,-93.8,436759864.4800939,9845.9,2419.2,-6758.4,1
2026-04-01T21:52:06.178686+00:00,236.69,2.41,236.69,2.41,-93.8,436759864.4800939,9845.5,2416.5,-6758.1,1
2026-04-01T21:52:06.542511+00:00,236.70,2.43,236.7,2.43,-93.8,436759864.4800939,9845.3,2414.0,-6758.0,1
2026-04-01T21:52:06.906513+00:00,236.71,2.46,236.71,2.46,-93.8,436759864.4800939,9845.0,2411.6,-6757.8,1
2026-04-01T21:52:07.310542+00:00,236.72,2.48,236.72,2.48,-93.8,436759864.4800939,9844.7,2408.8,-6757.5,1
2026-04-01T21:52:07.679718+00:00,236.73,2.50,236.73,2.5,-93.8,436759864.4800939,9844.4,2406.4,-6757.3,1
2026-04-01T21:52:08.034599+00:00,236.74,2.53,236.74,2.53,-93.8,436759864.4800939,9844.1,2403.9,-6757.1,1
2026-04-01T21:52:08.442512+00:00,236.75,2.55,236.75,2.55,-93.8,436759864.4800939,9843.7,2401.2,-6756.9,1
2026-04-01T21:52:08.806554+00:00,236.76,2.58,236.76,2.58,-93.8,436759864.4800939,9843.4,2398.7,-6756.7,1
2026-04-01T21:52:09.170822+00:00,236.77,2.60,236.77,2.6,-93.8,436759864.4800939,9843.1,2396.3,-6756.5,1
2026-04-01T21:52:09.580958+00:00,236.78,2.62,236.78,2.62,-93.8,436759864.4800939,9842.8,2393.5,-6756.3,1
2026-04-01T21:52:09.943328+00:00,236.78,2.65,236.78,2.65,-93.8,436759864.4800939,9842.5,2391.1,-6756.0,1
2026-04-01T21:52:10.310631+00:00,236.79,2.67,236.79,2.67,-93.8,436759864.4800939,9842.2,2388.6,-6755.8,1
2026-04-01T21:52:10.714766+00:00,236.80,2.70,236.8,2.7,-93.8,436759864.4800939,9841.8,2385.8,-6755.6,1
2026-04-01T21:52:11.078544+00:00,236.81,2.72,236.81,2.72,-93.8,436759864.4800939,9841.5,2383.4,-6755.4,1
2026-04-01T21:52:11.442517+00:00,236.82,2.74,236.82,2.74,-93.8,436759864.4800939,9841.2,2380.9,-6755.1,1
2026-04-01T21:52:11.846573+00:00,236.83,2.77,236.83,2.77,-93.8,436759864.4800939,9840.8,2378.2,-6754.9,1
2026-04-01T21:52:12.210693+00:00,236.84,2.79,236.84,2.79,-93.8,436759864.4800939,9840.5,2375.7,-6754.7,1
2026-04-01T21:52:12.574502+00:00,236.85,2.81,236.85,2.81,-93.8,436759864.4800939,9840.2,2373.3,-6754.5,1
2026-04-01T21:52:12.978526+00:00,236.86,2.84,236.86,2.84,-93.8,436759864.4800939,9839.8,2370.5,-6754.2,1
2026-04-01T21:52:13.342558+00:00,236.87,2.86,236.87,2.86,-93.8,436759864.4800939,9839.5,2368.1,-6754.0,1
2026-04-01T21:52:13.706528+00:00,236.88,2.89,236.88,2.89,-93.8,436759864.4800939,9839.1,2365.6,-6753.7,1
2026-04-01T21:52:14.110507+00:00,236.89,2.91,236.89,2.91,-93.8,436759864.4800939,9838.8,2362.9,-6753.5,1
2026-04-01T21:52:14.474564+00:00,236.90,2.94,236.9,2.94,-93.8,436759864.4800939,9838.4,2360.4,-6753.3,1
2026-04-01T21:52:14.838666+00:00,236.91,2.96,236.91,2.96,-93.8,436759864.4800939,9838.1,2358.0,-6753.0,1
2026-04-01T21:52:15.243246+00:00,236.92,2.99,236.92,2.99,-93.8,436759864.4800939,9837.7,2355.2,-6752.8,1
2026-04-01T21:52:15.610564+00:00,236.93,3.01,236.93,3.01,-93.8,436759864.4800939,9837.3,2352.8,-6752.5,1
2026-04-01T21:52:15.974638+00:00,236.94,3.03,236.94,3.03,-93.8,436759864.4800939,9837.0,2350.3,-6752.3,1
2026-04-01T21:52:16.382568+00:00,236.95,3.06,236.95,3.06,-93.8,436759864.4800939,9836.6,2347.6,-6752.0,1
2026-04-01T21:52:16.746619+00:00,236.96,3.08,236.96,3.08,-93.8,436759864.4800939,9836.2,2345.1,-6751.8,1
2026-04-01T21:52:17.110621+00:00,236.96,3.11,236.96,3.11,-93.8,436759864.4800939,9835.9,2342.6,-6751.5,1
2026-04-01T21:52:17.518643+00:00,236.98,3.13,236.98,3.13,-93.8,436759864.4800939,9835.5,2339.9,-6751.2,1
2026-04-01T21:52:17.886830+00:00,236.98,3.16,236.98,3.16,-93.8,436759864.4800939,9835.1,2337.4,-6751.0,1
2026-04-01T21:52:18.246599+00:00,236.99,3.18,236.99,3.18,-93.8,436759864.4800939,9834.7,2335.0,-6750.7,1
2026-04-01T21:52:18.650567+00:00,237.00,3.21,237.0,3.21,-93.8,436759864.4800939,9834.3,2332.2,-6750.4,1
2026-04-01T21:52:19.014689+00:00,237.01,3.23,237.01,3.23,-93.8,436759864.4800939,9834.0,2329.8,-6750.2,1
2026-04-01T21:52:19.381500+00:00,237.02,3.26,237.02,3.26,-93.8,436759864.4800939,9833.6,2327.3,-6749.9,1
2026-04-01T21:52:19.786585+00:00,237.03,3.28,237.03,3.28,-93.8,436759864.4800939,9833.2,2324.6,-6749.6,1
2026-04-01T21:52:20.150594+00:00,237.04,3.31,237.04,3.31,-93.8,436759864.4800939,9832.8,2322.1,-6749.4,1
2026-04-01T21:52:20.514595+00:00,237.05,3.33,237.05,3.33,-93.8,436759864.4800939,9832.4,2319.7,-6749.1,1
2026-04-01T21:52:20.918685+00:00,237.06,3.36,237.06,3.36,-93.8,436759864.4800939,9832.0,2316.9,-6748.8,1
2026-04-01T21:52:21.282700+00:00,237.07,3.38,237.07,3.38,-93.8,436759864.4800939,9831.6,2314.5,-6748.6,1
2026-04-01T21:52:21.646528+00:00,237.08,3.41,237.08,3.41,-93.8,436759864.4800939,9831.2,2312.0,-6748.3,1
2026-04-01T21:52:22.050549+00:00,237.09,3.43,237.09,3.43,-93.8,436759864.4800939,9830.7,2309.3,-6748.0,1
2026-04-01T21:52:22.418576+00:00,237.10,3.46,237.1,3.46,-93.8,436759864.4800939,9830.3,2306.8,-6747.7,1
2026-04-01T21:52:22.782571+00:00,237.11,3.48,237.11,3.48,-93.8,436759864.4800939,9829.9,2304.4,-6747.4,1
2026-04-01T21:52:23.185512+00:00,237.12,3.51,237.12,3.51,-93.8,436759864.4800939,9829.5,2301.6,-6747.1,1
2026-04-01T21:52:23.549473+00:00,237.13,3.53,237.13,3.53,-93.8,436759864.4800939,9829.1,2299.2,-6746.8,1
2026-04-01T21:52:23.914572+00:00,237.14,3.56,237.14,3.56,-93.8,436759864.4800939,9828.7,2296.7,-6746.6,1
2026-04-01T21:52:24.323750+00:00,237.15,3.58,237.15,3.58,-93.8,436759864.4800939,9828.2,2294.0,-6746.2,1
2026-04-01T21:52:24.687195+00:00,237.16,3.61,237.16,3.61,-93.8,436759864.4800939,9827.8,2291.5,-6746.0,1
2026-04-01T21:52:25.051124+00:00,237.17,3.63,237.17,3.63,-93.8,436759864.4800939,9827.4,2289.0,-6745.7,1
2026-04-01T21:52:25.458710+00:00,237.18,3.66,237.18,3.66,-93.8,436759864.4800939,9826.9,2286.3,-6745.3,1
2026-04-01T21:52:25.823318+00:00,237.19,3.69,237.19,3.69,-93.8,436759864.4800939,9826.5,2283.8,-6745.1,1
2026-04-01T21:52:26.190831+00:00,237.20,3.71,237.2,3.71,-93.8,436759864.4800939,9826.0,2281.4,-6744.8,1
2026-04-01T21:52:26.594527+00:00,237.21,3.74,237.21,3.74,-93.8,436759864.4800939,9825.6,2278.6,-6744.4,1
2026-04-01T21:52:26.958554+00:00,237.22,3.76,237.22,3.76,-93.8,436759864.4800939,9825.1,2276.2,-6744.1,1
2026-04-01T21:52:27.322524+00:00,237.23,3.79,237.23,3.79,-93.8,436759864.4800939,9824.7,2273.7,-6743.8,1
2026-04-01T21:52:27.726583+00:00,237.25,3.81,237.25,3.81,-93.8,436759864.4800939,9824.2,2271.0,-6743.5,1
2026-04-01T21:52:28.094670+00:00,237.26,3.84,237.26,3.84,-93.8,436759864.4800939,9823.8,2268.5,-6743.2,1
2026-04-01T21:52:28.454537+00:00,237.27,3.86,237.27,3.86,-93.8,436759864.4800939,9823.3,2266.1,-6742.9,1
2026-04-01T21:52:28.858547+00:00,237.28,3.89,237.28,3.89,-93.8,436759864.4800939,9822.8,2263.4,-6742.5,1
2026-04-01T21:52:29.222558+00:00,237.29,3.92,237.29,3.92,-93.8,436759864.4800939,9822.4,2260.9,-6742.2,1
2026-04-01T21:52:29.586538+00:00,237.30,3.94,237.3,3.94,-93.8,436759864.4800939,9821.9,2258.4,-6741.9,1
2026-04-01T21:52:29.994525+00:00,237.31,3.97,237.31,3.97,-93.8,436759864.4800939,9821.4,2255.7,-6741.6,1
2026-04-01T21:52:30.359661+00:00,237.32,3.99,237.32,3.99,-93.8,436759864.4800939,9820.9,2253.3,-6741.2,1
2026-04-01T21:52:30.722669+00:00,237.33,4.02,237.33,4.02,-93.8,436759864.4800939,9820.5,2250.8,-6740.9,1
2026-04-01T21:52:31.131859+00:00,237.34,4.05,237.34,4.05,-93.8,436759864.4800939,9819.9,2248.1,-6740.6,1
2026-04-01T21:52:31.499484+00:00,237.35,4.07,237.35,4.07,-93.8,436759864.4800939,9819.5,2245.6,-6740.2,1
2026-04-01T21:52:31.862537+00:00,237.36,4.10,237.36,4.1,-93.8,436759864.4800939,9819.0,2243.1,-6739.9,1
2026-04-01T21:52:32.266623+00:00,237.37,4.13,237.37,4.13,-93.8,436759864.4800939,9818.5,2240.4,-6739.5,1
2026-04-01T21:52:32.630541+00:00,237.38,4.15,237.38,4.15,-93.8,436759864.4800939,9818.0,2237.9,-6739.2,1
2026-04-01T21:52:32.994520+00:00,237.39,4.18,237.39,4.18,-93.8,436759864.4800939,9817.5,2235.5,-6738.9,1
2026-04-01T21:52:33.398540+00:00,237.40,4.21,237.4,4.21,-93.8,436759864.4800939,9816.9,2232.8,-6738.5,1
2026-04-01T21:52:33.762649+00:00,237.41,4.23,237.41,4.23,-93.8,436759864.4800939,9816.5,2230.3,-6738.2,1
2026-04-01T21:52:34.127517+00:00,237.42,4.26,237.42,4.26,-93.8,436759864.4800939,9816.0,2227.8,-6737.8,1
2026-04-01T21:52:34.530518+00:00,237.43,4.29,237.43,4.29,-93.8,436759864.4800939,9815.4,2225.1,-6737.5,1
2026-04-01T21:52:34.894511+00:00,237.44,4.31,237.44,4.31,-93.8,436759864.4800939,9814.9,2222.7,-6737.1,1
2026-04-01T21:52:35.258750+00:00,237.45,4.34,237.45,4.34,-93.8,436759864.4800939,9814.4,2220.2,-6736.8,1
2026-04-01T21:52:35.722533+00:00,237.47,4.36,237.47,4.36,-93.8,436759813.8434812,9813.8,2217.5,-6736.4,1
2026-04-01T21:52:36.086520+00:00,237.48,4.39,237.48,4.39,-93.8,436759813.8434812,9813.2,2214.6,-6736.0,1
2026-04-01T21:52:36.450517+00:00,237.49,4.42,237.49,4.42,-93.8,436759813.8434812,9812.7,2212.2,-6735.6,1
2026-04-01T21:52:36.858805+00:00,237.50,4.45,237.5,4.45,-93.8,436759813.8434812,9812.2,2209.5,-6735.2,1
2026-04-01T21:52:37.223677+00:00,237.51,4.48,237.51,4.48,-93.8,436759813.8434812,9811.6,2207.0,-6734.9,1
2026-04-01T21:52:37.587902+00:00,237.52,4.50,237.52,4.5,-93.8,436759813.8434812,9811.1,2204.6,-6734.5,1
2026-04-01T21:52:37.995559+00:00,237.53,4.53,237.53,4.53,-93.8,436759813.8434812,9810.5,2201.8,-6734.1,1
2026-04-01T21:52:38.367171+00:00,237.54,4.56,237.54,4.56,-93.8,436759813.8434812,9810.0,2199.3,-6733.7,1
2026-04-01T21:52:38.728071+00:00,237.55,4.58,237.55,4.58,-93.8,436759813.8434812,9809.4,2196.9,-6733.4,1
2026-04-01T21:52:39.135883+00:00,237.57,4.61,237.57,4.61,-93.8,436759813.8434812,9808.8,2194.1,-6732.9,1
2026-04-01T21:52:39.503558+00:00,237.58,4.64,237.58,4.64,-93.8,436759813.8434812,9808.3,2191.7,-6732.6,1
2026-04-01T21:52:39.872702+00:00,237.59,4.66,237.59,4.66,-93.8,436759813.8434812,9807.7,2189.2,-6732.2,1
2026-04-01T21:52:40.279217+00:00,237.60,4.69,237.6,4.69,-93.8,436759813.8434812,9807.1,2186.5,-6731.8,1
2026-04-01T21:52:40.643604+00:00,237.61,4.72,237.61,4.72,-93.8,436759813.8434812,9806.6,2184.0,-6731.4,1
2026-04-01T21:52:41.011595+00:00,237.62,4.75,237.62,4.75,-93.8,436759813.8434812,9806.0,2181.5,-6731.0,1
2026-04-01T21:52:41.419875+00:00,237.63,4.78,237.63,4.78,-93.8,436759813.8434812,9805.4,2178.8,-6730.6,1
2026-04-01T21:52:41.789129+00:00,237.64,4.80,237.64,4.8,-93.8,436759813.8434812,9804.8,2176.3,-6730.2,1
2026-04-01T21:52:42.151859+00:00,237.65,4.83,237.65,4.83,-93.8,436759813.8434812,9804.2,2173.8,-6729.8,1
2026-04-01T21:52:42.563579+00:00,237.67,4.86,237.67,4.86,-93.8,436759813.8434812,9803.6,2171.1,-6729.4,1
2026-04-01T21:52:42.927844+00:00,237.68,4.88,237.68,4.88,-93.8,436759813.8434812,9803.0,2168.6,-6729.0,1
2026-04-01T21:52:43.295212+00:00,237.69,4.91,237.69,4.91,-93.8,436759813.8434812,9802.4,2166.1,-6728.6,1
2026-04-01T21:52:43.704601+00:00,237.70,4.94,237.7,4.94,-93.8,436759813.8434812,9801.8,2163.4,-6728.1,1
2026-04-01T21:52:44.067580+00:00,237.71,4.97,237.71,4.97,-93.8,436759813.8434812,9801.2,2160.9,-6727.7,1
2026-04-01T21:52:44.435564+00:00,237.72,4.99,237.72,4.99,-93.8,436759813.8434812,9800.6,2158.5,-6727.3,1
2026-04-01T21:52:44.844037+00:00,237.73,5.02,237.73,5.02,-93.8,436759813.8434812,9799.9,2155.7,-6726.8,1
2026-04-01T21:52:45.206528+00:00,237.74,5.05,237.74,5.05,-93.8,436759813.8434812,9799.4,2153.3,-6726.4,1
2026-04-01T21:52:45.570537+00:00,237.76,5.08,237.76,5.08,-93.8,436759813.8434812,9798.8,2150.8,-6726.0,1
2026-04-01T21:52:45.974513+00:00,237.77,5.11,237.77,5.11,-93.8,436759813.8434812,9798.1,2148.1,-6725.6,1
2026-04-01T21:52:46.338536+00:00,237.78,5.13,237.78,5.13,-93.8,436759813.8434812,9797.5,2145.7,-6725.1,1
2026-04-01T21:52:46.703799+00:00,237.79,5.16,237.79,5.16,-93.8,436759813.8434812,9796.9,2143.2,-6724.7,1
2026-04-01T21:52:47.106519+00:00,237.80,5.19,237.8,5.19,-93.8,436759813.8434812,9796.2,2140.5,-6724.3,1
2026-04-01T21:52:47.470519+00:00,237.81,5.22,237.81,5.22,-93.8,436759813.8434812,9795.6,2138.1,-6723.8,1
2026-04-01T21:52:47.830511+00:00,237.82,5.25,237.82,5.25,-93.8,436759813.8434812,9794.9,2135.6,-6723.4,1
2026-04-01T21:52:48.238928+00:00,237.84,5.28,237.84,5.28,-93.8,436759813.8434812,9794.2,2132.9,-6722.9,1
2026-04-01T21:52:48.602554+00:00,237.85,5.30,237.85,5.3,-93.8,436759813.8434812,9793.6,2130.4,-6722.5,1
2026-04-01T21:52:48.966518+00:00,237.86,5.33,237.86,5.33,-93.8,436759813.8434812,9793.0,2128.0,-6722.1,1
2026-04-01T21:52:49.370511+00:00,237.87,5.36,237.87,5.36,-93.8,436759813.8434812,9792.3,2125.3,-6721.6,1
2026-04-01T21:52:49.734705+00:00,237.88,5.39,237.88,5.39,-93.8,436759813.8434812,9791.6,2122.8,-6721.1,1
2026-04-01T21:52:50.099979+00:00,237.89,5.41,237.89,5.41,-93.8,436759813.8434812,9791.0,2120.4,-6720.7,1
2026-04-01T21:52:50.511582+00:00,237.91,5.44,237.91,5.44,-93.8,436759813.8434812,9790.3,2117.6,-6720.2,1
2026-04-01T21:52:50.875156+00:00,237.92,5.47,237.92,5.47,-93.8,436759813.8434812,9789.6,2115.2,-6719.7,1
2026-04-01T21:52:51.243789+00:00,237.93,5.50,237.93,5.5,-93.8,436759813.8434812,9788.9,2112.7,-6719.3,1
2026-04-01T21:52:51.651927+00:00,237.94,5.53,237.94,5.53,-93.8,436759813.8434812,9788.2,2110.0,-6718.8,1
2026-04-01T21:52:52.015869+00:00,237.95,5.56,237.95,5.56,-93.8,436759813.8434812,9787.5,2107.5,-6718.3,1
2026-04-01T21:52:52.383560+00:00,237.96,5.59,237.96,5.59,-93.8,436759813.8434812,9786.9,2105.0,-6717.9,1
2026-04-01T21:52:52.791724+00:00,237.98,5.62,237.98,5.62,-93.8,436759813.8434812,9786.1,2102.3,-6717.3,1
2026-04-01T21:52:53.161774+00:00,237.99,5.64,237.99,5.64,-93.8,436759813.8434812,9785.4,2099.9,-6716.9,1
2026-04-01T21:52:53.523875+00:00,238.00,5.67,238.0,5.67,-93.8,436759813.8434812,9784.7,2097.4,-6716.4,1
2026-04-01T21:52:53.931379+00:00,238.01,5.70,238.01,5.7,-93.8,436759813.8434812,9784.0,2094.6,-6715.9,1
2026-04-01T21:52:54.299198+00:00,238.02,5.73,238.02,5.73,-93.8,436759813.8434812,9783.3,2092.2,-6715.4,1
2026-04-01T21:52:54.668973+00:00,238.04,5.76,238.04,5.76,-93.8,436759813.8434812,9782.6,2089.7,-6714.9,1
2026-04-01T21:52:55.076777+00:00,238.05,5.79,238.05,5.79,-93.8,436759813.8434812,9781.8,2087.0,-6714.4,1
2026-04-01T21:52:55.439887+00:00,238.06,5.82,238.06,5.82,-93.8,436759813.8434812,9781.1,2084.5,-6713.9,1
2026-04-01T21:52:55.807263+00:00,238.07,5.85,238.07,5.85,-93.8,436759813.8434812,9780.4,2082.0,-6713.4,1
2026-04-01T21:52:56.215878+00:00,238.09,5.88,238.09,5.88,-93.8,436759813.8434812,9779.6,2079.3,-6712.9,1
2026-04-01T21:52:56.579860+00:00,238.10,5.91,238.1,5.91,-93.8,436759813.8434812,9778.9,2076.9,-6712.4,1
2026-04-01T21:52:56.947374+00:00,238.11,5.93,238.11,5.93,-93.8,436759813.8434812,9778.1,2074.4,-6711.9,1
2026-04-01T21:52:57.354238+00:00,238.12,5.97,238.12,5.97,-93.8,436759813.8434812,9777.3,2071.7,-6711.3,1
2026-04-01T21:52:57.719663+00:00,238.13,5.99,238.13,5.99,-93.8,436759813.8434812,9776.6,2069.2,-6710.8,1
2026-04-01T21:52:58.087861+00:00,238.15,6.02,238.15,6.02,-93.8,436759813.8434812,9775.9,2066.7,-6710.3,1
2026-04-01T21:52:58.495575+00:00,238.16,6.05,238.16,6.05,-93.8,436759813.8434812,9775.0,2064.0,-6709.7,1
2026-04-01T21:52:58.863562+00:00,238.17,6.08,238.17,6.08,-93.8,436759813.8434812,9774.3,2061.6,-6709.2,1
2026-04-01T21:52:59.228328+00:00,238.18,6.11,238.18,6.11,-93.8,436759813.8434812,9773.5,2059.1,-6708.7,1
2026-04-01T21:52:59.635939+00:00,238.20,6.14,238.2,6.14,-93.8,436759813.8434812,9772.7,2056.4,-6708.1,1
2026-04-01T21:53:00.003455+00:00,238.21,6.17,238.21,6.17,-93.8,436759813.8434812,9771.9,2053.9,-6707.6,1
2026-04-01T21:53:00.367652+00:00,238.22,6.20,238.22,6.2,-93.8,436759813.8434812,9771.2,2051.4,-6707.1,1
2026-04-01T21:53:00.776559+00:00,238.23,6.23,238.23,6.23,-93.8,436759813.8434812,9770.3,2048.7,-6706.5,1
2026-04-01T21:53:01.143853+00:00,238.25,6.26,238.25,6.26,-93.8,436759813.8434812,9769.6,2046.2,-6706.0,1
2026-04-01T21:53:01.507915+00:00,238.26,6.29,238.26,6.29,-93.8,436759813.8434812,9768.8,2043.8,-6705.4,1
2026-04-01T21:53:01.915880+00:00,238.27,6.32,238.27,6.32,-93.8,436759813.8434812,9767.9,2041.1,-6704.9,1
2026-04-01T21:53:02.283898+00:00,238.28,6.35,238.28,6.35,-93.8,436759813.8434812,9767.1,2038.6,-6704.3,1
2026-04-01T21:53:02.648816+00:00,238.30,6.38,238.3,6.38,-93.8,436759813.8434812,9766.3,2036.2,-6703.8,1
2026-04-01T21:53:03.060679+00:00,238.31,6.41,238.31,6.41,-93.8,436759813.8434812,9765.5,2033.4,-6703.2,1
2026-04-01T21:53:03.422554+00:00,238.32,6.44,238.32,6.44,-93.8,436759813.8434812,9764.7,2031.0,-6702.6,1
2026-04-01T21:53:03.786657+00:00,238.33,6.47,238.33,6.47,-93.8,436759813.8434812,9763.9,2028.5,-6702.1,1
2026-04-01T21:53:04.250779+00:00,238.35,6.50,238.35,6.5,-93.8,436759762.96003056,9763.0,2025.8,-6701.5,1
2026-04-01T21:53:04.614523+00:00,238.36,6.54,238.36,6.54,-93.8,436759762.96003056,9762.0,2022.9,-6700.8,1
2026-04-01T21:53:04.978558+00:00,238.37,6.57,238.37,6.57,-93.8,436759762.96003056,9761.2,2020.5,-6700.3,1
2026-04-01T21:53:05.382546+00:00,238.39,6.60,238.39,6.6,-93.8,436759762.96003056,9760.3,2017.8,-6699.6,1
2026-04-01T21:53:05.746639+00:00,238.40,6.63,238.4,6.63,-93.8,436759762.96003056,9759.5,2015.4,-6699.1,1
2026-04-01T21:53:06.110521+00:00,238.41,6.66,238.41,6.66,-93.8,436759762.96003056,9758.7,2012.9,-6698.5,1
2026-04-01T21:53:06.518519+00:00,238.43,6.69,238.43,6.69,-93.8,436759762.96003056,9757.7,2010.2,-6697.9,1
2026-04-01T21:53:06.882585+00:00,238.44,6.72,238.44,6.72,-93.8,436759762.96003056,9756.9,2007.7,-6697.3,1
2026-04-01T21:53:07.246987+00:00,238.45,6.75,238.45,6.75,-93.8,436759762.96003056,9756.1,2005.3,-6696.7,1
2026-04-01T21:53:07.650522+00:00,238.47,6.78,238.47,6.78,-93.8,436759762.96003056,9755.1,2002.6,-6696.1,1
2026-04-01T21:53:08.014515+00:00,238.48,6.81,238.48,6.81,-93.8,436759762.96003056,9754.3,2000.2,-6695.5,1
2026-04-01T21:53:08.379895+00:00,238.49,6.84,238.49,6.84,-93.8,436759762.96003056,9753.4,1997.8,-6694.9,1
2026-04-01T21:53:08.787583+00:00,238.51,6.87,238.51,6.87,-93.8,436759762.96003056,9752.4,1995.0,-6694.2,1
2026-04-01T21:53:09.151888+00:00,238.52,6.90,238.52,6.9,-93.8,436759762.96003056,9751.6,1992.6,-6693.6,1
2026-04-01T21:53:09.519573+00:00,238.53,6.93,238.53,6.93,-93.8,436759762.96003056,9750.7,1990.1,-6693.0,1
2026-04-01T21:53:09.927668+00:00,238.54,6.96,238.54,6.96,-93.8,436759762.96003056,9749.7,1987.4,-6692.4,1
2026-04-01T21:53:10.295272+00:00,238.56,6.99,238.56,6.99,-93.8,436759762.96003056,9748.8,1984.9,-6691.8,1
2026-04-01T21:53:10.659919+00:00,238.57,7.02,238.57,7.02,-93.8,436759762.96003056,9747.9,1982.5,-6691.2,1
2026-04-01T21:53:11.067900+00:00,238.58,7.06,238.58,7.06,-93.8,436759762.96003056,9747.0,1979.8,-6690.5,1
2026-04-01T21:53:11.435675+00:00,238.60,7.09,238.6,7.09,-93.8,436759762.96003056,9746.0,1977.3,-6689.9,1
2026-04-01T21:53:11.794731+00:00,238.61,7.12,238.61,7.12,-93.8,436759762.96003056,9745.2,1974.9,-6689.2,1
2026-04-01T21:53:12.204379+00:00,238.63,7.15,238.63,7.15,-93.8,436759762.96003056,9744.1,1972.2,-6688.5,1
2026-04-01T21:53:12.566522+00:00,238.64,7.18,238.64,7.18,-93.8,436759762.96003056,9743.2,1969.7,-6687.9,1
2026-04-01T21:53:12.930537+00:00,238.65,7.21,238.65,7.21,-93.8,436759762.96003056,9742.3,1967.3,-6687.3,1
2026-04-01T21:53:13.334549+00:00,238.67,7.25,238.67,7.25,-93.8,436759762.96003056,9741.3,1964.6,-6686.6,1
2026-04-01T21:53:13.698794+00:00,238.68,7.28,238.68,7.28,-93.8,436759762.96003056,9740.4,1962.1,-6686.0,1
2026-04-01T21:53:14.062517+00:00,238.69,7.31,238.69,7.31,-93.8,436759762.96003056,9739.4,1959.7,-6685.3,1
2026-04-01T21:53:14.466552+00:00,238.71,7.34,238.71,7.34,-93.8,436759762.96003056,9738.4,1957.0,-6684.6,1
2026-04-01T21:53:14.830729+00:00,238.72,7.37,238.72,7.37,-93.8,436759762.96003056,9737.5,1954.6,-6684.0,1
2026-04-01T21:53:15.194690+00:00,238.73,7.40,238.73,7.4,-93.8,436759762.96003056,9736.5,1952.1,-6683.3,1
2026-04-01T21:53:15.598543+00:00,238.75,7.43,238.75,7.43,-93.8,436759762.96003056,9735.5,1949.4,-6682.6,1
2026-04-01T21:53:15.962515+00:00,238.76,7.46,238.76,7.46,-93.8,436759762.96003056,9734.5,1947.0,-6681.9,1
2026-04-01T21:53:16.327900+00:00,238.77,7.50,238.77,7.5,-93.8,436759762.96003056,9733.5,1944.6,-6681.3,1
2026-04-01T21:53:16.735974+00:00,238.79,7.53,238.79,7.53,-93.8,436759762.96003056,9732.5,1941.9,-6680.5,1
2026-04-01T21:53:17.103897+00:00,238.80,7.56,238.8,7.56,-93.8,436759762.96003056,9731.5,1939.4,-6679.9,1
2026-04-01T21:53:17.467884+00:00,238.82,7.59,238.82,7.59,-93.8,436759762.96003056,9730.5,1937.0,-6679.2,1
2026-04-01T21:53:17.874518+00:00,238.83,7.63,238.83,7.63,-93.8,436759762.96003056,9729.4,1934.3,-6678.4,1
2026-04-01T21:53:18.238511+00:00,238.84,7.66,238.84,7.66,-93.8,436759762.96003056,9728.4,1931.8,-6677.7,1
2026-04-01T21:53:18.602529+00:00,238.86,7.69,238.86,7.69,-93.8,436759762.96003056,9727.4,1929.4,-6677.1,1
2026-04-01T21:53:19.006519+00:00,238.87,7.72,238.87,7.72,-93.8,436759762.96003056,9726.3,1926.7,-6676.3,1
2026-04-01T21:53:19.374057+00:00,238.89,7.75,238.89,7.75,-93.8,436759762.96003056,9725.3,1924.3,-6675.6,1
2026-04-01T21:53:19.734525+00:00,238.90,7.78,238.9,7.78,-93.8,436759762.96003056,9724.3,1921.8,-6674.9,1
2026-04-01T21:53:20.138523+00:00,238.91,7.82,238.91,7.82,-93.8,436759762.96003056,9723.2,1919.1,-6674.1,1
2026-04-01T21:53:20.502516+00:00,238.93,7.85,238.93,7.85,-93.8,436759762.96003056,9722.2,1916.7,-6673.4,1
2026-04-01T21:53:20.866944+00:00,238.94,7.88,238.94,7.88,-93.8,436759762.96003056,9721.1,1914.3,-6672.7,1
2026-04-01T21:53:21.270674+00:00,238.96,7.92,238.96,7.92,-93.8,436759762.96003056,9720.0,1911.6,-6672.0,1
2026-04-01T21:53:21.635194+00:00,238.97,7.95,238.97,7.95,-93.8,436759762.96003056,9718.9,1909.2,-6671.2,1
2026-04-01T21:53:21.998525+00:00,238.98,7.98,238.98,7.98,-93.8,436759762.96003056,9717.9,1906.7,-6670.5,1
2026-04-01T21:53:22.402528+00:00,239.00,8.01,239.0,8.01,-93.8,436759762.96003056,9716.7,1904.0,-6669.7,1
2026-04-01T21:53:22.766803+00:00,239.01,8.04,239.01,8.04,-93.8,436759762.96003056,9715.7,1901.6,-6669.0,1
2026-04-01T21:53:23.131874+00:00,239.03,8.08,239.03,8.08,-93.8,436759762.96003056,9714.6,1899.2,-6668.3,1
2026-04-01T21:53:23.539873+00:00,239.04,8.11,239.04,8.11,-93.8,436759762.96003056,9713.4,1896.5,-6667.5,1
2026-04-01T21:53:23.908659+00:00,239.06,8.14,239.06,8.14,-93.8,436759762.96003056,9712.3,1894.0,-6666.7,1
2026-04-01T21:53:24.330575+00:00,239.07,8.18,239.07,8.18,-93.8,436759711.66257524,9711.1,1891.2,-6665.8,1
2026-04-01T21:53:24.739829+00:00,239.09,8.22,239.09,8.22,-93.8,436759711.66257524,9709.9,1888.5,-6665.0,1
2026-04-01T21:53:25.098524+00:00,239.10,8.25,239.1,8.25,-93.8,436759711.66257524,9708.8,1886.0,-6664.3,1
2026-04-01T21:53:25.462508+00:00,239.12,8.28,239.12,8.28,-93.8,436759711.66257524,9707.7,1883.6,-6663.5,1
2026-04-01T21:53:25.866665+00:00,239.13,8.32,239.13,8.32,-93.8,436759711.66257524,9706.4,1880.9,-6662.7,1
2026-04-01T21:53:26.234658+00:00,239.15,8.35,239.15,8.35,-93.8,436759711.66257524,9705.3,1878.5,-6661.9,1
2026-04-01T21:53:26.598520+00:00,239.16,8.38,239.16,8.38,-93.8,436759711.66257524,9704.2,1876.0,-6661.1,1
2026-04-01T21:53:27.002516+00:00,239.18,8.42,239.18,8.42,-93.8,436759711.66257524,9703.0,1873.4,-6660.3,1
2026-04-01T21:53:27.366519+00:00,239.19,8.45,239.19,8.45,-93.8,436759711.66257524,9701.8,1870.9,-6659.5,1
2026-04-01T21:53:27.730649+00:00,239.21,8.48,239.21,8.48,-93.8,436759711.66257524,9700.7,1868.5,-6658.7,1
2026-04-01T21:53:28.134527+00:00,239.22,8.52,239.22,8.52,-93.8,436759711.66257524,9699.4,1865.8,-6657.9,1
2026-04-01T21:53:28.498541+00:00,239.24,8.55,239.24,8.55,-93.8,436759711.66257524,9698.3,1863.4,-6657.1,1
2026-04-01T21:53:28.862528+00:00,239.25,8.58,239.25,8.58,-93.8,436759711.66257524,9697.1,1861.0,-6656.3,1
2026-04-01T21:53:29.266769+00:00,239.27,8.62,239.27,8.62,-93.8,436759711.66257524,9695.9,1858.3,-6655.4,1
2026-04-01T21:53:29.639696+00:00,239.28,8.65,239.28,8.65,-93.8,436759711.66257524,9694.7,1855.9,-6654.6,1
2026-04-01T21:53:30.003396+00:00,239.30,8.68,239.3,8.68,-93.8,436759711.66257524,9693.5,1853.4,-6653.8,1
2026-04-01T21:53:30.411562+00:00,239.31,8.72,239.31,8.72,-93.8,436759711.66257524,9692.2,1850.7,-6652.9,1
2026-04-01T21:53:30.780631+00:00,239.33,8.75,239.33,8.75,-93.8,436759711.66257524,9691.0,1848.2,-6652.1,1
2026-04-01T21:53:31.144983+00:00,239.34,8.79,239.34,8.79,-93.8,436759711.66257524,9689.8,1845.8,-6651.2,1
2026-04-01T21:53:31.551876+00:00,239.36,8.82,239.36,8.82,-93.8,436759711.66257524,9688.5,1843.1,-6650.3,1
2026-04-01T21:53:31.916095+00:00,239.37,8.86,239.37,8.86,-93.8,436759711.66257524,9687.2,1840.7,-6649.5,1
2026-04-01T21:53:32.283407+00:00,239.39,8.89,239.39,8.89,-93.8,436759711.66257524,9686.0,1838.2,-6648.7,1
2026-04-01T21:53:32.691865+00:00,239.41,8.93,239.41,8.93,-93.8,436759711.66257524,9684.7,1835.5,-6647.7,1
2026-04-01T21:53:33.060672+00:00,239.42,8.96,239.42,8.96,-93.8,436759711.66257524,9683.4,1833.1,-6646.9,1
2026-04-01T21:53:33.422524+00:00,239.44,8.99,239.44,8.99,-93.8,436759711.66257524,9682.2,1830.7,-6646.0,1
2026-04-01T21:53:33.826561+00:00,239.45,9.03,239.45,9.03,-93.8,436759711.66257524,9680.8,1828.0,-6645.1,1
2026-04-01T21:53:34.190822+00:00,239.47,9.06,239.47,9.06,-93.8,436759711.66257524,9679.6,1825.6,-6644.2,1
2026-04-01T21:53:34.554519+00:00,239.48,9.10,239.48,9.1,-93.8,436759711.66257524,9678.3,1823.1,-6643.4,1
2026-04-01T21:53:34.958532+00:00,239.50,9.13,239.5,9.13,-93.8,436759711.66257524,9676.9,1820.5,-6642.4,1
2026-04-01T21:53:35.322532+00:00,239.51,9.17,239.51,9.17,-93.8,436759711.66257524,9675.7,1818.0,-6641.5,1
2026-04-01T21:53:35.686690+00:00,239.53,9.20,239.53,9.2,-93.8,436759711.66257524,9674.4,1815.6,-6640.7,1
2026-04-01T21:53:36.090511+00:00,239.55,9.24,239.55,9.24,-93.8,436759711.66257524,9673.0,1812.9,-6639.7,1
2026-04-01T21:53:36.454534+00:00,239.56,9.27,239.56,9.27,-93.8,436759711.66257524,9671.7,1810.5,-6638.8,1
2026-04-01T21:53:36.818558+00:00,239.58,9.31,239.58,9.31,-93.8,436759711.66257524,9670.4,1808.1,-6637.9,1
2026-04-01T21:53:37.222654+00:00,239.59,9.34,239.59,9.34,-93.8,436759711.66257524,9669.0,1805.4,-6636.9,1
2026-04-01T21:53:37.586552+00:00,239.61,9.38,239.61,9.38,-93.8,436759711.66257524,9667.7,1803.0,-6636.1,1
2026-04-01T21:53:37.950520+00:00,239.62,9.41,239.62,9.41,-93.8,436759711.66257524,9666.4,1800.6,-6635.2,1
2026-04-01T21:53:38.355569+00:00,239.64,9.45,239.64,9.45,-93.8,436759711.66257524,9664.9,1797.9,-6634.1,1
2026-04-01T21:53:38.724428+00:00,239.66,9.48,239.66,9.48,-93.8,436759711.66257524,9663.6,1795.5,-6633.2,1
2026-04-01T21:53:39.087553+00:00,239.67,9.52,239.67,9.52,-93.8,436759711.66257524,9662.2,1793.0,-6632.3,1
2026-04-01T21:53:39.560930+00:00,239.69,9.56,239.69,9.56,-93.8,436759660.7257735,9660.7,1790.4,-6631.3,1
2026-04-01T21:53:39.926951+00:00,239.71,9.60,239.71,9.6,-93.8,436759660.7257735,9659.1,1787.5,-6630.2,1
2026-04-01T21:53:40.293136+00:00,239.72,9.63,239.72,9.63,-93.8,436759660.7257735,9657.8,1785.1,-6629.3,1
2026-04-01T21:53:40.696996+00:00,239.74,9.67,239.74,9.67,-93.8,436759660.7257735,9656.3,1782.4,-6628.2,1
2026-04-01T21:53:41.063885+00:00,239.76,9.70,239.76,9.7,-93.8,436759660.7257735,9654.9,1780.0,-6627.3,1
2026-04-01T21:53:41.431595+00:00,239.77,9.74,239.77,9.74,-93.8,436759660.7257735,9653.5,1777.5,-6626.3,1
2026-04-01T21:53:41.839814+00:00,239.79,9.78,239.79,9.78,-93.8,436759660.7257735,9651.9,1774.8,-6625.2,1
2026-04-01T21:53:42.204165+00:00,239.81,9.81,239.81,9.81,-93.8,436759660.7257735,9650.5,1772.4,-6624.3,1
2026-04-01T21:53:42.571868+00:00,239.82,9.85,239.82,9.85,-93.8,436759660.7257735,9649.1,1770.0,-6623.3,1
2026-04-01T21:53:42.979954+00:00,239.84,9.89,239.84,9.89,-93.8,436759660.7257735,9647.5,1767.3,-6622.2,1
2026-04-01T21:53:43.343381+00:00,239.86,9.92,239.86,9.92,-93.8,436759660.7257735,9646.1,1764.8,-6621.2,1
2026-04-01T21:53:43.712087+00:00,239.87,9.96,239.87,9.96,-93.8,436759660.7257735,9644.7,1762.4,-6620.3,1
2026-04-01T21:53:44.119885+00:00,239.89,10.00,239.89,10.0,-93.8,436759660.7257735,9643.1,1759.7,-6619.2,1
2026-04-01T21:53:44.488658+00:00,239.91,10.03,239.91,10.03,-93.8,436759660.7257735,9641.6,1757.3,-6618.2,1
2026-04-01T21:53:44.851636+00:00,239.92,10.07,239.92,10.07,-93.8,436759660.7257735,9640.2,1754.9,-6617.2,1
2026-04-01T21:53:45.255061+00:00,239.94,10.11,239.94,10.11,-93.8,436759660.7257735,9638.5,1752.2,-6616.1,1
2026-04-01T21:53:45.618542+00:00,239.96,10.14,239.96,10.14,-93.8,436759660.7257735,9637.1,1749.8,-6615.1,1
2026-04-01T21:53:45.982531+00:00,239.98,10.18,239.98,10.18,-93.8,436759660.7257735,9635.6,1747.4,-6614.0,1
2026-04-01T21:53:46.386554+00:00,239.99,10.22,239.99,10.22,-93.8,436759660.7257735,9634.0,1744.7,-6612.9,1
2026-04-01T21:53:46.752540+00:00,240.01,10.25,240.01,10.25,-93.8,436759660.7257735,9632.5,1742.3,-6611.9,1
2026-04-01T21:53:47.114523+00:00,240.03,10.29,240.03,10.29,-93.8,436759660.7257735,9631.0,1739.9,-6610.9,1
2026-04-01T21:53:47.518534+00:00,240.05,10.33,240.05,10.33,-93.8,436759660.7257735,9629.3,1737.2,-6609.7,1
2026-04-01T21:53:47.882525+00:00,240.06,10.36,240.06,10.36,-93.8,436759660.7257735,9627.8,1734.8,-6608.7,1
2026-04-01T21:53:48.246772+00:00,240.08,10.40,240.08,10.4,-93.8,436759660.7257735,9626.3,1732.4,-6607.7,1
2026-04-01T21:53:48.650528+00:00,240.10,10.44,240.1,10.44,-93.8,436759660.7257735,9624.6,1729.7,-6606.5,1
2026-04-01T21:53:49.014518+00:00,240.11,10.47,240.11,10.47,-93.8,436759660.7257735,9623.1,1727.3,-6605.4,1
2026-04-01T21:53:49.378520+00:00,240.13,10.51,240.13,10.51,-93.8,436759660.7257735,9621.5,1724.9,-6604.4,1
2026-04-01T21:53:49.782906+00:00,240.15,10.55,240.15,10.55,-93.8,436759660.7257735,9619.8,1722.2,-6603.2,1
2026-04-01T21:53:50.155989+00:00,240.17,10.59,240.17,10.59,-93.8,436759660.7257735,9618.3,1719.8,-6602.1,1
2026-04-01T21:53:50.515626+00:00,240.18,10.62,240.18,10.62,-93.8,436759660.7257735,9616.7,1717.4,-6601.0,1
2026-04-01T21:53:50.923565+00:00,240.20,10.66,240.2,10.66,-93.8,436759660.7257735,9614.9,1714.7,-6599.8,1
2026-04-01T21:53:51.292161+00:00,240.22,10.70,240.22,10.7,-93.8,436759660.7257735,9613.3,1712.3,-6598.7,1
2026-04-01T21:53:51.655849+00:00,240.24,10.74,240.24,10.74,-93.8,436759660.7257735,9611.7,1709.9,-6597.7,1
2026-04-01T21:53:52.127961+00:00,240.26,10.78,240.26,10.78,-93.8,436759609.9333755,9609.9,1707.2,-6596.4,1
2026-04-01T21:53:52.491555+00:00,240.28,10.82,240.28,10.82,-93.8,436759609.9333755,9608.0,1704.4,-6595.1,1
2026-04-01T21:53:52.859892+00:00,240.29,10.86,240.29,10.86,-93.8,436759609.9333755,9606.4,1702.0,-6594.0,1
2026-04-01T21:53:53.267332+00:00,240.31,10.90,240.31,10.9,-93.8,436759609.9333755,9604.6,1699.3,-6592.8,1
2026-04-01T21:53:53.631861+00:00,240.33,10.94,240.33,10.94,-93.8,436759609.9333755,9602.9,1696.9,-6591.6,1
2026-04-01T21:53:53.999865+00:00,240.35,10.97,240.35,10.97,-93.8,436759609.9333755,9601.3,1694.5,-6590.5,1
2026-04-01T21:53:54.408621+00:00,240.37,11.01,240.37,11.01,-93.8,436759609.9333755,9599.4,1691.8,-6589.2,1
2026-04-01T21:53:54.771391+00:00,240.39,11.05,240.39,11.05,-93.8,436759609.9333755,9597.7,1689.4,-6588.1,1
2026-04-01T21:53:55.139902+00:00,240.40,11.09,240.4,11.09,-93.8,436759609.9333755,9596.1,1686.9,-6586.9,1
2026-04-01T21:53:55.547905+00:00,240.42,11.13,240.42,11.13,-93.8,436759609.9333755,9594.2,1684.3,-6585.6,1
2026-04-01T21:53:55.911584+00:00,240.44,11.17,240.44,11.17,-93.8,436759609.9333755,9592.5,1681.9,-6584.4,1
2026-04-01T21:53:56.279826+00:00,240.46,11.21,240.46,11.21,-93.8,436759609.9333755,9590.8,1679.4,-6583.3,1
2026-04-01T21:53:56.688034+00:00,240.48,11.25,240.48,11.25,-93.8,436759609.9333755,9588.8,1676.7,-6581.9,1
2026-04-01T21:53:57.051859+00:00,240.50,11.29,240.5,11.29,-93.8,436759609.9333755,9587.1,1674.4,-6580.8,1
2026-04-01T21:53:57.419976+00:00,240.52,11.32,240.52,11.32,-93.8,436759609.9333755,9585.4,1671.9,-6579.6,1
2026-04-01T21:53:57.827463+00:00,240.54,11.37,240.54,11.37,-93.8,436759609.9333755,9583.4,1669.2,-6578.2,1
2026-04-01T21:53:58.192401+00:00,240.55,11.40,240.55,11.4,-93.8,436759609.9333755,9581.7,1666.8,-6577.0,1
2026-04-01T21:53:58.559603+00:00,240.57,11.44,240.57,11.44,-93.8,436759609.9333755,9579.9,1664.4,-6575.8,1
2026-04-01T21:53:58.968008+00:00,240.59,11.48,240.59,11.48,-93.8,436759609.9333755,9577.9,1661.8,-6574.5,1
2026-04-01T21:53:59.335181+00:00,240.61,11.52,240.61,11.52,-93.8,436759609.9333755,9576.1,1659.3,-6573.2,1
2026-04-01T21:53:59.706134+00:00,240.63,11.56,240.63,11.56,-93.8,436759609.9333755,9574.3,1656.9,-6572.0,1
2026-04-01T21:54:00.111591+00:00,240.65,11.60,240.65,11.6,-93.8,436759609.9333755,9572.3,1654.3,-6570.6,1
2026-04-01T21:54:00.479613+00:00,240.67,11.64,240.67,11.64,-93.8,436759609.9333755,9570.5,1651.8,-6569.4,1
2026-04-01T21:54:00.843250+00:00,240.69,11.68,240.69,11.68,-93.8,436759609.9333755,9568.7,1649.4,-6568.1,1
2026-04-01T21:54:01.252166+00:00,240.71,11.72,240.71,11.72,-93.8,436759609.9333755,9566.7,1646.8,-6566.7,1
2026-04-01T21:54:01.618549+00:00,240.73,11.76,240.73,11.76,-93.8,436759609.9333755,9564.8,1644.3,-6565.4,1
2026-04-01T21:54:01.978590+00:00,240.74,11.80,240.74,11.8,-93.8,436759609.9333755,9562.9,1641.9,-6564.2,1
2026-04-01T21:54:02.382628+00:00,240.77,11.85,240.77,11.85,-93.8,436759609.9333755,9560.9,1639.3,-6562.8,1
2026-04-01T21:54:02.746527+00:00,240.78,11.88,240.78,11.88,-93.8,436759609.9333755,9559.0,1636.9,-6561.5,1
2026-04-01T21:54:03.170519+00:00,240.81,11.93,240.81,11.93,-93.8,436759557.8897159,9556.8,1634.1,-6560.0,1
2026-04-01T21:54:03.579673+00:00,240.83,11.97,240.83,11.97,-93.8,436759557.8897159,9554.8,1631.5,-6558.5,1
2026-04-01T21:54:03.938543+00:00,240.85,12.01,240.85,12.01,-93.8,436759557.8897159,9552.9,1629.1,-6557.2,1
2026-04-01T21:54:04.302566+00:00,240.86,12.05,240.86,12.05,-93.8,436759557.8897159,9551.0,1626.7,-6555.9,1
2026-04-01T21:54:04.711683+00:00,240.89,12.09,240.89,12.09,-93.8,436759557.8897159,9548.8,1624.0,-6554.5,1
2026-04-01T21:54:05.070648+00:00,240.90,12.13,240.9,12.13,-93.8,436759557.8897159,9546.9,1621.7,-6553.2,1
2026-04-01T21:54:05.434514+00:00,240.92,12.17,240.92,12.17,-93.8,436759557.8897159,9545.0,1619.3,-6551.8,1
2026-04-01T21:54:05.842556+00:00,240.95,12.22,240.95,12.22,-93.8,436759557.8897159,9542.8,1616.6,-6550.3,1
2026-04-01T21:54:06.202520+00:00,240.96,12.26,240.96,12.26,-93.8,436759557.8897159,9540.8,1614.2,-6549.0,1
2026-04-01T21:54:06.570532+00:00,240.98,12.30,240.98,12.3,-93.8,436759557.8897159,9538.9,1611.9,-6547.6,1
2026-04-01T21:54:06.976153+00:00,241.01,12.34,241.01,12.34,-93.8,436759557.8897159,9536.7,1609.2,-6546.1,1
2026-04-01T21:54:07.343592+00:00,241.03,12.38,241.03,12.38,-93.8,436759557.8897159,9534.7,1606.8,-6544.8,1
2026-04-01T21:54:07.711157+00:00,241.04,12.42,241.04,12.42,-93.8,436759557.8897159,9532.6,1604.4,-6543.4,1
2026-04-01T21:54:08.119914+00:00,241.07,12.47,241.07,12.47,-93.8,436759557.8897159,9530.4,1601.7,-6541.8,1
2026-04-01T21:54:08.484030+00:00,241.09,12.51,241.09,12.51,-93.8,436759557.8897159,9528.4,1599.3,-6540.4,1
2026-04-01T21:54:08.851465+00:00,241.11,12.55,241.11,12.55,-93.8,436759557.8897159,9526.3,1596.9,-6539.0,1
2026-04-01T21:54:09.261400+00:00,241.13,12.59,241.13,12.59,-93.8,436759557.8897159,9524.0,1594.3,-6537.4,1
2026-04-01T21:54:09.627232+00:00,241.15,12.63,241.15,12.63,-93.8,436759557.8897159,9521.9,1591.9,-6536.0,1
2026-04-01T21:54:09.992300+00:00,241.17,12.67,241.17,12.67,-93.8,436759557.8897159,9519.9,1589.5,-6534.6,1
2026-04-01T21:54:10.399579+00:00,241.19,12.72,241.19,12.72,-93.8,436759557.8897159,9517.5,1586.8,-6533.0,1
2026-04-01T21:54:10.769201+00:00,241.21,12.76,241.21,12.76,-93.8,436759557.8897159,9515.4,1584.4,-6531.6,1
2026-04-01T21:54:11.131587+00:00,241.23,12.80,241.23,12.8,-93.8,436759557.8897159,9513.3,1582.1,-6530.1,1
2026-04-01T21:54:11.539665+00:00,241.25,12.85,241.25,12.85,-93.8,436759557.8897159,9511.0,1579.4,-6528.5,1
2026-04-01T21:54:11.907939+00:00,241.27,12.89,241.27,12.89,-93.8,436759557.8897159,9508.8,1577.0,-6527.0,1
2026-04-01T21:54:12.335675+00:00,241.30,12.94,241.3,12.94,-93.8,436759507.4942501,9506.3,1574.2,-6525.3,1
2026-04-01T21:54:12.744932+00:00,241.32,12.98,241.32,12.98,-93.8,436759507.4942501,9503.9,1571.5,-6523.7,1
2026-04-01T21:54:13.107566+00:00,241.34,13.02,241.34,13.02,-93.8,436759507.4942501,9501.7,1569.2,-6522.2,1
2026-04-01T21:54:13.481148+00:00,241.36,13.07,241.36,13.07,-93.8,436759507.4942501,9499.5,1566.7,-6520.6,1
2026-04-01T21:54:13.887873+00:00,241.39,13.11,241.39,13.11,-93.8,436759507.4942501,9497.1,1564.1,-6519.0,1
2026-04-01T21:54:14.253484+00:00,241.41,13.15,241.41,13.15,-93.8,436759507.4942501,9494.9,1561.7,-6517.4,1
2026-04-01T21:54:14.619360+00:00,241.43,13.20,241.43,13.2,-93.8,436759507.4942501,9492.7,1559.3,-6515.9,1
2026-04-01T21:54:15.026661+00:00,241.45,13.24,241.45,13.24,-93.8,436759507.4942501,9490.2,1556.6,-6514.2,1
2026-04-01T21:54:15.390577+00:00,241.47,13.28,241.47,13.28,-93.8,436759507.4942501,9487.9,1554.3,-6512.7,1
2026-04-01T21:54:15.750939+00:00,241.49,13.33,241.49,13.33,-93.8,436759507.4942501,9485.7,1551.9,-6511.1,1
2026-04-01T21:54:16.158543+00:00,241.52,13.37,241.52,13.37,-93.8,436759507.4942501,9483.2,1549.3,-6509.4,1
2026-04-01T21:54:16.522720+00:00,241.54,13.41,241.54,13.41,-93.8,436759507.4942501,9480.9,1546.9,-6507.9,1
2026-04-01T21:54:16.886541+00:00,241.56,13.46,241.56,13.46,-93.8,436759507.4942501,9478.6,1544.5,-6506.3,1
2026-04-01T21:54:17.290564+00:00,241.58,13.50,241.58,13.5,-93.8,436759507.4942501,9476.1,1541.9,-6504.5,1
2026-04-01T21:54:17.654552+00:00,241.60,13.55,241.6,13.55,-93.8,436759507.4942501,9473.8,1539.5,-6503.0,1
2026-04-01T21:54:18.014624+00:00,241.62,13.59,241.62,13.59,-93.8,436759507.4942501,9471.5,1537.2,-6501.4,1
2026-04-01T21:54:18.422567+00:00,241.65,13.64,241.65,13.64,-93.8,436759507.4942501,9468.9,1534.5,-6499.6,1
2026-04-01T21:54:18.787346+00:00,241.67,13.68,241.67,13.68,-93.8,436759507.4942501,9466.5,1532.2,-6498.0,1
2026-04-01T21:54:19.150533+00:00,241.69,13.72,241.69,13.72,-93.8,436759507.4942501,9464.2,1529.8,-6496.4,1
2026-04-01T21:54:19.554538+00:00,241.72,13.77,241.72,13.77,-93.8,436759507.4942501,9461.5,1527.2,-6494.6,1
2026-04-01T21:54:19.918518+00:00,241.74,13.81,241.74,13.81,-93.8,436759507.4942501,9459.1,1524.8,-6492.9,1
2026-04-01T21:54:20.283874+00:00,241.76,13.86,241.76,13.86,-93.8,436759507.4942501,9456.8,1522.5,-6491.3,1
2026-04-01T21:54:20.752136+00:00,241.78,13.90,241.78,13.9,-93.8,436759454.0513686,9454.1,1519.8,-6489.4,1
2026-04-01T21:54:21.123178+00:00,241.81,13.95,241.81,13.95,-93.8,436759454.0513686,9451.2,1517.0,-6487.5,1
2026-04-01T21:54:21.488930+00:00,241.83,14.00,241.83,14.0,-93.8,436759454.0513686,9448.7,1514.6,-6485.8,1
2026-04-01T21:54:21.891615+00:00,241.86,14.05,241.86,14.05,-93.8,436759454.0513686,9446.0,1512.0,-6483.9,1
2026-04-01T21:54:22.260083+00:00,241.88,14.09,241.88,14.09,-93.8,436759454.0513686,9443.5,1509.6,-6482.2,1
2026-04-01T21:54:22.627583+00:00,241.90,14.13,241.9,14.13,-93.8,436759454.0513686,9441.0,1507.3,-6480.5,1
2026-04-01T21:54:23.035616+00:00,241.93,14.18,241.93,14.18,-93.8,436759454.0513686,9438.2,1504.6,-6478.6,1
2026-04-01T21:54:23.404683+00:00,241.95,14.23,241.95,14.23,-93.8,436759454.0513686,9435.7,1502.2,-6476.8,1
2026-04-01T21:54:23.767912+00:00,241.97,14.27,241.97,14.27,-93.8,436759454.0513686,9433.2,1499.9,-6475.1,1
2026-04-01T21:54:24.179877+00:00,242.00,14.32,242.0,14.32,-93.8,436759454.0513686,9430.3,1497.2,-6473.1,1
2026-04-01T21:54:24.548356+00:00,242.02,14.37,242.02,14.37,-93.8,436759454.0513686,9427.8,1494.8,-6471.4,1
2026-04-01T21:54:24.911603+00:00,242.04,14.41,242.04,14.41,-93.8,436759454.0513686,9425.2,1492.5,-6469.6,1
2026-04-01T21:54:25.319587+00:00,242.07,14.46,242.07,14.46,-93.8,436759454.0513686,9422.3,1489.8,-6467.6,1
2026-04-01T21:54:25.684043+00:00,242.09,14.51,242.09,14.51,-93.8,436759454.0513686,9419.6,1487.4,-6465.8,1
2026-04-01T21:54:26.052027+00:00,242.11,14.55,242.11,14.55,-93.8,436759454.0513686,9417.0,1485.1,-6464.0,1
2026-04-01T21:54:26.459986+00:00,242.14,14.60,242.14,14.6,-93.8,436759454.0513686,9414.1,1482.5,-6462.0,1
2026-04-01T21:54:26.827409+00:00,242.16,14.65,242.16,14.65,-93.8,436759454.0513686,9411.4,1480.1,-6460.2,1
2026-04-01T21:54:27.191872+00:00,242.19,14.69,242.19,14.69,-93.8,436759454.0513686,9408.8,1477.7,-6458.4,1
2026-04-01T21:54:27.599385+00:00,242.21,14.74,242.21,14.74,-93.8,436759454.0513686,9405.8,1475.1,-6456.3,1
2026-04-01T21:54:27.968960+00:00,242.24,14.79,242.24,14.79,-93.8,436759454.0513686,9403.1,1472.7,-6454.4,1
2026-04-01T21:54:28.396748+00:00,242.26,14.84,242.26,14.84,-93.8,436759401.41302186,9400.0,1470.0,-6452.3,1
2026-04-01T21:54:28.804194+00:00,242.29,14.89,242.29,14.89,-93.8,436759401.41302186,9396.9,1467.3,-6450.2,1
2026-04-01T21:54:29.171393+00:00,242.31,14.94,242.31,14.94,-93.8,436759401.41302186,9394.2,1465.0,-6448.3,1
2026-04-01T21:54:29.535784+00:00,242.34,14.98,242.34,14.98,-93.8,436759401.41302186,9391.4,1462.6,-6446.4,1
2026-04-01T21:54:29.943159+00:00,242.37,15.04,242.37,15.04,-93.8,436759401.41302186,9388.3,1460.0,-6444.3,1
2026-04-01T21:54:30.311944+00:00,242.39,15.08,242.39,15.08,-93.8,436759401.41302186,9385.5,1457.6,-6442.4,1
2026-04-01T21:54:30.679630+00:00,242.41,15.13,242.41,15.13,-93.8,436759401.41302186,9382.7,1455.2,-6440.4,1
2026-04-01T21:54:31.087582+00:00,242.44,15.18,242.44,15.18,-93.8,436759401.41302186,9379.6,1452.6,-6438.3,1
2026-04-01T21:54:31.451602+00:00,242.46,15.23,242.46,15.23,-93.8,436759401.41302186,9376.7,1450.3,-6436.3,1
2026-04-01T21:54:31.818540+00:00,242.49,15.27,242.49,15.27,-93.8,436759401.41302186,9373.8,1447.9,-6434.4,1
2026-04-01T21:54:32.222517+00:00,242.52,15.33,242.52,15.33,-93.8,436759401.41302186,9370.7,1445.3,-6432.2,1
2026-04-01T21:54:32.586547+00:00,242.54,15.37,242.54,15.37,-93.8,436759401.41302186,9367.8,1443.0,-6430.2,1
2026-04-01T21:54:32.950549+00:00,242.57,15.42,242.57,15.42,-93.8,436759401.41302186,9364.9,1440.6,-6428.2,1
2026-04-01T21:54:33.354522+00:00,242.59,15.47,242.59,15.47,-93.8,436759401.41302186,9361.7,1438.0,-6426.0,1
2026-04-01T21:54:33.718528+00:00,242.62,15.52,242.62,15.52,-93.8,436759401.41302186,9358.8,1435.7,-6424.0,1
2026-04-01T21:54:34.083642+00:00,242.64,15.57,242.64,15.57,-93.8,436759401.41302186,9355.9,1433.3,-6422.0,1
2026-04-01T21:54:34.486721+00:00,242.67,15.62,242.67,15.62,-93.8,436759401.41302186,9352.6,1430.7,-6419.8,1
2026-04-01T21:54:34.846796+00:00,242.70,15.67,242.7,15.67,-93.8,436759401.41302186,9349.6,1428.4,-6417.7,1
2026-04-01T21:54:35.274536+00:00,242.72,15.72,242.72,15.72,-93.8,436759347.80795294,9346.1,1425.7,-6415.4,1
2026-04-01T21:54:35.678524+00:00,242.75,15.77,242.75,15.77,-93.8,436759347.80795294,9342.8,1423.1,-6413.1,1
2026-04-01T21:54:36.042531+00:00,242.78,15.82,242.78,15.82,-93.8,436759347.80795294,9339.8,1420.8,-6411.0,1
2026-04-01T21:54:36.406554+00:00,242.80,15.87,242.8,15.87,-93.8,436759347.80795294,9336.8,1418.4,-6408.9,1
2026-04-01T21:54:36.811446+00:00,242.83,15.92,242.83,15.92,-93.8,436759347.80795294,9333.4,1415.8,-6406.6,1
2026-04-01T21:54:37.179574+00:00,242.86,15.97,242.86,15.97,-93.8,436759347.80795294,9330.3,1413.5,-6404.5,1
2026-04-01T21:54:37.548808+00:00,242.88,16.02,242.88,16.02,-93.8,436759347.80795294,9327.1,1411.1,-6402.3,1
2026-04-01T21:54:37.953029+00:00,242.91,16.07,242.91,16.07,-93.8,436759347.80795294,9323.7,1408.5,-6399.9,1
2026-04-01T21:54:38.319737+00:00,242.94,16.12,242.94,16.12,-93.8,436759347.80795294,9320.5,1406.2,-6397.8,1
2026-04-01T21:54:38.688955+00:00,242.96,16.17,242.96,16.17,-93.8,436759347.80795294,9317.4,1403.8,-6395.6,1
2026-04-01T21:54:39.095609+00:00,242.99,16.23,242.99,16.23,-93.8,436759347.80795294,9313.9,1401.2,-6393.2,1
2026-04-01T21:54:39.459568+00:00,243.02,16.28,243.02,16.28,-93.8,436759347.80795294,9310.7,1398.9,-6391.0,1
2026-04-01T21:54:39.828010+00:00,243.05,16.32,243.05,16.32,-93.8,436759347.80795294,9307.4,1396.5,-6388.8,1
2026-04-01T21:54:40.235622+00:00,243.08,16.38,243.08,16.38,-93.8,436759347.80795294,9303.9,1394.0,-6386.3,1
2026-04-01T21:54:40.599833+00:00,243.10,16.43,243.1,16.43,-93.8,436759347.80795294,9300.6,1391.6,-6384.1,1
2026-04-01T21:54:40.967960+00:00,243.13,16.48,243.13,16.48,-93.8,436759347.80795294,9297.3,1389.3,-6381.8,1
2026-04-01T21:54:41.435879+00:00,243.16,16.53,243.16,16.53,-93.8,436759293.64589834,9293.6,1386.7,-6379.3,1
2026-04-01T21:54:41.807309+00:00,243.19,16.59,243.19,16.59,-93.8,436759293.64589834,9289.8,1383.9,-6376.7,1
2026-04-01T21:54:42.167606+00:00,243.22,16.64,243.22,16.64,-93.8,436759293.64589834,9286.5,1381.6,-6374.4,1
2026-04-01T21:54:42.575578+00:00,243.25,16.70,243.25,16.7,-93.8,436759293.64589834,9282.7,1379.0,-6371.8,1
2026-04-01T21:54:42.944931+00:00,243.28,16.75,243.28,16.75,-93.8,436759293.64589834,9279.4,1376.7,-6369.5,1
2026-04-01T21:54:43.307618+00:00,243.30,16.80,243.3,16.8,-93.8,436759293.64589834,9276.0,1374.3,-6367.2,1
2026-04-01T21:54:43.715923+00:00,243.33,16.86,243.33,16.86,-93.8,436759293.64589834,9272.2,1371.7,-6364.6,1
2026-04-01T21:54:44.083605+00:00,243.36,16.91,243.36,16.91,-93.8,436759293.64589834,9268.8,1369.4,-6362.2,1
2026-04-01T21:54:44.447558+00:00,243.39,16.96,243.39,16.96,-93.8,436759293.64589834,9265.3,1367.1,-6359.9,1
2026-04-01T21:54:44.854797+00:00,243.42,17.01,243.42,17.01,-93.8,436759293.64589834,9261.5,1364.5,-6357.2,1
2026-04-01T21:54:45.218526+00:00,243.45,17.07,243.45,17.07,-93.8,436759293.64589834,9258.0,1362.2,-6354.8,1
2026-04-01T21:54:45.582576+00:00,243.48,17.12,243.48,17.12,-93.8,436759293.64589834,9254.5,1359.8,-6352.4,1
2026-04-01T21:54:45.986836+00:00,243.51,17.17,243.51,17.17,-93.8,436759293.64589834,9250.6,1357.3,-6349.8,1
2026-04-01T21:54:46.350638+00:00,243.53,17.23,243.53,17.23,-93.8,436759293.64589834,9247.1,1355.0,-6347.3,1
2026-04-01T21:54:46.714529+00:00,243.56,17.28,243.56,17.28,-93.8,436759293.64589834,9243.5,1352.7,-6344.9,1
2026-04-01T21:54:47.182533+00:00,243.59,17.33,243.59,17.33,-93.8,436759239.5748962,9239.6,1350.1,-6342.2,1
2026-04-01T21:54:47.547197+00:00,243.63,17.39,243.63,17.39,-93.8,436759239.5748962,9235.4,1347.4,-6339.3,1
2026-04-01T21:54:47.910554+00:00,243.66,17.45,243.66,17.45,-93.8,436759239.5748962,9231.8,1345.1,-6336.9,1
2026-04-01T21:54:48.314543+00:00,243.69,17.50,243.69,17.5,-93.8,436759239.5748962,9227.8,1342.5,-6334.1,1
2026-04-01T21:54:48.678555+00:00,243.72,17.56,243.72,17.56,-93.8,436759239.5748962,9224.1,1340.2,-6331.6,1
2026-04-01T21:54:49.042538+00:00,243.75,17.61,243.75,17.61,-93.8,436759239.5748962,9220.4,1337.9,-6329.0,1
2026-04-01T21:54:49.446556+00:00,243.78,17.67,243.78,17.67,-93.8,436759239.5748962,9216.3,1335.4,-6326.2,1
2026-04-01T21:54:49.810545+00:00,243.81,17.72,243.81,17.72,-93.8,436759239.5748962,9212.6,1333.1,-6323.7,1
2026-04-01T21:54:50.179592+00:00,243.84,17.77,243.84,17.77,-93.8,436759239.5748962,9208.8,1330.7,-6321.1,1
2026-04-01T21:54:50.588355+00:00,243.87,17.83,243.87,17.83,-93.8,436759239.5748962,9204.6,1328.2,-6318.2,1
2026-04-01T21:54:50.951682+00:00,243.90,17.88,243.9,17.88,-93.8,436759239.5748962,9200.8,1325.8,-6315.6,1
2026-04-01T21:54:51.319591+00:00,243.93,17.94,243.93,17.94,-93.8,436759239.5748962,9197.0,1323.5,-6313.0,1
2026-04-01T21:54:51.731371+00:00,243.96,18.00,243.96,18.0,-93.8,436759239.5748962,9192.7,1321.0,-6310.0,1
2026-04-01T21:54:52.099614+00:00,243.99,18.05,243.99,18.05,-93.8,436759239.5748962,9188.8,1318.6,-6307.3,1
2026-04-01T21:54:52.523733+00:00,244.03,18.12,244.03,18.12,-93.8,436759186.3838319,9184.3,1316.0,-6304.2,1
2026-04-01T21:54:52.931884+00:00,244.06,18.18,244.06,18.18,-93.8,436759186.3838319,9179.9,1313.4,-6301.2,1
2026-04-01T21:54:53.300027+00:00,244.09,18.23,244.09,18.23,-93.8,436759186.3838319,9176.0,1311.1,-6298.5,1
2026-04-01T21:54:53.663566+00:00,244.12,18.28,244.12,18.28,-93.8,436759186.3838319,9172.0,1308.7,-6295.8,1
2026-04-01T21:54:54.071606+00:00,244.16,18.34,244.16,18.34,-93.8,436759186.3838319,9167.6,1306.2,-6292.8,1
2026-04-01T21:54:54.439911+00:00,244.19,18.40,244.19,18.4,-93.8,436759186.3838319,9163.5,1303.9,-6290.0,1
2026-04-01T21:54:54.808791+00:00,244.22,18.45,244.22,18.45,-93.8,436759186.3838319,9159.5,1301.6,-6287.2,1
2026-04-01T21:54:55.216938+00:00,244.25,18.52,244.25,18.52,-93.8,436759186.3838319,9155.0,1299.0,-6284.1,1
2026-04-01T21:54:55.579181+00:00,244.28,18.57,244.28,18.57,-93.8,436759186.3838319,9150.9,1296.7,-6281.3,1
2026-04-01T21:54:55.947155+00:00,244.32,18.63,244.32,18.63,-93.8,436759186.3838319,9146.8,1294.4,-6278.5,1
2026-04-01T21:54:56.354744+00:00,244.35,18.69,244.35,18.69,-93.8,436759186.3838319,9142.2,1291.9,-6275.4,1
2026-04-01T21:54:56.719678+00:00,244.38,18.74,244.38,18.74,-93.8,436759186.3838319,9138.0,1289.6,-6272.5,1
2026-04-01T21:54:57.152718+00:00,244.42,18.81,244.42,18.81,-93.8,436759135.4498756,9133.1,1286.9,-6269.1,1
2026-04-01T21:54:57.555588+00:00,244.46,18.87,244.46,18.87,-93.8,436759135.4498756,9128.5,1284.3,-6265.9,1
2026-04-01T21:54:57.923902+00:00,244.49,18.93,244.49,18.93,-93.8,436759135.4498756,9124.2,1282.0,-6263.0,1
2026-04-01T21:54:58.288140+00:00,244.52,18.98,244.52,18.98,-93.8,436759135.4498756,9120.0,1279.7,-6260.1,1
2026-04-01T21:54:58.696155+00:00,244.56,19.05,244.56,19.05,-93.8,436759135.4498756,9115.2,1277.2,-6256.8,1
2026-04-01T21:54:59.063707+00:00,244.59,19.10,244.59,19.1,-93.8,436759135.4498756,9110.9,1274.9,-6253.8,1
2026-04-01T21:54:59.431992+00:00,244.62,19.16,244.62,19.16,-93.8,436759135.4498756,9106.5,1272.6,-6250.9,1
2026-04-01T21:54:59.838776+00:00,244.66,19.22,244.66,19.22,-93.8,436759135.4498756,9101.7,1270.1,-6247.5,1
2026-04-01T21:55:00.202514+00:00,244.69,19.28,244.69,19.28,-93.8,436759135.4498756,9097.3,1267.8,-6244.5,1
2026-04-01T21:55:00.566670+00:00,244.72,19.34,244.72,19.34,-93.8,436759135.4498756,9092.9,1265.5,-6241.5,1
2026-04-01T21:55:00.970510+00:00,244.76,19.40,244.76,19.4,-93.8,436759135.4498756,9088.0,1263.0,-6238.1,1
2026-04-01T21:55:01.334567+00:00,244.79,19.46,244.79,19.46,-93.8,436759135.4498756,9083.6,1260.7,-6235.1,1
2026-04-01T21:55:01.758652+00:00,244.83,19.53,244.83,19.53,-93.8,436759080.7841864,9078.3,1258.1,-6231.5,1
2026-04-01T21:55:02.166037+00:00,244.87,19.59,244.87,19.59,-93.8,436759080.7841864,9073.4,1255.5,-6228.1,1
2026-04-01T21:55:02.526546+00:00,244.90,19.65,244.9,19.65,-93.8,436759080.7841864,9068.8,1253.3,-6225.0,1
2026-04-01T21:55:02.890526+00:00,244.94,19.71,244.94,19.71,-93.8,436759080.7841864,9064.3,1251.0,-6221.9,1
2026-04-01T21:55:03.294554+00:00,244.97,19.77,244.97,19.77,-93.8,436759080.7841864,9059.2,1248.5,-6218.4,1
2026-04-01T21:55:03.658528+00:00,245.01,19.83,245.01,19.83,-93.8,436759080.7841864,9054.6,1246.2,-6215.2,1
2026-04-01T21:55:04.022587+00:00,245.04,19.89,245.04,19.89,-93.8,436759080.7841864,9050.0,1244.0,-6212.0,1
2026-04-01T21:55:04.426533+00:00,245.08,19.95,245.08,19.95,-93.8,436759080.7841864,9044.8,1241.5,-6208.5,1
2026-04-01T21:55:04.790678+00:00,245.11,20.01,245.11,20.01,-93.8,436759080.7841864,9040.1,1239.2,-6205.3,1
2026-04-01T21:55:05.156013+00:00,245.15,20.07,245.15,20.07,-93.8,436759080.7841864,9035.4,1236.9,-6202.0,1
2026-04-01T21:55:05.627179+00:00,245.19,20.14,245.19,20.14,-93.8,436759030.04513943,9030.0,1234.4,-6198.4,1
2026-04-01T21:55:05.992095+00:00,245.23,20.21,245.23,20.21,-93.8,436759030.04513943,9024.4,1231.8,-6194.5,1
2026-04-01T21:55:06.359668+00:00,245.26,20.27,245.26,20.27,-93.8,436759030.04513943,9019.6,1229.5,-6191.2,1
2026-04-01T21:55:06.768980+00:00,245.30,20.33,245.3,20.33,-93.8,436759030.04513943,9014.1,1227.0,-6187.5,1
2026-04-01T21:55:07.135404+00:00,245.34,20.39,245.34,20.39,-93.8,436759030.04513943,9009.2,1224.7,-6184.1,1
2026-04-01T21:55:07.502585+00:00,245.38,20.46,245.38,20.46,-93.8,436759030.04513943,9004.3,1222.4,-6180.7,1
2026-04-01T21:55:07.911228+00:00,245.42,20.52,245.42,20.52,-93.8,436759030.04513943,8998.7,1219.9,-6176.9,1
2026-04-01T21:55:08.275668+00:00,245.45,20.58,245.45,20.58,-93.8,436759030.04513943,8993.8,1217.6,-6173.5,1
2026-04-01T21:55:08.643575+00:00,245.49,20.64,245.49,20.64,-93.8,436759030.04513943,8988.8,1215.4,-6170.0,1
2026-04-01T21:55:09.051601+00:00,245.53,20.71,245.53,20.71,-93.8,436759030.04513943,8983.1,1212.8,-6166.2,1
2026-04-01T21:55:09.420995+00:00,245.57,20.77,245.57,20.77,-93.8,436759030.04513943,8978.0,1210.6,-6162.7,1
2026-04-01T21:55:09.843214+00:00,245.61,20.85,245.61,20.85,-93.8,436758974.84024835,8972.1,1208.0,-6158.6,1
2026-04-01T21:55:10.255750+00:00,245.65,20.92,245.65,20.92,-93.8,436758974.84024835,8966.4,1205.5,-6154.7,1
2026-04-01T21:55:10.619215+00:00,245.69,20.98,245.69,20.98,-93.8,436758974.84024835,8961.2,1203.2,-6151.1,1
2026-04-01T21:55:10.984404+00:00,245.72,21.04,245.72,21.04,-93.8,436758974.84024835,8956.0,1200.9,-6147.5,1
2026-04-01T21:55:11.395580+00:00,245.77,21.11,245.77,21.11,-93.8,436758974.84024835,8950.2,1198.4,-6143.5,1
2026-04-01T21:55:11.760081+00:00,245.80,21.17,245.8,21.17,-93.8,436758974.84024835,8944.9,1196.2,-6139.9,1
2026-04-01T21:55:12.127619+00:00,245.84,21.23,245.84,21.23,-93.8,436758974.84024835,8939.5,1193.9,-6136.2,1
2026-04-01T21:55:12.544147+00:00,245.88,21.31,245.88,21.31,-93.8,436758974.84024835,8933.6,1191.4,-6132.2,1
2026-04-01T21:55:12.903554+00:00,245.92,21.37,245.92,21.37,-93.8,436758974.84024835,8928.2,1189.2,-6128.5,1
2026-04-01T21:55:13.331585+00:00,245.97,21.44,245.97,21.44,-93.8,436758924.8338901,8921.8,1186.5,-6124.1,1
2026-04-01T21:55:13.739909+00:00,246.01,21.51,246.01,21.51,-93.8,436758924.8338901,8915.8,1184.0,-6119.9,1
2026-04-01T21:55:14.109014+00:00,246.05,21.58,246.05,21.58,-93.8,436758924.8338901,8910.3,1181.8,-6116.2,1
2026-04-01T21:55:14.472193+00:00,246.09,21.64,246.09,21.64,-93.8,436758924.8338901,8904.8,1179.6,-6112.4,1
2026-04-01T21:55:14.878756+00:00,246.13,21.71,246.13,21.71,-93.8,436758924.8338901,8898.6,1177.1,-6108.2,1
2026-04-01T21:55:15.242570+00:00,246.17,21.78,246.17,21.78,-93.8,436758924.8338901,8893.0,1174.8,-6104.3,1
2026-04-01T21:55:15.606536+00:00,246.21,21.84,246.21,21.84,-93.8,436758924.8338901,8887.4,1172.6,-6100.5,1
2026-04-01T21:55:16.010614+00:00,246.25,21.91,246.25,21.91,-93.8,436758924.8338901,8881.3,1170.2,-6096.2,1
2026-04-01T21:55:16.375207+00:00,246.29,21.98,246.29,21.98,-93.8,436758924.8338901,8875.6,1168.0,-6092.4,1
2026-04-01T21:55:16.798620+00:00,246.34,22.05,246.34,22.05,-93.8,436758872.0888412,8868.9,1165.3,-6087.8,1
2026-04-01T21:55:17.202522+00:00,246.38,22.13,246.38,22.13,-93.8,436758872.0888412,8862.6,1162.9,-6083.4,1
2026-04-01T21:55:17.569296+00:00,246.42,22.19,246.42,22.19,-93.8,436758872.0888412,8856.8,1160.7,-6079.5,1
2026-04-01T21:55:17.930516+00:00,246.46,22.26,246.46,22.26,-93.8,436758872.0888412,8851.0,1158.5,-6075.5,1
2026-04-01T21:55:18.334745+00:00,246.51,22.33,246.51,22.33,-93.8,436758872.0888412,8844.5,1156.0,-6071.0,1
2026-04-01T21:55:18.698539+00:00,246.55,22.39,246.55,22.39,-93.8,436758872.0888412,8838.7,1153.8,-6067.0,1
2026-04-01T21:55:19.062538+00:00,246.59,22.46,246.59,22.46,-93.8,436758872.0888412,8832.8,1151.6,-6063.0,1
2026-04-01T21:55:19.466542+00:00,246.64,22.53,246.64,22.53,-93.8,436758872.0888412,8826.2,1149.1,-6058.4,1
2026-04-01T21:55:19.831912+00:00,246.68,22.60,246.68,22.6,-93.8,436758872.0888412,8820.2,1146.9,-6054.3,1
2026-04-01T21:55:20.260282+00:00,246.73,22.68,246.73,22.68,-93.8,436758816.5097809,8813.2,1144.4,-6049.5,1
2026-04-01T21:55:20.668040+00:00,246.77,22.75,246.77,22.75,-93.8,436758816.5097809,8806.4,1141.9,-6044.8,1
2026-04-01T21:55:21.035913+00:00,246.82,22.82,246.82,22.82,-93.8,436758816.5097809,8800.2,1139.7,-6040.6,1
2026-04-01T21:55:21.403602+00:00,246.86,22.89,246.86,22.89,-93.8,436758816.5097809,8794.0,1137.5,-6036.4,1
2026-04-01T21:55:21.811906+00:00,246.91,22.97,246.91,22.97,-93.8,436758816.5097809,8787.1,1135.0,-6031.6,1
2026-04-01T21:55:22.175803+00:00,246.95,23.03,246.95,23.03,-93.8,436758816.5097809,8780.9,1132.8,-6027.3,1
2026-04-01T21:55:22.543716+00:00,246.99,23.10,246.99,23.1,-93.8,436758816.5097809,8774.6,1130.6,-6023.0,1
2026-04-01T21:55:22.951664+00:00,247.04,23.18,247.04,23.18,-93.8,436758816.5097809,8767.5,1128.1,-6018.2,1
2026-04-01T21:55:23.315608+00:00,247.09,23.25,247.09,23.25,-93.8,436758816.5097809,8761.1,1125.9,-6013.8,1
2026-04-01T21:55:23.743905+00:00,247.14,23.33,247.14,23.33,-93.8,436758757.20254445,8753.7,1123.4,-6008.7,1
2026-04-01T21:55:24.151588+00:00,247.19,23.40,247.19,23.4,-93.8,436758757.20254445,8746.5,1120.9,-6003.7,1
2026-04-01T21:55:24.519285+00:00,247.23,23.47,247.23,23.47,-93.8,436758757.20254445,8739.9,1118.7,-5999.2,1
2026-04-01T21:55:24.887423+00:00,247.27,23.54,247.27,23.54,-93.8,436758757.20254445,8733.4,1116.5,-5994.7,1
2026-04-01T21:55:25.294981+00:00,247.32,23.62,247.32,23.62,-93.8,436758757.20254445,8726.0,1114.1,-5989.7,1
2026-04-01T21:55:25.658528+00:00,247.37,23.69,247.37,23.69,-93.8,436758757.20254445,8719.4,1111.9,-5985.2,1
2026-04-01T21:55:26.023210+00:00,247.41,23.76,247.41,23.76,-93.8,436758757.20254445,8712.8,1109.7,-5980.6,1
2026-04-01T21:55:26.486624+00:00,247.46,23.84,247.46,23.84,-93.8,436758705.4121249,8705.4,1107.3,-5975.5,1
2026-04-01T21:55:26.850535+00:00,247.52,23.92,247.52,23.92,-93.8,436758705.4121249,8697.6,1104.7,-5970.2,1
2026-04-01T21:55:27.214517+00:00,247.56,23.99,247.56,23.99,-93.8,436758705.4121249,8690.8,1102.6,-5965.5,1
2026-04-01T21:55:27.618530+00:00,247.61,24.07,247.61,24.07,-93.8,436758705.4121249,8683.3,1100.2,-5960.3,1
2026-04-01T21:55:27.982669+00:00,247.66,24.14,247.66,24.14,-93.8,436758705.4121249,8676.4,1098.0,-5955.6,1
2026-04-01T21:55:28.346533+00:00,247.71,24.22,247.71,24.22,-93.8,436758705.4121249,8669.5,1095.8,-5950.9,1
2026-04-01T21:55:28.750521+00:00,247.76,24.29,247.76,24.29,-93.8,436758705.4121249,8661.8,1093.4,-5945.6,1
2026-04-01T21:55:29.114518+00:00,247.80,24.37,247.8,24.37,-93.8,436758705.4121249,8654.9,1091.3,-5940.8,1
2026-04-01T21:55:29.538536+00:00,247.86,24.45,247.86,24.45,-93.8,436758650.51311344,8646.7,1088.7,-5935.2,1
2026-04-01T21:55:29.943638+00:00,247.91,24.53,247.91,24.53,-93.8,436758650.51311344,8638.8,1086.4,-5929.8,1
2026-04-01T21:55:30.311572+00:00,247.96,24.60,247.96,24.6,-93.8,436758650.51311344,8631.6,1084.2,-5924.9,1
2026-04-01T21:55:30.681015+00:00,248.01,24.68,248.01,24.68,-93.8,436758650.51311344,8624.4,1082.0,-5919.9,1
2026-04-01T21:55:31.087585+00:00,248.06,24.76,248.06,24.76,-93.8,436758650.51311344,8616.3,1079.6,-5914.4,1
2026-04-01T21:55:31.451548+00:00,248.11,24.83,248.11,24.83,-93.8,436758650.51311344,8609.0,1077.4,-5909.4,1
2026-04-01T21:55:31.818548+00:00,248.16,24.91,248.16,24.91,-93.8,436758650.51311344,8601.6,1075.2,-5904.2,1
2026-04-01T21:55:32.288011+00:00,248.21,24.99,248.21,24.99,-93.8,436758593.3911388,8593.4,1072.8,-5898.6,1
2026-04-01T21:55:32.651648+00:00,248.27,25.08,248.27,25.08,-93.8,436758593.3911388,8584.8,1070.3,-5892.7,1
2026-04-01T21:55:33.014553+00:00,248.32,25.15,248.32,25.15,-93.8,436758593.3911388,8577.3,1068.2,-5887.6,1
2026-04-01T21:55:33.418679+00:00,248.38,25.23,248.38,25.23,-93.8,436758593.3911388,8569.0,1065.8,-5881.9,1
2026-04-01T21:55:33.782918+00:00,248.43,25.31,248.43,25.31,-93.8,436758593.3911388,8561.4,1063.7,-5876.7,1
2026-04-01T21:55:34.142588+00:00,248.48,25.38,248.48,25.38,-93.8,436758593.3911388,8553.8,1061.5,-5871.5,1
2026-04-01T21:55:34.546518+00:00,248.53,25.47,248.53,25.47,-93.8,436758593.3911388,8545.3,1059.2,-5865.7,1
2026-04-01T21:55:34.910529+00:00,248.58,25.54,248.58,25.54,-93.8,436758593.3911388,8537.6,1057.0,-5860.4,1
2026-04-01T21:55:35.339674+00:00,248.64,25.63,248.64,25.63,-93.8,436758532.91160053,8528.6,1054.6,-5854.2,1
2026-04-01T21:55:35.743265+00:00,248.70,25.72,248.7,25.72,-93.8,436758532.91160053,8519.9,1052.2,-5848.2,1
2026-04-01T21:55:36.106533+00:00,248.75,25.79,248.75,25.79,-93.8,436758532.91160053,8512.1,1050.1,-5842.8,1
2026-04-01T21:55:36.466644+00:00,248.80,25.87,248.8,25.87,-93.8,436758532.91160053,8504.1,1047.9,-5837.4,1
2026-04-01T21:55:36.875482+00:00,248.86,25.96,248.86,25.96,-93.8,436758532.91160053,8495.3,1045.6,-5831.3,1
2026-04-01T21:55:37.243896+00:00,248.92,26.03,248.92,26.03,-93.8,436758532.91160053,8487.2,1043.4,-5825.8,1
2026-04-01T21:55:37.671382+00:00,248.98,26.12,248.98,26.12,-93.8,436758482.1782443,8477.7,1040.9,-5819.2,1
2026-04-01T21:55:38.083233+00:00,249.04,26.21,249.04,26.21,-93.8,436758482.1782443,8468.6,1038.6,-5813.0,1
2026-04-01T21:55:38.443594+00:00,249.09,26.29,249.09,26.29,-93.8,436758482.1782443,8460.4,1036.5,-5807.4,1
2026-04-01T21:55:38.811498+00:00,249.14,26.37,249.14,26.37,-93.8,436758482.1782443,8452.1,1034.3,-5801.7,1
2026-04-01T21:55:39.219685+00:00,249.20,26.46,249.2,26.46,-93.8,436758482.1782443,8442.8,1032.0,-5795.3,1
2026-04-01T21:55:39.588425+00:00,249.26,26.54,249.26,26.54,-93.8,436758482.1782443,8434.4,1029.8,-5789.5,1
2026-04-01T21:55:40.016614+00:00,249.32,26.63,249.32,26.63,-93.8,436758429.1123773,8424.6,1027.4,-5782.8,1
2026-04-01T21:55:40.423884+00:00,249.39,26.72,249.39,26.72,-93.8,436758429.1123773,8415.1,1025.0,-5776.2,1
2026-04-01T21:55:40.787605+00:00,249.44,26.80,249.44,26.8,-93.8,436758429.1123773,8406.5,1022.9,-5770.3,1
2026-04-01T21:55:41.155999+00:00,249.50,26.88,249.5,26.88,-93.8,436758429.1123773,8397.8,1020.8,-5764.4,1
2026-04-01T21:55:41.563359+00:00,249.56,26.97,249.56,26.97,-93.8,436758429.1123773,8388.1,1018.4,-5757.7,1
2026-04-01T21:55:41.931418+00:00,249.62,27.05,249.62,27.05,-93.8,436758429.1123773,8379.3,1016.3,-5751.7,1
2026-04-01T21:55:42.359600+00:00,249.68,27.15,249.68,27.15,-93.8,436758373.88330036,8369.0,1013.8,-5744.6,1
2026-04-01T21:55:42.768059+00:00,249.75,27.24,249.75,27.24,-93.8,436758373.88330036,8359.2,1011.5,-5737.9,1
2026-04-01T21:55:43.135471+00:00,249.80,27.32,249.8,27.32,-93.8,436758373.88330036,8350.3,1009.4,-5731.8,1
2026-04-01T21:55:43.499914+00:00,249.86,27.40,249.86,27.4,-93.8,436758373.88330036,8341.2,1007.3,-5725.6,1
2026-04-01T21:55:43.907947+00:00,249.93,27.49,249.93,27.49,-93.8,436758373.88330036,8331.1,1005.0,-5718.6,1
2026-04-01T21:55:44.272526+00:00,249.99,27.58,249.99,27.58,-93.8,436758373.88330036,8322.0,1002.9,-5712.4,1
2026-04-01T21:55:44.704214+00:00,250.05,27.67,250.05,27.67,-93.8,436758316.3999608,8311.4,1000.4,-5705.1,1
2026-04-01T21:55:45.106598+00:00,250.12,27.76,250.12,27.76,-93.8,436758316.3999608,8301.1,998.1,-5698.0,1
2026-04-01T21:55:45.471316+00:00,250.18,27.85,250.18,27.85,-93.8,436758316.3999608,8291.8,996.0,-5691.6,1
2026-04-01T21:55:45.834567+00:00,250.24,27.93,250.24,27.93,-93.8,436758316.3999608,8282.5,994.0,-5685.3,1
2026-04-01T21:55:46.238673+00:00,250.31,28.02,250.31,28.02,-93.8,436758316.3999608,8272.1,991.7,-5678.1,1
2026-04-01T21:55:46.602554+00:00,250.37,28.11,250.37,28.11,-93.8,436758316.3999608,8262.7,989.6,-5671.6,1
2026-04-01T21:55:47.026628+00:00,250.44,28.21,250.44,28.21,-93.8,436758256.8096078,8251.6,987.2,-5664.0,1
2026-04-01T21:55:47.430531+00:00,250.51,28.30,250.51,28.3,-93.8,436758256.8096078,8240.9,984.9,-5656.7,1
2026-04-01T21:55:47.794649+00:00,250.57,28.39,250.57,28.39,-93.8,436758256.8096078,8231.3,982.8,-5650.1,1
2026-04-01T21:55:48.187160+00:00,250.63,28.47,250.63,28.47,-93.8,436758256.8096078,8221.6,980.8,-5643.4,1
2026-04-01T21:55:48.582559+00:00,250.70,28.57,250.7,28.57,-93.8,436758256.8096078,8210.2,978.4,-5635.6,1
2026-04-01T21:55:48.946515+00:00,250.76,28.66,250.76,28.66,-93.8,436758256.8096078,8200.4,976.3,-5628.9,1
2026-04-01T21:55:49.370541+00:00,250.84,28.76,250.84,28.76,-93.8,436758194.3432739,8188.8,974.0,-5620.9,1
2026-04-01T21:55:49.774557+00:00,250.91,28.85,250.91,28.85,-93.8,436758194.3432739,8177.8,971.7,-5613.3,1
2026-04-01T21:55:50.143982+00:00,250.97,28.94,250.97,28.94,-93.8,436758194.3432739,8167.7,969.6,-5606.4,1
2026-04-01T21:55:50.508406+00:00,251.04,29.03,251.04,29.03,-93.8,436758194.3432739,8157.6,967.6,-5599.5,1
2026-04-01T21:55:50.920671+00:00,251.11,29.12,251.11,29.12,-93.8,436758194.3432739,8146.2,965.3,-5591.7,1
2026-04-01T21:55:51.283894+00:00,251.18,29.21,251.18,29.21,-93.8,436758194.3432739,8135.8,963.3,-5584.6,1
2026-04-01T21:55:51.711879+00:00,251.25,29.32,251.25,29.32,-93.8,436758129.41780907,8123.8,960.9,-5576.3,1
2026-04-01T21:55:52.119373+00:00,251.33,29.42,251.33,29.42,-93.8,436758129.41780907,8112.1,958.6,-5568.2,1
2026-04-01T21:55:52.484174+00:00,251.39,29.50,251.39,29.5,-93.8,436758129.41780907,8101.6,956.6,-5561.1,1
2026-04-01T21:55:52.851379+00:00,251.46,29.59,251.46,29.59,-93.8,436758129.41780907,8090.9,954.5,-5553.8,1
2026-04-01T21:55:53.319692+00:00,251.53,29.69,251.53,29.69,-93.8,436758079.0394158,8079.0,952.3,-5545.6,1
2026-04-01T21:55:53.687377+00:00,251.61,29.80,251.61,29.8,-93.8,436758079.0394158,8066.5,949.9,-5537.0,1
2026-04-01T21:55:54.051725+00:00,251.68,29.89,251.68,29.89,-93.8,436758079.0394158,8055.6,947.9,-5529.5,1
2026-04-01T21:55:54.464613+00:00,251.76,29.99,251.76,29.99,-93.8,436758079.0394158,8043.6,945.6,-5521.2,1
2026-04-01T21:55:54.827348+00:00,251.83,30.08,251.83,30.08,-93.8,436758079.0394158,8032.5,943.6,-5513.7,1
2026-04-01T21:55:55.256869+00:00,251.91,30.19,251.91,30.19,-93.8,436758025.7139066,8019.6,941.2,-5504.8,1
2026-04-01T21:55:55.663159+00:00,251.99,30.29,251.99,30.29,-93.8,436758025.7139066,8007.2,939.0,-5496.3,1
2026-04-01T21:55:56.031589+00:00,252.06,30.38,252.06,30.38,-93.8,436758025.7139066,7995.9,937.0,-5488.5,1
2026-04-01T21:55:56.395804+00:00,252.13,30.48,252.13,30.48,-93.8,436758025.7139066,7984.6,935.0,-5480.7,1
2026-04-01T21:55:56.868560+00:00,252.21,30.58,252.21,30.58,-93.8,436757972.03343475,7972.0,932.7,-5472.1,1
2026-04-01T21:55:57.231875+00:00,252.29,30.69,252.29,30.69,-93.8,436757972.03343475,7958.6,930.4,-5462.9,1
2026-04-01T21:55:57.599190+00:00,252.37,30.78,252.37,30.78,-93.8,436757972.03343475,7947.1,928.4,-5455.0,1
2026-04-01T21:55:58.007733+00:00,252.45,30.88,252.45,30.88,-93.8,436757972.03343475,7934.1,926.2,-5446.1,1
2026-04-01T21:55:58.375576+00:00,252.52,30.98,252.52,30.98,-93.8,436757972.03343475,7922.3,924.2,-5438.0,1
2026-04-01T21:55:58.799895+00:00,252.61,31.09,252.61,31.09,-93.8,436757915.0779156,7908.7,921.9,-5428.7,1
2026-04-01T21:55:59.212966+00:00,252.69,31.19,252.69,31.19,-93.8,436757915.0779156,7895.5,919.6,-5419.6,1
2026-04-01T21:55:59.575377+00:00,252.77,31.29,252.77,31.29,-93.8,436757915.0779156,7883.5,917.7,-5411.3,1
2026-04-01T21:55:59.942653+00:00,252.84,31.39,252.84,31.39,-93.8,436757915.0779156,7871.4,915.7,-5403.0,1
2026-04-01T21:56:00.406521+00:00,252.93,31.49,252.93,31.49,-93.8,436757858.0192509,7858.0,913.5,-5393.9,1
2026-04-01T21:56:00.770566+00:00,253.01,31.60,253.01,31.6,-93.8,436757858.0192509,7843.9,911.2,-5384.2,1
2026-04-01T21:56:01.134539+00:00,253.09,31.70,253.09,31.7,-93.8,436757858.0192509,7831.7,909.2,-5375.8,1
2026-04-01T21:56:01.538937+00:00,253.18,31.81,253.18,31.81,-93.8,436757858.0192509,7818.0,907.1,-5366.4,1
2026-04-01T21:56:01.902560+00:00,253.25,31.90,253.25,31.9,-93.8,436757858.0192509,7805.6,905.1,-5357.9,1
2026-04-01T21:56:02.326527+00:00,253.34,32.01,253.34,32.01,-93.8,436757797.89823216,7791.1,902.9,-5347.9,1
2026-04-01T21:56:02.730531+00:00,253.43,32.12,253.43,32.12,-93.8,436757797.89823216,7777.0,900.7,-5338.3,1
2026-04-01T21:56:03.094516+00:00,253.51,32.22,253.51,32.22,-93.8,436757797.89823216,7764.5,898.8,-5329.7,1
2026-04-01T21:56:03.462407+00:00,253.59,32.32,253.59,32.32,-93.8,436757797.89823216,7751.7,896.8,-5320.9,1
2026-04-01T21:56:03.922526+00:00,253.68,32.43,253.68,32.43,-93.8,436757737.4798698,7737.5,894.7,-5311.1,1
2026-04-01T21:56:04.286960+00:00,253.77,32.54,253.77,32.54,-93.8,436757737.4798698,7722.3,892.4,-5300.7,1
2026-04-01T21:56:04.650523+00:00,253.86,32.64,253.86,32.64,-93.8,436757737.4798698,7709.3,890.5,-5291.8,1
2026-04-01T21:56:05.060659+00:00,253.95,32.75,253.95,32.75,-93.8,436757737.4798698,7694.8,888.3,-5281.9,1
2026-04-01T21:56:05.423577+00:00,254.03,32.85,254.03,32.85,-93.8,436757737.4798698,7681.5,886.4,-5272.7,1
2026-04-01T21:56:05.851290+00:00,254.13,32.97,254.13,32.97,-93.8,436757673.2308971,7665.9,884.2,-5262.0,1
2026-04-01T21:56:06.260352+00:00,254.22,33.08,254.22,33.08,-93.8,436757673.2308971,7650.8,882.0,-5251.7,1
2026-04-01T21:56:06.627609+00:00,254.31,33.18,254.31,33.18,-93.8,436757673.2308971,7637.2,880.1,-5242.3,1
2026-04-01T21:56:06.992020+00:00,254.39,33.28,254.39,33.28,-93.8,436757673.2308971,7623.6,878.2,-5233.0,1
2026-04-01T21:56:07.459566+00:00,254.49,33.40,254.49,33.4,-93.8,436757608.269865,7608.3,876.0,-5222.4,1
2026-04-01T21:56:07.827394+00:00,254.59,33.52,254.59,33.52,-93.8,436757608.269865,7592.1,873.8,-5211.3,1
2026-04-01T21:56:08.192004+00:00,254.68,33.62,254.68,33.62,-93.8,436757608.269865,7578.2,871.9,-5201.8,1
2026-04-01T21:56:08.603140+00:00,254.77,33.73,254.77,33.73,-93.8,436757608.269865,7562.5,869.8,-5191.0,1
2026-04-01T21:56:08.967967+00:00,254.86,33.84,254.86,33.84,-93.8,436757608.269865,7548.3,867.9,-5181.3,1
2026-04-01T21:56:09.395568+00:00,254.97,33.96,254.97,33.96,-93.8,436757539.4490573,7531.6,865.7,-5169.8,1
2026-04-01T21:56:09.804426+00:00,255.07,34.08,255.07,34.08,-93.8,436757539.4490573,7515.6,863.6,-5158.8,1
2026-04-01T21:56:10.167874+00:00,255.16,34.18,255.16,34.18,-93.8,436757539.4490573,7501.2,861.7,-5149.0,1
2026-04-01T21:56:10.537399+00:00,255.25,34.29,255.25,34.29,-93.8,436757539.4490573,7486.6,859.8,-5138.9,1
2026-04-01T21:56:11.004134+00:00,255.35,34.40,255.35,34.4,-93.8,436757470.19361573,7470.2,857.7,-5127.7,1
2026-04-01T21:56:11.371627+00:00,255.46,34.53,255.46,34.53,-93.8,436757470.19361573,7452.9,855.5,-5115.8,1
2026-04-01T21:56:11.739903+00:00,255.55,34.63,255.55,34.63,-93.8,436757470.19361573,7437.9,853.6,-5105.5,1
2026-04-01T21:56:12.148658+00:00,255.66,34.75,255.66,34.75,-93.8,436757470.19361573,7421.4,851.6,-5094.2,1
2026-04-01T21:56:12.511660+00:00,255.75,34.86,255.75,34.86,-93.8,436757470.19361573,7406.2,849.7,-5083.7,1
2026-04-01T21:56:12.939802+00:00,255.86,34.98,255.86,34.98,-93.8,436757396.8151999,7388.4,847.5,-5071.5,1
2026-04-01T21:56:13.347859+00:00,255.97,35.10,255.97,35.1,-93.8,436757396.8151999,7371.3,845.5,-5059.8,1
2026-04-01T21:56:13.719207+00:00,256.07,35.21,256.07,35.21,-93.8,436757396.8151999,7355.8,843.6,-5049.2,1
2026-04-01T21:56:14.144648+00:00,256.18,35.34,256.18,35.34,-93.8,436757346.07188493,7337.8,841.5,-5036.8,1
2026-04-01T21:56:14.547822+00:00,256.29,35.46,256.29,35.46,-93.8,436757346.07188493,7320.4,839.4,-5024.8,1
2026-04-01T21:56:14.915959+00:00,256.39,35.57,256.39,35.57,-93.8,436757346.07188493,7304.5,837.6,-5013.9,1
2026-04-01T21:56:15.343608+00:00,256.50,35.70,256.5,35.7,-93.8,436757294.6783976,7285.9,835.4,-5001.2,1
2026-04-01T21:56:15.751810+00:00,256.62,35.82,256.62,35.82,-93.8,436757294.6783976,7268.0,833.4,-4988.9,1
2026-04-01T21:56:16.115698+00:00,256.72,35.93,256.72,35.93,-93.8,436757294.6783976,7252.1,831.6,-4977.9,1
2026-04-01T21:56:16.543878+00:00,256.84,36.06,256.84,36.06,-93.8,436757242.0172878,7233.1,829.4,-4964.9,1
2026-04-01T21:56:16.950515+00:00,256.95,36.18,256.95,36.18,-93.8,436757242.0172878,7214.8,827.4,-4952.4,1
2026-04-01T21:56:17.314582+00:00,257.05,36.29,257.05,36.29,-93.8,436757242.0172878,7198.4,825.6,-4941.1,1
2026-04-01T21:56:17.738624+00:00,257.17,36.42,257.17,36.42,-93.8,436757188.2422066,7179.2,823.5,-4927.9,1
2026-04-01T21:56:18.142542+00:00,257.29,36.54,257.29,36.54,-93.8,436757188.2422066,7160.8,821.5,-4915.3,1
2026-04-01T21:56:18.506726+00:00,257.40,36.66,257.4,36.66,-93.8,436757188.2422066,7143.9,819.7,-4903.7,1
2026-04-01T21:56:18.930547+00:00,257.52,36.79,257.52,36.79,-93.8,436757133.58789897,7124.4,817.7,-4890.3,1
2026-04-01T21:56:19.334553+00:00,257.64,36.91,257.64,36.91,-93.8,436757133.58789897,7105.5,815.7,-4877.4,1
2026-04-01T21:56:19.698518+00:00,257.75,37.02,257.75,37.02,-93.8,436757133.58789897,7088.4,813.9,-4865.6,1
2026-04-01T21:56:20.122544+00:00,257.87,37.16,257.87,37.16,-93.8,436757077.7627121,7068.3,811.9,-4851.8,1
2026-04-01T21:56:20.526617+00:00,257.99,37.28,257.99,37.28,-93.8,436757077.7627121,7049.1,809.9,-4838.6,1
2026-04-01T21:56:20.890519+00:00,258.11,37.40,258.11,37.4,-93.8,436757077.7627121,7031.4,808.1,-4826.5,1
2026-04-01T21:56:21.314538+00:00,258.24,37.53,258.24,37.53,-93.8,436757020.7061815,7010.9,806.1,-4812.4,1
2026-04-01T21:56:21.719886+00:00,258.36,37.66,258.36,37.66,-93.8,436757020.7061815,6991.2,804.1,-4798.9,1
2026-04-01T21:56:22.087601+00:00,258.47,37.77,258.47,37.77,-93.8,436757020.7061815,6973.3,802.4,-4786.6,1
2026-04-01T21:56:22.514798+00:00,258.61,37.91,258.61,37.91,-93.8,436756962.1487062,6952.2,800.3,-4772.1,1
2026-04-01T21:56:22.923210+00:00,258.74,38.04,258.74,38.04,-93.8,436756962.1487062,6931.8,798.4,-4758.1,1
2026-04-01T21:56:23.293040+00:00,258.86,38.16,258.86,38.16,-93.8,436756962.1487062,6913.4,796.7,-4745.5,1
2026-04-01T21:56:23.715887+00:00,258.99,38.29,258.99,38.29,-93.8,436756901.89324254,6892.0,794.6,-4730.8,1
2026-04-01T21:56:24.123720+00:00,259.12,38.42,259.12,38.42,-93.8,436756901.89324254,6871.2,792.7,-4716.5,1
2026-04-01T21:56:24.492108+00:00,259.24,38.54,259.24,38.54,-93.8,436756901.89324254,6852.3,791.0,-4703.6,1
2026-04-01T21:56:24.921438+00:00,259.39,38.68,259.39,38.68,-93.8,436756840.64473677,6830.2,789.0,-4688.4,1
2026-04-01T21:56:25.327678+00:00,259.52,38.81,259.52,38.81,-93.8,436756840.64473677,6809.2,787.1,-4674.0,1
2026-04-01T21:56:25.691601+00:00,259.64,38.93,259.64,38.93,-93.8,436756840.64473677,6790.0,785.4,-4660.8,1
2026-04-01T21:56:26.119559+00:00,259.79,39.07,259.79,39.07,-93.8,436756778.03826725,6767.4,783.4,-4645.2,1
2026-04-01T21:56:26.528008+00:00,259.93,39.20,259.93,39.2,-93.8,436756778.03826725,6745.7,781.5,-4630.4,1
2026-04-01T21:56:26.895216+00:00,260.05,39.33,260.05,39.33,-93.8,436756778.03826725,6726.0,779.8,-4616.8,1
2026-04-01T21:56:27.324683+00:00,260.20,39.47,260.2,39.47,-93.8,436756713.8483366,6703.2,777.8,-4601.2,1
2026-04-01T21:56:27.727686+00:00,260.34,39.60,260.34,39.6,-93.8,436756713.8483366,6681.0,776.0,-4585.9,1
2026-04-01T21:56:28.095711+00:00,260.47,39.72,260.47,39.72,-93.8,436756713.8483366,6660.9,774.3,-4572.1,1
2026-04-01T21:56:28.523930+00:00,260.62,39.86,260.62,39.86,-93.8,436756648.42635065,6637.3,772.3,-4556.0,1
2026-04-01T21:56:28.935006+00:00,260.77,40.00,260.77,40.0,-93.8,436756648.42635065,6614.7,770.5,-4540.4,1
2026-04-01T21:56:29.296220+00:00,260.90,40.12,260.9,40.12,-93.8,436756648.42635065,6594.4,768.8,-4526.5,1
2026-04-01T21:56:29.723597+00:00,261.06,40.27,261.06,40.27,-93.8,436756581.5894932,6570.2,766.9,-4509.9,1
2026-04-01T21:56:30.131589+00:00,261.21,40.40,261.21,40.4,-93.8,436756581.5894932,6547.1,765.0,-4494.1,1
2026-04-01T21:56:30.500209+00:00,261.34,40.53,261.34,40.53,-93.8,436756581.5894932,6526.1,763.4,-4479.6,1
2026-04-01T21:56:30.927941+00:00,261.51,40.67,261.51,40.67,-93.8,436756513.10586464,6501.5,761.5,-4462.8,1
2026-04-01T21:56:31.335587+00:00,261.66,40.81,261.66,40.81,-93.8,436756513.10586464,6478.1,759.7,-4446.7,1
2026-04-01T21:56:31.698520+00:00,261.80,40.93,261.8,40.93,-93.8,436756513.10586464,6456.7,758.0,-4432.0,1
2026-04-01T21:56:32.122533+00:00,261.96,41.08,261.96,41.08,-93.8,436756443.4911923,6431.6,756.1,-4414.7,1
2026-04-01T21:56:32.526626+00:00,262.12,41.22,262.12,41.22,-93.8,436756443.4911923,6407.7,754.4,-4398.3,1
2026-04-01T21:56:32.890530+00:00,262.26,41.34,262.26,41.34,-93.8,436756443.4911923,6386.0,752.8,-4383.5,1
2026-04-01T21:56:33.314631+00:00,262.43,41.49,262.43,41.49,-93.8,436756372.753301,6360.6,750.9,-4366.0,1
2026-04-01T21:56:33.718521+00:00,262.59,41.63,262.59,41.63,-93.8,436756372.753301,6336.2,749.2,-4349.3,1
2026-04-01T21:56:34.091966+00:00,262.73,41.75,262.73,41.75,-93.8,436756372.753301,6314.1,747.6,-4334.1,1
2026-04-01T21:56:34.510684+00:00,262.91,41.90,262.91,41.9,-93.8,436756299.9418297,6288.1,745.7,-4316.3,1
2026-04-01T21:56:34.915186+00:00,263.07,42.04,263.07,42.04,-93.8,436756299.9418297,6263.2,744.0,-4299.2,1
2026-04-01T21:56:35.278694+00:00,263.22,42.17,263.22,42.17,-93.8,436756299.9418297,6240.6,742.4,-4283.6,1
2026-04-01T21:56:35.702524+00:00,263.40,42.32,263.4,42.32,-93.8,436756226.50366056,6214.1,740.6,-4265.4,1
2026-04-01T21:56:36.106602+00:00,263.57,42.46,263.57,42.46,-93.8,436756226.50366056,6188.4,738.9,-4247.8,1
2026-04-01T21:56:36.470574+00:00,263.72,42.59,263.72,42.59,-93.8,436756226.50366056,6165.3,737.3,-4232.0,1
2026-04-01T21:56:36.899178+00:00,263.90,42.74,263.9,42.74,-93.8,436756151.2024704,6138.2,735.6,-4213.4,1
2026-04-01T21:56:37.308033+00:00,264.08,42.88,264.08,42.88,-93.8,436756151.2024704,6111.9,733.8,-4195.3,1
2026-04-01T21:56:37.671745+00:00,264.24,43.01,264.24,43.01,-93.8,436756151.2024704,6088.5,732.3,-4179.2,1
2026-04-01T21:56:38.099644+00:00,264.43,43.16,264.43,43.16,-93.8,436756073.71388453,6060.6,730.5,-4160.1,1
2026-04-01T21:56:38.509552+00:00,264.61,43.30,264.61,43.3,-93.8,436756073.71388453,6033.8,728.8,-4141.7,1
2026-04-01T21:56:38.875469+00:00,264.77,43.43,264.77,43.43,-93.8,436756073.71388453,6009.5,727.3,-4125.0,1
2026-04-01T21:56:39.307422+00:00,264.96,43.59,264.96,43.59,-93.8,436755994.4504847,5981.2,725.6,-4105.6,1
2026-04-01T21:56:39.711627+00:00,265.15,43.73,265.15,43.73,-93.8,436755994.4504847,5953.6,723.9,-4086.6,1
2026-04-01T21:56:40.080640+00:00,265.32,43.86,265.32,43.86,-93.8,436755994.4504847,5928.9,722.4,-4069.7,1
2026-04-01T21:56:40.504715+00:00,265.52,44.02,265.52,44.02,-93.8,436755913.4353899,5900.1,720.7,-4049.9,1
2026-04-01T21:56:40.911290+00:00,265.71,44.16,265.71,44.16,-93.8,436755913.4353899,5872.2,719.0,-4030.8,1
2026-04-01T21:56:41.280270+00:00,265.88,44.30,265.88,44.3,-93.8,436755913.4353899,5846.8,717.5,-4013.4,1
2026-04-01T21:56:41.707882+00:00,266.09,44.45,266.09,44.45,-93.8,436755831.1242185,5817.2,715.8,-3993.0,1
2026-04-01T21:56:42.115577+00:00,266.28,44.60,266.28,44.6,-93.8,436755831.1242185,5788.7,714.2,-3973.5,1
2026-04-01T21:56:42.480401+00:00,266.46,44.73,266.46,44.73,-93.8,436755831.1242185,5763.1,712.7,-3955.9,1
2026-04-01T21:56:42.911393+00:00,266.67,44.88,266.67,44.88,-93.8,436755747.0994093,5732.9,711.1,-3935.1,1
2026-04-01T21:56:43.319965+00:00,266.87,45.03,266.87,45.03,-93.8,436755747.0994093,5703.8,709.5,-3915.2,1
2026-04-01T21:56:43.683738+00:00,267.06,45.17,267.06,45.17,-93.8,436755747.0994093,5677.5,708.0,-3897.1,1
2026-04-01T21:56:44.111618+00:00,267.27,45.32,267.27,45.32,-93.8,436755661.05365974,5646.6,706.4,-3875.9,1
2026-04-01T21:56:44.523789+00:00,267.48,45.47,267.48,45.47,-93.8,436755661.05365974,5617.0,704.8,-3855.6,1
2026-04-01T21:56:44.888454+00:00,267.67,45.60,267.67,45.6,-93.8,436755661.05365974,5590.1,703.4,-3837.1,1
2026-04-01T21:56:45.310538+00:00,267.89,45.76,267.89,45.76,-93.8,436755573.34655637,5558.9,701.7,-3815.7,1
2026-04-01T21:56:45.714520+00:00,268.10,45.91,268.1,45.91,-93.8,436755573.34655637,5528.6,700.2,-3794.9,1
2026-04-01T21:56:46.078531+00:00,268.30,46.04,268.3,46.04,-93.8,436755573.34655637,5501.5,698.8,-3776.3,1
2026-04-01T21:56:46.502627+00:00,268.52,46.20,268.52,46.2,-93.8,436755484.9163676,5469.7,697.2,-3754.5,1
2026-04-01T21:56:46.906521+00:00,268.74,46.35,268.74,46.35,-93.8,436755484.9163676,5439.2,695.7,-3733.5,1
2026-04-01T21:56:47.270653+00:00,268.94,46.48,268.94,46.48,-93.8,436755484.9163676,5411.5,694.3,-3714.5,1
2026-04-01T21:56:47.694515+00:00,269.17,46.64,269.17,46.64,-93.8,436755394.5815438,5379.1,692.8,-3692.3,1
2026-04-01T21:56:48.102522+00:00,269.40,46.79,269.4,46.79,-93.8,436755394.5815438,5348.0,691.3,-3670.9,1
2026-04-01T21:56:48.462593+00:00,269.60,46.92,269.6,46.92,-93.8,436755394.5815438,5319.8,690.0,-3651.6,1
2026-04-01T21:56:48.890524+00:00,269.84,47.08,269.84,47.08,-93.8,436755302.5056952,5286.7,688.4,-3628.9,1
2026-04-01T21:56:49.294603+00:00,270.07,47.23,270.07,47.23,-93.8,436755302.5056952,5255.0,687.0,-3607.1,1
2026-04-01T21:56:49.662804+00:00,270.28,47.36,270.28,47.36,-93.8,436755302.5056952,5226.2,685.6,-3587.4,1
2026-04-01T21:56:50.084276+00:00,270.53,47.52,270.53,47.52,-93.8,436755208.00521624,5192.6,684.1,-3564.3,1
2026-04-01T21:56:50.497137+00:00,270.77,47.67,270.77,47.67,-93.8,436755208.00521624,5159.9,682.7,-3541.8,1
2026-04-01T21:56:50.859194+00:00,270.99,47.81,270.99,47.81,-93.8,436755208.00521624,5130.3,681.4,-3521.5,1
2026-04-01T21:56:51.288200+00:00,271.24,47.96,271.24,47.96,-93.8,436755112.02371025,5095.6,679.9,-3497.7,1
2026-04-01T21:56:51.695966+00:00,271.49,48.12,271.49,48.12,-93.8,436755112.02371025,5062.4,678.5,-3474.9,1
2026-04-01T21:56:52.063751+00:00,271.72,48.25,271.72,48.25,-93.8,436755112.02371025,5032.2,677.2,-3454.2,1
2026-04-01T21:56:52.492440+00:00,271.98,48.41,271.98,48.41,-93.8,436755013.55746484,4997.2,675.7,-3430.2,1
2026-04-01T21:56:52.959373+00:00,272.23,48.56,272.23,48.56,-93.8,436754963.37647057,4963.4,674.3,-3406.9,1
2026-04-01T21:56:53.323613+00:00,272.50,48.72,272.5,48.72,-93.8,436754963.37647057,4927.6,672.9,-3382.4,1
2026-04-01T21:56:53.795509+00:00,272.78,48.88,272.78,48.88,-93.8,436754908.60977,4891.6,671.4,-3357.7,1
2026-04-01T21:56:54.220170+00:00,273.04,49.03,273.04,49.03,-93.8,436754857.1981433,4857.2,670.1,-3334.1,1
2026-04-01T21:56:54.587593+00:00,273.32,49.19,273.32,49.19,-93.8,436754857.1981433,4820.7,668.6,-3309.0,1
2026-04-01T21:56:55.056636+00:00,273.63,49.36,273.63,49.36,-93.8,436754801.29364115,4780.5,667.1,-3281.4,1
2026-04-01T21:56:55.483698+00:00,273.87,49.50,273.87,49.5,-93.8,436754748.8103683,4748.8,665.9,-3259.7,1
2026-04-01T21:56:55.892091+00:00,274.16,49.66,274.16,49.66,-93.8,436754748.8103683,4711.7,664.5,-3234.2,1
2026-04-01T21:56:56.319867+00:00,274.48,49.83,274.48,49.83,-93.8,436754688.393073,4670.8,663.0,-3206.1,1
2026-04-01T21:56:56.684061+00:00,274.73,49.96,274.73,49.96,-93.8,436754688.393073,4638.5,661.8,-3183.9,1
2026-04-01T21:56:57.095584+00:00,275.01,50.11,275.01,50.11,-93.8,436754688.393073,4602.7,660.5,-3159.4,1
2026-04-01T21:56:57.523949+00:00,275.31,50.27,275.31,50.27,-93.8,436754582.31824684,4564.7,659.2,-3133.3,1
2026-04-01T21:56:57.951222+00:00,275.57,50.41,275.57,50.41,-93.8,436754531.89432716,4531.9,658.0,-3110.8,1
2026-04-01T21:56:58.359592+00:00,275.90,50.58,275.9,50.58,-93.8,436754531.89432716,4489.4,656.6,-3081.6,1
2026-04-01T21:56:58.786329+00:00,276.21,50.74,276.21,50.74,-93.8,436754468.9133328,4450.6,655.3,-3055.0,1
2026-04-01T21:56:59.215877+00:00,276.48,50.87,276.48,50.87,-93.8,436754417.5120207,4417.5,654.2,-3032.3,1
2026-04-01T21:56:59.623218+00:00,276.83,51.04,276.83,51.04,-93.8,436754417.5120207,4374.6,652.7,-3002.8,1
2026-04-01T21:57:00.052068+00:00,277.15,51.20,277.15,51.2,-93.8,436754353.5063292,4334.8,651.5,-2975.5,1
2026-04-01T21:57:00.475615+00:00,277.42,51.33,277.42,51.33,-93.8,436754301.15821254,4301.2,650.4,-2952.4,1
2026-04-01T21:57:00.883189+00:00,277.78,51.50,277.78,51.5,-93.8,436754301.15821254,4257.6,649.0,-2922.5,1
2026-04-01T21:57:01.311962+00:00,278.11,51.66,278.11,51.66,-93.8,436754236.40631676,4217.4,647.8,-2894.9,1
2026-04-01T21:57:01.738616+00:00,278.39,51.79,278.39,51.79,-93.8,436754182.7735052,4182.8,646.7,-2871.1,1
2026-04-01T21:57:02.142532+00:00,278.76,51.96,278.76,51.96,-93.8,436754182.7735052,4138.4,645.4,-2840.7,1
2026-04-01T21:57:02.566564+00:00,279.10,52.11,279.1,52.11,-93.8,436754117.3685917,4098.0,644.2,-2813.0,1
2026-04-01T21:57:02.990675+00:00,279.39,52.24,279.39,52.24,-93.8,436754063.16243345,4063.2,643.1,-2789.0,1
2026-04-01T21:57:03.398576+00:00,279.76,52.41,279.76,52.41,-93.8,436754063.16243345,4018.5,641.9,-2758.3,1
2026-04-01T21:57:03.822549+00:00,280.11,52.56,280.11,52.56,-93.8,436753996.63536817,3977.4,640.7,-2730.1,1
2026-04-01T21:57:04.246529+00:00,280.41,52.69,280.41,52.69,-93.8,436753941.940158,3941.9,639.7,-2705.8,1
2026-04-01T21:57:04.650527+00:00,280.80,52.85,280.8,52.85,-93.8,436753941.940158,3896.5,638.5,-2674.6,1
2026-04-01T21:57:05.079534+00:00,281.16,53.00,281.16,53.0,-93.8,436753874.35069406,3854.8,637.3,-2646.0,1
2026-04-01T21:57:05.499569+00:00,281.47,53.13,281.47,53.13,-93.8,436753818.8452583,3818.8,636.4,-2621.3,1
2026-04-01T21:57:05.902563+00:00,281.87,53.29,281.87,53.29,-93.8,436753818.8452583,3772.2,635.2,-2589.3,1
2026-04-01T21:57:06.326571+00:00,282.24,53.44,282.24,53.44,-93.8,436753750.11052376,3729.8,634.1,-2560.2,1
2026-04-01T21:57:06.751894+00:00,282.56,53.57,282.56,53.57,-93.8,436753693.26526356,3693.3,633.1,-2535.1,1
2026-04-01T21:57:07.160071+00:00,282.97,53.73,282.97,53.73,-93.8,436753693.26526356,3646.4,632.0,-2502.9,1
2026-04-01T21:57:07.587587+00:00,283.35,53.87,283.35,53.87,-93.8,436753623.3838356,3602.9,630.9,-2473.1,1
2026-04-01T21:57:08.014753+00:00,283.69,54.00,283.69,54.0,-93.8,436753565.4210474,3565.4,630.0,-2447.4,1
2026-04-01T21:57:08.423612+00:00,284.12,54.16,284.12,54.16,-93.8,436753565.4210474,3517.5,628.9,-2414.4,1
2026-04-01T21:57:08.851604+00:00,284.51,54.30,284.51,54.3,-93.8,436753494.15320176,3473.4,627.8,-2384.2,1
2026-04-01T21:57:09.281369+00:00,284.85,54.42,284.85,54.42,-93.8,436753435.74688786,3435.7,627.0,-2358.4,1
2026-04-01T21:57:09.687376+00:00,285.29,54.58,285.29,54.58,-93.8,436753435.74688786,3387.0,625.9,-2324.9,1
2026-04-01T21:57:10.115261+00:00,285.70,54.72,285.7,54.72,-93.8,436753362.66759396,3342.3,624.9,-2294.2,1
2026-04-01T21:57:10.540051+00:00,286.06,54.84,286.06,54.84,-93.8,436753303.6648146,3303.7,624.0,-2267.7,1
2026-04-01T21:57:10.950553+00:00,286.51,55.00,286.51,55.0,-93.8,436753303.6648146,3254.3,623.0,-2233.8,1
2026-04-01T21:57:11.374573+00:00,286.93,55.13,286.93,55.13,-93.8,436753230.0705045,3208.9,622.0,-2202.7,1
2026-04-01T21:57:11.902514+00:00,287.35,55.27,287.35,55.27,-93.8,436753163.5690477,3163.6,621.1,-2171.5,1
2026-04-01T21:57:12.266668+00:00,287.82,55.42,287.82,55.42,-93.8,436753163.5690477,3113.8,620.1,-2137.4,1
2026-04-01T21:57:12.690531+00:00,288.25,55.55,288.25,55.55,-93.8,436753089.63151217,3068.3,619.2,-2106.1,1
2026-04-01T21:57:13.154530+00:00,288.66,55.68,288.66,55.68,-93.8,436753024.70960414,3024.7,618.4,-2076.2,1
2026-04-01T21:57:13.518627+00:00,289.10,55.81,289.1,55.81,-93.8,436753024.70960414,2978.8,617.5,-2044.7,1
2026-04-01T21:57:13.982570+00:00,289.54,55.94,289.54,55.94,-93.8,436752954.252162,2932.6,616.6,-2013.0,1
2026-04-01T21:57:14.406517+00:00,289.97,56.06,289.97,56.06,-93.8,436752888.0738351,2888.1,615.8,-1982.4,1
2026-04-01T21:57:14.770825+00:00,290.42,56.19,290.42,56.19,-93.8,436752888.0738351,2841.6,615.0,-1950.5,1
2026-04-01T21:57:15.239271+00:00,290.91,56.33,290.91,56.33,-93.8,436752817.149215,2790.4,614.1,-1915.4,1
2026-04-01T21:57:15.662518+00:00,291.31,56.44,291.31,56.44,-93.8,436752750.20227635,2750.2,613.4,-1887.8,1
2026-04-01T21:57:16.073712+00:00,291.77,56.56,291.77,56.56,-93.8,436752750.20227635,2703.1,612.6,-1855.5,1
2026-04-01T21:57:16.496331+00:00,292.28,56.69,292.28,56.69,-93.8,436752672.7721988,2651.0,611.7,-1819.7,1
2026-04-01T21:57:16.923845+00:00,292.69,56.80,292.69,56.8,-93.8,436752609.814501,2609.8,611.1,-1791.4,1
2026-04-01T21:57:17.337352+00:00,293.22,56.93,293.22,56.93,-93.8,436752609.814501,2557.3,610.2,-1755.3,1
2026-04-01T21:57:17.765109+00:00,293.70,57.05,293.7,57.05,-93.8,436752531.10079557,2509.0,609.5,-1722.2,1
2026-04-01T21:57:18.187692+00:00,294.12,57.15,294.12,57.15,-93.8,436752467.3913806,2467.4,608.9,-1693.7,1
2026-04-01T21:57:18.595378+00:00,294.65,57.27,294.65,57.27,-93.8,436752467.3913806,2414.3,608.1,-1657.2,1
2026-04-01T21:57:19.024294+00:00,295.15,57.39,295.15,57.39,-93.8,436752388.5519443,2365.5,607.4,-1623.7,1
2026-04-01T21:57:19.451626+00:00,295.58,57.48,295.58,57.48,-93.8,436752323.48830014,2323.5,606.8,-1594.9,1
2026-04-01T21:57:19.859371+00:00,296.13,57.60,296.13,57.6,-93.8,436752323.48830014,2269.8,606.0,-1558.1,1
2026-04-01T21:57:20.288390+00:00,296.64,57.71,296.64,57.71,-93.8,436752243.83579284,2220.6,605.4,-1524.3,1
2026-04-01T21:57:20.715863+00:00,297.07,57.80,297.07,57.8,-93.8,436752178.63201314,2178.6,604.8,-1495.4,1
2026-04-01T21:57:21.123709+00:00,297.64,57.92,297.64,57.92,-93.8,436752178.63201314,2124.4,604.1,-1458.2,1
2026-04-01T21:57:21.556060+00:00,298.16,58.02,298.16,58.02,-93.8,436752097.67204773,2074.7,603.5,-1424.1,1
2026-04-01T21:57:21.979897+00:00,298.61,58.10,298.61,58.1,-93.8,436752031.9223082,2031.9,603.0,-1394.7,1
2026-04-01T21:57:22.387377+00:00,299.19,58.21,299.19,58.21,-93.8,436752031.9223082,1977.2,602.4,-1357.2,1
2026-04-01T21:57:22.815733+00:00,299.72,58.31,299.72,58.31,-93.8,436751950.2589973,1927.0,601.8,-1322.7,1
2026-04-01T21:57:23.244738+00:00,300.18,58.39,300.18,58.39,-93.8,436751883.9506715,1884.0,601.3,-1293.2,1
2026-04-01T21:57:23.647366+00:00,300.77,58.49,300.77,58.49,-93.8,436751883.9506715,1828.7,600.7,-1255.3,1
2026-04-01T21:57:24.079707+00:00,301.31,58.58,301.31,58.58,-93.8,436751802.026118,1778.2,600.2,-1220.6,1
2026-04-01T21:57:24.504312+00:00,301.78,58.66,301.78,58.66,-93.8,436751734.59990853,1734.6,599.7,-1190.7,1
2026-04-01T21:57:24.911785+00:00,302.38,58.75,302.38,58.75,-93.8,436751734.59990853,1679.1,599.2,-1152.5,1
2026-04-01T21:57:25.339204+00:00,302.94,58.83,302.94,58.83,-93.8,436751652.09774023,1628.1,598.7,-1117.6,1
2026-04-01T21:57:25.763132+00:00,303.42,58.90,303.42,58.9,-93.8,436751584.2497012,1584.2,598.3,-1087.5,1
2026-04-01T21:57:26.170585+00:00,304.02,58.99,304.02,58.99,-93.8,436751584.2497012,1528.8,597.8,-1049.4,1
2026-04-01T21:57:26.595339+00:00,304.58,59.06,304.58,59.06,-93.8,436751501.7782986,1478.0,597.4,-1014.5,1
2026-04-01T21:57:27.024079+00:00,305.07,59.13,305.07,59.13,-93.8,436751433.79617053,1433.8,597.0,-984.2,1
2026-04-01T21:57:27.426590+00:00,305.69,59.21,305.69,59.21,-93.8,436751433.79617053,1378.1,596.6,-946.0,1
2026-04-01T21:57:27.850605+00:00,306.25,59.27,306.25,59.27,-93.8,436751350.7933908,1327.0,596.2,-910.8,1
2026-04-01T21:57:28.274556+00:00,306.75,59.33,306.75,59.33,-93.8,436751282.8836424,1282.9,595.8,-880.6,1
2026-04-01T21:57:28.678588+00:00,307.38,59.40,307.38,59.4,-93.8,436751282.8836424,1226.3,595.4,-841.7,1
2026-04-01T21:57:29.102656+00:00,307.96,59.46,307.96,59.46,-93.8,436751199.4043483,1174.8,595.1,-806.4,1
2026-04-01T21:57:29.534563+00:00,308.46,59.51,308.46,59.51,-93.8,436751130.13859236,1130.1,594.8,-775.7,1
2026-04-01T21:57:29.938676+00:00,309.09,59.58,309.09,59.58,-93.8,436751130.13859236,1073.7,594.4,-737.0,1
2026-04-01T21:57:30.366651+00:00,309.69,59.63,309.69,59.63,-93.8,436751046.2269764,1021.4,594.1,-701.1,1
2026-04-01T21:57:30.789546+00:00,310.19,59.67,310.19,59.67,-93.8,436750977.1553295,977.2,593.9,-670.7,1
2026-04-01T21:57:31.194576+00:00,310.83,59.73,310.83,59.73,-93.8,436750977.1553295,920.5,593.6,-631.8,1
2026-04-01T21:57:31.618663+00:00,311.42,59.77,311.42,59.77,-93.8,436750892.8794143,868.6,593.3,-596.2,1
2026-04-01T21:57:32.042595+00:00,311.93,59.81,311.93,59.81,-93.8,436750823.99494094,824.0,593.1,-565.6,1
2026-04-01T21:57:32.446605+00:00,312.59,59.86,312.59,59.86,-93.8,436750823.99494094,766.6,592.9,-526.2,1
2026-04-01T21:57:32.870660+00:00,313.19,59.89,313.19,59.89,-93.8,436750739.3922502,714.5,592.6,-490.5,1
2026-04-01T21:57:33.298660+00:00,313.70,59.92,313.7,59.92,-93.8,436750669.78709215,669.8,592.5,-459.8,1
2026-04-01T21:57:33.702569+00:00,314.36,59.96,314.36,59.96,-93.8,436750669.78709215,612.2,592.3,-420.2,1
2026-04-01T21:57:34.126947+00:00,314.96,59.99,314.96,59.99,-93.8,436750584.9313393,560.1,592.1,-384.5,1
2026-04-01T21:57:34.554577+00:00,315.48,60.01,315.48,60.01,-93.8,436750515.1242473,515.1,592.0,-353.6,1
2026-04-01T21:57:34.957598+00:00,316.14,60.04,316.14,60.04,-93.8,436750515.1242473,457.9,591.8,-314.3,1
2026-04-01T21:57:35.382652+00:00,316.76,60.06,316.76,60.06,-93.8,436750430.17761964,405.1,591.7,-278.0,1
2026-04-01T21:57:35.810564+00:00,317.28,60.08,317.28,60.08,-93.8,436750359.89038974,359.9,591.6,-247.0,1
2026-04-01T21:57:36.215010+00:00,317.94,60.10,317.94,60.1,-93.8,436750359.89038974,302.8,591.5,-207.8,1
2026-04-01T21:57:36.646227+00:00,318.55,60.11,318.55,60.11,-93.8,436750274.8429285,249.9,591.4,-171.5,1
2026-04-01T21:57:37.067177+00:00,319.08,60.12,319.08,60.12,-93.8,436750204.84094924,204.8,591.3,-140.6,1
2026-04-01T21:57:37.470604+00:00,319.74,60.13,319.74,60.13,-93.8,436750204.84094924,147.5,591.3,-101.2,1
2026-04-01T21:57:37.894524+00:00,320.35,60.13,320.35,60.13,-93.8,436750119.5470282,95.0,591.2,-65.2,1
2026-04-01T21:57:38.318714+00:00,320.88,60.13,320.88,60.13,-93.8,436750049.95128435,50.0,591.2,-34.3,1
2026-04-01T21:57:38.722515+00:00,321.55,60.13,321.55,60.13,-93.8,436750049.95128435,-8.0,591.2,5.5,1
2026-04-01T21:57:39.146564+00:00,322.15,60.13,322.15,60.13,-93.8,436749964.6305404,-60.0,591.2,41.2,1
2026-04-01T21:57:39.570534+00:00,322.68,60.12,322.68,60.12,-93.8,436749894.52096134,-105.5,591.2,72.4,1
2026-04-01T21:57:39.974536+00:00,323.35,60.12,323.35,60.12,-93.8,436749894.52096134,-162.9,591.3,111.8,1
2026-04-01T21:57:40.402545+00:00,323.96,60.10,323.96,60.1,-93.8,436749809.71554744,-215.3,591.3,147.8,1
2026-04-01T21:57:40.827600+00:00,324.48,60.09,324.48,60.09,-93.8,436749739.629029,-260.4,591.4,178.7,1
2026-04-01T21:57:41.235867+00:00,325.15,60.07,325.15,60.07,-93.8,436749739.629029,-318.1,591.5,218.4,1
2026-04-01T21:57:41.667654+00:00,325.76,60.05,325.76,60.05,-93.8,436749653.7597382,-371.1,591.6,254.7,1
2026-04-01T21:57:42.091374+00:00,326.29,60.03,326.29,60.03,-93.8,436749583.4333175,-416.6,591.7,285.9,1
2026-04-01T21:57:42.499977+00:00,326.95,60.00,326.95,60.0,-93.8,436749583.4333175,-474.3,591.8,325.6,1
2026-04-01T21:57:42.927579+00:00,327.56,59.97,327.56,59.97,-93.8,436749497.71581066,-527.1,592.0,361.8,1
2026-04-01T21:57:43.355220+00:00,328.08,59.95,328.08,59.95,-93.8,436749427.54846525,-572.5,592.1,392.9,1
2026-04-01T21:57:43.763755+00:00,328.74,59.91,328.74,59.91,-93.8,436749427.54846525,-629.6,592.3,432.2,1
2026-04-01T21:57:44.191405+00:00,329.34,59.87,329.34,59.87,-93.8,436749342.052988,-682.2,592.5,468.3,1
2026-04-01T21:57:44.619975+00:00,329.86,59.84,329.86,59.84,-93.8,436749272.62869024,-727.4,592.7,499.3,1
2026-04-01T21:57:45.026683+00:00,330.52,59.79,330.52,59.79,-93.8,436749272.62869024,-785.5,592.9,539.2,1
2026-04-01T21:57:45.451649+00:00,331.11,59.75,331.11,59.75,-93.8,436749186.969425,-837.4,593.2,574.8,1
2026-04-01T21:57:45.874538+00:00,331.62,59.70,331.62,59.7,-93.8,436749118.0757931,-881.9,593.4,605.4,1
2026-04-01T21:57:46.278667+00:00,332.27,59.65,332.27,59.65,-93.8,436749118.0757931,-938.7,593.7,644.3,1
2026-04-01T21:57:46.706987+00:00,332.85,59.60,332.85,59.6,-93.8,436749033.7531957,-990.5,594.0,679.9,1
2026-04-01T21:57:47.126533+00:00,333.35,59.55,333.35,59.55,-93.8,436748965.23275477,-1034.8,594.2,710.3,1
2026-04-01T21:57:47.531234+00:00,333.99,59.49,333.99,59.49,-93.8,436748965.23275477,-1091.9,594.6,749.5,1
2026-04-01T21:57:47.954519+00:00,334.57,59.43,334.57,59.43,-93.8,436748881.1061338,-1143.4,594.9,784.9,1
2026-04-01T21:57:48.378532+00:00,335.07,59.37,335.07,59.37,-93.8,436748812.39211726,-1187.6,595.2,815.2,1
2026-04-01T21:57:48.782606+00:00,335.69,59.30,335.69,59.3,-93.8,436748812.39211726,-1243.8,595.6,853.8,1
2026-04-01T21:57:49.211663+00:00,336.26,59.23,336.26,59.23,-93.8,436748729.34247756,-1295.1,595.9,889.0,1
2026-04-01T21:57:49.634523+00:00,336.75,59.17,336.75,59.17,-93.8,436748660.75979364,-1339.2,596.3,919.3,1
2026-04-01T21:57:50.039679+00:00,337.37,59.09,337.37,59.09,-93.8,436748660.75979364,-1395.0,596.7,957.6,1
2026-04-01T21:57:50.467551+00:00,337.94,59.02,337.94,59.02,-93.8,436748577.71824557,-1446.5,597.1,992.9,1
2026-04-01T21:57:50.895461+00:00,338.42,58.95,338.42,58.95,-93.8,436748509.33678424,-1490.7,597.5,1023.2,1
2026-04-01T21:57:51.304552+00:00,339.03,58.86,339.03,58.86,-93.8,436748509.33678424,-1546.3,598.0,1061.4,1
2026-04-01T21:57:51.735616+00:00,339.58,58.78,339.58,58.78,-93.8,436748426.1025497,-1597.4,598.4,1096.5,1
2026-04-01T21:57:52.159906+00:00,340.06,58.71,340.06,58.71,-93.8,436748358.8660924,-1641.1,598.8,1126.5,1
2026-04-01T21:57:52.567210+00:00,340.66,58.61,340.66,58.61,-93.8,436748358.8660924,-1697.0,599.4,1164.8,1
2026-04-01T21:57:52.992463+00:00,341.21,58.52,341.21,58.52,-93.8,436748275.7980465,-1747.7,599.9,1199.7,1
2026-04-01T21:57:53.419379+00:00,341.67,58.44,341.67,58.44,-93.8,436748208.78779787,-1791.2,600.3,1229.5,1
2026-04-01T21:57:53.827927+00:00,342.26,58.34,342.26,58.34,-93.8,436748208.78779787,-1846.4,600.9,1267.4,1
2026-04-01T21:57:54.256140+00:00,342.79,58.25,342.79,58.25,-93.8,436748126.82892174,-1896.8,601.5,1302.0,1
2026-04-01T21:57:54.683471+00:00,343.25,58.16,343.25,58.16,-93.8,436748059.9719687,-1940.0,601.9,1331.7,1
2026-04-01T21:57:55.091667+00:00,343.83,58.05,343.83,58.05,-93.8,436748059.9719687,-1994.8,602.6,1369.3,1
2026-04-01T21:57:55.524912+00:00,344.35,57.95,344.35,57.95,-93.8,436747978.7208841,-2044.7,603.2,1403.5,1
2026-04-01T21:57:55.947889+00:00,344.80,57.86,344.8,57.86,-93.8,436747912.3947746,-2087.6,603.7,1433.0,1
2026-04-01T21:57:56.355593+00:00,345.36,57.75,345.36,57.75,-93.8,436747912.3947746,-2141.9,604.4,1470.2,1
2026-04-01T21:57:56.787602+00:00,345.87,57.64,345.87,57.64,-93.8,436747831.87566733,-2191.4,605.0,1504.2,1
2026-04-01T21:57:57.211901+00:00,346.31,57.54,346.31,57.54,-93.8,436747766.1378429,-2233.9,605.6,1533.4,1
2026-04-01T21:57:57.619393+00:00,346.86,57.42,346.86,57.42,-93.8,436747766.1378429,-2287.6,606.3,1570.3,1
2026-04-01T21:57:58.048680+00:00,347.36,57.31,347.36,57.31,-93.8,436747686.41473424,-2336.8,607.0,1604.0,1
2026-04-01T21:57:58.475598+00:00,347.78,57.21,347.78,57.21,-93.8,436747621.29418224,-2378.7,607.6,1632.8,1
2026-04-01T21:57:58.887384+00:00,348.32,57.08,348.32,57.08,-93.8,436747621.29418224,-2432.0,608.3,1669.4,1
2026-04-01T21:57:59.316328+00:00,348.80,56.97,348.8,56.97,-93.8,436747541.91180944,-2480.6,609.1,1702.7,1
2026-04-01T21:57:59.744924+00:00,349.22,56.86,349.22,56.86,-93.8,436747477.9720955,-2522.0,609.7,1731.2,1
2026-04-01T21:58:00.146548+00:00,349.74,56.73,349.74,56.73,-93.8,436747477.9720955,-2575.2,610.5,1767.7,1
2026-04-01T21:58:00.570535+00:00,350.21,56.61,350.21,56.61,-93.8,436747399.9331038,-2622.8,611.3,1800.3,1
2026-04-01T21:58:00.994614+00:00,350.61,56.50,350.61,56.5,-93.8,436747336.5614014,-2663.4,611.9,1828.2,1
2026-04-01T21:58:01.403690+00:00,351.12,56.37,351.12,56.37,-93.8,436747336.5614014,-2715.1,612.8,1863.7,1
2026-04-01T21:58:01.826556+00:00,351.57,56.24,351.57,56.24,-93.8,436747259.72707796,-2762.1,613.6,1896.0,1
2026-04-01T21:58:02.250531+00:00,351.96,56.13,351.96,56.13,-93.8,436747197.6361581,-2802.4,614.3,1923.6,1
2026-04-01T21:58:02.654524+00:00,352.45,55.99,352.45,55.99,-93.8,436747197.6361581,-2853.4,615.2,1958.6,1
2026-04-01T21:58:03.078542+00:00,352.90,55.86,352.9,55.86,-93.8,436747121.834001,-2900.3,616.0,1990.8,1
2026-04-01T21:58:03.502706+00:00,353.28,55.75,353.28,55.75,-93.8,436747059.9194954,-2940.1,616.8,2018.1,1
2026-04-01T21:58:03.906529+00:00,353.76,55.60,353.76,55.6,-93.8,436747059.9194954,-2990.5,617.7,2052.8,1
2026-04-01T21:58:04.330549+00:00,354.19,55.47,354.19,55.47,-93.8,436746985.4637427,-3036.4,618.6,2084.3,1
2026-04-01T21:58:04.759777+00:00,354.56,55.35,354.56,55.35,-93.8,436746924.3180267,-3075.7,619.3,2111.2,1
2026-04-01T21:58:05.163380+00:00,355.02,55.20,355.02,55.2,-93.8,436746924.3180267,-3125.5,620.3,2145.4,1
2026-04-01T21:58:05.592297+00:00,355.45,55.07,355.45,55.07,-93.8,436746850.261696,-3171.3,621.3,2176.8,1
2026-04-01T21:58:06.019568+00:00,355.81,54.95,355.81,54.95,-93.8,436746789.5772894,-3210.4,622.1,2203.7,1
2026-04-01T21:58:06.427906+00:00,356.26,54.79,356.26,54.79,-93.8,436746789.5772894,-3260.0,623.1,2237.7,1
2026-04-01T21:58:06.860425+00:00,356.68,54.65,356.68,54.65,-93.8,436746716.04664505,-3305.1,624.1,2268.7,1
2026-04-01T21:58:07.284001+00:00,357.02,54.53,357.02,54.53,-93.8,436746656.6810781,-3343.3,624.9,2294.9,1
2026-04-01T21:58:07.692955+00:00,357.46,54.37,357.46,54.37,-93.8,436746656.6810781,-3392.3,626.0,2328.5,1
2026-04-01T21:58:08.120675+00:00,357.87,54.23,357.87,54.23,-93.8,436746583.4413751,-3437.2,627.0,2359.3,1
2026-04-01T21:58:08.545496+00:00,358.20,54.10,358.2,54.1,-93.8,436746525.13500565,-3474.9,627.9,2385.2,1
2026-04-01T21:58:08.951174+00:00,358.63,53.94,358.63,53.94,-93.8,436746525.13500565,-3523.1,629.0,2418.3,1
2026-04-01T21:58:09.379594+00:00,359.02,53.80,359.02,53.8,-93.8,436746453.74338543,-3566.9,630.0,2448.4,1
2026-04-01T21:58:09.807730+00:00,359.35,53.67,359.35,53.67,-93.8,436746395.51988804,-3604.5,630.9,2474.2,1
2026-04-01T21:58:10.215597+00:00,359.77,53.51,359.77,53.51,-93.8,436746395.51988804,-3652.0,632.1,2506.8,1
2026-04-01T21:58:10.642666+00:00,0.14,53.36,0.14,53.36,-93.8,436746325.126645,-3694.8,633.2,2536.2,1
2026-04-01T21:58:11.066624+00:00,0.46,53.23,0.46,53.23,-93.8,436746268.25506496,-3731.7,634.1,2561.5,1
2026-04-01T21:58:11.470563+00:00,0.86,53.07,0.86,53.07,-93.8,436746268.25506496,-3778.1,635.3,2593.4,1
2026-04-01T21:58:11.899884+00:00,1.22,52.92,1.22,52.92,-93.8,436746199.4118498,-3820.3,636.4,2622.3,1
2026-04-01T21:58:12.318575+00:00,1.53,52.79,1.53,52.79,-93.8,436746143.2882524,-3856.7,637.4,2647.3,1
2026-04-01T21:58:12.722524+00:00,1.92,52.62,1.92,52.62,-93.8,436746143.2882524,-3902.4,638.6,2678.7,1
2026-04-01T21:58:13.150567+00:00,2.27,52.47,2.27,52.47,-93.8,436746075.90685785,-3943.9,639.7,2707.2,1
2026-04-01T21:58:13.574591+00:00,2.57,52.34,2.57,52.34,-93.8,436746020.6486156,-3979.4,640.7,2731.5,1
2026-04-01T21:58:13.978549+00:00,2.94,52.17,2.94,52.17,-93.8,436746020.6486156,-4024.3,642.0,2762.3,1
2026-04-01T21:58:14.402533+00:00,3.28,52.02,3.28,52.02,-93.8,436745953.95651746,-4065.1,643.2,2790.4,1
2026-04-01T21:58:14.827200+00:00,3.57,51.89,3.57,51.89,-93.8,436745899.595641,-4100.4,644.2,2814.6,1
2026-04-01T21:58:15.230551+00:00,3.94,51.72,3.94,51.72,-93.8,436745899.595641,-4144.6,645.5,2844.9,1
2026-04-01T21:58:15.661072+00:00,4.27,51.56,4.27,51.56,-93.8,436745834.36145115,-4184.8,646.7,2872.5,1
2026-04-01T21:58:16.088234+00:00,4.55,51.43,4.55,51.43,-93.8,436745780.48855954,-4219.5,647.8,2896.3,1
2026-04-01T21:58:16.496093+00:00,4.91,51.26,4.91,51.26,-93.8,436745780.48855954,-4263.4,649.2,2926.5,1
2026-04-01T21:58:16.927198+00:00,5.23,51.10,5.23,51.1,-93.8,436745715.4691968,-4303.1,650.4,2953.7,1
2026-04-01T21:58:17.351581+00:00,5.50,50.97,5.5,50.97,-93.8,436745663.1150337,-4336.9,651.5,2976.9,1
2026-04-01T21:58:17.759910+00:00,5.85,50.79,5.85,50.79,-93.8,436745663.1150337,-4380.2,652.9,3006.6,1
2026-04-01T21:58:18.187887+00:00,6.16,50.63,6.16,50.63,-93.8,436745598.78069925,-4419.6,654.2,3033.7,1
2026-04-01T21:58:18.615199+00:00,6.42,50.50,6.42,50.5,-93.8,436745547.2883346,-4452.7,655.3,3056.4,1
2026-04-01T21:58:19.026518+00:00,6.76,50.33,6.76,50.33,-93.8,436745547.2883346,-4495.2,656.8,3085.6,1
2026-04-01T21:58:19.452656+00:00,7.06,50.17,7.06,50.17,-93.8,436745483.8613249,-4533.6,658.1,3111.9,1
2026-04-01T21:58:19.880527+00:00,7.32,50.03,7.32,50.03,-93.8,436745433.59888124,-4566.4,659.2,3134.5,1
2026-04-01T21:58:20.289022+00:00,7.64,49.86,7.64,49.86,-93.8,436745433.59888124,-4608.1,660.7,3163.1,1
2026-04-01T21:58:20.716657+00:00,7.93,49.70,7.93,49.7,-93.8,436745371.3843646,-4645.9,662.1,3189.1,1
2026-04-01T21:58:21.079919+00:00,8.18,49.56,8.18,49.56,-93.8,436745371.3843646,-4678.2,663.2,3211.2,1
2026-04-01T21:58:21.487847+00:00,8.46,49.41,8.46,49.41,-93.8,436745371.3843646,-4713.9,664.6,3235.7,1
2026-04-01T21:58:21.915358+00:00,8.74,49.25,8.74,49.25,-93.8,436745266.4459173,-4751.0,665.9,3261.2,1
2026-04-01T21:58:22.287693+00:00,8.98,49.11,8.98,49.11,-93.8,436745266.4459173,-4782.7,667.2,3283.0,1
2026-04-01T21:58:22.693094+00:00,9.25,48.96,9.25,48.96,-93.8,436745266.4459173,-4817.4,668.5,3306.8,1
2026-04-01T21:58:23.115618+00:00,9.53,48.80,9.53,48.8,-93.8,436745162.7928762,-4854.2,669.9,3332.0,1
2026-04-01T21:58:23.483810+00:00,9.76,48.67,9.76,48.67,-93.8,436745162.7928762,-4885.1,671.1,3353.2,1
2026-04-01T21:58:23.891364+00:00,10.02,48.51,10.02,48.51,-93.8,436745162.7928762,-4919.6,672.5,3376.9,1
2026-04-01T21:58:24.319406+00:00,10.29,48.35,10.29,48.35,-93.8,436745061.57975954,-4955.3,674.0,3401.4,1
2026-04-01T21:58:24.683674+00:00,10.51,48.22,10.51,48.22,-93.8,436745061.57975954,-4985.5,675.2,3422.2,1
2026-04-01T21:58:25.091522+00:00,10.76,48.07,10.76,48.07,-93.8,436745061.57975954,-5019.3,676.6,3445.3,1
2026-04-01T21:58:25.519895+00:00,11.02,47.91,11.02,47.91,-93.8,436744962.02764106,-5054.5,678.1,3469.5,1
2026-04-01T21:58:25.887702+00:00,11.24,47.77,11.24,47.77,-93.8,436744962.02764106,-5084.6,679.4,3490.1,1
2026-04-01T21:58:26.295726+00:00,11.49,47.62,11.49,47.62,-93.8,436744962.02764106,-5117.8,680.8,3513.0,1
2026-04-01T21:58:26.723988+00:00,11.74,47.46,11.74,47.46,-93.8,436744863.9714879,-5152.3,682.3,3536.6,1
2026-04-01T21:58:27.088371+00:00,11.95,47.32,11.95,47.32,-93.8,436744863.9714879,-5181.4,683.6,3556.6,1
2026-04-01T21:58:27.499252+00:00,12.19,47.17,12.19,47.17,-93.8,436744863.9714879,-5214.0,685.0,3579.0,1
2026-04-01T21:58:27.922524+00:00,12.44,47.01,12.44,47.01,-93.8,436744767.7851136,-5247.9,686.6,3602.2,1
2026-04-01T21:58:28.286720+00:00,12.64,46.87,12.64,46.87,-93.8,436744767.7851136,-5276.8,687.9,3622.1,1
2026-04-01T21:58:28.690522+00:00,12.87,46.72,12.87,46.72,-93.8,436744767.7851136,-5308.4,689.4,3643.8,1
2026-04-01T21:58:29.115288+00:00,13.11,46.57,13.11,46.57,-93.8,436744674.3879357,-5341.3,690.9,3666.4,1
2026-04-01T21:58:29.478547+00:00,13.31,46.43,13.31,46.43,-93.8,436744674.3879357,-5369.4,692.3,3685.7,1
2026-04-01T21:58:29.882565+00:00,13.53,46.28,13.53,46.28,-93.8,436744674.3879357,-5400.4,693.8,3706.9,1
2026-04-01T21:58:30.311746+00:00,13.76,46.12,13.76,46.12,-93.8,436744582.66882825,-5432.7,695.3,3729.1,1
2026-04-01T21:58:30.675645+00:00,13.95,45.99,13.95,45.99,-93.8,436744582.66882825,-5460.3,696.7,3748.0,1
2026-04-01T21:58:31.078551+00:00,14.17,45.84,14.17,45.84,-93.8,436744582.66882825,-5490.7,698.2,3768.9,1
2026-04-01T21:58:31.502951+00:00,14.39,45.68,14.39,45.68,-93.8,436744492.40478367,-5522.4,699.8,3790.7,1
2026-04-01T21:58:31.866537+00:00,14.58,45.55,14.58,45.55,-93.8,436744492.40478367,-5549.4,701.2,3809.2,1
2026-04-01T21:58:32.270700+00:00,14.79,45.40,14.79,45.4,-93.8,436744492.40478367,-5579.6,702.8,3829.9,1
2026-04-01T21:58:32.698535+00:00,15.01,45.24,15.01,45.24,-93.8,436744404.1591897,-5610.6,704.4,3851.2,1
2026-04-01T21:58:33.063575+00:00,15.19,45.11,15.19,45.11,-93.8,436744404.1591897,-5637.2,705.8,3869.4,1
2026-04-01T21:58:33.471319+00:00,15.40,44.96,15.4,44.96,-93.8,436744404.1591897,-5666.7,707.4,3889.7,1
2026-04-01T21:58:33.898635+00:00,15.61,44.80,15.61,44.8,-93.8,436744317.0225876,-5697.5,709.0,3910.8,1
2026-04-01T21:58:34.263455+00:00,15.79,44.67,15.79,44.67,-93.8,436744317.0225876,-5723.4,710.5,3928.7,1
2026-04-01T21:58:34.666511+00:00,15.99,44.52,15.99,44.52,-93.8,436744317.0225876,-5752.1,712.1,3948.3,1
2026-04-01T21:58:35.090519+00:00,16.19,44.37,16.19,44.37,-93.8,436744231.99513304,-5782.0,713.7,3968.8,1
2026-04-01T21:58:35.455890+00:00,16.37,44.24,16.37,44.24,-93.8,436744231.99513304,-5807.4,715.2,3986.3,1
2026-04-01T21:58:35.858559+00:00,16.56,44.09,16.56,44.09,-93.8,436744231.99513304,-5835.5,716.8,4005.6,1
2026-04-01T21:58:36.282666+00:00,16.76,43.94,16.76,43.94,-93.8,436744148.8644886,-5865.1,718.5,4025.9,1
2026-04-01T21:58:36.646514+00:00,16.93,43.81,16.93,43.81,-93.8,436744148.8644886,-5890.1,720.0,4043.0,1
2026-04-01T21:58:37.050700+00:00,17.12,43.66,17.12,43.66,-93.8,436744148.8644886,-5917.6,721.6,4061.9,1
2026-04-01T21:58:37.474517+00:00,17.31,43.51,17.31,43.51,-93.8,436744067.3784812,-5946.3,723.4,4081.6,1
2026-04-01T21:58:37.838640+00:00,17.47,43.38,17.47,43.38,-93.8,436744067.3784812,-5970.8,724.8,4098.4,1
2026-04-01T21:58:38.246546+00:00,17.66,43.23,17.66,43.23,-93.8,436744067.3784812,-5997.7,726.5,4116.9,1
2026-04-01T21:58:38.670528+00:00,17.84,43.08,17.84,43.08,-93.8,436743987.28920615,-6025.8,728.2,4136.2,1
2026-04-01T21:58:39.036959+00:00,18.01,42.95,18.01,42.95,-93.8,436743987.28920615,-6049.8,729.8,4152.7,1
2026-04-01T21:58:39.443953+00:00,18.18,42.81,18.18,42.81,-93.8,436743987.28920615,-6076.5,731.5,4171.0,1
2026-04-01T21:58:39.870637+00:00,18.37,42.65,18.37,42.65,-93.8,436743908.7087006,-6104.3,733.2,4190.1,1
2026-04-01T21:58:40.234535+00:00,18.53,42.52,18.53,42.52,-93.8,436743908.7087006,-6127.8,734.8,4206.2,1
2026-04-01T21:58:40.638533+00:00,18.70,42.38,18.7,42.38,-93.8,436743908.7087006,-6154.0,736.5,4224.2,1
2026-04-01T21:58:41.062575+00:00,18.88,42.23,18.88,42.23,-93.8,436743831.9321742,-6180.9,738.3,4242.7,1
2026-04-01T21:58:41.426524+00:00,19.03,42.10,19.03,42.1,-93.8,436743831.9321742,-6203.9,739.8,4258.5,1
2026-04-01T21:58:41.830759+00:00,19.20,41.96,19.2,41.96,-93.8,436743831.9321742,-6229.3,741.6,4275.9,1
2026-04-01T21:58:42.258510+00:00,19.37,41.81,19.37,41.81,-93.8,436743756.85790414,-6255.7,743.4,4294.0,1
2026-04-01T21:58:42.622515+00:00,19.52,41.69,19.52,41.69,-93.8,436743756.85790414,-6278.2,744.9,4309.5,1
2026-04-01T21:58:43.026638+00:00,19.68,41.55,19.68,41.55,-93.8,436743756.85790414,-6303.1,746.7,4326.5,1
2026-04-01T21:58:43.450544+00:00,19.85,41.40,19.85,41.4,-93.8,436743683.1159894,-6329.0,748.5,4344.3,1
2026-04-01T21:58:43.814519+00:00,20.00,41.27,20.0,41.27,-93.8,436743683.1159894,-6351.0,750.1,4359.4,1
2026-04-01T21:58:44.218541+00:00,20.15,41.13,20.15,41.13,-93.8,436743683.1159894,-6375.4,751.9,4376.2,1
2026-04-01T21:58:44.642523+00:00,20.32,40.99,20.32,40.99,-93.8,436743611.13466144,-6400.9,753.8,4393.7,1
2026-04-01T21:58:45.012558+00:00,20.46,40.86,20.46,40.86,-93.8,436743611.13466144,-6422.6,755.4,4408.6,1
2026-04-01T21:58:45.419410+00:00,20.62,40.72,20.62,40.72,-93.8,436743611.13466144,-6446.4,757.1,4424.9,1
2026-04-01T21:58:45.848174+00:00,20.78,40.58,20.78,40.58,-93.8,436743540.1150763,-6471.5,759.0,4442.1,1
2026-04-01T21:58:46.211556+00:00,20.92,40.45,20.92,40.45,-93.8,436743540.1150763,-6493.1,760.7,4456.9,1
2026-04-01T21:58:46.618562+00:00,21.07,40.31,21.07,40.31,-93.8,436743540.1150763,-6516.4,762.5,4473.0,1
2026-04-01T21:58:47.042564+00:00,21.23,40.17,21.23,40.17,-93.8,436743470.6974474,-6540.9,764.4,4489.8,1
2026-04-01T21:58:47.406565+00:00,21.36,40.04,21.36,40.04,-93.8,436743470.6974474,-6561.6,766.1,4504.0,1
2026-04-01T21:58:47.815767+00:00,21.51,39.91,21.51,39.91,-93.8,436743470.6974474,-6584.4,767.9,4519.7,1
2026-04-01T21:58:48.238544+00:00,21.66,39.76,21.66,39.76,-93.8,436743402.84193933,-6608.2,769.8,4536.0,1
2026-04-01T21:58:48.602775+00:00,21.79,39.64,21.79,39.64,-93.8,436743402.84193933,-6628.6,771.5,4550.0,1
2026-04-01T21:58:49.007270+00:00,21.93,39.51,21.93,39.51,-93.8,436743402.84193933,-6650.8,773.3,4565.2,1
2026-04-01T21:58:49.430553+00:00,22.08,39.37,22.08,39.37,-93.8,436743336.72994566,-6674.1,775.2,4581.2,1
2026-04-01T21:58:49.793578+00:00,22.21,39.24,22.21,39.24,-93.8,436743336.72994566,-6694.2,776.9,4595.0,1
2026-04-01T21:58:50.198529+00:00,22.35,39.11,22.35,39.11,-93.8,436743336.72994566,-6715.8,778.8,4609.9,1
2026-04-01T21:58:50.622525+00:00,22.49,38.97,22.49,38.97,-93.8,436743272.02499884,-6738.8,780.7,4625.7,1
2026-04-01T21:58:50.986563+00:00,22.62,38.85,22.62,38.85,-93.8,436743272.02499884,-6758.3,782.4,4639.0,1
2026-04-01T21:58:51.390571+00:00,22.75,38.72,22.75,38.72,-93.8,436743272.02499884,-6779.7,784.3,4653.7,1
2026-04-01T21:58:51.819982+00:00,22.90,38.58,22.9,38.58,-93.8,436743208.64173704,-6802.0,786.3,4669.0,1
2026-04-01T21:58:52.189006+00:00,23.02,38.46,23.02,38.46,-93.8,436743208.64173704,-6821.2,788.0,4682.2,1
2026-04-01T21:58:52.595404+00:00,23.15,38.33,23.15,38.33,-93.8,436743208.64173704,-6842.2,789.9,4696.6,1
2026-04-01T21:58:53.024721+00:00,23.29,38.19,23.29,38.19,-93.8,436743145.9356787,-6864.2,791.9,4711.7,1
2026-04-01T21:58:53.391484+00:00,23.41,38.07,23.41,38.07,-93.8,436743145.9356787,-6883.0,793.6,4724.6,1
2026-04-01T21:58:53.799932+00:00,23.54,37.94,23.54,37.94,-93.8,436743145.9356787,-6903.7,795.6,4738.8,1
2026-04-01T21:58:54.227626+00:00,23.68,37.80,23.68,37.8,-93.8,436743084.5939864,-6925.3,797.6,4753.7,1
2026-04-01T21:58:54.591252+00:00,23.79,37.68,23.79,37.68,-93.8,436743084.5939864,-6943.7,799.4,4766.3,1
2026-04-01T21:58:54.999469+00:00,23.92,37.55,23.92,37.55,-93.8,436743084.5939864,-6964.0,801.3,4780.2,1
2026-04-01T21:58:55.427851+00:00,24.05,37.42,24.05,37.42,-93.8,436743024.81726015,-6985.1,803.3,4794.7,1
2026-04-01T21:58:55.795036+00:00,24.16,37.30,24.16,37.3,-93.8,436743024.81726015,-7003.1,805.1,4807.1,1
2026-04-01T21:58:56.203587+00:00,24.29,37.17,24.29,37.17,-93.8,436743024.81726015,-7023.0,807.1,4820.7,1
2026-04-01T21:58:56.632460+00:00,24.42,37.04,24.42,37.04,-93.8,436742966.10257673,-7043.4,809.1,4834.7,1
2026-04-01T21:58:56.995474+00:00,24.53,36.93,24.53,36.93,-93.8,436742966.10257673,-7061.0,810.9,4846.8,1
2026-04-01T21:58:57.403578+00:00,24.65,36.80,24.65,36.8,-93.8,436742966.10257673,-7080.4,812.9,4860.1,1
2026-04-01T21:58:57.831637+00:00,24.78,36.66,24.78,36.66,-93.8,436742908.8440233,-7100.6,815.0,4874.0,1
2026-04-01T21:58:58.200991+00:00,24.88,36.55,24.88,36.55,-93.8,436742908.8440233,-7117.9,816.8,4885.8,1
2026-04-01T21:58:58.612213+00:00,25.00,36.42,25.0,36.42,-93.8,436742908.8440233,-7136.7,818.7,4898.8,1
2026-04-01T21:58:59.036295+00:00,25.13,36.29,25.13,36.29,-93.8,436742852.4184585,-7156.5,820.8,4912.3,1
2026-04-01T21:58:59.399626+00:00,25.23,36.18,25.23,36.18,-93.8,436742852.4184585,-7173.3,822.6,4923.9,1
2026-04-01T21:58:59.808987+00:00,25.35,36.05,25.35,36.05,-93.8,436742852.4184585,-7191.9,824.7,4936.7,1
2026-04-01T21:59:00.230520+00:00,25.47,35.92,25.47,35.92,-93.8,436742797.7506353,-7211.3,826.8,4949.9,1
2026-04-01T21:59:00.594528+00:00,25.57,35.81,25.57,35.81,-93.8,436742797.7506353,-7227.7,828.6,4961.2,1
2026-04-01T21:59:01.003847+00:00,25.68,35.69,25.68,35.69,-93.8,436742797.7506353,-7245.6,830.6,4973.5,1
2026-04-01T21:59:01.426528+00:00,25.80,35.56,25.8,35.56,-93.8,436742744.34616655,-7264.4,832.7,4986.4,1
2026-04-01T21:59:01.790669+00:00,25.90,35.45,25.9,35.45,-93.8,436742744.34616655,-7280.3,834.5,4997.3,1
2026-04-01T21:59:02.194528+00:00,26.01,35.33,26.01,35.33,-93.8,436742744.34616655,-7298.0,836.5,5009.4,1
2026-04-01T21:59:02.618527+00:00,26.12,35.21,26.12,35.21,-93.8,436742692.25626934,-7316.3,838.7,5022.0,1
2026-04-01T21:59:02.982533+00:00,26.22,35.10,26.22,35.1,-93.8,436742692.25626934,-7332.0,840.5,5032.8,1
2026-04-01T21:59:03.386538+00:00,26.33,34.98,26.33,34.98,-93.8,436742692.25626934,-7349.2,842.5,5044.6,1
2026-04-01T21:59:03.815969+00:00,26.44,34.85,26.44,34.85,-93.8,436742641.23481715,-7367.3,844.7,5057.1,1
2026-04-01T21:59:04.174841+00:00,26.53,34.74,26.53,34.74,-93.8,436742641.23481715,-7382.6,846.5,5067.6,1
2026-04-01T21:59:04.578536+00:00,26.64,34.63,26.64,34.63,-93.8,436742641.23481715,-7399.4,848.6,5079.0,1
2026-04-01T21:59:04.943374+00:00,26.73,34.52,26.73,34.52,-93.8,436742641.23481715,-7414.6,850.4,5089.5,1
2026-04-01T21:59:05.373831+00:00,26.83,34.41,26.83,34.41,-93.8,436742570.40018266,-7429.6,852.3,5099.8,1
2026-04-01T21:59:05.779974+00:00,26.94,34.28,26.94,34.28,-93.8,436742570.40018266,-7448.7,854.7,5112.9,1
2026-04-01T21:59:06.147571+00:00,27.04,34.17,27.04,34.17,-93.8,436742570.40018266,-7463.7,856.6,5123.2,1
2026-04-01T21:59:06.517079+00:00,27.13,34.06,27.13,34.06,-93.8,436742570.40018266,-7478.5,858.4,5133.4,1
2026-04-01T21:59:06.924418+00:00,27.23,33.95,27.23,33.95,-93.8,436742570.40018266,-7494.7,860.5,5144.5,1
2026-04-01T21:59:07.347589+00:00,27.33,33.82,27.33,33.82,-93.8,436742496.12546796,-7511.7,862.7,5156.1,1
2026-04-01T21:59:07.715863+00:00,27.42,33.72,27.42,33.72,-93.8,436742496.12546796,-7526.2,864.6,5166.1,1
2026-04-01T21:59:08.123582+00:00,27.52,33.60,27.52,33.6,-93.8,436742496.12546796,-7542.2,866.7,5177.1,1
2026-04-01T21:59:08.488805+00:00,27.61,33.50,27.61,33.5,-93.8,436742496.12546796,-7556.5,868.6,5186.9,1
2026-04-01T21:59:08.919211+00:00,27.70,33.39,27.7,33.39,-93.8,436742429.4650249,-7570.5,870.5,5196.5,1
2026-04-01T21:59:09.323604+00:00,27.81,33.26,27.81,33.26,-93.8,436742429.4650249,-7588.5,873.0,5208.9,1
2026-04-01T21:59:09.691182+00:00,27.90,33.16,27.9,33.16,-93.8,436742429.4650249,-7602.5,874.9,5218.5,1
2026-04-01T21:59:10.055688+00:00,27.98,33.06,27.98,33.06,-93.8,436742429.4650249,-7616.2,876.8,5227.9,1
2026-04-01T21:59:10.463962+00:00,28.08,32.94,28.08,32.94,-93.8,436742429.4650249,-7631.6,878.9,5238.4,1
2026-04-01T21:59:10.891195+00:00,28.18,32.82,28.18,32.82,-93.8,436742359.9741271,-7647.5,881.2,5249.4,1
2026-04-01T21:59:11.259952+00:00,28.26,32.72,28.26,32.72,-93.8,436742359.9741271,-7661.1,883.1,5258.7,1
2026-04-01T21:59:11.667879+00:00,28.35,32.61,28.35,32.61,-93.8,436742359.9741271,-7676.1,885.3,5269.0,1
2026-04-01T21:59:12.032031+00:00,28.44,32.51,28.44,32.51,-93.8,436742359.9741271,-7689.4,887.2,5278.1,1
2026-04-01T21:59:12.459551+00:00,28.52,32.41,28.52,32.41,-93.8,436742297.2879866,-7702.7,889.1,5287.3,1
2026-04-01T21:59:12.867573+00:00,28.62,32.28,28.62,32.28,-93.8,436742297.2879866,-7719.5,891.6,5298.8,1
2026-04-01T21:59:13.235883+00:00,28.71,32.18,28.71,32.18,-93.8,436742297.2879866,-7732.7,893.5,5307.8,1
2026-04-01T21:59:13.604480+00:00,28.79,32.08,28.79,32.08,-93.8,436742297.2879866,-7745.6,895.5,5316.7,1
2026-04-01T21:59:14.016491+00:00,28.87,31.97,28.87,31.97,-93.8,436742297.2879866,-7760.0,897.7,5326.6,1
2026-04-01T21:59:14.440938+00:00,28.97,31.86,28.97,31.86,-93.8,436742231.81691766,-7774.9,899.9,5336.8,1
2026-04-01T21:59:14.807124+00:00,29.05,31.76,29.05,31.76,-93.8,436742231.81691766,-7787.7,901.9,5345.6,1
2026-04-01T21:59:15.210522+00:00,29.13,31.65,29.13,31.65,-93.8,436742231.81691766,-7801.8,904.1,5355.3,1
2026-04-01T21:59:15.574527+00:00,29.21,31.55,29.21,31.55,-93.8,436742231.81691766,-7814.2,906.0,5363.8,1
2026-04-01T21:59:15.998764+00:00,29.29,31.46,29.29,31.46,-93.8,436742173.46359926,-7826.5,908.0,5372.3,1
2026-04-01T21:59:16.402551+00:00,29.39,31.33,29.39,31.33,-93.8,436742173.46359926,-7842.2,910.5,5383.0,1
2026-04-01T21:59:16.766942+00:00,29.46,31.24,29.46,31.24,-93.8,436742173.46359926,-7854.4,912.4,5391.4,1
2026-04-01T21:59:17.130511+00:00,29.54,31.14,29.54,31.14,-93.8,436742173.46359926,-7866.5,914.4,5399.7,1
2026-04-01T21:59:17.534587+00:00,29.62,31.04,29.62,31.04,-93.8,436742173.46359926,-7880.0,916.6,5408.9,1
2026-04-01T21:59:17.958517+00:00,29.71,30.93,29.71,30.93,-93.8,436742112.75429547,-7893.9,918.9,5418.5,1
2026-04-01T21:59:18.322546+00:00,29.78,30.83,29.78,30.83,-93.8,436742112.75429547,-7905.7,920.9,5426.6,1
2026-04-01T21:59:18.727164+00:00,29.86,30.73,29.86,30.73,-93.8,436742112.75429547,-7918.8,923.1,5435.6,1
2026-04-01T21:59:19.094431+00:00,29.94,30.63,29.94,30.63,-93.8,436742112.75429547,-7930.5,925.1,5443.6,1
2026-04-01T21:59:19.514676+00:00,30.01,30.54,30.01,30.54,-93.8,436742057.9086352,-7942.1,927.0,5451.6,1
2026-04-01T21:59:19.923242+00:00,30.10,30.42,30.1,30.42,-93.8,436742057.9086352,-7956.8,929.6,5461.7,1
2026-04-01T21:59:20.292347+00:00,30.17,30.33,30.17,30.33,-93.8,436742057.9086352,-7968.4,931.6,5469.6,1
2026-04-01T21:59:20.659161+00:00,30.24,30.23,30.24,30.23,-93.8,436742057.9086352,-7979.9,933.6,5477.5,1
2026-04-01T21:59:21.068051+00:00,30.32,30.13,30.32,30.13,-93.8,436742057.9086352,-7992.4,935.8,5486.1,1
2026-04-01T21:59:21.497196+00:00,30.40,30.02,30.4,30.02,-93.8,436742000.49500775,-8005.6,938.2,5495.2,1
2026-04-01T21:59:21.859464+00:00,30.48,29.93,30.48,29.93,-93.8,436742000.49500775,-8016.8,940.2,5502.9,1
2026-04-01T21:59:22.266755+00:00,30.55,29.83,30.55,29.83,-93.8,436742000.49500775,-8029.2,942.4,5511.4,1
2026-04-01T21:59:22.613475+00:00,30.62,29.74,30.62,29.74,-93.8,436742000.49500775,-8040.3,944.5,5519.0,1
