t,az_cmd,el_cmd,az_act,el_act,rssi,freq_hz,doppler_hz,range_km,range_rate,packets
2026-04-01T19:18:46.178920+00:00,143.24,0.00,143.24,0.0,-79.8,433010005.63265836,10005.6,2578.1,-6927.5,0
2026-04-01T19:18:46.626683+00:00,143.22,0.03,143.22,0.03,-79.8,433010005.63265836,10004.5,2574.3,-6926.8,0
2026-04-01T19:18:47.070723+00:00,143.20,0.05,143.2,0.05,-79.8,433010005.63265836,10003.7,2571.2,-6926.1,0
2026-04-01T19:18:47.558613+00:00,143.18,0.08,143.18,0.08,-79.8,433010005.63265836,10002.7,2567.9,-6925.5,0
2026-04-01T19:18:48.002689+00:00,143.16,0.10,143.16,0.1,-79.8,433010005.63265836,10001.8,2564.8,-6924.8,0
2026-04-01T19:18:48.490857+00:00,143.14,0.12,143.14,0.12,-79.8,433010005.63265836,10000.8,2561.7,-6924.2,0
2026-04-01T19:18:48.934617+00:00,143.11,0.15,143.11,0.15,-79.8,433010005.63265836,9999.8,2558.3,-6923.5,0
2026-04-01T19:18:49.378719+00:00,143.10,0.17,143.1,0.17,-79.8,433010005.63265836,9998.9,2555.2,-6922.9,0
2026-04-01T19:18:49.867840+00:00,143.07,0.20,143.07,0.2,-79.8,433010005.63265836,9997.9,2551.9,-6922.2,0
2026-04-01T19:18:50.310771+00:00,143.05,0.22,143.05,0.22,-79.8,433010005.63265836,9996.9,2548.8,-6921.5,0
2026-04-01T19:18:50.798765+00:00,143.03,0.24,143.03,0.24,-79.8,433010005.63265836,9996.0,2545.7,-6920.8,0
2026-04-01T19:18:51.242688+00:00,143.01,0.27,143.01,0.27,-79.8,433010005.63265836,9995.0,2542.4,-6920.1,0
2026-04-01T19:18:51.690913+00:00,142.99,0.29,142.99,0.29,-79.8,433010005.63265836,9994.0,2539.2,-6919.5,0
2026-04-01T19:18:52.175764+00:00,142.97,0.32,142.97,0.32,-79.8,433010005.63265836,9992.9,2535.9,-6918.7,0
2026-04-01T19:18:52.627377+00:00,142.95,0.34,142.95,0.34,-79.8,433010005.63265836,9992.0,2532.8,-6918.1,0
2026-04-01T19:18:53.115256+00:00,142.93,0.36,142.93,0.36,-79.8,433010005.63265836,9991.0,2529.7,-6917.4,0
2026-04-01T19:18:53.563034+00:00,142.91,0.39,142.91,0.39,-79.8,433010005.63265836,9989.9,2526.3,-6916.6,0
2026-04-01T19:18:54.011390+00:00,142.89,0.41,142.89,0.41,-79.8,433010005.63265836,9988.9,2523.2,-6915.9,0
2026-04-01T19:18:54.503422+00:00,142.86,0.44,142.86,0.44,-79.8,433010005.63265836,9987.8,2519.8,-6915.2,0
2026-04-01T19:18:54.947104+00:00,142.84,0.46,142.84,0.46,-79.8,433010005.63265836,9986.8,2516.7,-6914.5,0
2026-04-01T19:18:55.439606+00:00,142.82,0.49,142.82,0.49,-79.8,433010005.63265836,9985.8,2513.6,-6913.8,0
2026-04-01T19:18:55.883885+00:00,142.80,0.51,142.8,0.51,-79.8,433010005.63265836,9984.7,2510.2,-6913.0,0
2026-04-01T19:18:56.331110+00:00,142.78,0.54,142.78,0.54,-79.8,433010005.63265836,9983.7,2507.2,-6912.3,0
2026-04-01T19:18:56.818608+00:00,142.76,0.57,142.76,0.57,-79.8,433010005.63265836,9982.5,2503.8,-6911.5,0
2026-04-01T19:18:57.262632+00:00,142.74,0.59,142.74,0.59,-79.8,433010005.63265836,9981.5,2500.7,-6910.8,0
2026-04-01T19:18:57.750636+00:00,142.72,0.61,142.72,0.61,-79.8,433010005.63265836,9980.4,2497.6,-6910.1,0
2026-04-01T19:18:58.194624+00:00,142.69,0.64,142.69,0.64,-79.8,433010005.63265836,9979.3,2494.3,-6909.3,0
2026-04-01T19:18:58.638804+00:00,142.67,0.66,142.67,0.66,-79.8,433010005.63265836,9978.2,2491.2,-6908.5,0
2026-04-01T19:18:59.126617+00:00,142.65,0.69,142.65,0.69,-79.8,433010005.63265836,9977.1,2487.8,-6907.8,0
2026-04-01T19:18:59.570601+00:00,142.63,0.72,142.63,0.72,-79.8,433010005.63265836,9976.0,2484.8,-6907.0,0
2026-04-01T19:19:00.058631+00:00,142.61,0.74,142.61,0.74,-79.8,433010005.63265836,9974.9,2481.7,-6906.3,0
2026-04-01T19:19:00.502760+00:00,142.58,0.77,142.58,0.77,-79.8,433010005.63265836,9973.8,2478.3,-6905.4,0
2026-04-01T19:19:00.950693+00:00,142.56,0.79,142.56,0.79,-79.8,433010005.63265836,9972.7,2475.2,-6904.7,0
2026-04-01T19:19:01.440673+00:00,142.54,0.82,142.54,0.82,-79.8,433010005.63265836,9971.5,2471.9,-6903.9,0
2026-04-01T19:19:01.888832+00:00,142.52,0.84,142.52,0.84,-79.8,433010005.63265836,9970.4,2468.8,-6903.1,0
2026-04-01T19:19:02.370591+00:00,142.50,0.87,142.5,0.87,-79.8,433010005.63265836,9969.2,2465.7,-6902.3,0
2026-04-01T19:19:02.818962+00:00,142.47,0.90,142.47,0.9,-79.8,433010005.63265836,9968.0,2462.4,-6901.5,0
2026-04-01T19:19:03.277532+00:00,142.45,0.92,142.45,0.92,-79.8,433010005.63265836,9966.9,2459.3,-6900.7,0
2026-04-01T19:19:03.766697+00:00,142.43,0.95,142.43,0.95,-79.8,433010005.63265836,9965.6,2455.8,-6899.8,0
2026-04-01T19:19:04.215956+00:00,142.41,0.98,142.41,0.98,-79.8,433010005.63265836,9964.5,2452.7,-6899.0,0
2026-04-01T19:19:04.698592+00:00,142.39,1.00,142.39,1.0,-79.8,433010005.63265836,9963.3,2449.7,-6898.2,0
2026-04-01T19:19:05.146760+00:00,142.36,1.03,142.36,1.03,-79.8,433010005.63265836,9962.1,2446.3,-6897.4,0
2026-04-01T19:19:05.590615+00:00,142.34,1.05,142.34,1.05,-79.8,433010005.63265836,9960.9,2443.2,-6896.6,0
2026-04-01T19:19:06.078680+00:00,142.32,1.08,142.32,1.08,-79.8,433010005.63265836,9959.6,2439.9,-6895.7,0
2026-04-01T19:19:06.522695+00:00,142.29,1.11,142.29,1.11,-79.8,433010005.63265836,9958.5,2436.8,-6894.9,0
2026-04-01T19:19:07.007548+00:00,142.27,1.13,142.27,1.13,-79.8,433010005.63265836,9957.3,2433.7,-6894.0,0
2026-04-01T19:19:07.454994+00:00,142.25,1.16,142.25,1.16,-79.8,433010005.63265836,9956.0,2430.4,-6893.1,0
2026-04-01T19:19:07.964318+00:00,142.23,1.19,142.23,1.19,-79.8,433009954.7749454,9954.8,2427.3,-6892.3,0
2026-04-01T19:19:08.459770+00:00,142.20,1.22,142.2,1.22,-79.8,433009954.7749454,9953.3,2423.5,-6891.3,0
2026-04-01T19:19:08.923629+00:00,142.18,1.25,142.18,1.25,-79.8,433009954.7749454,9952.0,2420.3,-6890.4,0
2026-04-01T19:19:09.410743+00:00,142.15,1.27,142.15,1.27,-79.8,433009954.7749454,9950.8,2417.2,-6889.5,0
2026-04-01T19:19:09.858634+00:00,142.13,1.30,142.13,1.3,-79.8,433009954.7749454,9949.4,2413.8,-6888.6,0
2026-04-01T19:19:10.307436+00:00,142.11,1.33,142.11,1.33,-79.8,433009954.7749454,9948.2,2410.7,-6887.7,0
2026-04-01T19:19:10.794596+00:00,142.08,1.36,142.08,1.36,-79.8,433009954.7749454,9946.8,2407.4,-6886.8,0
2026-04-01T19:19:11.238766+00:00,142.06,1.38,142.06,1.38,-79.8,433009954.7749454,9945.6,2404.3,-6885.9,0
2026-04-01T19:19:11.726901+00:00,142.04,1.41,142.04,1.41,-79.8,433009954.7749454,9944.3,2401.2,-6885.1,0
2026-04-01T19:19:12.170656+00:00,142.01,1.44,142.01,1.44,-79.8,433009954.7749454,9942.9,2397.9,-6884.1,0
2026-04-01T19:19:12.614876+00:00,141.99,1.46,141.99,1.46,-79.8,433009954.7749454,9941.7,2394.8,-6883.2,0
2026-04-01T19:19:13.102613+00:00,141.97,1.49,141.97,1.49,-79.8,433009954.7749454,9940.3,2391.5,-6882.3,0
2026-04-01T19:19:13.546921+00:00,141.94,1.52,141.94,1.52,-79.8,433009954.7749454,9939.0,2388.4,-6881.4,0
2026-04-01T19:19:14.034627+00:00,141.92,1.55,141.92,1.55,-79.8,433009954.7749454,9937.7,2385.3,-6880.5,0
2026-04-01T19:19:14.483462+00:00,141.89,1.58,141.89,1.58,-79.8,433009954.7749454,9936.2,2382.0,-6879.5,0
2026-04-01T19:19:14.931976+00:00,141.87,1.60,141.87,1.6,-79.8,433009954.7749454,9934.9,2378.9,-6878.6,0
2026-04-01T19:19:15.414694+00:00,141.85,1.63,141.85,1.63,-79.8,433009954.7749454,9933.5,2375.6,-6877.6,0
2026-04-01T19:19:15.862689+00:00,141.82,1.66,141.82,1.66,-79.8,433009954.7749454,9932.2,2372.5,-6876.6,0
2026-04-01T19:19:16.350644+00:00,141.80,1.69,141.8,1.69,-79.8,433009954.7749454,9930.8,2369.4,-6875.7,0
2026-04-01T19:19:16.795727+00:00,141.77,1.72,141.77,1.72,-79.8,433009954.7749454,9929.3,2366.1,-6874.7,0
2026-04-01T19:19:17.238577+00:00,141.75,1.74,141.75,1.74,-79.8,433009954.7749454,9928.0,2363.0,-6873.8,0
2026-04-01T19:19:17.726938+00:00,141.73,1.77,141.73,1.77,-79.8,433009954.7749454,9926.5,2359.7,-6872.7,0
2026-04-01T19:19:18.173357+00:00,141.70,1.80,141.7,1.8,-79.8,433009954.7749454,9925.1,2356.6,-6871.8,0
2026-04-01T19:19:18.658699+00:00,141.68,1.83,141.68,1.83,-79.8,433009954.7749454,9923.8,2353.6,-6870.8,0
2026-04-01T19:19:19.102768+00:00,141.65,1.86,141.65,1.86,-79.8,433009954.7749454,9922.3,2350.2,-6869.8,0
2026-04-01T19:19:19.547218+00:00,141.63,1.88,141.63,1.88,-79.8,433009954.7749454,9920.8,2347.1,-6868.8,0
2026-04-01T19:19:20.039435+00:00,141.60,1.91,141.6,1.91,-79.8,433009954.7749454,9919.3,2343.8,-6867.8,0
2026-04-01T19:19:20.484938+00:00,141.58,1.94,141.58,1.94,-79.8,433009954.7749454,9917.9,2340.7,-6866.8,0
2026-04-01T19:19:20.975632+00:00,141.56,1.97,141.56,1.97,-79.8,433009954.7749454,9916.5,2337.7,-6865.8,0
2026-04-01T19:19:21.419978+00:00,141.53,2.00,141.53,2.0,-79.8,433009954.7749454,9914.9,2334.3,-6864.7,0
2026-04-01T19:19:21.866605+00:00,141.51,2.03,141.51,2.03,-79.8,433009954.7749454,9913.5,2331.2,-6863.7,0
2026-04-01T19:19:22.350564+00:00,141.48,2.06,141.48,2.06,-79.8,433009954.7749454,9911.9,2327.9,-6862.6,0
2026-04-01T19:19:22.794593+00:00,141.46,2.09,141.46,2.09,-79.8,433009954.7749454,9910.4,2324.8,-6861.6,0
2026-04-01T19:19:23.278579+00:00,141.43,2.11,141.43,2.11,-79.8,433009954.7749454,9909.0,2321.8,-6860.6,0
2026-04-01T19:19:23.731793+00:00,141.40,2.14,141.4,2.14,-79.8,433009954.7749454,9907.4,2318.5,-6859.5,0
2026-04-01T19:19:24.190792+00:00,141.38,2.17,141.38,2.17,-79.8,433009954.7749454,9905.8,2315.3,-6858.4,0
2026-04-01T19:19:24.674581+00:00,141.35,2.20,141.35,2.2,-79.8,433009954.7749454,9904.2,2312.0,-6857.3,0
2026-04-01T19:19:25.183864+00:00,141.33,2.23,141.33,2.23,-79.8,433009902.71338683,9902.7,2308.9,-6856.3,0
2026-04-01T19:19:25.666611+00:00,141.30,2.26,141.3,2.26,-79.8,433009902.71338683,9901.0,2305.5,-6855.1,0
2026-04-01T19:19:26.110584+00:00,141.27,2.30,141.27,2.3,-79.8,433009902.71338683,9899.3,2302.1,-6853.9,0
2026-04-01T19:19:26.555703+00:00,141.25,2.32,141.25,2.32,-79.8,433009902.71338683,9897.8,2299.1,-6852.9,0
2026-04-01T19:19:27.043464+00:00,141.22,2.35,141.22,2.35,-79.8,433009902.71338683,9896.2,2295.7,-6851.7,0
2026-04-01T19:19:27.491625+00:00,141.20,2.38,141.2,2.38,-79.8,433009902.71338683,9894.6,2292.7,-6850.6,0
2026-04-01T19:19:27.979254+00:00,141.17,2.41,141.17,2.41,-79.8,433009902.71338683,9893.1,2289.6,-6849.6,0
2026-04-01T19:19:28.427104+00:00,141.14,2.44,141.14,2.44,-79.8,433009902.71338683,9891.3,2286.3,-6848.4,0
2026-04-01T19:19:28.873739+00:00,141.12,2.47,141.12,2.47,-79.8,433009902.71338683,9889.8,2283.2,-6847.3,0
2026-04-01T19:19:29.362724+00:00,141.09,2.50,141.09,2.5,-79.8,433009902.71338683,9888.0,2279.9,-6846.1,0
2026-04-01T19:19:29.806614+00:00,141.07,2.53,141.07,2.53,-79.8,433009902.71338683,9886.4,2276.8,-6845.0,0
2026-04-01T19:19:30.295712+00:00,141.04,2.56,141.04,2.56,-79.8,433009902.71338683,9884.8,2273.7,-6843.9,0
2026-04-01T19:19:30.738900+00:00,141.01,2.59,141.01,2.59,-79.8,433009902.71338683,9883.1,2270.4,-6842.7,0
2026-04-01T19:19:31.183128+00:00,140.99,2.62,140.99,2.62,-79.8,433009902.71338683,9881.5,2267.4,-6841.6,0
2026-04-01T19:19:31.666593+00:00,140.96,2.65,140.96,2.65,-79.8,433009902.71338683,9879.7,2264.1,-6840.3,0
2026-04-01T19:19:32.110601+00:00,140.93,2.68,140.93,2.68,-79.8,433009902.71338683,9878.1,2261.0,-6839.2,0
2026-04-01T19:19:32.598604+00:00,140.91,2.71,140.91,2.71,-79.8,433009902.71338683,9876.4,2258.0,-6838.1,0
2026-04-01T19:19:33.043441+00:00,140.88,2.74,140.88,2.74,-79.8,433009902.71338683,9874.6,2254.7,-6836.8,0
2026-04-01T19:19:33.491035+00:00,140.86,2.77,140.86,2.77,-79.8,433009902.71338683,9873.0,2251.6,-6835.7,0
2026-04-01T19:19:33.979440+00:00,140.83,2.81,140.83,2.81,-79.8,433009902.71338683,9871.1,2248.3,-6834.4,0
2026-04-01T19:19:34.433684+00:00,140.80,2.83,140.8,2.83,-79.8,433009902.71338683,9869.4,2245.2,-6833.2,0
2026-04-01T19:19:34.919463+00:00,140.77,2.86,140.77,2.86,-79.8,433009902.71338683,9867.7,2242.1,-6832.0,0
2026-04-01T19:19:35.367738+00:00,140.75,2.90,140.75,2.9,-79.8,433009902.71338683,9865.8,2238.8,-6830.7,0
2026-04-01T19:19:35.816554+00:00,140.72,2.93,140.72,2.93,-79.8,433009902.71338683,9864.1,2235.7,-6829.5,0
2026-04-01T19:19:36.302689+00:00,140.69,2.96,140.69,2.96,-79.8,433009902.71338683,9862.2,2232.4,-6828.2,0
2026-04-01T19:19:36.746618+00:00,140.66,2.99,140.66,2.99,-79.8,433009902.71338683,9860.5,2229.3,-6827.0,0
2026-04-01T19:19:37.234658+00:00,140.64,3.02,140.64,3.02,-79.8,433009902.71338683,9858.8,2226.3,-6825.8,0
2026-04-01T19:19:37.682586+00:00,140.61,3.05,140.61,3.05,-79.8,433009902.71338683,9856.8,2223.0,-6824.5,0
2026-04-01T19:19:38.126605+00:00,140.58,3.08,140.58,3.08,-79.8,433009902.71338683,9855.1,2219.9,-6823.3,0
2026-04-01T19:19:38.614588+00:00,140.55,3.11,140.55,3.11,-79.8,433009902.71338683,9853.1,2216.6,-6821.9,0
2026-04-01T19:19:39.122387+00:00,140.52,3.15,140.52,3.15,-79.8,433009852.0707722,9851.1,2213.2,-6820.5,0
2026-04-01T19:19:39.622573+00:00,140.49,3.18,140.49,3.18,-79.8,433009852.0707722,9849.2,2210.0,-6819.2,0
2026-04-01T19:19:40.066794+00:00,140.47,3.21,140.47,3.21,-79.8,433009852.0707722,9847.3,2206.7,-6817.9,0
2026-04-01T19:19:40.510671+00:00,140.44,3.24,140.44,3.24,-79.8,433009852.0707722,9845.5,2203.7,-6816.6,0
2026-04-01T19:19:40.998584+00:00,140.41,3.28,140.41,3.28,-79.8,433009852.0707722,9843.5,2200.4,-6815.2,0
2026-04-01T19:19:41.443766+00:00,140.38,3.31,140.38,3.31,-79.8,433009852.0707722,9841.6,2197.3,-6814.0,0
2026-04-01T19:19:41.931407+00:00,140.35,3.34,140.35,3.34,-79.8,433009852.0707722,9839.8,2194.3,-6812.7,0
2026-04-01T19:19:42.378655+00:00,140.32,3.37,140.32,3.37,-79.8,433009852.0707722,9837.7,2191.0,-6811.3,0
2026-04-01T19:19:42.823136+00:00,140.30,3.40,140.3,3.4,-79.8,433009852.0707722,9835.9,2187.9,-6810.0,0
2026-04-01T19:19:43.306587+00:00,140.27,3.43,140.27,3.43,-79.8,433009852.0707722,9833.8,2184.6,-6808.6,0
2026-04-01T19:19:43.754770+00:00,140.24,3.46,140.24,3.46,-79.8,433009852.0707722,9831.9,2181.6,-6807.2,0
2026-04-01T19:19:44.238749+00:00,140.21,3.49,140.21,3.49,-79.8,433009852.0707722,9830.0,2178.6,-6805.9,0
2026-04-01T19:19:44.682675+00:00,140.18,3.53,140.18,3.53,-79.8,433009852.0707722,9827.9,2175.3,-6804.5,0
2026-04-01T19:19:45.126650+00:00,140.15,3.56,140.15,3.56,-79.8,433009852.0707722,9826.0,2172.2,-6803.2,0
2026-04-01T19:19:45.614734+00:00,140.12,3.59,140.12,3.59,-79.8,433009852.0707722,9823.9,2168.9,-6801.7,0
2026-04-01T19:19:46.058620+00:00,140.10,3.62,140.1,3.62,-79.8,433009852.0707722,9822.0,2165.9,-6800.4,0
2026-04-01T19:19:46.546568+00:00,140.07,3.65,140.07,3.65,-79.8,433009852.0707722,9820.0,2162.9,-6799.0,0
2026-04-01T19:19:46.990720+00:00,140.04,3.69,140.04,3.69,-79.8,433009852.0707722,9817.9,2159.6,-6797.5,0
2026-04-01T19:19:47.435421+00:00,140.01,3.72,140.01,3.72,-79.8,433009852.0707722,9815.9,2156.5,-6796.1,0
2026-04-01T19:19:47.923491+00:00,139.98,3.75,139.98,3.75,-79.8,433009852.0707722,9813.7,2153.2,-6794.6,0
2026-04-01T19:19:48.375662+00:00,139.95,3.78,139.95,3.78,-79.8,433009852.0707722,9811.7,2150.2,-6793.3,0
2026-04-01T19:19:48.863509+00:00,139.92,3.82,139.92,3.82,-79.8,433009852.0707722,9809.7,2147.1,-6791.8,0
2026-04-01T19:19:49.315706+00:00,139.89,3.85,139.89,3.85,-79.8,433009852.0707722,9807.5,2143.8,-6790.3,0
2026-04-01T19:19:49.779382+00:00,139.86,3.88,139.86,3.88,-79.8,433009852.0707722,9805.3,2140.7,-6788.8,0
2026-04-01T19:19:50.267650+00:00,139.83,3.92,139.83,3.92,-79.8,433009852.0707722,9803.1,2137.3,-6787.3,0
2026-04-01T19:19:50.715436+00:00,139.80,3.95,139.8,3.95,-79.8,433009852.0707722,9801.0,2134.3,-6785.8,0
2026-04-01T19:19:51.263127+00:00,139.76,3.99,139.76,3.99,-79.8,433009799.7616742,9798.6,2130.8,-6784.2,0
2026-04-01T19:19:51.711855+00:00,139.73,4.02,139.73,4.02,-79.8,433009799.7616742,9796.3,2127.5,-6782.6,0
2026-04-01T19:19:52.159249+00:00,139.70,4.05,139.7,4.05,-79.8,433009799.7616742,9794.2,2124.5,-6781.2,0
2026-04-01T19:19:52.647440+00:00,139.67,4.09,139.67,4.09,-79.8,433009799.7616742,9791.9,2121.2,-6779.6,0
2026-04-01T19:19:53.095661+00:00,139.64,4.12,139.64,4.12,-79.8,433009799.7616742,9789.8,2118.2,-6778.1,0
2026-04-01T19:19:53.583241+00:00,139.61,4.15,139.61,4.15,-79.8,433009799.7616742,9787.7,2115.1,-6776.6,0
2026-04-01T19:19:54.031815+00:00,139.58,4.19,139.58,4.19,-79.8,433009799.7616742,9785.3,2111.8,-6775.0,0
2026-04-01T19:19:54.482303+00:00,139.55,4.22,139.55,4.22,-79.8,433009799.7616742,9783.1,2108.8,-6773.5,0
2026-04-01T19:19:54.967260+00:00,139.52,4.25,139.52,4.25,-79.8,433009799.7616742,9780.8,2105.5,-6771.8,0
2026-04-01T19:19:55.415683+00:00,139.49,4.29,139.49,4.29,-79.8,433009799.7616742,9778.6,2102.4,-6770.3,0
2026-04-01T19:19:55.903613+00:00,139.46,4.32,139.46,4.32,-79.8,433009799.7616742,9776.4,2099.4,-6768.8,0
2026-04-01T19:19:56.351571+00:00,139.42,4.35,139.42,4.35,-79.8,433009799.7616742,9773.9,2096.1,-6767.1,0
2026-04-01T19:19:56.799368+00:00,139.39,4.39,139.39,4.39,-79.8,433009799.7616742,9771.7,2093.1,-6765.5,0
2026-04-01T19:19:57.292627+00:00,139.36,4.42,139.36,4.42,-79.8,433009799.7616742,9769.3,2089.8,-6763.9,0
2026-04-01T19:19:57.739728+00:00,139.33,4.45,139.33,4.45,-79.8,433009799.7616742,9767.0,2086.7,-6762.3,0
2026-04-01T19:19:58.227448+00:00,139.30,4.49,139.3,4.49,-79.8,433009799.7616742,9764.7,2083.7,-6760.7,0
2026-04-01T19:19:58.675434+00:00,139.27,4.52,139.27,4.52,-79.8,433009799.7616742,9762.2,2080.4,-6759.0,0
2026-04-01T19:19:59.124421+00:00,139.23,4.56,139.23,4.56,-79.8,433009799.7616742,9759.9,2077.4,-6757.4,0
2026-04-01T19:19:59.611090+00:00,139.20,4.59,139.2,4.59,-79.8,433009799.7616742,9757.4,2074.1,-6755.7,0
2026-04-01T19:20:00.059133+00:00,139.17,4.62,139.17,4.62,-79.8,433009799.7616742,9755.1,2071.1,-6754.1,0
2026-04-01T19:20:00.547837+00:00,139.14,4.66,139.14,4.66,-79.8,433009799.7616742,9752.8,2068.0,-6752.4,0
2026-04-01T19:20:00.995674+00:00,139.10,4.69,139.1,4.69,-79.8,433009799.7616742,9750.2,2064.7,-6750.7,0
2026-04-01T19:20:01.502690+00:00,139.07,4.73,139.07,4.73,-79.8,433009748.78548086,9747.5,2061.3,-6748.8,0
2026-04-01T19:20:01.986628+00:00,139.03,4.77,139.03,4.77,-79.8,433009748.78548086,9744.9,2058.0,-6747.0,0
2026-04-01T19:20:02.430713+00:00,139.00,4.80,139.0,4.8,-79.8,433009748.78548086,9742.5,2055.0,-6745.4,0
2026-04-01T19:20:02.918659+00:00,138.97,4.83,138.97,4.83,-79.8,433009748.78548086,9740.2,2052.0,-6743.7,0
2026-04-01T19:20:03.362639+00:00,138.94,4.87,138.94,4.87,-79.8,433009748.78548086,9737.5,2048.7,-6741.9,0
2026-04-01T19:20:03.811746+00:00,138.91,4.90,138.91,4.9,-79.8,433009748.78548086,9735.1,2045.7,-6740.2,0
2026-04-01T19:20:04.294681+00:00,138.87,4.94,138.87,4.94,-79.8,433009748.78548086,9732.5,2042.4,-6738.4,0
2026-04-01T19:20:04.742227+00:00,138.84,4.97,138.84,4.97,-79.8,433009748.78548086,9730.0,2039.4,-6736.7,0
2026-04-01T19:20:05.226628+00:00,138.81,5.01,138.81,5.01,-79.8,433009748.78548086,9727.6,2036.4,-6735.0,0
2026-04-01T19:20:05.670609+00:00,138.77,5.04,138.77,5.04,-79.8,433009748.78548086,9724.9,2033.2,-6733.1,0
2026-04-01T19:20:06.119407+00:00,138.74,5.08,138.74,5.08,-79.8,433009748.78548086,9722.4,2030.2,-6731.4,0
2026-04-01T19:20:06.603165+00:00,138.71,5.11,138.71,5.11,-79.8,433009748.78548086,9719.7,2026.9,-6729.5,0
2026-04-01T19:20:07.051733+00:00,138.67,5.15,138.67,5.15,-79.8,433009748.78548086,9717.1,2023.9,-6727.8,0
2026-04-01T19:20:07.543439+00:00,138.64,5.18,138.64,5.18,-79.8,433009748.78548086,9714.6,2020.9,-6726.0,0
2026-04-01T19:20:07.988398+00:00,138.60,5.22,138.6,5.22,-79.8,433009748.78548086,9711.8,2017.6,-6724.1,0
2026-04-01T19:20:08.435817+00:00,138.57,5.25,138.57,5.25,-79.8,433009748.78548086,9709.2,2014.6,-6722.3,0
2026-04-01T19:20:08.927398+00:00,138.54,5.29,138.54,5.29,-79.8,433009748.78548086,9706.4,2011.3,-6720.3,0
2026-04-01T19:20:09.371952+00:00,138.50,5.32,138.5,5.32,-79.8,433009748.78548086,9703.8,2008.3,-6718.5,0
2026-04-01T19:20:09.863697+00:00,138.47,5.36,138.47,5.36,-79.8,433009748.78548086,9701.2,2005.3,-6716.7,0
2026-04-01T19:20:10.307872+00:00,138.43,5.40,138.43,5.4,-79.8,433009748.78548086,9698.3,2002.0,-6714.7,0
2026-04-01T19:20:10.819440+00:00,138.40,5.43,138.4,5.43,-79.8,433009695.6752297,9695.7,1999.0,-6712.9,0
2026-04-01T19:20:11.306723+00:00,138.36,5.47,138.36,5.47,-79.8,433009695.6752297,9692.4,1995.3,-6710.6,0
2026-04-01T19:20:11.754592+00:00,138.32,5.51,138.32,5.51,-79.8,433009695.6752297,9689.7,1992.3,-6708.8,0
2026-04-01T19:20:12.238580+00:00,138.29,5.54,138.29,5.54,-79.8,433009695.6752297,9687.0,1989.3,-6706.9,0
2026-04-01T19:20:12.682597+00:00,138.25,5.58,138.25,5.58,-79.8,433009695.6752297,9684.1,1986.0,-6704.9,0
2026-04-01T19:20:13.126605+00:00,138.22,5.61,138.22,5.61,-79.8,433009695.6752297,9681.4,1983.1,-6703.0,0
2026-04-01T19:20:13.614690+00:00,138.18,5.65,138.18,5.65,-79.8,433009695.6752297,9678.4,1979.8,-6701.0,0
2026-04-01T19:20:14.058585+00:00,138.15,5.69,138.15,5.69,-79.8,433009695.6752297,9675.7,1976.9,-6699.1,0
2026-04-01T19:20:14.542618+00:00,138.11,5.72,138.11,5.72,-79.8,433009695.6752297,9672.9,1973.8,-6697.2,0
2026-04-01T19:20:14.986632+00:00,138.08,5.76,138.08,5.76,-79.8,433009695.6752297,9669.9,1970.6,-6695.1,0
2026-04-01T19:20:15.434656+00:00,138.04,5.79,138.04,5.79,-79.8,433009695.6752297,9667.1,1967.6,-6693.1,0
2026-04-01T19:20:15.918572+00:00,138.01,5.83,138.01,5.83,-79.8,433009695.6752297,9664.1,1964.4,-6691.0,0
2026-04-01T19:20:16.363682+00:00,137.97,5.87,137.97,5.87,-79.8,433009695.6752297,9661.3,1961.4,-6689.1,0
2026-04-01T19:20:16.851650+00:00,137.94,5.90,137.94,5.9,-79.8,433009695.6752297,9658.4,1958.4,-6687.1,0
2026-04-01T19:20:17.303716+00:00,137.90,5.94,137.9,5.94,-79.8,433009695.6752297,9655.3,1955.2,-6685.0,0
2026-04-01T19:20:17.753261+00:00,137.86,5.98,137.86,5.98,-79.8,433009695.6752297,9652.4,1952.1,-6683.0,0
2026-04-01T19:20:18.259501+00:00,137.82,6.02,137.82,6.02,-79.8,433009695.6752297,9649.1,1948.8,-6680.7,0
2026-04-01T19:20:18.707456+00:00,137.79,6.05,137.79,6.05,-79.8,433009695.6752297,9646.2,1945.8,-6678.6,0
2026-04-01T19:20:19.255467+00:00,137.75,6.09,137.75,6.09,-79.8,433009644.45220214,9642.9,1942.4,-6676.3,0
2026-04-01T19:20:19.702000+00:00,137.71,6.13,137.71,6.13,-79.8,433009644.45220214,9639.7,1939.1,-6674.1,0
2026-04-01T19:20:20.155026+00:00,137.67,6.17,137.67,6.17,-79.8,433009644.45220214,9636.7,1936.1,-6672.0,0
2026-04-01T19:20:20.638598+00:00,137.63,6.21,137.63,6.21,-79.8,433009644.45220214,9633.4,1932.8,-6669.8,0
2026-04-01T19:20:21.082712+00:00,137.60,6.24,137.6,6.24,-79.8,433009644.45220214,9630.4,1929.9,-6667.7,0
2026-04-01T19:20:21.571719+00:00,137.56,6.28,137.56,6.28,-79.8,433009644.45220214,9627.4,1926.9,-6665.7,0
2026-04-01T19:20:22.014603+00:00,137.52,6.32,137.52,6.32,-79.8,433009644.45220214,9624.2,1923.7,-6663.4,0
2026-04-01T19:20:22.458576+00:00,137.48,6.35,137.48,6.35,-79.8,433009644.45220214,9621.1,1920.7,-6661.3,0
2026-04-01T19:20:22.942594+00:00,137.45,6.39,137.45,6.39,-79.8,433009644.45220214,9617.8,1917.5,-6659.0,0
2026-04-01T19:20:23.386590+00:00,137.41,6.43,137.41,6.43,-79.8,433009644.45220214,9614.7,1914.5,-6656.9,0
2026-04-01T19:20:23.870616+00:00,137.37,6.46,137.37,6.46,-79.8,433009644.45220214,9611.6,1911.6,-6654.7,0
2026-04-01T19:20:24.319705+00:00,137.33,6.50,137.33,6.5,-79.8,433009644.45220214,9608.3,1908.3,-6652.4,0
2026-04-01T19:20:24.763699+00:00,137.30,6.54,137.3,6.54,-79.8,433009644.45220214,9605.2,1905.4,-6650.2,0
2026-04-01T19:20:25.256575+00:00,137.26,6.58,137.26,6.58,-79.8,433009644.45220214,9601.7,1902.2,-6647.9,0
2026-04-01T19:20:25.719186+00:00,137.22,6.62,137.22,6.62,-79.8,433009644.45220214,9598.4,1899.1,-6645.6,0
2026-04-01T19:20:26.207654+00:00,137.18,6.65,137.18,6.65,-79.8,433009644.45220214,9595.2,1896.1,-6643.4,0
2026-04-01T19:20:26.715432+00:00,137.13,6.70,137.13,6.7,-79.8,433009593.0013819,9591.3,1892.4,-6640.6,0
2026-04-01T19:20:27.163927+00:00,137.09,6.74,137.09,6.74,-79.8,433009593.0013819,9588.0,1889.5,-6638.4,0
2026-04-01T19:20:27.651540+00:00,137.05,6.78,137.05,6.78,-79.8,433009593.0013819,9584.5,1886.2,-6635.9,0
2026-04-01T19:20:28.099572+00:00,137.01,6.81,137.01,6.81,-79.8,433009593.0013819,9581.2,1883.2,-6633.7,0
2026-04-01T19:20:28.590647+00:00,136.98,6.85,136.98,6.85,-79.8,433009593.0013819,9577.9,1880.3,-6631.4,0
2026-04-01T19:20:29.034591+00:00,136.94,6.89,136.94,6.89,-79.8,433009593.0013819,9574.3,1877.0,-6628.9,0
2026-04-01T19:20:29.479120+00:00,136.90,6.93,136.9,6.93,-79.8,433009593.0013819,9571.0,1874.1,-6626.6,0
2026-04-01T19:20:29.967858+00:00,136.85,6.97,136.85,6.97,-79.8,433009593.0013819,9567.4,1870.9,-6624.1,0
2026-04-01T19:20:30.413588+00:00,136.82,7.01,136.82,7.01,-79.8,433009593.0013819,9564.0,1867.9,-6621.8,0
2026-04-01T19:20:30.894628+00:00,136.78,7.04,136.78,7.04,-79.8,433009593.0013819,9560.7,1865.0,-6619.4,0
2026-04-01T19:20:31.338594+00:00,136.74,7.08,136.74,7.08,-79.8,433009593.0013819,9557.0,1861.7,-6616.9,0
2026-04-01T19:20:31.782709+00:00,136.70,7.12,136.7,7.12,-79.8,433009593.0013819,9553.6,1858.8,-6614.5,0
2026-04-01T19:20:32.270580+00:00,136.65,7.16,136.65,7.16,-79.8,433009593.0013819,9549.9,1855.6,-6612.0,0
2026-04-01T19:20:32.714598+00:00,136.62,7.20,136.62,7.2,-79.8,433009593.0013819,9546.4,1852.7,-6609.6,0
2026-04-01T19:20:33.258606+00:00,136.58,7.24,136.58,7.24,-79.8,433009542.9843155,9543.0,1849.7,-6607.2,0
2026-04-01T19:20:33.707167+00:00,136.53,7.28,136.53,7.28,-79.8,433009542.9843155,9538.7,1846.1,-6604.2,0
2026-04-01T19:20:34.155714+00:00,136.49,7.32,136.49,7.32,-79.8,433009542.9843155,9535.2,1843.2,-6601.8,0
2026-04-01T19:20:34.643533+00:00,136.44,7.36,136.44,7.36,-79.8,433009542.9843155,9531.3,1839.9,-6599.1,0
2026-04-01T19:20:35.091184+00:00,136.40,7.40,136.4,7.4,-79.8,433009542.9843155,9527.7,1837.0,-6596.6,0
2026-04-01T19:20:35.579203+00:00,136.36,7.44,136.36,7.44,-79.8,433009542.9843155,9524.2,1834.0,-6594.2,0
2026-04-01T19:20:36.031686+00:00,136.32,7.48,136.32,7.48,-79.8,433009542.9843155,9520.2,1830.8,-6591.4,0
2026-04-01T19:20:36.479819+00:00,136.28,7.52,136.28,7.52,-79.8,433009542.9843155,9516.6,1827.8,-6588.9,0
2026-04-01T19:20:36.966987+00:00,136.23,7.56,136.23,7.56,-79.8,433009542.9843155,9512.6,1824.6,-6586.1,0
2026-04-01T19:20:37.415948+00:00,136.19,7.60,136.19,7.6,-79.8,433009542.9843155,9508.9,1821.7,-6583.6,0
2026-04-01T19:20:37.898585+00:00,136.15,7.64,136.15,7.64,-79.8,433009542.9843155,9505.2,1818.7,-6581.1,0
2026-04-01T19:20:38.342626+00:00,136.11,7.68,136.11,7.68,-79.8,433009542.9843155,9501.2,1815.5,-6578.3,0
2026-04-01T19:20:38.786588+00:00,136.07,7.72,136.07,7.72,-79.8,433009542.9843155,9497.5,1812.6,-6575.7,0
2026-04-01T19:20:39.274688+00:00,136.02,7.76,136.02,7.76,-79.8,433009542.9843155,9493.5,1809.4,-6572.9,0
2026-04-01T19:20:39.718585+00:00,135.98,7.80,135.98,7.8,-79.8,433009542.9843155,9489.7,1806.5,-6570.3,0
2026-04-01T19:20:40.267738+00:00,135.93,7.84,135.93,7.84,-79.8,433009487.4797729,9485.4,1803.2,-6567.3,0
2026-04-01T19:20:40.714575+00:00,135.89,7.89,135.89,7.89,-79.8,433009487.4797729,9481.3,1800.0,-6564.5,0
2026-04-01T19:20:41.175179+00:00,135.84,7.93,135.84,7.93,-79.8,433009487.4797729,9477.3,1797.0,-6561.7,0
2026-04-01T19:20:41.658602+00:00,135.80,7.97,135.8,7.97,-79.8,433009487.4797729,9473.1,1793.8,-6558.8,0
2026-04-01T19:20:42.107666+00:00,135.76,8.01,135.76,8.01,-79.8,433009487.4797729,9469.2,1790.8,-6556.1,0
2026-04-01T19:20:42.599608+00:00,135.71,8.05,135.71,8.05,-79.8,433009487.4797729,9465.3,1787.9,-6553.4,0
2026-04-01T19:20:43.047177+00:00,135.67,8.09,135.67,8.09,-79.8,433009487.4797729,9461.0,1784.7,-6550.4,0
2026-04-01T19:20:43.495551+00:00,135.62,8.13,135.62,8.13,-79.8,433009487.4797729,9457.1,1781.7,-6547.7,0
2026-04-01T19:20:43.983496+00:00,135.58,8.17,135.58,8.17,-79.8,433009487.4797729,9452.7,1778.6,-6544.7,0
2026-04-01T19:20:44.431464+00:00,135.53,8.21,135.53,8.21,-79.8,433009487.4797729,9448.7,1775.6,-6541.9,0
2026-04-01T19:20:44.919682+00:00,135.49,8.25,135.49,8.25,-79.8,433009487.4797729,9444.7,1772.7,-6539.2,0
2026-04-01T19:20:45.362604+00:00,135.44,8.30,135.44,8.3,-79.8,433009487.4797729,9440.3,1769.5,-6536.1,0
2026-04-01T19:20:45.810602+00:00,135.40,8.34,135.4,8.34,-79.8,433009487.4797729,9436.2,1766.6,-6533.3,0
2026-04-01T19:20:46.358609+00:00,135.34,8.39,135.34,8.39,-79.8,433009433.8215499,9431.2,1763.0,-6529.8,0
2026-04-01T19:20:46.806592+00:00,135.30,8.43,135.3,8.43,-79.8,433009433.8215499,9427.1,1760.1,-6527.0,0
2026-04-01T19:20:47.290579+00:00,135.26,8.47,135.26,8.47,-79.8,433009433.8215499,9423.0,1757.2,-6524.1,0
2026-04-01T19:20:47.734586+00:00,135.21,8.51,135.21,8.51,-79.8,433009433.8215499,9418.5,1754.0,-6521.0,0
2026-04-01T19:20:48.178570+00:00,135.17,8.55,135.17,8.55,-79.8,433009433.8215499,9414.4,1751.2,-6518.1,0
2026-04-01T19:20:48.662720+00:00,135.12,8.59,135.12,8.59,-79.8,433009433.8215499,9409.7,1748.0,-6514.9,0
2026-04-01T19:20:49.106743+00:00,135.07,8.63,135.07,8.63,-79.8,433009433.8215499,9405.5,1745.1,-6512.0,0
2026-04-01T19:20:49.594607+00:00,135.03,8.67,135.03,8.67,-79.8,433009433.8215499,9401.3,1742.2,-6509.1,0
2026-04-01T19:20:50.039840+00:00,134.98,8.72,134.98,8.72,-79.8,433009433.8215499,9396.7,1739.0,-6505.9,0
2026-04-01T19:20:50.487426+00:00,134.93,8.76,134.93,8.76,-79.8,433009433.8215499,9392.4,1736.1,-6502.9,0
2026-04-01T19:20:50.976049+00:00,134.88,8.80,134.88,8.8,-79.8,433009433.8215499,9387.6,1732.9,-6499.6,0
2026-04-01T19:20:51.483783+00:00,134.84,8.84,134.84,8.84,-79.8,433009383.27555317,9383.3,1730.0,-6496.6,0
2026-04-01T19:20:51.971249+00:00,134.79,8.89,134.79,8.89,-79.8,433009383.27555317,9378.3,1726.7,-6493.2,0
2026-04-01T19:20:52.419498+00:00,134.74,8.94,134.74,8.94,-79.8,433009383.27555317,9373.5,1723.6,-6489.8,0
2026-04-01T19:20:52.867909+00:00,134.69,8.98,134.69,8.98,-79.8,433009383.27555317,9369.0,1720.7,-6486.7,0
2026-04-01T19:20:53.355717+00:00,134.64,9.02,134.64,9.02,-79.8,433009383.27555317,9364.1,1717.5,-6483.4,0
2026-04-01T19:20:53.803520+00:00,134.59,9.06,134.59,9.06,-79.8,433009383.27555317,9359.7,1714.6,-6480.3,0
2026-04-01T19:20:54.290768+00:00,134.55,9.11,134.55,9.11,-79.8,433009383.27555317,9355.2,1711.7,-6477.2,0
2026-04-01T19:20:54.734607+00:00,134.49,9.15,134.49,9.15,-79.8,433009383.27555317,9350.2,1708.5,-6473.7,0
2026-04-01T19:20:55.178639+00:00,134.45,9.19,134.45,9.19,-79.8,433009383.27555317,9345.6,1705.7,-6470.6,0
2026-04-01T19:20:55.666718+00:00,134.40,9.24,134.4,9.24,-79.8,433009383.27555317,9340.7,1702.5,-6467.1,0
2026-04-01T19:20:56.110711+00:00,134.35,9.28,134.35,9.28,-79.8,433009383.27555317,9336.1,1699.7,-6463.9,0
2026-04-01T19:20:56.594597+00:00,134.30,9.32,134.3,9.32,-79.8,433009383.27555317,9331.5,1696.8,-6460.7,0
2026-04-01T19:20:57.098595+00:00,134.24,9.37,134.24,9.37,-79.8,433009328.26467896,9325.7,1693.2,-6456.8,0
2026-04-01T19:20:57.542669+00:00,134.19,9.41,134.19,9.41,-79.8,433009328.26467896,9321.0,1690.4,-6453.5,0
2026-04-01T19:20:58.030623+00:00,134.14,9.46,134.14,9.46,-79.8,433009328.26467896,9315.9,1687.3,-6450.0,0
2026-04-01T19:20:58.474725+00:00,134.09,9.50,134.09,9.5,-79.8,433009328.26467896,9311.2,1684.4,-6446.7,0
2026-04-01T19:20:58.959442+00:00,134.05,9.54,134.05,9.54,-79.8,433009328.26467896,9306.4,1681.5,-6443.4,0
2026-04-01T19:20:59.407793+00:00,133.99,9.59,133.99,9.59,-79.8,433009328.26467896,9301.2,1678.4,-6439.8,0
2026-04-01T19:20:59.855840+00:00,133.94,9.63,133.94,9.63,-79.8,433009328.26467896,9296.3,1675.5,-6436.4,0
2026-04-01T19:21:00.343459+00:00,133.89,9.68,133.89,9.68,-79.8,433009328.26467896,9291.0,1672.4,-6432.7,0
2026-04-01T19:21:00.790924+00:00,133.84,9.72,133.84,9.72,-79.8,433009328.26467896,9286.1,1669.5,-6429.3,0
2026-04-01T19:21:01.278599+00:00,133.79,9.77,133.79,9.77,-79.8,433009328.26467896,9281.1,1666.6,-6425.9,0
2026-04-01T19:21:01.782578+00:00,133.73,9.82,133.73,9.82,-79.8,433009277.7673438,9275.1,1663.1,-6421.7,0
2026-04-01T19:21:02.226730+00:00,133.68,9.86,133.68,9.86,-79.8,433009277.7673438,9270.2,1660.3,-6418.3,0
2026-04-01T19:21:02.715519+00:00,133.63,9.91,133.63,9.91,-79.8,433009277.7673438,9264.7,1657.1,-6414.5,0
2026-04-01T19:21:03.158676+00:00,133.58,9.95,133.58,9.95,-79.8,433009277.7673438,9259.6,1654.3,-6411.0,0
2026-04-01T19:21:03.646612+00:00,133.52,9.99,133.52,9.99,-79.8,433009277.7673438,9254.6,1651.4,-6407.5,0
2026-04-01T19:21:04.090601+00:00,133.47,10.04,133.47,10.04,-79.8,433009277.7673438,9249.0,1648.3,-6403.7,0
2026-04-01T19:21:04.535138+00:00,133.42,10.08,133.42,10.08,-79.8,433009277.7673438,9243.9,1645.5,-6400.1,0
2026-04-01T19:21:05.018652+00:00,133.36,10.13,133.36,10.13,-79.8,433009277.7673438,9238.3,1642.4,-6396.3,0
2026-04-01T19:21:05.462588+00:00,133.31,10.17,133.31,10.17,-79.8,433009277.7673438,9233.1,1639.5,-6392.6,0
2026-04-01T19:21:05.951962+00:00,133.26,10.22,133.26,10.22,-79.8,433009277.7673438,9227.9,1636.7,-6389.0,0
2026-04-01T19:21:06.463558+00:00,133.20,10.27,133.2,10.27,-79.8,433009224.3079986,9221.5,1633.2,-6384.6,0
2026-04-01T19:21:06.966590+00:00,133.14,10.32,133.14,10.32,-79.8,433009224.3079986,9216.0,1630.2,-6380.8,0
2026-04-01T19:21:07.410579+00:00,133.09,10.37,133.09,10.37,-79.8,433009224.3079986,9210.2,1627.1,-6376.8,0
2026-04-01T19:21:07.854597+00:00,133.03,10.41,133.03,10.41,-79.8,433009224.3079986,9204.8,1624.3,-6373.1,0
2026-04-01T19:21:08.338721+00:00,132.98,10.46,132.98,10.46,-79.8,433009224.3079986,9199.0,1621.2,-6369.0,0
2026-04-01T19:21:08.782598+00:00,132.92,10.50,132.92,10.5,-79.8,433009224.3079986,9193.5,1618.3,-6365.2,0
2026-04-01T19:21:09.266757+00:00,132.87,10.55,132.87,10.55,-79.8,433009224.3079986,9188.1,1615.5,-6361.5,0
2026-04-01T19:21:09.710678+00:00,132.81,10.59,132.81,10.59,-79.8,433009224.3079986,9182.2,1612.4,-6357.4,0
2026-04-01T19:21:10.159831+00:00,132.76,10.64,132.76,10.64,-79.8,433009224.3079986,9176.7,1609.6,-6353.6,0
2026-04-01T19:21:10.702637+00:00,132.70,10.69,132.7,10.69,-79.8,433009170.6659962,9170.7,1606.5,-6349.4,0
2026-04-01T19:21:11.149683+00:00,132.64,10.74,132.64,10.74,-79.8,433009170.6659962,9164.3,1603.3,-6345.0,0
2026-04-01T19:21:11.634598+00:00,132.59,10.78,132.59,10.78,-79.8,433009170.6659962,9158.7,1600.5,-6341.1,0
2026-04-01T19:21:12.083548+00:00,132.53,10.83,132.53,10.83,-79.8,433009170.6659962,9152.5,1597.4,-6336.9,0
2026-04-01T19:21:12.531419+00:00,132.47,10.88,132.47,10.88,-79.8,433009170.6659962,9146.8,1594.6,-6332.9,0
2026-04-01T19:21:13.019178+00:00,132.41,10.93,132.41,10.93,-79.8,433009170.6659962,9140.6,1591.5,-6328.6,0
2026-04-01T19:21:13.467361+00:00,132.36,10.97,132.36,10.97,-79.8,433009170.6659962,9134.8,1588.6,-6324.6,0
2026-04-01T19:21:13.955425+00:00,132.30,11.02,132.3,11.02,-79.8,433009170.6659962,9129.0,1585.8,-6320.6,0
2026-04-01T19:21:14.403527+00:00,132.24,11.07,132.24,11.07,-79.8,433009170.6659962,9122.6,1582.7,-6316.1,0
2026-04-01T19:21:14.915229+00:00,132.18,11.12,132.18,11.12,-79.8,433009119.15029377,9116.0,1579.5,-6311.5,0
2026-04-01T19:21:15.403436+00:00,132.12,11.17,132.12,11.17,-79.8,433009119.15029377,9109.5,1576.4,-6307.1,0
2026-04-01T19:21:15.850833+00:00,132.06,11.21,132.06,11.21,-79.8,433009119.15029377,9103.5,1573.6,-6302.9,0
2026-04-01T19:21:16.335175+00:00,132.00,11.26,132.0,11.26,-79.8,433009119.15029377,9097.5,1570.8,-6298.8,0
2026-04-01T19:21:16.782368+00:00,131.94,11.31,131.94,11.31,-79.8,433009119.15029377,9091.0,1567.7,-6294.3,0
2026-04-01T19:21:17.222764+00:00,131.89,11.36,131.89,11.36,-79.8,433009119.15029377,9085.0,1564.9,-6290.1,0
2026-04-01T19:21:17.710630+00:00,131.82,11.41,131.82,11.41,-79.8,433009119.15029377,9078.4,1561.9,-6285.5,0
2026-04-01T19:21:18.154761+00:00,131.77,11.45,131.77,11.45,-79.8,433009119.15029377,9072.4,1559.1,-6281.3,0
2026-04-01T19:21:18.700199+00:00,131.71,11.50,131.71,11.5,-79.8,433009066.2382152,9066.2,1556.3,-6277.1,0
2026-04-01T19:21:19.142578+00:00,131.64,11.56,131.64,11.56,-79.8,433009066.2382152,9058.6,1552.9,-6271.9,0
2026-04-01T19:21:19.590719+00:00,131.58,11.60,131.58,11.6,-79.8,433009066.2382152,9052.4,1550.1,-6267.5,0
2026-04-01T19:21:20.074629+00:00,131.52,11.65,131.52,11.65,-79.8,433009066.2382152,9045.6,1547.0,-6262.8,0
2026-04-01T19:21:20.518597+00:00,131.46,11.70,131.46,11.7,-79.8,433009066.2382152,9039.3,1544.2,-6258.5,0
2026-04-01T19:21:21.007475+00:00,131.40,11.75,131.4,11.75,-79.8,433009066.2382152,9033.0,1541.5,-6254.1,0
2026-04-01T19:21:21.455641+00:00,131.34,11.80,131.34,11.8,-79.8,433009066.2382152,9026.0,1538.4,-6249.3,0
2026-04-01T19:21:21.903670+00:00,131.28,11.85,131.28,11.85,-79.8,433009066.2382152,9019.6,1535.6,-6244.8,0
2026-04-01T19:21:22.391812+00:00,131.21,11.90,131.21,11.9,-79.8,433009066.2382152,9012.5,1532.6,-6239.9,0
2026-04-01T19:21:22.899461+00:00,131.14,11.95,131.14,11.95,-79.8,433009008.66026556,9005.1,1529.4,-6234.8,0
2026-04-01T19:21:23.387553+00:00,131.08,12.00,131.08,12.0,-79.8,433009008.66026556,8998.6,1526.6,-6230.3,0
2026-04-01T19:21:23.835706+00:00,131.02,12.05,131.02,12.05,-79.8,433009008.66026556,8991.4,1523.6,-6225.3,0
2026-04-01T19:21:24.283427+00:00,130.96,12.10,130.96,12.1,-79.8,433009008.66026556,8984.8,1520.8,-6220.7,0
2026-04-01T19:21:24.775758+00:00,130.89,12.15,130.89,12.15,-79.8,433009008.66026556,8977.5,1517.7,-6215.6,0
2026-04-01T19:21:25.220144+00:00,130.83,12.20,130.83,12.2,-79.8,433009008.66026556,8970.8,1515.0,-6211.0,0
2026-04-01T19:21:25.707575+00:00,130.77,12.25,130.77,12.25,-79.8,433009008.66026556,8964.0,1512.2,-6206.3,0
2026-04-01T19:21:26.155625+00:00,130.70,12.30,130.7,12.3,-79.8,433009008.66026556,8956.6,1509.1,-6201.2,0
2026-04-01T19:21:26.663773+00:00,130.64,12.35,130.64,12.35,-79.8,433008949.719086,8949.7,1506.4,-6196.4,0
2026-04-01T19:21:27.151569+00:00,130.56,12.41,130.56,12.41,-79.8,433008949.719086,8941.3,1503.0,-6190.6,0
2026-04-01T19:21:27.599484+00:00,130.50,12.46,130.5,12.46,-79.8,433008949.719086,8934.4,1500.2,-6185.8,0
2026-04-01T19:21:28.087188+00:00,130.43,12.50,130.43,12.5,-79.8,433008949.719086,8927.4,1497.5,-6181.0,0
2026-04-01T19:21:28.530638+00:00,130.36,12.56,130.36,12.56,-79.8,433008949.719086,8919.7,1494.4,-6175.7,0
2026-04-01T19:21:28.974721+00:00,130.30,12.61,130.3,12.61,-79.8,433008949.719086,8912.7,1491.7,-6170.8,0
2026-04-01T19:21:29.463706+00:00,130.23,12.66,130.23,12.66,-79.8,433008949.719086,8905.0,1488.7,-6165.5,0
2026-04-01T19:21:29.970650+00:00,130.17,12.71,130.17,12.71,-79.8,433008897.95443374,8898.0,1486.0,-6160.6,0
2026-04-01T19:21:30.470572+00:00,130.09,12.77,130.09,12.77,-79.8,433008897.95443374,8889.5,1482.7,-6154.8,0
2026-04-01T19:21:30.914747+00:00,130.02,12.82,130.02,12.82,-79.8,433008897.95443374,8881.6,1479.7,-6149.3,0
2026-04-01T19:21:31.358853+00:00,129.96,12.87,129.96,12.87,-79.8,433008897.95443374,8874.4,1477.0,-6144.3,0
2026-04-01T19:21:31.846572+00:00,129.89,12.92,129.89,12.92,-79.8,433008897.95443374,8866.5,1474.0,-6138.8,0
2026-04-01T19:21:32.290588+00:00,129.82,12.97,129.82,12.97,-79.8,433008897.95443374,8859.1,1471.3,-6133.7,0
2026-04-01T19:21:32.774571+00:00,129.76,13.02,129.76,13.02,-79.8,433008897.95443374,8851.7,1468.6,-6128.6,0
2026-04-01T19:21:33.283662+00:00,129.69,13.08,129.69,13.08,-79.8,433008843.66854674,8843.7,1465.6,-6123.0,0
2026-04-01T19:21:33.731187+00:00,129.61,13.13,129.61,13.13,-79.8,433008843.66854674,8835.2,1462.5,-6117.1,0
2026-04-01T19:21:34.219442+00:00,129.54,13.19,129.54,13.19,-79.8,433008843.66854674,8826.9,1459.5,-6111.4,0
2026-04-01T19:21:34.671500+00:00,129.47,13.24,129.47,13.24,-79.8,433008843.66854674,8819.3,1456.8,-6106.1,0
2026-04-01T19:21:35.155592+00:00,129.40,13.29,129.4,13.29,-79.8,433008843.66854674,8811.6,1454.0,-6100.8,0
2026-04-01T19:21:35.603652+00:00,129.33,13.34,129.33,13.34,-79.8,433008843.66854674,8803.2,1451.1,-6095.0,0
2026-04-01T19:21:36.051437+00:00,129.26,13.39,129.26,13.39,-79.8,433008843.66854674,8795.5,1448.3,-6089.7,0
2026-04-01T19:21:36.598990+00:00,129.19,13.45,129.19,13.45,-79.8,433008786.9650952,8787.0,1445.3,-6083.8,0
2026-04-01T19:21:37.050599+00:00,129.11,13.51,129.11,13.51,-79.8,433008786.9650952,8778.1,1442.3,-6077.6,0
2026-04-01T19:21:37.538567+00:00,129.04,13.56,129.04,13.56,-79.8,433008786.9650952,8770.1,1439.5,-6072.1,0
2026-04-01T19:21:37.982723+00:00,128.97,13.61,128.97,13.61,-79.8,433008786.9650952,8761.5,1436.6,-6066.1,0
2026-04-01T19:21:38.426579+00:00,128.90,13.66,128.9,13.66,-79.8,433008786.9650952,8753.6,1433.9,-6060.6,0
2026-04-01T19:21:38.910715+00:00,128.82,13.72,128.82,13.72,-79.8,433008786.9650952,8744.8,1431.0,-6054.6,0
2026-04-01T19:21:39.354618+00:00,128.75,13.77,128.75,13.77,-79.8,433008786.9650952,8736.7,1428.2,-6049.0,0
2026-04-01T19:21:39.903131+00:00,128.68,13.82,128.68,13.82,-79.8,433008728.66356874,8728.7,1425.6,-6043.4,0
2026-04-01T19:21:40.346613+00:00,128.60,13.89,128.6,13.89,-79.8,433008728.66356874,8718.7,1422.3,-6036.5,0
2026-04-01T19:21:40.790582+00:00,128.52,13.94,128.52,13.94,-79.8,433008728.66356874,8710.5,1419.6,-6030.8,0
2026-04-01T19:21:41.274671+00:00,128.45,13.99,128.45,13.99,-79.8,433008728.66356874,8701.5,1416.7,-6024.5,0
2026-04-01T19:21:41.723261+00:00,128.38,14.05,128.38,14.05,-79.8,433008728.66356874,8693.2,1414.0,-6018.8,0
2026-04-01T19:21:42.211395+00:00,128.30,14.10,128.3,14.1,-79.8,433008728.66356874,8684.8,1411.3,-6013.0,0
2026-04-01T19:21:42.660809+00:00,128.22,14.15,128.22,14.15,-79.8,433008728.66356874,8675.5,1408.3,-6006.6,0
2026-04-01T19:21:43.166575+00:00,128.15,14.21,128.15,14.21,-79.8,433008667.017792,8667.0,1405.7,-6000.7,0
2026-04-01T19:21:43.650824+00:00,128.06,14.27,128.06,14.27,-79.8,433008667.017792,8656.6,1402.4,-5993.5,0
2026-04-01T19:21:44.094635+00:00,127.99,14.32,127.99,14.32,-79.8,433008667.017792,8647.9,1399.7,-5987.5,0
2026-04-01T19:21:44.578584+00:00,127.92,14.38,127.92,14.38,-79.8,433008667.017792,8639.3,1397.1,-5981.5,0
2026-04-01T19:21:45.026724+00:00,127.84,14.43,127.84,14.43,-79.8,433008667.017792,8629.9,1394.2,-5975.0,0
2026-04-01T19:21:45.470587+00:00,127.76,14.49,127.76,14.49,-79.8,433008667.017792,8621.2,1391.5,-5969.0,0
2026-04-01T19:21:46.018653+00:00,127.67,14.55,127.67,14.55,-79.8,433008615.9478016,8610.3,1388.2,-5961.5,0
2026-04-01T19:21:46.462595+00:00,127.60,14.60,127.6,14.6,-79.8,433008615.9478016,8601.5,1385.6,-5955.4,0
2026-04-01T19:21:46.946709+00:00,127.52,14.66,127.52,14.66,-79.8,433008615.9478016,8592.5,1382.9,-5949.1,0
2026-04-01T19:21:47.390654+00:00,127.44,14.72,127.44,14.72,-79.8,433008615.9478016,8582.8,1380.1,-5942.4,0
2026-04-01T19:21:47.839811+00:00,127.36,14.77,127.36,14.77,-79.8,433008615.9478016,8573.8,1377.4,-5936.2,0
2026-04-01T19:21:48.387040+00:00,127.28,14.83,127.28,14.83,-79.8,433008563.91515785,8563.9,1374.5,-5929.3,0
2026-04-01T19:21:48.835466+00:00,127.19,14.89,127.19,14.89,-79.8,433008563.91515785,8553.4,1371.5,-5922.0,0
2026-04-01T19:21:49.323673+00:00,127.12,14.94,127.12,14.94,-79.8,433008563.91515785,8544.2,1368.9,-5915.6,0
2026-04-01T19:21:49.772535+00:00,127.03,15.00,127.03,15.0,-79.8,433008563.91515785,8534.0,1366.0,-5908.6,0
2026-04-01T19:21:50.215419+00:00,126.95,15.06,126.95,15.06,-79.8,433008563.91515785,8524.6,1363.3,-5902.1,0
2026-04-01T19:21:50.711707+00:00,126.87,15.12,126.87,15.12,-79.8,433008563.91515785,8514.4,1360.5,-5895.1,0
2026-04-01T19:21:51.235951+00:00,126.78,15.18,126.78,15.18,-79.8,433008508.6158403,8503.2,1357.4,-5887.3,0
2026-04-01T19:21:51.724880+00:00,126.69,15.24,126.69,15.24,-79.8,433008508.6158403,8492.7,1354.5,-5880.0,0
2026-04-01T19:21:52.172916+00:00,126.61,15.30,126.61,15.3,-79.8,433008508.6158403,8483.1,1351.8,-5873.4,0
2026-04-01T19:21:52.659380+00:00,126.53,15.35,126.53,15.35,-79.8,433008508.6158403,8473.4,1349.2,-5866.7,0
2026-04-01T19:21:53.103804+00:00,126.44,15.41,126.44,15.41,-79.8,433008508.6158403,8462.9,1346.4,-5859.4,0
2026-04-01T19:21:53.610972+00:00,126.36,15.46,126.36,15.46,-79.8,433008453.0788566,8453.1,1343.7,-5852.6,0
2026-04-01T19:21:54.102571+00:00,126.26,15.53,126.26,15.53,-79.8,433008453.0788566,8440.9,1340.5,-5844.1,0
2026-04-01T19:21:54.546595+00:00,126.18,15.59,126.18,15.59,-79.8,433008453.0788566,8431.1,1337.9,-5837.3,0
2026-04-01T19:21:55.034578+00:00,126.10,15.64,126.1,15.64,-79.8,433008453.0788566,8421.0,1335.3,-5830.4,0
2026-04-01T19:21:55.478590+00:00,126.01,15.70,126.01,15.7,-79.8,433008453.0788566,8410.2,1332.5,-5822.9,0
2026-04-01T19:21:55.922678+00:00,125.93,15.76,125.93,15.76,-79.8,433008453.0788566,8400.0,1329.9,-5815.9,0
2026-04-01T19:21:56.470572+00:00,125.83,15.83,125.83,15.83,-79.8,433008394.09113115,8387.6,1326.7,-5807.3,0
2026-04-01T19:21:56.914772+00:00,125.74,15.88,125.74,15.88,-79.8,433008394.09113115,8377.4,1324.1,-5800.2,0
2026-04-01T19:21:57.398589+00:00,125.66,15.94,125.66,15.94,-79.8,433008394.09113115,8367.1,1321.5,-5793.1,0
2026-04-01T19:21:57.842574+00:00,125.57,16.00,125.57,16.0,-79.8,433008394.09113115,8355.9,1318.7,-5785.3,0
2026-04-01T19:21:58.286827+00:00,125.49,16.06,125.49,16.06,-79.8,433008394.09113115,8345.5,1316.2,-5778.1,0
2026-04-01T19:21:58.840752+00:00,125.39,16.12,125.39,16.12,-79.8,433008334.1470996,8334.1,1313.4,-5770.2,0
2026-04-01T19:21:59.283735+00:00,125.30,16.18,125.3,16.18,-79.8,433008334.1470996,8322.1,1310.4,-5761.9,0
2026-04-01T19:21:59.771554+00:00,125.21,16.24,125.21,16.24,-79.8,433008334.1470996,8311.5,1307.9,-5754.5,0
2026-04-01T19:22:00.218726+00:00,125.12,16.30,125.12,16.3,-79.8,433008334.1470996,8299.8,1305.1,-5746.4,0
2026-04-01T19:22:00.662597+00:00,125.03,16.36,125.03,16.36,-79.8,433008334.1470996,8289.0,1302.5,-5739.0,0
2026-04-01T19:22:01.150394+00:00,124.94,16.42,124.94,16.42,-79.8,433008334.1470996,8277.2,1299.7,-5730.8,0
2026-04-01T19:22:01.654586+00:00,124.84,16.48,124.84,16.48,-79.8,433008270.7382216,8264.9,1296.8,-5722.3,0
2026-04-01T19:22:02.142910+00:00,124.75,16.54,124.75,16.54,-79.8,433008270.7382216,8254.0,1294.3,-5714.7,0
2026-04-01T19:22:02.591752+00:00,124.65,16.61,124.65,16.61,-79.8,433008270.7382216,8241.8,1291.5,-5706.3,0
2026-04-01T19:22:03.034579+00:00,124.57,16.66,124.57,16.66,-79.8,433008270.7382216,8230.7,1289.0,-5698.6,0
2026-04-01T19:22:03.519618+00:00,124.47,16.73,124.47,16.73,-79.8,433008270.7382216,8218.6,1286.2,-5690.2,0
2026-04-01T19:22:04.022640+00:00,124.38,16.78,124.38,16.78,-79.8,433008207.2701033,8207.3,1283.6,-5682.4,0
2026-04-01T19:22:04.511827+00:00,124.28,16.85,124.28,16.85,-79.8,433008207.2701033,8194.5,1280.8,-5673.5,0
2026-04-01T19:22:04.954588+00:00,124.18,16.91,124.18,16.91,-79.8,433008207.2701033,8182.1,1278.0,-5665.0,0
2026-04-01T19:22:05.398589+00:00,124.09,16.97,124.09,16.97,-79.8,433008207.2701033,8170.7,1275.5,-5657.1,0
2026-04-01T19:22:05.882575+00:00,123.99,17.03,123.99,17.03,-79.8,433008207.2701033,8158.0,1272.8,-5648.3,0
2026-04-01T19:22:06.330803+00:00,123.90,17.09,123.9,17.09,-79.8,433008207.2701033,8146.4,1270.3,-5640.3,0
2026-04-01T19:22:06.874600+00:00,123.79,17.16,123.79,17.16,-79.8,433008139.4880289,8133.2,1267.4,-5631.1,0
2026-04-01T19:22:07.318586+00:00,123.69,17.22,123.69,17.22,-79.8,433008139.4880289,8120.5,1264.7,-5622.3,0
2026-04-01T19:22:07.762579+00:00,123.60,17.28,123.6,17.28,-79.8,433008139.4880289,8108.5,1262.2,-5614.0,0
2026-04-01T19:22:08.246577+00:00,123.50,17.34,123.5,17.34,-79.8,433008139.4880289,8095.6,1259.5,-5605.1,0
2026-04-01T19:22:08.750668+00:00,123.39,17.41,123.39,17.41,-79.8,433008088.54004514,8082.0,1256.6,-5595.7,0
2026-04-01T19:22:09.238583+00:00,123.30,17.47,123.3,17.47,-79.8,433008088.54004514,8069.9,1254.2,-5587.3,0
2026-04-01T19:22:09.682601+00:00,123.20,17.53,123.2,17.53,-79.8,433008088.54004514,8056.8,1251.5,-5578.2,0
2026-04-01T19:22:10.126708+00:00,123.10,17.59,123.1,17.59,-79.8,433008088.54004514,8044.4,1249.0,-5569.7,0
2026-04-01T19:22:10.674892+00:00,122.98,17.67,122.98,17.67,-79.8,433008037.2161681,8029.4,1245.9,-5559.2,0
2026-04-01T19:22:11.122642+00:00,122.89,17.73,122.89,17.73,-79.8,433008037.2161681,8016.9,1243.4,-5550.6,0
2026-04-01T19:22:11.606699+00:00,122.79,17.79,122.79,17.79,-79.8,433008037.2161681,8004.5,1241.0,-5542.0,0
2026-04-01T19:22:12.050585+00:00,122.69,17.85,122.69,17.85,-79.8,433008037.2161681,7990.7,1238.3,-5532.5,0
2026-04-01T19:22:12.554579+00:00,122.57,17.92,122.57,17.92,-79.8,433007983.3068795,7976.4,1235.5,-5522.6,0
2026-04-01T19:22:13.038745+00:00,122.47,17.99,122.47,17.99,-79.8,433007983.3068795,7962.6,1232.8,-5513.0,0
2026-04-01T19:22:13.486662+00:00,122.37,18.05,122.37,18.05,-79.8,433007983.3068795,7949.8,1230.4,-5504.1,0
2026-04-01T19:22:13.970663+00:00,122.27,18.11,122.27,18.11,-79.8,433007983.3068795,7937.0,1227.9,-5495.2,0
2026-04-01T19:22:14.474573+00:00,122.15,18.18,122.15,18.18,-79.8,433007928.06045496,7921.0,1224.9,-5484.2,0
2026-04-01T19:22:14.918732+00:00,122.05,18.24,122.05,18.24,-79.8,433007928.06045496,7907.9,1222.5,-5475.2,0
2026-04-01T19:22:15.407477+00:00,121.94,18.31,121.94,18.31,-79.8,433007928.06045496,7893.6,1219.9,-5465.3,0
2026-04-01T19:22:15.855436+00:00,121.84,18.37,121.84,18.37,-79.8,433007928.06045496,7880.3,1217.4,-5456.0,0
2026-04-01T19:22:16.403671+00:00,121.72,18.44,121.72,18.44,-79.8,433007872.3845388,7865.1,1214.6,-5445.5,0
2026-04-01T19:22:16.851140+00:00,121.61,18.50,121.61,18.5,-79.8,433007872.3845388,7850.5,1212.0,-5435.4,0
2026-04-01T19:22:17.299573+00:00,121.51,18.57,121.51,18.57,-79.8,433007872.3845388,7836.8,1209.5,-5425.9,0
2026-04-01T19:22:17.787718+00:00,121.39,18.63,121.39,18.63,-79.8,433007872.3845388,7822.0,1206.9,-5415.6,0
2026-04-01T19:22:18.295809+00:00,121.28,18.70,121.28,18.7,-79.8,433007813.7875167,7806.3,1204.2,-5404.8,0
2026-04-01T19:22:18.783427+00:00,121.17,18.77,121.17,18.77,-79.8,433007813.7875167,7792.5,1201.7,-5395.2,0
2026-04-01T19:22:19.232007+00:00,121.06,18.83,121.06,18.83,-79.8,433007813.7875167,7777.3,1199.1,-5384.7,0
2026-04-01T19:22:19.678613+00:00,120.95,18.90,120.95,18.9,-79.8,433007813.7875167,7763.3,1196.7,-5375.0,0
2026-04-01T19:22:20.222623+00:00,120.82,18.97,120.82,18.97,-79.8,433007754.9168612,7746.0,1193.8,-5363.1,0
2026-04-01T19:22:20.666582+00:00,120.71,19.03,120.71,19.03,-79.8,433007754.9168612,7731.9,1191.4,-5353.2,0
2026-04-01T19:22:21.150756+00:00,120.61,19.10,120.61,19.1,-79.8,433007754.9168612,7717.7,1189.0,-5343.4,0
2026-04-01T19:22:21.599820+00:00,120.49,19.16,120.49,19.16,-79.8,433007754.9168612,7702.1,1186.4,-5332.6,0
2026-04-01T19:22:22.107089+00:00,120.37,19.24,120.37,19.24,-79.8,433007693.504519,7685.8,1183.7,-5321.3,0
2026-04-01T19:22:22.586579+00:00,120.25,19.30,120.25,19.3,-79.8,433007693.504519,7669.9,1181.1,-5310.3,0
2026-04-01T19:22:23.030580+00:00,120.14,19.37,120.14,19.37,-79.8,433007693.504519,7655.3,1178.8,-5300.2,0
2026-04-01T19:22:23.518701+00:00,120.03,19.43,120.03,19.43,-79.8,433007693.504519,7640.6,1176.4,-5290.1,0
2026-04-01T19:22:24.023448+00:00,119.90,19.51,119.9,19.51,-79.8,433007630.51949036,7622.6,1173.6,-5277.6,0
2026-04-01T19:22:24.471674+00:00,119.78,19.57,119.78,19.57,-79.8,433007630.51949036,7607.6,1171.2,-5267.2,0
2026-04-01T19:22:24.959173+00:00,119.66,19.64,119.66,19.64,-79.8,433007630.51949036,7591.1,1168.6,-5255.8,0
2026-04-01T19:22:25.407179+00:00,119.55,19.70,119.55,19.7,-79.8,433007630.51949036,7575.9,1166.3,-5245.3,0
2026-04-01T19:22:25.955549+00:00,119.42,19.77,119.42,19.77,-79.8,433007566.8792935,7558.7,1163.6,-5233.4,0
2026-04-01T19:22:26.403483+00:00,119.30,19.84,119.3,19.84,-79.8,433007566.8792935,7541.9,1161.1,-5221.7,0
2026-04-01T19:22:26.851487+00:00,119.18,19.91,119.18,19.91,-79.8,433007566.8792935,7526.4,1158.7,-5211.0,0
2026-04-01T19:22:27.343486+00:00,119.06,19.98,119.06,19.98,-79.8,433007566.8792935,7509.3,1156.2,-5199.2,0
2026-04-01T19:22:27.865634+00:00,118.92,20.05,118.92,20.05,-79.8,433007499.8899094,7490.8,1153.4,-5186.4,0
2026-04-01T19:22:28.350593+00:00,118.79,20.13,118.79,20.13,-79.8,433007499.8899094,7473.6,1150.9,-5174.4,0
2026-04-01T19:22:28.798634+00:00,118.68,20.19,118.68,20.19,-79.8,433007499.8899094,7457.8,1148.6,-5163.5,0
2026-04-01T19:22:29.287938+00:00,118.56,20.25,118.56,20.25,-79.8,433007499.8899094,7441.8,1146.3,-5152.4,0
2026-04-01T19:22:29.790610+00:00,118.42,20.33,118.42,20.33,-79.8,433007430.80384535,7422.2,1143.5,-5138.9,0
2026-04-01T19:22:30.234621+00:00,118.30,20.40,118.3,20.4,-79.8,433007430.80384535,7406.0,1141.2,-5127.7,0
2026-04-01T19:22:30.718621+00:00,118.17,20.47,118.17,20.47,-79.8,433007430.80384535,7388.3,1138.7,-5115.4,0
2026-04-01T19:22:31.162579+00:00,118.05,20.53,118.05,20.53,-79.8,433007430.80384535,7372.1,1136.5,-5104.1,0
2026-04-01T19:22:31.710601+00:00,117.91,20.61,117.91,20.61,-79.8,433007362.4180851,7353.4,1133.9,-5091.2,0
2026-04-01T19:22:32.154660+00:00,117.78,20.68,117.78,20.68,-79.8,433007362.4180851,7335.5,1131.4,-5078.8,0
2026-04-01T19:22:32.604481+00:00,117.66,20.74,117.66,20.74,-79.8,433007362.4180851,7318.8,1129.2,-5067.3,0
2026-04-01T19:22:33.171580+00:00,117.52,20.82,117.52,20.82,-79.8,433007299.65309155,7299.7,1126.6,-5054.0,0
2026-04-01T19:22:33.620688+00:00,117.38,20.89,117.38,20.89,-79.8,433007299.65309155,7280.4,1124.0,-5040.7,0
2026-04-01T19:22:34.107189+00:00,117.25,20.96,117.25,20.96,-79.8,433007299.65309155,7261.6,1121.6,-5027.6,0
2026-04-01T19:22:34.551472+00:00,117.12,21.03,117.12,21.03,-79.8,433007299.65309155,7244.4,1119.3,-5015.7,0
2026-04-01T19:22:35.104004+00:00,117.00,21.09,117.0,21.09,-79.8,433007227.1846941,7227.2,1117.1,-5003.8,0
2026-04-01T19:22:35.551486+00:00,116.84,21.17,116.84,21.17,-79.8,433007227.1846941,7205.7,1114.3,-4989.0,0
2026-04-01T19:22:36.039789+00:00,116.72,21.24,116.72,21.24,-79.8,433007227.1846941,7188.1,1112.1,-4976.8,0
2026-04-01T19:22:36.550602+00:00,116.56,21.32,116.56,21.32,-79.8,433007176.03642195,7166.5,1109.4,-4961.8,0
2026-04-01T19:22:36.994839+00:00,116.43,21.39,116.43,21.39,-79.8,433007176.03642195,7148.7,1107.2,-4949.5,0
2026-04-01T19:22:37.478604+00:00,116.29,21.46,116.29,21.46,-79.8,433007176.03642195,7129.1,1104.7,-4935.9,0
2026-04-01T19:22:37.923347+00:00,116.16,21.53,116.16,21.53,-79.8,433007176.03642195,7111.3,1102.6,-4923.6,0
2026-04-01T19:22:38.470718+00:00,116.02,21.60,116.02,21.6,-79.8,433007100.67019135,7090.8,1100.1,-4909.4,0
2026-04-01T19:22:38.914695+00:00,115.88,21.67,115.88,21.67,-79.8,433007100.67019135,7071.1,1097.7,-4895.8,0
2026-04-01T19:22:39.359221+00:00,115.75,21.74,115.75,21.74,-79.8,433007100.67019135,7052.9,1095.5,-4883.2,0
2026-04-01T19:22:39.842633+00:00,115.60,21.81,115.6,21.81,-79.8,433007100.67019135,7032.7,1093.2,-4869.2,0
2026-04-01T19:22:40.350598+00:00,115.45,21.89,115.45,21.89,-79.8,433007021.85533464,7011.7,1090.7,-4854.7,0
2026-04-01T19:22:40.834584+00:00,115.32,21.95,115.32,21.95,-79.8,433007021.85533464,6993.2,1088.6,-4841.8,0
2026-04-01T19:22:41.279264+00:00,115.18,22.03,115.18,22.03,-79.8,433007021.85533464,6972.8,1086.2,-4827.7,0
2026-04-01T19:22:41.727873+00:00,115.04,22.09,115.04,22.09,-79.8,433007021.85533464,6953.7,1084.1,-4814.5,0
2026-04-01T19:22:42.275655+00:00,114.88,22.18,114.88,22.18,-79.8,433006942.4036458,6930.4,1081.4,-4798.3,0
2026-04-01T19:22:42.723664+00:00,114.74,22.24,114.74,22.24,-79.8,433006942.4036458,6911.2,1079.3,-4785.0,0
2026-04-01T19:22:43.271665+00:00,114.60,22.31,114.6,22.31,-79.8,433006891.7871251,6891.8,1077.1,-4771.6,0
2026-04-01T19:22:43.719792+00:00,114.43,22.39,114.43,22.39,-79.8,433006891.7871251,6867.9,1074.5,-4755.1,0
2026-04-01T19:22:44.167431+00:00,114.29,22.46,114.29,22.46,-79.8,433006891.7871251,6848.3,1072.4,-4741.5,0
2026-04-01T19:22:44.719754+00:00,114.12,22.55,114.12,22.55,-79.8,433006836.55127907,6824.1,1069.8,-4724.7,0
2026-04-01T19:22:45.162692+00:00,113.98,22.61,113.98,22.61,-79.8,433006836.55127907,6804.2,1067.7,-4711.0,0
2026-04-01T19:22:45.710789+00:00,113.84,22.68,113.84,22.68,-79.8,433006784.17800426,6784.2,1065.6,-4697.1,0
2026-04-01T19:22:46.154672+00:00,113.67,22.76,113.67,22.76,-79.8,433006784.17800426,6759.5,1063.0,-4680.0,0
2026-04-01T19:22:46.598743+00:00,113.53,22.83,113.53,22.83,-79.8,433006784.17800426,6739.4,1060.9,-4666.1,0
2026-04-01T19:22:47.146638+00:00,113.35,22.91,113.35,22.91,-79.8,433006727.5429612,6714.6,1058.4,-4649.0,0
2026-04-01T19:22:47.590689+00:00,113.21,22.98,113.21,22.98,-79.8,433006727.5429612,6694.1,1056.3,-4634.7,0
2026-04-01T19:22:48.139829+00:00,113.07,23.05,113.07,23.05,-79.8,433006673.5850109,6673.6,1054.3,-4620.5,0
2026-04-01T19:22:48.582774+00:00,112.89,23.13,112.89,23.13,-79.8,433006673.5850109,6648.4,1051.8,-4603.1,0
2026-04-01T19:22:49.026602+00:00,112.75,23.20,112.75,23.2,-79.8,433006673.5850109,6627.6,1049.7,-4588.7,0
2026-04-01T19:22:49.570618+00:00,112.56,23.28,112.56,23.28,-79.8,433006615.0888381,6601.7,1047.2,-4570.8,0
2026-04-01T19:22:50.019510+00:00,112.42,23.35,112.42,23.35,-79.8,433006615.0888381,6580.7,1045.2,-4556.2,0
2026-04-01T19:22:50.567161+00:00,112.27,23.42,112.27,23.42,-79.8,433006559.39599633,6559.4,1043.1,-4541.5,0
2026-04-01T19:22:51.015497+00:00,112.09,23.50,112.09,23.5,-79.8,433006559.39599633,6533.0,1040.7,-4523.2,0
2026-04-01T19:22:51.464137+00:00,111.94,23.57,111.94,23.57,-79.8,433006559.39599633,6511.4,1038.6,-4508.2,0
2026-04-01T19:22:52.011424+00:00,111.75,23.66,111.75,23.66,-79.8,433006498.4716805,6484.8,1036.2,-4489.8,0
2026-04-01T19:22:52.459418+00:00,111.60,23.72,111.6,23.72,-79.8,433006498.4716805,6462.9,1034.2,-4474.7,0
2026-04-01T19:22:53.007193+00:00,111.45,23.79,111.45,23.79,-79.8,433006440.8380168,6440.8,1032.2,-4459.4,0
2026-04-01T19:22:53.454600+00:00,111.26,23.88,111.26,23.88,-79.8,433006440.8380168,6413.6,1029.7,-4440.5,0
2026-04-01T19:22:53.902605+00:00,111.10,23.95,111.1,23.95,-79.8,433006440.8380168,6391.3,1027.7,-4425.1,0
2026-04-01T19:22:54.446583+00:00,110.91,24.03,110.91,24.03,-79.8,433006378.00461495,6363.8,1025.3,-4406.0,0
2026-04-01T19:22:54.895956+00:00,110.76,24.10,110.76,24.1,-79.8,433006378.00461495,6341.3,1023.4,-4390.5,0
2026-04-01T19:22:55.438680+00:00,110.60,24.17,110.6,24.17,-79.8,433006318.8342323,6318.8,1021.4,-4374.9,0
2026-04-01T19:22:55.882728+00:00,110.41,24.25,110.41,24.25,-79.8,433006318.8342323,6290.7,1019.0,-4355.5,0
2026-04-01T19:22:56.326605+00:00,110.25,24.32,110.25,24.32,-79.8,433006318.8342323,6267.9,1017.1,-4339.6,0
2026-04-01T19:22:56.874685+00:00,110.06,24.40,110.06,24.4,-79.8,433006254.3907664,6239.7,1014.7,-4320.1,0
2026-04-01T19:22:57.318657+00:00,109.90,24.47,109.9,24.47,-79.8,433006254.3907664,6216.6,1012.8,-4304.1,0
2026-04-01T19:22:57.862623+00:00,109.74,24.54,109.74,24.54,-79.8,433006193.31270814,6193.3,1010.9,-4288.0,0
2026-04-01T19:22:58.307655+00:00,109.54,24.62,109.54,24.62,-79.8,433006193.31270814,6164.3,1008.6,-4268.0,0
2026-04-01T19:22:58.759689+00:00,109.38,24.69,109.38,24.69,-79.8,433006193.31270814,6140.8,1006.7,-4251.7,0
2026-04-01T19:22:59.327632+00:00,109.17,24.78,109.17,24.78,-79.8,433006126.3339027,6110.3,1004.3,-4230.6,0
2026-04-01T19:22:59.775240+00:00,109.01,24.85,109.01,24.85,-79.8,433006126.3339027,6086.0,1002.4,-4213.7,0
2026-04-01T19:23:00.323459+00:00,108.83,24.92,108.83,24.92,-79.8,433006059.64636153,6059.6,1000.3,-4195.5,0
2026-04-01T19:23:00.771706+00:00,108.64,25.00,108.64,25.0,-79.8,433006059.64636153,6032.1,998.2,-4176.4,0
2026-04-01T19:23:01.259259+00:00,108.47,25.07,108.47,25.07,-79.8,433006059.64636153,6007.5,996.3,-4159.3,0
2026-04-01T19:23:01.767240+00:00,108.26,25.15,108.26,25.15,-79.8,433005990.5729918,5977.2,994.0,-4138.4,0
2026-04-01T19:23:02.217830+00:00,108.09,25.22,108.09,25.22,-79.8,433005990.5729918,5952.3,992.2,-4121.2,0
2026-04-01T19:23:02.762578+00:00,107.91,25.30,107.91,25.3,-79.8,433005925.07942283,5925.1,990.2,-4102.3,0
2026-04-01T19:23:03.205588+00:00,107.71,25.38,107.71,25.38,-79.8,433005925.07942283,5896.5,988.1,-4082.5,0
2026-04-01T19:23:03.691128+00:00,107.54,25.44,107.54,25.44,-79.8,433005925.07942283,5871.4,986.3,-4065.2,0
2026-04-01T19:23:04.199714+00:00,107.33,25.53,107.33,25.53,-79.8,433005854.3067762,5840.5,984.1,-4043.7,0
2026-04-01T19:23:04.642604+00:00,107.16,25.59,107.16,25.59,-79.8,433005854.3067762,5815.2,982.3,-4026.2,0
2026-04-01T19:23:05.186714+00:00,106.97,25.67,106.97,25.67,-79.8,433005787.2362894,5787.2,980.4,-4006.9,0
2026-04-01T19:23:05.630601+00:00,106.77,25.75,106.77,25.75,-79.8,433005787.2362894,5757.8,978.3,-3986.5,0
2026-04-01T19:23:06.114671+00:00,106.60,25.81,106.6,25.81,-79.8,433005787.2362894,5732.0,976.6,-3968.6,0
2026-04-01T19:23:06.622589+00:00,106.38,25.90,106.38,25.9,-79.8,433005714.3313481,5700.1,974.4,-3946.5,0
2026-04-01T19:23:07.069317+00:00,106.21,25.96,106.21,25.96,-79.8,433005714.3313481,5674.0,972.7,-3928.4,0
2026-04-01T19:23:07.620727+00:00,106.01,26.04,106.01,26.04,-79.8,433005644.944499,5644.9,970.8,-3908.3,0
2026-04-01T19:23:08.068486+00:00,105.80,26.12,105.8,26.12,-79.8,433005644.944499,5614.5,968.8,-3887.2,0
2026-04-01T19:23:08.555465+00:00,105.62,26.19,105.62,26.19,-79.8,433005644.944499,5587.6,967.0,-3868.6,0
2026-04-01T19:23:09.064575+00:00,105.40,26.27,105.4,26.27,-79.8,433005569.06802684,5554.4,964.9,-3845.7,0
2026-04-01T19:23:09.511645+00:00,105.22,26.34,105.22,26.34,-79.8,433005569.06802684,5527.3,963.2,-3826.9,0
2026-04-01T19:23:10.059673+00:00,105.02,26.41,105.02,26.41,-79.8,433005497.6486746,5497.6,961.3,-3806.4,0
2026-04-01T19:23:10.506817+00:00,104.81,26.49,104.81,26.49,-79.8,433005497.6486746,5466.3,959.4,-3784.6,0
2026-04-01T19:23:10.995189+00:00,104.62,26.55,104.62,26.55,-79.8,433005497.6486746,5438.5,957.7,-3765.4,0
2026-04-01T19:23:11.498587+00:00,104.39,26.64,104.39,26.64,-79.8,433005419.52178,5404.7,955.7,-3742.0,0
2026-04-01T19:23:11.942612+00:00,104.21,26.70,104.21,26.7,-79.8,433005419.52178,5376.7,954.0,-3722.6,0
2026-04-01T19:23:12.490609+00:00,104.00,26.78,104.0,26.78,-79.8,433005346.2437665,5346.2,952.2,-3701.5,0
2026-04-01T19:23:12.934640+00:00,103.79,26.85,103.79,26.85,-79.8,433005346.2437665,5314.4,950.3,-3679.5,0
2026-04-01T19:23:13.418653+00:00,103.60,26.92,103.6,26.92,-79.8,433005346.2437665,5286.2,948.7,-3660.0,0
2026-04-01T19:23:13.922824+00:00,103.36,27.00,103.36,27.0,-79.8,433005266.6330459,5251.1,946.7,-3635.6,0
2026-04-01T19:23:14.370589+00:00,103.17,27.07,103.17,27.07,-79.8,433005266.6330459,5222.6,945.1,-3615.9,0
2026-04-01T19:23:14.914752+00:00,102.96,27.14,102.96,27.14,-79.8,433005191.19135445,5191.2,943.4,-3594.2,0
2026-04-01T19:23:15.358594+00:00,102.74,27.21,102.74,27.21,-79.8,433005191.19135445,5158.1,941.5,-3571.3,0
2026-04-01T19:23:15.847137+00:00,102.55,27.28,102.55,27.28,-79.8,433005191.19135445,5129.1,940.0,-3551.2,0
2026-04-01T19:23:16.350683+00:00,102.31,27.36,102.31,27.36,-79.8,433005109.0181425,5093.0,938.0,-3526.2,0
2026-04-01T19:23:16.794589+00:00,102.11,27.43,102.11,27.43,-79.8,433005109.0181425,5063.7,936.5,-3505.9,0
2026-04-01T19:23:17.342610+00:00,101.90,27.50,101.9,27.5,-79.8,433005031.4882341,5031.5,934.8,-3483.6,0
2026-04-01T19:23:17.786591+00:00,101.67,27.57,101.67,27.57,-79.8,433005031.4882341,4997.9,933.0,-3460.3,0
2026-04-01T19:23:18.270876+00:00,101.47,27.64,101.47,27.64,-79.8,433005031.4882341,4968.0,931.5,-3439.6,0
2026-04-01T19:23:18.774655+00:00,101.23,27.72,101.23,27.72,-79.8,433004947.3064973,4930.9,929.6,-3414.0,0
2026-04-01T19:23:19.223846+00:00,101.03,27.78,101.03,27.78,-79.8,433004947.3064973,4900.7,928.1,-3393.1,0
2026-04-01T19:23:19.766607+00:00,100.81,27.85,100.81,27.85,-79.8,433004867.6153793,4867.6,926.5,-3370.1,0
2026-04-01T19:23:20.214698+00:00,100.57,27.93,100.57,27.93,-79.8,433004867.6153793,4832.7,924.7,-3346.0,0
2026-04-01T19:23:20.698629+00:00,100.37,27.99,100.37,27.99,-79.8,433004867.6153793,4802.1,923.3,-3324.8,0
2026-04-01T19:23:21.207040+00:00,100.12,28.07,100.12,28.07,-79.8,433004780.89125043,4764.0,921.4,-3298.4,0
2026-04-01T19:23:21.655413+00:00,99.91,28.13,99.91,28.13,-79.8,433004780.89125043,4732.7,920.0,-3276.7,0
2026-04-01T19:23:22.203436+00:00,99.68,28.20,99.68,28.2,-79.8,433004698.7134545,4698.7,918.4,-3253.2,0
2026-04-01T19:23:22.651450+00:00,99.45,28.27,99.45,28.27,-79.8,433004698.7134545,4662.7,916.7,-3228.3,0
2026-04-01T19:23:23.138284+00:00,99.23,28.34,99.23,28.34,-79.8,433004698.7134545,4630.9,915.3,-3206.2,0
2026-04-01T19:23:23.647916+00:00,98.98,28.42,98.98,28.42,-79.8,433004609.1750635,4591.8,913.5,-3179.2,0
2026-04-01T19:23:24.095258+00:00,98.76,28.48,98.76,28.48,-79.8,433004609.1750635,4559.8,912.1,-3157.0,0
2026-04-01T19:23:24.643833+00:00,98.53,28.55,98.53,28.55,-79.8,433004524.55607754,4524.6,910.6,-3132.6,0
2026-04-01T19:23:25.091711+00:00,98.29,28.62,98.29,28.62,-79.8,433004524.55607754,4487.9,909.0,-3107.2,0
2026-04-01T19:23:25.579993+00:00,98.07,28.68,98.07,28.68,-79.8,433004524.55607754,4455.3,907.6,-3084.7,0
2026-04-01T19:23:26.091488+00:00,97.81,28.76,97.81,28.76,-79.8,433004432.83108836,4415.1,905.9,-3056.9,0
2026-04-01T19:23:26.579656+00:00,97.59,28.82,97.59,28.82,-79.8,433004432.83108836,4382.0,904.6,-3033.9,0
2026-04-01T19:23:27.087211+00:00,97.35,28.89,97.35,28.89,-79.8,433004345.9736691,4346.0,903.1,-3009.0,0
2026-04-01T19:23:27.535777+00:00,97.10,28.95,97.1,28.95,-79.8,433004345.9736691,4308.2,901.6,-2982.8,0
2026-04-01T19:23:28.024386+00:00,96.86,29.02,96.86,29.02,-79.8,433004345.9736691,4271.8,900.1,-2957.6,0
2026-04-01T19:23:28.530592+00:00,96.61,29.09,96.61,29.09,-79.8,433004251.8300576,4233.7,898.6,-2931.3,0
2026-04-01T19:23:29.019713+00:00,96.38,29.15,96.38,29.15,-79.8,433004251.8300576,4200.0,897.3,-2907.9,0
2026-04-01T19:23:29.522593+00:00,96.14,29.21,96.14,29.21,-79.8,433004163.4775285,4163.5,895.9,-2882.6,0
2026-04-01T19:23:29.966605+00:00,95.89,29.28,95.89,29.28,-79.8,433004163.4775285,4125.2,894.5,-2856.1,0
2026-04-01T19:23:30.450716+00:00,95.64,29.35,95.64,29.35,-79.8,433004163.4775285,4087.7,893.1,-2830.1,0
2026-04-01T19:23:30.958918+00:00,95.39,29.41,95.39,29.41,-79.8,433004067.7922614,4049.1,891.7,-2803.5,0
2026-04-01T19:23:31.442983+00:00,95.16,29.47,95.16,29.47,-79.8,433004067.7922614,4014.6,890.4,-2779.6,0
2026-04-01T19:23:31.950605+00:00,94.92,29.53,94.92,29.53,-79.8,433003977.13042223,3977.1,889.1,-2753.6,0
2026-04-01T19:23:32.399715+00:00,94.65,29.60,94.65,29.6,-79.8,433003977.13042223,3937.6,887.7,-2726.2,0
2026-04-01T19:23:32.886641+00:00,94.40,29.66,94.4,29.66,-79.8,433003977.13042223,3899.3,886.3,-2699.7,0
2026-04-01T19:23:33.395250+00:00,94.14,29.73,94.14,29.73,-79.8,433003878.6834333,3859.6,885.0,-2672.2,0
2026-04-01T19:23:33.883209+00:00,93.91,29.78,93.91,29.78,-79.8,433003878.6834333,3824.2,883.8,-2647.8,0
2026-04-01T19:23:34.391176+00:00,93.65,29.85,93.65,29.85,-79.8,433003785.60861385,3785.6,882.5,-2621.0,0
2026-04-01T19:23:34.839466+00:00,93.39,29.91,93.39,29.91,-79.8,433003785.60861385,3745.2,881.2,-2593.0,0
2026-04-01T19:23:35.331769+00:00,93.13,29.97,93.13,29.97,-79.8,433003785.60861385,3706.2,879.9,-2566.0,0
2026-04-01T19:23:35.835234+00:00,92.86,30.03,92.86,30.03,-79.8,433003684.5525877,3665.5,878.6,-2537.8,0
2026-04-01T19:23:36.323442+00:00,92.63,30.09,92.63,30.09,-79.8,433003684.5525877,3629.4,877.5,-2512.8,0
2026-04-01T19:23:36.831998+00:00,92.37,30.15,92.37,30.15,-79.8,433003589.8571256,3589.9,876.3,-2485.5,0
2026-04-01T19:23:37.278592+00:00,92.10,30.21,92.1,30.21,-79.8,433003589.8571256,3548.7,875.0,-2457.0,0
2026-04-01T19:23:37.762646+00:00,91.83,30.27,91.83,30.27,-79.8,433003589.8571256,3508.8,873.8,-2429.4,0
2026-04-01T19:23:38.271700+00:00,91.56,30.33,91.56,30.33,-79.8,433003487.4163598,3467.5,872.6,-2400.8,0
2026-04-01T19:23:38.754591+00:00,91.32,30.38,91.32,30.38,-79.8,433003487.4163598,3431.1,871.6,-2375.5,0
2026-04-01T19:23:39.262656+00:00,91.06,30.43,91.06,30.43,-79.8,433003390.67146873,3390.7,870.4,-2347.6,0
2026-04-01T19:23:39.706600+00:00,90.78,30.49,90.78,30.49,-79.8,433003390.67146873,3349.0,869.2,-2318.7,0
2026-04-01T19:23:40.191207+00:00,90.52,30.55,90.52,30.55,-79.8,433003390.67146873,3308.3,868.1,-2290.5,0
2026-04-01T19:23:40.698663+00:00,90.24,30.61,90.24,30.61,-79.8,433003286.4118877,3266.1,867.0,-2261.4,0
2026-04-01T19:23:41.182777+00:00,90.00,30.66,90.0,30.66,-79.8,433003286.4118877,3229.0,866.0,-2235.6,0
2026-04-01T19:23:41.686585+00:00,89.73,30.71,89.73,30.71,-79.8,433003187.90847945,3187.9,864.9,-2207.2,0
2026-04-01T19:23:42.135542+00:00,89.45,30.77,89.45,30.77,-79.8,433003187.90847945,3145.2,863.8,-2177.6,0
2026-04-01T19:23:42.623744+00:00,89.17,30.82,89.17,30.82,-79.8,433003187.90847945,3103.8,862.7,-2149.0,0
2026-04-01T19:23:43.131727+00:00,88.89,30.87,88.89,30.87,-79.8,433003081.16468877,3060.5,861.6,-2119.0,0
2026-04-01T19:23:43.619408+00:00,88.64,30.92,88.64,30.92,-79.8,433003081.16468877,3022.4,860.7,-2092.6,0
2026-04-01T19:23:44.132623+00:00,88.37,30.97,88.37,30.97,-79.8,433002980.42566824,2980.4,859.7,-2063.5,0
2026-04-01T19:23:44.619371+00:00,88.08,31.03,88.08,31.03,-79.8,433002980.42566824,2936.5,858.6,-2033.1,0
2026-04-01T19:23:45.068546+00:00,87.80,31.08,87.8,31.08,-79.8,433002980.42566824,2894.6,857.6,-2004.1,0
2026-04-01T19:23:45.575140+00:00,87.51,31.13,87.51,31.13,-79.8,433002871.0980526,2850.2,856.6,-1973.4,0
2026-04-01T19:23:46.063468+00:00,87.23,31.18,87.23,31.18,-79.8,433002871.0980526,2807.7,855.7,-1944.0,0
2026-04-01T19:23:46.571057+00:00,86.98,31.22,86.98,31.22,-79.8,433002768.6594025,2768.7,854.8,-1916.9,0
2026-04-01T19:23:47.058608+00:00,86.69,31.27,86.69,31.27,-79.8,433002768.6594025,2724.2,853.8,-1886.1,0
2026-04-01T19:23:47.506660+00:00,86.40,31.32,86.4,31.32,-79.8,433002768.6594025,2681.4,852.9,-1856.5,0
2026-04-01T19:23:48.014602+00:00,86.11,31.37,86.11,31.37,-79.8,433002657.97419894,2636.6,852.0,-1825.5,0
2026-04-01T19:23:48.503916+00:00,85.83,31.41,85.83,31.41,-79.8,433002657.97419894,2593.4,851.1,-1795.6,0
2026-04-01T19:23:49.006631+00:00,85.57,31.45,85.57,31.45,-79.8,433002554.2366721,2554.2,850.3,-1768.5,0
2026-04-01T19:23:49.490679+00:00,85.27,31.50,85.27,31.5,-79.8,433002554.2366721,2508.9,849.4,-1737.1,0
2026-04-01T19:23:49.939778+00:00,84.99,31.54,84.99,31.54,-79.8,433002554.2366721,2465.7,848.6,-1707.2,0
2026-04-01T19:23:50.442690+00:00,84.70,31.59,84.7,31.59,-79.8,433002441.93170756,2420.6,847.7,-1676.0,0
2026-04-01T19:23:50.934311+00:00,84.41,31.63,84.41,31.63,-79.8,433002441.93170756,2376.9,846.9,-1645.6,0
2026-04-01T19:23:51.453585+00:00,84.14,31.67,84.14,31.67,-79.8,433002335.10505104,2335.1,846.2,-1616.7,0
2026-04-01T19:23:51.938692+00:00,83.81,31.72,83.81,31.72,-79.8,433002335.10505104,2285.6,845.3,-1582.5,0
2026-04-01T19:23:52.387191+00:00,83.55,31.76,83.55,31.76,-79.8,433002335.10505104,2245.6,844.6,-1554.7,0
2026-04-01T19:23:52.930641+00:00,83.25,31.80,83.25,31.8,-79.8,433002221.3703876,2199.7,843.8,-1523.0,0
2026-04-01T19:23:53.374665+00:00,82.96,31.84,82.96,31.84,-79.8,433002221.3703876,2155.3,843.1,-1492.3,0
2026-04-01T19:23:53.882653+00:00,82.69,31.87,82.69,31.87,-79.8,433002114.8441636,2114.8,842.4,-1464.2,0
2026-04-01T19:23:54.366617+00:00,82.37,31.91,82.37,31.91,-79.8,433002114.8441636,2065.1,841.6,-1429.8,0
2026-04-01T19:23:54.815921+00:00,82.10,31.95,82.1,31.95,-79.8,433002114.8441636,2024.1,841.0,-1401.4,0
2026-04-01T19:23:55.367778+00:00,81.79,31.99,81.79,31.99,-79.8,433001999.5539159,1977.3,840.3,-1369.0,0
2026-04-01T19:23:55.874812+00:00,81.46,32.03,81.46,32.03,-79.8,433001948.7651401,1926.6,839.6,-1333.9,0
2026-04-01T19:23:56.322826+00:00,81.19,32.06,81.19,32.06,-79.8,433001948.7651401,1885.3,839.0,-1305.3,0
2026-04-01T19:23:56.874698+00:00,80.89,32.09,80.89,32.09,-79.8,433001839.92607987,1839.9,838.3,-1273.9,0
2026-04-01T19:23:57.318630+00:00,80.58,32.13,80.58,32.13,-79.8,433001839.92607987,1792.4,837.7,-1241.0,0
2026-04-01T19:23:57.806860+00:00,80.31,32.16,80.31,32.16,-79.8,433001839.92607987,1751.1,837.2,-1212.4,0
2026-04-01T19:23:58.314772+00:00,79.97,32.19,79.97,32.19,-79.8,433001722.7057653,1700.1,836.5,-1177.1,0
2026-04-01T19:23:58.758623+00:00,79.70,32.22,79.7,32.22,-79.8,433001722.7057653,1658.2,836.0,-1148.1,0
2026-04-01T19:23:59.305645+00:00,79.40,32.25,79.4,32.25,-79.8,433001612.9721075,1613.0,835.4,-1116.8,0
2026-04-01T19:23:59.751120+00:00,79.09,32.28,79.09,32.28,-79.8,433001612.9721075,1565.3,834.9,-1083.7,0
2026-04-01T19:24:00.238830+00:00,78.82,32.31,78.82,32.31,-79.8,433001612.9721075,1523.7,834.4,-1054.9,0
2026-04-01T19:24:00.742592+00:00,78.48,32.34,78.48,32.34,-79.8,433001494.93406665,1472.1,833.8,-1019.2,0
2026-04-01T19:24:01.186674+00:00,78.21,32.36,78.21,32.36,-79.8,433001494.93406665,1430.2,833.4,-990.2,0
2026-04-01T19:24:01.734598+00:00,77.91,32.39,77.91,32.39,-79.8,433001384.53686565,1384.5,832.9,-958.6,0
2026-04-01T19:24:02.179684+00:00,77.59,32.41,77.59,32.41,-79.8,433001384.53686565,1336.5,832.4,-925.3,0
2026-04-01T19:24:02.671446+00:00,77.32,32.44,77.32,32.44,-79.8,433001384.53686565,1294.5,832.0,-896.3,0
2026-04-01T19:24:03.178839+00:00,76.98,32.46,76.98,32.46,-79.8,433001265.0109436,1242.4,831.5,-860.2,0
2026-04-01T19:24:03.666604+00:00,76.70,32.49,76.7,32.49,-79.8,433001265.0109436,1199.4,831.2,-830.4,0
2026-04-01T19:24:04.170610+00:00,76.39,32.51,76.39,32.51,-79.8,433001153.5020191,1153.5,830.8,-798.6,0
2026-04-01T19:24:04.619169+00:00,76.08,32.53,76.08,32.53,-79.8,433001153.5020191,1105.0,830.4,-765.0,0
2026-04-01T19:24:05.106631+00:00,75.77,32.55,75.77,32.55,-79.8,433001153.5020191,1058.7,830.0,-733.0,0
2026-04-01T19:24:05.610774+00:00,75.46,32.57,75.46,32.57,-79.8,433001033.07215506,1010.2,829.6,-699.5,0
2026-04-01T19:24:06.094629+00:00,75.17,32.59,75.17,32.59,-79.8,433001033.07215506,967.4,829.3,-669.8,0
2026-04-01T19:24:06.602673+00:00,74.87,32.61,74.87,32.61,-79.8,433000921.01296675,921.0,829.0,-637.7,0
2026-04-01T19:24:07.048608+00:00,74.55,32.62,74.55,32.62,-79.8,433000921.01296675,872.7,828.7,-604.3,0
2026-04-01T19:24:07.535767+00:00,74.25,32.64,74.25,32.64,-79.8,433000921.01296675,825.8,828.4,-571.8,0
2026-04-01T19:24:08.039475+00:00,73.93,32.66,73.93,32.66,-79.8,433000800.2355072,777.4,828.1,-538.2,0
2026-04-01T19:24:08.531797+00:00,73.65,32.67,73.65,32.67,-79.8,433000800.2355072,734.3,827.9,-508.4,0
2026-04-01T19:24:09.039463+00:00,73.34,32.68,73.34,32.68,-79.8,433000687.008044,687.0,827.7,-475.7,0
2026-04-01T19:24:09.527489+00:00,73.02,32.70,73.02,32.7,-79.8,433000687.008044,637.9,827.4,-441.7,0
2026-04-01T19:24:09.975372+00:00,72.71,32.71,72.71,32.71,-79.8,433000687.008044,590.9,827.2,-409.1,0
2026-04-01T19:24:10.483148+00:00,72.39,32.72,72.39,32.72,-79.8,433000565.22870225,541.9,827.0,-375.2,0
2026-04-01T19:24:10.970641+00:00,72.08,32.73,72.08,32.73,-79.8,433000565.22870225,494.7,826.8,-342.5,0
2026-04-01T19:24:11.474593+00:00,71.79,32.74,71.79,32.74,-79.8,433000451.4488593,451.4,826.7,-312.6,0
2026-04-01T19:24:11.958800+00:00,71.47,32.75,71.47,32.75,-79.8,433000451.4488593,402.7,826.6,-278.8,0
2026-04-01T19:24:12.402687+00:00,71.17,32.75,71.17,32.75,-79.8,433000451.4488593,355.9,826.4,-246.4,0
2026-04-01T19:24:12.910640+00:00,70.85,32.76,70.85,32.76,-79.8,433000330.6207989,307.1,826.3,-212.6,0
2026-04-01T19:24:13.394610+00:00,70.54,32.77,70.54,32.77,-79.8,433000330.6207989,260.3,826.2,-180.2,0
2026-04-01T19:24:13.902602+00:00,70.26,32.77,70.26,32.77,-79.8,433000216.8382231,216.8,826.1,-150.1,0
2026-04-01T19:24:14.390679+00:00,69.93,32.78,69.93,32.78,-79.8,433000216.8382231,167.7,826.1,-116.1,0
2026-04-01T19:24:14.834589+00:00,69.63,32.78,69.63,32.78,-79.8,433000216.8382231,120.9,826.0,-83.7,0
2026-04-01T19:24:15.344522+00:00,69.30,32.78,69.3,32.78,-79.8,433000095.07362527,71.5,826.0,-49.5,0
2026-04-01T19:24:15.831443+00:00,68.99,32.78,68.99,32.78,-79.8,433000095.07362527,24.2,826.0,-16.8,0
2026-04-01T19:24:16.339433+00:00,68.71,32.78,68.71,32.78,-79.8,432999981.25123245,-18.7,826.0,13.0,0
2026-04-01T19:24:16.828608+00:00,68.39,32.78,68.39,32.78,-79.8,432999981.25123245,-68.3,826.0,47.3,0
2026-04-01T19:24:17.274634+00:00,68.08,32.78,68.08,32.78,-79.8,432999981.25123245,-115.6,826.0,80.1,0
2026-04-01T19:24:17.778605+00:00,67.76,32.78,67.76,32.78,-79.8,432999858.5971542,-164.5,826.1,113.9,0
2026-04-01T19:24:18.262576+00:00,67.45,32.78,67.45,32.78,-79.8,432999858.5971542,-211.8,826.1,146.7,0
2026-04-01T19:24:18.770595+00:00,67.17,32.77,67.17,32.77,-79.8,432999745.1787801,-254.8,826.2,176.4,0
2026-04-01T19:24:19.254636+00:00,66.85,32.77,66.85,32.77,-79.8,432999745.1787801,-303.5,826.3,210.1,0
2026-04-01T19:24:19.698576+00:00,66.54,32.76,66.54,32.76,-79.8,432999745.1787801,-350.8,826.4,242.8,0
2026-04-01T19:24:20.202636+00:00,66.22,32.76,66.22,32.76,-79.8,432999623.8899551,-399.6,826.5,276.7,0
2026-04-01T19:24:20.691839+00:00,65.91,32.75,65.91,32.75,-79.8,432999623.8899551,-446.4,826.7,309.1,0
2026-04-01T19:24:21.194604+00:00,65.63,32.74,65.63,32.74,-79.8,432999510.7860852,-489.2,826.8,338.7,0
2026-04-01T19:24:21.678657+00:00,65.31,32.73,65.31,32.73,-79.8,432999510.7860852,-537.9,827.0,372.4,0
2026-04-01T19:24:22.122814+00:00,65.00,32.72,65.0,32.72,-79.8,432999510.7860852,-585.1,827.2,405.1,0
2026-04-01T19:24:22.635956+00:00,64.68,32.71,64.68,32.71,-79.8,432999389.54387224,-634.1,827.4,439.0,0
2026-04-01T19:24:23.123656+00:00,64.37,32.70,64.37,32.7,-79.8,432999389.54387224,-681.2,827.6,471.6,0
2026-04-01T19:24:23.631640+00:00,64.09,32.69,64.09,32.69,-79.8,432999275.8036551,-724.2,827.9,501.4,0
2026-04-01T19:24:24.119054+00:00,63.77,32.67,63.77,32.67,-79.8,432999275.8036551,-773.1,828.1,535.2,0
2026-04-01T19:24:24.567044+00:00,63.46,32.66,63.46,32.66,-79.8,432999275.8036551,-820.1,828.4,567.8,0
2026-04-01T19:24:25.075436+00:00,63.14,32.64,63.14,32.64,-79.8,432999154.42775494,-868.9,828.7,601.6,0
2026-04-01T19:24:25.563709+00:00,62.83,32.63,62.83,32.63,-79.8,432999154.42775494,-915.7,829.0,634.0,0
2026-04-01T19:24:26.071435+00:00,62.55,32.61,62.55,32.61,-79.8,432999041.5214846,-958.5,829.3,663.6,0
2026-04-01T19:24:26.563182+00:00,62.23,32.59,62.23,32.59,-79.8,432999041.5214846,-1007.2,829.6,697.4,0
2026-04-01T19:24:27.007522+00:00,61.93,32.58,61.93,32.58,-79.8,432999041.5214846,-1053.7,830.0,729.6,0
2026-04-01T19:24:27.524140+00:00,61.61,32.55,61.61,32.55,-79.8,432998920.75874704,-1102.3,830.3,763.2,0
2026-04-01T19:24:28.027453+00:00,61.29,32.53,61.29,32.53,-79.8,432998920.75874704,-1150.8,830.7,796.8,0
2026-04-01T19:24:28.535255+00:00,60.97,32.51,60.97,32.51,-79.8,432998823.537995,-1199.5,831.2,830.5,0
2026-04-01T19:24:29.024247+00:00,60.67,32.49,60.67,32.49,-79.8,432998823.537995,-1245.9,831.6,862.6,0
2026-04-01T19:24:29.531371+00:00,60.39,32.47,60.39,32.47,-79.8,432998711.71232945,-1288.3,832.0,892.0,0
2026-04-01T19:24:30.019564+00:00,60.08,32.44,60.08,32.44,-79.8,432998711.71232945,-1336.5,832.4,925.4,0
2026-04-01T19:24:30.467796+00:00,59.77,32.42,59.77,32.42,-79.8,432998711.71232945,-1382.6,832.9,957.2,0
2026-04-01T19:24:30.977609+00:00,59.46,32.39,59.46,32.39,-79.8,432998592.1571399,-1431.0,833.4,990.8,0
2026-04-01T19:24:31.462597+00:00,59.16,32.37,59.16,32.37,-79.8,432998592.1571399,-1476.6,833.9,1022.4,0
2026-04-01T19:24:31.966707+00:00,58.88,32.34,58.88,32.34,-79.8,432998481.203945,-1518.8,834.3,1051.6,0
2026-04-01T19:24:32.454804+00:00,58.57,32.31,58.57,32.31,-79.8,432998481.203945,-1566.1,834.9,1084.3,0
2026-04-01T19:24:32.898661+00:00,58.27,32.29,58.27,32.29,-79.8,432998481.203945,-1611.4,835.4,1115.7,0
2026-04-01T19:24:33.402603+00:00,57.96,32.26,57.96,32.26,-79.8,432998363.6553409,-1658.7,836.0,1148.4,0
2026-04-01T19:24:33.886600+00:00,57.66,32.23,57.66,32.23,-79.8,432998363.6553409,-1704.2,836.5,1180.0,0
2026-04-01T19:24:34.394600+00:00,57.39,32.20,57.39,32.2,-79.8,432998254.38925755,-1745.6,837.1,1208.6,0
2026-04-01T19:24:34.878591+00:00,57.09,32.17,57.09,32.17,-79.8,432998254.38925755,-1792.4,837.7,1241.0,0
2026-04-01T19:24:35.322618+00:00,56.79,32.13,56.79,32.13,-79.8,432998254.38925755,-1837.3,838.3,1272.1,0
2026-04-01T19:24:35.831003+00:00,56.48,32.10,56.48,32.1,-79.8,432998138.05155146,-1884.4,839.0,1304.7,0
2026-04-01T19:24:36.319455+00:00,56.19,32.06,56.19,32.06,-79.8,432998138.05155146,-1929.6,839.6,1336.0,0
2026-04-01T19:24:36.827741+00:00,55.92,32.03,55.92,32.03,-79.8,432998029.3043488,-1970.7,840.2,1364.4,0
2026-04-01T19:24:37.315453+00:00,55.61,32.00,55.61,32.0,-79.8,432998029.3043488,-2017.4,840.9,1396.8,0
2026-04-01T19:24:37.765242+00:00,55.32,31.96,55.32,31.96,-79.8,432998029.3043488,-2062.3,841.6,1427.8,0
2026-04-01T19:24:38.271377+00:00,55.01,31.92,55.01,31.92,-79.8,432997913.2346341,-2108.7,842.3,1460.0,0
2026-04-01T19:24:38.759182+00:00,54.72,31.88,54.72,31.88,-79.8,432997913.2346341,-2153.3,843.1,1490.8,0
2026-04-01T19:24:39.266993+00:00,54.45,31.85,54.45,31.85,-79.8,432997805.83743805,-2194.2,843.7,1519.2,0
2026-04-01T19:24:39.754699+00:00,54.15,31.81,54.15,31.81,-79.8,432997805.83743805,-2240.0,844.5,1550.9,0
2026-04-01T19:24:40.198646+00:00,53.86,31.77,53.86,31.77,-79.8,432997805.83743805,-2284.3,845.3,1581.6,0
2026-04-01T19:24:40.706662+00:00,53.56,31.73,53.56,31.73,-79.8,432997692.1078876,-2329.8,846.1,1613.1,0
2026-04-01T19:24:41.191118+00:00,53.28,31.69,53.28,31.69,-79.8,432997692.1078876,-2373.4,846.9,1643.2,0
2026-04-01T19:24:41.694631+00:00,53.01,31.65,53.01,31.65,-79.8,432997586.4043266,-2413.6,847.6,1671.1,0
2026-04-01T19:24:42.182628+00:00,52.72,31.61,52.72,31.61,-79.8,432997586.4043266,-2458.7,848.5,1702.3,0
2026-04-01T19:24:42.626660+00:00,52.43,31.56,52.43,31.56,-79.8,432997586.4043266,-2501.8,849.3,1732.2,0
2026-04-01T19:24:43.130638+00:00,52.14,31.52,52.14,31.52,-79.8,432997474.4879495,-2546.8,850.2,1763.3,0
2026-04-01T19:24:43.614604+00:00,51.86,31.47,51.86,31.47,-79.8,432997474.4879495,-2590.0,851.0,1793.2,0
2026-04-01T19:24:44.123675+00:00,51.60,31.43,51.6,31.43,-79.8,432997370.697177,-2629.3,851.8,1820.4,0
2026-04-01T19:24:44.610279+00:00,51.30,31.38,51.3,31.38,-79.8,432997370.697177,-2674.0,852.8,1851.4,0
2026-04-01T19:24:45.059442+00:00,51.02,31.34,51.02,31.34,-79.8,432997370.697177,-2717.0,853.7,1881.1,0
2026-04-01T19:24:45.567660+00:00,50.73,31.29,50.73,31.29,-79.8,432997259.69320476,-2761.5,854.6,1912.0,0
2026-04-01T19:24:46.055599+00:00,50.45,31.24,50.45,31.24,-79.8,432997259.69320476,-2804.1,855.6,1941.4,0
2026-04-01T19:24:46.558568+00:00,50.20,31.20,50.2,31.2,-79.8,432997156.9317308,-2843.1,856.5,1968.4,0
2026-04-01T19:24:47.046575+00:00,49.91,31.15,49.91,31.15,-79.8,432997156.9317308,-2886.8,857.5,1998.7,0
2026-04-01T19:24:47.490611+00:00,49.63,31.10,49.63,31.1,-79.8,432997156.9317308,-2928.5,858.4,2027.6,0
2026-04-01T19:24:47.994925+00:00,49.35,31.05,49.35,31.05,-79.8,432997048.49977064,-2972.0,859.5,2057.7,0
2026-04-01T19:24:48.604329+00:00,49.07,31.00,49.07,31.0,-79.8,432997048.49977064,-3013.9,860.5,2086.7,0
2026-04-01T19:24:49.106634+00:00,48.72,30.93,48.72,30.93,-79.8,432996953.00245005,-3067.6,861.8,2123.9,0
2026-04-01T19:24:49.594616+00:00,48.45,30.88,48.45,30.88,-79.8,432996953.00245005,-3109.1,862.8,2152.6,0
2026-04-01T19:24:50.098634+00:00,48.20,30.83,48.2,30.83,-79.8,432996853.22502494,-3146.8,863.8,2178.7,0
2026-04-01T19:24:50.586660+00:00,47.92,30.78,47.92,30.78,-79.8,432996853.22502494,-3189.4,864.9,2208.2,0
2026-04-01T19:24:51.030611+00:00,47.65,30.72,47.65,30.72,-79.8,432996853.22502494,-3230.0,866.0,2236.4,0
2026-04-01T19:24:51.539173+00:00,47.37,30.67,47.37,30.67,-79.8,432996747.6233712,-3272.4,867.1,2265.7,0
2026-04-01T19:24:52.027995+00:00,47.10,30.61,47.1,30.61,-79.8,432996747.6233712,-3313.5,868.2,2294.2,0
2026-04-01T19:24:52.535026+00:00,46.86,30.56,46.86,30.56,-79.8,432996649.28745764,-3350.7,869.3,2319.9,0
2026-04-01T19:24:53.023158+00:00,46.58,30.50,46.58,30.5,-79.8,432996649.28745764,-3392.9,870.5,2349.1,0
2026-04-01T19:24:53.481315+00:00,46.32,30.45,46.32,30.45,-79.8,432996649.28745764,-3433.5,871.6,2377.2,0
2026-04-01T19:24:54.043660+00:00,46.03,30.39,46.03,30.39,-79.8,432996544.0902594,-3477.0,872.9,2407.3,0
2026-04-01T19:24:54.495445+00:00,45.76,30.33,45.76,30.33,-79.8,432996544.0902594,-3517.2,874.1,2435.2,0
2026-04-01T19:24:55.003196+00:00,45.52,30.28,45.52,30.28,-79.8,432996446.2321462,-3553.8,875.2,2460.5,0
2026-04-01T19:24:55.491898+00:00,45.23,30.21,45.23,30.21,-79.8,432996446.2321462,-3598.3,876.5,2491.3,0
2026-04-01T19:24:55.939373+00:00,44.99,30.16,44.99,30.16,-79.8,432996446.2321462,-3634.4,877.6,2516.3,0
2026-04-01T19:24:56.485549+00:00,44.72,30.10,44.72,30.1,-79.8,432996344.0738292,-3675.4,878.9,2544.7,0
2026-04-01T19:24:56.930596+00:00,44.47,30.04,44.47,30.04,-79.8,432996344.0738292,-3714.5,880.2,2571.8,0
2026-04-01T19:24:57.438848+00:00,44.23,29.98,44.23,29.98,-79.8,432996250.017315,-3750.0,881.3,2596.3,0
2026-04-01T19:24:57.922705+00:00,43.95,29.91,43.95,29.91,-79.8,432996250.017315,-3793.2,882.8,2626.3,0
2026-04-01T19:24:58.366765+00:00,43.71,29.86,43.71,29.86,-79.8,432996250.017315,-3828.8,883.9,2650.9,0
2026-04-01T19:24:58.914698+00:00,43.45,29.80,43.45,29.8,-79.8,432996150.703938,-3868.4,885.3,2678.3,0
2026-04-01T19:24:59.358596+00:00,43.20,29.73,43.2,29.73,-79.8,432996150.703938,-3906.3,886.6,2704.6,0
2026-04-01T19:24:59.862577+00:00,42.97,29.68,42.97,29.68,-79.8,432996059.0156214,-3941.0,887.8,2728.6,0
2026-04-01T19:25:00.350552+00:00,42.69,29.61,42.69,29.61,-79.8,432996059.0156214,-3983.7,889.3,2758.1,0
2026-04-01T19:25:00.794623+00:00,42.47,29.55,42.47,29.55,-79.8,432996059.0156214,-4017.9,890.5,2781.9,0
2026-04-01T19:25:01.339959+00:00,42.21,29.49,42.21,29.49,-79.8,432995961.5168283,-4056.9,891.9,2808.8,0
2026-04-01T19:25:01.787475+00:00,41.96,29.42,41.96,29.42,-79.8,432995961.5168283,-4094.2,893.3,2834.7,0
2026-04-01T19:25:02.295430+00:00,41.74,29.36,41.74,29.36,-79.8,432995871.4928792,-4128.5,894.6,2858.4,0
2026-04-01T19:25:02.783796+00:00,41.46,29.29,41.46,29.29,-79.8,432995871.4928792,-4170.1,896.2,2887.2,0
2026-04-01T19:25:03.231502+00:00,41.24,29.23,41.24,29.23,-79.8,432995871.4928792,-4203.9,897.5,2910.6,0
2026-04-01T19:25:03.783414+00:00,40.98,29.16,40.98,29.16,-79.8,432995775.94619185,-4242.2,898.9,2937.2,0
2026-04-01T19:25:04.227772+00:00,40.74,29.10,40.74,29.1,-79.8,432995775.94619185,-4279.0,900.4,2962.6,0
2026-04-01T19:25:04.739418+00:00,40.52,29.04,40.52,29.04,-79.8,432995687.5947206,-4312.4,901.7,2985.7,0
2026-04-01T19:25:05.230043+00:00,40.25,28.96,40.25,28.96,-79.8,432995687.5947206,-4353.1,903.4,3013.9,0
2026-04-01T19:25:05.676668+00:00,40.03,28.90,40.03,28.9,-79.8,432995687.5947206,-4386.1,904.7,3036.8,0
2026-04-01T19:25:06.223465+00:00,39.78,28.83,39.78,28.83,-79.8,432995594.16587037,-4423.5,906.3,3062.7,0
2026-04-01T19:25:06.671528+00:00,39.55,28.77,39.55,28.77,-79.8,432995594.16587037,-4459.2,907.8,3087.3,0
2026-04-01T19:25:07.179192+00:00,39.33,28.71,39.33,28.71,-79.8,432995508.2594679,-4491.7,909.2,3109.9,0
2026-04-01T19:25:07.671455+00:00,39.07,28.63,39.07,28.63,-79.8,432995508.2594679,-4531.4,910.9,3137.4,0
2026-04-01T19:25:08.119824+00:00,38.85,28.57,38.85,28.57,-79.8,432995508.2594679,-4563.8,912.3,3159.8,0
2026-04-01T19:25:08.667670+00:00,38.61,28.50,38.61,28.5,-79.8,432995416.99923223,-4600.3,913.9,3185.1,0
2026-04-01T19:25:09.120367+00:00,38.38,28.43,38.38,28.43,-79.8,432995416.99923223,-4635.0,915.5,3209.1,0
2026-04-01T19:25:09.643662+00:00,38.16,28.36,38.16,28.36,-79.8,432995332.01352125,-4668.0,917.0,3231.9,0
2026-04-01T19:25:10.131463+00:00,37.91,28.28,37.91,28.28,-79.8,432995332.01352125,-4706.8,918.8,3258.8,0
2026-04-01T19:25:10.579461+00:00,37.70,28.22,37.7,28.22,-79.8,432995332.01352125,-4738.2,920.2,3280.5,0
2026-04-01T19:25:11.127499+00:00,37.46,28.15,37.46,28.15,-79.8,432995243.1733183,-4773.5,921.9,3305.0,0
2026-04-01T19:25:11.575149+00:00,37.24,28.08,37.24,28.08,-79.8,432995243.1733183,-4807.5,923.5,3328.5,0
2026-04-01T19:25:12.083518+00:00,37.03,28.02,37.03,28.02,-79.8,432995161.52903676,-4838.5,925.0,3350.0,0
2026-04-01T19:25:12.575409+00:00,36.78,27.94,36.78,27.94,-79.8,432995161.52903676,-4876.1,926.9,3376.0,0
2026-04-01T19:25:13.023424+00:00,36.58,27.87,36.58,27.87,-79.8,432995161.52903676,-4906.6,928.4,3397.2,0
2026-04-01T19:25:13.570671+00:00,36.35,27.80,36.35,27.8,-79.8,432995074.969229,-4941.2,930.1,3421.1,0
2026-04-01T19:25:14.014604+00:00,36.12,27.73,36.12,27.73,-79.8,432995074.969229,-4974.4,931.8,3444.1,0
2026-04-01T19:25:14.526078+00:00,35.93,27.66,35.93,27.66,-79.8,432994995.77812654,-5004.2,933.3,3464.7,0
2026-04-01T19:25:15.006586+00:00,35.68,27.58,35.68,27.58,-79.8,432994995.77812654,-5040.8,935.2,3490.1,0
2026-04-01T19:25:15.455775+00:00,35.48,27.52,35.48,27.52,-79.8,432994995.77812654,-5070.3,936.8,3510.5,0
2026-04-01T19:25:15.998582+00:00,35.26,27.44,35.26,27.44,-79.8,432994912.0438648,-5103.6,938.6,3533.6,0
2026-04-01T19:25:16.442697+00:00,35.05,27.37,35.05,27.37,-79.8,432994912.0438648,-5135.7,940.3,3555.8,0
2026-04-01T19:25:16.946584+00:00,34.85,27.31,34.85,27.31,-79.8,432994835.2703267,-5164.7,941.9,3575.9,0
2026-04-01T19:25:17.434665+00:00,34.62,27.23,34.62,27.23,-79.8,432994835.2703267,-5200.1,943.8,3600.3,0
2026-04-01T19:25:17.879219+00:00,34.42,27.16,34.42,27.16,-79.8,432994835.2703267,-5229.0,945.4,3620.3,0
2026-04-01T19:25:18.422614+00:00,34.21,27.09,34.21,27.09,-79.8,432994754.11724514,-5261.4,947.3,3642.8,0
2026-04-01T19:25:18.871832+00:00,34.00,27.01,34.0,27.01,-79.8,432994754.11724514,-5292.4,949.0,3664.2,0
2026-04-01T19:25:19.379443+00:00,33.81,26.95,33.81,26.95,-79.8,432994679.2365726,-5320.8,950.7,3683.9,0
2026-04-01T19:25:19.867478+00:00,33.57,26.87,33.57,26.87,-79.8,432994679.2365726,-5355.5,952.7,3707.9,0
2026-04-01T19:25:20.315571+00:00,33.39,26.80,33.39,26.8,-79.8,432994679.2365726,-5383.6,954.4,3727.4,0
2026-04-01T19:25:20.868553+00:00,33.17,26.72,33.17,26.72,-79.8,432994599.7697211,-5415.3,956.3,3749.4,0
2026-04-01T19:25:21.311533+00:00,32.97,26.65,32.97,26.65,-79.8,432994599.7697211,-5445.8,958.1,3770.5,0
2026-04-01T19:25:21.823448+00:00,32.78,26.58,32.78,26.58,-79.8,432994526.78120875,-5473.2,959.8,3789.4,0
2026-04-01T19:25:22.312016+00:00,32.55,26.50,32.55,26.5,-79.8,432994526.78120875,-5507.2,961.9,3812.9,0
2026-04-01T19:25:22.764226+00:00,32.37,26.43,32.37,26.43,-79.8,432994526.78120875,-5534.4,963.6,3831.8,0
2026-04-01T19:25:23.311425+00:00,32.16,26.36,32.16,26.36,-79.8,432994449.0739323,-5565.3,965.6,3853.2,0
2026-04-01T19:25:23.759761+00:00,31.96,26.28,31.96,26.28,-79.8,432994449.0739323,-5594.9,967.5,3873.7,0
2026-04-01T19:25:24.267267+00:00,31.78,26.22,31.78,26.22,-79.8,432994378.232172,-5621.8,969.2,3892.3,0
2026-04-01T19:25:24.760629+00:00,31.56,26.13,31.56,26.13,-79.8,432994378.232172,-5654.5,971.3,3914.9,0
2026-04-01T19:25:25.223815+00:00,31.37,26.06,31.37,26.06,-79.8,432994378.232172,-5682.3,973.2,3934.2,0
2026-04-01T19:25:25.771495+00:00,31.17,25.98,31.17,25.98,-79.8,432994302.11344975,-5712.1,975.2,3954.8,0
2026-04-01T19:25:26.223706+00:00,30.98,25.91,30.98,25.91,-79.8,432994302.11344975,-5740.6,977.1,3974.6,0
2026-04-01T19:25:26.732959+00:00,30.80,25.84,30.8,25.84,-79.8,432994233.12400365,-5766.9,978.9,3992.8,0
2026-04-01T19:25:27.220435+00:00,30.58,25.76,30.58,25.76,-79.8,432994233.12400365,-5798.6,981.1,4014.7,0
2026-04-01T19:25:27.668494+00:00,30.41,25.69,30.41,25.69,-79.8,432994233.12400365,-5824.3,982.9,4032.5,0
2026-04-01T19:25:28.215343+00:00,30.21,25.61,30.21,25.61,-79.8,432994160.3798571,-5853.2,985.0,4052.5,0
2026-04-01T19:25:28.663437+00:00,30.02,25.54,30.02,25.54,-79.8,432994160.3798571,-5881.1,987.0,4071.8,0
2026-04-01T19:25:29.171464+00:00,29.85,25.47,29.85,25.47,-79.8,432994093.71629417,-5906.3,988.8,4089.3,0
2026-04-01T19:25:29.659045+00:00,29.64,25.39,29.64,25.39,-79.8,432994093.71629417,-5937.1,991.0,4110.6,0
2026-04-01T19:25:30.108575+00:00,29.47,25.32,29.47,25.32,-79.8,432994093.71629417,-5962.0,992.9,4127.9,0
2026-04-01T19:25:30.660625+00:00,29.28,25.24,29.28,25.24,-79.8,432994023.1404096,-5990.2,995.0,4147.4,0
2026-04-01T19:25:31.103133+00:00,29.10,25.17,29.1,25.17,-79.8,432994023.1404096,-6017.2,997.0,4166.1,0
2026-04-01T19:25:31.606632+00:00,28.93,25.10,28.93,25.1,-79.8,432993958.45434093,-6041.5,998.9,4182.9,0
2026-04-01T19:25:32.094702+00:00,28.73,25.02,28.73,25.02,-79.8,432993958.45434093,-6071.1,1001.2,4203.4,0
2026-04-01T19:25:32.538620+00:00,28.56,24.95,28.56,24.95,-79.8,432993958.45434093,-6095.1,1003.0,4220.0,0
2026-04-01T19:25:33.082603+00:00,28.38,24.87,28.38,24.87,-79.8,432993890.6221945,-6122.2,1005.2,4238.8,0
2026-04-01T19:25:33.526587+00:00,28.20,24.80,28.2,24.8,-79.8,432993890.6221945,-6148.2,1007.2,4256.8,0
2026-04-01T19:25:34.034589+00:00,28.04,24.73,28.04,24.73,-79.8,432993828.2189894,-6171.8,1009.1,4273.1,0
2026-04-01T19:25:34.518592+00:00,27.84,24.65,27.84,24.65,-79.8,432993828.2189894,-6200.5,1011.5,4293.0,0
2026-04-01T19:25:34.962649+00:00,27.68,24.58,27.68,24.58,-79.8,432993828.2189894,-6223.9,1013.4,4309.2,0
2026-04-01T19:25:35.510597+00:00,27.50,24.50,27.5,24.5,-79.8,432993762.4595447,-6250.2,1015.6,4327.4,0
2026-04-01T19:25:35.955472+00:00,27.33,24.43,27.33,24.43,-79.8,432993762.4595447,-6275.1,1017.6,4344.7,0
2026-04-01T19:25:36.463733+00:00,27.17,24.36,27.17,24.36,-79.8,432993701.81097794,-6298.2,1019.6,4360.6,0
2026-04-01T19:25:36.956415+00:00,26.97,24.27,26.97,24.27,-79.8,432993701.81097794,-6326.2,1022.0,4380.0,0
2026-04-01T19:25:37.399486+00:00,26.82,24.21,26.82,24.21,-79.8,432993701.81097794,-6349.1,1024.0,4395.9,0
2026-04-01T19:25:37.951211+00:00,26.64,24.13,26.64,24.13,-79.8,432993637.5945995,-6374.6,1026.2,4413.5,0
2026-04-01T19:25:38.395707+00:00,26.47,24.05,26.47,24.05,-79.8,432993637.5945995,-6399.0,1028.4,4430.4,0
2026-04-01T19:25:38.903698+00:00,26.32,23.99,26.32,23.99,-79.8,432993578.6943239,-6421.3,1030.3,4445.9,0
2026-04-01T19:25:39.394748+00:00,26.13,23.90,26.13,23.9,-79.8,432993578.6943239,-6448.6,1032.8,4464.8,0
2026-04-01T19:25:39.838581+00:00,25.97,23.83,25.97,23.83,-79.8,432993578.6943239,-6470.6,1034.8,4480.0,0
2026-04-01T19:25:40.388288+00:00,25.80,23.76,25.8,23.76,-79.8,432993516.5386582,-6495.3,1037.1,4497.1,0
2026-04-01T19:25:40.830598+00:00,25.64,23.68,25.64,23.68,-79.8,432993516.5386582,-6518.9,1039.3,4513.5,0
2026-04-01T19:25:41.334586+00:00,25.49,23.61,25.49,23.61,-79.8,432993459.59542495,-6540.4,1041.3,4528.3,0
2026-04-01T19:25:41.818635+00:00,25.31,23.53,25.31,23.53,-79.8,432993459.59542495,-6566.5,1043.7,4546.4,0
2026-04-01T19:25:42.267195+00:00,25.16,23.46,25.16,23.46,-79.8,432993459.59542495,-6587.8,1045.8,4561.1,0
2026-04-01T19:25:42.810611+00:00,24.99,23.39,24.99,23.39,-79.8,432993399.793852,-6611.6,1048.1,4577.6,0
2026-04-01T19:25:43.258626+00:00,24.83,23.31,24.83,23.31,-79.8,432993399.793852,-6634.4,1050.3,4593.4,0
2026-04-01T19:25:43.762586+00:00,24.69,23.25,24.69,23.25,-79.8,432993344.9176787,-6655.1,1052.3,4607.7,0
2026-04-01T19:25:44.246610+00:00,24.51,23.16,24.51,23.16,-79.8,432993344.9176787,-6680.4,1054.9,4625.3,0
2026-04-01T19:25:44.695775+00:00,24.37,23.10,24.37,23.1,-79.8,432993344.9176787,-6701.0,1056.9,4639.5,0
2026-04-01T19:25:45.243231+00:00,24.20,23.02,24.2,23.02,-79.8,432993286.7529689,-6724.3,1059.3,4655.6,0
2026-04-01T19:25:45.691468+00:00,24.05,22.95,24.05,22.95,-79.8,432993286.7529689,-6746.5,1061.6,4671.0,0
2026-04-01T19:25:46.219738+00:00,23.90,22.87,23.9,22.87,-79.8,432993232.33661234,-6767.7,1063.8,4685.7,0
2026-04-01T19:25:46.707701+00:00,23.73,22.79,23.73,22.79,-79.8,432993232.33661234,-6792.3,1066.3,4702.7,0
2026-04-01T19:25:47.155212+00:00,23.59,22.72,23.59,22.72,-79.8,432993232.33661234,-6812.2,1068.4,4716.5,0
2026-04-01T19:25:47.707960+00:00,23.43,22.65,23.43,22.65,-79.8,432993175.95757157,-6834.8,1070.8,4732.1,0
2026-04-01T19:25:48.150634+00:00,23.27,22.57,23.27,22.57,-79.8,432993175.95757157,-6856.4,1073.2,4747.1,0
2026-04-01T19:25:48.662587+00:00,23.13,22.51,23.13,22.51,-79.8,432993123.97782093,-6876.0,1075.3,4760.7,0
2026-04-01T19:25:49.146634+00:00,22.97,22.43,22.97,22.43,-79.8,432993123.97782093,-6899.6,1077.9,4777.0,0
2026-04-01T19:25:49.590599+00:00,22.83,22.36,22.83,22.36,-79.8,432993123.97782093,-6919.0,1080.0,4790.4,0
2026-04-01T19:25:50.138647+00:00,22.68,22.28,22.68,22.28,-79.8,432993069.80547756,-6940.6,1082.5,4805.4,0
2026-04-01T19:25:50.582635+00:00,22.53,22.21,22.53,22.21,-79.8,432993069.80547756,-6961.2,1084.8,4819.6,0
2026-04-01T19:25:51.026590+00:00,22.40,22.14,22.4,22.14,-79.8,432993069.80547756,-6980.0,1086.9,4832.7,0
2026-04-01T19:25:51.510586+00:00,22.25,22.07,22.25,22.07,-79.8,432993069.80547756,-7000.5,1089.3,4846.9,0
2026-04-01T19:25:52.019714+00:00,22.10,22.00,22.1,22.0,-79.8,432992988.53920496,-7021.6,1091.7,4861.5,0
2026-04-01T19:25:52.502577+00:00,21.97,21.93,21.97,21.93,-79.8,432992988.53920496,-7040.0,1093.9,4874.2,0
2026-04-01T19:25:52.947836+00:00,21.83,21.86,21.83,21.86,-79.8,432992988.53920496,-7059.9,1096.3,4888.0,0
2026-04-01T19:25:53.395601+00:00,21.69,21.79,21.69,21.79,-79.8,432992988.53920496,-7078.3,1098.5,4900.8,0
2026-04-01T19:25:53.947840+00:00,21.53,21.71,21.53,21.71,-79.8,432992910.782209,-7100.8,1101.2,4916.3,0
2026-04-01T19:25:54.391383+00:00,21.40,21.64,21.4,21.64,-79.8,432992910.782209,-7119.0,1103.4,4928.9,0
2026-04-01T19:25:54.878592+00:00,21.28,21.58,21.28,21.58,-79.8,432992910.782209,-7136.8,1105.6,4941.2,0
2026-04-01T19:25:55.322605+00:00,21.14,21.51,21.14,21.51,-79.8,432992910.782209,-7156.1,1108.0,4954.6,0
2026-04-01T19:25:55.826591+00:00,20.99,21.43,20.99,21.43,-79.8,432992833.33622414,-7176.3,1110.5,4968.6,0
2026-04-01T19:25:56.315740+00:00,20.85,21.36,20.85,21.36,-79.8,432992833.33622414,-7195.4,1112.9,4981.8,0
2026-04-01T19:25:56.758641+00:00,20.73,21.29,20.73,21.29,-79.8,432992833.33622414,-7212.7,1115.1,4993.8,0
2026-04-01T19:25:57.246595+00:00,20.60,21.23,20.6,21.23,-79.8,432992833.33622414,-7230.3,1117.4,5006.0,0
2026-04-01T19:25:57.750595+00:00,20.45,21.15,20.45,21.15,-79.8,432992758.0137184,-7251.2,1120.1,5020.5,0
2026-04-01T19:25:58.194585+00:00,20.33,21.08,20.33,21.08,-79.8,432992758.0137184,-7268.4,1122.3,5032.4,0
2026-04-01T19:25:58.682655+00:00,20.19,21.01,20.19,21.01,-79.8,432992758.0137184,-7286.9,1124.8,5045.1,0
2026-04-01T19:25:59.127684+00:00,20.07,20.95,20.07,20.95,-79.8,432992758.0137184,-7303.7,1127.0,5056.8,0
2026-04-01T19:25:59.680552+00:00,19.93,20.87,19.93,20.87,-79.8,432992686.2569086,-7322.8,1129.6,5070.0,0
2026-04-01T19:26:00.123705+00:00,19.80,20.80,19.8,20.8,-79.8,432992686.2569086,-7341.2,1132.1,5082.8,0
2026-04-01T19:26:00.571429+00:00,19.68,20.74,19.68,20.74,-79.8,432992686.2569086,-7357.7,1134.3,5094.2,0
2026-04-01T19:26:01.059424+00:00,19.55,20.67,19.55,20.67,-79.8,432992686.2569086,-7375.8,1136.8,5106.7,0
2026-04-01T19:26:01.567490+00:00,19.41,20.59,19.41,20.59,-79.8,432992614.4747101,-7394.4,1139.4,5119.6,0
2026-04-01T19:26:02.055433+00:00,19.28,20.52,19.28,20.52,-79.8,432992614.4747101,-7412.2,1141.9,5131.9,0
2026-04-01T19:26:02.503453+00:00,19.16,20.46,19.16,20.46,-79.8,432992614.4747101,-7428.3,1144.2,5143.1,0
2026-04-01T19:26:02.990609+00:00,19.04,20.39,19.04,20.39,-79.8,432992614.4747101,-7444.5,1146.5,5154.3,0
2026-04-01T19:26:03.494595+00:00,18.90,20.31,18.9,20.31,-79.8,432992544.59454525,-7464.1,1149.4,5167.8,0
2026-04-01T19:26:03.938822+00:00,18.78,20.25,18.78,20.25,-79.8,432992544.59454525,-7479.8,1151.7,5178.7,0
2026-04-01T19:26:04.426894+00:00,18.66,20.18,18.66,20.18,-79.8,432992544.59454525,-7496.9,1154.2,5190.5,0
2026-04-01T19:26:04.870841+00:00,18.54,20.12,18.54,20.12,-79.8,432992544.59454525,-7512.4,1156.5,5201.3,0
2026-04-01T19:26:05.419799+00:00,18.41,20.05,18.41,20.05,-79.8,432992478.31322265,-7530.3,1159.1,5213.7,0
2026-04-01T19:26:05.865532+00:00,18.29,19.98,18.29,19.98,-79.8,432992478.31322265,-7547.0,1161.7,5225.3,0
2026-04-01T19:26:06.311385+00:00,18.17,19.91,18.17,19.91,-79.8,432992478.31322265,-7562.4,1164.0,5235.9,0
2026-04-01T19:26:06.798932+00:00,18.05,19.84,18.05,19.84,-79.8,432992478.31322265,-7578.9,1166.5,5247.3,0
2026-04-01T19:26:07.302823+00:00,17.92,19.77,17.92,19.77,-79.8,432992412.1059503,-7596.0,1169.2,5259.2,0
2026-04-01T19:26:07.786712+00:00,17.81,19.71,17.81,19.71,-79.8,432992412.1059503,-7611.1,1171.6,5269.6,0
2026-04-01T19:26:08.235494+00:00,17.69,19.64,17.69,19.64,-79.8,432992412.1059503,-7627.2,1174.1,5280.8,0
2026-04-01T19:26:08.683465+00:00,17.58,19.58,17.58,19.58,-79.8,432992412.1059503,-7642.1,1176.5,5291.1,0
2026-04-01T19:26:09.231588+00:00,17.45,19.50,17.45,19.5,-79.8,432992349.065913,-7660.2,1179.4,5303.6,0
2026-04-01T19:26:09.680026+00:00,17.34,19.44,17.34,19.44,-79.8,432992349.065913,-7674.9,1181.8,5313.8,0
2026-04-01T19:26:10.167465+00:00,17.23,19.37,17.23,19.37,-79.8,432992349.065913,-7689.5,1184.1,5323.9,0
2026-04-01T19:26:10.615192+00:00,17.11,19.31,17.11,19.31,-79.8,432992349.065913,-7705.3,1186.7,5334.8,0
2026-04-01T19:26:11.123690+00:00,16.99,19.24,16.99,19.24,-79.8,432992286.1267251,-7721.7,1189.5,5346.2,0
2026-04-01T19:26:11.611738+00:00,16.87,19.17,16.87,19.17,-79.8,432992286.1267251,-7737.2,1192.1,5357.0,0
2026-04-01T19:26:12.063600+00:00,16.76,19.11,16.76,19.11,-79.8,432992286.1267251,-7751.4,1194.5,5366.8,0
2026-04-01T19:26:12.547459+00:00,16.65,19.04,16.65,19.04,-79.8,432992286.1267251,-7765.5,1196.9,5376.6,0
2026-04-01T19:26:13.060509+00:00,16.52,18.97,16.52,18.97,-79.8,432992224.83074754,-7782.7,1199.8,5388.5,0
2026-04-01T19:26:13.547202+00:00,16.42,18.90,16.42,18.9,-79.8,432992224.83074754,-7796.8,1202.3,5398.2,0
2026-04-01T19:26:13.996999+00:00,16.31,18.84,16.31,18.84,-79.8,432992224.83074754,-7811.7,1204.9,5408.5,0
2026-04-01T19:26:14.439078+00:00,16.20,18.78,16.2,18.78,-79.8,432992224.83074754,-7825.6,1207.3,5418.1,0
2026-04-01T19:26:14.986742+00:00,16.07,18.70,16.07,18.7,-79.8,432992166.3825311,-7842.2,1210.3,5429.6,0
2026-04-01T19:26:15.430599+00:00,15.97,18.64,15.97,18.64,-79.8,432992166.3825311,-7855.8,1212.7,5439.0,0
2026-04-01T19:26:15.914595+00:00,15.87,18.58,15.87,18.58,-79.8,432992166.3825311,-7869.1,1215.1,5448.3,0
2026-04-01T19:26:16.358596+00:00,15.76,18.51,15.76,18.51,-79.8,432992166.3825311,-7883.6,1217.8,5458.3,0
2026-04-01T19:26:16.866581+00:00,15.64,18.44,15.64,18.44,-79.8,432992108.61346126,-7898.6,1220.5,5468.7,0
2026-04-01T19:26:17.350563+00:00,15.54,18.38,15.54,18.38,-79.8,432992108.61346126,-7912.9,1223.2,5478.6,0
2026-04-01T19:26:17.794755+00:00,15.44,18.32,15.44,18.32,-79.8,432992108.61346126,-7926.0,1225.6,5487.7,0
2026-04-01T19:26:18.283161+00:00,15.34,18.26,15.34,18.26,-79.8,432992108.61346126,-7938.9,1228.1,5496.6,0
2026-04-01T19:26:18.789369+00:00,15.21,18.18,15.21,18.18,-79.8,432992052.1998637,-7954.7,1231.1,5507.5,0
2026-04-01T19:26:19.231832+00:00,15.12,18.12,15.12,18.12,-79.8,432992052.1998637,-7967.5,1233.5,5516.4,0
2026-04-01T19:26:19.723664+00:00,15.01,18.06,15.01,18.06,-79.8,432992052.1998637,-7981.4,1236.2,5526.0,0
2026-04-01T19:26:20.167638+00:00,14.91,18.00,14.91,18.0,-79.8,432992052.1998637,-7994.2,1238.7,5534.9,0
2026-04-01T19:26:20.719357+00:00,14.80,17.93,14.8,17.93,-79.8,432991998.39354014,-8008.4,1241.5,5544.7,0
2026-04-01T19:26:21.167594+00:00,14.69,17.86,14.69,17.86,-79.8,432991998.39354014,-8022.2,1244.2,5554.3,0
2026-04-01T19:26:21.615537+00:00,14.60,17.80,14.6,17.8,-79.8,432991998.39354014,-8034.6,1246.7,5562.9,0
2026-04-01T19:26:22.103839+00:00,14.49,17.74,14.49,17.74,-79.8,432991998.39354014,-8048.1,1249.4,5572.2,0
2026-04-01T19:26:22.616161+00:00,14.38,17.67,14.38,17.67,-79.8,432991944.54490215,-8062.1,1252.3,5581.9,0
2026-04-01T19:26:23.098721+00:00,14.28,17.61,14.28,17.61,-79.8,432991944.54490215,-8075.4,1255.0,5591.1,0
2026-04-01T19:26:23.542608+00:00,14.19,17.55,14.19,17.55,-79.8,432991944.54490215,-8087.5,1257.5,5599.5,0
2026-04-01T19:26:24.030893+00:00,14.09,17.49,14.09,17.49,-79.8,432991944.54490215,-8099.5,1260.0,5607.8,0
2026-04-01T19:26:24.534592+00:00,13.98,17.42,13.98,17.42,-79.8,432991892.35922134,-8114.0,1263.0,5617.8,0
2026-04-01T19:26:24.978587+00:00,13.89,17.36,13.89,17.36,-79.8,432991892.35922134,-8125.9,1265.6,5626.1,0
2026-04-01T19:26:25.462587+00:00,13.79,17.29,13.79,17.29,-79.8,432991892.35922134,-8138.7,1268.3,5634.9,0
2026-04-01T19:26:25.906570+00:00,13.69,17.24,13.69,17.24,-79.8,432991892.35922134,-8150.3,1270.8,5643.0,0
2026-04-01T19:26:26.394575+00:00,13.60,17.18,13.6,17.18,-79.8,432991892.35922134,-8161.9,1273.3,5651.0,0
2026-04-01T19:26:26.898564+00:00,13.50,17.12,13.5,17.12,-79.8,432991825.60750335,-8174.4,1276.0,5659.6,0
2026-04-01T19:26:27.342672+00:00,13.40,17.05,13.4,17.05,-79.8,432991825.60750335,-8187.4,1278.9,5668.6,0
2026-04-01T19:26:27.827069+00:00,13.30,16.99,13.3,16.99,-79.8,432991825.60750335,-8199.7,1281.6,5677.2,0
2026-04-01T19:26:28.279557+00:00,13.21,16.93,13.21,16.93,-79.8,432991825.60750335,-8211.1,1284.2,5685.1,0
2026-04-01T19:26:28.783554+00:00,13.12,16.87,13.12,16.87,-79.8,432991825.60750335,-8223.0,1286.8,5693.3,0
2026-04-01T19:26:29.231830+00:00,13.02,16.81,13.02,16.81,-79.8,432991825.60750335,-8235.2,1289.6,5701.7,0
2026-04-01T19:26:29.739191+00:00,12.92,16.74,12.92,16.74,-79.8,432991758.20061684,-8247.8,1292.5,5710.5,0
2026-04-01T19:26:30.228221+00:00,12.83,16.68,12.83,16.68,-79.8,432991758.20061684,-8259.9,1295.3,5718.8,0
2026-04-01T19:26:30.675688+00:00,12.74,16.62,12.74,16.62,-79.8,432991758.20061684,-8270.9,1297.9,5726.4,0
2026-04-01T19:26:31.163421+00:00,12.65,16.56,12.65,16.56,-79.8,432991758.20061684,-8281.8,1300.4,5734.0,0
2026-04-01T19:26:31.611068+00:00,12.56,16.50,12.56,16.5,-79.8,432991758.20061684,-8293.6,1303.2,5742.2,0
2026-04-01T19:26:32.114667+00:00,12.47,16.45,12.47,16.45,-79.8,432991695.6697632,-8304.3,1305.8,5749.6,0
2026-04-01T19:26:32.602707+00:00,12.37,16.38,12.37,16.38,-79.8,432991695.6697632,-8317.5,1308.9,5758.7,0
2026-04-01T19:26:33.046648+00:00,12.28,16.32,12.28,16.32,-79.8,432991695.6697632,-8328.0,1311.5,5766.0,0
2026-04-01T19:26:33.530620+00:00,12.20,16.26,12.2,16.26,-79.8,432991695.6697632,-8338.5,1314.0,5773.3,0
2026-04-01T19:26:33.974583+00:00,12.10,16.20,12.1,16.2,-79.8,432991695.6697632,-8350.0,1316.9,5781.2,0
2026-04-01T19:26:34.418679+00:00,12.02,16.15,12.02,16.15,-79.8,432991695.6697632,-8360.3,1319.4,5788.4,0
2026-04-01T19:26:34.966588+00:00,11.92,16.08,11.92,16.08,-79.8,432991633.5874425,-8373.0,1322.6,5797.1,0
2026-04-01T19:26:35.410682+00:00,11.84,16.02,11.84,16.02,-79.8,432991633.5874425,-8383.2,1325.2,5804.2,0
2026-04-01T19:26:35.894625+00:00,11.75,15.97,11.75,15.97,-79.8,432991633.5874425,-8393.4,1327.8,5811.3,0
2026-04-01T19:26:36.344942+00:00,11.66,15.91,11.66,15.91,-79.8,432991633.5874425,-8404.4,1330.6,5818.9,0
2026-04-01T19:26:36.787471+00:00,11.58,15.85,11.58,15.85,-79.8,432991633.5874425,-8414.5,1333.2,5825.9,0
2026-04-01T19:26:37.339471+00:00,11.49,15.79,11.49,15.79,-79.8,432991574.5595184,-8425.4,1336.0,5833.4,0
2026-04-01T19:26:37.788782+00:00,11.40,15.73,11.4,15.73,-79.8,432991574.5595184,-8436.8,1339.0,5841.3,0
2026-04-01T19:26:38.275657+00:00,11.31,15.67,11.31,15.67,-79.8,432991574.5595184,-8447.7,1341.9,5848.8,0
2026-04-01T19:26:38.727535+00:00,11.23,15.61,11.23,15.61,-79.8,432991574.5595184,-8457.5,1344.5,5855.7,0
2026-04-01T19:26:39.231107+00:00,11.15,15.55,11.15,15.55,-79.8,432991574.5595184,-8467.7,1347.2,5862.7,0
2026-04-01T19:26:39.679751+00:00,11.06,15.49,11.06,15.49,-79.8,432991574.5595184,-8478.4,1350.1,5870.1,0
2026-04-01T19:26:40.185554+00:00,10.97,15.43,10.97,15.43,-79.8,432991515.8595311,-8489.4,1353.1,5877.7,0
2026-04-01T19:26:40.674582+00:00,10.88,15.37,10.88,15.37,-79.8,432991515.8595311,-8499.8,1355.9,5884.9,0
2026-04-01T19:26:41.118606+00:00,10.80,15.32,10.8,15.32,-79.8,432991515.8595311,-8509.3,1358.5,5891.5,0
2026-04-01T19:26:41.607785+00:00,10.72,15.26,10.72,15.26,-79.8,432991515.8595311,-8518.8,1361.2,5898.1,0
2026-04-01T19:26:42.051219+00:00,10.64,15.20,10.64,15.2,-79.8,432991515.8595311,-8528.9,1364.0,5905.1,0
2026-04-01T19:26:42.554719+00:00,10.56,15.15,10.56,15.15,-79.8,432991461.77886903,-8538.2,1366.7,5911.5,0
2026-04-01T19:26:43.038588+00:00,10.47,15.08,10.47,15.08,-79.8,432991461.77886903,-8549.6,1369.9,5919.4,0
2026-04-01T19:26:43.482661+00:00,10.39,15.03,10.39,15.03,-79.8,432991461.77886903,-8558.8,1372.5,5925.8,0
2026-04-01T19:26:43.970608+00:00,10.31,14.98,10.31,14.98,-79.8,432991461.77886903,-8567.9,1375.2,5932.1,0
2026-04-01T19:26:44.414733+00:00,10.23,14.92,10.23,14.92,-79.8,432991461.77886903,-8577.8,1378.0,5938.9,0
2026-04-01T19:26:44.858611+00:00,10.16,14.87,10.16,14.87,-79.8,432991461.77886903,-8586.9,1380.7,5945.2,0
2026-04-01T19:26:45.407662+00:00,10.06,14.80,10.06,14.8,-79.8,432991407.88368523,-8597.8,1383.9,5952.8,0
2026-04-01T19:26:45.855537+00:00,9.99,14.75,9.99,14.75,-79.8,432991407.88368523,-8606.7,1386.6,5959.0,0
2026-04-01T19:26:46.343512+00:00,9.91,14.69,9.91,14.69,-79.8,432991407.88368523,-8615.7,1389.3,5965.2,0
2026-04-01T19:26:46.791378+00:00,9.83,14.64,9.83,14.64,-79.8,432991407.88368523,-8625.3,1392.2,5971.8,0
2026-04-01T19:26:47.243459+00:00,9.76,14.58,9.76,14.58,-79.8,432991407.88368523,-8634.1,1394.9,5977.9,0
2026-04-01T19:26:47.791641+00:00,9.68,14.53,9.68,14.53,-79.8,432991356.3108583,-8643.7,1397.8,5984.6,0
2026-04-01T19:26:48.239491+00:00,9.59,14.47,9.59,14.47,-79.8,432991356.3108583,-8653.5,1400.9,5991.4,0
2026-04-01T19:26:48.730292+00:00,9.52,14.41,9.52,14.41,-79.8,432991356.3108583,-8662.1,1403.5,5997.3,0
2026-04-01T19:26:49.174619+00:00,9.44,14.36,9.44,14.36,-79.8,432991356.3108583,-8671.5,1406.5,6003.8,0
2026-04-01T19:26:49.618579+00:00,9.37,14.30,9.37,14.3,-79.8,432991356.3108583,-8679.9,1409.1,6009.6,0
2026-04-01T19:26:50.106695+00:00,9.29,14.25,9.29,14.25,-79.8,432991356.3108583,-8689.1,1412.1,6016.0,0
2026-04-01T19:26:50.610619+00:00,9.21,14.19,9.21,14.19,-79.8,432991305.8734687,-8698.6,1415.1,6022.6,0
2026-04-01T19:26:51.094589+00:00,9.14,14.14,9.14,14.14,-79.8,432991305.8734687,-8707.0,1417.8,6028.4,0
2026-04-01T19:26:51.538651+00:00,9.06,14.08,9.06,14.08,-79.8,432991305.8734687,-8715.9,1420.7,6034.6,0
2026-04-01T19:26:51.982626+00:00,8.99,14.03,8.99,14.03,-79.8,432991305.8734687,-8724.1,1423.4,6040.2,0
2026-04-01T19:26:52.470576+00:00,8.91,13.97,8.91,13.97,-79.8,432991305.8734687,-8733.0,1426.3,6046.4,0
2026-04-01T19:26:52.914763+00:00,8.85,13.92,8.85,13.92,-79.8,432991305.8734687,-8741.0,1429.0,6051.9,0
2026-04-01T19:26:53.398606+00:00,8.78,13.87,8.78,13.87,-79.8,432991305.8734687,-8749.1,1431.7,6057.6,0
2026-04-01T19:26:53.913086+00:00,8.69,13.81,8.69,13.81,-79.8,432991245.44493693,-8758.9,1435.0,6064.3,0
2026-04-01T19:26:54.355973+00:00,8.62,13.76,8.62,13.76,-79.8,432991245.44493693,-8767.0,1437.8,6069.9,0
2026-04-01T19:26:54.847416+00:00,8.55,13.70,8.55,13.7,-79.8,432991245.44493693,-8775.6,1440.7,6075.9,0
2026-04-01T19:26:55.295794+00:00,8.48,13.65,8.48,13.65,-79.8,432991245.44493693,-8783.5,1443.5,6081.4,0
2026-04-01T19:26:55.783567+00:00,8.41,13.60,8.41,13.6,-79.8,432991245.44493693,-8791.4,1446.2,6086.8,0
2026-04-01T19:26:56.227981+00:00,8.33,13.55,8.33,13.55,-79.8,432991245.44493693,-8799.9,1449.2,6092.7,0
2026-04-01T19:26:56.675422+00:00,8.27,13.49,8.27,13.49,-79.8,432991245.44493693,-8807.6,1451.9,6098.0,0
2026-04-01T19:26:57.228207+00:00,8.18,13.43,8.18,13.43,-79.8,432991187.863461,-8817.0,1455.2,6104.5,0
2026-04-01T19:26:57.670580+00:00,8.12,13.38,8.12,13.38,-79.8,432991187.863461,-8824.7,1458.0,6109.9,0
2026-04-01T19:26:58.158592+00:00,8.05,13.33,8.05,13.33,-79.8,432991187.863461,-8832.2,1460.7,6115.1,0
2026-04-01T19:26:58.602609+00:00,7.98,13.28,7.98,13.28,-79.8,432991187.863461,-8840.4,1463.6,6120.7,0
2026-04-01T19:26:59.050583+00:00,7.91,13.23,7.91,13.23,-79.8,432991187.863461,-8847.8,1466.4,6125.9,0
2026-04-01T19:26:59.530634+00:00,7.84,13.17,7.84,13.17,-79.8,432991187.863461,-8856.0,1469.4,6131.5,0
2026-04-01T19:26:59.974603+00:00,7.78,13.13,7.78,13.13,-79.8,432991187.863461,-8863.3,1472.1,6136.6,0
2026-04-01T19:27:00.522774+00:00,7.70,13.07,7.7,13.07,-79.8,432991132.3638551,-8871.6,1475.2,6142.4,0
2026-04-01T19:27:00.966584+00:00,7.63,13.02,7.63,13.02,-79.8,432991132.3638551,-8879.5,1478.1,6147.8,0
2026-04-01T19:27:01.410856+00:00,7.57,12.97,7.57,12.97,-79.8,432991132.3638551,-8886.8,1480.9,6152.9,0
2026-04-01T19:27:01.894593+00:00,7.50,12.91,7.5,12.91,-79.8,432991132.3638551,-8894.6,1483.9,6158.3,0
2026-04-01T19:27:02.343834+00:00,7.43,12.86,7.43,12.86,-79.8,432991132.3638551,-8901.8,1486.6,6163.2,0
2026-04-01T19:27:02.835079+00:00,7.37,12.82,7.37,12.82,-79.8,432991132.3638551,-8908.9,1489.4,6168.2,0
2026-04-01T19:27:03.283651+00:00,7.30,12.76,7.3,12.76,-79.8,432991132.3638551,-8916.7,1492.4,6173.6,0
2026-04-01T19:27:03.831462+00:00,7.23,12.71,7.23,12.71,-79.8,432991079.06601,-8924.7,1495.6,6179.1,0
2026-04-01T19:27:04.283462+00:00,7.16,12.65,7.16,12.65,-79.8,432991079.06601,-8932.4,1498.6,6184.4,0
2026-04-01T19:27:04.749610+00:00,7.09,12.60,7.09,12.6,-79.8,432991079.06601,-8939.7,1501.5,6189.5,0
2026-04-01T19:27:05.235194+00:00,7.03,12.55,7.03,12.55,-79.8,432991079.06601,-8947.2,1504.5,6194.7,0
2026-04-01T19:27:05.679148+00:00,6.96,12.50,6.96,12.5,-79.8,432991079.06601,-8954.1,1507.3,6199.5,0
2026-04-01T19:27:06.166624+00:00,6.90,12.45,6.9,12.45,-79.8,432991079.06601,-8960.9,1510.0,6204.2,0
2026-04-01T19:27:06.610597+00:00,6.84,12.40,6.84,12.4,-79.8,432991079.06601,-8968.3,1513.0,6209.3,0
2026-04-01T19:27:07.114760+00:00,6.77,12.35,6.77,12.35,-79.8,432991027.7675217,-8975.9,1516.2,6214.6,0
2026-04-01T19:27:07.602583+00:00,6.70,12.30,6.7,12.3,-79.8,432991027.7675217,-8983.1,1519.2,6219.6,0
2026-04-01T19:27:08.046646+00:00,6.64,12.25,6.64,12.25,-79.8,432991027.7675217,-8989.8,1522.0,6224.2,0
2026-04-01T19:27:08.530610+00:00,6.58,12.20,6.58,12.2,-79.8,432991027.7675217,-8996.4,1524.7,6228.8,0
2026-04-01T19:27:08.978663+00:00,6.51,12.15,6.51,12.15,-79.8,432991027.7675217,-9003.5,1527.8,6233.7,0
2026-04-01T19:27:09.426446+00:00,6.46,12.10,6.46,12.1,-79.8,432991027.7675217,-9010.0,1530.5,6238.2,0
2026-04-01T19:27:09.906647+00:00,6.39,12.05,6.39,12.05,-79.8,432991027.7675217,-9017.1,1533.6,6243.1,0
2026-04-01T19:27:10.350612+00:00,6.33,12.00,6.33,12.0,-79.8,432991027.7675217,-9023.5,1536.3,6247.6,0
2026-04-01T19:27:10.899247+00:00,6.27,11.96,6.27,11.96,-79.8,432990970.0710916,-9029.9,1539.1,6252.0,0
2026-04-01T19:27:11.347679+00:00,6.20,11.90,6.2,11.9,-79.8,432990970.0710916,-9037.8,1542.5,6257.4,0
2026-04-01T19:27:11.795456+00:00,6.14,11.85,6.14,11.85,-79.8,432990970.0710916,-9044.1,1545.3,6261.8,0
2026-04-01T19:27:12.283695+00:00,6.08,11.80,6.08,11.8,-79.8,432990970.0710916,-9051.0,1548.4,6266.6,0
2026-04-01T19:27:12.731511+00:00,6.02,11.75,6.02,11.75,-79.8,432990970.0710916,-9057.3,1551.2,6270.9,0
2026-04-01T19:27:13.219679+00:00,5.96,11.71,5.96,11.71,-79.8,432990970.0710916,-9063.5,1554.0,6275.2,0
2026-04-01T19:27:13.667446+00:00,5.90,11.66,5.9,11.66,-79.8,432990970.0710916,-9070.3,1557.1,6279.9,0
2026-04-01T19:27:14.115836+00:00,5.84,11.61,5.84,11.61,-79.8,432990970.0710916,-9076.4,1559.9,6284.2,0
2026-04-01T19:27:14.602632+00:00,5.78,11.56,5.78,11.56,-79.8,432990970.0710916,-9083.1,1563.0,6288.8,0
2026-04-01T19:27:15.106828+00:00,5.71,11.51,5.71,11.51,-79.8,432990913.2512755,-9090.0,1566.1,6293.6,0
2026-04-01T19:27:15.590610+00:00,5.66,11.46,5.66,11.46,-79.8,432990913.2512755,-9096.0,1569.0,6297.8,0
2026-04-01T19:27:16.034584+00:00,5.60,11.41,5.6,11.41,-79.8,432990913.2512755,-9102.6,1572.0,6302.3,0
2026-04-01T19:27:16.478683+00:00,5.54,11.37,5.54,11.37,-79.8,432990913.2512755,-9108.5,1574.8,6306.4,0
2026-04-01T19:27:16.966669+00:00,5.48,11.32,5.48,11.32,-79.8,432990913.2512755,-9114.9,1577.9,6310.8,0
2026-04-01T19:27:17.411129+00:00,5.42,11.27,5.42,11.27,-79.8,432990913.2512755,-9120.8,1580.7,6314.9,0
2026-04-01T19:27:17.894660+00:00,5.37,11.23,5.37,11.23,-79.8,432990913.2512755,-9126.6,1583.5,6318.9,0
2026-04-01T19:27:18.342672+00:00,5.31,11.18,5.31,11.18,-79.8,432990913.2512755,-9133.0,1586.5,6323.3,0
2026-04-01T19:27:18.846603+00:00,5.25,11.13,5.25,11.13,-79.8,432990861.2933873,-9138.7,1589.4,6327.3,0
2026-04-01T19:27:19.335531+00:00,5.19,11.08,5.19,11.08,-79.8,432990861.2933873,-9145.7,1592.8,6332.1,0
2026-04-01T19:27:19.783932+00:00,5.13,11.03,5.13,11.03,-79.8,432990861.2933873,-9151.5,1595.7,6336.1,0
2026-04-01T19:27:20.272535+00:00,5.08,10.99,5.08,10.99,-79.8,432990861.2933873,-9157.2,1598.5,6340.1,0
2026-04-01T19:27:20.716138+00:00,5.02,10.94,5.02,10.94,-79.8,432990861.2933873,-9163.4,1601.6,6344.4,0
2026-04-01T19:27:21.164129+00:00,4.96,10.89,4.96,10.89,-79.8,432990861.2933873,-9169.0,1604.4,6348.2,0
2026-04-01T19:27:21.655445+00:00,4.91,10.84,4.91,10.84,-79.8,432990861.2933873,-9175.1,1607.5,6352.5,0
2026-04-01T19:27:22.103863+00:00,4.85,10.80,4.85,10.8,-79.8,432990861.2933873,-9180.7,1610.4,6356.4,0
2026-04-01T19:27:22.595910+00:00,4.80,10.75,4.8,10.75,-79.8,432990861.2933873,-9186.2,1613.2,6360.2,0
2026-04-01T19:27:23.102337+00:00,4.73,10.70,4.73,10.7,-79.8,432990809.9469427,-9193.0,1616.8,6364.9,0
2026-04-01T19:27:23.591665+00:00,4.68,10.65,4.68,10.65,-79.8,432990809.9469427,-9198.5,1619.6,6368.7,0
2026-04-01T19:27:24.039252+00:00,4.62,10.61,4.62,10.61,-79.8,432990809.9469427,-9204.4,1622.7,6372.8,0
2026-04-01T19:27:24.487437+00:00,4.57,10.56,4.57,10.56,-79.8,432990809.9469427,-9209.8,1625.6,6376.5,0
2026-04-01T19:27:24.979604+00:00,4.51,10.51,4.51,10.51,-79.8,432990809.9469427,-9215.7,1628.7,6380.6,0
2026-04-01T19:27:25.443495+00:00,4.46,10.47,4.46,10.47,-79.8,432990809.9469427,-9221.2,1631.6,6384.4,0
2026-04-01T19:27:25.933126+00:00,4.41,10.42,4.41,10.42,-79.8,432990809.9469427,-9226.5,1634.5,6388.1,0
2026-04-01T19:27:26.399687+00:00,4.35,10.37,4.35,10.37,-79.8,432990809.9469427,-9232.5,1637.8,6392.2,0
2026-04-01T19:27:26.846219+00:00,4.30,10.33,4.3,10.33,-79.8,432990809.9469427,-9237.7,1640.6,6395.8,0
2026-04-01T19:27:27.335915+00:00,4.24,10.28,4.24,10.28,-79.8,432990809.9469427,-9243.4,1643.8,6399.8,0
2026-04-01T19:27:27.843427+00:00,4.18,10.23,4.18,10.23,-79.8,432990753.4945568,-9249.3,1647.0,6403.9,0
2026-04-01T19:27:28.331465+00:00,4.13,10.19,4.13,10.19,-79.8,432990753.4945568,-9254.4,1649.9,6407.4,0
2026-04-01T19:27:28.779706+00:00,4.08,10.14,4.08,10.14,-79.8,432990753.4945568,-9260.0,1653.0,6411.3,0
2026-04-01T19:27:29.228156+00:00,4.03,10.10,4.03,10.1,-79.8,432990753.4945568,-9265.1,1655.9,6414.8,0
2026-04-01T19:27:29.715716+00:00,3.97,10.05,3.97,10.05,-79.8,432990753.4945568,-9270.6,1659.0,6418.6,0
2026-04-01T19:27:30.168110+00:00,3.92,10.01,3.92,10.01,-79.8,432990753.4945568,-9275.6,1661.9,6422.1,0
2026-04-01T19:27:30.671438+00:00,3.87,9.96,3.87,9.96,-79.8,432990753.4945568,-9280.8,1664.9,6425.7,0
2026-04-01T19:27:31.119418+00:00,3.82,9.92,3.82,9.92,-79.8,432990753.4945568,-9286.2,1668.0,6429.4,0
2026-04-01T19:27:31.570693+00:00,3.77,9.87,3.77,9.87,-79.8,432990753.4945568,-9291.2,1670.9,6432.9,0
2026-04-01T19:27:32.057220+00:00,3.71,9.83,3.71,9.83,-79.8,432990753.4945568,-9296.5,1674.1,6436.6,0
2026-04-01T19:27:32.562705+00:00,3.66,9.78,3.66,9.78,-79.8,432990700.54439527,-9302.1,1677.3,6440.4,0
2026-04-01T19:27:33.046590+00:00,3.61,9.74,3.61,9.74,-79.8,432990700.54439527,-9306.9,1680.2,6443.7,0
2026-04-01T19:27:33.490599+00:00,3.56,9.69,3.56,9.69,-79.8,432990700.54439527,-9312.1,1683.3,6447.4,0
2026-04-01T19:27:33.939730+00:00,3.51,9.65,3.51,9.65,-79.8,432990700.54439527,-9316.9,1686.2,6450.6,0
2026-04-01T19:27:34.422643+00:00,3.46,9.60,3.46,9.6,-79.8,432990700.54439527,-9322.0,1689.3,6454.2,0
2026-04-01T19:27:34.866616+00:00,3.41,9.56,3.41,9.56,-79.8,432990700.54439527,-9326.7,1692.2,6457.4,0
2026-04-01T19:27:35.350700+00:00,3.36,9.52,3.36,9.52,-79.8,432990700.54439527,-9331.4,1695.1,6460.7,0
2026-04-01T19:27:35.794609+00:00,3.31,9.47,3.31,9.47,-79.8,432990700.54439527,-9336.5,1698.2,6464.2,0
2026-04-01T19:27:36.242664+00:00,3.26,9.43,3.26,9.43,-79.8,432990700.54439527,-9341.1,1701.1,6467.4,0
2026-04-01T19:27:36.727873+00:00,3.21,9.39,3.21,9.39,-79.8,432990700.54439527,-9346.1,1704.2,6470.9,0
2026-04-01T19:27:37.175346+00:00,3.16,9.35,3.16,9.35,-79.8,432990700.54439527,-9350.7,1707.1,6474.0,0
2026-04-01T19:27:37.723479+00:00,3.12,9.30,3.12,9.3,-79.8,432990644.73377824,-9355.3,1710.0,6477.2,0
2026-04-01T19:27:38.176345+00:00,3.06,9.25,3.06,9.25,-79.8,432990644.73377824,-9360.8,1713.6,6481.1,0
2026-04-01T19:27:38.619432+00:00,3.01,9.21,3.01,9.21,-79.8,432990644.73377824,-9365.4,1716.5,6484.2,0
2026-04-01T19:27:39.110956+00:00,2.96,9.17,2.96,9.17,-79.8,432990644.73377824,-9370.2,1719.6,6487.6,0
2026-04-01T19:27:39.559504+00:00,2.92,9.13,2.92,9.13,-79.8,432990644.73377824,-9374.7,1722.6,6490.7,0
2026-04-01T19:27:40.047558+00:00,2.87,9.08,2.87,9.08,-79.8,432990644.73377824,-9379.2,1725.5,6493.8,0
2026-04-01T19:27:40.490635+00:00,2.82,9.04,2.82,9.04,-79.8,432990644.73377824,-9384.0,1728.6,6497.1,0
2026-04-01T19:27:40.939432+00:00,2.78,9.00,2.78,9.0,-79.8,432990644.73377824,-9388.3,1731.5,6500.1,0
2026-04-01T19:27:41.422616+00:00,2.73,8.95,2.73,8.95,-79.8,432990644.73377824,-9393.1,1734.7,6503.4,0
2026-04-01T19:27:41.866666+00:00,2.68,8.91,2.68,8.91,-79.8,432990644.73377824,-9397.3,1737.6,6506.4,0
2026-04-01T19:27:42.350598+00:00,2.64,8.87,2.64,8.87,-79.8,432990644.73377824,-9401.7,1740.5,6509.4,0
2026-04-01T19:27:42.794630+00:00,2.59,8.83,2.59,8.83,-79.8,432990644.73377824,-9406.3,1743.6,6512.6,0
2026-04-01T19:27:43.302746+00:00,2.54,8.78,2.54,8.78,-79.8,432990591.21166664,-9411.1,1746.9,6515.9,0
2026-04-01T19:27:43.786605+00:00,2.49,8.74,2.49,8.74,-79.8,432990591.21166664,-9415.7,1750.1,6519.0,0
2026-04-01T19:27:44.230684+00:00,2.45,8.70,2.45,8.7,-79.8,432990591.21166664,-9419.9,1753.0,6522.0,0
2026-04-01T19:27:44.719814+00:00,2.40,8.66,2.4,8.66,-79.8,432990591.21166664,-9424.0,1755.9,6524.8,0
2026-04-01T19:27:45.163727+00:00,2.35,8.62,2.35,8.62,-79.8,432990591.21166664,-9428.5,1759.0,6527.9,0
2026-04-01T19:27:45.615071+00:00,2.31,8.58,2.31,8.58,-79.8,432990591.21166664,-9432.7,1762.0,6530.8,0
2026-04-01T19:27:46.119196+00:00,2.26,8.53,2.26,8.53,-79.8,432990591.21166664,-9437.4,1765.3,6534.1,0
2026-04-01T19:27:46.567604+00:00,2.22,8.49,2.22,8.49,-79.8,432990591.21166664,-9441.4,1768.2,6536.9,0
2026-04-01T19:27:47.055609+00:00,2.17,8.45,2.17,8.45,-79.8,432990591.21166664,-9445.5,1771.1,6539.7,0
2026-04-01T19:27:47.503443+00:00,2.13,8.41,2.13,8.41,-79.8,432990591.21166664,-9449.9,1774.3,6542.8,0
2026-04-01T19:27:47.952448+00:00,2.08,8.37,2.08,8.37,-79.8,432990591.21166664,-9453.9,1777.3,6545.5,0
2026-04-01T19:27:48.439698+00:00,2.04,8.32,2.04,8.32,-79.8,432990591.21166664,-9458.3,1780.5,6548.6,0
2026-04-01T19:27:48.946939+00:00,1.99,8.28,1.99,8.28,-79.8,432990537.7410376,-9462.3,1783.4,6551.3,0
2026-04-01T19:27:49.431418+00:00,1.95,8.24,1.95,8.24,-79.8,432990537.7410376,-9466.7,1786.7,6554.4,0
2026-04-01T19:27:49.874696+00:00,1.90,8.20,1.9,8.2,-79.8,432990537.7410376,-9471.0,1789.9,6557.3,0
2026-04-01T19:27:50.322593+00:00,1.86,8.16,1.86,8.16,-79.8,432990537.7410376,-9474.9,1792.8,6560.0,0
2026-04-01T19:27:50.811020+00:00,1.81,8.12,1.81,8.12,-79.8,432990537.7410376,-9479.1,1796.0,6562.9,0
2026-04-01T19:27:51.250629+00:00,1.77,8.08,1.77,8.08,-79.8,432990537.7410376,-9482.9,1798.9,6565.6,0
2026-04-01T19:27:51.738694+00:00,1.73,8.04,1.73,8.04,-79.8,432990537.7410376,-9486.7,1801.8,6568.2,0
2026-04-01T19:27:52.182607+00:00,1.68,8.00,1.68,8.0,-79.8,432990537.7410376,-9490.9,1805.0,6571.1,0
2026-04-01T19:27:52.627139+00:00,1.64,7.96,1.64,7.96,-79.8,432990537.7410376,-9494.6,1808.0,6573.7,0
2026-04-01T19:27:53.114612+00:00,1.60,7.91,1.6,7.91,-79.8,432990537.7410376,-9498.7,1811.1,6576.5,0
2026-04-01T19:27:53.558754+00:00,1.56,7.88,1.56,7.88,-79.8,432990537.7410376,-9502.5,1814.1,6579.1,0
2026-04-01T19:27:54.051718+00:00,1.52,7.84,1.52,7.84,-79.8,432990537.7410376,-9506.2,1817.0,6581.7,0
2026-04-01T19:27:54.503728+00:00,1.47,7.79,1.47,7.79,-79.8,432990537.7410376,-9510.3,1820.3,6584.6,0
2026-04-01T19:27:55.011698+00:00,1.43,7.76,1.43,7.76,-79.8,432990486.03774124,-9514.0,1823.2,6587.1,0
2026-04-01T19:27:55.499955+00:00,1.38,7.71,1.38,7.71,-79.8,432990486.03774124,-9518.5,1826.8,6590.2,0
2026-04-01T19:27:55.951547+00:00,1.34,7.67,1.34,7.67,-79.8,432990486.03774124,-9522.1,1829.8,6592.7,0
2026-04-01T19:27:56.434669+00:00,1.30,7.63,1.3,7.63,-79.8,432990486.03774124,-9525.7,1832.7,6595.2,0
2026-04-01T19:27:56.878578+00:00,1.26,7.59,1.26,7.59,-79.8,432990486.03774124,-9529.6,1835.9,6597.9,0
2026-04-01T19:27:57.322672+00:00,1.22,7.55,1.22,7.55,-79.8,432990486.03774124,-9533.2,1838.9,6600.4,0
2026-04-01T19:27:57.810594+00:00,1.17,7.51,1.17,7.51,-79.8,432990486.03774124,-9537.0,1842.1,6603.1,0
2026-04-01T19:27:58.254575+00:00,1.13,7.47,1.13,7.47,-79.8,432990486.03774124,-9540.6,1845.1,6605.5,0
2026-04-01T19:27:58.742578+00:00,1.10,7.44,1.1,7.44,-79.8,432990486.03774124,-9544.1,1848.0,6608.0,0
2026-04-01T19:27:59.186613+00:00,1.05,7.40,1.05,7.4,-79.8,432990486.03774124,-9547.9,1851.2,6610.6,0
2026-04-01T19:27:59.630641+00:00,1.01,7.36,1.01,7.36,-79.8,432990486.03774124,-9551.3,1854.1,6613.0,0
2026-04-01T19:28:00.118703+00:00,0.97,7.32,0.97,7.32,-79.8,432990486.03774124,-9555.1,1857.3,6615.6,0
2026-04-01T19:28:00.558595+00:00,0.93,7.28,0.93,7.28,-79.8,432990486.03774124,-9558.5,1860.3,6617.9,0
2026-04-01T19:28:01.046609+00:00,0.89,7.24,0.89,7.24,-79.8,432990486.03774124,-9561.9,1863.2,6620.3,0
2026-04-01T19:28:01.496693+00:00,0.85,7.20,0.85,7.2,-79.8,432990486.03774124,-9565.6,1866.5,6622.9,0
2026-04-01T19:28:02.003485+00:00,0.81,7.16,0.81,7.16,-79.8,432990432.3752869,-9569.4,1869.8,6625.5,0
2026-04-01T19:28:02.491565+00:00,0.77,7.12,0.77,7.12,-79.8,432990432.3752869,-9573.1,1873.1,6628.0,0
2026-04-01T19:28:02.939850+00:00,0.73,7.08,0.73,7.08,-79.8,432990432.3752869,-9576.4,1876.0,6630.4,0
2026-04-01T19:28:03.427555+00:00,0.69,7.04,0.69,7.04,-79.8,432990432.3752869,-9579.8,1879.0,6632.7,0
2026-04-01T19:28:03.875694+00:00,0.65,7.00,0.65,7.0,-79.8,432990432.3752869,-9583.4,1882.2,6635.2,0
2026-04-01T19:28:04.324963+00:00,0.61,6.97,0.61,6.97,-79.8,432990432.3752869,-9586.7,1885.2,6637.4,0
2026-04-01T19:28:04.811453+00:00,0.57,6.93,0.57,6.93,-79.8,432990432.3752869,-9590.2,1888.4,6639.9,0
2026-04-01T19:28:05.255881+00:00,0.53,6.89,0.53,6.89,-79.8,432990432.3752869,-9593.5,1891.4,6642.1,0
2026-04-01T19:28:05.746581+00:00,0.50,6.85,0.5,6.85,-79.8,432990432.3752869,-9596.7,1894.4,6644.4,0
2026-04-01T19:28:06.190622+00:00,0.46,6.81,0.46,6.81,-79.8,432990432.3752869,-9600.2,1897.6,6646.8,0
2026-04-01T19:28:06.634595+00:00,0.42,6.78,0.42,6.78,-79.8,432990432.3752869,-9603.4,1900.6,6649.0,0
2026-04-01T19:28:07.122584+00:00,0.38,6.74,0.38,6.74,-79.8,432990432.3752869,-9606.8,1903.8,6651.4,0
2026-04-01T19:28:07.566737+00:00,0.34,6.70,0.34,6.7,-79.8,432990432.3752869,-9609.9,1906.8,6653.5,0
2026-04-01T19:28:08.050842+00:00,0.31,6.66,0.31,6.66,-79.8,432990432.3752869,-9613.1,1909.7,6655.7,0
2026-04-01T19:28:08.494662+00:00,0.27,6.62,0.27,6.62,-79.8,432990432.3752869,-9616.5,1913.0,6658.1,0
2026-04-01T19:28:08.938733+00:00,0.23,6.59,0.23,6.59,-79.8,432990432.3752869,-9619.5,1915.9,6660.2,0
2026-04-01T19:28:09.486588+00:00,0.18,6.54,0.18,6.54,-79.8,432990378.6507712,-9623.3,1919.6,6662.8,0
2026-04-01T19:28:09.930720+00:00,0.15,6.51,0.15,6.51,-79.8,432990378.6507712,-9626.4,1922.5,6664.9,0
2026-04-01T19:28:10.414646+00:00,0.11,6.47,0.11,6.47,-79.8,432990378.6507712,-9629.4,1925.5,6667.0,0
2026-04-01T19:28:10.863677+00:00,0.07,6.43,0.07,6.43,-79.8,432990378.6507712,-9632.7,1928.7,6669.3,0
2026-04-01T19:28:11.331193+00:00,0.04,6.40,0.04,6.4,-79.8,432990378.6507712,-9635.7,1931.7,6671.4,0
2026-04-01T19:28:11.819697+00:00,360.00,6.36,360.0,6.36,-79.8,432990378.6507712,-9639.1,1935.1,6673.7,0
2026-04-01T19:28:12.267169+00:00,359.96,6.32,359.96,6.32,-79.8,432990378.6507712,-9642.1,1938.1,6675.8,0
2026-04-01T19:28:12.755427+00:00,359.93,6.29,359.93,6.29,-79.8,432990378.6507712,-9645.0,1941.1,6677.8,0
2026-04-01T19:28:13.203469+00:00,359.89,6.25,359.89,6.25,-79.8,432990378.6507712,-9648.3,1944.3,6680.1,0
2026-04-01T19:28:13.652429+00:00,359.85,6.21,359.85,6.21,-79.8,432990378.6507712,-9651.2,1947.3,6682.1,0
2026-04-01T19:28:14.139511+00:00,359.82,6.17,359.82,6.17,-79.8,432990378.6507712,-9654.4,1950.6,6684.3,0
2026-04-01T19:28:14.586081+00:00,359.78,6.14,359.78,6.14,-79.8,432990378.6507712,-9657.3,1953.6,6686.3,0
2026-04-01T19:28:15.070589+00:00,359.75,6.10,359.75,6.1,-79.8,432990378.6507712,-9660.1,1956.6,6688.3,0
2026-04-01T19:28:15.514604+00:00,359.71,6.06,359.71,6.06,-79.8,432990378.6507712,-9663.3,1959.8,6690.5,0
2026-04-01T19:28:15.959370+00:00,359.67,6.03,359.67,6.03,-79.8,432990378.6507712,-9666.1,1962.8,6692.4,0
2026-04-01T19:28:16.442620+00:00,359.64,5.99,359.64,5.99,-79.8,432990378.6507712,-9669.2,1966.0,6694.5,0
2026-04-01T19:28:16.891925+00:00,359.60,5.95,359.6,5.95,-79.8,432990378.6507712,-9672.0,1969.0,6696.5,0
2026-04-01T19:28:17.434574+00:00,359.57,5.92,359.57,5.92,-79.8,432990325.2753497,-9674.7,1972.0,6698.4,0
2026-04-01T19:28:17.878584+00:00,359.53,5.88,359.53,5.88,-79.8,432990325.2753497,-9678.1,1975.6,6700.8,0
2026-04-01T19:28:18.322586+00:00,359.49,5.84,359.49,5.84,-79.8,432990325.2753497,-9680.9,1978.6,6702.7,0
2026-04-01T19:28:18.810642+00:00,359.46,5.80,359.46,5.8,-79.8,432990325.2753497,-9683.9,1981.9,6704.7,0
2026-04-01T19:28:19.254576+00:00,359.42,5.77,359.42,5.77,-79.8,432990325.2753497,-9686.6,1984.8,6706.6,0
2026-04-01T19:28:19.743459+00:00,359.39,5.74,359.39,5.74,-79.8,432990325.2753497,-9689.3,1987.9,6708.5,0
2026-04-01T19:28:20.195227+00:00,359.35,5.70,359.35,5.7,-79.8,432990325.2753497,-9692.3,1991.1,6710.5,0
2026-04-01T19:28:20.643772+00:00,359.32,5.66,359.32,5.66,-79.8,432990325.2753497,-9695.0,1994.2,6712.4,0
2026-04-01T19:28:21.131187+00:00,359.28,5.63,359.28,5.63,-79.8,432990325.2753497,-9697.9,1997.4,6714.5,0
2026-04-01T19:28:21.584058+00:00,359.25,5.59,359.25,5.59,-79.8,432990325.2753497,-9700.6,2000.4,6716.3,0
2026-04-01T19:28:22.087404+00:00,359.21,5.55,359.21,5.55,-79.8,432990325.2753497,-9703.3,2003.6,6718.2,0
2026-04-01T19:28:22.535525+00:00,359.18,5.52,359.18,5.52,-79.8,432990325.2753497,-9706.2,2006.9,6720.2,0
2026-04-01T19:28:22.982967+00:00,359.15,5.48,359.15,5.48,-79.8,432990325.2753497,-9708.8,2009.9,6722.0,0
2026-04-01T19:28:23.466597+00:00,359.11,5.45,359.11,5.45,-79.8,432990325.2753497,-9711.7,2013.2,6724.0,0
2026-04-01T19:28:23.910578+00:00,359.08,5.41,359.08,5.41,-79.8,432990325.2753497,-9714.2,2016.1,6725.8,0
2026-04-01T19:28:24.398739+00:00,359.05,5.38,359.05,5.38,-79.8,432990325.2753497,-9716.8,2019.1,6727.5,0
2026-04-01T19:28:24.842591+00:00,359.01,5.34,359.01,5.34,-79.8,432990325.2753497,-9719.6,2022.4,6729.5,0
2026-04-01T19:28:25.286586+00:00,358.98,5.31,358.98,5.31,-79.8,432990325.2753497,-9722.1,2025.4,6731.2,0
2026-04-01T19:28:25.770609+00:00,358.94,5.27,358.94,5.27,-79.8,432990325.2753497,-9724.8,2028.7,6733.1,0
2026-04-01T19:28:26.278595+00:00,358.91,5.24,358.91,5.24,-79.8,432990272.6707559,-9727.3,2031.7,6734.8,0
2026-04-01T19:28:26.762735+00:00,358.88,5.20,358.88,5.2,-79.8,432990272.6707559,-9730.1,2035.0,6736.8,0
2026-04-01T19:28:27.206591+00:00,358.84,5.16,358.84,5.16,-79.8,432990272.6707559,-9732.9,2038.3,6738.7,0
2026-04-01T19:28:27.651229+00:00,358.81,5.13,358.81,5.13,-79.8,432990272.6707559,-9735.3,2041.3,6740.4,0
2026-04-01T19:28:28.138133+00:00,358.78,5.09,358.78,5.09,-79.8,432990272.6707559,-9738.0,2044.6,6742.2,0
2026-04-01T19:28:28.587472+00:00,358.74,5.06,358.74,5.06,-79.8,432990272.6707559,-9740.4,2047.6,6743.9,0
2026-04-01T19:28:29.075536+00:00,358.71,5.03,358.71,5.03,-79.8,432990272.6707559,-9742.9,2050.6,6745.6,0
2026-04-01T19:28:29.523718+00:00,358.68,4.99,358.68,4.99,-79.8,432990272.6707559,-9745.5,2053.9,6747.4,0
2026-04-01T19:28:29.972731+00:00,358.65,4.96,358.65,4.96,-79.8,432990272.6707559,-9747.9,2056.9,6749.1,0
2026-04-01T19:28:30.460702+00:00,358.61,4.92,358.61,4.92,-79.8,432990272.6707559,-9750.5,2060.2,6750.9,0
2026-04-01T19:28:30.903574+00:00,358.58,4.89,358.58,4.89,-79.8,432990272.6707559,-9752.9,2063.3,6752.5,0
2026-04-01T19:28:31.395738+00:00,358.55,4.85,358.55,4.85,-79.8,432990272.6707559,-9755.2,2066.3,6754.1,0
2026-04-01T19:28:31.838628+00:00,358.52,4.82,358.52,4.82,-79.8,432990272.6707559,-9757.8,2069.6,6755.9,0
2026-04-01T19:28:32.286594+00:00,358.49,4.79,358.49,4.79,-79.8,432990272.6707559,-9760.1,2072.6,6757.5,0
2026-04-01T19:28:32.770571+00:00,358.45,4.75,358.45,4.75,-79.8,432990272.6707559,-9762.6,2075.9,6759.3,0
2026-04-01T19:28:33.214641+00:00,358.42,4.72,358.42,4.72,-79.8,432990272.6707559,-9764.9,2078.9,6760.9,0
2026-04-01T19:28:33.698578+00:00,358.39,4.68,358.39,4.68,-79.8,432990272.6707559,-9767.2,2081.9,6762.4,0
2026-04-01T19:28:34.142944+00:00,358.36,4.65,358.36,4.65,-79.8,432990272.6707559,-9769.7,2085.2,6764.2,0
2026-04-01T19:28:34.586773+00:00,358.33,4.62,358.33,4.62,-79.8,432990272.6707559,-9772.0,2088.2,6765.7,0
2026-04-01T19:28:35.074590+00:00,358.30,4.58,358.3,4.58,-79.8,432990272.6707559,-9774.4,2091.4,6767.4,0
2026-04-01T19:28:35.518661+00:00,358.27,4.55,358.27,4.55,-79.8,432990272.6707559,-9776.6,2094.4,6769.0,0
2026-04-01T19:28:36.062589+00:00,358.24,4.51,358.24,4.51,-79.8,432990222.0436566,-9779.1,2097.9,6770.7,0
2026-04-01T19:28:36.511472+00:00,358.20,4.48,358.2,4.48,-79.8,432990222.0436566,-9781.6,2101.2,6772.4,0
2026-04-01T19:28:36.955659+00:00,358.17,4.44,358.17,4.44,-79.8,432990222.0436566,-9783.8,2104.2,6773.9,0
2026-04-01T19:28:37.448044+00:00,358.14,4.41,358.14,4.41,-79.8,432990222.0436566,-9786.2,2107.5,6775.6,0
2026-04-01T19:28:37.896811+00:00,358.11,4.38,358.11,4.38,-79.8,432990222.0436566,-9788.4,2110.5,6777.1,0
2026-04-01T19:28:38.383823+00:00,358.08,4.34,358.08,4.34,-79.8,432990222.0436566,-9790.5,2113.6,6778.6,0
2026-04-01T19:28:38.831778+00:00,358.05,4.31,358.05,4.31,-79.8,432990222.0436566,-9792.9,2116.9,6780.2,0
2026-04-01T19:28:39.275207+00:00,358.02,4.28,358.02,4.28,-79.8,432990222.0436566,-9795.0,2119.9,6781.7,0
2026-04-01T19:28:39.763714+00:00,357.99,4.24,357.99,4.24,-79.8,432990222.0436566,-9797.3,2123.2,6783.3,0
2026-04-01T19:28:40.207104+00:00,357.96,4.21,357.96,4.21,-79.8,432990222.0436566,-9799.4,2126.2,6784.8,0
2026-04-01T19:28:40.694595+00:00,357.93,4.18,357.93,4.18,-79.8,432990222.0436566,-9801.6,2129.3,6786.2,0
2026-04-01T19:28:41.138692+00:00,357.90,4.14,357.9,4.14,-79.8,432990222.0436566,-9803.8,2132.6,6787.8,0
2026-04-01T19:28:41.587750+00:00,357.87,4.11,357.87,4.11,-79.8,432990222.0436566,-9805.9,2135.6,6789.2,0
2026-04-01T19:28:42.074498+00:00,357.84,4.08,357.84,4.08,-79.8,432990222.0436566,-9808.2,2138.9,6790.8,0
2026-04-01T19:28:42.534665+00:00,357.81,4.05,357.81,4.05,-79.8,432990222.0436566,-9810.3,2142.0,6792.3,0
2026-04-01T19:28:43.018637+00:00,357.78,4.01,357.78,4.01,-79.8,432990222.0436566,-9812.4,2145.1,6793.7,0
2026-04-01T19:28:43.462594+00:00,357.75,3.98,357.75,3.98,-79.8,432990222.0436566,-9814.6,2148.4,6795.2,0
2026-04-01T19:28:43.906605+00:00,357.72,3.95,357.72,3.95,-79.8,432990222.0436566,-9816.6,2151.4,6796.6,0
2026-04-01T19:28:44.395688+00:00,357.69,3.92,357.69,3.92,-79.8,432990222.0436566,-9818.8,2154.7,6798.1,0
2026-04-01T19:28:44.843695+00:00,357.67,3.88,357.67,3.88,-79.8,432990222.0436566,-9820.8,2157.7,6799.5,0
2026-04-01T19:28:45.331670+00:00,357.64,3.85,357.64,3.85,-79.8,432990222.0436566,-9822.8,2160.7,6800.9,0
2026-04-01T19:28:45.779663+00:00,357.61,3.82,357.61,3.82,-79.8,432990222.0436566,-9824.9,2164.1,6802.4,0
2026-04-01T19:28:46.227434+00:00,357.58,3.79,357.58,3.79,-79.8,432990222.0436566,-9826.9,2167.1,6803.8,0
2026-04-01T19:28:46.775747+00:00,357.55,3.75,357.55,3.75,-79.8,432990170.98283434,-9829.0,2170.4,6805.2,0
2026-04-01T19:28:47.226957+00:00,357.52,3.72,357.52,3.72,-79.8,432990170.98283434,-9831.2,2173.9,6806.8,0
2026-04-01T19:28:47.735204+00:00,357.49,3.69,357.49,3.69,-79.8,432990170.98283434,-9833.3,2177.1,6808.2,0
2026-04-01T19:28:48.183190+00:00,357.46,3.65,357.46,3.65,-79.8,432990170.98283434,-9835.4,2180.4,6809.6,0
2026-04-01T19:28:48.632478+00:00,357.43,3.62,357.43,3.62,-79.8,432990170.98283434,-9837.3,2183.5,6811.0,0
2026-04-01T19:28:49.118631+00:00,357.40,3.59,357.4,3.59,-79.8,432990170.98283434,-9839.4,2186.8,6812.4,0
2026-04-01T19:28:49.562693+00:00,357.37,3.56,357.37,3.56,-79.8,432990170.98283434,-9841.2,2189.8,6813.7,0
2026-04-01T19:28:50.046771+00:00,357.35,3.53,357.35,3.53,-79.8,432990170.98283434,-9843.1,2192.9,6815.0,0
2026-04-01T19:28:50.490597+00:00,357.32,3.49,357.32,3.49,-79.8,432990170.98283434,-9845.2,2196.2,6816.4,0
2026-04-01T19:28:50.935144+00:00,357.29,3.46,357.29,3.46,-79.8,432990170.98283434,-9847.0,2199.2,6817.7,0
2026-04-01T19:28:51.418595+00:00,357.26,3.43,357.26,3.43,-79.8,432990170.98283434,-9849.0,2202.5,6819.1,0
2026-04-01T19:28:51.862593+00:00,357.24,3.40,357.24,3.4,-79.8,432990170.98283434,-9850.8,2205.6,6820.3,0
2026-04-01T19:28:52.350619+00:00,357.21,3.37,357.21,3.37,-79.8,432990170.98283434,-9852.6,2208.6,6821.6,0
2026-04-01T19:28:52.794585+00:00,357.18,3.34,357.18,3.34,-79.8,432990170.98283434,-9854.6,2211.9,6822.9,0
2026-04-01T19:28:53.238589+00:00,357.15,3.31,357.15,3.31,-79.8,432990170.98283434,-9856.4,2214.9,6824.2,0
2026-04-01T19:28:53.727432+00:00,357.13,3.27,357.13,3.27,-79.8,432990170.98283434,-9858.4,2218.2,6825.6,0
2026-04-01T19:28:54.170836+00:00,357.10,3.24,357.1,3.24,-79.8,432990170.98283434,-9860.1,2221.3,6826.8,0
2026-04-01T19:28:54.658891+00:00,357.07,3.21,357.07,3.21,-79.8,432990170.98283434,-9861.9,2224.3,6828.0,0
2026-04-01T19:28:55.102602+00:00,357.04,3.18,357.04,3.18,-79.8,432990170.98283434,-9863.8,2227.6,6829.3,0
2026-04-01T19:28:55.546678+00:00,357.02,3.15,357.02,3.15,-79.8,432990170.98283434,-9865.6,2230.7,6830.6,0
2026-04-01T19:28:56.030603+00:00,356.99,3.12,356.99,3.12,-79.8,432990170.98283434,-9867.5,2234.0,6831.9,0
2026-04-01T19:28:56.474596+00:00,356.96,3.09,356.96,3.09,-79.8,432990170.98283434,-9869.2,2237.0,6833.1,0
2026-04-01T19:28:56.962716+00:00,356.94,3.06,356.94,3.06,-79.8,432990170.98283434,-9870.9,2240.1,6834.2,0
2026-04-01T19:28:57.410654+00:00,356.91,3.03,356.91,3.03,-79.8,432990170.98283434,-9872.8,2243.4,6835.5,0
2026-04-01T19:28:57.854576+00:00,356.89,3.00,356.89,3.0,-79.8,432990170.98283434,-9874.5,2246.5,6836.7,0
2026-04-01T19:28:58.342617+00:00,356.86,2.97,356.86,2.97,-79.8,432990170.98283434,-9876.3,2249.8,6838.0,0
2026-04-01T19:28:58.786578+00:00,356.83,2.94,356.83,2.94,-79.8,432990170.98283434,-9878.0,2252.8,6839.2,0
2026-04-01T19:28:59.275445+00:00,356.81,2.91,356.81,2.91,-79.8,432990170.98283434,-9879.7,2255.8,6840.3,0
2026-04-01T19:28:59.778676+00:00,356.78,2.88,356.78,2.88,-79.8,432990118.5108258,-9881.5,2259.2,6841.6,0
2026-04-01T19:29:00.222601+00:00,356.75,2.84,356.75,2.84,-79.8,432990118.5108258,-9883.4,2262.7,6842.9,0
2026-04-01T19:29:00.710650+00:00,356.72,2.81,356.72,2.81,-79.8,432990118.5108258,-9885.2,2266.0,6844.1,0
2026-04-01T19:29:01.154598+00:00,356.70,2.78,356.7,2.78,-79.8,432990118.5108258,-9886.8,2269.0,6845.2,0
2026-04-01T19:29:01.642676+00:00,356.67,2.75,356.67,2.75,-79.8,432990118.5108258,-9888.4,2272.0,6846.3,0
2026-04-01T19:29:02.086620+00:00,356.65,2.72,356.65,2.72,-79.8,432990118.5108258,-9890.2,2275.4,6847.6,0
2026-04-01T19:29:02.534766+00:00,356.62,2.69,356.62,2.69,-79.8,432990118.5108258,-9891.8,2278.4,6848.7,0
2026-04-01T19:29:03.014622+00:00,356.59,2.66,356.59,2.66,-79.8,432990118.5108258,-9893.5,2281.8,6849.9,0
2026-04-01T19:29:03.462658+00:00,356.57,2.63,356.57,2.63,-79.8,432990118.5108258,-9895.1,2284.8,6851.0,0
2026-04-01T19:29:03.946730+00:00,356.54,2.60,356.54,2.6,-79.8,432990118.5108258,-9896.7,2287.9,6852.1,0
2026-04-01T19:29:04.394633+00:00,356.52,2.57,356.52,2.57,-79.8,432990118.5108258,-9898.4,2291.2,6853.3,0
2026-04-01T19:29:04.840314+00:00,356.49,2.54,356.49,2.54,-79.8,432990118.5108258,-9899.9,2294.2,6854.3,0
2026-04-01T19:29:05.322663+00:00,356.47,2.51,356.47,2.51,-79.8,432990118.5108258,-9901.6,2297.6,6855.5,0
2026-04-01T19:29:05.774727+00:00,356.44,2.48,356.44,2.48,-79.8,432990118.5108258,-9903.2,2300.7,6856.6,0
2026-04-01T19:29:06.258596+00:00,356.42,2.45,356.42,2.45,-79.8,432990118.5108258,-9904.7,2303.7,6857.6,0
2026-04-01T19:29:06.706634+00:00,356.39,2.42,356.39,2.42,-79.8,432990118.5108258,-9906.4,2307.0,6858.8,0
2026-04-01T19:29:07.150690+00:00,356.37,2.40,356.37,2.4,-79.8,432990118.5108258,-9907.9,2310.1,6859.8,0
2026-04-01T19:29:07.635827+00:00,356.34,2.36,356.34,2.36,-79.8,432990118.5108258,-9909.5,2313.4,6861.0,0
2026-04-01T19:29:08.082704+00:00,356.32,2.34,356.32,2.34,-79.8,432990118.5108258,-9911.0,2316.5,6862.0,0
2026-04-01T19:29:08.566827+00:00,356.29,2.31,356.29,2.31,-79.8,432990118.5108258,-9912.5,2319.5,6863.0,0
2026-04-01T19:29:09.013597+00:00,356.27,2.28,356.27,2.28,-79.8,432990118.5108258,-9914.1,2322.9,6864.2,0
2026-04-01T19:29:09.458619+00:00,356.24,2.25,356.24,2.25,-79.8,432990118.5108258,-9915.6,2325.9,6865.2,0
2026-04-01T19:29:09.942762+00:00,356.22,2.22,356.22,2.22,-79.8,432990118.5108258,-9917.2,2329.3,6866.3,0
2026-04-01T19:29:10.389584+00:00,356.20,2.19,356.2,2.19,-79.8,432990118.5108258,-9918.6,2332.3,6867.3,0
2026-04-01T19:29:10.874638+00:00,356.17,2.16,356.17,2.16,-79.8,432990118.5108258,-9920.1,2335.4,6868.3,0
2026-04-01T19:29:11.322601+00:00,356.15,2.13,356.15,2.13,-79.8,432990118.5108258,-9921.6,2338.7,6869.4,0
2026-04-01T19:29:11.766709+00:00,356.12,2.11,356.12,2.11,-79.8,432990118.5108258,-9923.1,2341.8,6870.3,0
2026-04-01T19:29:12.250638+00:00,356.10,2.07,356.1,2.07,-79.8,432990118.5108258,-9924.6,2345.1,6871.4,0
2026-04-01T19:29:12.698972+00:00,356.07,2.05,356.07,2.05,-79.8,432990118.5108258,-9926.0,2348.2,6872.4,0
2026-04-01T19:29:13.182754+00:00,356.05,2.02,356.05,2.02,-79.8,432990118.5108258,-9927.4,2351.2,6873.4,0
2026-04-01T19:29:13.626701+00:00,356.03,1.99,356.03,1.99,-79.8,432990118.5108258,-9928.9,2354.6,6874.4,0
2026-04-01T19:29:14.075218+00:00,356.00,1.96,356.0,1.96,-79.8,432990118.5108258,-9930.3,2357.6,6875.4,0
2026-04-01T19:29:14.563451+00:00,355.98,1.93,355.98,1.93,-79.8,432990118.5108258,-9931.8,2361.0,6876.4,0
2026-04-01T19:29:15.075551+00:00,355.95,1.90,355.95,1.9,-79.8,432990067.3421018,-9933.4,2364.5,6877.5,0
2026-04-01T19:29:15.563456+00:00,355.93,1.87,355.93,1.87,-79.8,432990067.3421018,-9934.9,2367.9,6878.5,0
2026-04-01T19:29:16.011598+00:00,355.90,1.84,355.9,1.84,-79.8,432990067.3421018,-9936.3,2371.0,6879.5,0
2026-04-01T19:29:16.499729+00:00,355.88,1.82,355.88,1.82,-79.8,432990067.3421018,-9937.6,2374.0,6880.4,0
2026-04-01T19:29:16.947495+00:00,355.86,1.79,355.86,1.79,-79.8,432990067.3421018,-9939.1,2377.4,6881.4,0
2026-04-01T19:29:17.395718+00:00,355.83,1.76,355.83,1.76,-79.8,432990067.3421018,-9940.4,2380.5,6882.4,0
2026-04-01T19:29:17.887428+00:00,355.81,1.73,355.81,1.73,-79.8,432990067.3421018,-9941.9,2383.8,6883.4,0
2026-04-01T19:29:18.351703+00:00,355.79,1.70,355.79,1.7,-79.8,432990067.3421018,-9943.2,2387.0,6884.3,0
2026-04-01T19:29:18.839763+00:00,355.76,1.68,355.76,1.68,-79.8,432990067.3421018,-9944.5,2390.1,6885.2,0
2026-04-01T19:29:19.287676+00:00,355.74,1.65,355.74,1.65,-79.8,432990067.3421018,-9946.0,2393.5,6886.2,0
2026-04-01T19:29:19.731137+00:00,355.72,1.62,355.72,1.62,-79.8,432990067.3421018,-9947.3,2396.6,6887.1,0
2026-04-01T19:29:20.223448+00:00,355.69,1.59,355.69,1.59,-79.8,432990067.3421018,-9948.7,2399.9,6888.1,0
2026-04-01T19:29:20.667028+00:00,355.67,1.56,355.67,1.56,-79.8,432990067.3421018,-9949.9,2403.0,6888.9,0
2026-04-01T19:29:21.160510+00:00,355.65,1.54,355.65,1.54,-79.8,432990067.3421018,-9951.2,2406.1,6889.8,0
2026-04-01T19:29:21.603579+00:00,355.62,1.51,355.62,1.51,-79.8,432990067.3421018,-9952.6,2409.5,6890.8,0
2026-04-01T19:29:22.051526+00:00,355.60,1.48,355.6,1.48,-79.8,432990067.3421018,-9953.8,2412.6,6891.7,0
2026-04-01T19:29:22.544539+00:00,355.58,1.45,355.58,1.45,-79.8,432990067.3421018,-9955.2,2415.9,6892.6,0
2026-04-01T19:29:22.991625+00:00,355.56,1.43,355.56,1.43,-79.8,432990067.3421018,-9956.4,2419.0,6893.5,0
2026-04-01T19:29:23.479965+00:00,355.53,1.40,355.53,1.4,-79.8,432990067.3421018,-9957.7,2422.1,6894.3,0
2026-04-01T19:29:23.927880+00:00,355.51,1.37,355.51,1.37,-79.8,432990067.3421018,-9959.0,2425.5,6895.2,0
2026-04-01T19:29:24.374716+00:00,355.49,1.34,355.49,1.34,-79.8,432990067.3421018,-9960.2,2428.6,6896.1,0
2026-04-01T19:29:24.858591+00:00,355.46,1.32,355.46,1.32,-79.8,432990067.3421018,-9961.6,2431.9,6897.0,0
2026-04-01T19:29:25.302578+00:00,355.44,1.29,355.44,1.29,-79.8,432990067.3421018,-9962.8,2435.0,6897.8,0
2026-04-01T19:29:25.791128+00:00,355.42,1.26,355.42,1.26,-79.8,432990067.3421018,-9963.9,2438.1,6898.6,0
2026-04-01T19:29:26.234582+00:00,355.40,1.24,355.4,1.24,-79.8,432990067.3421018,-9965.2,2441.4,6899.5,0
2026-04-01T19:29:26.683720+00:00,355.38,1.21,355.38,1.21,-79.8,432990067.3421018,-9966.4,2444.5,6900.4,0
2026-04-01T19:29:27.166594+00:00,355.35,1.18,355.35,1.18,-79.8,432990067.3421018,-9967.7,2447.8,6901.2,0
2026-04-01T19:29:27.610673+00:00,355.33,1.16,355.33,1.16,-79.8,432990067.3421018,-9968.8,2450.9,6902.0,0
2026-04-01T19:29:28.094671+00:00,355.31,1.13,355.31,1.13,-79.8,432990067.3421018,-9970.0,2454.0,6902.8,0
2026-04-01T19:29:28.538894+00:00,355.29,1.10,355.29,1.1,-79.8,432990067.3421018,-9971.2,2457.3,6903.7,0
2026-04-01T19:29:28.986758+00:00,355.27,1.08,355.27,1.08,-79.8,432990067.3421018,-9972.4,2460.4,6904.5,0
2026-04-01T19:29:29.471734+00:00,355.25,1.05,355.25,1.05,-79.8,432990067.3421018,-9973.6,2463.7,6905.3,0
2026-04-01T19:29:29.919788+00:00,355.22,1.03,355.22,1.03,-79.8,432990067.3421018,-9974.7,2466.8,6906.1,0
2026-04-01T19:29:30.407767+00:00,355.20,1.00,355.2,1.0,-79.8,432990067.3421018,-9975.9,2469.9,6906.9,0
2026-04-01T19:29:30.855463+00:00,355.18,0.97,355.18,0.97,-79.8,432990067.3421018,-9977.1,2473.3,6907.7,0
2026-04-01T19:29:31.301601+00:00,355.16,0.95,355.16,0.95,-79.8,432990067.3421018,-9978.2,2476.4,6908.5,0
2026-04-01T19:29:31.790610+00:00,355.14,0.92,355.14,0.92,-79.8,432990067.3421018,-9979.4,2479.8,6909.3,0
2026-04-01T19:29:32.234588+00:00,355.12,0.90,355.12,0.9,-79.8,432990067.3421018,-9980.5,2482.9,6910.1,0
2026-04-01T19:29:32.718576+00:00,355.10,0.87,355.1,0.87,-79.8,432990067.3421018,-9981.6,2485.9,6910.9,0
2026-04-01T19:29:33.165908+00:00,355.07,0.84,355.07,0.84,-79.8,432990067.3421018,-9982.7,2489.3,6911.7,0
2026-04-01T19:29:33.670610+00:00,355.05,0.82,355.05,0.82,-79.8,432990016.61979496,-9984.0,2492.8,6912.5,0
2026-04-01T19:29:34.154607+00:00,355.03,0.79,355.03,0.79,-79.8,432990016.61979496,-9985.1,2496.1,6913.3,0
2026-04-01T19:29:34.598606+00:00,355.01,0.76,355.01,0.76,-79.8,432990016.61979496,-9986.2,2499.2,6914.0,0
2026-04-01T19:29:35.086665+00:00,354.99,0.74,354.99,0.74,-79.8,432990016.61979496,-9987.2,2502.3,6914.8,0
2026-04-01T19:29:35.530601+00:00,354.97,0.71,354.97,0.71,-79.8,432990016.61979496,-9988.4,2505.6,6915.5,0
2026-04-01T19:29:35.974592+00:00,354.95,0.69,354.95,0.69,-79.8,432990016.61979496,-9989.4,2508.7,6916.3,0
2026-04-01T19:29:36.463449+00:00,354.92,0.66,354.92,0.66,-79.8,432990016.61979496,-9990.5,2512.1,6917.0,0
2026-04-01T19:29:36.911742+00:00,354.90,0.64,354.9,0.64,-79.8,432990016.61979496,-9991.5,2515.2,6917.8,0
2026-04-01T19:29:37.400458+00:00,354.88,0.61,354.88,0.61,-79.8,432990016.61979496,-9992.6,2518.3,6918.5,0
2026-04-01T19:29:37.847454+00:00,354.86,0.59,354.86,0.59,-79.8,432990016.61979496,-9993.7,2521.6,6919.2,0
2026-04-01T19:29:38.295481+00:00,354.84,0.56,354.84,0.56,-79.8,432990016.61979496,-9994.7,2524.7,6919.9,0
2026-04-01T19:29:38.803710+00:00,354.82,0.54,354.82,0.54,-79.8,432990016.61979496,-9995.8,2528.3,6920.7,0
2026-04-01T19:29:39.251782+00:00,354.80,0.51,354.8,0.51,-79.8,432990016.61979496,-9996.8,2531.3,6921.4,0
2026-04-01T19:29:39.734609+00:00,354.78,0.49,354.78,0.49,-79.8,432990016.61979496,-9997.8,2534.5,6922.1,0
2026-04-01T19:29:40.182931+00:00,354.76,0.46,354.76,0.46,-79.8,432990016.61979496,-9998.9,2537.8,6922.8,0
2026-04-01T19:29:40.626597+00:00,354.74,0.44,354.74,0.44,-79.8,432990016.61979496,-9999.8,2540.9,6923.5,0
2026-04-01T19:29:41.114618+00:00,354.72,0.41,354.72,0.41,-79.8,432990016.61979496,-10000.9,2544.3,6924.2,0
2026-04-01T19:29:41.558762+00:00,354.70,0.39,354.7,0.39,-79.8,432990016.61979496,-10001.9,2547.3,6924.9,0
2026-04-01T19:29:42.042674+00:00,354.68,0.37,354.68,0.37,-79.8,432990016.61979496,-10002.8,2550.4,6925.6,0
2026-04-01T19:29:42.486597+00:00,354.66,0.34,354.66,0.34,-79.8,432990016.61979496,-10003.8,2553.8,6926.3,0
2026-04-01T19:29:42.934656+00:00,354.64,0.32,354.64,0.32,-79.8,432990016.61979496,-10004.8,2556.9,6926.9,0
2026-04-01T19:29:43.422201+00:00,354.62,0.29,354.62,0.29,-79.8,432990016.61979496,-10005.8,2560.2,6927.6,0
2026-04-01T19:29:43.862592+00:00,354.60,0.27,354.6,0.27,-79.8,432990016.61979496,-10006.7,2563.3,6928.3,0
2026-04-01T19:29:44.351674+00:00,354.58,0.25,354.58,0.25,-79.8,432990016.61979496,-10007.7,2566.4,6928.9,0
2026-04-01T19:29:44.800575+00:00,354.56,0.22,354.56,0.22,-79.8,432990016.61979496,-10008.7,2569.8,6929.6,0
2026-04-01T19:29:45.243432+00:00,354.54,0.20,354.54,0.2,-79.8,432990016.61979496,-10009.6,2572.9,6930.2,0
2026-04-01T19:29:45.735455+00:00,354.52,0.17,354.52,0.17,-79.8,432990016.61979496,-10010.6,2576.2,6930.9,0
2026-04-01T19:29:46.183442+00:00,354.50,0.15,354.5,0.15,-79.8,432990016.61979496,-10011.5,2579.4,6931.5,0
2026-04-01T19:29:46.671176+00:00,354.48,0.13,354.48,0.13,-79.8,432990016.61979496,-10012.4,2582.4,6932.2,0
2026-04-01T19:29:47.119498+00:00,354.46,0.10,354.46,0.1,-79.8,432990016.61979496,-10013.3,2585.9,6932.8,0
2026-04-01T19:29:47.563638+00:00,354.44,0.08,354.44,0.08,-79.8,432990016.61979496,-10014.2,2588.9,6933.5,0
2026-04-01T19:29:48.056823+00:00,354.42,0.06,354.42,0.06,-79.8,432990016.61979496,-10015.2,2592.3,6934.1,0
2026-04-01T19:29:48.507585+00:00,354.40,0.03,354.4,0.03,-79.8,432990016.61979496,-10016.0,2595.4,6934.7,0
2026-04-01T19:29:49.012130+00:00,354.38,0.01,354.38,0.01,-79.8,432990016.61979496,-10016.9,2598.7,6935.3,0
