t,az_cmd,el_cmd,az_act,el_act,rssi,freq_hz,doppler_hz,range_km,range_rate,packets
2026-04-09T12:35:20.809011+00:00,38.66,57.66,38.66,57.66,-103.7,433004734.49806243,4734.5,890.7,-3278.0,0
2026-04-09T12:35:21.132820+00:00,38.80,57.80,38.8,57.8,-100.7,433004734.49806243,4711.4,889.5,-3262.0,0
2026-04-09T12:35:21.456820+00:00,38.92,57.92,38.92,57.92,-101.7,433004734.49806243,4690.8,888.4,-3247.7,0
2026-04-09T12:35:21.806321+00:00,39.05,58.05,39.05,58.05,-101.7,433004734.49806243,4670.1,887.4,-3233.4,0
2026-04-09T12:35:22.149699+00:00,39.20,58.19,39.2,58.19,-103.7,433004655.59505063,4646.8,886.2,-3217.3,0
2026-04-09T12:35:22.478057+00:00,39.33,58.31,39.33,58.31,-98.7,433004655.59505063,4625.8,885.2,-3202.7,0
2026-04-09T12:35:22.822257+00:00,39.46,58.44,39.46,58.44,-103.7,433004655.59505063,4604.6,884.1,-3188.0,0
2026-04-09T12:35:23.150045+00:00,39.60,58.57,39.6,58.57,-99.7,433004655.59505063,4582.3,883.0,-3172.6,0
2026-04-09T12:35:23.494273+00:00,39.75,58.70,39.75,58.7,-101.7,433004568.8095659,4559.9,881.9,-3157.1,0
2026-04-09T12:35:23.842222+00:00,39.88,58.83,39.88,58.83,-109.7,433004568.8095659,4538.5,880.9,-3142.3,0
2026-04-09T12:35:24.171306+00:00,40.03,58.96,40.03,58.96,-109.7,433004568.8095659,4515.7,879.8,-3126.5,0
2026-04-09T12:35:24.493949+00:00,40.17,59.09,40.17,59.09,-100.7,433004568.8095659,4494.4,878.8,-3111.8,0
2026-04-09T12:35:24.862222+00:00,40.32,59.22,40.32,59.22,-103.7,433004480.73701733,4471.4,877.7,-3095.8,0
2026-04-09T12:35:25.185809+00:00,40.47,59.36,40.47,59.36,-97.7,433004480.73701733,4448.4,876.7,-3079.9,0
2026-04-09T12:35:25.510002+00:00,40.61,59.48,40.61,59.48,-101.7,433004480.73701733,4426.9,875.7,-3065.0,0
2026-04-09T12:35:25.841611+00:00,40.76,59.61,40.76,59.61,-97.7,433004480.73701733,4405.3,874.7,-3050.0,0
2026-04-09T12:35:26.207312+00:00,40.92,59.75,40.92,59.75,-98.7,433004391.12810224,4380.6,873.5,-3032.9,0
2026-04-09T12:35:26.529922+00:00,41.07,59.88,41.07,59.88,-99.7,433004391.12810224,4358.9,872.6,-3017.9,0
2026-04-09T12:35:26.853956+00:00,41.22,60.00,41.22,60.0,-102.7,433004391.12810224,4336.7,871.6,-3002.6,0
2026-04-09T12:35:27.202269+00:00,41.38,60.14,41.38,60.14,-105.7,433004391.12810224,4313.4,870.5,-2986.4,0
2026-04-09T12:35:27.546201+00:00,41.54,60.27,41.54,60.27,-95.7,433004299.36185646,4289.8,869.5,-2970.1,0
2026-04-09T12:35:27.873925+00:00,41.70,60.40,41.7,60.4,-101.7,433004299.36185646,4267.8,868.6,-2954.8,0
2026-04-09T12:35:28.223236+00:00,41.86,60.53,41.86,60.53,-100.7,433004299.36185646,4243.9,867.5,-2938.3,0
2026-04-09T12:35:28.545475+00:00,42.02,60.66,42.02,60.66,-97.7,433004299.36185646,4221.8,866.6,-2923.0,0
2026-04-09T12:35:28.884888+00:00,42.19,60.79,42.19,60.79,-100.7,433004207.50534,4198.0,865.6,-2906.5,0
2026-04-09T12:35:29.228907+00:00,42.36,60.93,42.36,60.93,-101.7,433004207.50534,4174.2,864.6,-2890.1,0
2026-04-09T12:35:29.552903+00:00,42.52,61.05,42.52,61.05,-97.7,433004207.50534,4151.8,863.6,-2874.5,0
2026-04-09T12:35:29.876826+00:00,42.68,61.18,42.68,61.18,-99.7,433004207.50534,4129.3,862.7,-2858.9,0
2026-04-09T12:35:30.240867+00:00,42.86,61.31,42.86,61.31,-106.7,433004115.19852746,4105.2,861.7,-2842.3,0
2026-04-09T12:35:30.564843+00:00,43.03,61.45,43.03,61.45,-104.7,433004115.19852746,4081.2,860.8,-2825.6,0
2026-04-09T12:35:30.888859+00:00,43.20,61.57,43.2,61.57,-102.7,433004115.19852746,4058.7,859.9,-2810.1,0
2026-04-09T12:35:31.212867+00:00,43.37,61.70,43.37,61.7,-101.7,433004115.19852746,4035.9,858.9,-2794.3,0
2026-04-09T12:35:31.576843+00:00,43.56,61.84,43.56,61.84,-98.7,433004021.3207916,4010.1,857.9,-2776.4,0
2026-04-09T12:35:31.897587+00:00,43.73,61.97,43.73,61.97,-97.7,433004021.3207916,3987.2,857.0,-2760.6,0
2026-04-09T12:35:32.220906+00:00,43.91,62.10,43.91,62.1,-98.7,433004021.3207916,3964.1,856.1,-2744.6,0
2026-04-09T12:35:32.564840+00:00,44.10,62.23,44.1,62.23,-100.7,433004021.3207916,3939.5,855.2,-2727.5,0
2026-04-09T12:35:32.908925+00:00,44.29,62.37,44.29,62.37,-99.7,433003925.0600482,3914.8,854.3,-2710.5,0
2026-04-09T12:35:33.232835+00:00,44.47,62.49,44.47,62.49,-100.7,433003925.0600482,3891.6,853.4,-2694.4,0
2026-04-09T12:35:33.581918+00:00,44.66,62.63,44.66,62.63,-95.7,433003925.0600482,3866.7,852.5,-2677.2,0
2026-04-09T12:35:33.905751+00:00,44.85,62.75,44.85,62.75,-99.7,433003925.0600482,3843.1,851.6,-2660.8,0
2026-04-09T12:35:34.253943+00:00,45.05,62.89,45.05,62.89,-101.7,433003828.33243567,3818.0,850.7,-2643.5,0
2026-04-09T12:35:34.598651+00:00,45.25,63.03,45.25,63.03,-100.7,433003828.33243567,3792.7,849.8,-2625.9,0
2026-04-09T12:35:34.946003+00:00,45.46,63.16,45.46,63.16,-101.7,433003777.86930466,3767.6,848.9,-2608.5,0
2026-04-09T12:35:35.270319+00:00,45.65,63.29,45.65,63.29,-100.7,433003777.86930466,3743.6,848.0,-2591.9,0
2026-04-09T12:35:35.617923+00:00,45.86,63.42,45.86,63.42,-101.7,433003777.86930466,3718.3,847.1,-2574.4,0
2026-04-09T12:35:35.973969+00:00,46.06,63.55,46.06,63.55,-102.7,433003777.86930466,3694.1,846.3,-2557.6,0
2026-04-09T12:35:36.310129+00:00,46.29,63.69,46.29,63.69,-101.7,433003676.741344,3667.2,845.4,-2539.0,0
2026-04-09T12:35:36.657900+00:00,46.50,63.83,46.5,63.83,-103.7,433003676.741344,3641.3,844.5,-2521.1,0
2026-04-09T12:35:37.003694+00:00,46.72,63.96,46.72,63.96,-99.7,433003625.9767227,3615.4,843.6,-2503.2,0
2026-04-09T12:35:37.329916+00:00,46.93,64.09,46.93,64.09,-95.7,433003625.9767227,3591.3,842.8,-2486.5,0
2026-04-09T12:35:37.699253+00:00,47.17,64.23,47.17,64.23,-101.7,433003575.7903987,3563.7,841.9,-2467.4,0
2026-04-09T12:35:38.022798+00:00,47.38,64.36,47.38,64.36,-99.7,433003575.7903987,3539.5,841.1,-2450.6,0
2026-04-09T12:35:38.369591+00:00,47.61,64.49,47.61,64.49,-100.7,433003523.7246087,3513.1,840.2,-2432.4,0
2026-04-09T12:35:38.719048+00:00,47.84,64.63,47.84,64.63,-103.7,433003523.7246087,3487.1,839.4,-2414.4,0
2026-04-09T12:35:39.061748+00:00,48.08,64.76,48.08,64.76,-95.7,433003471.0974474,3460.7,838.6,-2396.1,0
2026-04-09T12:35:39.386425+00:00,48.30,64.89,48.3,64.89,-102.7,433003471.0974474,3435.9,837.8,-2378.9,0
2026-04-09T12:35:39.754183+00:00,48.56,65.03,48.56,65.03,-107.7,433003420.3377628,3408.0,836.9,-2359.6,0
2026-04-09T12:35:40.081940+00:00,48.79,65.16,48.79,65.16,-107.7,433003420.3377628,3383.1,836.1,-2342.3,0
2026-04-09T12:35:40.426130+00:00,49.03,65.29,49.03,65.29,-101.7,433003367.14605635,3356.6,835.3,-2324.0,0
2026-04-09T12:35:40.773917+00:00,49.28,65.43,49.28,65.43,-103.7,433003367.14605635,3329.8,834.5,-2305.4,0
2026-04-09T12:35:41.121056+00:00,49.53,65.56,49.53,65.56,-101.7,433003313.9046305,3303.3,833.7,-2287.1,0
2026-04-09T12:35:41.447265+00:00,49.78,65.68,49.78,65.68,-101.7,433003313.9046305,3278.0,833.0,-2269.6,0
2026-04-09T12:35:41.810061+00:00,50.05,65.83,50.05,65.83,-104.7,433003261.8007575,3249.7,832.2,-2249.9,0
2026-04-09T12:35:42.138235+00:00,50.29,65.95,50.29,65.95,-102.7,433003261.8007575,3224.2,831.4,-2232.3,0
2026-04-09T12:35:42.482409+00:00,50.56,66.08,50.56,66.08,-101.7,433003207.8315234,3197.0,830.7,-2213.5,0
2026-04-09T12:35:42.830299+00:00,50.83,66.22,50.83,66.22,-104.7,433003207.8315234,3170.1,829.9,-2194.9,0
2026-04-09T12:35:43.172812+00:00,51.10,66.35,51.1,66.35,-99.7,433003153.8816835,3142.8,829.1,-2176.0,0
2026-04-09T12:35:43.496828+00:00,51.36,66.47,51.36,66.47,-99.7,433003153.8816835,3117.3,828.4,-2158.3,0
2026-04-09T12:35:43.860829+00:00,51.65,66.61,51.65,66.61,-101.7,433003101.45234203,3088.9,827.7,-2138.7,0
2026-04-09T12:35:44.184847+00:00,51.91,66.73,51.91,66.73,-103.7,433003101.45234203,3063.0,827.0,-2120.7,0
2026-04-09T12:35:44.528828+00:00,52.19,66.86,52.19,66.86,-101.7,433003047.03386986,3035.7,826.2,-2101.8,0
2026-04-09T12:35:44.873058+00:00,52.48,66.99,52.48,66.99,-103.7,433003047.03386986,3008.7,825.5,-2083.1,0
2026-04-09T12:35:45.216811+00:00,52.77,67.12,52.77,67.12,-103.7,433002992.29803926,2981.3,824.8,-2064.1,0
2026-04-09T12:35:45.537473+00:00,53.04,67.24,53.04,67.24,-102.7,433002992.29803926,2955.5,824.2,-2046.3,0
2026-04-09T12:35:45.900831+00:00,53.36,67.38,53.36,67.38,-104.7,433002939.20206934,2926.2,823.4,-2026.0,0
2026-04-09T12:35:46.224837+00:00,53.64,67.50,53.64,67.5,-101.7,433002939.20206934,2900.2,822.8,-2008.0,0
2026-04-09T12:35:46.572850+00:00,53.95,67.63,53.95,67.63,-101.7,433002883.9843833,2872.5,822.1,-1988.8,0
2026-04-09T12:35:46.916833+00:00,54.25,67.76,54.25,67.76,-100.7,433002883.9843833,2844.7,821.4,-1969.6,0
2026-04-09T12:35:47.260864+00:00,54.57,67.89,54.57,67.89,-100.7,433002828.1136445,2816.9,820.7,-1950.3,0
2026-04-09T12:35:47.585950+00:00,54.86,68.00,54.86,68.0,-101.7,433002828.1136445,2790.7,820.1,-1932.2,0
2026-04-09T12:35:47.946515+00:00,55.20,68.14,55.2,68.14,-99.7,433002773.8244076,2761.0,819.4,-1911.6,0
2026-04-09T12:35:48.273739+00:00,55.51,68.26,55.51,68.26,-99.7,433002773.8244076,2734.7,818.8,-1893.4,0
2026-04-09T12:35:48.618813+00:00,55.84,68.39,55.84,68.39,-101.7,433002717.7408625,2706.2,818.1,-1873.6,0
2026-04-09T12:35:48.966212+00:00,56.17,68.51,56.17,68.51,-101.7,433002717.7408625,2678.0,817.5,-1854.1,0
2026-04-09T12:35:49.314221+00:00,56.51,68.64,56.51,68.64,-102.7,433002661.007262,2649.4,816.8,-1834.3,0
2026-04-09T12:35:49.637875+00:00,56.84,68.76,56.84,68.76,-102.7,433002661.007262,2622.5,816.2,-1815.7,0
2026-04-09T12:35:50.005942+00:00,57.20,68.89,57.2,68.89,-107.7,433002605.72839636,2592.4,815.6,-1794.9,0
2026-04-09T12:35:50.330102+00:00,57.53,69.00,57.53,69.0,-100.7,433002605.72839636,2565.4,815.0,-1776.2,0
2026-04-09T12:35:50.678231+00:00,57.89,69.13,57.89,69.13,-107.7,433002548.4912542,2536.8,814.4,-1756.4,0
2026-04-09T12:35:51.021963+00:00,58.25,69.25,58.25,69.25,-101.7,433002548.4912542,2507.9,813.8,-1736.4,0
2026-04-09T12:35:51.372758+00:00,58.61,69.37,58.61,69.37,-106.7,433002491.0268482,2479.3,813.2,-1716.5,0
2026-04-09T12:35:51.694641+00:00,58.96,69.49,58.96,69.49,-103.7,433002491.0268482,2452.0,812.6,-1697.7,0
2026-04-09T12:35:52.062409+00:00,59.36,69.62,59.36,69.62,-100.7,433002434.90398604,2421.5,812.0,-1676.5,0
2026-04-09T12:35:52.386546+00:00,59.72,69.73,59.72,69.73,-98.7,433002434.90398604,2394.1,811.5,-1657.6,0
2026-04-09T12:35:52.733994+00:00,60.10,69.85,60.1,69.85,-105.7,433002376.94238544,2365.1,810.9,-1637.5,0
2026-04-09T12:35:53.082817+00:00,60.49,69.97,60.49,69.97,-106.7,433002376.94238544,2335.8,810.3,-1617.2,0
2026-04-09T12:35:53.426248+00:00,60.88,70.09,60.88,70.09,-106.7,433002318.3575287,2306.8,809.8,-1597.2,0
2026-04-09T12:35:53.750179+00:00,61.26,70.20,61.26,70.2,-99.7,433002318.3575287,2279.2,809.3,-1578.0,0
2026-04-09T12:35:54.119343+00:00,61.68,70.32,61.68,70.32,-98.7,433002261.80076724,2248.3,808.7,-1556.7,0
2026-04-09T12:35:54.446708+00:00,62.07,70.43,62.07,70.43,-102.7,433002261.80076724,2220.6,808.2,-1537.4,0
2026-04-09T12:35:54.790430+00:00,62.48,70.55,62.48,70.55,-105.7,433002202.8964365,2191.3,807.7,-1517.1,0
2026-04-09T12:35:55.137736+00:00,62.90,70.66,62.9,70.66,-101.7,433002202.8964365,2161.6,807.1,-1496.6,0
2026-04-09T12:35:55.483762+00:00,63.33,70.77,63.33,70.77,-96.7,433002144.0465856,2131.9,806.6,-1476.1,0
2026-04-09T12:35:55.810328+00:00,63.73,70.88,63.73,70.88,-104.7,433002144.0465856,2104.3,806.1,-1457.0,0
2026-04-09T12:35:56.178198+00:00,64.19,71.00,64.19,71.0,-101.7,433002086.54409665,2072.7,805.6,-1435.1,0
2026-04-09T12:35:56.504878+00:00,64.61,71.10,64.61,71.1,-101.7,433002086.54409665,2044.7,805.1,-1415.7,0
2026-04-09T12:35:56.851427+00:00,65.06,71.21,65.06,71.21,-102.7,433002026.93981475,2015.0,804.7,-1395.1,0
2026-04-09T12:35:57.193715+00:00,65.50,71.32,65.5,71.32,-103.7,433002026.93981475,1985.4,804.2,-1374.6,0
2026-04-09T12:35:57.541909+00:00,65.96,71.43,65.96,71.43,-97.7,433001967.63014704,1955.4,803.7,-1353.8,0
2026-04-09T12:35:57.869952+00:00,66.40,71.53,66.4,71.53,-101.7,433001967.63014704,1927.2,803.3,-1334.3,0
2026-04-09T12:35:58.232845+00:00,66.89,71.65,66.89,71.65,-101.7,433001909.19074607,1895.6,802.8,-1312.4,0
2026-04-09T12:35:58.556842+00:00,67.34,71.74,67.34,71.74,-105.7,433001909.19074607,1867.6,802.4,-1293.0,0
2026-04-09T12:35:58.900963+00:00,67.82,71.85,67.82,71.85,-101.7,433001849.63565475,1837.6,801.9,-1272.3,0
2026-04-09T12:35:59.244849+00:00,68.30,71.95,68.3,71.95,-102.7,433001849.63565475,1807.7,801.5,-1251.6,0
2026-04-09T12:35:59.588893+00:00,68.79,72.05,68.79,72.05,-99.7,433001789.77625203,1777.7,801.1,-1230.8,0
2026-04-09T12:35:59.908923+00:00,69.25,72.15,69.25,72.15,-100.7,433001789.77625203,1749.5,800.7,-1211.3,0
2026-04-09T12:36:00.277943+00:00,69.78,72.25,69.78,72.25,-100.7,433001731.8153568,1717.6,800.2,-1189.2,0
2026-04-09T12:36:00.596812+00:00,70.26,72.34,70.26,72.34,-101.7,433001731.8153568,1689.3,799.8,-1169.6,0
2026-04-09T12:36:00.940863+00:00,70.77,72.44,70.77,72.44,-105.7,433001671.59063953,1659.1,799.4,-1148.7,0
2026-04-09T12:36:01.284805+00:00,71.29,72.54,71.29,72.54,-99.7,433001671.59063953,1628.9,799.1,-1127.8,0
2026-04-09T12:36:01.632035+00:00,71.81,72.63,71.81,72.63,-97.7,433001611.1726864,1598.6,798.7,-1106.8,0
2026-04-09T12:36:01.952885+00:00,72.31,72.72,72.31,72.72,-105.7,433001611.1726864,1570.2,798.3,-1087.1,0
2026-04-09T12:36:02.318083+00:00,72.87,72.81,72.87,72.81,-99.7,433001552.3358824,1538.4,797.9,-1065.1,0
2026-04-09T12:36:02.642685+00:00,73.38,72.90,73.38,72.9,-99.7,433001552.3358824,1509.8,797.6,-1045.4,0
2026-04-09T12:36:02.983072+00:00,73.93,72.99,73.93,72.99,-101.7,433001491.4196769,1479.3,797.2,-1024.2,0
2026-04-09T12:36:03.330181+00:00,74.48,73.07,74.48,73.07,-98.7,433001491.4196769,1448.9,796.9,-1003.1,0
2026-04-09T12:36:03.678268+00:00,75.04,73.16,75.04,73.16,-97.7,433001430.53106385,1418.0,796.5,-981.8,0
2026-04-09T12:36:04.006910+00:00,75.57,73.24,75.57,73.24,-103.7,433001430.53106385,1389.4,796.2,-961.9,0
2026-04-09T12:36:04.370302+00:00,76.19,73.33,76.19,73.33,-100.7,433001370.4508328,1356.5,795.9,-939.2,0
2026-04-09T12:36:04.697698+00:00,76.74,73.41,76.74,73.41,-99.7,433001370.4508328,1327.4,795.6,-919.1,0
2026-04-09T12:36:05.041899+00:00,77.32,73.49,77.32,73.49,-97.7,433001308.9706993,1296.7,795.2,-897.8,0
2026-04-09T12:36:05.389708+00:00,77.92,73.57,77.92,73.57,-99.7,433001308.9706993,1265.7,794.9,-876.3,0
2026-04-09T12:36:05.734154+00:00,78.52,73.64,78.52,73.64,-99.7,433001247.23377013,1234.6,794.6,-854.8,0
2026-04-09T12:36:06.061940+00:00,79.08,73.72,79.08,73.72,-98.7,433001247.23377013,1205.7,794.4,-834.8,0
2026-04-09T12:36:06.430074+00:00,79.73,73.79,79.73,73.79,-103.7,433001187.126828,1172.7,794.1,-811.9,0
2026-04-09T12:36:06.756992+00:00,80.31,73.86,80.31,73.86,-100.7,433001187.126828,1143.4,793.8,-791.6,0
2026-04-09T12:36:07.102118+00:00,80.93,73.93,80.93,73.93,-103.7,433001124.83046687,1112.4,793.5,-770.2,0
2026-04-09T12:36:07.445886+00:00,81.56,74.00,81.56,74.0,-101.7,433001124.83046687,1081.2,793.3,-748.6,0
2026-04-09T12:36:07.794181+00:00,82.19,74.07,82.19,74.07,-101.7,433001062.98413724,1050.3,793.0,-727.2,0
2026-04-09T12:36:08.117902+00:00,82.80,74.13,82.8,74.13,-104.7,433001062.98413724,1020.8,792.8,-706.8,0
2026-04-09T12:36:08.485679+00:00,83.47,74.20,83.47,74.2,-97.7,433001002.5279248,988.0,792.5,-684.0,0
2026-04-09T12:36:08.815000+00:00,84.09,74.26,84.09,74.26,-103.7,433001002.5279248,958.5,792.3,-663.6,0
2026-04-09T12:36:09.158221+00:00,84.74,74.31,84.74,74.31,-101.7,433000939.69619787,927.5,792.1,-642.1,0
2026-04-09T12:36:09.507740+00:00,85.40,74.37,85.4,74.37,-97.7,433000939.69619787,896.0,791.9,-620.3,0
2026-04-09T12:36:09.850509+00:00,86.07,74.43,86.07,74.43,-100.7,433000877.15538275,864.5,791.6,-598.6,0
2026-04-09T12:36:10.177713+00:00,86.69,74.48,86.69,74.48,-103.7,433000877.15538275,835.3,791.5,-578.3,0
2026-04-09T12:36:10.547307+00:00,87.41,74.53,87.41,74.53,-101.7,433000816.5647338,801.9,791.2,-555.2,0
2026-04-09T12:36:10.870056+00:00,88.04,74.58,88.04,74.58,-101.7,433000816.5647338,772.7,791.1,-535.0,0
2026-04-09T12:36:11.219064+00:00,88.73,74.63,88.73,74.63,-106.7,433000753.8612725,741.0,790.9,-513.1,0
2026-04-09T12:36:11.562388+00:00,89.42,74.67,89.42,74.67,-94.7,433000753.8612725,709.9,790.7,-491.5,0
2026-04-09T12:36:11.912963+00:00,90.11,74.72,90.11,74.72,-99.7,433000691.06820166,678.3,790.5,-469.6,0
2026-04-09T12:36:12.234231+00:00,90.77,74.76,90.77,74.76,-97.7,433000691.06820166,648.6,790.4,-449.1,0
2026-04-09T12:36:12.605810+00:00,91.51,74.80,91.51,74.8,-96.7,433000630.0614609,615.4,790.2,-426.1,0
2026-04-09T12:36:12.929474+00:00,92.18,74.83,92.18,74.83,-94.7,433000630.0614609,585.3,790.1,-405.3,0
2026-04-09T12:36:13.277691+00:00,92.88,74.87,92.88,74.87,-97.7,433000566.8628767,553.9,790.0,-383.5,0
2026-04-09T12:36:13.622301+00:00,93.59,74.90,93.59,74.9,-96.7,433000566.8628767,522.7,789.8,-361.9,0
2026-04-09T12:36:13.970257+00:00,94.30,74.93,94.3,74.93,-101.7,433000503.79692173,491.0,789.7,-339.9,0
2026-04-09T12:36:14.294497+00:00,94.98,74.96,94.98,74.96,-99.7,433000503.79692173,461.2,789.6,-319.3,0
2026-04-09T12:36:14.661963+00:00,95.74,74.99,95.74,74.99,-101.7,433000442.57014596,427.9,789.5,-296.3,0
2026-04-09T12:36:14.980856+00:00,96.41,75.01,96.41,75.01,-101.7,433000442.57014596,398.5,789.4,-275.9,0
2026-04-09T12:36:15.324815+00:00,97.13,75.03,97.13,75.03,-103.7,433000379.998741,367.0,789.3,-254.1,0
2026-04-09T12:36:15.668821+00:00,97.85,75.05,97.85,75.05,-101.7,433000379.998741,335.6,789.2,-232.4,0
2026-04-09T12:36:16.012814+00:00,98.58,75.07,98.58,75.07,-101.7,433000317.24425995,304.2,789.2,-210.6,0
2026-04-09T12:36:16.336818+00:00,99.26,75.08,99.26,75.08,-100.7,433000317.24425995,274.7,789.1,-190.2,0
2026-04-09T12:36:16.700853+00:00,100.02,75.10,100.02,75.1,-99.7,433000256.26381135,241.8,789.0,-167.4,0
2026-04-09T12:36:17.027918+00:00,100.70,75.10,100.7,75.1,-101.7,433000256.26381135,212.3,789.0,-147.0,0
2026-04-09T12:36:17.368843+00:00,101.43,75.11,101.43,75.11,-96.7,433000193.14328855,180.9,788.9,-125.2,0
2026-04-09T12:36:17.712904+00:00,102.16,75.12,102.16,75.12,-99.7,433000193.14328855,149.4,788.9,-103.4,0
2026-04-09T12:36:18.057959+00:00,102.89,75.12,102.89,75.12,-101.7,433000130.5618229,117.9,788.9,-81.6,0
2026-04-09T12:36:18.376827+00:00,103.57,75.12,103.57,75.12,-100.7,433000130.5618229,88.4,788.8,-61.2,0
2026-04-09T12:36:18.740820+00:00,104.35,75.12,104.35,75.12,-101.7,433000069.8886994,55.0,788.8,-38.1,0
2026-04-09T12:36:19.064825+00:00,105.03,75.12,105.03,75.12,-95.7,433000069.8886994,25.4,788.8,-17.6,0
2026-04-09T12:36:19.410224+00:00,105.76,75.11,105.76,75.11,-101.7,433000007.0065133,-6.0,788.8,4.2,0
2026-04-09T12:36:19.759464+00:00,106.49,75.11,106.49,75.11,-96.7,433000007.0065133,-37.5,788.8,26.0,0
2026-04-09T12:36:20.105946+00:00,107.23,75.10,107.23,75.1,-96.7,432999943.4983134,-69.3,788.8,48.0,0
2026-04-09T12:36:20.433903+00:00,107.92,75.08,107.92,75.08,-99.7,432999943.4983134,-99.2,788.8,68.7,0
2026-04-09T12:36:20.797998+00:00,108.69,75.07,108.69,75.07,-95.7,432999881.86331356,-132.5,788.9,91.8,0
2026-04-09T12:36:21.126210+00:00,109.37,75.05,109.37,75.05,-98.7,432999881.86331356,-162.4,788.9,112.4,0
2026-04-09T12:36:21.469692+00:00,110.10,75.03,110.1,75.03,-98.7,432999818.59853595,-193.9,788.9,134.3,0
2026-04-09T12:36:21.818031+00:00,110.82,75.01,110.82,75.01,-95.7,432999818.59853595,-225.7,789.0,156.3,0
2026-04-09T12:36:22.169934+00:00,111.55,74.99,111.55,74.99,-95.7,432999755.4026956,-257.5,789.1,178.3,0
2026-04-09T12:36:22.490400+00:00,112.23,74.96,112.23,74.96,-98.7,432999755.4026956,-287.3,789.1,198.9,0
2026-04-09T12:36:22.858077+00:00,112.99,74.93,112.99,74.93,-97.7,432999694.005516,-320.7,789.2,222.0,0
2026-04-09T12:36:23.182255+00:00,113.66,74.90,113.66,74.9,-94.7,432999694.005516,-350.5,789.3,242.7,0
2026-04-09T12:36:23.525900+00:00,114.37,74.87,114.37,74.87,-95.7,432999630.8643208,-382.0,789.4,264.5,0
2026-04-09T12:36:23.874227+00:00,115.07,74.83,115.07,74.83,-99.7,432999630.8643208,-413.4,789.4,286.2,0
2026-04-09T12:36:24.222422+00:00,115.78,74.80,115.78,74.8,-99.7,432999567.75589716,-445.1,789.6,308.2,0
2026-04-09T12:36:24.546239+00:00,116.44,74.76,116.44,74.76,-95.7,432999567.75589716,-474.9,789.7,328.8,0
2026-04-09T12:36:24.913696+00:00,117.18,74.72,117.18,74.72,-101.7,432999506.51149035,-508.2,789.8,351.8,0
2026-04-09T12:36:25.240085+00:00,117.83,74.67,117.83,74.67,-97.7,432999506.51149035,-537.9,789.9,372.4,0
2026-04-09T12:36:25.585966+00:00,118.52,74.63,118.52,74.63,-98.7,432999443.3346364,-569.3,790.0,394.2,0
2026-04-09T12:36:25.933905+00:00,119.20,74.58,119.2,74.58,-95.7,432999443.3346364,-601.0,790.2,416.1,0
2026-04-09T12:36:26.278036+00:00,119.89,74.53,119.89,74.53,-95.7,432999380.2255737,-632.6,790.3,438.0,0
2026-04-09T12:36:26.605935+00:00,120.52,74.48,120.52,74.48,-95.7,432999380.2255737,-662.0,790.5,458.3,0
2026-04-09T12:36:26.975236+00:00,121.23,74.42,121.23,74.42,-99.7,432999319.1605624,-695.5,790.6,481.5,0
2026-04-09T12:36:27.301548+00:00,121.85,74.37,121.85,74.37,-99.7,432999319.1605624,-724.8,790.8,501.8,0
2026-04-09T12:36:27.645911+00:00,122.52,74.31,122.52,74.31,-99.7,432999256.00839186,-756.5,791.0,523.7,0
2026-04-09T12:36:27.988836+00:00,123.17,74.25,123.17,74.25,-103.7,432999256.00839186,-787.7,791.2,545.3,0
2026-04-09T12:36:28.333464+00:00,123.83,74.19,123.83,74.19,-103.7,432999193.7520531,-819.2,791.4,567.1,0
2026-04-09T12:36:28.657020+00:00,124.43,74.13,124.43,74.13,-97.7,432999193.7520531,-848.5,791.5,587.5,0
2026-04-09T12:36:29.019859+00:00,125.10,74.06,125.1,74.06,-99.7,432999133.2707164,-881.4,791.8,610.3,0
2026-04-09T12:36:29.344962+00:00,125.70,74.00,125.7,74.0,-98.7,432999133.2707164,-910.7,792.0,630.5,0
2026-04-09T12:36:29.688813+00:00,126.31,73.93,126.31,73.93,-97.7,432999071.1126705,-941.4,792.2,651.8,0
2026-04-09T12:36:30.032962+00:00,126.93,73.86,126.93,73.86,-99.7,432999071.1126705,-972.4,792.4,673.3,0
2026-04-09T12:36:30.376818+00:00,127.55,73.79,127.55,73.79,-95.7,432999009.0437494,-1003.4,792.6,694.7,0
2026-04-09T12:36:30.700820+00:00,128.12,73.72,128.12,73.72,-98.7,432999009.0437494,-1032.5,792.9,714.9,0
2026-04-09T12:36:31.064908+00:00,128.76,73.64,128.76,73.64,-96.7,432998948.8983717,-1065.4,793.1,737.6,0
2026-04-09T12:36:31.384904+00:00,129.32,73.57,129.32,73.57,-95.7,432998948.8983717,-1094.4,793.4,757.7,0
2026-04-09T12:36:31.728975+00:00,129.91,73.49,129.91,73.49,-98.7,432998887.40298736,-1125.4,793.6,779.2,0
2026-04-09T12:36:32.072880+00:00,130.50,73.41,130.5,73.41,-95.7,432998887.40298736,-1156.3,793.9,800.5,0
2026-04-09T12:36:32.420695+00:00,131.08,73.33,131.08,73.33,-102.7,432998825.68421817,-1187.1,794.2,821.9,0
2026-04-09T12:36:32.740845+00:00,131.62,73.25,131.62,73.25,-101.7,432998825.68421817,-1216.0,794.5,841.9,0
2026-04-09T12:36:33.105930+00:00,132.22,73.16,132.22,73.16,-99.7,432998765.88273335,-1248.6,794.8,864.5,0
2026-04-09T12:36:33.433967+00:00,132.75,73.08,132.75,73.08,-94.7,432998765.88273335,-1277.5,795.1,884.5,0
2026-04-09T12:36:33.778237+00:00,133.31,72.99,133.31,72.99,-102.7,432998703.9537143,-1308.7,795.4,906.1,0
2026-04-09T12:36:34.125994+00:00,133.86,72.90,133.86,72.9,-97.7,432998703.9537143,-1339.3,795.7,927.3,0
2026-04-09T12:36:34.469760+00:00,134.41,72.81,134.41,72.81,-97.7,432998642.2779647,-1370.3,796.0,948.7,0
2026-04-09T12:36:34.798217+00:00,134.91,72.72,134.91,72.72,-95.7,432998642.2779647,-1399.0,796.3,968.6,0
2026-04-09T12:36:35.166979+00:00,135.49,72.62,135.49,72.62,-95.7,432998582.5080395,-1431.8,796.7,991.3,0
2026-04-09T12:36:35.490020+00:00,135.98,72.53,135.98,72.53,-95.7,432998582.5080395,-1460.4,797.0,1011.1,0
2026-04-09T12:36:35.838254+00:00,136.51,72.43,136.51,72.43,-96.7,432998521.15696496,-1491.4,797.4,1032.6,0
2026-04-09T12:36:36.186338+00:00,137.03,72.33,137.03,72.33,-97.7,432998521.15696496,-1522.2,797.7,1053.9,0
2026-04-09T12:36:36.530204+00:00,137.54,72.24,137.54,72.24,-94.7,432998459.5595853,-1552.9,798.1,1075.2,0
2026-04-09T12:36:36.859503+00:00,138.01,72.14,138.01,72.14,-92.7,432998459.5595853,-1581.4,798.4,1094.9,0
2026-04-09T12:36:37.226273+00:00,138.54,72.03,138.54,72.03,-99.7,432998400.1839776,-1613.9,798.8,1117.4,0
2026-04-09T12:36:37.554400+00:00,139.01,71.94,139.01,71.94,-95.7,432998400.1839776,-1642.7,799.2,1137.3,0
2026-04-09T12:36:37.899334+00:00,139.50,71.83,139.5,71.83,-97.7,432998339.05972606,-1673.0,799.6,1158.3,0
2026-04-09T12:36:38.241925+00:00,139.97,71.73,139.97,71.73,-99.7,432998339.05972606,-1703.1,800.0,1179.2,0
2026-04-09T12:36:38.589928+00:00,140.45,71.62,140.45,71.62,-93.7,432998278.7736529,-1733.6,800.4,1200.3,0
2026-04-09T12:36:38.914045+00:00,140.89,71.52,140.89,71.52,-100.7,432998278.7736529,-1761.8,800.8,1219.8,0
2026-04-09T12:36:39.282317+00:00,141.39,71.41,141.39,71.41,-92.7,432998220.00578624,-1794.1,801.3,1242.1,0
2026-04-09T12:36:39.611551+00:00,141.82,71.30,141.82,71.3,-97.7,432998220.00578624,-1822.6,801.7,1261.9,0
2026-04-09T12:36:39.953734+00:00,142.27,71.19,142.27,71.19,-97.7,432998159.21493715,-1852.7,802.1,1282.8,0
2026-04-09T12:36:40.302282+00:00,142.72,71.08,142.72,71.08,-94.7,432998159.21493715,-1882.8,802.6,1303.6,0
2026-04-09T12:36:40.646452+00:00,143.16,70.97,143.16,70.97,-96.7,432998099.2120181,-1912.6,803.0,1324.2,0
2026-04-09T12:36:40.974245+00:00,143.58,70.86,143.58,70.86,-92.7,432998099.2120181,-1941.0,803.5,1343.9,0
2026-04-09T12:36:41.338386+00:00,144.03,70.74,144.03,70.74,-96.7,432998041.03232193,-1972.5,804.0,1365.7,0
2026-04-09T12:36:41.666092+00:00,144.43,70.63,144.43,70.63,-98.7,432998041.03232193,-2000.7,804.4,1385.2,0
2026-04-09T12:36:42.010107+00:00,144.86,70.52,144.86,70.52,-95.7,432997981.3427059,-2030.8,804.9,1406.1,0
2026-04-09T12:36:42.358579+00:00,145.27,70.40,145.27,70.4,-94.7,432997981.3427059,-2060.4,805.4,1426.5,0
2026-04-09T12:36:42.710029+00:00,145.68,70.28,145.68,70.28,-95.7,432997921.8054218,-2090.3,805.9,1447.2,0
2026-04-09T12:36:43.029744+00:00,146.07,70.17,146.07,70.17,-93.7,432997921.8054218,-2118.2,806.4,1466.6,0
2026-04-09T12:36:43.398670+00:00,146.49,70.05,146.49,70.05,-94.7,432997864.3225033,-2149.5,806.9,1488.2,0
2026-04-09T12:36:43.721923+00:00,146.86,69.94,146.86,69.94,-101.7,432997864.3225033,-2177.0,807.4,1507.3,0
2026-04-09T12:36:44.069935+00:00,147.25,69.81,147.25,69.81,-100.7,432997805.25120693,-2206.8,807.9,1527.9,0
2026-04-09T12:36:44.414054+00:00,147.64,69.69,147.64,69.69,-92.7,432997805.25120693,-2236.2,808.4,1548.2,0
2026-04-09T12:36:44.762256+00:00,148.02,69.57,148.02,69.57,-94.7,432997746.41528445,-2265.6,809.0,1568.6,0
2026-04-09T12:36:45.086241+00:00,148.37,69.46,148.37,69.46,-96.7,432997746.41528445,-2293.3,809.5,1587.8,0
2026-04-09T12:36:45.455035+00:00,148.76,69.33,148.76,69.33,-90.7,432997689.49973196,-2324.1,810.1,1609.1,0
2026-04-09T12:36:45.778035+00:00,149.11,69.21,149.11,69.21,-94.7,432997689.49973196,-2351.7,810.6,1628.2,0
2026-04-09T12:36:46.126280+00:00,149.47,69.09,149.47,69.09,-95.7,432997631.16294354,-2380.7,811.2,1648.3,0
2026-04-09T12:36:46.470447+00:00,149.83,68.96,149.83,68.96,-92.7,432997631.16294354,-2410.0,811.8,1668.6,0
2026-04-09T12:36:46.818531+00:00,150.18,68.84,150.18,68.84,-91.7,432997573.01956725,-2438.8,812.3,1688.5,0
2026-04-09T12:36:47.142146+00:00,150.51,68.72,150.51,68.72,-93.7,432997573.01956725,-2466.1,812.9,1707.5,0
2026-04-09T12:36:47.510615+00:00,150.87,68.58,150.87,68.58,-95.7,432997516.85456693,-2496.6,813.5,1728.5,0
2026-04-09T12:36:47.846055+00:00,151.20,68.46,151.2,68.46,-99.7,432997516.85456693,-2524.2,814.1,1747.7,0
2026-04-09T12:36:48.186180+00:00,151.53,68.34,151.53,68.34,-94.7,432997458.23991376,-2552.8,814.7,1767.5,0
2026-04-09T12:36:48.534269+00:00,151.86,68.21,151.86,68.21,-98.7,432997458.23991376,-2581.7,815.3,1787.5,0
2026-04-09T12:36:48.877910+00:00,152.19,68.08,152.19,68.08,-96.7,432997401.20711493,-2610.5,815.9,1807.4,0
2026-04-09T12:36:49.205719+00:00,152.50,67.96,152.5,67.96,-101.7,432997401.20711493,-2637.2,816.5,1825.9,0
2026-04-09T12:36:49.573887+00:00,152.83,67.82,152.83,67.82,-95.7,432997345.8113557,-2667.5,817.2,1846.9,0
2026-04-09T12:36:49.897533+00:00,153.13,67.70,153.13,67.7,-97.7,432997345.8113557,-2694.3,817.8,1865.5,0
2026-04-09T12:36:50.246093+00:00,153.44,67.57,153.44,67.57,-94.7,432997288.99312633,-2722.6,818.5,1885.0,0
2026-04-09T12:36:50.590503+00:00,153.75,67.44,153.75,67.44,-95.7,432997288.99312633,-2750.7,819.1,1904.5,0
2026-04-09T12:36:50.937808+00:00,154.05,67.31,154.05,67.31,-100.7,432997232.3457415,-2779.1,819.8,1924.2,0
2026-04-09T12:36:51.261892+00:00,154.34,67.18,154.34,67.18,-95.7,432997232.3457415,-2805.7,820.4,1942.6,0
2026-04-09T12:36:51.629968+00:00,154.65,67.04,154.65,67.04,-95.7,432997177.7007107,-2835.4,821.1,1963.1,0
2026-04-09T12:36:51.954088+00:00,154.92,66.92,154.92,66.92,-97.7,432997177.7007107,-2861.8,821.8,1981.4,0
2026-04-09T12:36:52.301889+00:00,155.21,66.79,155.21,66.79,-93.7,432997121.6956237,-2889.7,822.4,2000.7,0
2026-04-09T12:36:52.645538+00:00,155.50,66.66,155.5,66.66,-97.7,432997121.6956237,-2917.4,823.1,2019.9,0
2026-04-09T12:36:52.996988+00:00,155.78,66.52,155.78,66.52,-95.7,432997066.0029582,-2945.4,823.8,2039.3,0
2026-04-09T12:36:53.317726+00:00,156.04,66.40,156.04,66.4,-91.7,432997066.0029582,-2971.6,824.5,2057.4,0
2026-04-09T12:36:53.686121+00:00,156.33,66.25,156.33,66.25,-97.7,432997012.13192886,-3000.8,825.3,2077.6,0
2026-04-09T12:36:54.015548+00:00,156.59,66.13,156.59,66.13,-95.7,432997012.13192886,-3026.9,826.0,2095.7,0
2026-04-09T12:36:54.358223+00:00,156.86,65.99,156.86,65.99,-95.7,432996956.490217,-3054.3,826.7,2114.7,0
2026-04-09T12:36:54.706357+00:00,157.12,65.86,157.12,65.86,-96.7,432996956.490217,-3081.9,827.4,2133.8,0
2026-04-09T12:36:55.050220+00:00,157.38,65.73,157.38,65.73,-95.7,432996901.7039618,-3109.1,828.2,2152.6,0
2026-04-09T12:36:55.378288+00:00,157.63,65.60,157.63,65.6,-97.7,432996901.7039618,-3134.9,828.9,2170.5,0
2026-04-09T12:36:55.741754+00:00,157.90,65.46,157.9,65.46,-95.7,432996848.7005546,-3163.6,829.7,2190.4,0
2026-04-09T12:36:56.070255+00:00,158.14,65.33,158.14,65.33,-95.7,432996848.7005546,-3189.3,830.4,2208.2,0
2026-04-09T12:36:56.413895+00:00,158.39,65.19,158.39,65.19,-98.7,432996794.40937823,-3216.3,831.1,2226.9,0
2026-04-09T12:36:56.764064+00:00,158.63,65.06,158.63,65.06,-96.7,432996794.40937823,-3243.5,831.9,2245.7,0
2026-04-09T12:36:57.109791+00:00,158.88,64.92,158.88,64.92,-95.7,432996740.27300215,-3270.6,832.7,2264.4,0
2026-04-09T12:36:57.437899+00:00,159.11,64.79,159.11,64.79,-91.7,432996740.27300215,-3296.0,833.4,2282.0,0
2026-04-09T12:36:57.805722+00:00,159.36,64.65,159.36,64.65,-96.7,432996687.98752975,-3324.6,834.3,2301.8,0
2026-04-09T12:36:58.129350+00:00,159.59,64.52,159.59,64.52,-92.7,432996687.98752975,-3349.9,835.1,2319.4,0
2026-04-09T12:36:58.477766+00:00,159.82,64.38,159.82,64.38,-93.7,432996634.31872815,-3376.3,835.9,2337.6,0
2026-04-09T12:36:58.826260+00:00,160.05,64.25,160.05,64.25,-100.7,432996634.31872815,-3403.0,836.7,2356.1,0
2026-04-09T12:36:59.169329+00:00,160.27,64.11,160.27,64.11,-99.7,432996581.1763886,-3429.3,837.5,2374.3,0
2026-04-09T12:36:59.493904+00:00,160.49,63.98,160.49,63.98,-91.7,432996581.1763886,-3454.3,838.3,2391.7,0
2026-04-09T12:36:59.862296+00:00,160.72,63.84,160.72,63.84,-95.7,432996530.2573197,-3482.0,839.1,2410.8,0
2026-04-09T12:37:00.191303+00:00,160.93,63.71,160.93,63.71,-93.7,432996530.2573197,-3506.8,839.9,2428.0,0
2026-04-09T12:37:00.534204+00:00,161.14,63.57,161.14,63.57,-95.7,432996477.37027717,-3533.2,840.8,2446.2,0
2026-04-09T12:37:00.882065+00:00,161.36,63.43,161.36,63.43,-91.7,432996477.37027717,-3559.1,841.6,2464.2,0
2026-04-09T12:37:01.225750+00:00,161.57,63.30,161.57,63.3,-94.7,432996425.32176554,-3585.3,842.5,2482.3,0
2026-04-09T12:37:01.553982+00:00,161.77,63.17,161.77,63.17,-94.7,432996425.32176554,-3609.5,843.3,2499.1,0
2026-04-09T12:37:01.922238+00:00,161.99,63.02,161.99,63.02,-97.7,432996374.99157244,-3637.1,844.2,2518.2,0
2026-04-09T12:37:02.245284+00:00,162.18,62.89,162.18,62.89,-97.7,432996374.99157244,-3661.4,845.0,2535.0,0
2026-04-09T12:37:02.589488+00:00,162.38,62.76,162.38,62.76,-93.7,432996323.5284105,-3687.0,845.9,2552.7,0
2026-04-09T12:37:02.932832+00:00,162.58,62.62,162.58,62.62,-94.7,432996323.5284105,-3712.5,846.8,2570.4,0
2026-04-09T12:37:03.276827+00:00,162.78,62.48,162.78,62.48,-92.7,432996272.65941364,-3737.8,847.7,2587.9,0
2026-04-09T12:37:03.600837+00:00,162.96,62.36,162.96,62.36,-94.7,432996272.65941364,-3761.7,848.5,2604.4,0
2026-04-09T12:37:03.944913+00:00,163.15,62.22,163.15,62.22,-94.7,432996272.65941364,-3786.6,849.4,2621.7,0
2026-04-09T12:37:04.268811+00:00,163.34,62.09,163.34,62.09,-94.7,432996272.65941364,-3810.6,850.3,2638.3,0
2026-04-09T12:37:04.612825+00:00,163.52,61.96,163.52,61.96,-93.7,432996174.7226662,-3835.3,851.2,2655.4,0
2026-04-09T12:37:04.956821+00:00,163.71,61.82,163.71,61.82,-95.7,432996174.7226662,-3860.3,852.1,2672.8,0
2026-04-09T12:37:05.280822+00:00,163.88,61.69,163.88,61.69,-93.7,432996174.7226662,-3883.7,853.0,2688.9,0
2026-04-09T12:37:05.600820+00:00,164.05,61.56,164.05,61.56,-94.7,432996174.7226662,-3907.1,853.8,2705.1,0
2026-04-09T12:37:05.964819+00:00,164.24,61.43,164.24,61.43,-103.7,432996078.2870231,-3932.0,854.8,2722.3,0
2026-04-09T12:37:06.288820+00:00,164.41,61.29,164.41,61.29,-92.7,432996078.2870231,-3956.6,855.7,2739.4,0
2026-04-09T12:37:06.612811+00:00,164.58,61.16,164.58,61.16,-95.7,432996078.2870231,-3979.8,856.6,2755.5,0
2026-04-09T12:37:06.936943+00:00,164.74,61.04,164.74,61.04,-99.7,432996078.2870231,-4002.5,857.5,2771.2,0
2026-04-09T12:37:07.302279+00:00,164.93,60.89,164.93,60.89,-95.7,432995982.77453995,-4028.5,858.5,2789.1,0
2026-04-09T12:37:07.626248+00:00,165.09,60.76,165.09,60.76,-89.7,432995982.77453995,-4051.6,859.4,2805.2,0
2026-04-09T12:37:07.954255+00:00,165.25,60.63,165.25,60.63,-87.7,432995982.77453995,-4074.5,860.3,2821.0,0
2026-04-09T12:37:08.302708+00:00,165.42,60.50,165.42,60.5,-95.7,432995982.77453995,-4099.1,861.3,2838.1,0
2026-04-09T12:37:08.645924+00:00,165.59,60.36,165.59,60.36,-95.7,432995886.4259941,-4123.1,862.3,2854.7,0
2026-04-09T12:37:08.969995+00:00,165.74,60.23,165.74,60.23,-93.7,432995886.4259941,-4146.0,863.2,2870.5,0
2026-04-09T12:37:09.317763+00:00,165.91,60.10,165.91,60.1,-98.7,432995886.4259941,-4170.0,864.2,2887.2,0
2026-04-09T12:37:09.647323+00:00,166.06,59.97,166.06,59.97,-91.7,432995886.4259941,-4192.8,865.2,2902.9,0
2026-04-09T12:37:09.990144+00:00,166.22,59.83,166.22,59.83,-95.7,432995792.84022784,-4216.6,866.2,2919.4,0
2026-04-09T12:37:10.338104+00:00,166.38,59.69,166.38,59.69,-93.7,432995792.84022784,-4240.6,867.2,2936.0,0
2026-04-09T12:37:10.661933+00:00,166.53,59.57,166.53,59.57,-94.7,432995792.84022784,-4263.0,868.2,2951.5,0
2026-04-09T12:37:10.991652+00:00,166.67,59.44,166.67,59.44,-94.7,432995792.84022784,-4285.2,869.1,2966.9,0
2026-04-09T12:37:11.358781+00:00,166.84,59.29,166.84,59.29,-97.7,432995700.5411729,-4310.1,870.2,2984.1,0
2026-04-09T12:37:11.681899+00:00,166.98,59.17,166.98,59.17,-96.7,432995700.5411729,-4332.5,871.2,2999.6,0
2026-04-09T12:37:12.005914+00:00,167.12,59.04,167.12,59.04,-101.7,432995700.5411729,-4354.5,872.2,3014.9,0
2026-04-09T12:37:12.353919+00:00,167.27,58.90,167.27,58.9,-95.7,432995700.5411729,-4377.8,873.2,3031.0,0
2026-04-09T12:37:12.703081+00:00,167.42,58.77,167.42,58.77,-94.7,432995608.30276865,-4400.9,874.2,3047.0,0
2026-04-09T12:37:13.026303+00:00,167.56,58.64,167.56,58.64,-96.7,432995608.30276865,-4422.8,875.2,3062.2,0
2026-04-09T12:37:13.372482+00:00,167.71,58.50,167.71,58.5,-95.7,432995608.30276865,-4446.1,876.3,3078.3,0
2026-04-09T12:37:13.692829+00:00,167.84,58.38,167.84,58.38,-92.7,432995608.30276865,-4467.6,877.3,3093.2,0
2026-04-09T12:37:14.037288+00:00,167.98,58.24,167.98,58.24,-96.7,432995518.9269356,-4490.5,878.4,3109.1,0
2026-04-09T12:37:14.380888+00:00,168.12,58.11,168.12,58.11,-100.7,432995518.9269356,-4513.0,879.4,3124.7,0
2026-04-09T12:37:14.710073+00:00,168.25,57.98,168.25,57.98,-96.7,432995518.9269356,-4534.6,880.5,3139.6,0
2026-04-09T12:37:15.032921+00:00,168.38,57.86,168.38,57.86,-94.7,432995518.9269356,-4555.8,881.5,3154.2,0
2026-04-09T12:37:15.397988+00:00,168.52,57.72,168.52,57.72,-101.7,432995430.7288542,-4578.3,882.6,3169.8,0
2026-04-09T12:37:15.716834+00:00,168.65,57.59,168.65,57.59,-98.7,432995430.7288542,-4600.6,883.7,3185.3,0
2026-04-09T12:37:16.040962+00:00,168.78,57.47,168.78,57.47,-98.7,432995430.7288542,-4621.7,884.7,3199.9,0
2026-04-09T12:37:16.365118+00:00,168.90,57.34,168.9,57.34,-103.7,432995430.7288542,-4642.7,885.7,3214.4,0
2026-04-09T12:37:16.728828+00:00,169.04,57.20,169.04,57.2,-98.7,432995344.3023369,-4665.9,886.9,3230.5,0
2026-04-09T12:37:17.053010+00:00,169.16,57.08,169.16,57.08,-95.7,432995344.3023369,-4686.6,888.0,3244.8,0
2026-04-09T12:37:17.376814+00:00,169.28,56.95,169.28,56.95,-97.7,432995344.3023369,-4707.3,889.0,3259.2,0
2026-04-09T12:37:17.716811+00:00,169.41,56.82,169.41,56.82,-92.7,432995344.3023369,-4729.3,890.1,3274.4,0
2026-04-09T12:37:18.060873+00:00,169.54,56.69,169.54,56.69,-94.7,432995257.90120816,-4751.1,891.3,3289.5,0
2026-04-09T12:37:18.394434+00:00,169.66,56.56,169.66,56.56,-95.7,432995257.90120816,-4771.6,892.3,3303.7,0
2026-04-09T12:37:18.734246+00:00,169.78,56.43,169.78,56.43,-93.7,432995257.90120816,-4793.3,893.5,3318.7,0
2026-04-09T12:37:19.063363+00:00,169.90,56.31,169.9,56.31,-91.7,432995257.90120816,-4813.8,894.6,3332.9,0
2026-04-09T12:37:19.406983+00:00,170.02,56.17,170.02,56.17,-91.7,432995173.09110206,-4835.4,895.7,3347.8,0
2026-04-09T12:37:19.755310+00:00,170.14,56.04,170.14,56.04,-98.7,432995173.09110206,-4857.1,896.9,3362.9,0
2026-04-09T12:37:20.076827+00:00,170.25,55.92,170.25,55.92,-92.7,432995173.09110206,-4877.1,898.0,3376.7,0
2026-04-09T12:37:20.400824+00:00,170.37,55.80,170.37,55.8,-100.7,432995173.09110206,-4897.1,899.1,3390.6,0
2026-04-09T12:37:20.764833+00:00,170.48,55.66,170.48,55.66,-101.7,432995090.1382468,-4918.4,900.2,3405.3,0
2026-04-09T12:37:21.084982+00:00,170.60,55.53,170.6,55.53,-93.7,432995090.1382468,-4939.4,901.4,3419.9,0
2026-04-09T12:37:21.408863+00:00,170.71,55.41,170.71,55.41,-96.7,432995090.1382468,-4959.3,902.5,3433.6,0
2026-04-09T12:37:21.732817+00:00,170.82,55.29,170.82,55.29,-95.7,432995090.1382468,-4979.0,903.6,3447.3,0
2026-04-09T12:37:22.096822+00:00,170.94,55.15,170.94,55.15,-93.7,432995008.75737256,-5001.1,904.9,3462.6,0
2026-04-09T12:37:22.420823+00:00,171.04,55.03,171.04,55.03,-96.7,432995008.75737256,-5020.7,906.0,3476.1,0
2026-04-09T12:37:22.744823+00:00,171.15,54.91,171.15,54.91,-93.7,432995008.75737256,-5039.9,907.1,3489.4,0
2026-04-09T12:37:23.088826+00:00,171.26,54.78,171.26,54.78,-96.7,432995008.75737256,-5060.5,908.3,3503.7,0
2026-04-09T12:37:23.428886+00:00,171.37,54.65,171.37,54.65,-92.7,432994927.1825572,-5081.1,909.5,3517.9,0
2026-04-09T12:37:23.756090+00:00,171.47,54.53,171.47,54.53,-101.7,432994927.1825572,-5100.3,910.7,3531.3,0
2026-04-09T12:37:24.096827+00:00,171.58,54.40,171.58,54.4,-97.7,432994927.1825572,-5120.7,911.9,3545.4,0
2026-04-09T12:37:24.420831+00:00,171.68,54.28,171.68,54.28,-95.7,432994927.1825572,-5139.8,913.0,3558.6,0
2026-04-09T12:37:24.764821+00:00,171.78,54.15,171.78,54.15,-97.7,432994848.29470813,-5160.1,914.3,3572.6,0
2026-04-09T12:37:25.109901+00:00,171.89,54.02,171.89,54.02,-98.7,432994848.29470813,-5180.0,915.5,3586.4,0
2026-04-09T12:37:25.438235+00:00,171.98,53.90,171.98,53.9,-96.7,432994848.29470813,-5199.1,916.7,3599.6,0
2026-04-09T12:37:25.762226+00:00,172.08,53.78,172.08,53.78,-97.7,432994848.29470813,-5218.1,917.9,3612.8,0
2026-04-09T12:37:26.130228+00:00,172.18,53.65,172.18,53.65,-95.7,432994770.0824795,-5238.1,919.1,3626.6,0
2026-04-09T12:37:26.453735+00:00,172.29,53.53,172.29,53.53,-101.7,432994770.0824795,-5258.1,920.4,3640.5,0
2026-04-09T12:37:26.783353+00:00,172.38,53.41,172.38,53.41,-97.7,432994770.0824795,-5276.7,921.5,3653.4,0
2026-04-09T12:37:27.106345+00:00,172.48,53.29,172.48,53.29,-94.7,432994770.0824795,-5295.4,922.7,3666.3,0
2026-04-09T12:37:27.473981+00:00,172.58,53.15,172.58,53.15,-99.7,432994692.95914215,-5316.2,924.1,3680.7,0
2026-04-09T12:37:27.799374+00:00,172.67,53.03,172.67,53.03,-96.7,432994692.95914215,-5334.7,925.3,3693.6,0
2026-04-09T12:37:28.124979+00:00,172.77,52.91,172.77,52.91,-94.7,432994692.95914215,-5353.0,926.5,3706.2,0
2026-04-09T12:37:28.468939+00:00,172.86,52.79,172.86,52.79,-93.7,432994692.95914215,-5372.4,927.8,3719.7,0
2026-04-09T12:37:28.816253+00:00,172.96,52.66,172.96,52.66,-99.7,432994616.04737693,-5391.7,929.0,3733.0,0
2026-04-09T12:37:29.138015+00:00,173.05,52.54,173.05,52.54,-95.7,432994616.04737693,-5409.7,930.3,3745.4,0
2026-04-09T12:37:29.480843+00:00,173.14,52.42,173.14,52.42,-98.7,432994616.04737693,-5428.9,931.6,3758.7,0
2026-04-09T12:37:29.800857+00:00,173.23,52.30,173.23,52.3,-95.7,432994616.04737693,-5446.8,932.8,3771.1,0
2026-04-09T12:37:30.144937+00:00,173.32,52.18,173.32,52.18,-96.7,432994542.0711753,-5465.8,934.1,3784.3,0
2026-04-09T12:37:30.489066+00:00,173.41,52.05,173.41,52.05,-101.7,432994542.0711753,-5484.6,935.4,3797.4,0
2026-04-09T12:37:30.812870+00:00,173.50,51.93,173.5,51.93,-95.7,432994542.0711753,-5502.4,936.6,3809.6,0
2026-04-09T12:37:31.136815+00:00,173.58,51.82,173.58,51.82,-101.7,432994542.0711753,-5519.7,937.8,3821.7,0
2026-04-09T12:37:31.500835+00:00,173.67,51.70,173.67,51.7,-99.7,432994469.0713791,-5538.4,939.1,3834.6,0
2026-04-09T12:37:31.824809+00:00,173.76,51.57,173.76,51.57,-94.7,432994469.0713791,-5556.9,940.5,3847.4,0
2026-04-09T12:37:32.144866+00:00,173.84,51.46,173.84,51.46,-93.7,432994469.0713791,-5574.4,941.7,3859.5,0
2026-04-09T12:37:32.468841+00:00,173.93,51.34,173.93,51.34,-96.7,432994469.0713791,-5591.8,943.0,3871.5,0
2026-04-09T12:37:32.833215+00:00,174.02,51.21,174.02,51.21,-98.7,432994397.47007483,-5611.2,944.4,3885.0,0
2026-04-09T12:37:33.158254+00:00,174.10,51.10,174.1,51.1,-100.7,432994397.47007483,-5628.4,945.6,3896.9,0
2026-04-09T12:37:33.486110+00:00,174.18,50.98,174.18,50.98,-99.7,432994397.47007483,-5645.5,946.9,3908.7,0
2026-04-09T12:37:33.832225+00:00,174.27,50.86,174.27,50.86,-97.7,432994397.47007483,-5663.6,948.3,3921.3,0
2026-04-09T12:37:34.173013+00:00,174.35,50.74,174.35,50.74,-102.7,432994325.39520156,-5681.7,949.6,3933.8,0
2026-04-09T12:37:34.496917+00:00,174.43,50.62,174.43,50.62,-101.7,432994325.39520156,-5698.5,950.9,3945.4,0
2026-04-09T12:37:34.840914+00:00,174.51,50.50,174.51,50.5,-101.7,432994325.39520156,-5716.4,952.2,3957.8,0
2026-04-09T12:37:35.164957+00:00,174.59,50.39,174.59,50.39,-102.7,432994325.39520156,-5733.2,953.5,3969.5,0
2026-04-09T12:37:35.510053+00:00,174.67,50.27,174.67,50.27,-102.7,432994256.125775,-5751.0,954.9,3981.8,0
2026-04-09T12:37:35.852916+00:00,174.75,50.15,174.75,50.15,-101.7,432994256.125775,-5768.7,956.3,3994.0,0
2026-04-09T12:37:36.177584+00:00,174.83,50.03,174.83,50.03,-100.7,432994256.125775,-5785.1,957.5,4005.4,0
2026-04-09T12:37:36.501064+00:00,174.90,49.92,174.9,49.92,-103.7,432994256.125775,-5801.7,958.9,4016.9,0
2026-04-09T12:37:36.864900+00:00,174.98,49.80,174.98,49.8,-104.7,432994187.824291,-5819.2,960.2,4029.0,0
2026-04-09T12:37:37.191863+00:00,175.06,49.68,175.06,49.68,-99.7,432994187.824291,-5836.7,961.6,4041.1,0
2026-04-09T12:37:37.512871+00:00,175.13,49.57,175.13,49.57,-104.7,432994187.824291,-5853.0,963.0,4052.4,0
2026-04-09T12:37:37.837039+00:00,175.21,49.46,175.21,49.46,-101.7,432994187.824291,-5869.0,964.2,4063.5,0
2026-04-09T12:37:38.200901+00:00,175.29,49.33,175.29,49.33,-102.7,432994120.68469065,-5887.2,965.7,4076.1,0
2026-04-09T12:37:38.524862+00:00,175.36,49.22,175.36,49.22,-100.7,432994120.68469065,-5903.5,967.1,4087.3,0
2026-04-09T12:37:38.852849+00:00,175.43,49.11,175.43,49.11,-105.7,432994120.68469065,-5919.5,968.4,4098.4,0
2026-04-09T12:37:39.192981+00:00,175.51,48.99,175.51,48.99,-101.7,432994120.68469065,-5936.4,969.8,4110.1,0
2026-04-09T12:37:39.536992+00:00,175.58,48.87,175.58,48.87,-98.7,432994053.69777495,-5953.1,971.2,4121.7,0
2026-04-09T12:37:39.860921+00:00,175.65,48.76,175.65,48.76,-101.7,432994053.69777495,-5968.8,972.5,4132.6,0
2026-04-09T12:37:40.205062+00:00,175.72,48.65,175.72,48.65,-101.7,432994053.69777495,-5985.6,974.0,4144.2,0
2026-04-09T12:37:40.528938+00:00,175.79,48.54,175.79,48.54,-101.7,432994053.69777495,-6001.5,975.3,4155.2,0
2026-04-09T12:37:40.872972+00:00,175.86,48.42,175.86,48.42,-101.7,432993988.83045954,-6017.8,976.7,4166.5,0
2026-04-09T12:37:41.216869+00:00,175.94,48.30,175.94,48.3,-98.7,432993988.83045954,-6034.3,978.2,4177.9,0
2026-04-09T12:37:41.553955+00:00,176.00,48.19,176.0,48.19,-98.7,432993988.83045954,-6049.9,979.6,4188.7,0
2026-04-09T12:37:41.880941+00:00,176.07,48.08,176.07,48.08,-101.7,432993988.83045954,-6066.0,981.0,4199.8,0
2026-04-09T12:37:42.252903+00:00,176.15,47.96,176.15,47.96,-99.7,432993924.3073015,-6083.4,982.5,4211.9,0
2026-04-09T12:37:42.576937+00:00,176.22,47.85,176.22,47.85,-105.7,432993924.3073015,-6099.0,983.9,4222.7,0
2026-04-09T12:37:42.900905+00:00,176.28,47.74,176.28,47.74,-97.7,432993924.3073015,-6114.3,985.3,4233.3,0
2026-04-09T12:37:43.244945+00:00,176.35,47.62,176.35,47.62,-101.7,432993924.3073015,-6130.3,986.7,4244.4,0
2026-04-09T12:37:43.588858+00:00,176.42,47.51,176.42,47.51,-99.7,432993860.3448096,-6146.3,988.2,4255.4,0
2026-04-09T12:37:43.912870+00:00,176.48,47.40,176.48,47.4,-99.7,432993860.3448096,-6161.3,989.6,4265.8,0
2026-04-09T12:37:44.260899+00:00,176.55,47.29,176.55,47.29,-100.7,432993860.3448096,-6177.1,991.1,4276.8,0
2026-04-09T12:37:44.581579+00:00,176.61,47.18,176.61,47.18,-98.7,432993860.3448096,-6191.9,992.4,4287.1,0
2026-04-09T12:37:44.924857+00:00,176.68,47.07,176.68,47.07,-102.7,432993798.755452,-6207.7,993.9,4298.0,0
2026-04-09T12:37:45.268869+00:00,176.74,46.95,176.74,46.95,-95.7,432993798.755452,-6223.4,995.4,4308.8,0
2026-04-09T12:37:45.593017+00:00,176.81,46.85,176.81,46.85,-100.7,432993798.755452,-6238.0,996.8,4319.0,0
2026-04-09T12:37:45.916860+00:00,176.87,46.74,176.87,46.74,-98.7,432993798.755452,-6252.6,998.2,4329.1,0
2026-04-09T12:37:46.280915+00:00,176.93,46.63,176.93,46.63,-100.7,432993738.29730016,-6268.1,999.7,4339.8,0
2026-04-09T12:37:46.608964+00:00,177.00,46.52,177.0,46.52,-100.7,432993738.29730016,-6283.5,1001.2,4350.4,0
2026-04-09T12:37:46.931842+00:00,177.06,46.41,177.06,46.41,-100.7,432993738.29730016,-6297.8,1002.6,4360.4,0
2026-04-09T12:37:47.258169+00:00,177.12,46.31,177.12,46.31,-98.7,432993738.29730016,-6312.2,1004.0,4370.3,0
2026-04-09T12:37:47.621558+00:00,177.18,46.19,177.18,46.19,-101.7,432993678.62055475,-6328.3,1005.6,4381.5,0
2026-04-09T12:37:47.940958+00:00,177.24,46.08,177.24,46.08,-103.7,432993678.62055475,-6342.5,1007.0,4391.3,0
2026-04-09T12:37:48.264919+00:00,177.30,45.98,177.3,45.98,-98.7,432993678.62055475,-6356.7,1008.4,4401.1,0
2026-04-09T12:37:48.608878+00:00,177.36,45.87,177.36,45.87,-100.7,432993678.62055475,-6371.7,1010.0,4411.5,0
2026-04-09T12:37:48.952878+00:00,177.42,45.76,177.42,45.76,-94.7,432993619.58205205,-6386.6,1011.5,4421.8,0
2026-04-09T12:37:49.276873+00:00,177.48,45.65,177.48,45.65,-97.7,432993619.58205205,-6400.6,1012.9,4431.5,0
2026-04-09T12:37:49.620853+00:00,177.54,45.55,177.54,45.55,-93.7,432993619.58205205,-6415.3,1014.4,4441.7,0
2026-04-09T12:37:49.944894+00:00,177.60,45.44,177.6,45.44,-95.7,432993619.58205205,-6429.2,1015.9,4451.3,0
2026-04-09T12:37:50.288820+00:00,177.66,45.33,177.66,45.33,-94.7,432993562.2149693,-6443.8,1017.4,4461.5,0
2026-04-09T12:37:50.632830+00:00,177.72,45.23,177.72,45.23,-93.7,432993562.2149693,-6458.3,1018.9,4471.4,0
2026-04-09T12:37:50.956822+00:00,177.77,45.12,177.77,45.12,-97.7,432993562.2149693,-6471.9,1020.4,4480.9,0
2026-04-09T12:37:51.280841+00:00,177.83,45.02,177.83,45.02,-93.7,432993562.2149693,-6485.5,1021.8,4490.3,0
2026-04-09T12:37:51.648622+00:00,177.88,44.91,177.88,44.91,-98.7,432993505.8584961,-6499.9,1023.4,4500.3,0
2026-04-09T12:37:51.968801+00:00,177.94,44.80,177.94,44.8,-95.7,432993505.8584961,-6514.4,1024.9,4510.3,0
2026-04-09T12:37:52.291965+00:00,178.00,44.70,178.0,44.7,-98.7,432993505.8584961,-6527.6,1026.4,4519.5,0
2026-04-09T12:37:52.616857+00:00,178.05,44.60,178.05,44.6,-92.7,432993505.8584961,-6541.2,1027.9,4528.9,0
2026-04-09T12:37:52.981486+00:00,178.11,44.49,178.11,44.49,-95.7,432993450.4914754,-6556.0,1029.5,4539.1,0
2026-04-09T12:37:53.305025+00:00,178.16,44.39,178.16,44.39,-95.7,432993450.4914754,-6569.4,1031.0,4548.4,0
2026-04-09T12:37:53.635404+00:00,178.22,44.29,178.22,44.29,-101.7,432993450.4914754,-6582.4,1032.5,4557.4,0
2026-04-09T12:37:53.982733+00:00,178.27,44.18,178.27,44.18,-93.7,432993450.4914754,-6596.7,1034.1,4567.3,0
2026-04-09T12:37:54.326429+00:00,178.33,44.07,178.33,44.07,-93.7,432993394.893841,-6610.6,1035.6,4576.9,0
2026-04-09T12:37:54.650187+00:00,178.38,43.97,178.38,43.97,-95.7,432993394.893841,-6623.7,1037.1,4586.0,0
2026-04-09T12:37:54.998022+00:00,178.43,43.87,178.43,43.87,-93.7,432993394.893841,-6637.5,1038.7,4595.6,0
2026-04-09T12:37:55.326592+00:00,178.49,43.77,178.49,43.77,-99.7,432993394.893841,-6650.6,1040.2,4604.6,0
2026-04-09T12:37:55.669887+00:00,178.54,43.66,178.54,43.66,-95.7,432993341.1813145,-6664.2,1041.8,4614.1,0
2026-04-09T12:37:56.017769+00:00,178.59,43.55,178.59,43.55,-94.7,432993341.1813145,-6678.0,1043.4,4623.6,0
2026-04-09T12:37:56.342033+00:00,178.64,43.45,178.64,43.45,-97.7,432993341.1813145,-6690.8,1044.9,4632.5,0
2026-04-09T12:37:56.673721+00:00,178.69,43.36,178.69,43.36,-92.7,432993341.1813145,-6703.5,1046.4,4641.2,0
2026-04-09T12:37:57.034041+00:00,178.75,43.25,178.75,43.25,-95.7,432993288.2925089,-6717.7,1048.1,4651.1,0
2026-04-09T12:37:57.361970+00:00,178.80,43.15,178.8,43.15,-91.7,432993288.2925089,-6730.3,1049.7,4659.8,0
2026-04-09T12:37:57.685705+00:00,178.85,43.05,178.85,43.05,-95.7,432993288.2925089,-6743.0,1051.2,4668.6,0
2026-04-09T12:37:58.034218+00:00,178.90,42.94,178.9,42.94,-96.7,432993288.2925089,-6756.2,1052.8,4677.8,0
2026-04-09T12:37:58.378356+00:00,178.95,42.84,178.95,42.84,-94.7,432993235.8522362,-6769.5,1054.4,4687.0,0
2026-04-09T12:37:58.705623+00:00,179.00,42.74,179.0,42.74,-92.7,432993235.8522362,-6781.8,1055.9,4695.5,0
2026-04-09T12:37:59.053558+00:00,179.05,42.64,179.05,42.64,-93.7,432993235.8522362,-6795.0,1057.6,4704.6,0
2026-04-09T12:37:59.378248+00:00,179.10,42.54,179.1,42.54,-94.7,432993235.8522362,-6807.2,1059.1,4713.0,0
2026-04-09T12:37:59.722391+00:00,179.15,42.44,179.15,42.44,-95.7,432993184.97971314,-6820.3,1060.7,4722.1,0
2026-04-09T12:38:00.070293+00:00,179.20,42.34,179.2,42.34,-93.7,432993184.97971314,-6833.2,1062.4,4731.0,0
2026-04-09T12:38:00.397219+00:00,179.25,42.24,179.25,42.24,-95.7,432993184.97971314,-6845.3,1063.9,4739.4,0
2026-04-09T12:38:00.723954+00:00,179.29,42.15,179.29,42.15,-93.7,432993184.97971314,-6857.3,1065.5,4747.7,0
2026-04-09T12:38:01.092878+00:00,179.34,42.04,179.34,42.04,-98.7,432993134.9605312,-6870.9,1067.2,4757.1,0
2026-04-09T12:38:01.415417+00:00,179.39,41.94,179.39,41.94,-97.7,432993134.9605312,-6882.9,1068.8,4765.4,0
2026-04-09T12:38:01.745464+00:00,179.44,41.85,179.44,41.85,-95.7,432993134.9605312,-6894.7,1070.3,4773.6,0
2026-04-09T12:38:02.085674+00:00,179.48,41.75,179.48,41.75,-95.7,432993134.9605312,-6907.4,1072.0,4782.4,0
2026-04-09T12:38:02.413898+00:00,179.53,41.65,179.53,41.65,-94.7,432993134.9605312,-6919.1,1073.5,4790.5,0
2026-04-09T12:38:02.737689+00:00,179.57,41.56,179.57,41.56,-96.7,432993134.9605312,-6930.8,1075.1,4798.6,0
2026-04-09T12:38:03.105919+00:00,179.62,41.46,179.62,41.46,-96.7,432993061.7897141,-6943.3,1076.8,4807.3,0
2026-04-09T12:38:03.429935+00:00,179.67,41.36,179.67,41.36,-101.7,432993061.7897141,-6955.7,1078.4,4815.8,0
2026-04-09T12:38:03.758548+00:00,179.71,41.26,179.71,41.26,-95.7,432993061.7897141,-6967.2,1080.0,4823.8,0
2026-04-09T12:38:04.081926+00:00,179.76,41.17,179.76,41.17,-99.7,432993061.7897141,-6978.6,1081.6,4831.7,0
2026-04-09T12:38:04.429774+00:00,179.80,41.07,179.8,41.07,-97.7,432993061.7897141,-6990.9,1083.2,4840.3,0
2026-04-09T12:38:04.754224+00:00,179.85,40.98,179.85,40.98,-96.7,432993061.7897141,-7002.2,1084.8,4848.1,0
2026-04-09T12:38:05.103293+00:00,179.89,40.88,179.89,40.88,-99.7,432992990.48778445,-7014.4,1086.5,4856.5,0
2026-04-09T12:38:05.444817+00:00,179.94,40.78,179.94,40.78,-98.7,432992990.48778445,-7026.3,1088.2,4864.8,0
2026-04-09T12:38:05.769966+00:00,179.98,40.69,179.98,40.69,-94.7,432992990.48778445,-7037.5,1089.7,4872.5,0
2026-04-09T12:38:06.088906+00:00,180.02,40.60,180.02,40.6,-97.7,432992990.48778445,-7048.7,1091.3,4880.2,0
2026-04-09T12:38:06.432822+00:00,180.06,40.51,180.06,40.51,-101.7,432992990.48778445,-7059.8,1092.9,4888.0,0
2026-04-09T12:38:06.760300+00:00,180.11,40.41,180.11,40.41,-96.7,432992990.48778445,-7071.6,1094.6,4896.1,0
2026-04-09T12:38:07.100837+00:00,180.15,40.31,180.15,40.31,-97.7,432992921.4715392,-7083.2,1096.3,4904.2,0
2026-04-09T12:38:07.444816+00:00,180.19,40.22,180.19,40.22,-101.7,432992921.4715392,-7094.2,1097.9,4911.7,0
2026-04-09T12:38:07.768950+00:00,180.24,40.13,180.24,40.13,-93.7,432992921.4715392,-7105.8,1099.6,4919.8,0
2026-04-09T12:38:08.092809+00:00,180.28,40.04,180.28,40.04,-95.7,432992921.4715392,-7116.5,1101.1,4927.2,0
2026-04-09T12:38:08.416813+00:00,180.32,39.95,180.32,39.95,-93.7,432992921.4715392,-7127.3,1102.7,4934.6,0
2026-04-09T12:38:08.760833+00:00,180.36,39.85,180.36,39.85,-99.7,432992921.4715392,-7138.7,1104.4,4942.6,0
2026-04-09T12:38:09.100819+00:00,180.40,39.76,180.4,39.76,-99.7,432992854.490618,-7150.1,1106.1,4950.4,0
2026-04-09T12:38:09.424859+00:00,180.44,39.67,180.44,39.67,-98.7,432992854.490618,-7160.7,1107.7,4957.8,0
2026-04-09T12:38:09.769564+00:00,180.48,39.57,180.48,39.57,-98.7,432992854.490618,-7172.0,1109.4,4965.6,0
2026-04-09T12:38:10.092871+00:00,180.52,39.48,180.52,39.48,-99.7,432992854.490618,-7182.6,1111.1,4972.9,0
2026-04-09T12:38:10.417999+00:00,180.56,39.40,180.56,39.4,-99.7,432992854.490618,-7192.9,1112.6,4980.1,0
2026-04-09T12:38:10.765698+00:00,180.60,39.31,180.6,39.31,-97.7,432992854.490618,-7203.5,1114.3,4987.4,0
2026-04-09T12:38:11.115357+00:00,180.64,39.21,180.64,39.21,-95.7,432992789.164191,-7215.4,1116.1,4995.7,0
2026-04-09T12:38:11.437953+00:00,180.68,39.12,180.68,39.12,-95.7,432992789.164191,-7225.7,1117.7,5002.8,0
2026-04-09T12:38:11.789586+00:00,180.72,39.03,180.72,39.03,-100.7,432992789.164191,-7236.2,1119.4,5010.0,0
2026-04-09T12:38:12.110416+00:00,180.76,38.94,180.76,38.94,-96.7,432992789.164191,-7247.2,1121.1,5017.7,0
2026-04-09T12:38:12.439090+00:00,180.80,38.85,180.8,38.85,-95.7,432992789.164191,-7257.4,1122.7,5024.8,0
2026-04-09T12:38:12.761963+00:00,180.84,38.76,180.84,38.76,-99.7,432992789.164191,-7267.6,1124.4,5031.8,0
2026-04-09T12:38:13.130238+00:00,180.88,38.66,180.88,38.66,-97.7,432992725.86885667,-7279.2,1126.2,5039.8,0
2026-04-09T12:38:13.453530+00:00,180.92,38.57,180.92,38.57,-94.7,432992725.86885667,-7289.4,1127.9,5046.9,0
2026-04-09T12:38:13.778220+00:00,180.96,38.49,180.96,38.49,-97.7,432992725.86885667,-7299.4,1129.5,5053.8,0
2026-04-09T12:38:14.129686+00:00,181.00,38.40,181.0,38.4,-100.7,432992725.86885667,-7310.1,1131.3,5061.2,0
2026-04-09T12:38:14.454152+00:00,181.03,38.31,181.03,38.31,-97.7,432992725.86885667,-7320.2,1132.9,5068.2,0
2026-04-09T12:38:14.778573+00:00,181.07,38.22,181.07,38.22,-97.7,432992725.86885667,-7330.1,1134.6,5075.1,0
2026-04-09T12:38:15.145952+00:00,181.11,38.12,181.11,38.12,-101.7,432992663.65254027,-7341.2,1136.4,5082.8,0
2026-04-09T12:38:15.470417+00:00,181.15,38.04,181.15,38.04,-97.7,432992663.65254027,-7351.1,1138.1,5089.6,0
2026-04-09T12:38:15.798146+00:00,181.18,37.95,181.18,37.95,-100.7,432992663.65254027,-7360.9,1139.8,5096.4,0
2026-04-09T12:38:16.142389+00:00,181.22,37.86,181.22,37.86,-101.7,432992663.65254027,-7371.4,1141.5,5103.7,0
2026-04-09T12:38:16.469896+00:00,181.26,37.78,181.26,37.78,-97.7,432992663.65254027,-7381.0,1143.2,5110.4,0
2026-04-09T12:38:16.797938+00:00,181.29,37.69,181.29,37.69,-98.7,432992663.65254027,-7390.8,1144.9,5117.1,0
2026-04-09T12:38:17.162293+00:00,181.33,37.60,181.33,37.6,-103.7,432992603.03782505,-7401.6,1146.7,5124.6,0
2026-04-09T12:38:17.486218+00:00,181.37,37.51,181.37,37.51,-98.7,432992603.03782505,-7411.3,1148.4,5131.3,0
2026-04-09T12:38:17.810765+00:00,181.40,37.43,181.4,37.43,-98.7,432992603.03782505,-7420.8,1150.1,5137.8,0
2026-04-09T12:38:18.159415+00:00,181.44,37.34,181.44,37.34,-95.7,432992603.03782505,-7430.8,1151.8,5144.8,0
2026-04-09T12:38:18.482106+00:00,181.47,37.25,181.47,37.25,-99.7,432992603.03782505,-7440.3,1153.5,5151.4,0
2026-04-09T12:38:18.810016+00:00,181.51,37.17,181.51,37.17,-100.7,432992603.03782505,-7449.7,1155.2,5157.9,0
2026-04-09T12:38:19.172848+00:00,181.54,37.08,181.54,37.08,-97.7,432992544.280008,-7459.8,1157.0,5164.9,0
2026-04-09T12:38:19.501495+00:00,181.58,36.99,181.58,36.99,-103.7,432992544.280008,-7469.7,1158.8,5171.7,0
2026-04-09T12:38:19.825088+00:00,181.61,36.91,181.61,36.91,-103.7,432992544.280008,-7478.9,1160.4,5178.1,0
2026-04-09T12:38:20.148893+00:00,181.65,36.83,181.65,36.83,-103.7,432992544.280008,-7488.3,1162.2,5184.6,0
2026-04-09T12:38:20.492839+00:00,181.68,36.74,181.68,36.74,-103.7,432992544.280008,-7498.0,1163.9,5191.3,0
2026-04-09T12:38:20.817065+00:00,181.72,36.66,181.72,36.66,-101.7,432992544.280008,-7507.1,1165.6,5197.6,0
2026-04-09T12:38:21.163903+00:00,181.75,36.57,181.75,36.57,-96.7,432992487.24720925,-7516.7,1167.4,5204.3,0
2026-04-09T12:38:21.504848+00:00,181.79,36.48,181.79,36.48,-104.7,432992487.24720925,-7526.3,1169.2,5210.9,0
2026-04-09T12:38:21.832291+00:00,181.82,36.40,181.82,36.4,-100.7,432992487.24720925,-7535.2,1170.9,5217.1,0
2026-04-09T12:38:22.152831+00:00,181.85,36.32,181.85,36.32,-105.7,432992487.24720925,-7544.3,1172.6,5223.4,0
2026-04-09T12:38:22.493254+00:00,181.88,36.24,181.88,36.24,-101.7,432992487.24720925,-7553.1,1174.2,5229.5,0
2026-04-09T12:38:22.816840+00:00,181.92,36.16,181.92,36.16,-101.7,432992487.24720925,-7562.5,1176.1,5236.0,0
2026-04-09T12:38:23.160847+00:00,181.95,36.07,181.95,36.07,-97.7,432992431.954944,-7571.9,1177.9,5242.5,0
2026-04-09T12:38:23.504896+00:00,181.98,35.99,181.98,35.99,-103.7,432992431.954944,-7580.7,1179.6,5248.6,0
2026-04-09T12:38:23.829076+00:00,182.02,35.90,182.02,35.9,-97.7,432992431.954944,-7590.0,1181.4,5255.0,0
2026-04-09T12:38:24.154036+00:00,182.05,35.82,182.05,35.82,-97.7,432992431.954944,-7598.6,1183.0,5261.0,0
2026-04-09T12:38:24.482744+00:00,182.08,35.74,182.08,35.74,-98.7,432992431.954944,-7607.4,1184.8,5267.1,0
2026-04-09T12:38:24.826443+00:00,182.11,35.66,182.11,35.66,-96.7,432992431.954944,-7616.7,1186.6,5273.5,0
2026-04-09T12:38:25.173883+00:00,182.15,35.57,182.15,35.57,-97.7,432992377.8756924,-7625.9,1188.4,5279.9,0
2026-04-09T12:38:25.497934+00:00,182.18,35.49,182.18,35.49,-96.7,432992377.8756924,-7634.5,1190.1,5285.8,0
2026-04-09T12:38:25.845926+00:00,182.21,35.41,182.21,35.41,-97.7,432992377.8756924,-7643.6,1192.0,5292.1,0
2026-04-09T12:38:26.175253+00:00,182.24,35.33,182.24,35.33,-104.7,432992377.8756924,-7652.1,1193.7,5298.1,0
2026-04-09T12:38:26.499490+00:00,182.27,35.25,182.27,35.25,-102.7,432992377.8756924,-7660.6,1195.4,5303.9,0
2026-04-09T12:38:26.845255+00:00,182.31,35.17,182.31,35.17,-101.7,432992377.8756924,-7669.7,1197.3,5310.2,0
2026-04-09T12:38:27.190273+00:00,182.34,35.08,182.34,35.08,-104.7,432992325.01721215,-7678.5,1199.1,5316.3,0
2026-04-09T12:38:27.513907+00:00,182.37,35.00,182.37,35.0,-96.7,432992325.01721215,-7687.0,1200.8,5322.2,0
2026-04-09T12:38:27.862430+00:00,182.40,34.92,182.4,34.92,-98.7,432992325.01721215,-7695.8,1202.7,5328.3,0
2026-04-09T12:38:28.189563+00:00,182.43,34.84,182.43,34.84,-101.7,432992325.01721215,-7704.1,1204.4,5334.0,0
2026-04-09T12:38:28.514288+00:00,182.46,34.77,182.46,34.77,-103.7,432992325.01721215,-7712.3,1206.1,5339.7,0
2026-04-09T12:38:28.862147+00:00,182.49,34.68,182.49,34.68,-101.7,432992325.01721215,-7721.2,1208.0,5345.8,0
2026-04-09T12:38:29.205717+00:00,182.52,34.60,182.52,34.6,-99.7,432992273.63621074,-7729.8,1209.9,5351.8,0
2026-04-09T12:38:29.534124+00:00,182.55,34.52,182.55,34.52,-97.7,432992273.63621074,-7738.0,1211.6,5357.5,0
2026-04-09T12:38:29.877777+00:00,182.58,34.44,182.58,34.44,-99.7,432992273.63621074,-7746.6,1213.4,5363.4,0
2026-04-09T12:38:30.206100+00:00,182.61,34.36,182.61,34.36,-101.7,432992273.63621074,-7754.7,1215.2,5369.1,0
2026-04-09T12:38:30.533501+00:00,182.64,34.29,182.64,34.29,-100.7,432992273.63621074,-7762.8,1217.0,5374.7,0
2026-04-09T12:38:30.878325+00:00,182.67,34.21,182.67,34.21,-99.7,432992273.63621074,-7770.8,1218.7,5380.2,0
2026-04-09T12:38:31.205949+00:00,182.70,34.13,182.7,34.13,-100.7,432992273.63621074,-7779.3,1220.6,5386.1,0
2026-04-09T12:38:31.530071+00:00,182.73,34.05,182.73,34.05,-97.7,432992273.63621074,-7787.3,1222.4,5391.6,0
2026-04-09T12:38:31.902628+00:00,182.76,33.97,182.76,33.97,-98.7,432992207.7872005,-7795.6,1224.2,5397.4,0
2026-04-09T12:38:32.227020+00:00,182.79,33.89,182.79,33.89,-97.7,432992207.7872005,-7804.0,1226.1,5403.2,0
2026-04-09T12:38:32.550234+00:00,182.82,33.82,182.82,33.82,-97.7,432992207.7872005,-7811.8,1227.8,5408.6,0
2026-04-09T12:38:32.879322+00:00,182.85,33.74,182.85,33.74,-98.7,432992207.7872005,-7819.6,1229.6,5414.0,0
2026-04-09T12:38:33.222283+00:00,182.88,33.66,182.88,33.66,-95.7,432992207.7872005,-7827.9,1231.5,5419.7,0
2026-04-09T12:38:33.551317+00:00,182.91,33.58,182.91,33.58,-96.7,432992207.7872005,-7835.6,1233.3,5425.1,0
2026-04-09T12:38:33.873901+00:00,182.93,33.51,182.93,33.51,-95.7,432992207.7872005,-7843.2,1235.0,5430.4,0
2026-04-09T12:38:34.222227+00:00,182.96,33.44,182.96,33.44,-99.7,432992207.7872005,-7851.0,1236.8,5435.7,0
2026-04-09T12:38:34.566197+00:00,182.99,33.35,182.99,33.35,-100.7,432992143.7005863,-7859.5,1238.8,5441.6,0
2026-04-09T12:38:34.896417+00:00,183.02,33.28,183.02,33.28,-98.7,432992143.7005863,-7867.1,1240.6,5446.9,0
2026-04-09T12:38:35.237866+00:00,183.05,33.20,183.05,33.2,-100.7,432992143.7005863,-7874.7,1242.3,5452.1,0
2026-04-09T12:38:35.566426+00:00,183.07,33.12,183.07,33.12,-102.7,432992143.7005863,-7882.7,1244.2,5457.6,0
2026-04-09T12:38:35.889761+00:00,183.10,33.05,183.1,33.05,-103.7,432992143.7005863,-7890.2,1246.0,5462.9,0
2026-04-09T12:38:36.214667+00:00,183.13,32.98,183.13,32.98,-97.7,432992143.7005863,-7897.6,1247.8,5468.0,0
2026-04-09T12:38:36.562205+00:00,183.16,32.90,183.16,32.9,-97.7,432992143.7005863,-7905.5,1249.7,5473.4,0
2026-04-09T12:38:36.890283+00:00,183.18,32.83,183.18,32.83,-101.7,432992143.7005863,-7912.9,1251.5,5478.6,0
2026-04-09T12:38:37.236947+00:00,183.21,32.75,183.21,32.75,-103.7,432992082.440576,-7920.6,1253.4,5484.0,0
2026-04-09T12:38:37.582266+00:00,183.24,32.67,183.24,32.67,-101.7,432992082.440576,-7928.5,1255.3,5489.4,0
2026-04-09T12:38:37.909620+00:00,183.27,32.60,183.27,32.6,-102.7,432992082.440576,-7935.8,1257.1,5494.4,0
2026-04-09T12:38:38.236159+00:00,183.29,32.52,183.29,32.52,-100.7,432992082.440576,-7943.0,1258.8,5499.4,0
2026-04-09T12:38:38.577756+00:00,183.32,32.45,183.32,32.45,-101.7,432992082.440576,-7950.2,1260.6,5504.4,0
2026-04-09T12:38:38.905712+00:00,183.35,32.38,183.35,32.38,-100.7,432992082.440576,-7957.9,1262.5,5509.7,0
2026-04-09T12:38:39.229799+00:00,183.37,32.30,183.37,32.3,-103.7,432992082.440576,-7965.0,1264.3,5514.6,0
2026-04-09T12:38:39.558263+00:00,183.40,32.23,183.4,32.23,-97.7,432992082.440576,-7972.1,1266.1,5519.6,0
2026-04-09T12:38:39.926203+00:00,183.43,32.15,183.43,32.15,-102.7,432992023.34212786,-7980.1,1268.2,5525.1,0
2026-04-09T12:38:40.250198+00:00,183.45,32.08,183.45,32.08,-97.7,432992023.34212786,-7987.2,1270.0,5530.1,0
2026-04-09T12:38:40.573929+00:00,183.48,32.01,183.48,32.01,-97.7,432992023.34212786,-7994.2,1271.8,5534.9,0
2026-04-09T12:38:40.921959+00:00,183.50,31.93,183.5,31.93,-101.7,432992023.34212786,-8001.6,1273.7,5540.0,0
2026-04-09T12:38:41.246285+00:00,183.53,31.86,183.53,31.86,-100.7,432992023.34212786,-8008.6,1275.5,5544.9,0
2026-04-09T12:38:41.574245+00:00,183.55,31.79,183.55,31.79,-102.7,432992023.34212786,-8015.5,1277.3,5549.6,0
2026-04-09T12:38:41.921977+00:00,183.58,31.72,183.58,31.72,-99.7,432992023.34212786,-8022.9,1279.2,5554.8,0
2026-04-09T12:38:42.250138+00:00,183.61,31.65,183.61,31.65,-104.7,432992023.34212786,-8029.7,1281.0,5559.5,0
2026-04-09T12:38:42.595257+00:00,183.63,31.57,183.63,31.57,-102.7,432991965.8149555,-8037.1,1283.0,5564.6,0
2026-04-09T12:38:42.938397+00:00,183.66,31.50,183.66,31.5,-106.7,432991965.8149555,-8044.3,1284.9,5569.5,0
2026-04-09T12:38:43.261529+00:00,183.68,31.43,183.68,31.43,-101.7,432991965.8149555,-8051.1,1286.7,5574.3,0
2026-04-09T12:38:43.584939+00:00,183.71,31.36,183.71,31.36,-101.7,432991965.8149555,-8057.8,1288.5,5578.9,0
2026-04-09T12:38:43.928891+00:00,183.73,31.29,183.73,31.29,-103.7,432991965.8149555,-8064.4,1290.3,5583.5,0
2026-04-09T12:38:44.252845+00:00,183.76,31.21,183.76,31.21,-103.7,432991965.8149555,-8071.5,1292.2,5588.4,0
2026-04-09T12:38:44.576854+00:00,183.78,31.15,183.78,31.15,-95.7,432991965.8149555,-8078.1,1294.0,5592.9,0
2026-04-09T12:38:44.897206+00:00,183.80,31.08,183.8,31.08,-102.7,432991965.8149555,-8084.7,1295.8,5597.5,0
2026-04-09T12:38:45.260808+00:00,183.83,31.00,183.83,31.0,-101.7,432991911.22934127,-8092.1,1297.9,5602.6,0
2026-04-09T12:38:45.584817+00:00,183.85,30.93,183.85,30.93,-101.7,432991911.22934127,-8098.6,1299.7,5607.2,0
2026-04-09T12:38:45.908817+00:00,183.88,30.86,183.88,30.86,-100.7,432991911.22934127,-8105.1,1301.5,5611.7,0
2026-04-09T12:38:46.252815+00:00,183.90,30.79,183.9,30.79,-100.7,432991911.22934127,-8112.0,1303.5,5616.4,0
2026-04-09T12:38:46.576870+00:00,183.93,30.72,183.93,30.72,-99.7,432991911.22934127,-8118.3,1305.2,5620.8,0
2026-04-09T12:38:46.900844+00:00,183.95,30.66,183.95,30.66,-100.7,432991911.22934127,-8124.7,1307.1,5625.3,0
2026-04-09T12:38:47.244830+00:00,183.97,30.59,183.97,30.59,-109.7,432991911.22934127,-8131.1,1308.9,5629.7,0
2026-04-09T12:38:47.569961+00:00,184.00,30.52,184.0,30.52,-101.7,432991911.22934127,-8137.9,1310.8,5634.4,0
2026-04-09T12:38:47.908834+00:00,184.02,30.45,184.02,30.45,-101.7,432991858.0281141,-8144.7,1312.8,5639.0,0
2026-04-09T12:38:48.257899+00:00,184.04,30.38,184.04,30.38,-104.7,432991858.0281141,-8151.0,1314.6,5643.4,0
2026-04-09T12:38:48.580836+00:00,184.07,30.31,184.07,30.31,-103.7,432991858.0281141,-8157.7,1316.6,5648.1,0
2026-04-09T12:38:48.904881+00:00,184.09,30.24,184.09,30.24,-102.7,432991858.0281141,-8163.9,1318.4,5652.3,0
2026-04-09T12:38:49.228817+00:00,184.11,30.17,184.11,30.17,-98.7,432991858.0281141,-8170.1,1320.2,5656.7,0
2026-04-09T12:38:49.572853+00:00,184.14,30.10,184.14,30.1,-101.7,432991858.0281141,-8176.7,1322.2,5661.2,0
2026-04-09T12:38:49.898061+00:00,184.16,30.04,184.16,30.04,-102.7,432991858.0281141,-8182.9,1324.0,5665.5,0
2026-04-09T12:38:50.216857+00:00,184.18,29.97,184.18,29.97,-103.7,432991858.0281141,-8189.0,1325.8,5669.7,0
2026-04-09T12:38:50.580897+00:00,184.21,29.90,184.21,29.9,-109.7,432991807.1668749,-8195.5,1327.8,5674.3,0
2026-04-09T12:38:50.905032+00:00,184.23,29.83,184.23,29.83,-101.7,432991807.1668749,-8202.0,1329.7,5678.7,0
2026-04-09T12:38:51.228817+00:00,184.25,29.76,184.25,29.76,-101.7,432991807.1668749,-8208.1,1331.6,5682.9,0
2026-04-09T12:38:51.553484+00:00,184.27,29.70,184.27,29.7,-105.7,432991807.1668749,-8214.1,1333.4,5687.1,0
2026-04-09T12:38:51.896814+00:00,184.30,29.63,184.3,29.63,-103.7,432991807.1668749,-8220.4,1335.3,5691.5,0
2026-04-09T12:38:52.220830+00:00,184.32,29.57,184.32,29.57,-101.7,432991807.1668749,-8226.4,1337.2,5695.6,0
2026-04-09T12:38:52.549302+00:00,184.34,29.50,184.34,29.5,-102.7,432991807.1668749,-8232.3,1339.0,5699.7,0
2026-04-09T12:38:52.889937+00:00,184.36,29.44,184.36,29.44,-103.7,432991807.1668749,-8238.2,1340.9,5703.8,0
2026-04-09T12:38:53.208832+00:00,184.38,29.37,184.38,29.37,-107.7,432991807.1668749,-8244.5,1342.8,5708.2,0
2026-04-09T12:38:53.538992+00:00,184.41,29.30,184.41,29.3,-100.7,432991807.1668749,-8250.4,1344.7,5712.3,0
2026-04-09T12:38:53.902232+00:00,184.43,29.23,184.43,29.23,-101.7,432991745.79402614,-8256.7,1346.7,5716.6,0
2026-04-09T12:38:54.229934+00:00,184.45,29.16,184.45,29.16,-99.7,432991745.79402614,-8262.9,1348.6,5720.9,0
2026-04-09T12:38:54.553914+00:00,184.47,29.10,184.47,29.1,-104.7,432991745.79402614,-8268.8,1350.5,5725.0,0
2026-04-09T12:38:54.881694+00:00,184.49,29.04,184.49,29.04,-104.7,432991745.79402614,-8274.6,1352.4,5729.0,0
2026-04-09T12:38:55.226245+00:00,184.52,28.97,184.52,28.97,-101.7,432991745.79402614,-8280.7,1354.4,5733.2,0
2026-04-09T12:38:55.554033+00:00,184.54,28.90,184.54,28.9,-108.7,432991745.79402614,-8286.5,1356.2,5737.2,0
2026-04-09T12:38:55.878001+00:00,184.56,28.84,184.56,28.84,-106.7,432991745.79402614,-8292.3,1358.1,5741.2,0
2026-04-09T12:38:56.225899+00:00,184.58,28.78,184.58,28.78,-100.7,432991745.79402614,-8297.9,1360.0,5745.2,0
2026-04-09T12:38:56.550249+00:00,184.60,28.71,184.6,28.71,-100.7,432991745.79402614,-8304.0,1362.0,5749.4,0
2026-04-09T12:38:56.877628+00:00,184.62,28.64,184.62,28.64,-99.7,432991745.79402614,-8309.6,1363.8,5753.3,0
2026-04-09T12:38:57.242191+00:00,184.64,28.58,184.64,28.58,-105.7,432991686.7618705,-8315.6,1365.8,5757.4,0
2026-04-09T12:38:57.574492+00:00,184.67,28.51,184.67,28.51,-101.7,432991686.7618705,-8321.6,1367.8,5761.6,0
2026-04-09T12:38:57.893940+00:00,184.69,28.45,184.69,28.45,-99.7,432991686.7618705,-8327.2,1369.7,5765.4,0
2026-04-09T12:38:58.216812+00:00,184.71,28.38,184.71,28.38,-102.7,432991686.7618705,-8332.8,1371.6,5769.3,0
2026-04-09T12:38:58.560842+00:00,184.73,28.32,184.73,28.32,-97.7,432991686.7618705,-8338.6,1373.6,5773.3,0
2026-04-09T12:38:58.887239+00:00,184.75,28.25,184.75,28.25,-100.7,432991686.7618705,-8344.1,1375.4,5777.1,0
2026-04-09T12:38:59.208849+00:00,184.77,28.19,184.77,28.19,-109.7,432991686.7618705,-8349.6,1377.3,5780.9,0
2026-04-09T12:38:59.552903+00:00,184.79,28.13,184.79,28.13,-101.7,432991686.7618705,-8354.9,1379.2,5784.6,0
2026-04-09T12:38:59.877603+00:00,184.81,28.07,184.81,28.07,-101.7,432991686.7618705,-8360.8,1381.2,5788.7,0
2026-04-09T12:39:00.200840+00:00,184.83,28.00,184.83,28.0,-99.7,432991686.7618705,-8366.1,1383.0,5792.3,0
2026-04-09T12:39:00.566301+00:00,184.85,27.94,184.85,27.94,-107.7,432991630.5090678,-8371.8,1385.0,5796.3,0
2026-04-09T12:39:00.888831+00:00,184.87,27.87,184.87,27.87,-105.7,432991630.5090678,-8377.4,1387.0,5800.2,0
2026-04-09T12:39:01.208830+00:00,184.89,27.81,184.89,27.81,-100.7,432991630.5090678,-8382.8,1388.9,5803.9,0
2026-04-09T12:39:01.532850+00:00,184.91,27.75,184.91,27.75,-101.7,432991630.5090678,-8388.1,1390.8,5807.6,0
2026-04-09T12:39:01.877106+00:00,184.93,27.69,184.93,27.69,-103.7,432991630.5090678,-8393.7,1392.8,5811.5,0
2026-04-09T12:39:02.200828+00:00,184.95,27.63,184.95,27.63,-98.7,432991630.5090678,-8398.9,1394.7,5815.1,0
2026-04-09T12:39:02.524825+00:00,184.97,27.57,184.97,27.57,-108.7,432991630.5090678,-8404.1,1396.5,5818.7,0
2026-04-09T12:39:02.869070+00:00,184.99,27.51,184.99,27.51,-105.7,432991630.5090678,-8409.3,1398.4,5822.3,0
2026-04-09T12:39:03.194060+00:00,185.01,27.44,185.01,27.44,-104.7,432991630.5090678,-8414.8,1400.4,5826.1,0
2026-04-09T12:39:03.523274+00:00,185.03,27.38,185.03,27.38,-100.7,432991630.5090678,-8420.0,1402.3,5829.7,0
2026-04-09T12:39:03.891309+00:00,185.05,27.32,185.05,27.32,-104.7,432991576.646325,-8425.5,1404.3,5833.5,0
2026-04-09T12:39:04.214329+00:00,185.07,27.25,185.07,27.25,-100.7,432991576.646325,-8431.0,1406.4,5837.3,0
2026-04-09T12:39:04.537927+00:00,185.09,27.19,185.09,27.19,-100.7,432991576.646325,-8436.2,1408.3,5840.9,0
2026-04-09T12:39:04.865711+00:00,185.11,27.13,185.11,27.13,-97.7,432991576.646325,-8441.2,1410.2,5844.4,0
2026-04-09T12:39:05.210807+00:00,185.13,27.07,185.13,27.07,-101.7,432991576.646325,-8446.7,1412.2,5848.2,0
2026-04-09T12:39:05.538226+00:00,185.15,27.01,185.15,27.01,-101.7,432991576.646325,-8451.7,1414.1,5851.6,0
2026-04-09T12:39:05.862436+00:00,185.16,26.95,185.16,26.95,-103.7,432991576.646325,-8456.8,1416.0,5855.1,0
2026-04-09T12:39:06.209944+00:00,185.18,26.89,185.18,26.89,-105.7,432991576.646325,-8461.8,1417.9,5858.6,0
2026-04-09T12:39:06.534308+00:00,185.20,26.82,185.2,26.82,-99.7,432991576.646325,-8467.1,1419.9,5862.3,0
2026-04-09T12:39:06.862212+00:00,185.22,26.77,185.22,26.77,-98.7,432991576.646325,-8472.0,1421.8,5865.7,0
2026-04-09T12:39:07.225997+00:00,185.24,26.70,185.24,26.7,-108.7,432991524.80198056,-8477.3,1423.9,5869.3,0
2026-04-09T12:39:07.554437+00:00,185.26,26.64,185.26,26.64,-103.7,432991524.80198056,-8482.5,1425.9,5873.0,0
2026-04-09T12:39:07.881622+00:00,185.28,26.58,185.28,26.58,-103.7,432991524.80198056,-8487.5,1427.8,5876.4,0
2026-04-09T12:39:08.206909+00:00,185.30,26.52,185.3,26.52,-101.7,432991524.80198056,-8492.3,1429.7,5879.8,0
2026-04-09T12:39:08.554264+00:00,185.32,26.46,185.32,26.46,-102.7,432991524.80198056,-8497.6,1431.8,5883.4,0
2026-04-09T12:39:08.878443+00:00,185.34,26.40,185.34,26.4,-105.7,432991524.80198056,-8502.3,1433.7,5886.7,0
2026-04-09T12:39:09.202310+00:00,185.35,26.34,185.35,26.34,-100.7,432991524.80198056,-8507.2,1435.6,5890.1,0
2026-04-09T12:39:09.549931+00:00,185.37,26.28,185.37,26.28,-106.7,432991524.80198056,-8512.0,1437.5,5893.4,0
2026-04-09T12:39:09.879268+00:00,185.39,26.22,185.39,26.22,-104.7,432991524.80198056,-8517.1,1439.6,5896.9,0
2026-04-09T12:39:10.202383+00:00,185.41,26.16,185.41,26.16,-103.7,432991524.80198056,-8521.8,1441.5,5900.2,0
2026-04-09T12:39:10.526224+00:00,185.43,26.11,185.43,26.11,-100.7,432991524.80198056,-8526.6,1443.4,5903.5,0
2026-04-09T12:39:10.873917+00:00,185.44,26.05,185.44,26.05,-102.7,432991524.80198056,-8531.6,1445.5,5907.0,0
2026-04-09T12:39:11.223713+00:00,185.46,25.98,185.46,25.98,-100.7,432991465.3904056,-8536.6,1447.5,5910.4,0
2026-04-09T12:39:11.546201+00:00,185.48,25.93,185.48,25.93,-101.7,432991465.3904056,-8541.3,1449.4,5913.7,0
2026-04-09T12:39:11.893920+00:00,185.50,25.87,185.5,25.87,-106.7,432991465.3904056,-8546.3,1451.5,5917.1,0
2026-04-09T12:39:12.217705+00:00,185.52,25.81,185.52,25.81,-102.7,432991465.3904056,-8551.0,1453.4,5920.3,0
2026-04-09T12:39:12.547260+00:00,185.54,25.75,185.54,25.75,-99.7,432991465.3904056,-8555.5,1455.4,5923.5,0
2026-04-09T12:39:12.894563+00:00,185.55,25.69,185.55,25.69,-104.7,432991465.3904056,-8560.4,1457.4,5926.9,0
2026-04-09T12:39:13.216823+00:00,185.57,25.63,185.57,25.63,-104.7,432991465.3904056,-8565.0,1459.3,5930.1,0
2026-04-09T12:39:13.537027+00:00,185.59,25.58,185.59,25.58,-101.7,432991465.3904056,-8569.6,1461.3,5933.2,0
2026-04-09T12:39:13.881245+00:00,185.61,25.52,185.61,25.52,-111.7,432991465.3904056,-8574.1,1463.2,5936.4,0
2026-04-09T12:39:14.204812+00:00,185.62,25.46,185.62,25.46,-103.7,432991465.3904056,-8578.9,1465.2,5939.7,0
2026-04-09T12:39:14.528833+00:00,185.64,25.41,185.64,25.41,-101.7,432991465.3904056,-8583.4,1467.2,5942.8,0
2026-04-09T12:39:14.851833+00:00,185.66,25.35,185.66,25.35,-102.7,432991465.3904056,-8587.8,1469.1,5945.9,0
2026-04-09T12:39:15.216824+00:00,185.68,25.29,185.68,25.29,-103.7,432991409.4140571,-8592.8,1471.2,5949.3,0
2026-04-09T12:39:15.540845+00:00,185.69,25.23,185.69,25.23,-101.7,432991409.4140571,-8597.3,1473.2,5952.4,0
2026-04-09T12:39:15.864902+00:00,185.71,25.18,185.71,25.18,-101.7,432991409.4140571,-8601.6,1475.1,5955.4,0
2026-04-09T12:39:16.208820+00:00,185.73,25.12,185.73,25.12,-101.7,432991409.4140571,-8606.3,1477.1,5958.6,0
2026-04-09T12:39:16.529449+00:00,185.74,25.06,185.74,25.06,-104.7,432991409.4140571,-8610.6,1479.1,5961.7,0
2026-04-09T12:39:16.853117+00:00,185.76,25.01,185.76,25.01,-101.7,432991409.4140571,-8615.0,1481.0,5964.7,0
2026-04-09T12:39:17.196839+00:00,185.78,24.95,185.78,24.95,-107.7,432991409.4140571,-8619.3,1482.9,5967.7,0
2026-04-09T12:39:17.520834+00:00,185.79,24.89,185.79,24.89,-103.7,432991409.4140571,-8623.9,1485.0,5970.9,0
2026-04-09T12:39:17.844938+00:00,185.81,24.84,185.81,24.84,-101.7,432991409.4140571,-8628.2,1486.9,5973.8,0
2026-04-09T12:39:18.174183+00:00,185.83,24.78,185.83,24.78,-101.7,432991409.4140571,-8632.4,1488.8,5976.8,0
2026-04-09T12:39:18.521716+00:00,185.84,24.73,185.84,24.73,-100.7,432991409.4140571,-8637.0,1490.9,5979.9,0
2026-04-09T12:39:18.846084+00:00,185.86,24.67,185.86,24.67,-98.7,432991409.4140571,-8641.3,1492.9,5982.9,0
2026-04-09T12:39:19.194589+00:00,185.88,24.61,185.88,24.61,-99.7,432991355.98503727,-8645.9,1495.0,5986.1,0
2026-04-09T12:39:19.538345+00:00,185.90,24.55,185.9,24.55,-101.7,432991355.98503727,-8650.3,1497.0,5989.2,0
2026-04-09T12:39:19.866674+00:00,185.91,24.50,185.91,24.5,-106.7,432991355.98503727,-8654.6,1499.0,5992.1,0
2026-04-09T12:39:20.189870+00:00,185.93,24.45,185.93,24.45,-99.7,432991355.98503727,-8658.8,1500.9,5995.0,0
2026-04-09T12:39:20.537904+00:00,185.94,24.39,185.94,24.39,-107.7,432991355.98503727,-8662.9,1502.9,5997.9,0
2026-04-09T12:39:20.862352+00:00,185.96,24.33,185.96,24.33,-101.7,432991355.98503727,-8667.3,1504.9,6000.9,0
2026-04-09T12:39:21.186526+00:00,185.98,24.28,185.98,24.28,-101.7,432991355.98503727,-8671.5,1506.9,6003.8,0
2026-04-09T12:39:21.513513+00:00,185.99,24.23,185.99,24.23,-98.7,432991355.98503727,-8675.6,1508.9,6006.7,0
2026-04-09T12:39:21.863084+00:00,186.01,24.17,186.01,24.17,-105.7,432991355.98503727,-8680.0,1510.9,6009.7,0
2026-04-09T12:39:22.185959+00:00,186.03,24.12,186.03,24.12,-105.7,432991355.98503727,-8684.1,1512.9,6012.5,0
2026-04-09T12:39:22.510185+00:00,186.04,24.06,186.04,24.06,-99.7,432991355.98503727,-8688.2,1514.9,6015.4,0
2026-04-09T12:39:22.862332+00:00,186.06,24.01,186.06,24.01,-103.7,432991355.98503727,-8692.2,1516.8,6018.1,0
2026-04-09T12:39:23.213614+00:00,186.07,23.95,186.07,23.95,-106.7,432991304.9115206,-8696.8,1519.1,6021.4,0
2026-04-09T12:39:23.534031+00:00,186.09,23.89,186.09,23.89,-101.7,432991304.9115206,-8700.9,1521.0,6024.1,0
2026-04-09T12:39:23.883108+00:00,186.11,23.84,186.11,23.84,-106.7,432991304.9115206,-8704.9,1523.0,6026.9,0
2026-04-09T12:39:24.205894+00:00,186.12,23.79,186.12,23.79,-102.7,432991304.9115206,-8709.1,1525.1,6029.8,0
2026-04-09T12:39:24.530054+00:00,186.14,23.73,186.14,23.73,-104.7,432991304.9115206,-8713.1,1527.0,6032.6,0
2026-04-09T12:39:24.858594+00:00,186.15,23.68,186.15,23.68,-100.7,432991304.9115206,-8717.0,1529.0,6035.3,0
2026-04-09T12:39:25.205971+00:00,186.17,23.62,186.17,23.62,-101.7,432991304.9115206,-8721.2,1531.1,6038.2,0
2026-04-09T12:39:25.530014+00:00,186.19,23.57,186.19,23.57,-97.7,432991304.9115206,-8725.2,1533.1,6041.0,0
2026-04-09T12:39:25.854235+00:00,186.20,23.52,186.2,23.52,-101.7,432991304.9115206,-8729.1,1535.0,6043.7,0
2026-04-09T12:39:26.202231+00:00,186.22,23.47,186.22,23.47,-106.7,432991304.9115206,-8732.9,1537.0,6046.3,0
2026-04-09T12:39:26.531016+00:00,186.23,23.41,186.23,23.41,-106.7,432991304.9115206,-8737.1,1539.1,6049.2,0
2026-04-09T12:39:26.854110+00:00,186.25,23.36,186.25,23.36,-101.7,432991304.9115206,-8740.9,1541.0,6051.9,0
2026-04-09T12:39:27.201890+00:00,186.26,23.31,186.26,23.31,-103.7,432991304.9115206,-8744.8,1543.0,6054.5,0
2026-04-09T12:39:27.526245+00:00,186.28,23.25,186.28,23.25,-107.7,432991304.9115206,-8748.8,1545.1,6057.3,0
2026-04-09T12:39:27.873849+00:00,186.29,23.20,186.29,23.2,-102.7,432991248.74193627,-8752.9,1547.2,6060.2,0
2026-04-09T12:39:28.222296+00:00,186.31,23.15,186.31,23.15,-102.7,432991248.74193627,-8756.7,1549.2,6062.8,0
2026-04-09T12:39:28.546249+00:00,186.32,23.09,186.32,23.09,-106.7,432991248.74193627,-8760.7,1551.3,6065.6,0
2026-04-09T12:39:28.869744+00:00,186.34,23.04,186.34,23.04,-107.7,432991248.74193627,-8764.5,1553.3,6068.2,0
2026-04-09T12:39:29.217903+00:00,186.35,22.99,186.35,22.99,-101.7,432991248.74193627,-8768.2,1555.3,6070.8,0
2026-04-09T12:39:29.541378+00:00,186.37,22.93,186.37,22.93,-107.7,432991248.74193627,-8772.2,1557.3,6073.5,0
2026-04-09T12:39:29.871326+00:00,186.38,22.88,186.38,22.88,-104.7,432991248.74193627,-8775.9,1559.3,6076.1,0
2026-04-09T12:39:30.193719+00:00,186.40,22.83,186.4,22.83,-101.7,432991248.74193627,-8779.6,1561.3,6078.6,0
2026-04-09T12:39:30.542454+00:00,186.41,22.78,186.41,22.78,-101.7,432991248.74193627,-8783.5,1563.4,6081.4,0
2026-04-09T12:39:30.866274+00:00,186.43,22.73,186.43,22.73,-102.7,432991248.74193627,-8787.2,1565.4,6083.9,0
2026-04-09T12:39:31.190523+00:00,186.44,22.68,186.44,22.68,-100.7,432991248.74193627,-8790.9,1567.4,6086.5,0
2026-04-09T12:39:31.537881+00:00,186.46,22.63,186.46,22.63,-103.7,432991248.74193627,-8794.5,1569.4,6089.0,0
2026-04-09T12:39:31.867290+00:00,186.47,22.57,186.47,22.57,-101.7,432991248.74193627,-8798.4,1571.5,6091.6,0
2026-04-09T12:39:32.190403+00:00,186.49,22.52,186.49,22.52,-95.7,432991248.74193627,-8802.0,1573.5,6094.1,0
2026-04-09T12:39:32.558390+00:00,186.50,22.47,186.5,22.47,-105.7,432991195.74029213,-8805.8,1575.6,6096.8,0
2026-04-09T12:39:32.882098+00:00,186.52,22.41,186.52,22.41,-100.7,432991195.74029213,-8809.6,1577.7,6099.4,0
2026-04-09T12:39:33.211383+00:00,186.53,22.36,186.53,22.36,-98.7,432991195.74029213,-8813.2,1579.7,6101.9,0
2026-04-09T12:39:33.536285+00:00,186.55,22.31,186.55,22.31,-100.7,432991195.74029213,-8816.8,1581.7,6104.4,0
2026-04-09T12:39:33.876923+00:00,186.56,22.26,186.56,22.26,-99.7,432991195.74029213,-8820.5,1583.8,6106.9,0
2026-04-09T12:39:34.200864+00:00,186.57,22.21,186.57,22.21,-104.7,432991195.74029213,-8824.0,1585.7,6109.4,0
2026-04-09T12:39:34.521043+00:00,186.59,22.16,186.59,22.16,-103.7,432991195.74029213,-8827.4,1587.7,6111.8,0
2026-04-09T12:39:34.864867+00:00,186.60,22.11,186.6,22.11,-104.7,432991195.74029213,-8830.9,1589.7,6114.2,0
2026-04-09T12:39:35.188835+00:00,186.62,22.06,186.62,22.06,-101.7,432991195.74029213,-8834.6,1591.8,6116.7,0
2026-04-09T12:39:35.512845+00:00,186.63,22.01,186.63,22.01,-102.7,432991195.74029213,-8838.1,1593.8,6119.1,0
2026-04-09T12:39:35.836974+00:00,186.65,21.96,186.65,21.96,-107.7,432991195.74029213,-8841.4,1595.7,6121.5,0
2026-04-09T12:39:36.180816+00:00,186.66,21.91,186.66,21.91,-110.7,432991195.74029213,-8845.1,1597.9,6124.0,0
2026-04-09T12:39:36.506043+00:00,186.67,21.86,186.67,21.86,-111.7,432991195.74029213,-8848.5,1599.8,6126.3,0
2026-04-09T12:39:36.824833+00:00,186.69,21.81,186.69,21.81,-100.7,432991195.74029213,-8851.9,1601.8,6128.7,0
2026-04-09T12:39:37.168828+00:00,186.70,21.77,186.7,21.77,-107.7,432991195.74029213,-8855.3,1603.8,6131.0,0
2026-04-09T12:39:37.492810+00:00,186.72,21.71,186.72,21.71,-104.7,432991195.74029213,-8858.8,1605.9,6133.5,0
2026-04-09T12:39:37.836875+00:00,186.73,21.66,186.73,21.66,-102.7,432991139.08338654,-8862.4,1608.0,6136.0,0
2026-04-09T12:39:38.180856+00:00,186.74,21.61,186.74,21.61,-103.7,432991139.08338654,-8865.7,1610.0,6138.3,0
2026-04-09T12:39:38.506054+00:00,186.76,21.56,186.76,21.56,-101.7,432991139.08338654,-8869.2,1612.1,6140.7,0
2026-04-09T12:39:38.837469+00:00,186.77,21.52,186.77,21.52,-103.7,432991139.08338654,-8872.6,1614.1,6143.0,0
2026-04-09T12:39:39.158524+00:00,186.78,21.47,186.78,21.47,-103.7,432991139.08338654,-8875.9,1616.1,6145.3,0
2026-04-09T12:39:39.506246+00:00,186.80,21.42,186.8,21.42,-103.7,432991139.08338654,-8879.4,1618.2,6147.8,0
2026-04-09T12:39:39.830410+00:00,186.81,21.37,186.81,21.37,-103.7,432991139.08338654,-8882.7,1620.3,6150.0,0
2026-04-09T12:39:40.158236+00:00,186.83,21.32,186.83,21.32,-102.7,432991139.08338654,-8886.0,1622.3,6152.3,0
2026-04-09T12:39:40.502013+00:00,186.84,21.27,186.84,21.27,-106.7,432991139.08338654,-8889.2,1624.3,6154.6,0
2026-04-09T12:39:40.830648+00:00,186.85,21.22,186.85,21.22,-99.7,432991139.08338654,-8892.7,1626.4,6156.9,0
2026-04-09T12:39:41.154259+00:00,186.87,21.17,186.87,21.17,-98.7,432991139.08338654,-8895.9,1628.4,6159.2,0
2026-04-09T12:39:41.479198+00:00,186.88,21.13,186.88,21.13,-102.7,432991139.08338654,-8899.1,1630.4,6161.4,0
2026-04-09T12:39:41.826161+00:00,186.89,21.08,186.89,21.08,-100.7,432991139.08338654,-8902.5,1632.5,6163.8,0
2026-04-09T12:39:42.154963+00:00,186.91,21.03,186.91,21.03,-99.7,432991139.08338654,-8905.7,1634.5,6166.0,0
2026-04-09T12:39:42.477702+00:00,186.92,20.98,186.92,20.98,-103.7,432991139.08338654,-8908.9,1636.5,6168.2,0
2026-04-09T12:39:42.826475+00:00,186.93,20.93,186.93,20.93,-107.7,432991139.08338654,-8912.1,1638.5,6170.4,0
2026-04-09T12:39:43.169737+00:00,186.95,20.88,186.95,20.88,-107.7,432991085.6861025,-8915.6,1640.8,6172.8,0
2026-04-09T12:39:43.497958+00:00,186.96,20.83,186.96,20.83,-99.7,432991085.6861025,-8918.8,1642.8,6175.0,0
2026-04-09T12:39:43.845325+00:00,186.97,20.79,186.97,20.79,-105.7,432991085.6861025,-8921.9,1644.9,6177.2,0
2026-04-09T12:39:44.169976+00:00,186.99,20.74,186.99,20.74,-101.7,432991085.6861025,-8925.2,1647.0,6179.5,0
2026-04-09T12:39:44.494219+00:00,187.00,20.69,187.0,20.69,-99.7,432991085.6861025,-8928.4,1649.0,6181.7,0
2026-04-09T12:39:44.817912+00:00,187.01,20.64,187.01,20.64,-97.7,432991085.6861025,-8931.4,1651.0,6183.8,0
2026-04-09T12:39:45.166233+00:00,187.03,20.59,187.03,20.59,-108.7,432991085.6861025,-8934.7,1653.2,6186.1,0
2026-04-09T12:39:45.489768+00:00,187.04,20.55,187.04,20.55,-97.7,432991085.6861025,-8937.8,1655.2,6188.2,0
2026-04-09T12:39:45.818248+00:00,187.05,20.50,187.05,20.5,-100.7,432991085.6861025,-8940.8,1657.2,6190.3,0
2026-04-09T12:39:46.162274+00:00,187.06,20.45,187.06,20.45,-98.7,432991085.6861025,-8944.1,1659.3,6192.5,0
2026-04-09T12:39:46.489882+00:00,187.08,20.41,187.08,20.41,-104.7,432991085.6861025,-8947.1,1661.3,6194.6,0
2026-04-09T12:39:46.814042+00:00,187.09,20.36,187.09,20.36,-100.7,432991085.6861025,-8950.1,1663.4,6196.7,0
2026-04-09T12:39:47.162230+00:00,187.10,20.31,187.1,20.31,-100.7,432991085.6861025,-8953.1,1665.4,6198.8,0
2026-04-09T12:39:47.485887+00:00,187.12,20.26,187.12,20.26,-97.7,432991085.6861025,-8956.3,1667.5,6201.0,0
2026-04-09T12:39:47.814458+00:00,187.13,20.22,187.13,20.22,-99.7,432991085.6861025,-8959.3,1669.6,6203.1,0
2026-04-09T12:39:48.157892+00:00,187.14,20.17,187.14,20.17,-105.7,432991085.6861025,-8962.3,1671.6,6205.2,0
2026-04-09T12:39:48.506230+00:00,187.15,20.12,187.15,20.12,-103.7,432991035.66480476,-8965.6,1673.9,6207.4,0
2026-04-09T12:39:48.830355+00:00,187.17,20.08,187.17,20.08,-101.7,432991035.66480476,-8968.6,1675.9,6209.5,0
2026-04-09T12:39:49.178516+00:00,187.18,20.03,187.18,20.03,-104.7,432991035.66480476,-8971.5,1677.9,6211.5,0
2026-04-09T12:39:49.502298+00:00,187.19,19.98,187.19,19.98,-101.7,432991035.66480476,-8974.6,1680.1,6213.7,0
2026-04-09T12:39:49.832610+00:00,187.20,19.94,187.2,19.94,-98.7,432991035.66480476,-8977.5,1682.1,6215.7,0
2026-04-09T12:39:50.174218+00:00,187.22,19.89,187.22,19.89,-103.7,432991035.66480476,-8980.4,1684.1,6217.7,0
2026-04-09T12:39:50.501751+00:00,187.23,19.84,187.23,19.84,-102.7,432991035.66480476,-8983.5,1686.2,6219.8,0
2026-04-09T12:39:50.826068+00:00,187.24,19.80,187.24,19.8,-100.7,432991035.66480476,-8986.4,1688.3,6221.8,0
2026-04-09T12:39:51.148825+00:00,187.25,19.75,187.25,19.75,-103.7,432991035.66480476,-8989.2,1690.3,6223.8,0
2026-04-09T12:39:51.492824+00:00,187.27,19.71,187.27,19.71,-100.7,432991035.66480476,-8992.3,1692.4,6225.9,0
2026-04-09T12:39:51.816833+00:00,187.28,19.66,187.28,19.66,-102.7,432991035.66480476,-8995.1,1694.5,6227.9,0
2026-04-09T12:39:52.140835+00:00,187.29,19.62,187.29,19.62,-101.7,432991035.66480476,-8997.9,1696.5,6229.8,0
2026-04-09T12:39:52.484890+00:00,187.30,19.57,187.3,19.57,-103.7,432991035.66480476,-9000.7,1698.5,6231.7,0
2026-04-09T12:39:52.809040+00:00,187.31,19.53,187.31,19.53,-107.7,432991035.66480476,-9003.6,1700.6,6233.8,0
2026-04-09T12:39:53.129046+00:00,187.33,19.48,187.33,19.48,-104.7,432991035.66480476,-9006.4,1702.6,6235.7,0
2026-04-09T12:39:53.452836+00:00,187.34,19.44,187.34,19.44,-98.7,432991035.66480476,-9009.2,1704.7,6237.6,0
2026-04-09T12:39:53.796833+00:00,187.35,19.39,187.35,19.39,-101.7,432991035.66480476,-9012.1,1706.8,6239.7,0
2026-04-09T12:39:54.124867+00:00,187.36,19.35,187.36,19.35,-102.7,432991035.66480476,-9014.9,1708.8,6241.6,0
2026-04-09T12:39:54.464819+00:00,187.38,19.30,187.38,19.3,-101.7,432990983.3669906,-9017.8,1711.0,6243.6,0
2026-04-09T12:39:54.808857+00:00,187.39,19.25,187.39,19.25,-101.7,432990983.3669906,-9020.7,1713.1,6245.6,0
2026-04-09T12:39:55.132948+00:00,187.40,19.21,187.4,19.21,-104.7,432990983.3669906,-9023.4,1715.1,6247.4,0
2026-04-09T12:39:55.457973+00:00,187.41,19.17,187.41,19.17,-104.7,432990983.3669906,-9026.1,1717.1,6249.3,0
2026-04-09T12:39:55.796823+00:00,187.42,19.12,187.42,19.12,-108.7,432990983.3669906,-9028.8,1719.2,6251.2,0
2026-04-09T12:39:56.126250+00:00,187.43,19.08,187.43,19.08,-105.7,432990983.3669906,-9031.6,1721.3,6253.2,0
2026-04-09T12:39:56.450415+00:00,187.45,19.03,187.45,19.03,-99.7,432990983.3669906,-9034.3,1723.4,6255.0,0
2026-04-09T12:39:56.774584+00:00,187.46,18.99,187.46,18.99,-105.7,432990983.3669906,-9037.0,1725.4,6256.9,0
2026-04-09T12:39:57.122011+00:00,187.47,18.94,187.47,18.94,-101.7,432990983.3669906,-9039.8,1727.6,6258.8,0
2026-04-09T12:39:57.450460+00:00,187.48,18.90,187.48,18.9,-101.7,432990983.3669906,-9042.5,1729.6,6260.7,0
2026-04-09T12:39:57.774233+00:00,187.49,18.86,187.49,18.86,-99.7,432990983.3669906,-9045.2,1731.7,6262.5,0
2026-04-09T12:39:58.122331+00:00,187.50,18.81,187.5,18.81,-101.7,432990983.3669906,-9047.8,1733.7,6264.3,0
2026-04-09T12:39:58.445795+00:00,187.52,18.77,187.52,18.77,-102.7,432990983.3669906,-9050.6,1735.9,6266.3,0
2026-04-09T12:39:58.773977+00:00,187.53,18.72,187.53,18.72,-103.7,432990983.3669906,-9053.2,1737.9,6268.1,0
2026-04-09T12:39:59.126312+00:00,187.54,18.68,187.54,18.68,-104.7,432990983.3669906,-9055.8,1740.0,6269.9,0
2026-04-09T12:39:59.446524+00:00,187.55,18.63,187.55,18.63,-104.7,432990983.3669906,-9058.6,1742.1,6271.8,0
2026-04-09T12:39:59.770105+00:00,187.56,18.59,187.56,18.59,-100.7,432990983.3669906,-9061.2,1744.2,6273.6,0
2026-04-09T12:40:00.098003+00:00,187.57,18.55,187.57,18.55,-104.7,432990983.3669906,-9063.7,1746.2,6275.4,0
2026-04-09T12:40:00.441902+00:00,187.59,18.50,187.59,18.5,-103.7,432990983.3669906,-9066.5,1748.4,6277.3,0
2026-04-09T12:40:00.770197+00:00,187.60,18.46,187.6,18.46,-103.7,432990983.3669906,-9069.0,1750.4,6279.0,0
2026-04-09T12:40:01.113914+00:00,187.61,18.41,187.61,18.41,-100.7,432990929.3533265,-9071.7,1752.6,6280.9,0
2026-04-09T12:40:01.461916+00:00,187.62,18.37,187.62,18.37,-99.7,432990929.3533265,-9074.4,1754.8,6282.8,0
2026-04-09T12:40:01.789940+00:00,187.63,18.33,187.63,18.33,-102.7,432990929.3533265,-9077.0,1756.8,6284.5,0
2026-04-09T12:40:02.114213+00:00,187.64,18.28,187.64,18.28,-103.7,432990929.3533265,-9079.5,1758.9,6286.3,0
2026-04-09T12:40:02.462242+00:00,187.65,18.24,187.65,18.24,-104.7,432990929.3533265,-9082.1,1761.1,6288.1,0
2026-04-09T12:40:02.786216+00:00,187.67,18.20,187.67,18.2,-103.7,432990929.3533265,-9084.6,1763.1,6289.9,0
2026-04-09T12:40:03.115295+00:00,187.68,18.16,187.68,18.16,-105.7,432990929.3533265,-9087.1,1765.2,6291.6,0
2026-04-09T12:40:03.457927+00:00,187.69,18.11,187.69,18.11,-103.7,432990929.3533265,-9089.7,1767.3,6293.4,0
2026-04-09T12:40:03.782474+00:00,187.70,18.07,187.7,18.07,-101.7,432990929.3533265,-9092.2,1769.4,6295.1,0
2026-04-09T12:40:04.109792+00:00,187.71,18.03,187.71,18.03,-101.7,432990929.3533265,-9094.7,1771.4,6296.8,0
2026-04-09T12:40:04.459094+00:00,187.72,17.99,187.72,17.99,-104.7,432990929.3533265,-9097.1,1773.5,6298.5,0
2026-04-09T12:40:04.782206+00:00,187.73,17.94,187.73,17.94,-105.7,432990929.3533265,-9099.7,1775.7,6300.3,0
2026-04-09T12:40:05.111326+00:00,187.74,17.90,187.74,17.9,-104.7,432990929.3533265,-9102.1,1777.7,6302.0,0
2026-04-09T12:40:05.434214+00:00,187.75,17.86,187.75,17.86,-104.7,432990929.3533265,-9104.5,1779.8,6303.6,0
2026-04-09T12:40:05.782989+00:00,187.77,17.81,187.77,17.81,-103.7,432990929.3533265,-9107.1,1782.0,6305.4,0
2026-04-09T12:40:06.106361+00:00,187.78,17.77,187.78,17.77,-103.7,432990929.3533265,-9109.5,1784.0,6307.1,0
2026-04-09T12:40:06.432226+00:00,187.79,17.73,187.79,17.73,-99.7,432990929.3533265,-9111.9,1786.1,6308.7,0
2026-04-09T12:40:06.777944+00:00,187.80,17.69,187.8,17.69,-100.7,432990929.3533265,-9114.3,1788.1,6310.4,0
2026-04-09T12:40:07.107276+00:00,187.81,17.65,187.81,17.65,-100.7,432990929.3533265,-9116.8,1790.3,6312.1,0
2026-04-09T12:40:07.430268+00:00,187.82,17.60,187.82,17.6,-101.7,432990929.3533265,-9119.2,1792.3,6313.8,0
2026-04-09T12:40:07.797934+00:00,187.83,17.56,187.83,17.56,-106.7,432990879.3313234,-9121.7,1794.6,6315.5,0
2026-04-09T12:40:08.122694+00:00,187.84,17.52,187.84,17.52,-99.7,432990879.3313234,-9124.2,1796.7,6317.2,0
2026-04-09T12:40:08.450237+00:00,187.85,17.48,187.85,17.48,-99.7,432990879.3313234,-9126.5,1798.8,6318.8,0
2026-04-09T12:40:08.773732+00:00,187.86,17.44,187.86,17.44,-101.7,432990879.3313234,-9128.8,1800.8,6320.4,0
2026-04-09T12:40:09.123618+00:00,187.87,17.39,187.87,17.39,-104.7,432990879.3313234,-9131.3,1803.1,6322.2,0
2026-04-09T12:40:09.448927+00:00,187.88,17.35,187.88,17.35,-100.7,432990879.3313234,-9133.6,1805.1,6323.8,0
2026-04-09T12:40:09.773689+00:00,187.90,17.31,187.9,17.31,-103.7,432990879.3313234,-9135.9,1807.2,6325.3,0
2026-04-09T12:40:10.121705+00:00,187.91,17.27,187.91,17.27,-103.7,432990879.3313234,-9138.3,1809.4,6327.0,0
2026-04-09T12:40:10.446306+00:00,187.92,17.23,187.92,17.23,-107.7,432990879.3313234,-9140.6,1811.4,6328.6,0
2026-04-09T12:40:10.775352+00:00,187.93,17.19,187.93,17.19,-102.7,432990879.3313234,-9142.9,1813.5,6330.2,0
2026-04-09T12:40:11.118224+00:00,187.94,17.14,187.94,17.14,-99.7,432990879.3313234,-9145.3,1815.7,6331.8,0
2026-04-09T12:40:11.446266+00:00,187.95,17.10,187.95,17.1,-102.7,432990879.3313234,-9147.6,1817.8,6333.4,0
2026-04-09T12:40:11.775275+00:00,187.96,17.06,187.96,17.06,-104.7,432990879.3313234,-9149.8,1819.8,6335.0,0
2026-04-09T12:40:12.117971+00:00,187.97,17.02,187.97,17.02,-107.7,432990879.3313234,-9152.1,1821.9,6336.5,0
2026-04-09T12:40:12.447312+00:00,187.98,16.98,187.98,16.98,-101.7,432990879.3313234,-9154.4,1824.1,6338.2,0
2026-04-09T12:40:12.769900+00:00,187.99,16.94,187.99,16.94,-104.7,432990879.3313234,-9156.7,1826.2,6339.7,0
2026-04-09T12:40:13.097338+00:00,188.00,16.90,188.0,16.9,-100.7,432990879.3313234,-9158.8,1828.2,6341.2,0
2026-04-09T12:40:13.442225+00:00,188.01,16.86,188.01,16.86,-101.7,432990879.3313234,-9161.2,1830.4,6342.8,0
2026-04-09T12:40:13.771287+00:00,188.02,16.82,188.02,16.82,-103.7,432990879.3313234,-9163.4,1832.5,6344.4,0
2026-04-09T12:40:14.094530+00:00,188.03,16.78,188.03,16.78,-103.7,432990879.3313234,-9165.6,1834.5,6345.9,0
2026-04-09T12:40:14.442592+00:00,188.04,16.74,188.04,16.74,-106.7,432990879.3313234,-9167.7,1836.6,6347.4,0
2026-04-09T12:40:14.765918+00:00,188.05,16.70,188.05,16.7,-109.7,432990879.3313234,-9170.1,1838.8,6349.0,0
2026-04-09T12:40:15.108967+00:00,188.06,16.65,188.06,16.65,-105.7,432990828.5913856,-9172.3,1841.0,6350.6,0
2026-04-09T12:40:15.452952+00:00,188.07,16.62,188.07,16.62,-105.7,432990828.5913856,-9174.4,1843.0,6352.0,0
2026-04-09T12:40:15.772884+00:00,188.08,16.57,188.08,16.57,-105.7,432990828.5913856,-9176.7,1845.2,6353.6,0
2026-04-09T12:40:16.096867+00:00,188.09,16.53,188.09,16.53,-103.7,432990828.5913856,-9178.8,1847.3,6355.1,0
2026-04-09T12:40:16.420909+00:00,188.10,16.50,188.1,16.5,-104.7,432990828.5913856,-9181.0,1849.4,6356.5,0
2026-04-09T12:40:16.764990+00:00,188.11,16.45,188.11,16.45,-103.7,432990828.5913856,-9183.2,1851.5,6358.1,0
2026-04-09T12:40:17.088942+00:00,188.12,16.42,188.12,16.42,-105.7,432990828.5913856,-9185.3,1853.6,6359.5,0
2026-04-09T12:40:17.412823+00:00,188.13,16.38,188.13,16.38,-106.7,432990828.5913856,-9187.3,1855.6,6361.0,0
2026-04-09T12:40:17.756816+00:00,188.14,16.34,188.14,16.34,-105.7,432990828.5913856,-9189.4,1857.7,6362.4,0
2026-04-09T12:40:18.080827+00:00,188.15,16.30,188.15,16.3,-104.7,432990828.5913856,-9191.6,1859.9,6363.9,0
2026-04-09T12:40:18.400896+00:00,188.16,16.26,188.16,16.26,-109.7,432990828.5913856,-9193.7,1861.9,6365.4,0
2026-04-09T12:40:18.724840+00:00,188.17,16.22,188.17,16.22,-104.7,432990828.5913856,-9195.8,1864.0,6366.8,0
2026-04-09T12:40:19.068837+00:00,188.18,16.18,188.18,16.18,-104.7,432990828.5913856,-9197.9,1866.2,6368.3,0
2026-04-09T12:40:19.392843+00:00,188.19,16.14,188.19,16.14,-110.7,432990828.5913856,-9200.0,1868.3,6369.7,0
2026-04-09T12:40:19.718228+00:00,188.20,16.10,188.2,16.1,-103.7,432990828.5913856,-9202.0,1870.3,6371.1,0
2026-04-09T12:40:20.065961+00:00,188.21,16.06,188.21,16.06,-103.7,432990828.5913856,-9204.0,1872.4,6372.5,0
2026-04-09T12:40:20.390090+00:00,188.22,16.02,188.22,16.02,-101.7,432990828.5913856,-9206.2,1874.6,6374.0,0
2026-04-09T12:40:20.717993+00:00,188.23,15.98,188.23,15.98,-107.7,432990828.5913856,-9208.2,1876.7,6375.4,0
2026-04-09T12:40:21.062365+00:00,188.24,15.95,188.24,15.95,-107.7,432990828.5913856,-9210.2,1878.8,6376.8,0
2026-04-09T12:40:21.395002+00:00,188.25,15.91,188.25,15.91,-103.7,432990828.5913856,-9212.4,1881.0,6378.3,0
2026-04-09T12:40:21.717923+00:00,188.26,15.87,188.26,15.87,-104.7,432990828.5913856,-9214.4,1883.0,6379.7,0
2026-04-09T12:40:22.047076+00:00,188.27,15.83,188.27,15.83,-107.7,432990828.5913856,-9216.4,1885.1,6381.1,0
2026-04-09T12:40:22.389909+00:00,188.28,15.79,188.28,15.79,-103.7,432990828.5913856,-9218.5,1887.3,6382.5,0
2026-04-09T12:40:22.718244+00:00,188.29,15.75,188.29,15.75,-103.7,432990828.5913856,-9220.5,1889.4,6383.9,0
2026-04-09T12:40:23.062969+00:00,188.30,15.71,188.3,15.71,-101.7,432990778.2851706,-9222.5,1891.6,6385.3,0
2026-04-09T12:40:23.409738+00:00,188.31,15.67,188.31,15.67,-107.7,432990778.2851706,-9224.6,1893.9,6386.8,0
2026-04-09T12:40:23.734380+00:00,188.32,15.63,188.32,15.63,-107.7,432990778.2851706,-9226.6,1895.9,6388.1,0
2026-04-09T12:40:24.062261+00:00,188.33,15.59,188.33,15.59,-107.7,432990778.2851706,-9228.5,1898.0,6389.5,0
2026-04-09T12:40:24.411460+00:00,188.34,15.56,188.34,15.56,-108.7,432990778.2851706,-9230.5,1900.1,6390.8,0
2026-04-09T12:40:24.734097+00:00,188.35,15.52,188.35,15.52,-109.7,432990778.2851706,-9232.5,1902.3,6392.2,0
2026-04-09T12:40:25.067215+00:00,188.36,15.48,188.36,15.48,-105.7,432990778.2851706,-9234.5,1904.4,6393.6,0
2026-04-09T12:40:25.386351+00:00,188.37,15.44,188.37,15.44,-105.7,432990778.2851706,-9236.4,1906.5,6394.9,0
2026-04-09T12:40:25.735600+00:00,188.38,15.40,188.38,15.4,-101.7,432990778.2851706,-9238.4,1908.7,6396.3,0
2026-04-09T12:40:26.057955+00:00,188.39,15.36,188.39,15.36,-109.7,432990778.2851706,-9240.3,1910.8,6397.6,0
2026-04-09T12:40:26.382250+00:00,188.39,15.33,188.39,15.33,-106.7,432990778.2851706,-9242.2,1912.9,6398.9,0
2026-04-09T12:40:26.729907+00:00,188.40,15.29,188.4,15.29,-106.7,432990778.2851706,-9244.1,1914.9,6400.2,0
2026-04-09T12:40:27.053837+00:00,188.41,15.25,188.41,15.25,-101.7,432990778.2851706,-9246.1,1917.2,6401.6,0
2026-04-09T12:40:27.381809+00:00,188.42,15.21,188.42,15.21,-104.7,432990778.2851706,-9247.9,1919.2,6402.9,0
2026-04-09T12:40:27.705938+00:00,188.43,15.17,188.43,15.17,-106.7,432990778.2851706,-9249.8,1921.3,6404.2,0
2026-04-09T12:40:28.053067+00:00,188.44,15.13,188.44,15.13,-112.7,432990778.2851706,-9251.8,1923.6,6405.6,0
2026-04-09T12:40:28.377972+00:00,188.45,15.10,188.45,15.1,-103.7,432990778.2851706,-9253.6,1925.6,6406.8,0
2026-04-09T12:40:28.696820+00:00,188.46,15.06,188.46,15.06,-105.7,432990778.2851706,-9255.4,1927.7,6408.1,0
2026-04-09T12:40:29.040852+00:00,188.47,15.02,188.47,15.02,-106.7,432990778.2851706,-9257.3,1929.8,6409.4,0
2026-04-09T12:40:29.364833+00:00,188.48,14.99,188.48,14.99,-108.7,432990778.2851706,-9259.2,1932.0,6410.7,0
2026-04-09T12:40:29.688830+00:00,188.49,14.95,188.49,14.95,-106.7,432990778.2851706,-9261.0,1934.1,6412.0,0
2026-04-09T12:40:30.012826+00:00,188.50,14.91,188.5,14.91,-105.7,432990778.2851706,-9262.8,1936.1,6413.2,0
2026-04-09T12:40:30.356860+00:00,188.51,14.87,188.51,14.87,-108.7,432990778.2851706,-9264.7,1938.3,6414.5,0
2026-04-09T12:40:30.680951+00:00,188.51,14.84,188.51,14.84,-103.7,432990778.2851706,-9266.5,1940.4,6415.8,0
2026-04-09T12:40:31.004873+00:00,188.52,14.80,188.52,14.8,-101.7,432990778.2851706,-9268.3,1942.5,6417.0,0
2026-04-09T12:40:31.350564+00:00,188.53,14.77,188.53,14.77,-108.7,432990778.2851706,-9270.1,1944.6,6418.2,0
2026-04-09T12:40:31.668826+00:00,188.54,14.73,188.54,14.73,-108.7,432990778.2851706,-9271.9,1946.8,6419.5,0
2026-04-09T12:40:31.992834+00:00,188.55,14.69,188.55,14.69,-106.7,432990778.2851706,-9273.7,1948.9,6420.8,0
2026-04-09T12:40:32.356833+00:00,188.56,14.65,188.56,14.65,-106.7,432990725.1953715,-9275.6,1951.1,6422.1,0
2026-04-09T12:40:32.680834+00:00,188.57,14.61,188.57,14.61,-104.7,432990725.1953715,-9277.4,1953.3,6423.3,0
2026-04-09T12:40:33.006241+00:00,188.58,14.58,188.58,14.58,-103.7,432990725.1953715,-9279.2,1955.3,6424.5,0
2026-04-09T12:40:33.329710+00:00,188.59,14.54,188.59,14.54,-102.7,432990725.1953715,-9280.9,1957.4,6425.7,0
2026-04-09T12:40:33.677950+00:00,188.60,14.50,188.6,14.5,-107.7,432990725.1953715,-9282.8,1959.6,6427.0,0
2026-04-09T12:40:34.002369+00:00,188.60,14.47,188.6,14.47,-103.7,432990725.1953715,-9284.5,1961.7,6428.2,0
2026-04-09T12:40:34.330722+00:00,188.61,14.43,188.61,14.43,-107.7,432990725.1953715,-9286.2,1963.8,6429.4,0
2026-04-09T12:40:34.673906+00:00,188.62,14.39,188.62,14.39,-106.7,432990725.1953715,-9288.1,1966.1,6430.7,0
2026-04-09T12:40:35.002187+00:00,188.63,14.36,188.63,14.36,-101.7,432990725.1953715,-9289.8,1968.1,6431.9,0
2026-04-09T12:40:35.329065+00:00,188.64,14.32,188.64,14.32,-103.7,432990725.1953715,-9291.5,1970.3,6433.1,0
2026-04-09T12:40:35.673926+00:00,188.65,14.29,188.65,14.29,-103.7,432990725.1953715,-9293.2,1972.3,6434.2,0
2026-04-09T12:40:36.001724+00:00,188.66,14.25,188.66,14.25,-108.7,432990725.1953715,-9295.0,1974.6,6435.5,0
2026-04-09T12:40:36.325755+00:00,188.67,14.21,188.67,14.21,-98.7,432990725.1953715,-9296.7,1976.7,6436.7,0
2026-04-09T12:40:36.650369+00:00,188.68,14.18,188.68,14.18,-107.7,432990725.1953715,-9298.3,1978.8,6437.8,0
2026-04-09T12:40:36.998120+00:00,188.68,14.14,188.68,14.14,-102.7,432990725.1953715,-9300.1,1981.0,6439.0,0
2026-04-09T12:40:37.327323+00:00,188.69,14.10,188.69,14.1,-102.7,432990725.1953715,-9301.8,1983.1,6440.2,0
2026-04-09T12:40:37.650385+00:00,188.70,14.07,188.7,14.07,-104.7,432990725.1953715,-9303.4,1985.2,6441.3,0
2026-04-09T12:40:37.997957+00:00,188.71,14.03,188.71,14.03,-104.7,432990725.1953715,-9305.2,1987.4,6442.6,0
2026-04-09T12:40:38.322211+00:00,188.72,14.00,188.72,14.0,-104.7,432990725.1953715,-9306.9,1989.5,6443.7,0
2026-04-09T12:40:38.651010+00:00,188.73,13.96,188.73,13.96,-104.7,432990725.1953715,-9308.5,1991.6,6444.9,0
2026-04-09T12:40:38.994194+00:00,188.74,13.92,188.74,13.92,-105.7,432990725.1953715,-9310.2,1993.9,6446.1,0
2026-04-09T12:40:39.321757+00:00,188.74,13.89,188.74,13.89,-109.7,432990725.1953715,-9311.9,1996.0,6447.2,0
2026-04-09T12:40:39.647129+00:00,188.75,13.85,188.75,13.85,-105.7,432990725.1953715,-9313.5,1998.1,6448.3,0
2026-04-09T12:40:39.994286+00:00,188.76,13.82,188.76,13.82,-103.7,432990725.1953715,-9315.1,2000.2,6449.4,0
2026-04-09T12:40:40.317704+00:00,188.77,13.78,188.77,13.78,-102.7,432990725.1953715,-9316.8,2002.4,6450.6,0
2026-04-09T12:40:40.649256+00:00,188.78,13.75,188.78,13.75,-101.7,432990725.1953715,-9318.4,2004.5,6451.7,0
2026-04-09T12:40:40.969910+00:00,188.79,13.71,188.79,13.71,-99.7,432990725.1953715,-9320.0,2006.6,6452.8,0
2026-04-09T12:40:41.318072+00:00,188.80,13.67,188.8,13.67,-108.7,432990725.1953715,-9321.7,2008.8,6454.0,0
2026-04-09T12:40:41.642296+00:00,188.80,13.64,188.8,13.64,-104.7,432990725.1953715,-9323.3,2011.0,6455.1,0
2026-04-09T12:40:41.969729+00:00,188.81,13.60,188.81,13.6,-106.7,432990725.1953715,-9324.9,2013.1,6456.2,0
2026-04-09T12:40:42.338989+00:00,188.82,13.57,188.82,13.57,-110.7,432990674.0901191,-9326.6,2015.3,6457.4,0
2026-04-09T12:40:42.661970+00:00,188.83,13.53,188.83,13.53,-103.7,432990674.0901191,-9328.2,2017.5,6458.5,0
2026-04-09T12:40:42.986225+00:00,188.84,13.50,188.84,13.5,-105.7,432990674.0901191,-9329.8,2019.6,6459.6,0
2026-04-09T12:40:43.334027+00:00,188.85,13.46,188.85,13.46,-109.7,432990674.0901191,-9331.4,2021.7,6460.7,0
2026-04-09T12:40:43.663389+00:00,188.86,13.43,188.86,13.43,-101.7,432990674.0901191,-9333.0,2024.0,6461.8,0
2026-04-09T12:40:43.986244+00:00,188.86,13.39,188.86,13.39,-109.7,432990674.0901191,-9334.6,2026.1,6462.9,0
2026-04-09T12:40:44.310154+00:00,188.87,13.36,188.87,13.36,-102.7,432990674.0901191,-9336.1,2028.2,6464.0,0
2026-04-09T12:40:44.657939+00:00,188.88,13.32,188.88,13.32,-107.7,432990674.0901191,-9337.7,2030.4,6465.1,0
2026-04-09T12:40:44.981957+00:00,188.89,13.29,188.89,13.29,-108.7,432990674.0901191,-9339.3,2032.5,6466.1,0
2026-04-09T12:40:45.309966+00:00,188.90,13.25,188.9,13.25,-109.7,432990674.0901191,-9340.8,2034.6,6467.2,0
2026-04-09T12:40:45.657124+00:00,188.90,13.22,188.9,13.22,-106.7,432990674.0901191,-9342.3,2036.8,6468.3,0
2026-04-09T12:40:45.982195+00:00,188.91,13.18,188.91,13.18,-105.7,432990674.0901191,-9343.9,2039.0,6469.4,0
2026-04-09T12:40:46.306262+00:00,188.92,13.15,188.92,13.15,-101.7,432990674.0901191,-9345.4,2041.1,6470.4,0
2026-04-09T12:40:46.635002+00:00,188.93,13.11,188.93,13.11,-105.7,432990674.0901191,-9346.9,2043.2,6471.4,0
2026-04-09T12:40:46.977744+00:00,188.94,13.08,188.94,13.08,-107.7,432990674.0901191,-9348.5,2045.4,6472.5,0
2026-04-09T12:40:47.305970+00:00,188.95,13.04,188.95,13.04,-102.7,432990674.0901191,-9350.0,2047.5,6473.6,0
2026-04-09T12:40:47.629710+00:00,188.95,13.01,188.95,13.01,-108.7,432990674.0901191,-9351.5,2049.6,6474.6,0
2026-04-09T12:40:47.978852+00:00,188.96,12.98,188.96,12.98,-106.7,432990674.0901191,-9352.9,2051.8,6475.6,0
2026-04-09T12:40:48.301720+00:00,188.97,12.94,188.97,12.94,-103.7,432990674.0901191,-9354.5,2054.0,6476.7,0
2026-04-09T12:40:48.631583+00:00,188.98,12.91,188.98,12.91,-107.7,432990674.0901191,-9356.0,2056.1,6477.7,0
2026-04-09T12:40:48.953898+00:00,188.99,12.87,188.99,12.87,-105.7,432990674.0901191,-9357.4,2058.2,6478.7,0
2026-04-09T12:40:49.302179+00:00,188.99,12.84,188.99,12.84,-105.7,432990674.0901191,-9359.0,2060.5,6479.8,0
2026-04-09T12:40:49.626198+00:00,189.00,12.80,189.0,12.8,-103.7,432990674.0901191,-9360.4,2062.6,6480.8,0
2026-04-09T12:40:49.955198+00:00,189.01,12.77,189.01,12.77,-104.7,432990674.0901191,-9361.9,2064.7,6481.8,0
2026-04-09T12:40:50.298205+00:00,189.02,12.74,189.02,12.74,-103.7,432990674.0901191,-9363.4,2066.9,6482.8,0
2026-04-09T12:40:50.625997+00:00,189.03,12.70,189.03,12.7,-103.7,432990674.0901191,-9364.8,2069.1,6483.8,0
2026-04-09T12:40:50.953383+00:00,189.03,12.67,189.03,12.67,-106.7,432990674.0901191,-9366.3,2071.2,6484.8,0
2026-04-09T12:40:51.297016+00:00,189.04,12.63,189.04,12.63,-107.7,432990674.0901191,-9367.7,2073.3,6485.8,0
2026-04-09T12:40:51.617292+00:00,189.05,12.60,189.05,12.6,-103.7,432990674.0901191,-9369.2,2075.5,6486.8,0
2026-04-09T12:40:51.940901+00:00,189.06,12.57,189.06,12.57,-106.7,432990674.0901191,-9370.6,2077.6,6487.8,0
2026-04-09T12:40:52.265381+00:00,189.07,12.53,189.07,12.53,-107.7,432990674.0901191,-9372.0,2079.7,6488.8,0
2026-04-09T12:40:52.608847+00:00,189.07,12.50,189.07,12.5,-107.7,432990674.0901191,-9373.4,2082.0,6489.8,0
2026-04-09T12:40:52.932977+00:00,189.08,12.47,189.08,12.47,-110.7,432990674.0901191,-9374.8,2084.1,6490.8,0
2026-04-09T12:40:53.256845+00:00,189.09,12.43,189.09,12.43,-109.7,432990674.0901191,-9376.2,2086.2,6491.7,0
2026-04-09T12:40:53.620956+00:00,189.10,12.40,189.1,12.4,-109.7,432990622.9298579,-9377.7,2088.4,6492.7,0
2026-04-09T12:40:53.944836+00:00,189.11,12.36,189.11,12.36,-105.7,432990622.9298579,-9379.1,2090.6,6493.7,0
2026-04-09T12:40:54.268849+00:00,189.11,12.33,189.11,12.33,-109.7,432990622.9298579,-9380.5,2092.7,6494.7,0
2026-04-09T12:40:54.594039+00:00,189.12,12.30,189.12,12.3,-104.7,432990622.9298579,-9381.8,2094.8,6495.6,0
2026-04-09T12:40:54.938016+00:00,189.13,12.26,189.13,12.26,-107.7,432990622.9298579,-9383.3,2097.0,6496.6,0
2026-04-09T12:40:55.256821+00:00,189.14,12.23,189.14,12.23,-104.7,432990622.9298579,-9384.6,2099.1,6497.5,0
2026-04-09T12:40:55.580839+00:00,189.14,12.20,189.14,12.2,-109.7,432990622.9298579,-9386.0,2101.3,6498.5,0
2026-04-09T12:40:55.924907+00:00,189.15,12.17,189.15,12.17,-111.7,432990622.9298579,-9387.3,2103.4,6499.4,0
2026-04-09T12:40:56.255437+00:00,189.16,12.13,189.16,12.13,-105.7,432990622.9298579,-9388.7,2105.6,6500.4,0
2026-04-09T12:40:56.577746+00:00,189.17,12.10,189.17,12.1,-105.7,432990622.9298579,-9390.1,2107.7,6501.3,0
2026-04-09T12:40:56.906080+00:00,189.17,12.07,189.17,12.07,-106.7,432990622.9298579,-9391.4,2109.8,6502.2,0
2026-04-09T12:40:57.248834+00:00,189.18,12.03,189.18,12.03,-108.7,432990622.9298579,-9392.8,2112.1,6503.2,0
2026-04-09T12:40:57.572953+00:00,189.19,12.00,189.19,12.0,-110.7,432990622.9298579,-9394.1,2114.2,6504.1,0
2026-04-09T12:40:57.896839+00:00,189.20,11.97,189.2,11.97,-110.7,432990622.9298579,-9395.4,2116.3,6505.0,0
2026-04-09T12:40:58.240833+00:00,189.21,11.94,189.21,11.94,-109.7,432990622.9298579,-9396.7,2118.4,6505.9,0
2026-04-09T12:40:58.566128+00:00,189.21,11.90,189.21,11.9,-111.7,432990622.9298579,-9398.1,2120.6,6506.9,0
2026-04-09T12:40:58.884874+00:00,189.22,11.87,189.22,11.87,-103.7,432990622.9298579,-9399.4,2122.7,6507.8,0
2026-04-09T12:40:59.208864+00:00,189.23,11.84,189.23,11.84,-103.7,432990622.9298579,-9400.7,2124.9,6508.7,0
2026-04-09T12:40:59.553253+00:00,189.24,11.81,189.24,11.81,-107.7,432990622.9298579,-9402.1,2127.1,6509.6,0
2026-04-09T12:40:59.876865+00:00,189.24,11.77,189.24,11.77,-107.7,432990622.9298579,-9403.3,2129.2,6510.5,0
2026-04-09T12:41:00.200901+00:00,189.25,11.74,189.25,11.74,-109.7,432990622.9298579,-9404.6,2131.3,6511.4,0
2026-04-09T12:41:00.544901+00:00,189.26,11.71,189.26,11.71,-110.7,432990622.9298579,-9405.9,2133.4,6512.3,0
2026-04-09T12:41:00.873384+00:00,189.27,11.68,189.27,11.68,-109.7,432990622.9298579,-9407.2,2135.7,6513.2,0
2026-04-09T12:41:01.204504+00:00,189.27,11.64,189.27,11.64,-111.7,432990622.9298579,-9408.5,2137.8,6514.1,0
2026-04-09T12:41:01.528965+00:00,189.28,11.61,189.28,11.61,-109.7,432990622.9298579,-9409.8,2139.9,6515.0,0
2026-04-09T12:41:01.872838+00:00,189.29,11.58,189.29,11.58,-106.7,432990622.9298579,-9411.1,2142.2,6515.9,0
2026-04-09T12:41:02.197944+00:00,189.30,11.55,189.3,11.55,-105.7,432990622.9298579,-9412.4,2144.3,6516.8,0
2026-04-09T12:41:02.525988+00:00,189.30,11.51,189.3,11.51,-103.7,432990622.9298579,-9413.6,2146.4,6517.6,0
2026-04-09T12:41:02.870432+00:00,189.31,11.48,189.31,11.48,-107.7,432990622.9298579,-9414.8,2148.6,6518.5,0
2026-04-09T12:41:03.197792+00:00,189.32,11.45,189.32,11.45,-106.7,432990622.9298579,-9416.2,2150.8,6519.4,0
2026-04-09T12:41:03.521967+00:00,189.32,11.42,189.32,11.42,-106.7,432990622.9298579,-9417.4,2152.9,6520.2,0
2026-04-09T12:41:03.849974+00:00,189.33,11.39,189.33,11.39,-106.7,432990622.9298579,-9418.6,2155.1,6521.1,0
2026-04-09T12:41:04.193697+00:00,189.34,11.35,189.34,11.35,-100.7,432990622.9298579,-9419.9,2157.3,6522.0,0
2026-04-09T12:41:04.519110+00:00,189.35,11.32,189.35,11.32,-106.7,432990622.9298579,-9421.1,2159.4,6522.8,0
2026-04-09T12:41:04.844839+00:00,189.35,11.29,189.35,11.29,-104.7,432990622.9298579,-9422.3,2161.5,6523.7,0
2026-04-09T12:41:05.188853+00:00,189.36,11.26,189.36,11.26,-107.7,432990622.9298579,-9423.5,2163.7,6524.5,0
2026-04-09T12:41:05.514063+00:00,189.37,11.23,189.37,11.23,-107.7,432990622.9298579,-9424.8,2165.9,6525.4,0
2026-04-09T12:41:05.832855+00:00,189.38,11.20,189.38,11.2,-109.7,432990622.9298579,-9426.0,2168.0,6526.2,0
2026-04-09T12:41:06.156841+00:00,189.38,11.16,189.38,11.16,-108.7,432990622.9298579,-9427.2,2170.1,6527.0,0
2026-04-09T12:41:06.500881+00:00,189.39,11.13,189.39,11.13,-103.7,432990622.9298579,-9428.5,2172.4,6527.9,0
2026-04-09T12:41:06.844843+00:00,189.40,11.10,189.4,11.1,-106.7,432990570.79495436,-9429.7,2174.6,6528.8,0
2026-04-09T12:41:07.168839+00:00,189.41,11.07,189.41,11.07,-108.7,432990570.79495436,-9430.9,2176.7,6529.6,0
2026-04-09T12:41:07.520830+00:00,189.41,11.03,189.41,11.03,-112.7,432990570.79495436,-9432.1,2179.0,6530.5,0
2026-04-09T12:41:07.844857+00:00,189.42,11.00,189.42,11.0,-110.7,432990570.79495436,-9433.3,2181.2,6531.3,0
2026-04-09T12:41:08.168868+00:00,189.43,10.97,189.43,10.97,-106.7,432990570.79495436,-9434.5,2183.2,6532.1,0
2026-04-09T12:41:08.513329+00:00,189.43,10.94,189.43,10.94,-110.7,432990570.79495436,-9435.7,2185.5,6532.9,0
2026-04-09T12:41:08.836904+00:00,189.44,10.91,189.44,10.91,-106.7,432990570.79495436,-9436.9,2187.6,6533.7,0
2026-04-09T12:41:09.156946+00:00,189.45,10.88,189.45,10.88,-106.7,432990570.79495436,-9438.0,2189.7,6534.5,0
2026-04-09T12:41:09.505001+00:00,189.45,10.85,189.45,10.85,-108.7,432990570.79495436,-9439.2,2191.8,6535.3,0
2026-04-09T12:41:09.830309+00:00,189.46,10.82,189.46,10.82,-101.7,432990570.79495436,-9440.4,2194.1,6536.1,0
2026-04-09T12:41:10.153915+00:00,189.47,10.79,189.47,10.79,-100.7,432990570.79495436,-9441.5,2196.2,6536.9,0
2026-04-09T12:41:10.477863+00:00,189.48,10.75,189.48,10.75,-105.7,432990570.79495436,-9442.7,2198.4,6537.7,0
2026-04-09T12:41:10.825934+00:00,189.48,10.72,189.48,10.72,-103.7,432990570.79495436,-9443.9,2200.6,6538.6,0
2026-04-09T12:41:11.153651+00:00,189.49,10.69,189.49,10.69,-101.7,432990570.79495436,-9445.0,2202.7,6539.3,0
2026-04-09T12:41:11.478386+00:00,189.50,10.66,189.5,10.66,-107.7,432990570.79495436,-9446.1,2204.9,6540.1,0
2026-04-09T12:41:11.825385+00:00,189.50,10.63,189.5,10.63,-107.7,432990570.79495436,-9447.3,2207.1,6541.0,0
2026-04-09T12:41:12.149619+00:00,189.51,10.60,189.51,10.6,-109.7,432990570.79495436,-9448.4,2209.3,6541.7,0
2026-04-09T12:41:12.477909+00:00,189.52,10.57,189.52,10.57,-100.7,432990570.79495436,-9449.5,2211.4,6542.5,0
2026-04-09T12:41:12.823383+00:00,189.53,10.54,189.53,10.54,-103.7,432990570.79495436,-9450.6,2213.6,6543.3,0
2026-04-09T12:41:13.149761+00:00,189.53,10.51,189.53,10.51,-106.7,432990570.79495436,-9451.8,2215.8,6544.1,0
2026-04-09T12:41:13.474430+00:00,189.54,10.47,189.54,10.47,-106.7,432990570.79495436,-9452.9,2218.0,6544.8,0
2026-04-09T12:41:13.802335+00:00,189.55,10.44,189.55,10.44,-109.7,432990570.79495436,-9454.0,2220.1,6545.6,0
2026-04-09T12:41:14.150594+00:00,189.55,10.41,189.55,10.41,-108.7,432990570.79495436,-9455.2,2222.4,6546.4,0
2026-04-09T12:41:14.474103+00:00,189.56,10.38,189.56,10.38,-106.7,432990570.79495436,-9456.3,2224.5,6547.1,0
2026-04-09T12:41:14.797935+00:00,189.57,10.35,189.57,10.35,-101.7,432990570.79495436,-9457.3,2226.6,6547.9,0
2026-04-09T12:41:15.146241+00:00,189.57,10.32,189.57,10.32,-104.7,432990570.79495436,-9458.4,2228.7,6548.6,0
2026-04-09T12:41:15.469806+00:00,189.58,10.29,189.58,10.29,-107.7,432990570.79495436,-9459.6,2231.0,6549.4,0
2026-04-09T12:41:15.798399+00:00,189.59,10.26,189.59,10.26,-109.7,432990570.79495436,-9460.6,2233.1,6550.2,0
2026-04-09T12:41:16.122299+00:00,189.59,10.23,189.59,10.23,-105.7,432990570.79495436,-9461.7,2235.3,6550.9,0
2026-04-09T12:41:16.470158+00:00,189.60,10.20,189.6,10.2,-109.7,432990570.79495436,-9462.8,2237.6,6551.7,0
2026-04-09T12:41:16.794254+00:00,189.61,10.17,189.61,10.17,-97.7,432990570.79495436,-9463.9,2239.7,6552.4,0
2026-04-09T12:41:17.121925+00:00,189.62,10.14,189.62,10.14,-104.7,432990570.79495436,-9464.9,2241.8,6553.2,0
2026-04-09T12:41:17.466281+00:00,189.62,10.11,189.62,10.11,-101.7,432990570.79495436,-9466.0,2243.9,6553.9,0
2026-04-09T12:41:17.795040+00:00,189.63,10.08,189.63,10.08,-109.7,432990570.79495436,-9467.1,2246.2,6554.7,0
2026-04-09T12:41:18.117755+00:00,189.64,10.05,189.64,10.05,-105.7,432990570.79495436,-9468.1,2248.3,6555.4,0
2026-04-09T12:41:18.466510+00:00,189.64,10.02,189.64,10.02,-103.7,432990570.79495436,-9469.2,2250.5,6556.1,0
2026-04-09T12:41:18.790231+00:00,189.65,9.99,189.65,9.99,-107.7,432990570.79495436,-9470.3,2252.8,6556.9,0
2026-04-09T12:41:19.114456+00:00,189.66,9.96,189.66,9.96,-109.7,432990570.79495436,-9471.3,2254.9,6557.6,0
2026-04-09T12:41:19.442305+00:00,189.66,9.93,189.66,9.93,-103.7,432990570.79495436,-9472.3,2257.0,6558.3,0
2026-04-09T12:41:19.791312+00:00,189.67,9.90,189.67,9.9,-103.7,432990570.79495436,-9473.4,2259.3,6559.0,0
2026-04-09T12:41:20.114267+00:00,189.68,9.87,189.68,9.87,-100.7,432990570.79495436,-9474.4,2261.4,6559.7,0
2026-04-09T12:41:20.437791+00:00,189.68,9.84,189.68,9.84,-101.7,432990570.79495436,-9475.4,2263.6,6560.4,0
2026-04-09T12:41:20.785917+00:00,189.69,9.81,189.69,9.81,-107.7,432990570.79495436,-9476.5,2265.7,6561.1,0
2026-04-09T12:41:21.114102+00:00,189.70,9.78,189.7,9.78,-106.7,432990570.79495436,-9477.5,2268.0,6561.9,0
2026-04-09T12:41:21.437795+00:00,189.70,9.75,189.7,9.75,-102.7,432990570.79495436,-9478.5,2270.1,6562.6,0
2026-04-09T12:41:21.767332+00:00,189.71,9.72,189.71,9.72,-103.7,432990570.79495436,-9479.5,2272.3,6563.3,0
2026-04-09T12:41:22.129532+00:00,189.72,9.69,189.72,9.69,-111.7,432990519.8399182,-9480.6,2274.7,6564.0,0
2026-04-09T12:41:22.458780+00:00,189.72,9.66,189.72,9.66,-106.7,432990519.8399182,-9481.6,2276.8,6564.7,0
2026-04-09T12:41:22.781925+00:00,189.73,9.63,189.73,9.63,-103.7,432990519.8399182,-9482.6,2278.9,6565.4,0
2026-04-09T12:41:23.124879+00:00,189.74,9.60,189.74,9.6,-106.7,432990519.8399182,-9483.7,2281.2,6566.1,0
2026-04-09T12:41:23.448841+00:00,189.74,9.57,189.74,9.57,-106.7,432990519.8399182,-9484.6,2283.4,6566.8,0
2026-04-09T12:41:23.772825+00:00,189.75,9.54,189.75,9.54,-106.7,432990519.8399182,-9485.6,2285.5,6567.5,0
2026-04-09T12:41:24.120837+00:00,189.76,9.51,189.76,9.51,-110.7,432990519.8399182,-9486.6,2287.6,6568.1,0
2026-04-09T12:41:24.444847+00:00,189.76,9.48,189.76,9.48,-107.7,432990519.8399182,-9487.6,2289.9,6568.8,0
2026-04-09T12:41:24.765170+00:00,189.77,9.45,189.77,9.45,-106.7,432990519.8399182,-9488.5,2292.0,6569.5,0
2026-04-09T12:41:25.088837+00:00,189.77,9.42,189.77,9.42,-110.7,432990519.8399182,-9489.5,2294.1,6570.2,0
2026-04-09T12:41:25.432838+00:00,189.78,9.39,189.78,9.39,-104.7,432990519.8399182,-9490.5,2296.4,6570.9,0
2026-04-09T12:41:25.756885+00:00,189.79,9.36,189.79,9.36,-107.7,432990519.8399182,-9491.5,2298.5,6571.5,0
2026-04-09T12:41:26.080838+00:00,189.79,9.33,189.79,9.33,-103.7,432990519.8399182,-9492.4,2300.6,6572.2,0
2026-04-09T12:41:26.424842+00:00,189.80,9.30,189.8,9.3,-107.7,432990519.8399182,-9493.3,2302.8,6572.8,0
2026-04-09T12:41:26.748908+00:00,189.81,9.27,189.81,9.27,-107.7,432990519.8399182,-9494.3,2305.0,6573.5,0
2026-04-09T12:41:27.073080+00:00,189.81,9.25,189.81,9.25,-104.7,432990519.8399182,-9495.2,2307.1,6574.1,0
2026-04-09T12:41:27.396914+00:00,189.82,9.22,189.82,9.22,-103.7,432990519.8399182,-9496.2,2309.3,6574.8,0
2026-04-09T12:41:27.740822+00:00,189.83,9.19,189.83,9.19,-103.7,432990519.8399182,-9497.2,2311.5,6575.5,0
2026-04-09T12:41:28.066521+00:00,189.83,9.16,189.83,9.16,-104.7,432990519.8399182,-9498.1,2313.7,6576.1,0
2026-04-09T12:41:28.390124+00:00,189.84,9.13,189.84,9.13,-110.7,432990519.8399182,-9499.0,2315.8,6576.7,0
2026-04-09T12:41:28.737996+00:00,189.85,9.10,189.85,9.1,-107.7,432990519.8399182,-9499.9,2317.9,6577.4,0
2026-04-09T12:41:29.066185+00:00,189.85,9.07,189.85,9.07,-107.7,432990519.8399182,-9500.9,2320.2,6578.1,0
2026-04-09T12:41:29.389697+00:00,189.86,9.04,189.86,9.04,-103.7,432990519.8399182,-9501.8,2322.4,6578.7,0
2026-04-09T12:41:29.732930+00:00,189.86,9.01,189.86,9.01,-108.7,432990519.8399182,-9502.7,2324.5,6579.3,0
2026-04-09T12:41:30.057394+00:00,189.87,8.98,189.87,8.98,-110.7,432990519.8399182,-9503.7,2326.8,6580.0,0
2026-04-09T12:41:30.381039+00:00,189.88,8.96,189.88,8.96,-107.7,432990519.8399182,-9504.6,2328.9,6580.6,0
2026-04-09T12:41:30.704819+00:00,189.88,8.93,189.88,8.93,-107.7,432990519.8399182,-9505.5,2331.1,6581.2,0
2026-04-09T12:41:31.048838+00:00,189.89,8.90,189.89,8.9,-103.7,432990519.8399182,-9506.4,2333.3,6581.9,0
2026-04-09T12:41:31.372867+00:00,189.90,8.87,189.9,8.87,-108.7,432990519.8399182,-9507.3,2335.4,6582.5,0
2026-04-09T12:41:31.692828+00:00,189.90,8.84,189.9,8.84,-109.7,432990519.8399182,-9508.2,2337.6,6583.1,0
2026-04-09T12:41:32.036857+00:00,189.91,8.81,189.91,8.81,-113.7,432990519.8399182,-9509.0,2339.7,6583.7,0
2026-04-09T12:41:32.360843+00:00,189.91,8.78,189.91,8.78,-109.7,432990519.8399182,-9510.0,2342.0,6584.3,0
2026-04-09T12:41:32.688454+00:00,189.92,8.76,189.92,8.76,-104.7,432990519.8399182,-9510.8,2344.1,6584.9,0
2026-04-09T12:41:33.008872+00:00,189.93,8.73,189.93,8.73,-107.7,432990519.8399182,-9511.7,2346.2,6585.5,0
2026-04-09T12:41:33.352831+00:00,189.93,8.70,189.93,8.7,-104.7,432990519.8399182,-9512.6,2348.5,6586.2,0
2026-04-09T12:41:33.676836+00:00,189.94,8.67,189.94,8.67,-106.7,432990519.8399182,-9513.5,2350.6,6586.8,0
2026-04-09T12:41:34.000828+00:00,189.95,8.64,189.95,8.64,-107.7,432990519.8399182,-9514.3,2352.7,6587.4,0
2026-04-09T12:41:34.345709+00:00,189.95,8.62,189.95,8.62,-115.7,432990519.8399182,-9515.2,2354.9,6587.9,0
2026-04-09T12:41:34.673958+00:00,189.96,8.59,189.96,8.59,-109.7,432990519.8399182,-9516.1,2357.2,6588.6,0
2026-04-09T12:41:34.998304+00:00,189.96,8.56,189.96,8.56,-107.7,432990519.8399182,-9516.9,2359.3,6589.2,0
2026-04-09T12:41:35.325766+00:00,189.97,8.53,189.97,8.53,-105.7,432990519.8399182,-9517.8,2361.5,6589.8,0
2026-04-09T12:41:35.670279+00:00,189.98,8.50,189.98,8.5,-104.7,432990519.8399182,-9518.7,2363.7,6590.4,0
2026-04-09T12:41:35.997926+00:00,189.98,8.47,189.98,8.47,-102.7,432990519.8399182,-9519.5,2365.9,6591.0,0
2026-04-09T12:41:36.321727+00:00,189.99,8.45,189.99,8.45,-107.7,432990519.8399182,-9520.4,2368.0,6591.5,0
2026-04-09T12:41:36.669957+00:00,189.99,8.42,189.99,8.42,-107.7,432990519.8399182,-9521.2,2370.2,6592.1,0
2026-04-09T12:41:36.993751+00:00,190.00,8.39,190.0,8.39,-107.7,432990519.8399182,-9522.1,2372.5,6592.7,0
2026-04-09T12:41:37.323284+00:00,190.01,8.36,190.01,8.36,-107.7,432990519.8399182,-9522.9,2374.6,6593.3,0
2026-04-09T12:41:37.646636+00:00,190.01,8.33,190.01,8.33,-103.7,432990519.8399182,-9523.8,2376.7,6593.9,0
2026-04-09T12:41:37.993840+00:00,190.02,8.30,190.02,8.3,-103.7,432990519.8399182,-9524.6,2379.1,6594.5,0
2026-04-09T12:41:38.317721+00:00,190.03,8.28,190.03,8.28,-104.7,432990519.8399182,-9525.5,2381.2,6595.1,0
2026-04-09T12:41:38.647637+00:00,190.03,8.25,190.03,8.25,-113.7,432990519.8399182,-9526.3,2383.3,6595.6,0
2026-04-09T12:41:38.989654+00:00,190.04,8.22,190.04,8.22,-103.7,432990519.8399182,-9527.1,2385.6,6596.2,0
2026-04-09T12:41:39.317812+00:00,190.04,8.19,190.04,8.19,-108.7,432990519.8399182,-9527.9,2387.8,6596.8,0
2026-04-09T12:41:39.641996+00:00,190.05,8.17,190.05,8.17,-110.7,432990519.8399182,-9528.7,2389.9,6597.3,0
2026-04-09T12:41:39.990079+00:00,190.06,8.14,190.06,8.14,-104.7,432990519.8399182,-9529.5,2392.1,6597.9,0
2026-04-09T12:41:40.313699+00:00,190.06,8.11,190.06,8.11,-101.7,432990519.8399182,-9530.4,2394.4,6598.5,0
2026-04-09T12:41:40.662202+00:00,190.07,8.08,190.07,8.08,-107.7,432990469.1035065,-9531.2,2396.6,6599.1,0
2026-04-09T12:41:41.011113+00:00,190.07,8.05,190.07,8.05,-109.7,432990469.1035065,-9532.0,2398.8,6599.6,0
2026-04-09T12:41:41.332864+00:00,190.08,8.02,190.08,8.02,-103.7,432990469.1035065,-9532.9,2401.1,6600.2,0
2026-04-09T12:41:41.652889+00:00,190.09,8.00,190.09,8.0,-107.7,432990469.1035065,-9533.7,2403.2,6600.7,0
2026-04-09T12:41:41.976938+00:00,190.09,7.97,190.09,7.97,-106.7,432990469.1035065,-9534.4,2405.4,6601.3,0
2026-04-09T12:41:42.320839+00:00,190.10,7.94,190.1,7.94,-106.7,432990469.1035065,-9535.3,2407.6,6601.8,0
2026-04-09T12:41:42.644906+00:00,190.10,7.92,190.1,7.92,-106.7,432990469.1035065,-9536.0,2409.8,6602.4,0
2026-04-09T12:41:42.972080+00:00,190.11,7.89,190.11,7.89,-107.7,432990469.1035065,-9536.8,2411.9,6602.9,0
2026-04-09T12:41:43.312841+00:00,190.12,7.86,190.12,7.86,-109.7,432990469.1035065,-9537.6,2414.0,6603.4,0
2026-04-09T12:41:43.636881+00:00,190.12,7.83,190.12,7.83,-107.7,432990469.1035065,-9538.4,2416.3,6604.0,0
2026-04-09T12:41:43.960866+00:00,190.13,7.81,190.13,7.81,-109.7,432990469.1035065,-9539.1,2418.4,6604.5,0
2026-04-09T12:41:44.284837+00:00,190.13,7.78,190.13,7.78,-106.7,432990469.1035065,-9539.9,2420.6,6605.0,0
2026-04-09T12:41:44.628933+00:00,190.14,7.75,190.14,7.75,-103.7,432990469.1035065,-9540.7,2422.8,6605.6,0
2026-04-09T12:41:44.948838+00:00,190.14,7.72,190.14,7.72,-106.7,432990469.1035065,-9541.4,2425.0,6606.1,0
2026-04-09T12:41:45.272855+00:00,190.15,7.70,190.15,7.7,-107.7,432990469.1035065,-9542.2,2427.1,6606.6,0
2026-04-09T12:41:45.616901+00:00,190.16,7.67,190.16,7.67,-109.7,432990469.1035065,-9542.9,2429.3,6607.2,0
2026-04-09T12:41:45.941569+00:00,190.16,7.64,190.16,7.64,-104.7,432990469.1035065,-9543.7,2431.5,6607.7,0
2026-04-09T12:41:46.266227+00:00,190.17,7.62,190.17,7.62,-103.7,432990469.1035065,-9544.5,2433.7,6608.2,0
2026-04-09T12:41:46.594276+00:00,190.17,7.59,190.17,7.59,-109.7,432990469.1035065,-9545.2,2435.8,6608.7,0
2026-04-09T12:41:46.938230+00:00,190.18,7.56,190.18,7.56,-109.7,432990469.1035065,-9546.0,2438.1,6609.3,0
2026-04-09T12:41:47.267348+00:00,190.19,7.54,190.19,7.54,-114.7,432990469.1035065,-9546.7,2440.3,6609.8,0
2026-04-09T12:41:47.590298+00:00,190.19,7.51,190.19,7.51,-103.7,432990469.1035065,-9547.4,2442.4,6610.3,0
2026-04-09T12:41:47.937955+00:00,190.20,7.48,190.2,7.48,-109.7,432990469.1035065,-9548.2,2444.6,6610.8,0
2026-04-09T12:41:48.262321+00:00,190.20,7.45,190.2,7.45,-110.7,432990469.1035065,-9548.9,2446.8,6611.3,0
2026-04-09T12:41:48.586421+00:00,190.21,7.43,190.21,7.43,-107.7,432990469.1035065,-9549.7,2449.0,6611.8,0
2026-04-09T12:41:48.914257+00:00,190.21,7.40,190.21,7.4,-107.7,432990469.1035065,-9550.4,2451.2,6612.3,0
2026-04-09T12:41:49.258235+00:00,190.22,7.37,190.22,7.37,-105.7,432990469.1035065,-9551.1,2453.5,6612.8,0
2026-04-09T12:41:49.586248+00:00,190.23,7.35,190.23,7.35,-103.7,432990469.1035065,-9551.8,2455.6,6613.3,0
2026-04-09T12:41:49.910282+00:00,190.23,7.32,190.23,7.32,-109.7,432990469.1035065,-9552.6,2457.8,6613.8,0
2026-04-09T12:41:50.257908+00:00,190.24,7.29,190.24,7.29,-103.7,432990469.1035065,-9553.3,2459.9,6614.3,0
2026-04-09T12:41:50.582287+00:00,190.24,7.27,190.24,7.27,-105.7,432990469.1035065,-9554.0,2462.2,6614.8,0
2026-04-09T12:41:50.906421+00:00,190.25,7.24,190.25,7.24,-101.7,432990469.1035065,-9554.7,2464.4,6615.3,0
2026-04-09T12:41:51.234293+00:00,190.25,7.21,190.25,7.21,-104.7,432990469.1035065,-9555.4,2466.5,6615.8,0
2026-04-09T12:41:51.578351+00:00,190.26,7.19,190.26,7.19,-103.7,432990469.1035065,-9556.1,2468.8,6616.3,0
2026-04-09T12:41:51.906209+00:00,190.27,7.16,190.27,7.16,-109.7,432990469.1035065,-9556.8,2470.9,6616.8,0
2026-04-09T12:41:52.230288+00:00,190.27,7.13,190.27,7.13,-105.7,432990469.1035065,-9557.5,2473.1,6617.3,0
2026-04-09T12:41:52.577971+00:00,190.28,7.11,190.28,7.11,-109.7,432990469.1035065,-9558.2,2475.3,6617.7,0
2026-04-09T12:41:52.901948+00:00,190.28,7.08,190.28,7.08,-107.7,432990469.1035065,-9558.9,2477.6,6618.2,0
2026-04-09T12:41:53.231353+00:00,190.29,7.05,190.29,7.05,-107.7,432990469.1035065,-9559.6,2479.7,6618.7,0
2026-04-09T12:41:53.558069+00:00,190.29,7.03,190.29,7.03,-105.7,432990469.1035065,-9560.3,2481.8,6619.2,0
2026-04-09T12:41:53.901923+00:00,190.30,7.00,190.3,7.0,-103.7,432990469.1035065,-9561.0,2484.2,6619.7,0
2026-04-09T12:41:54.226980+00:00,190.30,6.97,190.3,6.97,-103.7,432990469.1035065,-9561.7,2486.3,6620.1,0
2026-04-09T12:41:54.553740+00:00,190.31,6.95,190.31,6.95,-101.7,432990469.1035065,-9562.4,2488.5,6620.6,0
2026-04-09T12:41:54.898317+00:00,190.32,6.92,190.32,6.92,-109.7,432990469.1035065,-9563.0,2490.6,6621.1,0
2026-04-09T12:41:55.227016+00:00,190.32,6.90,190.32,6.9,-103.7,432990469.1035065,-9563.7,2492.9,6621.6,0
2026-04-09T12:41:55.550002+00:00,190.33,6.87,190.33,6.87,-104.7,432990469.1035065,-9564.4,2495.1,6622.0,0
2026-04-09T12:41:55.897742+00:00,190.33,6.84,190.33,6.84,-101.7,432990469.1035065,-9565.0,2497.2,6622.5,0
2026-04-09T12:41:56.222313+00:00,190.34,6.82,190.34,6.82,-103.7,432990469.1035065,-9565.7,2499.5,6622.9,0
2026-04-09T12:41:56.550071+00:00,190.34,6.79,190.34,6.79,-106.7,432990469.1035065,-9566.4,2501.7,6623.4,0
2026-04-09T12:41:56.878000+00:00,190.35,6.76,190.35,6.76,-108.7,432990469.1035065,-9567.1,2503.9,6623.9,0
2026-04-09T12:41:57.220989+00:00,190.35,6.74,190.35,6.74,-110.7,432990469.1035065,-9567.7,2506.1,6624.3,0
2026-04-09T12:41:57.545058+00:00,190.36,6.71,190.36,6.71,-107.7,432990469.1035065,-9568.4,2508.3,6624.8,0
2026-04-09T12:41:57.869404+00:00,190.37,6.69,190.37,6.69,-107.7,432990469.1035065,-9569.0,2510.5,6625.2,0
2026-04-09T12:41:58.217971+00:00,190.37,6.66,190.37,6.66,-110.7,432990469.1035065,-9569.7,2512.6,6625.7,0
2026-04-09T12:41:58.536856+00:00,190.38,6.63,190.38,6.63,-109.7,432990469.1035065,-9570.3,2514.9,6626.1,0
2026-04-09T12:41:58.860885+00:00,190.38,6.61,190.38,6.61,-106.7,432990469.1035065,-9571.0,2517.0,6626.6,0
2026-04-09T12:41:59.184913+00:00,190.39,6.58,190.39,6.58,-106.7,432990469.1035065,-9571.6,2519.2,6627.0,0
2026-04-09T12:41:59.528878+00:00,190.39,6.56,190.39,6.56,-106.7,432990469.1035065,-9572.3,2521.5,6627.5,0
2026-04-09T12:41:59.852907+00:00,190.40,6.53,190.4,6.53,-107.7,432990469.1035065,-9572.9,2523.6,6627.9,0
2026-04-09T12:42:00.176826+00:00,190.40,6.51,190.4,6.51,-106.7,432990469.1035065,-9573.5,2525.8,6628.3,0
2026-04-09T12:42:00.520842+00:00,190.41,6.48,190.41,6.48,-106.7,432990469.1035065,-9574.1,2527.9,6628.7,0
2026-04-09T12:42:00.844939+00:00,190.41,6.45,190.41,6.45,-107.7,432990469.1035065,-9574.8,2530.2,6629.2,0
2026-04-09T12:42:01.168975+00:00,190.42,6.43,190.42,6.43,-108.7,432990469.1035065,-9575.4,2532.3,6629.6,0
2026-04-09T12:42:01.492857+00:00,190.43,6.40,190.43,6.4,-105.7,432990469.1035065,-9576.0,2534.4,6630.0,0
2026-04-09T12:42:01.838312+00:00,190.43,6.38,190.43,6.38,-109.7,432990469.1035065,-9576.6,2536.7,6630.5,0
2026-04-09T12:42:02.161560+00:00,190.44,6.35,190.44,6.35,-110.7,432990469.1035065,-9577.2,2538.9,6630.9,0
2026-04-09T12:42:02.487398+00:00,190.44,6.33,190.44,6.33,-107.7,432990469.1035065,-9577.8,2541.0,6631.3,0
2026-04-09T12:42:02.834287+00:00,190.45,6.30,190.45,6.3,-105.7,432990469.1035065,-9578.4,2543.2,6631.7,0
2026-04-09T12:42:03.156877+00:00,190.45,6.27,190.45,6.27,-104.7,432990469.1035065,-9579.1,2545.5,6632.2,0
2026-04-09T12:42:03.480841+00:00,190.46,6.25,190.46,6.25,-107.7,432990469.1035065,-9579.7,2547.6,6632.6,0
2026-04-09T12:42:03.804829+00:00,190.46,6.22,190.46,6.22,-107.7,432990469.1035065,-9580.2,2549.8,6633.0,0
2026-04-09T12:42:04.148867+00:00,190.47,6.20,190.47,6.2,-108.7,432990469.1035065,-9580.9,2552.1,6633.4,0
2026-04-09T12:42:04.492888+00:00,190.47,6.17,190.47,6.17,-109.7,432990418.75638765,-9581.5,2554.3,6633.9,0
2026-04-09T12:42:04.812995+00:00,190.48,6.15,190.48,6.15,-109.7,432990418.75638765,-9582.1,2556.5,6634.3,0
2026-04-09T12:42:05.160853+00:00,190.48,6.12,190.48,6.12,-107.7,432990418.75638765,-9582.7,2558.8,6634.7,0
2026-04-09T12:42:05.480851+00:00,190.49,6.10,190.49,6.1,-110.7,432990418.75638765,-9583.3,2560.9,6635.1,0
2026-04-09T12:42:05.804981+00:00,190.49,6.07,190.49,6.07,-107.7,432990418.75638765,-9583.8,2563.1,6635.5,0
2026-04-09T12:42:06.148931+00:00,190.50,6.05,190.5,6.05,-112.7,432990418.75638765,-9584.4,2565.2,6635.9,0
2026-04-09T12:42:06.472906+00:00,190.51,6.02,190.51,6.02,-106.7,432990418.75638765,-9585.0,2567.5,6636.3,0
2026-04-09T12:42:06.796825+00:00,190.51,6.00,190.51,6.0,-105.7,432990418.75638765,-9585.6,2569.6,6636.7,0
2026-04-09T12:42:07.120834+00:00,190.52,5.97,190.52,5.97,-103.7,432990418.75638765,-9586.1,2571.8,6637.1,0
2026-04-09T12:42:07.464950+00:00,190.52,5.95,190.52,5.95,-104.7,432990418.75638765,-9586.7,2574.1,6637.5,0
2026-04-09T12:42:07.784930+00:00,190.53,5.92,190.53,5.92,-109.7,432990418.75638765,-9587.3,2576.2,6637.9,0
2026-04-09T12:42:08.113524+00:00,190.53,5.90,190.53,5.9,-103.7,432990418.75638765,-9587.9,2578.4,6638.3,0
2026-04-09T12:42:08.462065+00:00,190.54,5.87,190.54,5.87,-105.7,432990418.75638765,-9588.4,2580.5,6638.7,0
2026-04-09T12:42:08.785624+00:00,190.54,5.85,190.54,5.85,-107.7,432990418.75638765,-9589.0,2582.8,6639.1,0
2026-04-09T12:42:09.113594+00:00,190.55,5.82,190.55,5.82,-105.7,432990418.75638765,-9589.6,2585.0,6639.4,0
2026-04-09T12:42:09.438415+00:00,190.55,5.80,190.55,5.8,-107.7,432990418.75638765,-9590.1,2587.1,6639.8,0
2026-04-09T12:42:09.780861+00:00,190.56,5.77,190.56,5.77,-107.7,432990418.75638765,-9590.7,2589.5,6640.2,0
2026-04-09T12:42:10.104839+00:00,190.56,5.75,190.56,5.75,-107.7,432990418.75638765,-9591.2,2591.6,6640.6,0
2026-04-09T12:42:10.428848+00:00,190.57,5.72,190.57,5.72,-106.7,432990418.75638765,-9591.8,2593.7,6641.0,0
2026-04-09T12:42:10.773518+00:00,190.57,5.70,190.57,5.7,-109.7,432990418.75638765,-9592.3,2595.9,6641.4,0
2026-04-09T12:42:11.096904+00:00,190.58,5.67,190.58,5.67,-104.7,432990418.75638765,-9592.9,2598.2,6641.7,0
2026-04-09T12:42:11.422369+00:00,190.58,5.65,190.58,5.65,-107.7,432990418.75638765,-9593.4,2600.3,6642.1,0
2026-04-09T12:42:11.772910+00:00,190.59,5.62,190.59,5.62,-108.7,432990418.75638765,-9594.0,2602.5,6642.5,0
2026-04-09T12:42:12.097586+00:00,190.59,5.60,190.59,5.6,-106.7,432990418.75638765,-9594.5,2604.8,6642.9,0
2026-04-09T12:42:12.420909+00:00,190.60,5.57,190.6,5.57,-102.7,432990418.75638765,-9595.1,2607.0,6643.3,0
2026-04-09T12:42:12.744841+00:00,190.60,5.55,190.6,5.55,-107.7,432990418.75638765,-9595.6,2609.1,6643.6,0
2026-04-09T12:42:13.088868+00:00,190.61,5.52,190.61,5.52,-109.7,432990418.75638765,-9596.1,2611.4,6644.0,0
2026-04-09T12:42:13.412972+00:00,190.61,5.50,190.61,5.5,-108.7,432990418.75638765,-9596.7,2613.6,6644.4,0
2026-04-09T12:42:13.732849+00:00,190.62,5.47,190.62,5.47,-105.7,432990418.75638765,-9597.2,2615.7,6644.7,0
2026-04-09T12:42:14.076831+00:00,190.62,5.45,190.62,5.45,-107.7,432990418.75638765,-9597.7,2617.9,6645.1,0
2026-04-09T12:42:14.400840+00:00,190.63,5.42,190.63,5.42,-107.7,432990418.75638765,-9598.2,2620.2,6645.4,0
2026-04-09T12:42:14.726424+00:00,190.63,5.40,190.63,5.4,-106.7,432990418.75638765,-9598.7,2622.3,6645.8,0
2026-04-09T12:42:15.054223+00:00,190.64,5.38,190.64,5.38,-113.7,432990418.75638765,-9599.2,2624.5,6646.1,0
2026-04-09T12:42:15.398405+00:00,190.64,5.35,190.64,5.35,-109.7,432990418.75638765,-9599.8,2626.8,6646.5,0
2026-04-09T12:42:15.726259+00:00,190.65,5.33,190.65,5.33,-108.7,432990418.75638765,-9600.3,2628.9,6646.9,0
2026-04-09T12:42:16.050253+00:00,190.65,5.30,190.65,5.3,-111.7,432990418.75638765,-9600.8,2631.1,6647.2,0
2026-04-09T12:42:16.397920+00:00,190.66,5.28,190.66,5.28,-107.7,432990418.75638765,-9601.3,2633.3,6647.6,0
2026-04-09T12:42:16.722220+00:00,190.66,5.25,190.66,5.25,-110.7,432990418.75638765,-9601.8,2635.6,6647.9,0
2026-04-09T12:42:17.046450+00:00,190.67,5.23,190.67,5.23,-108.7,432990418.75638765,-9602.3,2637.7,6648.3,0
2026-04-09T12:42:17.374233+00:00,190.67,5.21,190.67,5.21,-105.7,432990418.75638765,-9602.8,2639.9,6648.6,0
2026-04-09T12:42:17.722347+00:00,190.68,5.18,190.68,5.18,-107.7,432990418.75638765,-9603.3,2642.2,6649.0,0
2026-04-09T12:42:18.046439+00:00,190.68,5.16,190.68,5.16,-107.7,432990418.75638765,-9603.8,2644.4,6649.3,0
2026-04-09T12:42:18.375352+00:00,190.69,5.13,190.69,5.13,-105.7,432990418.75638765,-9604.3,2646.5,6649.7,0
2026-04-09T12:42:18.717901+00:00,190.69,5.11,190.69,5.11,-105.7,432990418.75638765,-9604.8,2648.8,6650.0,0
2026-04-09T12:42:19.047255+00:00,190.70,5.08,190.7,5.08,-110.7,432990418.75638765,-9605.3,2651.0,6650.4,0
2026-04-09T12:42:19.370419+00:00,190.70,5.06,190.7,5.06,-108.7,432990418.75638765,-9605.8,2653.2,6650.7,0
2026-04-09T12:42:19.717638+00:00,190.71,5.04,190.71,5.04,-109.7,432990418.75638765,-9606.3,2655.3,6651.0,0
2026-04-09T12:42:20.041566+00:00,190.71,5.01,190.71,5.01,-107.7,432990418.75638765,-9606.8,2657.7,6651.4,0
2026-04-09T12:42:20.369915+00:00,190.72,4.99,190.72,4.99,-107.7,432990418.75638765,-9607.3,2659.8,6651.7,0
2026-04-09T12:42:20.694259+00:00,190.72,4.96,190.72,4.96,-103.7,432990418.75638765,-9607.7,2662.0,6652.0,0
2026-04-09T12:42:21.041925+00:00,190.73,4.94,190.73,4.94,-105.7,432990418.75638765,-9608.2,2664.3,6652.4,0
2026-04-09T12:42:21.366130+00:00,190.73,4.91,190.73,4.91,-106.7,432990418.75638765,-9608.7,2666.5,6652.7,0
2026-04-09T12:42:21.690271+00:00,190.74,4.89,190.74,4.89,-105.7,432990418.75638765,-9609.2,2668.6,6653.0,0
2026-04-09T12:42:22.038290+00:00,190.74,4.87,190.74,4.87,-111.7,432990418.75638765,-9609.6,2670.8,6653.3,0
2026-04-09T12:42:22.364885+00:00,190.75,4.84,190.75,4.84,-107.7,432990418.75638765,-9610.1,2673.1,6653.7,0
2026-04-09T12:42:22.688839+00:00,190.75,4.82,190.75,4.82,-107.7,432990418.75638765,-9610.6,2675.2,6654.0,0
2026-04-09T12:42:23.008831+00:00,190.76,4.80,190.76,4.8,-108.7,432990418.75638765,-9611.0,2677.4,6654.3,0
2026-04-09T12:42:23.352866+00:00,190.76,4.77,190.76,4.77,-105.7,432990418.75638765,-9611.5,2679.7,6654.6,0
2026-04-09T12:42:23.676891+00:00,190.77,4.75,190.77,4.75,-105.7,432990418.75638765,-9612.0,2681.8,6654.9,0
2026-04-09T12:42:24.000845+00:00,190.77,4.72,190.77,4.72,-107.7,432990418.75638765,-9612.4,2684.0,6655.2,0
2026-04-09T12:42:24.344863+00:00,190.78,4.70,190.78,4.7,-109.7,432990418.75638765,-9612.8,2686.1,6655.6,0
2026-04-09T12:42:24.664822+00:00,190.78,4.68,190.78,4.68,-107.7,432990418.75638765,-9613.3,2688.4,6655.9,0
2026-04-09T12:42:24.989197+00:00,190.79,4.65,190.79,4.65,-108.7,432990418.75638765,-9613.7,2690.6,6656.2,0
2026-04-09T12:42:25.312960+00:00,190.79,4.63,190.79,4.63,-109.7,432990418.75638765,-9614.2,2692.7,6656.5,0
2026-04-09T12:42:25.656834+00:00,190.80,4.61,190.8,4.61,-109.7,432990418.75638765,-9614.6,2695.0,6656.8,0
2026-04-09T12:42:25.980880+00:00,190.80,4.58,190.8,4.58,-107.7,432990418.75638765,-9615.1,2697.2,6657.1,0
2026-04-09T12:42:26.304888+00:00,190.81,4.56,190.81,4.56,-107.7,432990418.75638765,-9615.5,2699.3,6657.4,0
2026-04-09T12:42:26.648849+00:00,190.81,4.54,190.81,4.54,-111.7,432990418.75638765,-9615.9,2701.5,6657.7,0
2026-04-09T12:42:26.973950+00:00,190.82,4.51,190.82,4.51,-106.7,432990418.75638765,-9616.4,2703.8,6658.0,0
2026-04-09T12:42:27.324667+00:00,190.82,4.49,190.82,4.49,-112.7,432990418.75638765,-9616.8,2705.9,6658.3,0
2026-04-09T12:42:27.673925+00:00,190.83,4.46,190.83,4.46,-106.7,432990418.75638765,-9617.3,2708.3,6658.6,0
2026-04-09T12:42:28.004459+00:00,190.83,4.44,190.83,4.44,-104.7,432990418.75638765,-9617.7,2710.6,6659.0,0
2026-04-09T12:42:28.326280+00:00,190.84,4.42,190.84,4.42,-106.7,432990418.75638765,-9618.2,2712.8,6659.2,0
2026-04-09T12:42:28.649946+00:00,190.84,4.39,190.84,4.39,-107.7,432990418.75638765,-9618.6,2714.9,6659.5,0
2026-04-09T12:42:28.998109+00:00,190.85,4.37,190.85,4.37,-106.7,432990418.75638765,-9619.0,2717.2,6659.8,0
2026-04-09T12:42:29.321668+00:00,190.85,4.35,190.85,4.35,-105.7,432990418.75638765,-9619.4,2719.4,6660.1,0
2026-04-09T12:42:29.654544+00:00,190.86,4.32,190.86,4.32,-109.7,432990418.75638765,-9619.9,2721.6,6660.4,0
2026-04-09T12:42:29.997617+00:00,190.86,4.30,190.86,4.3,-107.7,432990418.75638765,-9620.3,2723.9,6660.7,0
2026-04-09T12:42:30.325967+00:00,190.86,4.28,190.86,4.28,-105.7,432990418.75638765,-9620.7,2726.1,6661.0,0
2026-04-09T12:42:30.650240+00:00,190.87,4.25,190.87,4.25,-103.7,432990418.75638765,-9621.1,2728.3,6661.3,0
2026-04-09T12:42:30.998057+00:00,190.87,4.23,190.87,4.23,-104.7,432990418.75638765,-9621.5,2730.4,6661.6,0
2026-04-09T12:42:31.322088+00:00,190.88,4.21,190.88,4.21,-106.7,432990418.75638765,-9621.9,2732.7,6661.9,0
2026-04-09T12:42:31.649920+00:00,190.88,4.18,190.88,4.18,-107.7,432990418.75638765,-9622.3,2734.9,6662.1,0
2026-04-09T12:42:31.994303+00:00,190.89,4.16,190.89,4.16,-108.7,432990418.75638765,-9622.7,2737.1,6662.4,0
2026-04-09T12:42:32.326694+00:00,190.89,4.14,190.89,4.14,-107.7,432990418.75638765,-9623.2,2739.4,6662.7,0
2026-04-09T12:42:32.646314+00:00,190.90,4.11,190.9,4.11,-108.7,432990418.75638765,-9623.6,2741.6,6663.0,0
2026-04-09T12:42:32.973793+00:00,190.90,4.09,190.9,4.09,-106.7,432990418.75638765,-9624.0,2743.7,6663.3,0
2026-04-09T12:42:33.318755+00:00,190.91,4.07,190.91,4.07,-106.7,432990418.75638765,-9624.4,2746.0,6663.5,0
2026-04-09T12:42:33.642805+00:00,190.91,4.04,190.91,4.04,-107.7,432990418.75638765,-9624.8,2748.2,6663.8,0
2026-04-09T12:42:33.970201+00:00,190.92,4.02,190.92,4.02,-110.7,432990418.75638765,-9625.2,2750.4,6664.1,0
2026-04-09T12:42:34.315867+00:00,190.92,4.00,190.92,4.0,-106.7,432990418.75638765,-9625.5,2752.5,6664.3,0
2026-04-09T12:42:34.640849+00:00,190.93,3.98,190.93,3.98,-106.7,432990418.75638765,-9625.9,2754.9,6664.6,0
2026-04-09T12:42:34.964874+00:00,190.93,3.95,190.93,3.95,-103.7,432990418.75638765,-9626.3,2757.0,6664.9,0
2026-04-09T12:42:35.288863+00:00,190.93,3.93,190.93,3.93,-106.7,432990418.75638765,-9626.7,2759.2,6665.1,0
2026-04-09T12:42:35.632854+00:00,190.94,3.91,190.94,3.91,-107.7,432990418.75638765,-9627.1,2761.4,6665.4,0
2026-04-09T12:42:35.956896+00:00,190.94,3.88,190.94,3.88,-103.7,432990418.75638765,-9627.5,2763.6,6665.7,0
2026-04-09T12:42:36.276954+00:00,190.95,3.86,190.95,3.86,-103.7,432990418.75638765,-9627.8,2765.8,6665.9,0
2026-04-09T12:42:36.620829+00:00,190.95,3.84,190.95,3.84,-112.7,432990418.75638765,-9628.2,2767.9,6666.2,0
2026-04-09T12:42:36.944978+00:00,190.96,3.82,190.96,3.82,-109.7,432990418.75638765,-9628.6,2770.2,6666.5,0
2026-04-09T12:42:37.268889+00:00,190.96,3.79,190.96,3.79,-102.7,432990418.75638765,-9629.0,2772.4,6666.7,0
2026-04-09T12:42:37.596523+00:00,190.97,3.77,190.97,3.77,-107.7,432990418.75638765,-9629.3,2774.5,6667.0,0
2026-04-09T12:42:37.936909+00:00,190.97,3.75,190.97,3.75,-107.7,432990418.75638765,-9629.7,2776.8,6667.2,0
2026-04-09T12:42:38.260843+00:00,190.98,3.73,190.98,3.73,-107.7,432990418.75638765,-9630.1,2779.0,6667.5,0
2026-04-09T12:42:38.586204+00:00,190.98,3.71,190.98,3.71,-108.7,432990418.75638765,-9630.4,2781.1,6667.7,0
2026-04-09T12:42:38.933383+00:00,190.99,3.68,190.99,3.68,-103.7,432990418.75638765,-9630.8,2783.3,6668.0,0
2026-04-09T12:42:39.258243+00:00,190.99,3.66,190.99,3.66,-107.7,432990418.75638765,-9631.2,2785.6,6668.2,0
2026-04-09T12:42:39.605778+00:00,190.99,3.64,190.99,3.64,-104.7,432990368.6194305,-9631.5,2787.9,6668.5,0
2026-04-09T12:42:39.954311+00:00,191.00,3.61,191.0,3.61,-104.7,432990368.6194305,-9631.9,2790.1,6668.7,0
2026-04-09T12:42:40.277944+00:00,191.00,3.59,191.0,3.59,-105.7,432990368.6194305,-9632.3,2792.4,6669.0,0
2026-04-09T12:42:40.601524+00:00,191.01,3.57,191.01,3.57,-112.7,432990368.6194305,-9632.6,2794.6,6669.2,0
2026-04-09T12:42:40.930315+00:00,191.01,3.55,191.01,3.55,-105.7,432990368.6194305,-9633.0,2796.8,6669.5,0
2026-04-09T12:42:41.274376+00:00,191.02,3.52,191.02,3.52,-107.7,432990368.6194305,-9633.3,2799.1,6669.7,0
2026-04-09T12:42:41.606625+00:00,191.02,3.50,191.02,3.5,-103.7,432990368.6194305,-9633.7,2801.2,6670.0,0
2026-04-09T12:42:41.930630+00:00,191.03,3.48,191.03,3.48,-101.7,432990368.6194305,-9634.0,2803.4,6670.2,0
2026-04-09T12:42:42.272920+00:00,191.03,3.46,191.03,3.46,-109.7,432990368.6194305,-9634.4,2805.8,6670.5,0
2026-04-09T12:42:42.601171+00:00,191.04,3.43,191.04,3.43,-106.7,432990368.6194305,-9634.7,2807.9,6670.7,0
2026-04-09T12:42:42.921513+00:00,191.04,3.41,191.04,3.41,-107.7,432990368.6194305,-9635.0,2810.1,6670.9,0
2026-04-09T12:42:43.269636+00:00,191.04,3.39,191.04,3.39,-109.7,432990368.6194305,-9635.4,2812.2,6671.2,0
2026-04-09T12:42:43.592823+00:00,191.05,3.37,191.05,3.37,-109.7,432990368.6194305,-9635.7,2814.5,6671.4,0
2026-04-09T12:42:43.916925+00:00,191.05,3.35,191.05,3.35,-109.7,432990368.6194305,-9636.0,2816.7,6671.6,0
2026-04-09T12:42:44.240827+00:00,191.06,3.32,191.06,3.32,-107.7,432990368.6194305,-9636.4,2818.8,6671.8,0
2026-04-09T12:42:44.584827+00:00,191.06,3.30,191.06,3.3,-104.7,432990368.6194305,-9636.7,2821.2,6672.1,0
2026-04-09T12:42:44.904825+00:00,191.07,3.28,191.07,3.28,-107.7,432990368.6194305,-9637.0,2823.3,6672.3,0
2026-04-09T12:42:45.228849+00:00,191.07,3.26,191.07,3.26,-106.7,432990368.6194305,-9637.4,2825.5,6672.5,0
2026-04-09T12:42:45.572877+00:00,191.08,3.24,191.08,3.24,-112.7,432990368.6194305,-9637.7,2827.6,6672.8,0
2026-04-09T12:42:45.896847+00:00,191.08,3.21,191.08,3.21,-108.7,432990368.6194305,-9638.0,2829.9,6673.0,0
2026-04-09T12:42:46.220832+00:00,191.08,3.19,191.08,3.19,-109.7,432990368.6194305,-9638.3,2832.1,6673.2,0
2026-04-09T12:42:46.544862+00:00,191.09,3.17,191.09,3.17,-106.7,432990368.6194305,-9638.6,2834.2,6673.4,0
2026-04-09T12:42:46.888813+00:00,191.09,3.15,191.09,3.15,-103.7,432990368.6194305,-9639.0,2836.5,6673.6,0
2026-04-09T12:42:47.213897+00:00,191.10,3.13,191.1,3.13,-107.7,432990368.6194305,-9639.3,2838.7,6673.9,0
2026-04-09T12:42:47.537925+00:00,191.10,3.10,191.1,3.1,-106.7,432990368.6194305,-9639.6,2840.9,6674.1,0
2026-04-09T12:42:47.881436+00:00,191.11,3.08,191.11,3.08,-110.7,432990368.6194305,-9639.9,2843.0,6674.3,0
2026-04-09T12:42:48.205313+00:00,191.11,3.06,191.11,3.06,-114.7,432990368.6194305,-9640.2,2845.3,6674.5,0
2026-04-09T12:42:48.528961+00:00,191.12,3.04,191.12,3.04,-109.7,432990368.6194305,-9640.5,2847.5,6674.7,0
2026-04-09T12:42:48.852893+00:00,191.12,3.02,191.12,3.02,-110.7,432990368.6194305,-9640.8,2849.7,6674.9,0
2026-04-09T12:42:49.196923+00:00,191.12,3.00,191.12,3.0,-109.7,432990368.6194305,-9641.1,2852.0,6675.1,0
2026-04-09T12:42:49.520928+00:00,191.13,2.97,191.13,2.97,-107.7,432990368.6194305,-9641.4,2854.1,6675.4,0
2026-04-09T12:42:49.845607+00:00,191.13,2.95,191.13,2.95,-108.7,432990368.6194305,-9641.7,2856.3,6675.6,0
2026-04-09T12:42:50.188883+00:00,191.14,2.93,191.14,2.93,-112.7,432990368.6194305,-9642.0,2858.4,6675.8,0
2026-04-09T12:42:50.516887+00:00,191.14,2.91,191.14,2.91,-109.7,432990368.6194305,-9642.3,2860.7,6676.0,0
2026-04-09T12:42:50.840865+00:00,191.15,2.89,191.15,2.89,-108.7,432990368.6194305,-9642.6,2862.9,6676.2,0
2026-04-09T12:42:51.165977+00:00,191.15,2.87,191.15,2.87,-107.7,432990368.6194305,-9642.9,2865.1,6676.4,0
2026-04-09T12:42:51.507821+00:00,191.15,2.85,191.15,2.85,-112.7,432990368.6194305,-9643.2,2867.4,6676.6,0
2026-04-09T12:42:51.833252+00:00,191.16,2.82,191.16,2.82,-113.7,432990368.6194305,-9643.5,2869.5,6676.8,0
2026-04-09T12:42:52.156872+00:00,191.16,2.80,191.16,2.8,-112.7,432990368.6194305,-9643.8,2871.7,6677.0,0
2026-04-09T12:42:52.500918+00:00,191.17,2.78,191.17,2.78,-111.7,432990368.6194305,-9644.1,2873.8,6677.2,0
2026-04-09T12:42:52.828359+00:00,191.17,2.76,191.17,2.76,-111.7,432990368.6194305,-9644.4,2876.1,6677.4,0
2026-04-09T12:42:53.148140+00:00,191.18,2.74,191.18,2.74,-110.7,432990368.6194305,-9644.6,2878.3,6677.6,0
2026-04-09T12:42:53.472975+00:00,191.18,2.72,191.18,2.72,-107.7,432990368.6194305,-9644.9,2880.5,6677.8,0
2026-04-09T12:42:53.821432+00:00,191.18,2.70,191.18,2.7,-108.7,432990368.6194305,-9645.2,2882.8,6678.0,0
2026-04-09T12:42:54.149118+00:00,191.19,2.67,191.19,2.67,-109.7,432990368.6194305,-9645.5,2885.0,6678.2,0
2026-04-09T12:42:54.472951+00:00,191.19,2.65,191.19,2.65,-107.7,432990368.6194305,-9645.8,2887.2,6678.4,0
2026-04-09T12:42:54.821454+00:00,191.20,2.63,191.2,2.63,-108.7,432990368.6194305,-9646.0,2889.3,6678.5,0
2026-04-09T12:42:55.144920+00:00,191.20,2.61,191.2,2.61,-112.7,432990368.6194305,-9646.3,2891.7,6678.7,0
2026-04-09T12:42:55.468867+00:00,191.21,2.59,191.21,2.59,-107.7,432990368.6194305,-9646.6,2893.8,6678.9,0
2026-04-09T12:42:55.788853+00:00,191.21,2.57,191.21,2.57,-109.7,432990368.6194305,-9646.8,2896.0,6679.1,0
2026-04-09T12:42:56.136942+00:00,191.21,2.55,191.21,2.55,-107.7,432990368.6194305,-9647.1,2898.3,6679.3,0
2026-04-09T12:42:56.461034+00:00,191.22,2.53,191.22,2.53,-109.7,432990368.6194305,-9647.4,2900.4,6679.5,0
2026-04-09T12:42:56.781192+00:00,191.22,2.51,191.22,2.51,-110.7,432990368.6194305,-9647.6,2902.6,6679.7,0
2026-04-09T12:42:57.128897+00:00,191.23,2.49,191.23,2.49,-107.7,432990368.6194305,-9647.9,2904.8,6679.8,0
2026-04-09T12:42:57.454677+00:00,191.23,2.46,191.23,2.46,-109.7,432990368.6194305,-9648.2,2907.0,6680.0,0
2026-04-09T12:42:57.776934+00:00,191.24,2.44,191.24,2.44,-106.7,432990368.6194305,-9648.4,2909.2,6680.2,0
2026-04-09T12:42:58.104726+00:00,191.24,2.42,191.24,2.42,-109.7,432990368.6194305,-9648.7,2911.4,6680.4,0
2026-04-09T12:42:58.444895+00:00,191.24,2.40,191.24,2.4,-110.7,432990368.6194305,-9648.9,2913.7,6680.6,0
2026-04-09T12:42:58.768896+00:00,191.25,2.38,191.25,2.38,-107.7,432990368.6194305,-9649.2,2915.8,6680.7,0
2026-04-09T12:42:59.092884+00:00,191.25,2.36,191.25,2.36,-112.7,432990368.6194305,-9649.4,2918.0,6680.9,0
2026-04-09T12:42:59.437034+00:00,191.26,2.34,191.26,2.34,-110.7,432990368.6194305,-9649.7,2920.2,6681.1,0
2026-04-09T12:42:59.760867+00:00,191.26,2.32,191.26,2.32,-112.7,432990368.6194305,-9649.9,2922.5,6681.3,0
2026-04-09T12:43:00.086036+00:00,191.26,2.30,191.26,2.3,-109.7,432990368.6194305,-9650.2,2924.6,6681.4,0
2026-04-09T12:43:00.404910+00:00,191.27,2.28,191.27,2.28,-112.7,432990368.6194305,-9650.4,2926.8,6681.6,0
2026-04-09T12:43:00.752873+00:00,191.27,2.26,191.27,2.26,-113.7,432990368.6194305,-9650.7,2929.1,6681.8,0
2026-04-09T12:43:01.076887+00:00,191.28,2.24,191.28,2.24,-113.7,432990368.6194305,-9650.9,2931.3,6681.9,0
2026-04-09T12:43:01.400960+00:00,191.28,2.22,191.28,2.22,-108.7,432990368.6194305,-9651.2,2933.4,6682.1,0
2026-04-09T12:43:01.744836+00:00,191.29,2.20,191.29,2.2,-109.7,432990368.6194305,-9651.4,2935.6,6682.3,0
2026-04-09T12:43:02.068848+00:00,191.29,2.17,191.29,2.17,-110.7,432990368.6194305,-9651.6,2937.9,6682.4,0
2026-04-09T12:43:02.392835+00:00,191.29,2.15,191.29,2.15,-104.7,432990368.6194305,-9651.9,2940.1,6682.6,0
2026-04-09T12:43:02.717976+00:00,191.30,2.13,191.3,2.13,-111.7,432990368.6194305,-9652.1,2942.2,6682.7,0
2026-04-09T12:43:03.060849+00:00,191.30,2.11,191.3,2.11,-109.7,432990368.6194305,-9652.4,2944.5,6682.9,0
2026-04-09T12:43:03.381304+00:00,191.31,2.09,191.31,2.09,-109.7,432990368.6194305,-9652.6,2946.7,6683.1,0
2026-04-09T12:43:03.711066+00:00,191.31,2.07,191.31,2.07,-107.7,432990368.6194305,-9652.8,2948.9,6683.2,0
2026-04-09T12:43:04.052935+00:00,191.31,2.05,191.31,2.05,-111.7,432990368.6194305,-9653.0,2951.0,6683.4,0
2026-04-09T12:43:04.376943+00:00,191.32,2.03,191.32,2.03,-112.7,432990368.6194305,-9653.3,2953.3,6683.5,0
2026-04-09T12:43:04.697389+00:00,191.32,2.01,191.32,2.01,-105.7,432990368.6194305,-9653.5,2955.5,6683.7,0
2026-04-09T12:43:05.020988+00:00,191.33,1.99,191.33,1.99,-104.7,432990368.6194305,-9653.7,2957.7,6683.9,0
2026-04-09T12:43:05.364839+00:00,191.33,1.97,191.33,1.97,-107.7,432990368.6194305,-9653.9,2959.9,6684.0,0
2026-04-09T12:43:05.688828+00:00,191.33,1.95,191.33,1.95,-109.7,432990368.6194305,-9654.2,2962.1,6684.2,0
2026-04-09T12:43:06.012852+00:00,191.34,1.93,191.34,1.93,-104.7,432990368.6194305,-9654.4,2964.3,6684.3,0
2026-04-09T12:43:06.357481+00:00,191.34,1.91,191.34,1.91,-109.7,432990368.6194305,-9654.6,2966.4,6684.5,0
2026-04-09T12:43:06.680841+00:00,191.35,1.89,191.35,1.89,-110.7,432990368.6194305,-9654.8,2968.7,6684.6,0
2026-04-09T12:43:07.004922+00:00,191.35,1.87,191.35,1.87,-108.7,432990368.6194305,-9655.0,2970.9,6684.8,0
2026-04-09T12:43:07.328832+00:00,191.36,1.85,191.36,1.85,-109.7,432990368.6194305,-9655.2,2973.0,6684.9,0
2026-04-09T12:43:07.678408+00:00,191.36,1.83,191.36,1.83,-107.7,432990368.6194305,-9655.4,2975.4,6685.1,0
2026-04-09T12:43:07.990189+00:00,191.36,1.81,191.36,1.81,-109.7,432990368.6194305,-9655.7,2977.5,6685.2,0
2026-04-09T12:43:08.313762+00:00,191.37,1.79,191.37,1.79,-108.7,432990368.6194305,-9655.8,2979.6,6685.3,0
2026-04-09T12:43:08.656852+00:00,191.37,1.77,191.37,1.77,-111.7,432990368.6194305,-9656.1,2981.8,6685.5,0
2026-04-09T12:43:08.984870+00:00,191.38,1.75,191.38,1.75,-107.7,432990368.6194305,-9656.3,2984.1,6685.6,0
2026-04-09T12:43:09.308949+00:00,191.38,1.73,191.38,1.73,-108.7,432990368.6194305,-9656.5,2986.3,6685.8,0
2026-04-09T12:43:09.629425+00:00,191.38,1.71,191.38,1.71,-107.7,432990368.6194305,-9656.7,2988.4,6685.9,0
2026-04-09T12:43:09.976927+00:00,191.39,1.69,191.39,1.69,-106.7,432990368.6194305,-9656.9,2990.8,6686.0,0
2026-04-09T12:43:10.301952+00:00,191.39,1.67,191.39,1.67,-104.7,432990368.6194305,-9657.1,2992.9,6686.2,0
2026-04-09T12:43:10.620822+00:00,191.40,1.65,191.4,1.65,-110.7,432990368.6194305,-9657.3,2995.1,6686.3,0
2026-04-09T12:43:10.964860+00:00,191.40,1.63,191.4,1.63,-109.7,432990368.6194305,-9657.5,2997.3,6686.4,0
2026-04-09T12:43:11.291928+00:00,191.40,1.61,191.4,1.61,-103.7,432990368.6194305,-9657.7,2999.6,6686.6,0
2026-04-09T12:43:11.612831+00:00,191.41,1.59,191.41,1.59,-104.7,432990368.6194305,-9657.8,3001.7,6686.7,0
2026-04-09T12:43:11.936911+00:00,191.41,1.57,191.41,1.57,-108.7,432990368.6194305,-9658.0,3003.9,6686.8,0
2026-04-09T12:43:12.280859+00:00,191.42,1.55,191.42,1.55,-109.7,432990368.6194305,-9658.2,3006.2,6687.0,0
2026-04-09T12:43:12.604846+00:00,191.42,1.53,191.42,1.53,-105.7,432990368.6194305,-9658.4,3008.3,6687.1,0
2026-04-09T12:43:12.930007+00:00,191.42,1.51,191.42,1.51,-106.7,432990368.6194305,-9658.6,3010.5,6687.2,0
2026-04-09T12:43:13.277900+00:00,191.43,1.49,191.43,1.49,-109.7,432990368.6194305,-9658.8,3012.7,6687.4,0
2026-04-09T12:43:13.601951+00:00,191.43,1.47,191.43,1.47,-106.7,432990368.6194305,-9659.0,3015.0,6687.5,0
2026-04-09T12:43:13.929935+00:00,191.44,1.45,191.44,1.45,-108.7,432990368.6194305,-9659.2,3017.2,6687.6,0
2026-04-09T12:43:14.254445+00:00,191.44,1.44,191.44,1.44,-103.7,432990368.6194305,-9659.3,3019.4,6687.7,0
2026-04-09T12:43:14.603060+00:00,191.44,1.42,191.44,1.42,-107.7,432990368.6194305,-9659.5,3021.7,6687.9,0
2026-04-09T12:43:14.926274+00:00,191.45,1.40,191.45,1.4,-105.7,432990368.6194305,-9659.7,3023.9,6688.0,0
2026-04-09T12:43:15.254242+00:00,191.45,1.38,191.45,1.38,-108.7,432990368.6194305,-9659.9,3026.0,6688.1,0
2026-04-09T12:43:15.598308+00:00,191.46,1.36,191.46,1.36,-105.7,432990368.6194305,-9660.1,3028.4,6688.2,0
2026-04-09T12:43:15.925981+00:00,191.46,1.34,191.46,1.34,-103.7,432990368.6194305,-9660.2,3030.5,6688.4,0
2026-04-09T12:43:16.250211+00:00,191.46,1.32,191.46,1.32,-106.7,432990368.6194305,-9660.4,3032.7,6688.5,0
2026-04-09T12:43:16.597933+00:00,191.47,1.30,191.47,1.3,-108.7,432990368.6194305,-9660.6,3034.9,6688.6,0
2026-04-09T12:43:16.921961+00:00,191.47,1.28,191.47,1.28,-105.7,432990368.6194305,-9660.7,3037.2,6688.7,0
2026-04-09T12:43:17.244834+00:00,191.47,1.26,191.47,1.26,-106.7,432990368.6194305,-9660.9,3039.4,6688.8,0
2026-04-09T12:43:17.572833+00:00,191.48,1.24,191.48,1.24,-106.7,432990368.6194305,-9661.1,3041.6,6688.9,0
2026-04-09T12:43:17.912903+00:00,191.48,1.22,191.48,1.22,-107.7,432990368.6194305,-9661.2,3043.9,6689.1,0
2026-04-09T12:43:18.236832+00:00,191.49,1.20,191.49,1.2,-109.7,432990368.6194305,-9661.4,3046.0,6689.2,0
2026-04-09T12:43:18.560881+00:00,191.49,1.18,191.49,1.18,-103.7,432990368.6194305,-9661.6,3048.2,6689.3,0
2026-04-09T12:43:18.905315+00:00,191.49,1.17,191.49,1.17,-112.7,432990368.6194305,-9661.7,3050.3,6689.4,0
2026-04-09T12:43:19.232967+00:00,191.50,1.15,191.5,1.15,-107.7,432990368.6194305,-9661.9,3052.7,6689.5,0
2026-04-09T12:43:19.552990+00:00,191.50,1.13,191.5,1.13,-106.7,432990368.6194305,-9662.0,3054.8,6689.6,0
2026-04-09T12:43:19.876858+00:00,191.51,1.11,191.51,1.11,-105.7,432990368.6194305,-9662.2,3057.0,6689.7,0
2026-04-09T12:43:20.220829+00:00,191.51,1.09,191.51,1.09,-103.7,432990368.6194305,-9662.3,3059.3,6689.8,0
2026-04-09T12:43:20.544850+00:00,191.51,1.07,191.51,1.07,-107.7,432990368.6194305,-9662.5,3061.5,6689.9,0
2026-04-09T12:43:20.868989+00:00,191.52,1.05,191.52,1.05,-107.7,432990368.6194305,-9662.6,3063.6,6690.0,0
2026-04-09T12:43:21.212830+00:00,191.52,1.03,191.52,1.03,-107.7,432990368.6194305,-9662.8,3065.8,6690.1,0
2026-04-09T12:43:21.536912+00:00,191.53,1.01,191.53,1.01,-106.7,432990368.6194305,-9662.9,3068.1,6690.2,0
2026-04-09T12:43:21.860912+00:00,191.53,1.00,191.53,1.0,-109.7,432990368.6194305,-9663.1,3070.2,6690.3,0
2026-04-09T12:43:22.185512+00:00,191.53,0.98,191.53,0.98,-105.7,432990368.6194305,-9663.2,3072.4,6690.4,0
2026-04-09T12:43:22.533854+00:00,191.54,0.96,191.54,0.96,-107.7,432990368.6194305,-9663.4,3074.7,6690.6,0
2026-04-09T12:43:22.858941+00:00,191.54,0.94,191.54,0.94,-105.7,432990368.6194305,-9663.5,3076.9,6690.7,0
2026-04-09T12:43:23.187008+00:00,191.54,0.92,191.54,0.92,-106.7,432990368.6194305,-9663.7,3079.1,6690.7,0
2026-04-09T12:43:23.529525+00:00,191.55,0.90,191.55,0.9,-104.7,432990368.6194305,-9663.8,3081.4,6690.8,0
2026-04-09T12:43:23.857498+00:00,191.55,0.88,191.55,0.88,-106.7,432990368.6194305,-9663.9,3083.6,6690.9,0
2026-04-09T12:43:24.182263+00:00,191.56,0.87,191.56,0.87,-110.7,432990368.6194305,-9664.1,3085.7,6691.0,0
2026-04-09T12:43:24.531430+00:00,191.56,0.85,191.56,0.85,-107.7,432990368.6194305,-9664.2,3087.9,6691.1,0
2026-04-09T12:43:24.853985+00:00,191.56,0.83,191.56,0.83,-106.7,432990368.6194305,-9664.4,3090.2,6691.2,0
2026-04-09T12:43:25.177864+00:00,191.57,0.81,191.57,0.81,-107.7,432990368.6194305,-9664.5,3092.4,6691.3,0
2026-04-09T12:43:25.505849+00:00,191.57,0.79,191.57,0.79,-106.7,432990368.6194305,-9664.6,3094.6,6691.4,0
2026-04-09T12:43:25.850301+00:00,191.58,0.77,191.58,0.77,-105.7,432990368.6194305,-9664.8,3096.9,6691.5,0
2026-04-09T12:43:26.178303+00:00,191.58,0.75,191.58,0.75,-109.7,432990368.6194305,-9664.9,3099.1,6691.6,0
2026-04-09T12:43:26.503192+00:00,191.58,0.74,191.58,0.74,-105.7,432990368.6194305,-9665.0,3101.3,6691.7,0
2026-04-09T12:43:26.850040+00:00,191.59,0.72,191.59,0.72,-109.7,432990368.6194305,-9665.1,3103.5,6691.8,0
2026-04-09T12:43:27.178156+00:00,191.59,0.70,191.59,0.7,-108.7,432990368.6194305,-9665.3,3105.8,6691.9,0
2026-04-09T12:43:27.501221+00:00,191.59,0.68,191.59,0.68,-104.7,432990368.6194305,-9665.4,3108.0,6691.9,0
2026-04-09T12:43:27.844845+00:00,191.60,0.66,191.6,0.66,-107.7,432990368.6194305,-9665.5,3110.2,6692.0,0
2026-04-09T12:43:28.168830+00:00,191.60,0.64,191.6,0.64,-104.7,432990368.6194305,-9665.6,3112.5,6692.1,0
2026-04-09T12:43:28.492865+00:00,191.61,0.63,191.61,0.63,-106.7,432990368.6194305,-9665.8,3114.6,6692.2,0
2026-04-09T12:43:28.816874+00:00,191.61,0.61,191.61,0.61,-107.7,432990368.6194305,-9665.9,3116.8,6692.3,0
2026-04-09T12:43:29.160858+00:00,191.61,0.59,191.61,0.59,-109.7,432990368.6194305,-9666.0,3119.1,6692.4,0
2026-04-09T12:43:29.484835+00:00,191.62,0.57,191.62,0.57,-106.7,432990368.6194305,-9666.1,3121.3,6692.4,0
2026-04-09T12:43:29.808833+00:00,191.62,0.56,191.62,0.56,-103.7,432990368.6194305,-9666.2,3123.4,6692.5,0
2026-04-09T12:43:30.152868+00:00,191.62,0.54,191.62,0.54,-107.7,432990368.6194305,-9666.3,3125.6,6692.6,0
2026-04-09T12:43:30.476952+00:00,191.63,0.52,191.63,0.52,-106.7,432990368.6194305,-9666.4,3127.9,6692.7,0
2026-04-09T12:43:30.801083+00:00,191.63,0.50,191.63,0.5,-108.7,432990368.6194305,-9666.5,3130.1,6692.7,0
2026-04-09T12:43:31.125522+00:00,191.64,0.49,191.64,0.49,-106.7,432990368.6194305,-9666.7,3132.2,6692.8,0
2026-04-09T12:43:31.468834+00:00,191.64,0.47,191.64,0.47,-109.7,432990368.6194305,-9666.8,3134.5,6692.9,0
2026-04-09T12:43:31.792835+00:00,191.64,0.45,191.64,0.45,-106.7,432990368.6194305,-9666.9,3136.7,6693.0,0
2026-04-09T12:43:32.117984+00:00,191.65,0.43,191.65,0.43,-110.7,432990368.6194305,-9667.0,3138.9,6693.0,0
2026-04-09T12:43:32.461701+00:00,191.65,0.41,191.65,0.41,-103.7,432990368.6194305,-9667.1,3141.0,6693.1,0
2026-04-09T12:43:32.785911+00:00,191.65,0.40,191.65,0.4,-103.7,432990368.6194305,-9667.2,3143.4,6693.2,0
2026-04-09T12:43:33.113717+00:00,191.66,0.38,191.66,0.38,-107.7,432990368.6194305,-9667.3,3145.5,6693.3,0
2026-04-09T12:43:33.461969+00:00,191.66,0.36,191.66,0.36,-107.7,432990368.6194305,-9667.4,3147.7,6693.3,0
2026-04-09T12:43:33.786248+00:00,191.67,0.34,191.67,0.34,-110.7,432990368.6194305,-9667.5,3150.0,6693.4,0
2026-04-09T12:43:34.116651+00:00,191.67,0.33,191.67,0.33,-107.7,432990368.6194305,-9667.6,3152.2,6693.5,0
2026-04-09T12:43:34.433467+00:00,191.67,0.31,191.67,0.31,-108.7,432990368.6194305,-9667.7,3154.4,6693.5,0
2026-04-09T12:43:34.782128+00:00,191.68,0.29,191.68,0.29,-107.7,432990368.6194305,-9667.8,3156.7,6693.6,0
2026-04-09T12:43:35.100850+00:00,191.68,0.27,191.68,0.27,-106.7,432990368.6194305,-9667.9,3158.9,6693.7,0
2026-04-09T12:43:35.424853+00:00,191.68,0.26,191.68,0.26,-105.7,432990368.6194305,-9668.0,3161.0,6693.7,0
2026-04-09T12:43:35.768833+00:00,191.69,0.24,191.69,0.24,-111.7,432990368.6194305,-9668.0,3163.2,6693.8,0
2026-04-09T12:43:36.092892+00:00,191.69,0.22,191.69,0.22,-105.7,432990368.6194305,-9668.1,3165.5,6693.8,0
2026-04-09T12:43:36.416867+00:00,191.69,0.21,191.69,0.21,-105.7,432990368.6194305,-9668.2,3167.7,6693.9,0
2026-04-09T12:43:36.740829+00:00,191.70,0.19,191.7,0.19,-106.7,432990368.6194305,-9668.3,3169.8,6694.0,0
2026-04-09T12:43:37.084836+00:00,191.70,0.17,191.7,0.17,-107.7,432990368.6194305,-9668.4,3172.1,6694.0,0
2026-04-09T12:43:37.408940+00:00,191.71,0.15,191.71,0.15,-105.7,432990368.6194305,-9668.5,3174.3,6694.1,0
2026-04-09T12:43:37.732859+00:00,191.71,0.14,191.71,0.14,-110.7,432990368.6194305,-9668.6,3176.5,6694.1,0
2026-04-09T12:43:38.081040+00:00,191.71,0.12,191.71,0.12,-109.7,432990368.6194305,-9668.6,3178.7,6694.2,0
2026-04-09T12:43:38.400934+00:00,191.72,0.10,191.72,0.1,-110.7,432990368.6194305,-9668.7,3180.9,6694.2,0
2026-04-09T12:43:38.724877+00:00,191.72,0.09,191.72,0.09,-107.7,432990368.6194305,-9668.8,3183.1,6694.3,0
2026-04-09T12:43:39.050314+00:00,191.72,0.07,191.72,0.07,-112.7,432990368.6194305,-9668.9,3185.3,6694.4,0
2026-04-09T12:43:39.419245+00:00,191.73,0.05,191.73,0.05,-104.7,432990368.6194305,-9669.0,3187.7,6694.4,0
2026-04-09T12:43:39.742365+00:00,191.73,0.04,191.73,0.04,-103.7,432990368.6194305,-9669.0,3189.9,6694.5,0
2026-04-09T12:43:40.069737+00:00,191.73,0.02,191.73,0.02,-107.7,432990368.6194305,-9669.1,3192.1,6694.5,0
2026-04-09T12:43:40.419061+00:00,191.74,0.00,191.74,0.0,-106.7,432990368.6194305,-9669.2,3194.4,6694.6,0
